model,img_size,batch_size,precision,avg_time_ms,oom,gpu,vram_gb,cleanup
beit_large_patch16_224,64,16,bf16,59.27116775512695,False,NVIDIA_GeForce_RTX_3070_Ti,8,
beit_large_patch16_224,64,16,fp16,59.25990295410156,False,NVIDIA_GeForce_RTX_3070_Ti,8,
beit_large_patch16_224,64,16,fp32,82.1032943725586,False,NVIDIA_GeForce_RTX_3070_Ti,8,
beit_large_patch16_224,64,32,bf16,77.55213165283203,False,NVIDIA_GeForce_RTX_3070_Ti,8,
beit_large_patch16_224,64,32,fp16,78.72767639160156,False,NVIDIA_GeForce_RTX_3070_Ti,8,
beit_large_patch16_224,64,32,fp32,125.58541107177734,False,NVIDIA_GeForce_RTX_3070_Ti,8,
beit_large_patch16_224,64,64,bf16,107.43961334228516,False,NVIDIA_GeForce_RTX_3070_Ti,8,
beit_large_patch16_224,64,64,fp16,105.3460464477539,False,NVIDIA_GeForce_RTX_3070_Ti,8,
beit_large_patch16_224,64,64,fp32,209.37062072753903,False,NVIDIA_GeForce_RTX_3070_Ti,8,
beit_large_patch16_224,128,16,bf16,107.92345428466795,False,NVIDIA_GeForce_RTX_3070_Ti,8,
beit_large_patch16_224,128,16,fp16,106.06233978271484,False,NVIDIA_GeForce_RTX_3070_Ti,8,
beit_large_patch16_224,128,16,fp32,210.5523223876953,False,NVIDIA_GeForce_RTX_3070_Ti,8,
beit_large_patch16_224,128,32,bf16,,True,NVIDIA_GeForce_RTX_3070_Ti,8,
beit_large_patch16_224,128,32,fp16,,True,NVIDIA_GeForce_RTX_3070_Ti,8,
beit_large_patch16_224,128,32,fp32,,True,NVIDIA_GeForce_RTX_3070_Ti,8,
beit_large_patch16_224,128,64,bf16,,True,NVIDIA_GeForce_RTX_3070_Ti,8,
beit_large_patch16_224,128,64,fp16,,True,NVIDIA_GeForce_RTX_3070_Ti,8,
beit_large_patch16_224,128,64,fp32,,True,NVIDIA_GeForce_RTX_3070_Ti,8,
beit_large_patch16_224,224,16,bf16,,True,NVIDIA_GeForce_RTX_3070_Ti,8,
beit_large_patch16_224,224,16,fp16,,True,NVIDIA_GeForce_RTX_3070_Ti,8,
beit_large_patch16_224,224,16,fp32,,True,NVIDIA_GeForce_RTX_3070_Ti,8,
beit_large_patch16_224,224,32,bf16,,True,NVIDIA_GeForce_RTX_3070_Ti,8,
beit_large_patch16_224,224,32,fp16,,True,NVIDIA_GeForce_RTX_3070_Ti,8,
beit_large_patch16_224,224,32,fp32,,True,NVIDIA_GeForce_RTX_3070_Ti,8,
beit_large_patch16_224,224,64,bf16,,True,NVIDIA_GeForce_RTX_3070_Ti,8,
beit_large_patch16_224,224,64,fp16,,True,NVIDIA_GeForce_RTX_3070_Ti,8,
beit_large_patch16_224,224,64,fp32,,True,NVIDIA_GeForce_RTX_3070_Ti,8,
coatnet_0_rw_224,64,16,bf16,9.10489559173584,False,NVIDIA_GeForce_RTX_3070_Ti,8,
coatnet_0_rw_224,64,16,fp16,8.565759658813477,False,NVIDIA_GeForce_RTX_3070_Ti,8,
coatnet_0_rw_224,64,16,fp32,11.159040451049805,False,NVIDIA_GeForce_RTX_3070_Ti,8,
coatnet_0_rw_224,64,32,bf16,13.080575942993164,False,NVIDIA_GeForce_RTX_3070_Ti,8,
coatnet_0_rw_224,64,32,fp16,12.07859230041504,False,NVIDIA_GeForce_RTX_3070_Ti,8,
coatnet_0_rw_224,64,32,fp32,16.998912811279297,False,NVIDIA_GeForce_RTX_3070_Ti,8,
coatnet_0_rw_224,64,64,bf16,20.03455924987793,False,NVIDIA_GeForce_RTX_3070_Ti,8,
coatnet_0_rw_224,64,64,fp16,17.39366340637207,False,NVIDIA_GeForce_RTX_3070_Ti,8,
coatnet_0_rw_224,64,64,fp32,29.4149112701416,False,NVIDIA_GeForce_RTX_3070_Ti,8,
coatnet_0_rw_224,128,16,bf16,19.11756706237793,False,NVIDIA_GeForce_RTX_3070_Ti,8,
coatnet_0_rw_224,128,16,fp16,16.57036781311035,False,NVIDIA_GeForce_RTX_3070_Ti,8,
coatnet_0_rw_224,128,16,fp32,25.9998722076416,False,NVIDIA_GeForce_RTX_3070_Ti,8,
coatnet_0_rw_224,128,32,bf16,32.51251220703125,False,NVIDIA_GeForce_RTX_3070_Ti,8,
coatnet_0_rw_224,128,32,fp16,28.15897560119629,False,NVIDIA_GeForce_RTX_3070_Ti,8,
coatnet_0_rw_224,128,32,fp32,47.592960357666016,False,NVIDIA_GeForce_RTX_3070_Ti,8,
coatnet_0_rw_224,128,64,bf16,59.59116744995117,False,NVIDIA_GeForce_RTX_3070_Ti,8,
coatnet_0_rw_224,128,64,fp16,51.46828842163086,False,NVIDIA_GeForce_RTX_3070_Ti,8,
coatnet_0_rw_224,128,64,fp32,90.80934143066406,False,NVIDIA_GeForce_RTX_3070_Ti,8,
coatnet_0_rw_224,224,16,bf16,52.05708694458008,False,NVIDIA_GeForce_RTX_3070_Ti,8,
coatnet_0_rw_224,224,16,fp16,46.011905670166016,False,NVIDIA_GeForce_RTX_3070_Ti,8,
coatnet_0_rw_224,224,16,fp32,83.91321563720703,False,NVIDIA_GeForce_RTX_3070_Ti,8,
coatnet_0_rw_224,224,32,bf16,96.43878173828124,False,NVIDIA_GeForce_RTX_3070_Ti,8,
coatnet_0_rw_224,224,32,fp16,83.3407974243164,False,NVIDIA_GeForce_RTX_3070_Ti,8,
coatnet_0_rw_224,224,32,fp32,238.87974548339844,False,NVIDIA_GeForce_RTX_3070_Ti,8,
coatnet_0_rw_224,224,64,bf16,623.6380004882812,False,NVIDIA_GeForce_RTX_3070_Ti,8,slow_outlier
coatnet_0_rw_224,224,64,fp16,600.9574584960938,False,NVIDIA_GeForce_RTX_3070_Ti,8,slow_outlier
coatnet_0_rw_224,224,64,fp32,,True,NVIDIA_GeForce_RTX_3070_Ti,8,
coatnet_1_rw_224,64,16,bf16,14.98521614074707,False,NVIDIA_GeForce_RTX_3070_Ti,8,
coatnet_1_rw_224,64,16,fp16,13.636608123779297,False,NVIDIA_GeForce_RTX_3070_Ti,8,
coatnet_1_rw_224,64,16,fp32,18.646528244018555,False,NVIDIA_GeForce_RTX_3070_Ti,8,
coatnet_1_rw_224,64,32,bf16,21.76563262939453,False,NVIDIA_GeForce_RTX_3070_Ti,8,
coatnet_1_rw_224,64,32,fp16,19.644927978515625,False,NVIDIA_GeForce_RTX_3070_Ti,8,
coatnet_1_rw_224,64,32,fp32,28.59980773925781,False,NVIDIA_GeForce_RTX_3070_Ti,8,
coatnet_1_rw_224,64,64,bf16,33.490943908691406,False,NVIDIA_GeForce_RTX_3070_Ti,8,
coatnet_1_rw_224,64,64,fp16,29.743104934692383,False,NVIDIA_GeForce_RTX_3070_Ti,8,
coatnet_1_rw_224,64,64,fp32,49.7628173828125,False,NVIDIA_GeForce_RTX_3070_Ti,8,
coatnet_1_rw_224,128,16,bf16,32.075775146484375,False,NVIDIA_GeForce_RTX_3070_Ti,8,
coatnet_1_rw_224,128,16,fp16,28.339712142944336,False,NVIDIA_GeForce_RTX_3070_Ti,8,
coatnet_1_rw_224,128,16,fp32,44.57727813720703,False,NVIDIA_GeForce_RTX_3070_Ti,8,
coatnet_1_rw_224,128,32,bf16,54.8961296081543,False,NVIDIA_GeForce_RTX_3070_Ti,8,
coatnet_1_rw_224,128,32,fp16,48.648704528808594,False,NVIDIA_GeForce_RTX_3070_Ti,8,
coatnet_1_rw_224,128,32,fp32,82.33267211914062,False,NVIDIA_GeForce_RTX_3070_Ti,8,
coatnet_1_rw_224,128,64,bf16,100.83020782470705,False,NVIDIA_GeForce_RTX_3070_Ti,8,
coatnet_1_rw_224,128,64,fp16,88.85913848876953,False,NVIDIA_GeForce_RTX_3070_Ti,8,
coatnet_1_rw_224,128,64,fp32,,True,NVIDIA_GeForce_RTX_3070_Ti,8,
coatnet_1_rw_224,224,16,bf16,89.50732421875,False,NVIDIA_GeForce_RTX_3070_Ti,8,
coatnet_1_rw_224,224,16,fp16,81.35987091064453,False,NVIDIA_GeForce_RTX_3070_Ti,8,
coatnet_1_rw_224,224,16,fp32,149.9146270751953,False,NVIDIA_GeForce_RTX_3070_Ti,8,
coatnet_1_rw_224,224,32,bf16,166.93862915039062,False,NVIDIA_GeForce_RTX_3070_Ti,8,
coatnet_1_rw_224,224,32,fp16,147.69203186035156,False,NVIDIA_GeForce_RTX_3070_Ti,8,
coatnet_1_rw_224,224,32,fp32,,True,NVIDIA_GeForce_RTX_3070_Ti,8,
coatnet_1_rw_224,224,64,bf16,,True,NVIDIA_GeForce_RTX_3070_Ti,8,
coatnet_1_rw_224,224,64,fp16,,True,NVIDIA_GeForce_RTX_3070_Ti,8,
coatnet_1_rw_224,224,64,fp32,,True,NVIDIA_GeForce_RTX_3070_Ti,8,
coatnet_2_rw_224,64,16,bf16,22.651391983032227,False,NVIDIA_GeForce_RTX_3070_Ti,8,
coatnet_2_rw_224,64,16,fp16,20.933631896972656,False,NVIDIA_GeForce_RTX_3070_Ti,8,
coatnet_2_rw_224,64,16,fp32,28.343807220458984,False,NVIDIA_GeForce_RTX_3070_Ti,8,
coatnet_2_rw_224,64,32,bf16,32.40806579589844,False,NVIDIA_GeForce_RTX_3070_Ti,8,
coatnet_2_rw_224,64,32,fp16,29.592575073242188,False,NVIDIA_GeForce_RTX_3070_Ti,8,
coatnet_2_rw_224,64,32,fp32,44.40371322631836,False,NVIDIA_GeForce_RTX_3070_Ti,8,
coatnet_2_rw_224,64,64,bf16,51.84819030761719,False,NVIDIA_GeForce_RTX_3070_Ti,8,
coatnet_2_rw_224,64,64,fp16,46.86848068237305,False,NVIDIA_GeForce_RTX_3070_Ti,8,
coatnet_2_rw_224,64,64,fp32,77.58080291748047,False,NVIDIA_GeForce_RTX_3070_Ti,8,
coatnet_2_rw_224,128,16,bf16,49.27948760986328,False,NVIDIA_GeForce_RTX_3070_Ti,8,
coatnet_2_rw_224,128,16,fp16,43.86764907836914,False,NVIDIA_GeForce_RTX_3070_Ti,8,
coatnet_2_rw_224,128,16,fp32,72.0363540649414,False,NVIDIA_GeForce_RTX_3070_Ti,8,
coatnet_2_rw_224,128,32,bf16,84.8716812133789,False,NVIDIA_GeForce_RTX_3070_Ti,8,
coatnet_2_rw_224,128,32,fp16,75.76780700683594,False,NVIDIA_GeForce_RTX_3070_Ti,8,
coatnet_2_rw_224,128,32,fp32,133.07647705078125,False,NVIDIA_GeForce_RTX_3070_Ti,8,
coatnet_2_rw_224,128,64,bf16,175.43423461914062,False,NVIDIA_GeForce_RTX_3070_Ti,8,
coatnet_2_rw_224,128,64,fp16,158.40768432617188,False,NVIDIA_GeForce_RTX_3070_Ti,8,
coatnet_2_rw_224,128,64,fp32,,True,NVIDIA_GeForce_RTX_3070_Ti,8,
coatnet_2_rw_224,224,16,bf16,133.7057342529297,False,NVIDIA_GeForce_RTX_3070_Ti,8,
coatnet_2_rw_224,224,16,fp16,122.155517578125,False,NVIDIA_GeForce_RTX_3070_Ti,8,
coatnet_2_rw_224,224,16,fp32,,True,NVIDIA_GeForce_RTX_3070_Ti,8,
coatnet_2_rw_224,224,32,bf16,,True,NVIDIA_GeForce_RTX_3070_Ti,8,
coatnet_2_rw_224,224,32,fp16,,True,NVIDIA_GeForce_RTX_3070_Ti,8,
coatnet_2_rw_224,224,32,fp32,,True,NVIDIA_GeForce_RTX_3070_Ti,8,
coatnet_2_rw_224,224,64,bf16,,True,NVIDIA_GeForce_RTX_3070_Ti,8,
coatnet_2_rw_224,224,64,fp16,,True,NVIDIA_GeForce_RTX_3070_Ti,8,
coatnet_2_rw_224,224,64,fp32,,True,NVIDIA_GeForce_RTX_3070_Ti,8,
convnext_base,64,16,bf16,21.305343627929688,False,NVIDIA_GeForce_RTX_3070_Ti,8,
convnext_base,64,16,fp16,20.70476722717285,False,NVIDIA_GeForce_RTX_3070_Ti,8,
convnext_base,64,16,fp32,29.35500717163086,False,NVIDIA_GeForce_RTX_3070_Ti,8,
convnext_base,64,32,bf16,28.42572784423828,False,NVIDIA_GeForce_RTX_3070_Ti,8,
convnext_base,64,32,fp16,27.0699520111084,False,NVIDIA_GeForce_RTX_3070_Ti,8,
convnext_base,64,32,fp32,45.90950393676758,False,NVIDIA_GeForce_RTX_3070_Ti,8,
convnext_base,64,64,bf16,42.42124938964844,False,NVIDIA_GeForce_RTX_3070_Ti,8,
convnext_base,64,64,fp16,39.94316864013672,False,NVIDIA_GeForce_RTX_3070_Ti,8,
convnext_base,64,64,fp32,74.47705841064453,False,NVIDIA_GeForce_RTX_3070_Ti,8,
convnext_base,128,16,bf16,39.59244918823242,False,NVIDIA_GeForce_RTX_3070_Ti,8,
convnext_base,128,16,fp16,36.890113830566406,False,NVIDIA_GeForce_RTX_3070_Ti,8,
convnext_base,128,16,fp32,80.31948852539062,False,NVIDIA_GeForce_RTX_3070_Ti,8,
convnext_base,128,32,bf16,62.75020980834961,False,NVIDIA_GeForce_RTX_3070_Ti,8,
convnext_base,128,32,fp16,60.89728164672852,False,NVIDIA_GeForce_RTX_3070_Ti,8,
convnext_base,128,32,fp32,172.66534423828125,False,NVIDIA_GeForce_RTX_3070_Ti,8,
convnext_base,128,64,bf16,112.88626861572266,False,NVIDIA_GeForce_RTX_3070_Ti,8,
convnext_base,128,64,fp16,108.4963836669922,False,NVIDIA_GeForce_RTX_3070_Ti,8,
convnext_base,128,64,fp32,422.0313720703125,False,NVIDIA_GeForce_RTX_3070_Ti,8,
convnext_base,224,16,bf16,93.0667495727539,False,NVIDIA_GeForce_RTX_3070_Ti,8,
convnext_base,224,16,fp16,88.61746978759766,False,NVIDIA_GeForce_RTX_3070_Ti,8,
convnext_base,224,16,fp32,247.12908935546875,False,NVIDIA_GeForce_RTX_3070_Ti,8,
convnext_base,224,32,bf16,177.74847412109375,False,NVIDIA_GeForce_RTX_3070_Ti,8,
convnext_base,224,32,fp16,172.56346130371094,False,NVIDIA_GeForce_RTX_3070_Ti,8,
convnext_base,224,32,fp32,,True,NVIDIA_GeForce_RTX_3070_Ti,8,
convnext_base,224,64,bf16,,True,NVIDIA_GeForce_RTX_3070_Ti,8,
convnext_base,224,64,fp16,,True,NVIDIA_GeForce_RTX_3070_Ti,8,
convnext_base,224,64,fp32,,True,NVIDIA_GeForce_RTX_3070_Ti,8,
convnext_large,64,16,bf16,37.92639923095703,False,NVIDIA_GeForce_RTX_3070_Ti,8,
convnext_large,64,16,fp16,37.54035186767578,False,NVIDIA_GeForce_RTX_3070_Ti,8,
convnext_large,64,16,fp32,52.789249420166016,False,NVIDIA_GeForce_RTX_3070_Ti,8,
convnext_large,64,32,bf16,49.82118225097656,False,NVIDIA_GeForce_RTX_3070_Ti,8,
convnext_large,64,32,fp16,49.67526245117188,False,NVIDIA_GeForce_RTX_3070_Ti,8,
convnext_large,64,32,fp32,83.55123138427734,False,NVIDIA_GeForce_RTX_3070_Ti,8,
convnext_large,64,64,bf16,74.79296112060547,False,NVIDIA_GeForce_RTX_3070_Ti,8,
convnext_large,64,64,fp16,76.06988525390625,False,NVIDIA_GeForce_RTX_3070_Ti,8,
convnext_large,64,64,fp32,140.3258819580078,False,NVIDIA_GeForce_RTX_3070_Ti,8,
convnext_large,128,16,bf16,70.43225860595703,False,NVIDIA_GeForce_RTX_3070_Ti,8,
convnext_large,128,16,fp16,71.87763214111328,False,NVIDIA_GeForce_RTX_3070_Ti,8,
convnext_large,128,16,fp32,152.19302368164062,False,NVIDIA_GeForce_RTX_3070_Ti,8,
convnext_large,128,32,bf16,111.00262451171876,False,NVIDIA_GeForce_RTX_3070_Ti,8,
convnext_large,128,32,fp16,109.88953399658205,False,NVIDIA_GeForce_RTX_3070_Ti,8,
convnext_large,128,32,fp32,345.1622314453125,False,NVIDIA_GeForce_RTX_3070_Ti,8,
convnext_large,128,64,bf16,,True,NVIDIA_GeForce_RTX_3070_Ti,8,
convnext_large,128,64,fp16,,True,NVIDIA_GeForce_RTX_3070_Ti,8,
convnext_large,128,64,fp32,,True,NVIDIA_GeForce_RTX_3070_Ti,8,
convnext_large,224,16,bf16,162.45504760742188,False,NVIDIA_GeForce_RTX_3070_Ti,8,
convnext_large,224,16,fp16,1915.0919189453125,False,NVIDIA_GeForce_RTX_3070_Ti,8,slow_outlier
convnext_large,224,16,fp32,,True,NVIDIA_GeForce_RTX_3070_Ti,8,
convnext_large,224,32,bf16,,True,NVIDIA_GeForce_RTX_3070_Ti,8,
convnext_large,224,32,fp16,,True,NVIDIA_GeForce_RTX_3070_Ti,8,
convnext_large,224,32,fp32,,True,NVIDIA_GeForce_RTX_3070_Ti,8,
convnext_large,224,64,bf16,,True,NVIDIA_GeForce_RTX_3070_Ti,8,
convnext_large,224,64,fp16,,True,NVIDIA_GeForce_RTX_3070_Ti,8,
convnext_large,224,64,fp32,,True,NVIDIA_GeForce_RTX_3070_Ti,8,
convnext_small,64,16,bf16,13.87929630279541,False,NVIDIA_GeForce_RTX_3070_Ti,8,
convnext_small,64,16,fp16,13.740544319152832,False,NVIDIA_GeForce_RTX_3070_Ti,8,
convnext_small,64,16,fp32,20.299776077270508,False,NVIDIA_GeForce_RTX_3070_Ti,8,
convnext_small,64,32,bf16,19.189247131347656,False,NVIDIA_GeForce_RTX_3070_Ti,8,
convnext_small,64,32,fp16,17.985023498535156,False,NVIDIA_GeForce_RTX_3070_Ti,8,
convnext_small,64,32,fp32,31.7521915435791,False,NVIDIA_GeForce_RTX_3070_Ti,8,
convnext_small,64,64,bf16,27.11244773864746,False,NVIDIA_GeForce_RTX_3070_Ti,8,
convnext_small,64,64,fp16,26.93222427368164,False,NVIDIA_GeForce_RTX_3070_Ti,8,
convnext_small,64,64,fp32,50.585086822509766,False,NVIDIA_GeForce_RTX_3070_Ti,8,
convnext_small,128,16,bf16,25.001983642578125,False,NVIDIA_GeForce_RTX_3070_Ti,8,
convnext_small,128,16,fp16,24.679935455322266,False,NVIDIA_GeForce_RTX_3070_Ti,8,
convnext_small,128,16,fp32,55.37740707397461,False,NVIDIA_GeForce_RTX_3070_Ti,8,
convnext_small,128,32,bf16,41.84780883789063,False,NVIDIA_GeForce_RTX_3070_Ti,8,
convnext_small,128,32,fp16,41.49760055541992,False,NVIDIA_GeForce_RTX_3070_Ti,8,
convnext_small,128,32,fp32,118.3477783203125,False,NVIDIA_GeForce_RTX_3070_Ti,8,
convnext_small,128,64,bf16,73.50579071044922,False,NVIDIA_GeForce_RTX_3070_Ti,8,
convnext_small,128,64,fp16,73.41670227050781,False,NVIDIA_GeForce_RTX_3070_Ti,8,
convnext_small,128,64,fp32,195.5292205810547,False,NVIDIA_GeForce_RTX_3070_Ti,8,
convnext_small,224,16,bf16,60.27059173583984,False,NVIDIA_GeForce_RTX_3070_Ti,8,
convnext_small,224,16,fp16,60.31103897094727,False,NVIDIA_GeForce_RTX_3070_Ti,8,
convnext_small,224,16,fp32,165.54290771484375,False,NVIDIA_GeForce_RTX_3070_Ti,8,
convnext_small,224,32,bf16,110.08153533935548,False,NVIDIA_GeForce_RTX_3070_Ti,8,
convnext_small,224,32,fp16,107.61881256103516,False,NVIDIA_GeForce_RTX_3070_Ti,8,
convnext_small,224,32,fp32,895.5125732421875,False,NVIDIA_GeForce_RTX_3070_Ti,8,precision_artifact
convnext_small,224,64,bf16,,True,NVIDIA_GeForce_RTX_3070_Ti,8,
convnext_small,224,64,fp16,,True,NVIDIA_GeForce_RTX_3070_Ti,8,
convnext_small,224,64,fp32,,True,NVIDIA_GeForce_RTX_3070_Ti,8,
convnext_tiny,64,16,bf16,7.894527912139893,False,NVIDIA_GeForce_RTX_3070_Ti,8,
convnext_tiny,64,16,fp16,7.738880157470703,False,NVIDIA_GeForce_RTX_3070_Ti,8,
convnext_tiny,64,16,fp32,11.940863609313965,False,NVIDIA_GeForce_RTX_3070_Ti,8,
convnext_tiny,64,32,bf16,10.719743728637695,False,NVIDIA_GeForce_RTX_3070_Ti,8,
convnext_tiny,64,32,fp16,10.22719955444336,False,NVIDIA_GeForce_RTX_3070_Ti,8,
convnext_tiny,64,32,fp32,19.05817604064941,False,NVIDIA_GeForce_RTX_3070_Ti,8,
convnext_tiny,64,64,bf16,15.629823684692385,False,NVIDIA_GeForce_RTX_3070_Ti,8,
convnext_tiny,64,64,fp16,15.59705638885498,False,NVIDIA_GeForce_RTX_3070_Ti,8,
convnext_tiny,64,64,fp32,30.37798309326172,False,NVIDIA_GeForce_RTX_3070_Ti,8,
convnext_tiny,128,16,bf16,14.841008186340332,False,NVIDIA_GeForce_RTX_3070_Ti,8,
convnext_tiny,128,16,fp16,14.614015579223633,False,NVIDIA_GeForce_RTX_3070_Ti,8,
convnext_tiny,128,16,fp32,32.24166488647461,False,NVIDIA_GeForce_RTX_3070_Ti,8,
convnext_tiny,128,32,bf16,24.820735931396484,False,NVIDIA_GeForce_RTX_3070_Ti,8,
convnext_tiny,128,32,fp16,24.62873649597168,False,NVIDIA_GeForce_RTX_3070_Ti,8,
convnext_tiny,128,32,fp32,63.76448059082031,False,NVIDIA_GeForce_RTX_3070_Ti,8,
convnext_tiny,128,64,bf16,44.21376037597656,False,NVIDIA_GeForce_RTX_3070_Ti,8,
convnext_tiny,128,64,fp16,44.086273193359375,False,NVIDIA_GeForce_RTX_3070_Ti,8,
convnext_tiny,128,64,fp32,111.2806396484375,False,NVIDIA_GeForce_RTX_3070_Ti,8,
convnext_tiny,224,16,bf16,35.90143966674805,False,NVIDIA_GeForce_RTX_3070_Ti,8,
convnext_tiny,224,16,fp16,35.70124816894531,False,NVIDIA_GeForce_RTX_3070_Ti,8,
convnext_tiny,224,16,fp32,91.82208251953124,False,NVIDIA_GeForce_RTX_3070_Ti,8,
convnext_tiny,224,32,bf16,64.43059539794922,False,NVIDIA_GeForce_RTX_3070_Ti,8,
convnext_tiny,224,32,fp16,63.01696014404297,False,NVIDIA_GeForce_RTX_3070_Ti,8,
convnext_tiny,224,32,fp32,166.1793212890625,False,NVIDIA_GeForce_RTX_3070_Ti,8,
convnext_tiny,224,64,bf16,120.87245178222656,False,NVIDIA_GeForce_RTX_3070_Ti,8,
convnext_tiny,224,64,fp16,118.3447036743164,False,NVIDIA_GeForce_RTX_3070_Ti,8,
convnext_tiny,224,64,fp32,,True,NVIDIA_GeForce_RTX_3070_Ti,8,
convnextv2_base,64,16,bf16,28.26547241210937,False,NVIDIA_GeForce_RTX_3070_Ti,8,
convnextv2_base,64,16,fp16,27.69203186035156,False,NVIDIA_GeForce_RTX_3070_Ti,8,
convnextv2_base,64,16,fp32,35.95827102661133,False,NVIDIA_GeForce_RTX_3070_Ti,8,
convnextv2_base,64,32,bf16,42.54361724853516,False,NVIDIA_GeForce_RTX_3070_Ti,8,
convnextv2_base,64,32,fp16,41.1223030090332,False,NVIDIA_GeForce_RTX_3070_Ti,8,
convnextv2_base,64,32,fp32,59.07148742675781,False,NVIDIA_GeForce_RTX_3070_Ti,8,
convnextv2_base,64,64,bf16,69.84089660644531,False,NVIDIA_GeForce_RTX_3070_Ti,8,
convnextv2_base,64,64,fp16,67.42015838623047,False,NVIDIA_GeForce_RTX_3070_Ti,8,
convnextv2_base,64,64,fp32,99.05203247070312,False,NVIDIA_GeForce_RTX_3070_Ti,8,
convnextv2_base,128,16,bf16,66.38694763183594,False,NVIDIA_GeForce_RTX_3070_Ti,8,
convnextv2_base,128,16,fp16,63.65388870239258,False,NVIDIA_GeForce_RTX_3070_Ti,8,
convnextv2_base,128,16,fp32,104.8622055053711,False,NVIDIA_GeForce_RTX_3070_Ti,8,
convnextv2_base,128,32,bf16,113.64300537109376,False,NVIDIA_GeForce_RTX_3070_Ti,8,
convnextv2_base,128,32,fp16,111.90681457519533,False,NVIDIA_GeForce_RTX_3070_Ti,8,
convnextv2_base,128,32,fp32,220.87680053710935,False,NVIDIA_GeForce_RTX_3070_Ti,8,
convnextv2_base,128,64,bf16,325.1348571777344,False,NVIDIA_GeForce_RTX_3070_Ti,8,
convnextv2_base,128,64,fp16,255.2130584716797,False,NVIDIA_GeForce_RTX_3070_Ti,8,
convnextv2_base,128,64,fp32,,True,NVIDIA_GeForce_RTX_3070_Ti,8,
convnextv2_base,224,16,bf16,169.5610809326172,False,NVIDIA_GeForce_RTX_3070_Ti,8,
convnextv2_base,224,16,fp16,164.95770263671875,False,NVIDIA_GeForce_RTX_3070_Ti,8,
convnextv2_base,224,16,fp32,,True,NVIDIA_GeForce_RTX_3070_Ti,8,
convnextv2_base,224,32,bf16,,True,NVIDIA_GeForce_RTX_3070_Ti,8,
convnextv2_base,224,32,fp16,,True,NVIDIA_GeForce_RTX_3070_Ti,8,
convnextv2_base,224,32,fp32,,True,NVIDIA_GeForce_RTX_3070_Ti,8,
convnextv2_base,224,64,bf16,,True,NVIDIA_GeForce_RTX_3070_Ti,8,
convnextv2_base,224,64,fp16,,True,NVIDIA_GeForce_RTX_3070_Ti,8,
convnextv2_base,224,64,fp32,,True,NVIDIA_GeForce_RTX_3070_Ti,8,
deit_base_patch16_224,64,16,bf16,18.345983505249023,False,NVIDIA_GeForce_RTX_3070_Ti,8,
deit_base_patch16_224,64,16,fp16,17.780736923217773,False,NVIDIA_GeForce_RTX_3070_Ti,8,
deit_base_patch16_224,64,16,fp32,24.88627243041992,False,NVIDIA_GeForce_RTX_3070_Ti,8,
deit_base_patch16_224,64,32,bf16,24.83660888671875,False,NVIDIA_GeForce_RTX_3070_Ti,8,
deit_base_patch16_224,64,32,fp16,24.584192276000977,False,NVIDIA_GeForce_RTX_3070_Ti,8,
deit_base_patch16_224,64,32,fp32,37.69907379150391,False,NVIDIA_GeForce_RTX_3070_Ti,8,
deit_base_patch16_224,64,64,bf16,36.7902717590332,False,NVIDIA_GeForce_RTX_3070_Ti,8,
deit_base_patch16_224,64,64,fp16,34.47603225708008,False,NVIDIA_GeForce_RTX_3070_Ti,8,
deit_base_patch16_224,64,64,fp32,63.0748176574707,False,NVIDIA_GeForce_RTX_3070_Ti,8,
deit_base_patch16_224,128,16,bf16,34.534912109375,False,NVIDIA_GeForce_RTX_3070_Ti,8,
deit_base_patch16_224,128,16,fp16,32.2790412902832,False,NVIDIA_GeForce_RTX_3070_Ti,8,
deit_base_patch16_224,128,16,fp32,63.1275520324707,False,NVIDIA_GeForce_RTX_3070_Ti,8,
deit_base_patch16_224,128,32,bf16,52.52864074707031,False,NVIDIA_GeForce_RTX_3070_Ti,8,
deit_base_patch16_224,128,32,fp16,51.99513626098633,False,NVIDIA_GeForce_RTX_3070_Ti,8,
deit_base_patch16_224,128,32,fp32,111.47161865234376,False,NVIDIA_GeForce_RTX_3070_Ti,8,
deit_base_patch16_224,128,64,bf16,92.72064208984376,False,NVIDIA_GeForce_RTX_3070_Ti,8,
deit_base_patch16_224,128,64,fp16,88.58163452148438,False,NVIDIA_GeForce_RTX_3070_Ti,8,
deit_base_patch16_224,128,64,fp32,206.4435272216797,False,NVIDIA_GeForce_RTX_3070_Ti,8,
deit_base_patch16_224,224,16,bf16,71.50643157958984,False,NVIDIA_GeForce_RTX_3070_Ti,8,
deit_base_patch16_224,224,16,fp16,71.92422485351562,False,NVIDIA_GeForce_RTX_3070_Ti,8,
deit_base_patch16_224,224,16,fp32,169.6399383544922,False,NVIDIA_GeForce_RTX_3070_Ti,8,
deit_base_patch16_224,224,32,bf16,130.11917114257812,False,NVIDIA_GeForce_RTX_3070_Ti,8,
deit_base_patch16_224,224,32,fp16,124.70630645751952,False,NVIDIA_GeForce_RTX_3070_Ti,8,
deit_base_patch16_224,224,32,fp32,329.9635314941406,False,NVIDIA_GeForce_RTX_3070_Ti,8,
deit_base_patch16_224,224,64,bf16,240.11007690429688,False,NVIDIA_GeForce_RTX_3070_Ti,8,
deit_base_patch16_224,224,64,fp16,233.18528747558597,False,NVIDIA_GeForce_RTX_3070_Ti,8,
deit_base_patch16_224,224,64,fp32,,True,NVIDIA_GeForce_RTX_3070_Ti,8,
deit_small_patch16_224,64,16,bf16,6.555136203765869,False,NVIDIA_GeForce_RTX_3070_Ti,8,
deit_small_patch16_224,64,16,fp16,6.095359802246094,False,NVIDIA_GeForce_RTX_3070_Ti,8,
deit_small_patch16_224,64,16,fp32,9.148415565490724,False,NVIDIA_GeForce_RTX_3070_Ti,8,
deit_small_patch16_224,64,32,bf16,9.083392143249512,False,NVIDIA_GeForce_RTX_3070_Ti,8,
deit_small_patch16_224,64,32,fp16,8.255488395690918,False,NVIDIA_GeForce_RTX_3070_Ti,8,
deit_small_patch16_224,64,32,fp32,13.57260799407959,False,NVIDIA_GeForce_RTX_3070_Ti,8,
deit_small_patch16_224,64,64,bf16,12.807168006896973,False,NVIDIA_GeForce_RTX_3070_Ti,8,
deit_small_patch16_224,64,64,fp16,12.208127975463867,False,NVIDIA_GeForce_RTX_3070_Ti,8,
deit_small_patch16_224,64,64,fp32,20.902912139892575,False,NVIDIA_GeForce_RTX_3070_Ti,8,
deit_small_patch16_224,128,16,bf16,11.637760162353516,False,NVIDIA_GeForce_RTX_3070_Ti,8,
deit_small_patch16_224,128,16,fp16,11.0632963180542,False,NVIDIA_GeForce_RTX_3070_Ti,8,
deit_small_patch16_224,128,16,fp32,21.03705596923828,False,NVIDIA_GeForce_RTX_3070_Ti,8,
deit_small_patch16_224,128,32,bf16,18.406911849975582,False,NVIDIA_GeForce_RTX_3070_Ti,8,
deit_small_patch16_224,128,32,fp16,17.659391403198242,False,NVIDIA_GeForce_RTX_3070_Ti,8,
deit_small_patch16_224,128,32,fp32,37.0775032043457,False,NVIDIA_GeForce_RTX_3070_Ti,8,
deit_small_patch16_224,128,64,bf16,33.98451232910156,False,NVIDIA_GeForce_RTX_3070_Ti,8,
deit_small_patch16_224,128,64,fp16,33.04908752441406,False,NVIDIA_GeForce_RTX_3070_Ti,8,
deit_small_patch16_224,128,64,fp32,66.22259521484375,False,NVIDIA_GeForce_RTX_3070_Ti,8,
deit_small_patch16_224,224,16,bf16,24.69273567199707,False,NVIDIA_GeForce_RTX_3070_Ti,8,
deit_small_patch16_224,224,16,fp16,25.17043113708496,False,NVIDIA_GeForce_RTX_3070_Ti,8,
deit_small_patch16_224,224,16,fp32,57.09926223754883,False,NVIDIA_GeForce_RTX_3070_Ti,8,
deit_small_patch16_224,224,32,bf16,46.588417053222656,False,NVIDIA_GeForce_RTX_3070_Ti,8,
deit_small_patch16_224,224,32,fp16,44.785152435302734,False,NVIDIA_GeForce_RTX_3070_Ti,8,
deit_small_patch16_224,224,32,fp32,106.19852447509766,False,NVIDIA_GeForce_RTX_3070_Ti,8,
deit_small_patch16_224,224,64,bf16,87.72966766357422,False,NVIDIA_GeForce_RTX_3070_Ti,8,
deit_small_patch16_224,224,64,fp16,81.9942398071289,False,NVIDIA_GeForce_RTX_3070_Ti,8,
deit_small_patch16_224,224,64,fp32,206.8433990478516,False,NVIDIA_GeForce_RTX_3070_Ti,8,
deit_tiny_patch16_224,64,16,bf16,3.5983359813690186,False,NVIDIA_GeForce_RTX_3070_Ti,8,
deit_tiny_patch16_224,64,16,fp16,3.314687967300415,False,NVIDIA_GeForce_RTX_3070_Ti,8,
deit_tiny_patch16_224,64,16,fp32,4.181503772735596,False,NVIDIA_GeForce_RTX_3070_Ti,8,
deit_tiny_patch16_224,64,32,bf16,4.497407913208008,False,NVIDIA_GeForce_RTX_3070_Ti,8,
deit_tiny_patch16_224,64,32,fp16,4.181503772735596,False,NVIDIA_GeForce_RTX_3070_Ti,8,
deit_tiny_patch16_224,64,32,fp32,6.190080165863037,False,NVIDIA_GeForce_RTX_3070_Ti,8,
deit_tiny_patch16_224,64,64,bf16,6.292992115020752,False,NVIDIA_GeForce_RTX_3070_Ti,8,
deit_tiny_patch16_224,64,64,fp16,5.681151866912842,False,NVIDIA_GeForce_RTX_3070_Ti,8,
deit_tiny_patch16_224,64,64,fp32,9.193471908569336,False,NVIDIA_GeForce_RTX_3070_Ti,8,
deit_tiny_patch16_224,128,16,bf16,5.72057580947876,False,NVIDIA_GeForce_RTX_3070_Ti,8,
deit_tiny_patch16_224,128,16,fp16,5.123072147369385,False,NVIDIA_GeForce_RTX_3070_Ti,8,
deit_tiny_patch16_224,128,16,fp32,9.288703918457031,False,NVIDIA_GeForce_RTX_3070_Ti,8,
deit_tiny_patch16_224,128,32,bf16,8.212479591369629,False,NVIDIA_GeForce_RTX_3070_Ti,8,
deit_tiny_patch16_224,128,32,fp16,7.830016136169434,False,NVIDIA_GeForce_RTX_3070_Ti,8,
deit_tiny_patch16_224,128,32,fp32,15.477248191833496,False,NVIDIA_GeForce_RTX_3070_Ti,8,
deit_tiny_patch16_224,128,64,bf16,14.237695693969728,False,NVIDIA_GeForce_RTX_3070_Ti,8,
deit_tiny_patch16_224,128,64,fp16,13.974528312683104,False,NVIDIA_GeForce_RTX_3070_Ti,8,
deit_tiny_patch16_224,128,64,fp32,26.72076797485352,False,NVIDIA_GeForce_RTX_3070_Ti,8,
deit_tiny_patch16_224,224,16,bf16,11.276800155639648,False,NVIDIA_GeForce_RTX_3070_Ti,8,
deit_tiny_patch16_224,224,16,fp16,10.9235200881958,False,NVIDIA_GeForce_RTX_3070_Ti,8,
deit_tiny_patch16_224,224,16,fp32,22.845439910888672,False,NVIDIA_GeForce_RTX_3070_Ti,8,
deit_tiny_patch16_224,224,32,bf16,20.08064079284668,False,NVIDIA_GeForce_RTX_3070_Ti,8,
deit_tiny_patch16_224,224,32,fp16,20.38425636291504,False,NVIDIA_GeForce_RTX_3070_Ti,8,
deit_tiny_patch16_224,224,32,fp32,42.675201416015625,False,NVIDIA_GeForce_RTX_3070_Ti,8,
deit_tiny_patch16_224,224,64,bf16,38.67494583129883,False,NVIDIA_GeForce_RTX_3070_Ti,8,
deit_tiny_patch16_224,224,64,fp16,36.13183975219727,False,NVIDIA_GeForce_RTX_3070_Ti,8,
deit_tiny_patch16_224,224,64,fp32,80.85247802734375,False,NVIDIA_GeForce_RTX_3070_Ti,8,
densenet121,64,16,bf16,10.71667194366455,False,NVIDIA_GeForce_RTX_3070_Ti,8,
densenet121,64,16,fp16,10.454527854919434,False,NVIDIA_GeForce_RTX_3070_Ti,8,
densenet121,64,16,fp32,12.95308780670166,False,NVIDIA_GeForce_RTX_3070_Ti,8,
densenet121,64,32,bf16,14.020095825195312,False,NVIDIA_GeForce_RTX_3070_Ti,8,
densenet121,64,32,fp16,13.958656311035156,False,NVIDIA_GeForce_RTX_3070_Ti,8,
densenet121,64,32,fp32,17.9368953704834,False,NVIDIA_GeForce_RTX_3070_Ti,8,
densenet121,64,64,bf16,21.10054397583008,False,NVIDIA_GeForce_RTX_3070_Ti,8,
densenet121,64,64,fp16,20.15897560119629,False,NVIDIA_GeForce_RTX_3070_Ti,8,
densenet121,64,64,fp32,26.96294403076172,False,NVIDIA_GeForce_RTX_3070_Ti,8,
densenet121,128,16,bf16,18.062335968017575,False,NVIDIA_GeForce_RTX_3070_Ti,8,
densenet121,128,16,fp16,16.72038459777832,False,NVIDIA_GeForce_RTX_3070_Ti,8,
densenet121,128,16,fp32,23.75577545166016,False,NVIDIA_GeForce_RTX_3070_Ti,8,
densenet121,128,32,bf16,28.206079483032227,False,NVIDIA_GeForce_RTX_3070_Ti,8,
densenet121,128,32,fp16,26.73356819152832,False,NVIDIA_GeForce_RTX_3070_Ti,8,
densenet121,128,32,fp32,45.75078582763672,False,NVIDIA_GeForce_RTX_3070_Ti,8,
densenet121,128,64,bf16,48.83046340942383,False,NVIDIA_GeForce_RTX_3070_Ti,8,
densenet121,128,64,fp16,44.86502456665039,False,NVIDIA_GeForce_RTX_3070_Ti,8,
densenet121,128,64,fp32,75.00543975830078,False,NVIDIA_GeForce_RTX_3070_Ti,8,
densenet121,224,16,bf16,40.91852951049805,False,NVIDIA_GeForce_RTX_3070_Ti,8,
densenet121,224,16,fp16,36.382720947265625,False,NVIDIA_GeForce_RTX_3070_Ti,8,
densenet121,224,16,fp32,58.973182678222656,False,NVIDIA_GeForce_RTX_3070_Ti,8,
densenet121,224,32,bf16,70.07027435302734,False,NVIDIA_GeForce_RTX_3070_Ti,8,
densenet121,224,32,fp16,62.51878356933594,False,NVIDIA_GeForce_RTX_3070_Ti,8,
densenet121,224,32,fp32,113.91129302978516,False,NVIDIA_GeForce_RTX_3070_Ti,8,
densenet121,224,64,bf16,134.4127960205078,False,NVIDIA_GeForce_RTX_3070_Ti,8,
densenet121,224,64,fp16,121.73107147216795,False,NVIDIA_GeForce_RTX_3070_Ti,8,
densenet121,224,64,fp32,,True,NVIDIA_GeForce_RTX_3070_Ti,8,
dm_nfnet_f1,64,16,bf16,42.69710540771485,False,NVIDIA_GeForce_RTX_3070_Ti,8,
dm_nfnet_f1,64,16,fp16,42.495487213134766,False,NVIDIA_GeForce_RTX_3070_Ti,8,
dm_nfnet_f1,64,16,fp32,53.36729431152344,False,NVIDIA_GeForce_RTX_3070_Ti,8,
dm_nfnet_f1,64,32,bf16,54.722415924072266,False,NVIDIA_GeForce_RTX_3070_Ti,8,
dm_nfnet_f1,64,32,fp16,54.375518798828125,False,NVIDIA_GeForce_RTX_3070_Ti,8,
dm_nfnet_f1,64,32,fp32,71.06201934814453,False,NVIDIA_GeForce_RTX_3070_Ti,8,
dm_nfnet_f1,64,64,bf16,82.65003204345703,False,NVIDIA_GeForce_RTX_3070_Ti,8,
dm_nfnet_f1,64,64,fp16,81.89030456542969,False,NVIDIA_GeForce_RTX_3070_Ti,8,
dm_nfnet_f1,64,64,fp32,106.55846405029295,False,NVIDIA_GeForce_RTX_3070_Ti,8,
dm_nfnet_f1,128,16,bf16,63.10558319091797,False,NVIDIA_GeForce_RTX_3070_Ti,8,
dm_nfnet_f1,128,16,fp16,62.47676849365234,False,NVIDIA_GeForce_RTX_3070_Ti,8,
dm_nfnet_f1,128,16,fp32,86.70150756835938,False,NVIDIA_GeForce_RTX_3070_Ti,8,
dm_nfnet_f1,128,32,bf16,98.77913665771484,False,NVIDIA_GeForce_RTX_3070_Ti,8,
dm_nfnet_f1,128,32,fp16,98.1212158203125,False,NVIDIA_GeForce_RTX_3070_Ti,8,
dm_nfnet_f1,128,32,fp32,158.561279296875,False,NVIDIA_GeForce_RTX_3070_Ti,8,
dm_nfnet_f1,128,64,bf16,168.0404510498047,False,NVIDIA_GeForce_RTX_3070_Ti,8,
dm_nfnet_f1,128,64,fp16,166.6677703857422,False,NVIDIA_GeForce_RTX_3070_Ti,8,
dm_nfnet_f1,128,64,fp32,,True,NVIDIA_GeForce_RTX_3070_Ti,8,
dm_nfnet_f1,224,16,bf16,130.27891540527344,False,NVIDIA_GeForce_RTX_3070_Ti,8,
dm_nfnet_f1,224,16,fp16,128.9169921875,False,NVIDIA_GeForce_RTX_3070_Ti,8,
dm_nfnet_f1,224,16,fp32,,True,NVIDIA_GeForce_RTX_3070_Ti,8,
dm_nfnet_f1,224,32,bf16,222.28224182128903,False,NVIDIA_GeForce_RTX_3070_Ti,8,
dm_nfnet_f1,224,32,fp16,221.02426147460935,False,NVIDIA_GeForce_RTX_3070_Ti,8,
dm_nfnet_f1,224,32,fp32,,True,NVIDIA_GeForce_RTX_3070_Ti,8,
dm_nfnet_f1,224,64,bf16,,True,NVIDIA_GeForce_RTX_3070_Ti,8,
dm_nfnet_f1,224,64,fp16,,True,NVIDIA_GeForce_RTX_3070_Ti,8,
dm_nfnet_f1,224,64,fp32,,True,NVIDIA_GeForce_RTX_3070_Ti,8,
efficientnet_b0,64,16,bf16,6.990335941314697,False,NVIDIA_GeForce_RTX_3070_Ti,8,
efficientnet_b0,64,16,fp16,6.918655872344971,False,NVIDIA_GeForce_RTX_3070_Ti,8,
efficientnet_b0,64,16,fp32,7.13267183303833,False,NVIDIA_GeForce_RTX_3070_Ti,8,
efficientnet_b0,64,32,bf16,9.144319534301758,False,NVIDIA_GeForce_RTX_3070_Ti,8,
efficientnet_b0,64,32,fp16,8.550911903381348,False,NVIDIA_GeForce_RTX_3070_Ti,8,
efficientnet_b0,64,32,fp32,10.424320220947266,False,NVIDIA_GeForce_RTX_3070_Ti,8,
efficientnet_b0,64,64,bf16,14.599679946899414,False,NVIDIA_GeForce_RTX_3070_Ti,8,
efficientnet_b0,64,64,fp16,12.7457275390625,False,NVIDIA_GeForce_RTX_3070_Ti,8,
efficientnet_b0,64,64,fp32,16.69887924194336,False,NVIDIA_GeForce_RTX_3070_Ti,8,
efficientnet_b0,128,16,bf16,11.202048301696776,False,NVIDIA_GeForce_RTX_3070_Ti,8,
efficientnet_b0,128,16,fp16,9.449472427368164,False,NVIDIA_GeForce_RTX_3070_Ti,8,
efficientnet_b0,128,16,fp32,13.529088020324709,False,NVIDIA_GeForce_RTX_3070_Ti,8,
efficientnet_b0,128,32,bf16,18.27686309814453,False,NVIDIA_GeForce_RTX_3070_Ti,8,
efficientnet_b0,128,32,fp16,14.938624382019045,False,NVIDIA_GeForce_RTX_3070_Ti,8,
efficientnet_b0,128,32,fp32,22.411775588989254,False,NVIDIA_GeForce_RTX_3070_Ti,8,
efficientnet_b0,128,64,bf16,30.413312911987305,False,NVIDIA_GeForce_RTX_3070_Ti,8,
efficientnet_b0,128,64,fp16,24.081920623779297,False,NVIDIA_GeForce_RTX_3070_Ti,8,
efficientnet_b0,128,64,fp32,40.76185607910156,False,NVIDIA_GeForce_RTX_3070_Ti,8,
efficientnet_b0,224,16,bf16,24.43724822998047,False,NVIDIA_GeForce_RTX_3070_Ti,8,
efficientnet_b0,224,16,fp16,18.494464874267575,False,NVIDIA_GeForce_RTX_3070_Ti,8,
efficientnet_b0,224,16,fp32,30.787071228027344,False,NVIDIA_GeForce_RTX_3070_Ti,8,
efficientnet_b0,224,32,bf16,44.384254455566406,False,NVIDIA_GeForce_RTX_3070_Ti,8,
efficientnet_b0,224,32,fp16,33.06700897216797,False,NVIDIA_GeForce_RTX_3070_Ti,8,
efficientnet_b0,224,32,fp32,58.047489166259766,False,NVIDIA_GeForce_RTX_3070_Ti,8,
efficientnet_b0,224,64,bf16,82.71257781982422,False,NVIDIA_GeForce_RTX_3070_Ti,8,
efficientnet_b0,224,64,fp16,61.385215759277344,False,NVIDIA_GeForce_RTX_3070_Ti,8,
efficientnet_b0,224,64,fp32,112.19149017333984,False,NVIDIA_GeForce_RTX_3070_Ti,8,
efficientnet_b3,64,16,bf16,13.593088150024414,False,NVIDIA_GeForce_RTX_3070_Ti,8,
efficientnet_b3,64,16,fp16,12.390912055969238,False,NVIDIA_GeForce_RTX_3070_Ti,8,
efficientnet_b3,64,16,fp32,14.440447807312012,False,NVIDIA_GeForce_RTX_3070_Ti,8,
efficientnet_b3,64,32,bf16,17.775615692138672,False,NVIDIA_GeForce_RTX_3070_Ti,8,
efficientnet_b3,64,32,fp16,15.598079681396484,False,NVIDIA_GeForce_RTX_3070_Ti,8,
efficientnet_b3,64,32,fp32,20.990463256835938,False,NVIDIA_GeForce_RTX_3070_Ti,8,
efficientnet_b3,64,64,bf16,27.189760208129883,False,NVIDIA_GeForce_RTX_3070_Ti,8,
efficientnet_b3,64,64,fp16,22.914560317993164,False,NVIDIA_GeForce_RTX_3070_Ti,8,
efficientnet_b3,64,64,fp32,34.63116836547852,False,NVIDIA_GeForce_RTX_3070_Ti,8,
efficientnet_b3,128,16,bf16,20.794368743896484,False,NVIDIA_GeForce_RTX_3070_Ti,8,
efficientnet_b3,128,16,fp16,16.750591278076172,False,NVIDIA_GeForce_RTX_3070_Ti,8,
efficientnet_b3,128,16,fp32,26.72127914428711,False,NVIDIA_GeForce_RTX_3070_Ti,8,
efficientnet_b3,128,32,bf16,33.645057678222656,False,NVIDIA_GeForce_RTX_3070_Ti,8,
efficientnet_b3,128,32,fp16,26.883583068847656,False,NVIDIA_GeForce_RTX_3070_Ti,8,
efficientnet_b3,128,32,fp32,44.07193756103516,False,NVIDIA_GeForce_RTX_3070_Ti,8,
efficientnet_b3,128,64,bf16,60.029441833496094,False,NVIDIA_GeForce_RTX_3070_Ti,8,
efficientnet_b3,128,64,fp16,47.08966445922852,False,NVIDIA_GeForce_RTX_3070_Ti,8,
efficientnet_b3,128,64,fp32,80.23347473144531,False,NVIDIA_GeForce_RTX_3070_Ti,8,
efficientnet_b3,224,16,bf16,46.818302154541016,False,NVIDIA_GeForce_RTX_3070_Ti,8,
efficientnet_b3,224,16,fp16,34.27686309814453,False,NVIDIA_GeForce_RTX_3070_Ti,8,
efficientnet_b3,224,16,fp32,60.96332931518555,False,NVIDIA_GeForce_RTX_3070_Ti,8,
efficientnet_b3,224,32,bf16,85.42668914794922,False,NVIDIA_GeForce_RTX_3070_Ti,8,
efficientnet_b3,224,32,fp16,62.7696647644043,False,NVIDIA_GeForce_RTX_3070_Ti,8,
efficientnet_b3,224,32,fp32,148.16204833984375,False,NVIDIA_GeForce_RTX_3070_Ti,8,
efficientnet_b3,224,64,bf16,197.6622009277344,False,NVIDIA_GeForce_RTX_3070_Ti,8,
efficientnet_b3,224,64,fp16,153.62815856933594,False,NVIDIA_GeForce_RTX_3070_Ti,8,
efficientnet_b3,224,64,fp32,,True,NVIDIA_GeForce_RTX_3070_Ti,8,
efficientnet_b5,64,16,bf16,25.33888053894043,False,NVIDIA_GeForce_RTX_3070_Ti,8,
efficientnet_b5,64,16,fp16,22.75071907043457,False,NVIDIA_GeForce_RTX_3070_Ti,8,
efficientnet_b5,64,16,fp32,28.339712142944336,False,NVIDIA_GeForce_RTX_3070_Ti,8,
efficientnet_b5,64,32,bf16,34.41715240478516,False,NVIDIA_GeForce_RTX_3070_Ti,8,
efficientnet_b5,64,32,fp16,29.40108871459961,False,NVIDIA_GeForce_RTX_3070_Ti,8,
efficientnet_b5,64,32,fp32,40.78489685058594,False,NVIDIA_GeForce_RTX_3070_Ti,8,
efficientnet_b5,64,64,bf16,53.75385665893555,False,NVIDIA_GeForce_RTX_3070_Ti,8,
efficientnet_b5,64,64,fp16,44.06118392944336,False,NVIDIA_GeForce_RTX_3070_Ti,8,
efficientnet_b5,64,64,fp32,68.12620544433594,False,NVIDIA_GeForce_RTX_3070_Ti,8,
efficientnet_b5,128,16,bf16,39.398399353027344,False,NVIDIA_GeForce_RTX_3070_Ti,8,
efficientnet_b5,128,16,fp16,31.063552856445312,False,NVIDIA_GeForce_RTX_3070_Ti,8,
efficientnet_b5,128,16,fp32,50.59737777709961,False,NVIDIA_GeForce_RTX_3070_Ti,8,
efficientnet_b5,128,32,bf16,64.47923278808594,False,NVIDIA_GeForce_RTX_3070_Ti,8,
efficientnet_b5,128,32,fp16,49.75667190551758,False,NVIDIA_GeForce_RTX_3070_Ti,8,
efficientnet_b5,128,32,fp32,84.64435577392578,False,NVIDIA_GeForce_RTX_3070_Ti,8,
efficientnet_b5,128,64,bf16,113.44384002685548,False,NVIDIA_GeForce_RTX_3070_Ti,8,
efficientnet_b5,128,64,fp16,86.35443115234375,False,NVIDIA_GeForce_RTX_3070_Ti,8,
efficientnet_b5,128,64,fp32,,True,NVIDIA_GeForce_RTX_3070_Ti,8,
efficientnet_b5,224,16,bf16,87.56070709228516,False,NVIDIA_GeForce_RTX_3070_Ti,8,
efficientnet_b5,224,16,fp16,62.05644989013672,False,NVIDIA_GeForce_RTX_3070_Ti,8,
efficientnet_b5,224,16,fp32,115.11756896972656,False,NVIDIA_GeForce_RTX_3070_Ti,8,
efficientnet_b5,224,32,bf16,159.6769256591797,False,NVIDIA_GeForce_RTX_3070_Ti,8,
efficientnet_b5,224,32,fp16,112.48844909667967,False,NVIDIA_GeForce_RTX_3070_Ti,8,
efficientnet_b5,224,32,fp32,,True,NVIDIA_GeForce_RTX_3070_Ti,8,
efficientnet_b5,224,64,bf16,,True,NVIDIA_GeForce_RTX_3070_Ti,8,
efficientnet_b5,224,64,fp16,,True,NVIDIA_GeForce_RTX_3070_Ti,8,
efficientnet_b5,224,64,fp32,,True,NVIDIA_GeForce_RTX_3070_Ti,8,
efficientnetv2_l,64,16,bf16,56.57702255249024,False,NVIDIA_GeForce_RTX_3070_Ti,8,
efficientnetv2_l,64,16,fp16,54.14041519165039,False,NVIDIA_GeForce_RTX_3070_Ti,8,
efficientnetv2_l,64,16,fp32,72.46489715576172,False,NVIDIA_GeForce_RTX_3070_Ti,8,
efficientnetv2_l,64,32,bf16,71.11475372314453,False,NVIDIA_GeForce_RTX_3070_Ti,8,
efficientnetv2_l,64,32,fp16,65.44742584228516,False,NVIDIA_GeForce_RTX_3070_Ti,8,
efficientnetv2_l,64,32,fp32,101.20345306396484,False,NVIDIA_GeForce_RTX_3070_Ti,8,
efficientnetv2_l,64,64,bf16,106.5722885131836,False,NVIDIA_GeForce_RTX_3070_Ti,8,
efficientnetv2_l,64,64,fp16,92.6719970703125,False,NVIDIA_GeForce_RTX_3070_Ti,8,
efficientnetv2_l,64,64,fp32,154.4320068359375,False,NVIDIA_GeForce_RTX_3070_Ti,8,
efficientnetv2_l,128,16,bf16,74.3219223022461,False,NVIDIA_GeForce_RTX_3070_Ti,8,
efficientnetv2_l,128,16,fp16,67.06175994873047,False,NVIDIA_GeForce_RTX_3070_Ti,8,
efficientnetv2_l,128,16,fp32,109.39596557617188,False,NVIDIA_GeForce_RTX_3070_Ti,8,
efficientnetv2_l,128,32,bf16,114.85183715820312,False,NVIDIA_GeForce_RTX_3070_Ti,8,
efficientnetv2_l,128,32,fp16,100.44876861572266,False,NVIDIA_GeForce_RTX_3070_Ti,8,
efficientnetv2_l,128,32,fp32,486.10150146484375,False,NVIDIA_GeForce_RTX_3070_Ti,8,slow_outlier
efficientnetv2_l,128,64,bf16,1059.7216796875,False,NVIDIA_GeForce_RTX_3070_Ti,8,slow_outlier
efficientnetv2_l,128,64,fp16,970.2881469726562,False,NVIDIA_GeForce_RTX_3070_Ti,8,slow_outlier
efficientnetv2_l,128,64,fp32,,True,NVIDIA_GeForce_RTX_3070_Ti,8,
efficientnetv2_l,224,16,bf16,163.3930206298828,False,NVIDIA_GeForce_RTX_3070_Ti,8,
efficientnetv2_l,224,16,fp16,353.56671142578125,False,NVIDIA_GeForce_RTX_3070_Ti,8,slow_outlier
efficientnetv2_l,224,16,fp32,,True,NVIDIA_GeForce_RTX_3070_Ti,8,
efficientnetv2_l,224,32,bf16,,True,NVIDIA_GeForce_RTX_3070_Ti,8,
efficientnetv2_l,224,32,fp16,,True,NVIDIA_GeForce_RTX_3070_Ti,8,
efficientnetv2_l,224,32,fp32,,True,NVIDIA_GeForce_RTX_3070_Ti,8,
efficientnetv2_l,224,64,bf16,,True,NVIDIA_GeForce_RTX_3070_Ti,8,
efficientnetv2_l,224,64,fp16,,True,NVIDIA_GeForce_RTX_3070_Ti,8,
efficientnetv2_l,224,64,fp32,,True,NVIDIA_GeForce_RTX_3070_Ti,8,
efficientnetv2_m,64,16,bf16,33.438720703125,False,NVIDIA_GeForce_RTX_3070_Ti,8,
efficientnetv2_m,64,16,fp16,30.71436882019043,False,NVIDIA_GeForce_RTX_3070_Ti,8,
efficientnetv2_m,64,16,fp32,38.34419250488281,False,NVIDIA_GeForce_RTX_3070_Ti,8,
efficientnetv2_m,64,32,bf16,43.04742431640625,False,NVIDIA_GeForce_RTX_3070_Ti,8,
efficientnetv2_m,64,32,fp16,37.80915069580078,False,NVIDIA_GeForce_RTX_3070_Ti,8,
efficientnetv2_m,64,32,fp32,51.94905471801758,False,NVIDIA_GeForce_RTX_3070_Ti,8,
efficientnetv2_m,64,64,bf16,64.24320220947266,False,NVIDIA_GeForce_RTX_3070_Ti,8,
efficientnetv2_m,64,64,fp16,54.26073455810547,False,NVIDIA_GeForce_RTX_3070_Ti,8,
efficientnetv2_m,64,64,fp32,84.83686065673828,False,NVIDIA_GeForce_RTX_3070_Ti,8,
efficientnetv2_m,128,16,bf16,44.35968017578125,False,NVIDIA_GeForce_RTX_3070_Ti,8,
efficientnetv2_m,128,16,fp16,38.58943939208984,False,NVIDIA_GeForce_RTX_3070_Ti,8,
efficientnetv2_m,128,16,fp32,58.66854476928711,False,NVIDIA_GeForce_RTX_3070_Ti,8,
efficientnetv2_m,128,32,bf16,67.57222747802734,False,NVIDIA_GeForce_RTX_3070_Ti,8,
efficientnetv2_m,128,32,fp16,57.71315383911133,False,NVIDIA_GeForce_RTX_3070_Ti,8,
efficientnetv2_m,128,32,fp32,92.3289566040039,False,NVIDIA_GeForce_RTX_3070_Ti,8,
efficientnetv2_m,128,64,bf16,113.72083282470705,False,NVIDIA_GeForce_RTX_3070_Ti,8,
efficientnetv2_m,128,64,fp16,96.10956573486328,False,NVIDIA_GeForce_RTX_3070_Ti,8,
efficientnetv2_m,128,64,fp32,1178.8861083984375,False,NVIDIA_GeForce_RTX_3070_Ti,8,precision_artifact
efficientnetv2_m,224,16,bf16,88.49664306640625,False,NVIDIA_GeForce_RTX_3070_Ti,8,
efficientnetv2_m,224,16,fp16,70.10765075683594,False,NVIDIA_GeForce_RTX_3070_Ti,8,
efficientnetv2_m,224,16,fp32,119.63085174560548,False,NVIDIA_GeForce_RTX_3070_Ti,8,
efficientnetv2_m,224,32,bf16,155.15493774414062,False,NVIDIA_GeForce_RTX_3070_Ti,8,
efficientnetv2_m,224,32,fp16,123.54867553710938,False,NVIDIA_GeForce_RTX_3070_Ti,8,
efficientnetv2_m,224,32,fp32,,True,NVIDIA_GeForce_RTX_3070_Ti,8,
efficientnetv2_m,224,64,bf16,,True,NVIDIA_GeForce_RTX_3070_Ti,8,
efficientnetv2_m,224,64,fp16,,True,NVIDIA_GeForce_RTX_3070_Ti,8,
efficientnetv2_m,224,64,fp32,,True,NVIDIA_GeForce_RTX_3070_Ti,8,
efficientnetv2_s,64,16,bf16,16.954879760742188,False,NVIDIA_GeForce_RTX_3070_Ti,8,
efficientnetv2_s,64,16,fp16,16.07321548461914,False,NVIDIA_GeForce_RTX_3070_Ti,8,
efficientnetv2_s,64,16,fp32,19.75654411315918,False,NVIDIA_GeForce_RTX_3070_Ti,8,
efficientnetv2_s,64,32,bf16,22.36467170715332,False,NVIDIA_GeForce_RTX_3070_Ti,8,
efficientnetv2_s,64,32,fp16,20.513280868530277,False,NVIDIA_GeForce_RTX_3070_Ti,8,
efficientnetv2_s,64,32,fp32,26.39974403381348,False,NVIDIA_GeForce_RTX_3070_Ti,8,
efficientnetv2_s,64,64,bf16,33.43974304199219,False,NVIDIA_GeForce_RTX_3070_Ti,8,
efficientnetv2_s,64,64,fp16,29.213695526123047,False,NVIDIA_GeForce_RTX_3070_Ti,8,
efficientnetv2_s,64,64,fp32,42.84979248046875,False,NVIDIA_GeForce_RTX_3070_Ti,8,
efficientnetv2_s,128,16,bf16,23.604223251342773,False,NVIDIA_GeForce_RTX_3070_Ti,8,
efficientnetv2_s,128,16,fp16,20.74880027770996,False,NVIDIA_GeForce_RTX_3070_Ti,8,
efficientnetv2_s,128,16,fp32,32.31692886352539,False,NVIDIA_GeForce_RTX_3070_Ti,8,
efficientnetv2_s,128,32,bf16,36.448768615722656,False,NVIDIA_GeForce_RTX_3070_Ti,8,
efficientnetv2_s,128,32,fp16,31.196672439575195,False,NVIDIA_GeForce_RTX_3070_Ti,8,
efficientnetv2_s,128,32,fp32,48.94976043701172,False,NVIDIA_GeForce_RTX_3070_Ti,8,
efficientnetv2_s,128,64,bf16,62.1665267944336,False,NVIDIA_GeForce_RTX_3070_Ti,8,
efficientnetv2_s,128,64,fp16,52.221439361572266,False,NVIDIA_GeForce_RTX_3070_Ti,8,
efficientnetv2_s,128,64,fp32,88.74188995361328,False,NVIDIA_GeForce_RTX_3070_Ti,8,
efficientnetv2_s,224,16,bf16,48.92211151123047,False,NVIDIA_GeForce_RTX_3070_Ti,8,
efficientnetv2_s,224,16,fp16,39.02259063720703,False,NVIDIA_GeForce_RTX_3070_Ti,8,
efficientnetv2_s,224,16,fp32,67.17542266845703,False,NVIDIA_GeForce_RTX_3070_Ti,8,
efficientnetv2_s,224,32,bf16,87.16902160644531,False,NVIDIA_GeForce_RTX_3070_Ti,8,
efficientnetv2_s,224,32,fp16,68.36736297607422,False,NVIDIA_GeForce_RTX_3070_Ti,8,
efficientnetv2_s,224,32,fp32,125.0544662475586,False,NVIDIA_GeForce_RTX_3070_Ti,8,
efficientnetv2_s,224,64,bf16,168.63027954101562,False,NVIDIA_GeForce_RTX_3070_Ti,8,
efficientnetv2_s,224,64,fp16,132.37298583984375,False,NVIDIA_GeForce_RTX_3070_Ti,8,
efficientnetv2_s,224,64,fp32,,True,NVIDIA_GeForce_RTX_3070_Ti,8,
fastvit_t12,64,16,bf16,8.876031875610352,False,NVIDIA_GeForce_RTX_3070_Ti,8,
fastvit_t12,64,16,fp16,8.849408149719238,False,NVIDIA_GeForce_RTX_3070_Ti,8,
fastvit_t12,64,16,fp32,9.606656074523926,False,NVIDIA_GeForce_RTX_3070_Ti,8,
fastvit_t12,64,32,bf16,12.428799629211426,False,NVIDIA_GeForce_RTX_3070_Ti,8,
fastvit_t12,64,32,fp16,11.55737590789795,False,NVIDIA_GeForce_RTX_3070_Ti,8,
fastvit_t12,64,32,fp32,13.460479736328123,False,NVIDIA_GeForce_RTX_3070_Ti,8,
fastvit_t12,64,64,bf16,19.058687210083008,False,NVIDIA_GeForce_RTX_3070_Ti,8,
fastvit_t12,64,64,fp16,18.033151626586918,False,NVIDIA_GeForce_RTX_3070_Ti,8,
fastvit_t12,64,64,fp32,22.116352081298828,False,NVIDIA_GeForce_RTX_3070_Ti,8,
fastvit_t12,128,16,bf16,15.267328262329102,False,NVIDIA_GeForce_RTX_3070_Ti,8,
fastvit_t12,128,16,fp16,13.847552299499512,False,NVIDIA_GeForce_RTX_3070_Ti,8,
fastvit_t12,128,16,fp32,17.73619270324707,False,NVIDIA_GeForce_RTX_3070_Ti,8,
fastvit_t12,128,32,bf16,26.45248031616211,False,NVIDIA_GeForce_RTX_3070_Ti,8,
fastvit_t12,128,32,fp16,23.92780876159668,False,NVIDIA_GeForce_RTX_3070_Ti,8,
fastvit_t12,128,32,fp32,30.600704193115234,False,NVIDIA_GeForce_RTX_3070_Ti,8,
fastvit_t12,128,64,bf16,49.82067108154297,False,NVIDIA_GeForce_RTX_3070_Ti,8,
fastvit_t12,128,64,fp16,44.8460807800293,False,NVIDIA_GeForce_RTX_3070_Ti,8,
fastvit_t12,128,64,fp32,57.57388687133789,False,NVIDIA_GeForce_RTX_3070_Ti,8,
fastvit_t12,224,16,bf16,38.75328063964844,False,NVIDIA_GeForce_RTX_3070_Ti,8,
fastvit_t12,224,16,fp16,34.74534225463867,False,NVIDIA_GeForce_RTX_3070_Ti,8,
fastvit_t12,224,16,fp32,43.76063919067383,False,NVIDIA_GeForce_RTX_3070_Ti,8,
fastvit_t12,224,32,bf16,73.82988739013672,False,NVIDIA_GeForce_RTX_3070_Ti,8,
fastvit_t12,224,32,fp16,66.18931579589844,False,NVIDIA_GeForce_RTX_3070_Ti,8,
fastvit_t12,224,32,fp32,85.90694427490234,False,NVIDIA_GeForce_RTX_3070_Ti,8,
fastvit_t12,224,64,bf16,141.94125366210938,False,NVIDIA_GeForce_RTX_3070_Ti,8,
fastvit_t12,224,64,fp16,127.60883331298828,False,NVIDIA_GeForce_RTX_3070_Ti,8,
fastvit_t12,224,64,fp32,168.7894744873047,False,NVIDIA_GeForce_RTX_3070_Ti,8,
fastvit_t8,64,16,bf16,6.513152122497559,False,NVIDIA_GeForce_RTX_3070_Ti,8,
fastvit_t8,64,16,fp16,6.149631977081299,False,NVIDIA_GeForce_RTX_3070_Ti,8,
fastvit_t8,64,16,fp32,6.2172160148620605,False,NVIDIA_GeForce_RTX_3070_Ti,8,
fastvit_t8,64,32,bf16,8.466431617736816,False,NVIDIA_GeForce_RTX_3070_Ti,8,
fastvit_t8,64,32,fp16,8.187392234802246,False,NVIDIA_GeForce_RTX_3070_Ti,8,
fastvit_t8,64,32,fp32,8.919039726257324,False,NVIDIA_GeForce_RTX_3070_Ti,8,
fastvit_t8,64,64,bf16,13.882368087768556,False,NVIDIA_GeForce_RTX_3070_Ti,8,
fastvit_t8,64,64,fp16,12.600831985473633,False,NVIDIA_GeForce_RTX_3070_Ti,8,
fastvit_t8,64,64,fp32,14.767616271972656,False,NVIDIA_GeForce_RTX_3070_Ti,8,
fastvit_t8,128,16,bf16,10.899968147277832,False,NVIDIA_GeForce_RTX_3070_Ti,8,
fastvit_t8,128,16,fp16,10.44428825378418,False,NVIDIA_GeForce_RTX_3070_Ti,8,
fastvit_t8,128,16,fp32,11.993599891662598,False,NVIDIA_GeForce_RTX_3070_Ti,8,
fastvit_t8,128,32,bf16,19.156991958618164,False,NVIDIA_GeForce_RTX_3070_Ti,8,
fastvit_t8,128,32,fp16,17.21446418762207,False,NVIDIA_GeForce_RTX_3070_Ti,8,
fastvit_t8,128,32,fp32,21.21062469482422,False,NVIDIA_GeForce_RTX_3070_Ti,8,
fastvit_t8,128,64,bf16,34.87744140625,False,NVIDIA_GeForce_RTX_3070_Ti,8,
fastvit_t8,128,64,fp16,31.25350379943848,False,NVIDIA_GeForce_RTX_3070_Ti,8,
fastvit_t8,128,64,fp32,39.54431915283203,False,NVIDIA_GeForce_RTX_3070_Ti,8,
fastvit_t8,224,16,bf16,27.536895751953125,False,NVIDIA_GeForce_RTX_3070_Ti,8,
fastvit_t8,224,16,fp16,24.4638729095459,False,NVIDIA_GeForce_RTX_3070_Ti,8,
fastvit_t8,224,16,fp32,30.44710350036621,False,NVIDIA_GeForce_RTX_3070_Ti,8,
fastvit_t8,224,32,bf16,52.18867111206055,False,NVIDIA_GeForce_RTX_3070_Ti,8,
fastvit_t8,224,32,fp16,46.154239654541016,False,NVIDIA_GeForce_RTX_3070_Ti,8,
fastvit_t8,224,32,fp32,59.21996688842773,False,NVIDIA_GeForce_RTX_3070_Ti,8,
fastvit_t8,224,64,bf16,100.75186920166016,False,NVIDIA_GeForce_RTX_3070_Ti,8,
fastvit_t8,224,64,fp16,89.37625885009766,False,NVIDIA_GeForce_RTX_3070_Ti,8,
fastvit_t8,224,64,fp32,114.84979248046876,False,NVIDIA_GeForce_RTX_3070_Ti,8,
maxvit_tiny_tf_224,64,16,bf16,19.416576385498047,False,NVIDIA_GeForce_RTX_3070_Ti,8,
maxvit_tiny_tf_224,64,16,fp16,18.375167846679688,False,NVIDIA_GeForce_RTX_3070_Ti,8,
maxvit_tiny_tf_224,64,16,fp32,29.27001571655273,False,NVIDIA_GeForce_RTX_3070_Ti,8,
maxvit_tiny_tf_224,64,32,bf16,28.1267204284668,False,NVIDIA_GeForce_RTX_3070_Ti,8,
maxvit_tiny_tf_224,64,32,fp16,26.229759216308597,False,NVIDIA_GeForce_RTX_3070_Ti,8,
maxvit_tiny_tf_224,64,32,fp32,47.28371047973633,False,NVIDIA_GeForce_RTX_3070_Ti,8,
maxvit_tiny_tf_224,64,64,bf16,44.65305709838867,False,NVIDIA_GeForce_RTX_3070_Ti,8,
maxvit_tiny_tf_224,64,64,fp16,41.797630310058594,False,NVIDIA_GeForce_RTX_3070_Ti,8,
maxvit_tiny_tf_224,64,64,fp32,83.04383850097656,False,NVIDIA_GeForce_RTX_3070_Ti,8,
maxvit_tiny_tf_224,128,16,bf16,35.29267120361328,False,NVIDIA_GeForce_RTX_3070_Ti,8,
maxvit_tiny_tf_224,128,16,fp16,32.156158447265625,False,NVIDIA_GeForce_RTX_3070_Ti,8,
maxvit_tiny_tf_224,128,16,fp32,55.83718490600586,False,NVIDIA_GeForce_RTX_3070_Ti,8,
maxvit_tiny_tf_224,128,32,bf16,60.242431640625,False,NVIDIA_GeForce_RTX_3070_Ti,8,
maxvit_tiny_tf_224,128,32,fp16,54.556671142578125,False,NVIDIA_GeForce_RTX_3070_Ti,8,
maxvit_tiny_tf_224,128,32,fp32,100.52403259277344,False,NVIDIA_GeForce_RTX_3070_Ti,8,
maxvit_tiny_tf_224,128,64,bf16,109.12870025634766,False,NVIDIA_GeForce_RTX_3070_Ti,8,
maxvit_tiny_tf_224,128,64,fp16,99.78214263916016,False,NVIDIA_GeForce_RTX_3070_Ti,8,
maxvit_tiny_tf_224,128,64,fp32,,True,NVIDIA_GeForce_RTX_3070_Ti,8,
maxvit_tiny_tf_224,224,16,bf16,83.31775665283203,False,NVIDIA_GeForce_RTX_3070_Ti,8,
maxvit_tiny_tf_224,224,16,fp16,75.64288330078125,False,NVIDIA_GeForce_RTX_3070_Ti,8,
maxvit_tiny_tf_224,224,16,fp32,134.17984008789062,False,NVIDIA_GeForce_RTX_3070_Ti,8,
maxvit_tiny_tf_224,224,32,bf16,151.87149047851562,False,NVIDIA_GeForce_RTX_3070_Ti,8,
maxvit_tiny_tf_224,224,32,fp16,138.09202575683594,False,NVIDIA_GeForce_RTX_3070_Ti,8,
maxvit_tiny_tf_224,224,32,fp32,,True,NVIDIA_GeForce_RTX_3070_Ti,8,
maxvit_tiny_tf_224,224,64,bf16,,True,NVIDIA_GeForce_RTX_3070_Ti,8,
maxvit_tiny_tf_224,224,64,fp16,,True,NVIDIA_GeForce_RTX_3070_Ti,8,
maxvit_tiny_tf_224,224,64,fp32,,True,NVIDIA_GeForce_RTX_3070_Ti,8,
mixer_b16_224,64,16,bf16,15.475711822509766,False,NVIDIA_GeForce_RTX_3070_Ti,8,
mixer_b16_224,64,16,fp16,15.05023956298828,False,NVIDIA_GeForce_RTX_3070_Ti,8,
mixer_b16_224,64,16,fp32,20.99558448791504,False,NVIDIA_GeForce_RTX_3070_Ti,8,
mixer_b16_224,64,32,bf16,21.43641662597656,False,NVIDIA_GeForce_RTX_3070_Ti,8,
mixer_b16_224,64,32,fp16,21.20038414001465,False,NVIDIA_GeForce_RTX_3070_Ti,8,
mixer_b16_224,64,32,fp32,34.90047836303711,False,NVIDIA_GeForce_RTX_3070_Ti,8,
mixer_b16_224,64,64,bf16,34.843135833740234,False,NVIDIA_GeForce_RTX_3070_Ti,8,
mixer_b16_224,64,64,fp16,34.797054290771484,False,NVIDIA_GeForce_RTX_3070_Ti,8,
mixer_b16_224,64,64,fp32,62.0129280090332,False,NVIDIA_GeForce_RTX_3070_Ti,8,
mixer_b16_224,128,16,bf16,25.83756828308105,False,NVIDIA_GeForce_RTX_3070_Ti,8,
mixer_b16_224,128,16,fp16,25.7710075378418,False,NVIDIA_GeForce_RTX_3070_Ti,8,
mixer_b16_224,128,16,fp32,45.60793685913086,False,NVIDIA_GeForce_RTX_3070_Ti,8,
mixer_b16_224,128,32,bf16,41.260032653808594,False,NVIDIA_GeForce_RTX_3070_Ti,8,
mixer_b16_224,128,32,fp16,40.22630310058594,False,NVIDIA_GeForce_RTX_3070_Ti,8,
mixer_b16_224,128,32,fp32,82.08946990966797,False,NVIDIA_GeForce_RTX_3070_Ti,8,
mixer_b16_224,128,64,bf16,73.17196655273438,False,NVIDIA_GeForce_RTX_3070_Ti,8,
mixer_b16_224,128,64,fp16,73.50784301757812,False,NVIDIA_GeForce_RTX_3070_Ti,8,
mixer_b16_224,128,64,fp32,154.20364379882812,False,NVIDIA_GeForce_RTX_3070_Ti,8,
mixer_b16_224,224,16,bf16,57.88364791870117,False,NVIDIA_GeForce_RTX_3070_Ti,8,
mixer_b16_224,224,16,fp16,58.17446517944336,False,NVIDIA_GeForce_RTX_3070_Ti,8,
mixer_b16_224,224,16,fp32,117.63865661621094,False,NVIDIA_GeForce_RTX_3070_Ti,8,
mixer_b16_224,224,32,bf16,107.62751770019533,False,NVIDIA_GeForce_RTX_3070_Ti,8,
mixer_b16_224,224,32,fp16,103.30572509765624,False,NVIDIA_GeForce_RTX_3070_Ti,8,
mixer_b16_224,224,32,fp32,226.97573852539065,False,NVIDIA_GeForce_RTX_3070_Ti,8,
mixer_b16_224,224,64,bf16,198.35494995117188,False,NVIDIA_GeForce_RTX_3070_Ti,8,
mixer_b16_224,224,64,fp16,193.4786529541016,False,NVIDIA_GeForce_RTX_3070_Ti,8,
mixer_b16_224,224,64,fp32,,True,NVIDIA_GeForce_RTX_3070_Ti,8,
mobilenetv2_100,64,16,bf16,4.078591823577881,False,NVIDIA_GeForce_RTX_3070_Ti,8,
mobilenetv2_100,64,16,fp16,3.693567991256714,False,NVIDIA_GeForce_RTX_3070_Ti,8,
mobilenetv2_100,64,16,fp32,4.496895790100098,False,NVIDIA_GeForce_RTX_3070_Ti,8,
mobilenetv2_100,64,32,bf16,6.001152038574219,False,NVIDIA_GeForce_RTX_3070_Ti,8,
mobilenetv2_100,64,32,fp16,5.088768005371094,False,NVIDIA_GeForce_RTX_3070_Ti,8,
mobilenetv2_100,64,32,fp32,6.793216228485107,False,NVIDIA_GeForce_RTX_3070_Ti,8,
mobilenetv2_100,64,64,bf16,9.615872383117676,False,NVIDIA_GeForce_RTX_3070_Ti,8,
mobilenetv2_100,64,64,fp16,7.839231967926025,False,NVIDIA_GeForce_RTX_3070_Ti,8,
mobilenetv2_100,64,64,fp32,11.074048042297363,False,NVIDIA_GeForce_RTX_3070_Ti,8,
mobilenetv2_100,128,16,bf16,7.562751770019531,False,NVIDIA_GeForce_RTX_3070_Ti,8,
mobilenetv2_100,128,16,fp16,6.0344319343566895,False,NVIDIA_GeForce_RTX_3070_Ti,8,
mobilenetv2_100,128,16,fp32,9.442815780639648,False,NVIDIA_GeForce_RTX_3070_Ti,8,
mobilenetv2_100,128,32,bf16,12.703743934631348,False,NVIDIA_GeForce_RTX_3070_Ti,8,
mobilenetv2_100,128,32,fp16,10.019328117370604,False,NVIDIA_GeForce_RTX_3070_Ti,8,
mobilenetv2_100,128,32,fp32,16.301055908203125,False,NVIDIA_GeForce_RTX_3070_Ti,8,
mobilenetv2_100,128,64,bf16,22.55052757263184,False,NVIDIA_GeForce_RTX_3070_Ti,8,
mobilenetv2_100,128,64,fp16,17.26924705505371,False,NVIDIA_GeForce_RTX_3070_Ti,8,
mobilenetv2_100,128,64,fp32,30.130687713623047,False,NVIDIA_GeForce_RTX_3070_Ti,8,
mobilenetv2_100,224,16,bf16,18.25791931152344,False,NVIDIA_GeForce_RTX_3070_Ti,8,
mobilenetv2_100,224,16,fp16,13.87980842590332,False,NVIDIA_GeForce_RTX_3070_Ti,8,
mobilenetv2_100,224,16,fp32,23.04512023925781,False,NVIDIA_GeForce_RTX_3070_Ti,8,
mobilenetv2_100,224,32,bf16,34.05363082885742,False,NVIDIA_GeForce_RTX_3070_Ti,8,
mobilenetv2_100,224,32,fp16,25.452543258666992,False,NVIDIA_GeForce_RTX_3070_Ti,8,
mobilenetv2_100,224,32,fp32,44.29363250732422,False,NVIDIA_GeForce_RTX_3070_Ti,8,
mobilenetv2_100,224,64,bf16,63.82796859741211,False,NVIDIA_GeForce_RTX_3070_Ti,8,
mobilenetv2_100,224,64,fp16,47.81414413452149,False,NVIDIA_GeForce_RTX_3070_Ti,8,
mobilenetv2_100,224,64,fp32,85.82093048095703,False,NVIDIA_GeForce_RTX_3070_Ti,8,
mobilenetv3_large_100,64,16,bf16,4.720128059387207,False,NVIDIA_GeForce_RTX_3070_Ti,8,
mobilenetv3_large_100,64,16,fp16,4.671999931335449,False,NVIDIA_GeForce_RTX_3070_Ti,8,
mobilenetv3_large_100,64,16,fp32,4.578815937042236,False,NVIDIA_GeForce_RTX_3070_Ti,8,
mobilenetv3_large_100,64,32,bf16,5.8224639892578125,False,NVIDIA_GeForce_RTX_3070_Ti,8,
mobilenetv3_large_100,64,32,fp16,5.640192031860352,False,NVIDIA_GeForce_RTX_3070_Ti,8,
mobilenetv3_large_100,64,32,fp32,6.289408206939697,False,NVIDIA_GeForce_RTX_3070_Ti,8,
mobilenetv3_large_100,64,64,bf16,8.562175750732422,False,NVIDIA_GeForce_RTX_3070_Ti,8,
mobilenetv3_large_100,64,64,fp16,7.60371208190918,False,NVIDIA_GeForce_RTX_3070_Ti,8,
mobilenetv3_large_100,64,64,fp32,9.508864402770996,False,NVIDIA_GeForce_RTX_3070_Ti,8,
mobilenetv3_large_100,128,16,bf16,6.93503999710083,False,NVIDIA_GeForce_RTX_3070_Ti,8,
mobilenetv3_large_100,128,16,fp16,6.140927791595459,False,NVIDIA_GeForce_RTX_3070_Ti,8,
mobilenetv3_large_100,128,16,fp32,8.080896377563477,False,NVIDIA_GeForce_RTX_3070_Ti,8,
mobilenetv3_large_100,128,32,bf16,11.44217586517334,False,NVIDIA_GeForce_RTX_3070_Ti,8,
mobilenetv3_large_100,128,32,fp16,9.865216255187988,False,NVIDIA_GeForce_RTX_3070_Ti,8,
mobilenetv3_large_100,128,32,fp32,13.417984008789062,False,NVIDIA_GeForce_RTX_3070_Ti,8,
mobilenetv3_large_100,128,64,bf16,18.9880313873291,False,NVIDIA_GeForce_RTX_3070_Ti,8,
mobilenetv3_large_100,128,64,fp16,15.26527976989746,False,NVIDIA_GeForce_RTX_3070_Ti,8,
mobilenetv3_large_100,128,64,fp32,23.58835220336914,False,NVIDIA_GeForce_RTX_3070_Ti,8,
mobilenetv3_large_100,224,16,bf16,15.204863548278809,False,NVIDIA_GeForce_RTX_3070_Ti,8,
mobilenetv3_large_100,224,16,fp16,11.82975959777832,False,NVIDIA_GeForce_RTX_3070_Ti,8,
mobilenetv3_large_100,224,16,fp32,18.0316162109375,False,NVIDIA_GeForce_RTX_3070_Ti,8,
mobilenetv3_large_100,224,32,bf16,27.389951705932617,False,NVIDIA_GeForce_RTX_3070_Ti,8,
mobilenetv3_large_100,224,32,fp16,20.88140869140625,False,NVIDIA_GeForce_RTX_3070_Ti,8,
mobilenetv3_large_100,224,32,fp32,34.09254455566406,False,NVIDIA_GeForce_RTX_3070_Ti,8,
mobilenetv3_large_100,224,64,bf16,51.53433609008789,False,NVIDIA_GeForce_RTX_3070_Ti,8,
mobilenetv3_large_100,224,64,fp16,39.09785461425781,False,NVIDIA_GeForce_RTX_3070_Ti,8,
mobilenetv3_large_100,224,64,fp32,64.55091094970703,False,NVIDIA_GeForce_RTX_3070_Ti,8,
mobilenetv3_small_100,64,16,bf16,3.821568012237549,False,NVIDIA_GeForce_RTX_3070_Ti,8,
mobilenetv3_small_100,64,16,fp16,5.695487976074219,False,NVIDIA_GeForce_RTX_3070_Ti,8,
mobilenetv3_small_100,64,16,fp32,2.6751999855041504,False,NVIDIA_GeForce_RTX_3070_Ti,8,
mobilenetv3_small_100,64,32,bf16,4.635136127471924,False,NVIDIA_GeForce_RTX_3070_Ti,8,
mobilenetv3_small_100,64,32,fp16,4.357120037078857,False,NVIDIA_GeForce_RTX_3070_Ti,8,
mobilenetv3_small_100,64,32,fp32,3.758591890335083,False,NVIDIA_GeForce_RTX_3070_Ti,8,
mobilenetv3_small_100,64,64,bf16,6.536191940307617,False,NVIDIA_GeForce_RTX_3070_Ti,8,
mobilenetv3_small_100,64,64,fp16,6.343167781829834,False,NVIDIA_GeForce_RTX_3070_Ti,8,
mobilenetv3_small_100,64,64,fp32,4.741631984710693,False,NVIDIA_GeForce_RTX_3070_Ti,8,
mobilenetv3_small_100,128,16,bf16,4.339200019836426,False,NVIDIA_GeForce_RTX_3070_Ti,8,
mobilenetv3_small_100,128,16,fp16,3.816960096359253,False,NVIDIA_GeForce_RTX_3070_Ti,8,
mobilenetv3_small_100,128,16,fp32,3.7370879650115967,False,NVIDIA_GeForce_RTX_3070_Ti,8,
mobilenetv3_small_100,128,32,bf16,5.2111358642578125,False,NVIDIA_GeForce_RTX_3070_Ti,8,
mobilenetv3_small_100,128,32,fp16,4.36787223815918,False,NVIDIA_GeForce_RTX_3070_Ti,8,
mobilenetv3_small_100,128,32,fp32,5.6248321533203125,False,NVIDIA_GeForce_RTX_3070_Ti,8,
mobilenetv3_small_100,128,64,bf16,7.984127998352051,False,NVIDIA_GeForce_RTX_3070_Ti,8,
mobilenetv3_small_100,128,64,fp16,6.38976001739502,False,NVIDIA_GeForce_RTX_3070_Ti,8,
mobilenetv3_small_100,128,64,fp32,9.492992401123049,False,NVIDIA_GeForce_RTX_3070_Ti,8,
mobilenetv3_small_100,224,16,bf16,6.462975978851318,False,NVIDIA_GeForce_RTX_3070_Ti,8,
mobilenetv3_small_100,224,16,fp16,5.143551826477051,False,NVIDIA_GeForce_RTX_3070_Ti,8,
mobilenetv3_small_100,224,16,fp32,7.118847846984863,False,NVIDIA_GeForce_RTX_3070_Ti,8,
mobilenetv3_small_100,224,32,bf16,11.073023796081545,False,NVIDIA_GeForce_RTX_3070_Ti,8,
mobilenetv3_small_100,224,32,fp16,8.173055648803711,False,NVIDIA_GeForce_RTX_3070_Ti,8,
mobilenetv3_small_100,224,32,fp32,13.057024002075195,False,NVIDIA_GeForce_RTX_3070_Ti,8,
mobilenetv3_small_100,224,64,bf16,20.364288330078125,False,NVIDIA_GeForce_RTX_3070_Ti,8,
mobilenetv3_small_100,224,64,fp16,15.02617645263672,False,NVIDIA_GeForce_RTX_3070_Ti,8,
mobilenetv3_small_100,224,64,fp32,24.242176055908203,False,NVIDIA_GeForce_RTX_3070_Ti,8,
mobilevit_s,64,16,bf16,6.819839954376221,False,NVIDIA_GeForce_RTX_3070_Ti,8,
mobilevit_s,64,16,fp16,6.213632106781006,False,NVIDIA_GeForce_RTX_3070_Ti,8,
mobilevit_s,64,16,fp32,7.7358078956604,False,NVIDIA_GeForce_RTX_3070_Ti,8,
mobilevit_s,64,32,bf16,10.46067237854004,False,NVIDIA_GeForce_RTX_3070_Ti,8,
mobilevit_s,64,32,fp16,9.425408363342283,False,NVIDIA_GeForce_RTX_3070_Ti,8,
mobilevit_s,64,32,fp32,12.831744194030762,False,NVIDIA_GeForce_RTX_3070_Ti,8,
mobilevit_s,64,64,bf16,16.188928604125977,False,NVIDIA_GeForce_RTX_3070_Ti,8,
mobilevit_s,64,64,fp16,14.132736206054688,False,NVIDIA_GeForce_RTX_3070_Ti,8,
mobilevit_s,64,64,fp32,22.40307235717773,False,NVIDIA_GeForce_RTX_3070_Ti,8,
mobilevit_s,128,16,bf16,13.235199928283691,False,NVIDIA_GeForce_RTX_3070_Ti,8,
mobilevit_s,128,16,fp16,11.166208267211914,False,NVIDIA_GeForce_RTX_3070_Ti,8,
mobilevit_s,128,16,fp32,18.63065528869629,False,NVIDIA_GeForce_RTX_3070_Ti,8,
mobilevit_s,128,32,bf16,22.85977554321289,False,NVIDIA_GeForce_RTX_3070_Ti,8,
mobilevit_s,128,32,fp16,19.397119522094727,False,NVIDIA_GeForce_RTX_3070_Ti,8,
mobilevit_s,128,32,fp32,33.90822219848633,False,NVIDIA_GeForce_RTX_3070_Ti,8,
mobilevit_s,128,64,bf16,42.51443099975586,False,NVIDIA_GeForce_RTX_3070_Ti,8,
mobilevit_s,128,64,fp16,36.08473587036133,False,NVIDIA_GeForce_RTX_3070_Ti,8,
mobilevit_s,128,64,fp32,63.08863830566406,False,NVIDIA_GeForce_RTX_3070_Ti,8,
mobilevit_s,224,16,bf16,34.54412841796875,False,NVIDIA_GeForce_RTX_3070_Ti,8,
mobilevit_s,224,16,fp16,29.25823974609375,False,NVIDIA_GeForce_RTX_3070_Ti,8,
mobilevit_s,224,16,fp32,54.17984008789063,False,NVIDIA_GeForce_RTX_3070_Ti,8,
mobilevit_s,224,32,bf16,64.78028869628906,False,NVIDIA_GeForce_RTX_3070_Ti,8,
mobilevit_s,224,32,fp16,54.767616271972656,False,NVIDIA_GeForce_RTX_3070_Ti,8,
mobilevit_s,224,32,fp32,104.04096221923828,False,NVIDIA_GeForce_RTX_3070_Ti,8,
mobilevit_s,224,64,bf16,130.06130981445312,False,NVIDIA_GeForce_RTX_3070_Ti,8,
mobilevit_s,224,64,fp16,110.21260833740234,False,NVIDIA_GeForce_RTX_3070_Ti,8,
mobilevit_s,224,64,fp32,,True,NVIDIA_GeForce_RTX_3070_Ti,8,
mobilevit_xs,64,16,bf16,7.1347198486328125,False,NVIDIA_GeForce_RTX_3070_Ti,8,
mobilevit_xs,64,16,fp16,6.612991809844971,False,NVIDIA_GeForce_RTX_3070_Ti,8,
mobilevit_xs,64,16,fp32,5.952511787414551,False,NVIDIA_GeForce_RTX_3070_Ti,8,
mobilevit_xs,64,32,bf16,10.738176345825195,False,NVIDIA_GeForce_RTX_3070_Ti,8,
mobilevit_xs,64,32,fp16,9.903615951538086,False,NVIDIA_GeForce_RTX_3070_Ti,8,
mobilevit_xs,64,32,fp32,9.666560173034668,False,NVIDIA_GeForce_RTX_3070_Ti,8,
mobilevit_xs,64,64,bf16,18.56716728210449,False,NVIDIA_GeForce_RTX_3070_Ti,8,
mobilevit_xs,64,64,fp16,17.035776138305664,False,NVIDIA_GeForce_RTX_3070_Ti,8,
mobilevit_xs,64,64,fp32,16.474111557006836,False,NVIDIA_GeForce_RTX_3070_Ti,8,
mobilevit_xs,128,16,bf16,12.496383666992188,False,NVIDIA_GeForce_RTX_3070_Ti,8,
mobilevit_xs,128,16,fp16,11.25887966156006,False,NVIDIA_GeForce_RTX_3070_Ti,8,
mobilevit_xs,128,16,fp32,14.232576370239258,False,NVIDIA_GeForce_RTX_3070_Ti,8,
mobilevit_xs,128,32,bf16,21.636608123779297,False,NVIDIA_GeForce_RTX_3070_Ti,8,
mobilevit_xs,128,32,fp16,18.7458553314209,False,NVIDIA_GeForce_RTX_3070_Ti,8,
mobilevit_xs,128,32,fp32,25.90361595153809,False,NVIDIA_GeForce_RTX_3070_Ti,8,
mobilevit_xs,128,64,bf16,36.717567443847656,False,NVIDIA_GeForce_RTX_3070_Ti,8,
mobilevit_xs,128,64,fp16,31.433216094970703,False,NVIDIA_GeForce_RTX_3070_Ti,8,
mobilevit_xs,128,64,fp32,48.14387130737305,False,NVIDIA_GeForce_RTX_3070_Ti,8,
mobilevit_xs,224,16,bf16,28.85990333557129,False,NVIDIA_GeForce_RTX_3070_Ti,8,
mobilevit_xs,224,16,fp16,24.51763153076172,False,NVIDIA_GeForce_RTX_3070_Ti,8,
mobilevit_xs,224,16,fp32,42.27481460571289,False,NVIDIA_GeForce_RTX_3070_Ti,8,
mobilevit_xs,224,32,bf16,52.267520904541016,False,NVIDIA_GeForce_RTX_3070_Ti,8,
mobilevit_xs,224,32,fp16,43.61676788330078,False,NVIDIA_GeForce_RTX_3070_Ti,8,
mobilevit_xs,224,32,fp32,80.9507827758789,False,NVIDIA_GeForce_RTX_3070_Ti,8,
mobilevit_xs,224,64,bf16,101.52806091308594,False,NVIDIA_GeForce_RTX_3070_Ti,8,
mobilevit_xs,224,64,fp16,85.59871673583984,False,NVIDIA_GeForce_RTX_3070_Ti,8,
mobilevit_xs,224,64,fp32,,True,NVIDIA_GeForce_RTX_3070_Ti,8,
mobilevit_xxs,64,16,bf16,9.39417552947998,False,NVIDIA_GeForce_RTX_3070_Ti,8,
mobilevit_xxs,64,16,fp16,9.234944343566896,False,NVIDIA_GeForce_RTX_3070_Ti,8,
mobilevit_xxs,64,16,fp32,4.509696006774902,False,NVIDIA_GeForce_RTX_3070_Ti,8,
mobilevit_xxs,64,32,bf16,7.989247798919678,False,NVIDIA_GeForce_RTX_3070_Ti,8,
mobilevit_xxs,64,32,fp16,7.567872047424316,False,NVIDIA_GeForce_RTX_3070_Ti,8,
mobilevit_xxs,64,32,fp32,6.636544227600098,False,NVIDIA_GeForce_RTX_3070_Ti,8,
mobilevit_xxs,64,64,bf16,12.982784271240234,False,NVIDIA_GeForce_RTX_3070_Ti,8,
mobilevit_xxs,64,64,fp16,12.275712013244627,False,NVIDIA_GeForce_RTX_3070_Ti,8,
mobilevit_xxs,64,64,fp32,10.802176475524902,False,NVIDIA_GeForce_RTX_3070_Ti,8,
mobilevit_xxs,128,16,bf16,7.946752071380615,False,NVIDIA_GeForce_RTX_3070_Ti,8,
mobilevit_xxs,128,16,fp16,7.188992023468018,False,NVIDIA_GeForce_RTX_3070_Ti,8,
mobilevit_xxs,128,16,fp32,8.136192321777344,False,NVIDIA_GeForce_RTX_3070_Ti,8,
mobilevit_xxs,128,32,bf16,13.040127754211426,False,NVIDIA_GeForce_RTX_3070_Ti,8,
mobilevit_xxs,128,32,fp16,11.592703819274902,False,NVIDIA_GeForce_RTX_3070_Ti,8,
mobilevit_xxs,128,32,fp32,13.848064422607422,False,NVIDIA_GeForce_RTX_3070_Ti,8,
mobilevit_xxs,128,64,bf16,22.905855178833008,False,NVIDIA_GeForce_RTX_3070_Ti,8,
mobilevit_xxs,128,64,fp16,20.3187198638916,False,NVIDIA_GeForce_RTX_3070_Ti,8,
mobilevit_xxs,128,64,fp32,25.038848876953125,False,NVIDIA_GeForce_RTX_3070_Ti,8,
mobilevit_xxs,224,16,bf16,16.655872344970703,False,NVIDIA_GeForce_RTX_3070_Ti,8,
mobilevit_xxs,224,16,fp16,14.39948844909668,False,NVIDIA_GeForce_RTX_3070_Ti,8,
mobilevit_xxs,224,16,fp32,23.523839950561523,False,NVIDIA_GeForce_RTX_3070_Ti,8,
mobilevit_xxs,224,32,bf16,30.839807510375977,False,NVIDIA_GeForce_RTX_3070_Ti,8,
mobilevit_xxs,224,32,fp16,26.38591957092285,False,NVIDIA_GeForce_RTX_3070_Ti,8,
mobilevit_xxs,224,32,fp32,43.37715148925781,False,NVIDIA_GeForce_RTX_3070_Ti,8,
mobilevit_xxs,224,64,bf16,56.83456039428711,False,NVIDIA_GeForce_RTX_3070_Ti,8,
mobilevit_xxs,224,64,fp16,48.57958221435547,False,NVIDIA_GeForce_RTX_3070_Ti,8,
mobilevit_xxs,224,64,fp32,84.07347106933594,False,NVIDIA_GeForce_RTX_3070_Ti,8,
mobilevitv2_100,64,16,bf16,6.328320026397705,False,NVIDIA_GeForce_RTX_3070_Ti,8,
mobilevitv2_100,64,16,fp16,5.691391944885254,False,NVIDIA_GeForce_RTX_3070_Ti,8,
mobilevitv2_100,64,16,fp32,7.03334379196167,False,NVIDIA_GeForce_RTX_3070_Ti,8,
mobilevitv2_100,64,32,bf16,9.270784378051758,False,NVIDIA_GeForce_RTX_3070_Ti,8,
mobilevitv2_100,64,32,fp16,8.176128387451172,False,NVIDIA_GeForce_RTX_3070_Ti,8,
mobilevitv2_100,64,32,fp32,11.309056282043455,False,NVIDIA_GeForce_RTX_3070_Ti,8,
mobilevitv2_100,64,64,bf16,15.162367820739746,False,NVIDIA_GeForce_RTX_3070_Ti,8,
mobilevitv2_100,64,64,fp16,13.17529582977295,False,NVIDIA_GeForce_RTX_3070_Ti,8,
mobilevitv2_100,64,64,fp32,19.17900848388672,False,NVIDIA_GeForce_RTX_3070_Ti,8,
mobilevitv2_100,128,16,bf16,12.210176467895508,False,NVIDIA_GeForce_RTX_3070_Ti,8,
mobilevitv2_100,128,16,fp16,10.33471965789795,False,NVIDIA_GeForce_RTX_3070_Ti,8,
mobilevitv2_100,128,16,fp32,15.377920150756836,False,NVIDIA_GeForce_RTX_3070_Ti,8,
mobilevitv2_100,128,32,bf16,20.48409652709961,False,NVIDIA_GeForce_RTX_3070_Ti,8,
mobilevitv2_100,128,32,fp16,17.588735580444336,False,NVIDIA_GeForce_RTX_3070_Ti,8,
mobilevitv2_100,128,32,fp32,27.522560119628903,False,NVIDIA_GeForce_RTX_3070_Ti,8,
mobilevitv2_100,128,64,bf16,37.14713668823242,False,NVIDIA_GeForce_RTX_3070_Ti,8,
mobilevitv2_100,128,64,fp16,31.45574378967285,False,NVIDIA_GeForce_RTX_3070_Ti,8,
mobilevitv2_100,128,64,fp32,51.35103988647461,False,NVIDIA_GeForce_RTX_3070_Ti,8,
mobilevitv2_100,224,16,bf16,31.380992889404297,False,NVIDIA_GeForce_RTX_3070_Ti,8,
mobilevitv2_100,224,16,fp16,26.53696060180664,False,NVIDIA_GeForce_RTX_3070_Ti,8,
mobilevitv2_100,224,16,fp32,40.817665100097656,False,NVIDIA_GeForce_RTX_3070_Ti,8,
mobilevitv2_100,224,32,bf16,59.34796905517578,False,NVIDIA_GeForce_RTX_3070_Ti,8,
mobilevitv2_100,224,32,fp16,51.3807373046875,False,NVIDIA_GeForce_RTX_3070_Ti,8,
mobilevitv2_100,224,32,fp32,81.53600311279297,False,NVIDIA_GeForce_RTX_3070_Ti,8,
mobilevitv2_100,224,64,bf16,114.3710708618164,False,NVIDIA_GeForce_RTX_3070_Ti,8,
mobilevitv2_100,224,64,fp16,99.5384292602539,False,NVIDIA_GeForce_RTX_3070_Ti,8,
mobilevitv2_100,224,64,fp32,,True,NVIDIA_GeForce_RTX_3070_Ti,8,
nfnet_l0,64,16,bf16,11.992064476013184,False,NVIDIA_GeForce_RTX_3070_Ti,8,
nfnet_l0,64,16,fp16,11.820032119750977,False,NVIDIA_GeForce_RTX_3070_Ti,8,
nfnet_l0,64,16,fp32,19.175424575805664,False,NVIDIA_GeForce_RTX_3070_Ti,8,
nfnet_l0,64,32,bf16,14.468704223632812,False,NVIDIA_GeForce_RTX_3070_Ti,8,
nfnet_l0,64,32,fp16,14.072319984436035,False,NVIDIA_GeForce_RTX_3070_Ti,8,
nfnet_l0,64,32,fp32,27.063295364379883,False,NVIDIA_GeForce_RTX_3070_Ti,8,
nfnet_l0,64,64,bf16,20.674047470092773,False,NVIDIA_GeForce_RTX_3070_Ti,8,
nfnet_l0,64,64,fp16,20.15078353881836,False,NVIDIA_GeForce_RTX_3070_Ti,8,
nfnet_l0,64,64,fp32,36.66175842285156,False,NVIDIA_GeForce_RTX_3070_Ti,8,
nfnet_l0,128,16,bf16,18.80379295349121,False,NVIDIA_GeForce_RTX_3070_Ti,8,
nfnet_l0,128,16,fp16,18.49689674377441,False,NVIDIA_GeForce_RTX_3070_Ti,8,
nfnet_l0,128,16,fp32,28.96895980834961,False,NVIDIA_GeForce_RTX_3070_Ti,8,
nfnet_l0,128,32,bf16,28.526479721069336,False,NVIDIA_GeForce_RTX_3070_Ti,8,
nfnet_l0,128,32,fp16,28.137983322143555,False,NVIDIA_GeForce_RTX_3070_Ti,8,
nfnet_l0,128,32,fp32,47.82489776611328,False,NVIDIA_GeForce_RTX_3070_Ti,8,
nfnet_l0,128,64,bf16,48.67339324951172,False,NVIDIA_GeForce_RTX_3070_Ti,8,
nfnet_l0,128,64,fp16,48.26163101196289,False,NVIDIA_GeForce_RTX_3070_Ti,8,
nfnet_l0,128,64,fp32,83.13292694091797,False,NVIDIA_GeForce_RTX_3070_Ti,8,
nfnet_l0,224,16,bf16,39.95598220825195,False,NVIDIA_GeForce_RTX_3070_Ti,8,
nfnet_l0,224,16,fp16,39.46131134033203,False,NVIDIA_GeForce_RTX_3070_Ti,8,
nfnet_l0,224,16,fp32,80.53657531738281,False,NVIDIA_GeForce_RTX_3070_Ti,8,
nfnet_l0,224,32,bf16,70.27865600585938,False,NVIDIA_GeForce_RTX_3070_Ti,8,
nfnet_l0,224,32,fp16,69.91458892822266,False,NVIDIA_GeForce_RTX_3070_Ti,8,
nfnet_l0,224,32,fp32,126.71949005126952,False,NVIDIA_GeForce_RTX_3070_Ti,8,
nfnet_l0,224,64,bf16,133.78150939941406,False,NVIDIA_GeForce_RTX_3070_Ti,8,
nfnet_l0,224,64,fp16,133.14866638183594,False,NVIDIA_GeForce_RTX_3070_Ti,8,
nfnet_l0,224,64,fp32,,True,NVIDIA_GeForce_RTX_3070_Ti,8,
pvt_v2_b0,64,16,bf16,4.035071849822998,False,NVIDIA_GeForce_RTX_3070_Ti,8,
pvt_v2_b0,64,16,fp16,3.941375970840454,False,NVIDIA_GeForce_RTX_3070_Ti,8,
pvt_v2_b0,64,16,fp32,11.87993621826172,False,NVIDIA_GeForce_RTX_3070_Ti,8,
pvt_v2_b0,64,32,bf16,5.263360023498535,False,NVIDIA_GeForce_RTX_3070_Ti,8,
pvt_v2_b0,64,32,fp16,5.090303897857666,False,NVIDIA_GeForce_RTX_3070_Ti,8,
pvt_v2_b0,64,32,fp32,6.88588809967041,False,NVIDIA_GeForce_RTX_3070_Ti,8,
pvt_v2_b0,64,64,bf16,7.641088008880615,False,NVIDIA_GeForce_RTX_3070_Ti,8,
pvt_v2_b0,64,64,fp16,7.512063980102539,False,NVIDIA_GeForce_RTX_3070_Ti,8,
pvt_v2_b0,64,64,fp32,10.592767715454102,False,NVIDIA_GeForce_RTX_3070_Ti,8,
pvt_v2_b0,128,16,bf16,7.066624164581299,False,NVIDIA_GeForce_RTX_3070_Ti,8,
pvt_v2_b0,128,16,fp16,7.069695949554443,False,NVIDIA_GeForce_RTX_3070_Ti,8,
pvt_v2_b0,128,16,fp32,9.62816047668457,False,NVIDIA_GeForce_RTX_3070_Ti,8,
pvt_v2_b0,128,32,bf16,10.775551795959473,False,NVIDIA_GeForce_RTX_3070_Ti,8,
pvt_v2_b0,128,32,fp16,11.496447563171388,False,NVIDIA_GeForce_RTX_3070_Ti,8,
pvt_v2_b0,128,32,fp32,16.226303100585938,False,NVIDIA_GeForce_RTX_3070_Ti,8,
pvt_v2_b0,128,64,bf16,19.22764778137207,False,NVIDIA_GeForce_RTX_3070_Ti,8,
pvt_v2_b0,128,64,fp16,19.140607833862305,False,NVIDIA_GeForce_RTX_3070_Ti,8,
pvt_v2_b0,128,64,fp32,29.231103897094727,False,NVIDIA_GeForce_RTX_3070_Ti,8,
pvt_v2_b0,224,16,bf16,15.353856086730955,False,NVIDIA_GeForce_RTX_3070_Ti,8,
pvt_v2_b0,224,16,fp16,15.20076847076416,False,NVIDIA_GeForce_RTX_3070_Ti,8,
pvt_v2_b0,224,16,fp32,24.50585556030273,False,NVIDIA_GeForce_RTX_3070_Ti,8,
pvt_v2_b0,224,32,bf16,25.51296043395996,False,NVIDIA_GeForce_RTX_3070_Ti,8,
pvt_v2_b0,224,32,fp16,25.28358459472656,False,NVIDIA_GeForce_RTX_3070_Ti,8,
pvt_v2_b0,224,32,fp32,41.43155288696289,False,NVIDIA_GeForce_RTX_3070_Ti,8,
pvt_v2_b0,224,64,bf16,47.58220672607422,False,NVIDIA_GeForce_RTX_3070_Ti,8,
pvt_v2_b0,224,64,fp16,46.936065673828125,False,NVIDIA_GeForce_RTX_3070_Ti,8,
pvt_v2_b0,224,64,fp32,77.91053009033203,False,NVIDIA_GeForce_RTX_3070_Ti,8,
pvt_v2_b2,64,16,bf16,10.980352401733398,False,NVIDIA_GeForce_RTX_3070_Ti,8,
pvt_v2_b2,64,16,fp16,10.828288078308104,False,NVIDIA_GeForce_RTX_3070_Ti,8,
pvt_v2_b2,64,16,fp32,13.809663772583008,False,NVIDIA_GeForce_RTX_3070_Ti,8,
pvt_v2_b2,64,32,bf16,14.603263854980469,False,NVIDIA_GeForce_RTX_3070_Ti,8,
pvt_v2_b2,64,32,fp16,14.235136032104492,False,NVIDIA_GeForce_RTX_3070_Ti,8,
pvt_v2_b2,64,32,fp32,20.08576011657715,False,NVIDIA_GeForce_RTX_3070_Ti,8,
pvt_v2_b2,64,64,bf16,21.57926368713379,False,NVIDIA_GeForce_RTX_3070_Ti,8,
pvt_v2_b2,64,64,fp16,20.8143367767334,False,NVIDIA_GeForce_RTX_3070_Ti,8,
pvt_v2_b2,64,64,fp32,32.77926254272461,False,NVIDIA_GeForce_RTX_3070_Ti,8,
pvt_v2_b2,128,16,bf16,19.93881607055664,False,NVIDIA_GeForce_RTX_3070_Ti,8,
pvt_v2_b2,128,16,fp16,19.26348876953125,False,NVIDIA_GeForce_RTX_3070_Ti,8,
pvt_v2_b2,128,16,fp32,31.229440689086918,False,NVIDIA_GeForce_RTX_3070_Ti,8,
pvt_v2_b2,128,32,bf16,32.395774841308594,False,NVIDIA_GeForce_RTX_3070_Ti,8,
pvt_v2_b2,128,32,fp16,31.766016006469727,False,NVIDIA_GeForce_RTX_3070_Ti,8,
pvt_v2_b2,128,32,fp32,52.74777603149414,False,NVIDIA_GeForce_RTX_3070_Ti,8,
pvt_v2_b2,128,64,bf16,56.41164779663086,False,NVIDIA_GeForce_RTX_3070_Ti,8,
pvt_v2_b2,128,64,fp16,55.45113754272461,False,NVIDIA_GeForce_RTX_3070_Ti,8,
pvt_v2_b2,128,64,fp32,95.51360321044922,False,NVIDIA_GeForce_RTX_3070_Ti,8,
pvt_v2_b2,224,16,bf16,46.22848129272461,False,NVIDIA_GeForce_RTX_3070_Ti,8,
pvt_v2_b2,224,16,fp16,45.326847076416016,False,NVIDIA_GeForce_RTX_3070_Ti,8,
pvt_v2_b2,224,16,fp32,79.51155090332031,False,NVIDIA_GeForce_RTX_3070_Ti,8,
pvt_v2_b2,224,32,bf16,80.02252960205078,False,NVIDIA_GeForce_RTX_3070_Ti,8,
pvt_v2_b2,224,32,fp16,78.98316955566406,False,NVIDIA_GeForce_RTX_3070_Ti,8,
pvt_v2_b2,224,32,fp32,141.855224609375,False,NVIDIA_GeForce_RTX_3070_Ti,8,
pvt_v2_b2,224,64,bf16,232.06707763671875,False,NVIDIA_GeForce_RTX_3070_Ti,8,
pvt_v2_b2,224,64,fp16,175.11013793945312,False,NVIDIA_GeForce_RTX_3070_Ti,8,
pvt_v2_b2,224,64,fp32,,True,NVIDIA_GeForce_RTX_3070_Ti,8,
pvt_v2_b5,64,16,bf16,32.370689392089844,False,NVIDIA_GeForce_RTX_3070_Ti,8,
pvt_v2_b5,64,16,fp16,30.94937515258789,False,NVIDIA_GeForce_RTX_3070_Ti,8,
pvt_v2_b5,64,16,fp32,38.90380859375,False,NVIDIA_GeForce_RTX_3070_Ti,8,
pvt_v2_b5,64,32,bf16,42.87590408325195,False,NVIDIA_GeForce_RTX_3070_Ti,8,
pvt_v2_b5,64,32,fp16,41.43257522583008,False,NVIDIA_GeForce_RTX_3070_Ti,8,
pvt_v2_b5,64,32,fp32,54.68108749389648,False,NVIDIA_GeForce_RTX_3070_Ti,8,
pvt_v2_b5,64,64,bf16,58.835968017578125,False,NVIDIA_GeForce_RTX_3070_Ti,8,
pvt_v2_b5,64,64,fp16,56.68608093261719,False,NVIDIA_GeForce_RTX_3070_Ti,8,
pvt_v2_b5,64,64,fp32,85.13587188720703,False,NVIDIA_GeForce_RTX_3070_Ti,8,
pvt_v2_b5,128,16,bf16,50.00447845458984,False,NVIDIA_GeForce_RTX_3070_Ti,8,
pvt_v2_b5,128,16,fp16,48.63385772705078,False,NVIDIA_GeForce_RTX_3070_Ti,8,
pvt_v2_b5,128,16,fp32,79.33491516113281,False,NVIDIA_GeForce_RTX_3070_Ti,8,
pvt_v2_b5,128,32,bf16,78.5607681274414,False,NVIDIA_GeForce_RTX_3070_Ti,8,
pvt_v2_b5,128,32,fp16,77.73747253417969,False,NVIDIA_GeForce_RTX_3070_Ti,8,
pvt_v2_b5,128,32,fp32,131.64646911621094,False,NVIDIA_GeForce_RTX_3070_Ti,8,
pvt_v2_b5,128,64,bf16,130.1017608642578,False,NVIDIA_GeForce_RTX_3070_Ti,8,
pvt_v2_b5,128,64,fp16,128.80844116210938,False,NVIDIA_GeForce_RTX_3070_Ti,8,
pvt_v2_b5,128,64,fp32,,True,NVIDIA_GeForce_RTX_3070_Ti,8,
pvt_v2_b5,224,16,bf16,108.34073638916016,False,NVIDIA_GeForce_RTX_3070_Ti,8,
pvt_v2_b5,224,16,fp16,110.29657745361328,False,NVIDIA_GeForce_RTX_3070_Ti,8,
pvt_v2_b5,224,16,fp32,195.5983428955078,False,NVIDIA_GeForce_RTX_3070_Ti,8,
pvt_v2_b5,224,32,bf16,,True,NVIDIA_GeForce_RTX_3070_Ti,8,
pvt_v2_b5,224,32,fp16,,True,NVIDIA_GeForce_RTX_3070_Ti,8,
pvt_v2_b5,224,32,fp32,,True,NVIDIA_GeForce_RTX_3070_Ti,8,
pvt_v2_b5,224,64,bf16,,True,NVIDIA_GeForce_RTX_3070_Ti,8,
pvt_v2_b5,224,64,fp16,,True,NVIDIA_GeForce_RTX_3070_Ti,8,
pvt_v2_b5,224,64,fp32,,True,NVIDIA_GeForce_RTX_3070_Ti,8,
regnety_032,64,16,bf16,11.25119972229004,False,NVIDIA_GeForce_RTX_3070_Ti,8,
regnety_032,64,16,fp16,10.769920349121094,False,NVIDIA_GeForce_RTX_3070_Ti,8,
regnety_032,64,16,fp32,16.663040161132812,False,NVIDIA_GeForce_RTX_3070_Ti,8,
regnety_032,64,32,bf16,14.59558391571045,False,NVIDIA_GeForce_RTX_3070_Ti,8,
regnety_032,64,32,fp16,13.484543800354004,False,NVIDIA_GeForce_RTX_3070_Ti,8,
regnety_032,64,32,fp32,25.05513572692871,False,NVIDIA_GeForce_RTX_3070_Ti,8,
regnety_032,64,64,bf16,21.276159286499023,False,NVIDIA_GeForce_RTX_3070_Ti,8,
regnety_032,64,64,fp16,18.93888092041016,False,NVIDIA_GeForce_RTX_3070_Ti,8,
regnety_032,64,64,fp32,36.02278518676758,False,NVIDIA_GeForce_RTX_3070_Ti,8,
regnety_032,128,16,bf16,18.80780792236328,False,NVIDIA_GeForce_RTX_3070_Ti,8,
regnety_032,128,16,fp16,16.945663452148438,False,NVIDIA_GeForce_RTX_3070_Ti,8,
regnety_032,128,16,fp32,30.00780868530273,False,NVIDIA_GeForce_RTX_3070_Ti,8,
regnety_032,128,32,bf16,30.313983917236328,False,NVIDIA_GeForce_RTX_3070_Ti,8,
regnety_032,128,32,fp16,27.11603164672852,False,NVIDIA_GeForce_RTX_3070_Ti,8,
regnety_032,128,32,fp32,55.885345458984375,False,NVIDIA_GeForce_RTX_3070_Ti,8,
regnety_032,128,64,bf16,55.6313591003418,False,NVIDIA_GeForce_RTX_3070_Ti,8,
regnety_032,128,64,fp16,48.66918563842773,False,NVIDIA_GeForce_RTX_3070_Ti,8,
regnety_032,128,64,fp32,82.87078094482422,False,NVIDIA_GeForce_RTX_3070_Ti,8,
regnety_032,224,16,bf16,45.501953125,False,NVIDIA_GeForce_RTX_3070_Ti,8,
regnety_032,224,16,fp16,39.2360954284668,False,NVIDIA_GeForce_RTX_3070_Ti,8,
regnety_032,224,16,fp32,85.13945770263672,False,NVIDIA_GeForce_RTX_3070_Ti,8,
regnety_032,224,32,bf16,81.59078216552734,False,NVIDIA_GeForce_RTX_3070_Ti,8,
regnety_032,224,32,fp16,70.10508728027344,False,NVIDIA_GeForce_RTX_3070_Ti,8,
regnety_032,224,32,fp32,131.57376098632812,False,NVIDIA_GeForce_RTX_3070_Ti,8,
regnety_032,224,64,bf16,150.6744384765625,False,NVIDIA_GeForce_RTX_3070_Ti,8,
regnety_032,224,64,fp16,127.0297622680664,False,NVIDIA_GeForce_RTX_3070_Ti,8,
regnety_032,224,64,fp32,,True,NVIDIA_GeForce_RTX_3070_Ti,8,
regnety_080,64,16,bf16,19.81695938110352,False,NVIDIA_GeForce_RTX_3070_Ti,8,
regnety_080,64,16,fp16,19.701759338378903,False,NVIDIA_GeForce_RTX_3070_Ti,8,
regnety_080,64,16,fp32,27.688447952270508,False,NVIDIA_GeForce_RTX_3070_Ti,8,
regnety_080,64,32,bf16,30.606847763061523,False,NVIDIA_GeForce_RTX_3070_Ti,8,
regnety_080,64,32,fp16,30.00115203857422,False,NVIDIA_GeForce_RTX_3070_Ti,8,
regnety_080,64,32,fp32,36.95513534545898,False,NVIDIA_GeForce_RTX_3070_Ti,8,
regnety_080,64,64,bf16,29.676544189453125,False,NVIDIA_GeForce_RTX_3070_Ti,8,
regnety_080,64,64,fp16,28.35814476013184,False,NVIDIA_GeForce_RTX_3070_Ti,8,
regnety_080,64,64,fp32,49.9312629699707,False,NVIDIA_GeForce_RTX_3070_Ti,8,
regnety_080,128,16,bf16,26.62451171875,False,NVIDIA_GeForce_RTX_3070_Ti,8,
regnety_080,128,16,fp16,25.44112014770508,False,NVIDIA_GeForce_RTX_3070_Ti,8,
regnety_080,128,16,fp32,48.63539123535156,False,NVIDIA_GeForce_RTX_3070_Ti,8,
regnety_080,128,32,bf16,44.32332611083984,False,NVIDIA_GeForce_RTX_3070_Ti,8,
regnety_080,128,32,fp16,42.0423698425293,False,NVIDIA_GeForce_RTX_3070_Ti,8,
regnety_080,128,32,fp32,77.6622085571289,False,NVIDIA_GeForce_RTX_3070_Ti,8,
regnety_080,128,64,bf16,80.47718048095703,False,NVIDIA_GeForce_RTX_3070_Ti,8,
regnety_080,128,64,fp16,76.19993591308594,False,NVIDIA_GeForce_RTX_3070_Ti,8,
regnety_080,128,64,fp32,144.80950927734375,False,NVIDIA_GeForce_RTX_3070_Ti,8,
regnety_080,224,16,bf16,68.95820617675781,False,NVIDIA_GeForce_RTX_3070_Ti,8,
regnety_080,224,16,fp16,64.70861053466797,False,NVIDIA_GeForce_RTX_3070_Ti,8,
regnety_080,224,16,fp32,139.2972869873047,False,NVIDIA_GeForce_RTX_3070_Ti,8,
regnety_080,224,32,bf16,119.98875427246094,False,NVIDIA_GeForce_RTX_3070_Ti,8,
regnety_080,224,32,fp16,111.06304168701172,False,NVIDIA_GeForce_RTX_3070_Ti,8,
regnety_080,224,32,fp32,,True,NVIDIA_GeForce_RTX_3070_Ti,8,
regnety_080,224,64,bf16,,True,NVIDIA_GeForce_RTX_3070_Ti,8,
regnety_080,224,64,fp16,,True,NVIDIA_GeForce_RTX_3070_Ti,8,
regnety_080,224,64,fp32,,True,NVIDIA_GeForce_RTX_3070_Ti,8,
regnety_160,64,16,bf16,98.16524505615234,False,NVIDIA_GeForce_RTX_3070_Ti,8,
regnety_160,64,16,fp16,101.7855987548828,False,NVIDIA_GeForce_RTX_3070_Ti,8,
regnety_160,64,16,fp32,40.10956954956055,False,NVIDIA_GeForce_RTX_3070_Ti,8,
regnety_160,64,32,bf16,173.00070190429688,False,NVIDIA_GeForce_RTX_3070_Ti,8,
regnety_160,64,32,fp16,174.46194458007812,False,NVIDIA_GeForce_RTX_3070_Ti,8,slow_outlier
regnety_160,64,32,fp32,62.8403205871582,False,NVIDIA_GeForce_RTX_3070_Ti,8,
regnety_160,64,64,bf16,292.67205810546875,False,NVIDIA_GeForce_RTX_3070_Ti,8,slow_outlier
regnety_160,64,64,fp16,294.1363220214844,False,NVIDIA_GeForce_RTX_3070_Ti,8,slow_outlier
regnety_160,64,64,fp32,101.00479888916016,False,NVIDIA_GeForce_RTX_3070_Ti,8,
regnety_160,128,16,bf16,108.44723510742188,False,NVIDIA_GeForce_RTX_3070_Ti,8,
regnety_160,128,16,fp16,108.91777801513672,False,NVIDIA_GeForce_RTX_3070_Ti,8,
regnety_160,128,16,fp32,72.30361938476562,False,NVIDIA_GeForce_RTX_3070_Ti,8,
regnety_160,128,32,bf16,202.8221435546875,False,NVIDIA_GeForce_RTX_3070_Ti,8,
regnety_160,128,32,fp16,211.7560272216797,False,NVIDIA_GeForce_RTX_3070_Ti,8,
regnety_160,128,32,fp32,131.97567749023438,False,NVIDIA_GeForce_RTX_3070_Ti,8,
regnety_160,128,64,bf16,125.4097900390625,False,NVIDIA_GeForce_RTX_3070_Ti,8,
regnety_160,128,64,fp16,121.35475158691406,False,NVIDIA_GeForce_RTX_3070_Ti,8,
regnety_160,128,64,fp32,,True,NVIDIA_GeForce_RTX_3070_Ti,8,
regnety_160,224,16,bf16,167.41119384765625,False,NVIDIA_GeForce_RTX_3070_Ti,8,
regnety_160,224,16,fp16,162.029052734375,False,NVIDIA_GeForce_RTX_3070_Ti,8,
regnety_160,224,16,fp32,198.1122589111328,False,NVIDIA_GeForce_RTX_3070_Ti,8,
regnety_160,224,32,bf16,,True,NVIDIA_GeForce_RTX_3070_Ti,8,
regnety_160,224,32,fp16,,True,NVIDIA_GeForce_RTX_3070_Ti,8,
regnety_160,224,32,fp32,,True,NVIDIA_GeForce_RTX_3070_Ti,8,
regnety_160,224,64,bf16,,True,NVIDIA_GeForce_RTX_3070_Ti,8,
regnety_160,224,64,fp16,,True,NVIDIA_GeForce_RTX_3070_Ti,8,
regnety_160,224,64,fp32,,True,NVIDIA_GeForce_RTX_3070_Ti,8,
regnety_320,64,16,bf16,42.39616012573242,False,NVIDIA_GeForce_RTX_3070_Ti,8,
regnety_320,64,16,fp16,49.615360260009766,False,NVIDIA_GeForce_RTX_3070_Ti,8,
regnety_320,64,16,fp32,54.65241622924805,False,NVIDIA_GeForce_RTX_3070_Ti,8,
regnety_320,64,32,bf16,51.66139221191406,False,NVIDIA_GeForce_RTX_3070_Ti,8,
regnety_320,64,32,fp16,51.5681266784668,False,NVIDIA_GeForce_RTX_3070_Ti,8,
regnety_320,64,32,fp32,86.1107177734375,False,NVIDIA_GeForce_RTX_3070_Ti,8,
regnety_320,64,64,bf16,76.85478210449219,False,NVIDIA_GeForce_RTX_3070_Ti,8,
regnety_320,64,64,fp16,77.74822235107422,False,NVIDIA_GeForce_RTX_3070_Ti,8,
regnety_320,64,64,fp32,133.8997802734375,False,NVIDIA_GeForce_RTX_3070_Ti,8,
regnety_320,128,16,bf16,70.56031799316406,False,NVIDIA_GeForce_RTX_3070_Ti,8,
regnety_320,128,16,fp16,67.26092529296875,False,NVIDIA_GeForce_RTX_3070_Ti,8,
regnety_320,128,16,fp32,105.82784271240234,False,NVIDIA_GeForce_RTX_3070_Ti,8,
regnety_320,128,32,bf16,113.5831069946289,False,NVIDIA_GeForce_RTX_3070_Ti,8,
regnety_320,128,32,fp16,108.0622100830078,False,NVIDIA_GeForce_RTX_3070_Ti,8,
regnety_320,128,32,fp32,187.47442626953125,False,NVIDIA_GeForce_RTX_3070_Ti,8,
regnety_320,128,64,bf16,200.8908843994141,False,NVIDIA_GeForce_RTX_3070_Ti,8,
regnety_320,128,64,fp16,190.59251403808597,False,NVIDIA_GeForce_RTX_3070_Ti,8,
regnety_320,128,64,fp32,,True,NVIDIA_GeForce_RTX_3070_Ti,8,
regnety_320,224,16,bf16,166.2039031982422,False,NVIDIA_GeForce_RTX_3070_Ti,8,
regnety_320,224,16,fp16,157.1578826904297,False,NVIDIA_GeForce_RTX_3070_Ti,8,
regnety_320,224,16,fp32,,True,NVIDIA_GeForce_RTX_3070_Ti,8,
regnety_320,224,32,bf16,,True,NVIDIA_GeForce_RTX_3070_Ti,8,
regnety_320,224,32,fp16,,True,NVIDIA_GeForce_RTX_3070_Ti,8,
regnety_320,224,32,fp32,,True,NVIDIA_GeForce_RTX_3070_Ti,8,
regnety_320,224,64,bf16,,True,NVIDIA_GeForce_RTX_3070_Ti,8,
regnety_320,224,64,fp16,,True,NVIDIA_GeForce_RTX_3070_Ti,8,
regnety_320,224,64,fp32,,True,NVIDIA_GeForce_RTX_3070_Ti,8,
repvgg_a2,64,16,bf16,9.40236759185791,False,NVIDIA_GeForce_RTX_3070_Ti,8,
repvgg_a2,64,16,fp16,9.085439682006836,False,NVIDIA_GeForce_RTX_3070_Ti,8,
repvgg_a2,64,16,fp32,11.430399894714355,False,NVIDIA_GeForce_RTX_3070_Ti,8,
repvgg_a2,64,32,bf16,12.370431900024414,False,NVIDIA_GeForce_RTX_3070_Ti,8,
repvgg_a2,64,32,fp16,11.700736045837402,False,NVIDIA_GeForce_RTX_3070_Ti,8,
repvgg_a2,64,32,fp32,14.617600440979004,False,NVIDIA_GeForce_RTX_3070_Ti,8,
repvgg_a2,64,64,bf16,17.73209571838379,False,NVIDIA_GeForce_RTX_3070_Ti,8,
repvgg_a2,64,64,fp16,17.18169593811035,False,NVIDIA_GeForce_RTX_3070_Ti,8,
repvgg_a2,64,64,fp32,22.130176544189453,False,NVIDIA_GeForce_RTX_3070_Ti,8,
repvgg_a2,128,16,bf16,15.452159881591797,False,NVIDIA_GeForce_RTX_3070_Ti,8,
repvgg_a2,128,16,fp16,14.60377597808838,False,NVIDIA_GeForce_RTX_3070_Ti,8,
repvgg_a2,128,16,fp32,20.092927932739254,False,NVIDIA_GeForce_RTX_3070_Ti,8,
repvgg_a2,128,32,bf16,23.66873550415039,False,NVIDIA_GeForce_RTX_3070_Ti,8,
repvgg_a2,128,32,fp16,22.038015365600582,False,NVIDIA_GeForce_RTX_3070_Ti,8,
repvgg_a2,128,32,fp32,35.5599365234375,False,NVIDIA_GeForce_RTX_3070_Ti,8,
repvgg_a2,128,64,bf16,43.700225830078125,False,NVIDIA_GeForce_RTX_3070_Ti,8,
repvgg_a2,128,64,fp16,40.337921142578125,False,NVIDIA_GeForce_RTX_3070_Ti,8,
repvgg_a2,128,64,fp32,70.49164581298828,False,NVIDIA_GeForce_RTX_3070_Ti,8,
repvgg_a2,224,16,bf16,34.65318298339844,False,NVIDIA_GeForce_RTX_3070_Ti,8,
repvgg_a2,224,16,fp16,32.21503829956055,False,NVIDIA_GeForce_RTX_3070_Ti,8,
repvgg_a2,224,16,fp32,54.41843032836914,False,NVIDIA_GeForce_RTX_3070_Ti,8,
repvgg_a2,224,32,bf16,66.14988708496094,False,NVIDIA_GeForce_RTX_3070_Ti,8,
repvgg_a2,224,32,fp16,60.90240097045898,False,NVIDIA_GeForce_RTX_3070_Ti,8,
repvgg_a2,224,32,fp32,108.33971405029295,False,NVIDIA_GeForce_RTX_3070_Ti,8,
repvgg_a2,224,64,bf16,117.3411865234375,False,NVIDIA_GeForce_RTX_3070_Ti,8,
repvgg_a2,224,64,fp16,107.8620147705078,False,NVIDIA_GeForce_RTX_3070_Ti,8,
repvgg_a2,224,64,fp32,201.96966552734372,False,NVIDIA_GeForce_RTX_3070_Ti,8,
resmlp_24_224,64,16,bf16,9.40390396118164,False,NVIDIA_GeForce_RTX_3070_Ti,8,
resmlp_24_224,64,16,fp16,9.14739227294922,False,NVIDIA_GeForce_RTX_3070_Ti,8,
resmlp_24_224,64,16,fp32,12.087807655334473,False,NVIDIA_GeForce_RTX_3070_Ti,8,
resmlp_24_224,64,32,bf16,12.44057559967041,False,NVIDIA_GeForce_RTX_3070_Ti,8,
resmlp_24_224,64,32,fp16,11.3187837600708,False,NVIDIA_GeForce_RTX_3070_Ti,8,
resmlp_24_224,64,32,fp32,17.33683204650879,False,NVIDIA_GeForce_RTX_3070_Ti,8,
resmlp_24_224,64,64,bf16,16.241151809692383,False,NVIDIA_GeForce_RTX_3070_Ti,8,
resmlp_24_224,64,64,fp16,15.851519584655762,False,NVIDIA_GeForce_RTX_3070_Ti,8,
resmlp_24_224,64,64,fp32,26.63372802734375,False,NVIDIA_GeForce_RTX_3070_Ti,8,
resmlp_24_224,128,16,bf16,16.46131134033203,False,NVIDIA_GeForce_RTX_3070_Ti,8,
resmlp_24_224,128,16,fp16,16.11724853515625,False,NVIDIA_GeForce_RTX_3070_Ti,8,
resmlp_24_224,128,16,fp32,26.701311111450195,False,NVIDIA_GeForce_RTX_3070_Ti,8,
resmlp_24_224,128,32,bf16,28.68582344055176,False,NVIDIA_GeForce_RTX_3070_Ti,8,
resmlp_24_224,128,32,fp16,27.91935920715332,False,NVIDIA_GeForce_RTX_3070_Ti,8,
resmlp_24_224,128,32,fp32,46.79628753662109,False,NVIDIA_GeForce_RTX_3070_Ti,8,
resmlp_24_224,128,64,bf16,49.2119026184082,False,NVIDIA_GeForce_RTX_3070_Ti,8,
resmlp_24_224,128,64,fp16,48.57600021362305,False,NVIDIA_GeForce_RTX_3070_Ti,8,
resmlp_24_224,128,64,fp32,84.98175811767578,False,NVIDIA_GeForce_RTX_3070_Ti,8,
resmlp_24_224,224,16,bf16,41.75513458251953,False,NVIDIA_GeForce_RTX_3070_Ti,8,
resmlp_24_224,224,16,fp16,41.787391662597656,False,NVIDIA_GeForce_RTX_3070_Ti,8,
resmlp_24_224,224,16,fp32,70.99443054199219,False,NVIDIA_GeForce_RTX_3070_Ti,8,
resmlp_24_224,224,32,bf16,78.49983978271484,False,NVIDIA_GeForce_RTX_3070_Ti,8,
resmlp_24_224,224,32,fp16,75.71199798583984,False,NVIDIA_GeForce_RTX_3070_Ti,8,
resmlp_24_224,224,32,fp32,132.38681030273438,False,NVIDIA_GeForce_RTX_3070_Ti,8,
resmlp_24_224,224,64,bf16,145.833984375,False,NVIDIA_GeForce_RTX_3070_Ti,8,
resmlp_24_224,224,64,fp16,140.66380310058594,False,NVIDIA_GeForce_RTX_3070_Ti,8,
resmlp_24_224,224,64,fp32,,True,NVIDIA_GeForce_RTX_3070_Ti,8,
resnet101,64,16,bf16,17.498111724853516,False,NVIDIA_GeForce_RTX_3070_Ti,8,
resnet101,64,16,fp16,16.753664016723633,False,NVIDIA_GeForce_RTX_3070_Ti,8,
resnet101,64,16,fp32,24.250368118286133,False,NVIDIA_GeForce_RTX_3070_Ti,8,
resnet101,64,32,bf16,23.073280334472656,False,NVIDIA_GeForce_RTX_3070_Ti,8,
resnet101,64,32,fp16,21.417984008789062,False,NVIDIA_GeForce_RTX_3070_Ti,8,
resnet101,64,32,fp32,29.45996856689453,False,NVIDIA_GeForce_RTX_3070_Ti,8,
resnet101,64,64,bf16,29.37139129638672,False,NVIDIA_GeForce_RTX_3070_Ti,8,
resnet101,64,64,fp16,25.963008880615234,False,NVIDIA_GeForce_RTX_3070_Ti,8,
resnet101,64,64,fp32,45.396480560302734,False,NVIDIA_GeForce_RTX_3070_Ti,8,
resnet101,128,16,bf16,25.43769645690918,False,NVIDIA_GeForce_RTX_3070_Ti,8,
resnet101,128,16,fp16,23.71174430847168,False,NVIDIA_GeForce_RTX_3070_Ti,8,
resnet101,128,16,fp32,37.39955139160156,False,NVIDIA_GeForce_RTX_3070_Ti,8,
resnet101,128,32,bf16,40.75827026367188,False,NVIDIA_GeForce_RTX_3070_Ti,8,
resnet101,128,32,fp16,37.42720031738281,False,NVIDIA_GeForce_RTX_3070_Ti,8,
resnet101,128,32,fp32,63.84640121459961,False,NVIDIA_GeForce_RTX_3070_Ti,8,
resnet101,128,64,bf16,70.89202880859375,False,NVIDIA_GeForce_RTX_3070_Ti,8,
resnet101,128,64,fp16,64.56320190429688,False,NVIDIA_GeForce_RTX_3070_Ti,8,
resnet101,128,64,fp32,113.6148452758789,False,NVIDIA_GeForce_RTX_3070_Ti,8,
resnet101,224,16,bf16,59.22560119628906,False,NVIDIA_GeForce_RTX_3070_Ti,8,
resnet101,224,16,fp16,54.302207946777344,False,NVIDIA_GeForce_RTX_3070_Ti,8,
resnet101,224,16,fp32,92.49740600585938,False,NVIDIA_GeForce_RTX_3070_Ti,8,
resnet101,224,32,bf16,106.09919738769533,False,NVIDIA_GeForce_RTX_3070_Ti,8,
resnet101,224,32,fp16,95.89810943603516,False,NVIDIA_GeForce_RTX_3070_Ti,8,
resnet101,224,32,fp32,176.79615783691406,False,NVIDIA_GeForce_RTX_3070_Ti,8,
resnet101,224,64,bf16,196.2941436767578,False,NVIDIA_GeForce_RTX_3070_Ti,8,
resnet101,224,64,fp16,177.6926727294922,False,NVIDIA_GeForce_RTX_3070_Ti,8,
resnet101,224,64,fp32,,True,NVIDIA_GeForce_RTX_3070_Ti,8,
resnet152,64,16,bf16,24.99532890319824,False,NVIDIA_GeForce_RTX_3070_Ti,8,
resnet152,64,16,fp16,24.02355194091797,False,NVIDIA_GeForce_RTX_3070_Ti,8,
resnet152,64,16,fp32,34.7694091796875,False,NVIDIA_GeForce_RTX_3070_Ti,8,
resnet152,64,32,bf16,33.11052703857422,False,NVIDIA_GeForce_RTX_3070_Ti,8,
resnet152,64,32,fp16,30.78041648864746,False,NVIDIA_GeForce_RTX_3070_Ti,8,
resnet152,64,32,fp32,41.57235336303711,False,NVIDIA_GeForce_RTX_3070_Ti,8,
resnet152,64,64,bf16,41.43718338012695,False,NVIDIA_GeForce_RTX_3070_Ti,8,
resnet152,64,64,fp16,36.68889617919922,False,NVIDIA_GeForce_RTX_3070_Ti,8,
resnet152,64,64,fp32,64.09471893310547,False,NVIDIA_GeForce_RTX_3070_Ti,8,
resnet152,128,16,bf16,36.08371353149414,False,NVIDIA_GeForce_RTX_3070_Ti,8,
resnet152,128,16,fp16,33.783809661865234,False,NVIDIA_GeForce_RTX_3070_Ti,8,
resnet152,128,16,fp32,52.6822395324707,False,NVIDIA_GeForce_RTX_3070_Ti,8,
resnet152,128,32,bf16,57.990142822265625,False,NVIDIA_GeForce_RTX_3070_Ti,8,
resnet152,128,32,fp16,53.44255828857422,False,NVIDIA_GeForce_RTX_3070_Ti,8,
resnet152,128,32,fp32,90.67008209228516,False,NVIDIA_GeForce_RTX_3070_Ti,8,
resnet152,128,64,bf16,100.49177551269533,False,NVIDIA_GeForce_RTX_3070_Ti,8,
resnet152,128,64,fp16,91.7795867919922,False,NVIDIA_GeForce_RTX_3070_Ti,8,
resnet152,128,64,fp32,162.11660766601562,False,NVIDIA_GeForce_RTX_3070_Ti,8,
resnet152,224,16,bf16,84.05811309814453,False,NVIDIA_GeForce_RTX_3070_Ti,8,
resnet152,224,16,fp16,77.1957778930664,False,NVIDIA_GeForce_RTX_3070_Ti,8,
resnet152,224,16,fp32,132.06732177734375,False,NVIDIA_GeForce_RTX_3070_Ti,8,
resnet152,224,32,bf16,150.54949951171875,False,NVIDIA_GeForce_RTX_3070_Ti,8,
resnet152,224,32,fp16,136.90777587890625,False,NVIDIA_GeForce_RTX_3070_Ti,8,
resnet152,224,32,fp32,,True,NVIDIA_GeForce_RTX_3070_Ti,8,
resnet152,224,64,bf16,,True,NVIDIA_GeForce_RTX_3070_Ti,8,
resnet152,224,64,fp16,,True,NVIDIA_GeForce_RTX_3070_Ti,8,
resnet152,224,64,fp32,,True,NVIDIA_GeForce_RTX_3070_Ti,8,
resnet18,64,16,bf16,3.700223922729492,False,NVIDIA_GeForce_RTX_3070_Ti,8,
resnet18,64,16,fp16,3.5773439407348637,False,NVIDIA_GeForce_RTX_3070_Ti,8,
resnet18,64,16,fp32,4.290048122406006,False,NVIDIA_GeForce_RTX_3070_Ti,8,
resnet18,64,32,bf16,4.613120079040527,False,NVIDIA_GeForce_RTX_3070_Ti,8,
resnet18,64,32,fp16,4.360703945159912,False,NVIDIA_GeForce_RTX_3070_Ti,8,
resnet18,64,32,fp32,5.656576156616211,False,NVIDIA_GeForce_RTX_3070_Ti,8,
resnet18,64,64,bf16,6.467072010040283,False,NVIDIA_GeForce_RTX_3070_Ti,8,
resnet18,64,64,fp16,5.995520114898682,False,NVIDIA_GeForce_RTX_3070_Ti,8,
resnet18,64,64,fp32,8.435199737548828,False,NVIDIA_GeForce_RTX_3070_Ti,8,
resnet18,128,16,bf16,6.106112003326416,False,NVIDIA_GeForce_RTX_3070_Ti,8,
resnet18,128,16,fp16,5.798912048339844,False,NVIDIA_GeForce_RTX_3070_Ti,8,
resnet18,128,16,fp32,8.1080322265625,False,NVIDIA_GeForce_RTX_3070_Ti,8,
resnet18,128,32,bf16,9.64352035522461,False,NVIDIA_GeForce_RTX_3070_Ti,8,
resnet18,128,32,fp16,8.893952369689941,False,NVIDIA_GeForce_RTX_3070_Ti,8,
resnet18,128,32,fp32,13.515775680541992,False,NVIDIA_GeForce_RTX_3070_Ti,8,
resnet18,128,64,bf16,16.3819522857666,False,NVIDIA_GeForce_RTX_3070_Ti,8,
resnet18,128,64,fp16,15.004672050476074,False,NVIDIA_GeForce_RTX_3070_Ti,8,
resnet18,128,64,fp32,24.368640899658203,False,NVIDIA_GeForce_RTX_3070_Ti,8,
resnet18,224,16,bf16,13.955072402954102,False,NVIDIA_GeForce_RTX_3070_Ti,8,
resnet18,224,16,fp16,12.886015892028809,False,NVIDIA_GeForce_RTX_3070_Ti,8,
resnet18,224,16,fp32,20.4267520904541,False,NVIDIA_GeForce_RTX_3070_Ti,8,
resnet18,224,32,bf16,24.26572799682617,False,NVIDIA_GeForce_RTX_3070_Ti,8,
resnet18,224,32,fp16,22.131200790405277,False,NVIDIA_GeForce_RTX_3070_Ti,8,
resnet18,224,32,fp32,38.05081558227539,False,NVIDIA_GeForce_RTX_3070_Ti,8,
resnet18,224,64,bf16,44.81126403808594,False,NVIDIA_GeForce_RTX_3070_Ti,8,
resnet18,224,64,fp16,40.877567291259766,False,NVIDIA_GeForce_RTX_3070_Ti,8,
resnet18,224,64,fp32,71.18386840820312,False,NVIDIA_GeForce_RTX_3070_Ti,8,
resnet200,64,16,bf16,29.478912353515625,False,NVIDIA_GeForce_RTX_3070_Ti,8,
resnet200,64,16,fp16,28.130815505981445,False,NVIDIA_GeForce_RTX_3070_Ti,8,
resnet200,64,16,fp32,40.15564727783203,False,NVIDIA_GeForce_RTX_3070_Ti,8,
resnet200,64,32,bf16,39.72915267944336,False,NVIDIA_GeForce_RTX_3070_Ti,8,
resnet200,64,32,fp16,36.79743957519531,False,NVIDIA_GeForce_RTX_3070_Ti,8,
resnet200,64,32,fp32,50.982398986816406,False,NVIDIA_GeForce_RTX_3070_Ti,8,
resnet200,64,64,bf16,51.69817733764648,False,NVIDIA_GeForce_RTX_3070_Ti,8,
resnet200,64,64,fp16,45.92435073852539,False,NVIDIA_GeForce_RTX_3070_Ti,8,
resnet200,64,64,fp32,80.06400299072266,False,NVIDIA_GeForce_RTX_3070_Ti,8,
resnet200,128,16,bf16,46.97395324707031,False,NVIDIA_GeForce_RTX_3070_Ti,8,
resnet200,128,16,fp16,43.74067306518555,False,NVIDIA_GeForce_RTX_3070_Ti,8,
resnet200,128,16,fp32,67.08633422851562,False,NVIDIA_GeForce_RTX_3070_Ti,8,
resnet200,128,32,bf16,76.12210845947266,False,NVIDIA_GeForce_RTX_3070_Ti,8,
resnet200,128,32,fp16,70.08153533935547,False,NVIDIA_GeForce_RTX_3070_Ti,8,
resnet200,128,32,fp32,117.85369873046876,False,NVIDIA_GeForce_RTX_3070_Ti,8,
resnet200,128,64,bf16,134.35699462890625,False,NVIDIA_GeForce_RTX_3070_Ti,8,
resnet200,128,64,fp16,121.7817611694336,False,NVIDIA_GeForce_RTX_3070_Ti,8,
resnet200,128,64,fp32,220.0432586669922,False,NVIDIA_GeForce_RTX_3070_Ti,8,
resnet200,224,16,bf16,110.53311920166016,False,NVIDIA_GeForce_RTX_3070_Ti,8,
resnet200,224,16,fp16,100.7861785888672,False,NVIDIA_GeForce_RTX_3070_Ti,8,
resnet200,224,16,fp32,175.88223266601562,False,NVIDIA_GeForce_RTX_3070_Ti,8,
resnet200,224,32,bf16,198.3073272705078,False,NVIDIA_GeForce_RTX_3070_Ti,8,
resnet200,224,32,fp16,178.7289581298828,False,NVIDIA_GeForce_RTX_3070_Ti,8,
resnet200,224,32,fp32,,True,NVIDIA_GeForce_RTX_3070_Ti,8,
resnet200,224,64,bf16,,True,NVIDIA_GeForce_RTX_3070_Ti,8,
resnet200,224,64,fp16,,True,NVIDIA_GeForce_RTX_3070_Ti,8,
resnet200,224,64,fp32,,True,NVIDIA_GeForce_RTX_3070_Ti,8,
resnet50,64,16,bf16,9.110527992248535,False,NVIDIA_GeForce_RTX_3070_Ti,8,
resnet50,64,16,fp16,8.60927963256836,False,NVIDIA_GeForce_RTX_3070_Ti,8,
resnet50,64,16,fp32,12.200960159301758,False,NVIDIA_GeForce_RTX_3070_Ti,8,
resnet50,64,32,bf16,12.123647689819336,False,NVIDIA_GeForce_RTX_3070_Ti,8,
resnet50,64,32,fp16,11.050496101379396,False,NVIDIA_GeForce_RTX_3070_Ti,8,
resnet50,64,32,fp32,16.795135498046875,False,NVIDIA_GeForce_RTX_3070_Ti,8,
resnet50,64,64,bf16,17.10028839111328,False,NVIDIA_GeForce_RTX_3070_Ti,8,
resnet50,64,64,fp16,14.826496124267578,False,NVIDIA_GeForce_RTX_3070_Ti,8,
resnet50,64,64,fp32,26.265087127685547,False,NVIDIA_GeForce_RTX_3070_Ti,8,
resnet50,128,16,bf16,15.106559753417969,False,NVIDIA_GeForce_RTX_3070_Ti,8,
resnet50,128,16,fp16,13.804032325744627,False,NVIDIA_GeForce_RTX_3070_Ti,8,
resnet50,128,16,fp32,22.160383224487305,False,NVIDIA_GeForce_RTX_3070_Ti,8,
resnet50,128,32,bf16,24.26982307434082,False,NVIDIA_GeForce_RTX_3070_Ti,8,
resnet50,128,32,fp16,21.916160583496094,False,NVIDIA_GeForce_RTX_3070_Ti,8,
resnet50,128,32,fp32,37.80147171020508,False,NVIDIA_GeForce_RTX_3070_Ti,8,
resnet50,128,64,bf16,43.05971145629883,False,NVIDIA_GeForce_RTX_3070_Ti,8,
resnet50,128,64,fp16,38.54489517211914,False,NVIDIA_GeForce_RTX_3070_Ti,8,
resnet50,128,64,fp32,67.96185302734375,False,NVIDIA_GeForce_RTX_3070_Ti,8,
resnet50,224,16,bf16,35.27219009399414,False,NVIDIA_GeForce_RTX_3070_Ti,8,
resnet50,224,16,fp16,31.80031967163086,False,NVIDIA_GeForce_RTX_3070_Ti,8,
resnet50,224,16,fp32,54.89049530029297,False,NVIDIA_GeForce_RTX_3070_Ti,8,
resnet50,224,32,bf16,63.00620651245117,False,NVIDIA_GeForce_RTX_3070_Ti,8,
resnet50,224,32,fp16,56.43110275268555,False,NVIDIA_GeForce_RTX_3070_Ti,8,
resnet50,224,32,fp32,104.0552978515625,False,NVIDIA_GeForce_RTX_3070_Ti,8,
resnet50,224,64,bf16,117.79788970947266,False,NVIDIA_GeForce_RTX_3070_Ti,8,
resnet50,224,64,fp16,106.61837005615234,False,NVIDIA_GeForce_RTX_3070_Ti,8,
resnet50,224,64,fp32,,True,NVIDIA_GeForce_RTX_3070_Ti,8,
resnext101_64x4d,64,16,bf16,25.11052894592285,False,NVIDIA_GeForce_RTX_3070_Ti,8,
resnext101_64x4d,64,16,fp16,24.05939292907715,False,NVIDIA_GeForce_RTX_3070_Ti,8,
resnext101_64x4d,64,16,fp32,54.90176010131836,False,NVIDIA_GeForce_RTX_3070_Ti,8,
resnext101_64x4d,64,32,bf16,32.877567291259766,False,NVIDIA_GeForce_RTX_3070_Ti,8,
resnext101_64x4d,64,32,fp16,30.65292739868164,False,NVIDIA_GeForce_RTX_3070_Ti,8,
resnext101_64x4d,64,32,fp32,68.61619567871094,False,NVIDIA_GeForce_RTX_3070_Ti,8,
resnext101_64x4d,64,64,bf16,49.82476806640625,False,NVIDIA_GeForce_RTX_3070_Ti,8,
resnext101_64x4d,64,64,fp16,44.53324890136719,False,NVIDIA_GeForce_RTX_3070_Ti,8,
resnext101_64x4d,64,64,fp32,106.05516815185548,False,NVIDIA_GeForce_RTX_3070_Ti,8,
resnext101_64x4d,128,16,bf16,43.81439971923828,False,NVIDIA_GeForce_RTX_3070_Ti,8,
resnext101_64x4d,128,16,fp16,41.14022445678711,False,NVIDIA_GeForce_RTX_3070_Ti,8,
resnext101_64x4d,128,16,fp32,80.23193359375,False,NVIDIA_GeForce_RTX_3070_Ti,8,
resnext101_64x4d,128,32,bf16,73.13152313232422,False,NVIDIA_GeForce_RTX_3070_Ti,8,
resnext101_64x4d,128,32,fp16,68.74419403076172,False,NVIDIA_GeForce_RTX_3070_Ti,8,
resnext101_64x4d,128,32,fp32,136.2135009765625,False,NVIDIA_GeForce_RTX_3070_Ti,8,
resnext101_64x4d,128,64,bf16,126.7394561767578,False,NVIDIA_GeForce_RTX_3070_Ti,8,
resnext101_64x4d,128,64,fp16,118.9411849975586,False,NVIDIA_GeForce_RTX_3070_Ti,8,
resnext101_64x4d,128,64,fp32,1329.586669921875,False,NVIDIA_GeForce_RTX_3070_Ti,8,precision_artifact
resnext101_64x4d,224,16,bf16,110.25100708007812,False,NVIDIA_GeForce_RTX_3070_Ti,8,
resnext101_64x4d,224,16,fp16,100.77696228027344,False,NVIDIA_GeForce_RTX_3070_Ti,8,
resnext101_64x4d,224,16,fp32,202.5820159912109,False,NVIDIA_GeForce_RTX_3070_Ti,8,
resnext101_64x4d,224,32,bf16,202.94195556640625,False,NVIDIA_GeForce_RTX_3070_Ti,8,
resnext101_64x4d,224,32,fp16,377.3865051269531,False,NVIDIA_GeForce_RTX_3070_Ti,8,
resnext101_64x4d,224,32,fp32,,True,NVIDIA_GeForce_RTX_3070_Ti,8,
resnext101_64x4d,224,64,bf16,,True,NVIDIA_GeForce_RTX_3070_Ti,8,
resnext101_64x4d,224,64,fp16,,True,NVIDIA_GeForce_RTX_3070_Ti,8,
resnext101_64x4d,224,64,fp32,,True,NVIDIA_GeForce_RTX_3070_Ti,8,
resnext50_32x4d,64,16,bf16,8.949248313903809,False,NVIDIA_GeForce_RTX_3070_Ti,8,
resnext50_32x4d,64,16,fp16,8.350720405578613,False,NVIDIA_GeForce_RTX_3070_Ti,8,
resnext50_32x4d,64,16,fp32,15.373824119567873,False,NVIDIA_GeForce_RTX_3070_Ti,8,
resnext50_32x4d,64,32,bf16,11.996671676635742,False,NVIDIA_GeForce_RTX_3070_Ti,8,
resnext50_32x4d,64,32,fp16,10.782719612121582,False,NVIDIA_GeForce_RTX_3070_Ti,8,
resnext50_32x4d,64,32,fp32,21.914623260498047,False,NVIDIA_GeForce_RTX_3070_Ti,8,
resnext50_32x4d,64,64,bf16,18.979328155517575,False,NVIDIA_GeForce_RTX_3070_Ti,8,
resnext50_32x4d,64,64,fp16,16.323583602905273,False,NVIDIA_GeForce_RTX_3070_Ti,8,
resnext50_32x4d,64,64,fp32,34.208255767822266,False,NVIDIA_GeForce_RTX_3070_Ti,8,
resnext50_32x4d,128,16,bf16,16.398847579956055,False,NVIDIA_GeForce_RTX_3070_Ti,8,
resnext50_32x4d,128,16,fp16,14.746623992919922,False,NVIDIA_GeForce_RTX_3070_Ti,8,
resnext50_32x4d,128,16,fp32,26.516992568969727,False,NVIDIA_GeForce_RTX_3070_Ti,8,
resnext50_32x4d,128,32,bf16,26.99980735778809,False,NVIDIA_GeForce_RTX_3070_Ti,8,
resnext50_32x4d,128,32,fp16,24.447999954223636,False,NVIDIA_GeForce_RTX_3070_Ti,8,
resnext50_32x4d,128,32,fp32,48.632320404052734,False,NVIDIA_GeForce_RTX_3070_Ti,8,
resnext50_32x4d,128,64,bf16,49.064449310302734,False,NVIDIA_GeForce_RTX_3070_Ti,8,
resnext50_32x4d,128,64,fp16,44.1794548034668,False,NVIDIA_GeForce_RTX_3070_Ti,8,
resnext50_32x4d,128,64,fp32,87.11628723144531,False,NVIDIA_GeForce_RTX_3070_Ti,8,
resnext50_32x4d,224,16,bf16,41.05472183227539,False,NVIDIA_GeForce_RTX_3070_Ti,8,
resnext50_32x4d,224,16,fp16,36.48870468139648,False,NVIDIA_GeForce_RTX_3070_Ti,8,
resnext50_32x4d,224,16,fp32,69.57721710205078,False,NVIDIA_GeForce_RTX_3070_Ti,8,
resnext50_32x4d,224,32,bf16,73.9266586303711,False,NVIDIA_GeForce_RTX_3070_Ti,8,
resnext50_32x4d,224,32,fp16,66.16831970214844,False,NVIDIA_GeForce_RTX_3070_Ti,8,
resnext50_32x4d,224,32,fp32,133.34271240234375,False,NVIDIA_GeForce_RTX_3070_Ti,8,
resnext50_32x4d,224,64,bf16,142.03443908691406,False,NVIDIA_GeForce_RTX_3070_Ti,8,
resnext50_32x4d,224,64,fp16,129.0214385986328,False,NVIDIA_GeForce_RTX_3070_Ti,8,
resnext50_32x4d,224,64,fp32,,True,NVIDIA_GeForce_RTX_3070_Ti,8,
swin_base_patch4_window7_224,64,16,bf16,22.71180725097656,False,NVIDIA_GeForce_RTX_3070_Ti,8,
swin_base_patch4_window7_224,64,16,fp16,22.21567916870117,False,NVIDIA_GeForce_RTX_3070_Ti,8,
swin_base_patch4_window7_224,64,16,fp32,31.57708740234375,False,NVIDIA_GeForce_RTX_3070_Ti,8,
swin_base_patch4_window7_224,64,32,bf16,30.643199920654297,False,NVIDIA_GeForce_RTX_3070_Ti,8,
swin_base_patch4_window7_224,64,32,fp16,29.44051170349121,False,NVIDIA_GeForce_RTX_3070_Ti,8,
swin_base_patch4_window7_224,64,32,fp32,48.9169921875,False,NVIDIA_GeForce_RTX_3070_Ti,8,
swin_base_patch4_window7_224,64,64,bf16,46.08204650878906,False,NVIDIA_GeForce_RTX_3070_Ti,8,
swin_base_patch4_window7_224,64,64,fp16,43.94803237915039,False,NVIDIA_GeForce_RTX_3070_Ti,8,
swin_base_patch4_window7_224,64,64,fp32,83.02950286865234,False,NVIDIA_GeForce_RTX_3070_Ti,8,
swin_base_patch4_window7_224,128,16,bf16,64.11724853515625,False,NVIDIA_GeForce_RTX_3070_Ti,8,
swin_base_patch4_window7_224,128,16,fp16,60.47027206420898,False,NVIDIA_GeForce_RTX_3070_Ti,8,
swin_base_patch4_window7_224,128,16,fp32,115.29420471191406,False,NVIDIA_GeForce_RTX_3070_Ti,8,
swin_base_patch4_window7_224,128,32,bf16,109.47532653808594,False,NVIDIA_GeForce_RTX_3070_Ti,8,
swin_base_patch4_window7_224,128,32,fp16,106.57382202148438,False,NVIDIA_GeForce_RTX_3070_Ti,8,
swin_base_patch4_window7_224,128,32,fp32,213.3012542724609,False,NVIDIA_GeForce_RTX_3070_Ti,8,
swin_base_patch4_window7_224,128,64,bf16,235.98439025878903,False,NVIDIA_GeForce_RTX_3070_Ti,8,
swin_base_patch4_window7_224,128,64,fp16,789.1000366210938,False,NVIDIA_GeForce_RTX_3070_Ti,8,slow_outlier
swin_base_patch4_window7_224,128,64,fp32,,True,NVIDIA_GeForce_RTX_3070_Ti,8,
swin_base_patch4_window7_224,224,16,bf16,108.9054718017578,False,NVIDIA_GeForce_RTX_3070_Ti,8,
swin_base_patch4_window7_224,224,16,fp16,103.50592041015624,False,NVIDIA_GeForce_RTX_3070_Ti,8,
swin_base_patch4_window7_224,224,16,fp32,202.25433349609372,False,NVIDIA_GeForce_RTX_3070_Ti,8,
swin_base_patch4_window7_224,224,32,bf16,486.1567993164063,False,NVIDIA_GeForce_RTX_3070_Ti,8,
swin_base_patch4_window7_224,224,32,fp16,513.8258056640625,False,NVIDIA_GeForce_RTX_3070_Ti,8,
swin_base_patch4_window7_224,224,32,fp32,,True,NVIDIA_GeForce_RTX_3070_Ti,8,
swin_base_patch4_window7_224,224,64,bf16,,True,NVIDIA_GeForce_RTX_3070_Ti,8,
swin_base_patch4_window7_224,224,64,fp16,,True,NVIDIA_GeForce_RTX_3070_Ti,8,
swin_base_patch4_window7_224,224,64,fp32,,True,NVIDIA_GeForce_RTX_3070_Ti,8,
swin_tiny_patch4_window7_224,64,16,bf16,9.463808059692385,False,NVIDIA_GeForce_RTX_3070_Ti,8,
swin_tiny_patch4_window7_224,64,16,fp16,9.20729637145996,False,NVIDIA_GeForce_RTX_3070_Ti,8,
swin_tiny_patch4_window7_224,64,16,fp32,13.170175552368164,False,NVIDIA_GeForce_RTX_3070_Ti,8,
swin_tiny_patch4_window7_224,64,32,bf16,13.47225570678711,False,NVIDIA_GeForce_RTX_3070_Ti,8,
swin_tiny_patch4_window7_224,64,32,fp16,12.900351524353027,False,NVIDIA_GeForce_RTX_3070_Ti,8,
swin_tiny_patch4_window7_224,64,32,fp32,21.198335647583008,False,NVIDIA_GeForce_RTX_3070_Ti,8,
swin_tiny_patch4_window7_224,64,64,bf16,20.702720642089844,False,NVIDIA_GeForce_RTX_3070_Ti,8,
swin_tiny_patch4_window7_224,64,64,fp16,20.298240661621094,False,NVIDIA_GeForce_RTX_3070_Ti,8,
swin_tiny_patch4_window7_224,64,64,fp32,36.22553634643555,False,NVIDIA_GeForce_RTX_3070_Ti,8,
swin_tiny_patch4_window7_224,128,16,bf16,22.94118309020996,False,NVIDIA_GeForce_RTX_3070_Ti,8,
swin_tiny_patch4_window7_224,128,16,fp16,22.938623428344727,False,NVIDIA_GeForce_RTX_3070_Ti,8,
swin_tiny_patch4_window7_224,128,16,fp32,40.14387130737305,False,NVIDIA_GeForce_RTX_3070_Ti,8,
swin_tiny_patch4_window7_224,128,32,bf16,40.51046371459961,False,NVIDIA_GeForce_RTX_3070_Ti,8,
swin_tiny_patch4_window7_224,128,32,fp16,39.70355224609375,False,NVIDIA_GeForce_RTX_3070_Ti,8,
swin_tiny_patch4_window7_224,128,32,fp32,74.1217269897461,False,NVIDIA_GeForce_RTX_3070_Ti,8,
swin_tiny_patch4_window7_224,128,64,bf16,74.77760314941406,False,NVIDIA_GeForce_RTX_3070_Ti,8,
swin_tiny_patch4_window7_224,128,64,fp16,72.85759735107422,False,NVIDIA_GeForce_RTX_3070_Ti,8,
swin_tiny_patch4_window7_224,128,64,fp32,140.40576171875,False,NVIDIA_GeForce_RTX_3070_Ti,8,
swin_tiny_patch4_window7_224,224,16,bf16,43.85587310791016,False,NVIDIA_GeForce_RTX_3070_Ti,8,
swin_tiny_patch4_window7_224,224,16,fp16,43.54355239868164,False,NVIDIA_GeForce_RTX_3070_Ti,8,
swin_tiny_patch4_window7_224,224,16,fp32,78.39641571044922,False,NVIDIA_GeForce_RTX_3070_Ti,8,
swin_tiny_patch4_window7_224,224,32,bf16,80.1981430053711,False,NVIDIA_GeForce_RTX_3070_Ti,8,
swin_tiny_patch4_window7_224,224,32,fp16,78.33650970458984,False,NVIDIA_GeForce_RTX_3070_Ti,8,
swin_tiny_patch4_window7_224,224,32,fp32,146.87539672851562,False,NVIDIA_GeForce_RTX_3070_Ti,8,
swin_tiny_patch4_window7_224,224,64,bf16,151.9534149169922,False,NVIDIA_GeForce_RTX_3070_Ti,8,
swin_tiny_patch4_window7_224,224,64,fp16,147.60140991210938,False,NVIDIA_GeForce_RTX_3070_Ti,8,
swin_tiny_patch4_window7_224,224,64,fp32,,True,NVIDIA_GeForce_RTX_3070_Ti,8,
swinv2_cr_tiny_ns_224,64,16,bf16,10.285568237304688,False,NVIDIA_GeForce_RTX_3070_Ti,8,
swinv2_cr_tiny_ns_224,64,16,fp16,10.028032302856444,False,NVIDIA_GeForce_RTX_3070_Ti,8,
swinv2_cr_tiny_ns_224,64,16,fp32,13.50656032562256,False,NVIDIA_GeForce_RTX_3070_Ti,8,
swinv2_cr_tiny_ns_224,64,32,bf16,14.028287887573242,False,NVIDIA_GeForce_RTX_3070_Ti,8,
swinv2_cr_tiny_ns_224,64,32,fp16,13.46560001373291,False,NVIDIA_GeForce_RTX_3070_Ti,8,
swinv2_cr_tiny_ns_224,64,32,fp32,21.15839958190918,False,NVIDIA_GeForce_RTX_3070_Ti,8,
swinv2_cr_tiny_ns_224,64,64,bf16,21.170175552368164,False,NVIDIA_GeForce_RTX_3070_Ti,8,
swinv2_cr_tiny_ns_224,64,64,fp16,20.98739242553711,False,NVIDIA_GeForce_RTX_3070_Ti,8,
swinv2_cr_tiny_ns_224,64,64,fp32,36.187137603759766,False,NVIDIA_GeForce_RTX_3070_Ti,8,
swinv2_cr_tiny_ns_224,128,16,bf16,20.74470329284668,False,NVIDIA_GeForce_RTX_3070_Ti,8,
swinv2_cr_tiny_ns_224,128,16,fp16,20.419584274291992,False,NVIDIA_GeForce_RTX_3070_Ti,8,
swinv2_cr_tiny_ns_224,128,16,fp32,31.93395233154297,False,NVIDIA_GeForce_RTX_3070_Ti,8,
swinv2_cr_tiny_ns_224,128,32,bf16,35.5865592956543,False,NVIDIA_GeForce_RTX_3070_Ti,8,
swinv2_cr_tiny_ns_224,128,32,fp16,35.35718536376953,False,NVIDIA_GeForce_RTX_3070_Ti,8,
swinv2_cr_tiny_ns_224,128,32,fp32,57.8974723815918,False,NVIDIA_GeForce_RTX_3070_Ti,8,
swinv2_cr_tiny_ns_224,128,64,bf16,64.60415649414062,False,NVIDIA_GeForce_RTX_3070_Ti,8,
swinv2_cr_tiny_ns_224,128,64,fp16,64.73318481445312,False,NVIDIA_GeForce_RTX_3070_Ti,8,
swinv2_cr_tiny_ns_224,128,64,fp32,108.54195404052734,False,NVIDIA_GeForce_RTX_3070_Ti,8,
swinv2_cr_tiny_ns_224,224,16,bf16,59.112449645996094,False,NVIDIA_GeForce_RTX_3070_Ti,8,
swinv2_cr_tiny_ns_224,224,16,fp16,58.34905624389648,False,NVIDIA_GeForce_RTX_3070_Ti,8,
swinv2_cr_tiny_ns_224,224,16,fp32,90.7356185913086,False,NVIDIA_GeForce_RTX_3070_Ti,8,
swinv2_cr_tiny_ns_224,224,32,bf16,107.96800231933594,False,NVIDIA_GeForce_RTX_3070_Ti,8,
swinv2_cr_tiny_ns_224,224,32,fp16,105.9082260131836,False,NVIDIA_GeForce_RTX_3070_Ti,8,
swinv2_cr_tiny_ns_224,224,32,fp32,168.679931640625,False,NVIDIA_GeForce_RTX_3070_Ti,8,
swinv2_cr_tiny_ns_224,224,64,bf16,,True,NVIDIA_GeForce_RTX_3070_Ti,8,
swinv2_cr_tiny_ns_224,224,64,fp16,,True,NVIDIA_GeForce_RTX_3070_Ti,8,
swinv2_cr_tiny_ns_224,224,64,fp32,,True,NVIDIA_GeForce_RTX_3070_Ti,8,
twins_pcpvt_small,64,16,bf16,10.198528289794922,False,NVIDIA_GeForce_RTX_3070_Ti,8,
twins_pcpvt_small,64,16,fp16,9.604607582092283,False,NVIDIA_GeForce_RTX_3070_Ti,8,
twins_pcpvt_small,64,16,fp32,12.576255798339844,False,NVIDIA_GeForce_RTX_3070_Ti,8,
twins_pcpvt_small,64,32,bf16,12.810751914978027,False,NVIDIA_GeForce_RTX_3070_Ti,8,
twins_pcpvt_small,64,32,fp16,12.806655883789062,False,NVIDIA_GeForce_RTX_3070_Ti,8,
twins_pcpvt_small,64,32,fp32,18.000896453857422,False,NVIDIA_GeForce_RTX_3070_Ti,8,
twins_pcpvt_small,64,64,bf16,18.439680099487305,False,NVIDIA_GeForce_RTX_3070_Ti,8,
twins_pcpvt_small,64,64,fp16,17.92153549194336,False,NVIDIA_GeForce_RTX_3070_Ti,8,
twins_pcpvt_small,64,64,fp32,29.185535430908203,False,NVIDIA_GeForce_RTX_3070_Ti,8,
twins_pcpvt_small,128,16,bf16,17.551359176635742,False,NVIDIA_GeForce_RTX_3070_Ti,8,
twins_pcpvt_small,128,16,fp16,16.887296676635742,False,NVIDIA_GeForce_RTX_3070_Ti,8,
twins_pcpvt_small,128,16,fp32,27.539968490600582,False,NVIDIA_GeForce_RTX_3070_Ti,8,
twins_pcpvt_small,128,32,bf16,27.876352310180664,False,NVIDIA_GeForce_RTX_3070_Ti,8,
twins_pcpvt_small,128,32,fp16,27.3438720703125,False,NVIDIA_GeForce_RTX_3070_Ti,8,
twins_pcpvt_small,128,32,fp32,45.89056015014648,False,NVIDIA_GeForce_RTX_3070_Ti,8,
twins_pcpvt_small,128,64,bf16,47.65030288696289,False,NVIDIA_GeForce_RTX_3070_Ti,8,
twins_pcpvt_small,128,64,fp16,46.81523132324219,False,NVIDIA_GeForce_RTX_3070_Ti,8,
twins_pcpvt_small,128,64,fp32,82.70336151123047,False,NVIDIA_GeForce_RTX_3070_Ti,8,
twins_pcpvt_small,224,16,bf16,39.616512298583984,False,NVIDIA_GeForce_RTX_3070_Ti,8,
twins_pcpvt_small,224,16,fp16,38.990848541259766,False,NVIDIA_GeForce_RTX_3070_Ti,8,
twins_pcpvt_small,224,16,fp32,68.66995239257812,False,NVIDIA_GeForce_RTX_3070_Ti,8,
twins_pcpvt_small,224,32,bf16,67.72531127929688,False,NVIDIA_GeForce_RTX_3070_Ti,8,
twins_pcpvt_small,224,32,fp16,67.22764587402344,False,NVIDIA_GeForce_RTX_3070_Ti,8,
twins_pcpvt_small,224,32,fp32,121.24620819091795,False,NVIDIA_GeForce_RTX_3070_Ti,8,
twins_pcpvt_small,224,64,bf16,125.63251495361328,False,NVIDIA_GeForce_RTX_3070_Ti,8,
twins_pcpvt_small,224,64,fp16,123.8282241821289,False,NVIDIA_GeForce_RTX_3070_Ti,8,
twins_pcpvt_small,224,64,fp32,,True,NVIDIA_GeForce_RTX_3070_Ti,8,
twins_svt_small,64,16,bf16,11.843584060668944,False,NVIDIA_GeForce_RTX_3070_Ti,8,
twins_svt_small,64,16,fp16,11.510272026062012,False,NVIDIA_GeForce_RTX_3070_Ti,8,
twins_svt_small,64,16,fp32,13.957632064819336,False,NVIDIA_GeForce_RTX_3070_Ti,8,
twins_svt_small,64,32,bf16,17.291263580322266,False,NVIDIA_GeForce_RTX_3070_Ti,8,
twins_svt_small,64,32,fp16,16.756223678588867,False,NVIDIA_GeForce_RTX_3070_Ti,8,
twins_svt_small,64,32,fp32,21.65452766418457,False,NVIDIA_GeForce_RTX_3070_Ti,8,
twins_svt_small,64,64,bf16,27.44934463500977,False,NVIDIA_GeForce_RTX_3070_Ti,8,
twins_svt_small,64,64,fp16,27.137535095214844,False,NVIDIA_GeForce_RTX_3070_Ti,8,
twins_svt_small,64,64,fp32,35.840511322021484,False,NVIDIA_GeForce_RTX_3070_Ti,8,
twins_svt_small,128,16,bf16,22.161407470703125,False,NVIDIA_GeForce_RTX_3070_Ti,8,
twins_svt_small,128,16,fp16,21.65657615661621,False,NVIDIA_GeForce_RTX_3070_Ti,8,
twins_svt_small,128,16,fp32,29.54751968383789,False,NVIDIA_GeForce_RTX_3070_Ti,8,
twins_svt_small,128,32,bf16,37.81068801879883,False,NVIDIA_GeForce_RTX_3070_Ti,8,
twins_svt_small,128,32,fp16,37.0437126159668,False,NVIDIA_GeForce_RTX_3070_Ti,8,
twins_svt_small,128,32,fp32,51.44883346557617,False,NVIDIA_GeForce_RTX_3070_Ti,8,
twins_svt_small,128,64,bf16,67.68793487548828,False,NVIDIA_GeForce_RTX_3070_Ti,8,
twins_svt_small,128,64,fp16,66.95680236816406,False,NVIDIA_GeForce_RTX_3070_Ti,8,
twins_svt_small,128,64,fp32,94.27200317382812,False,NVIDIA_GeForce_RTX_3070_Ti,8,
twins_svt_small,224,16,bf16,39.93856048583984,False,NVIDIA_GeForce_RTX_3070_Ti,8,
twins_svt_small,224,16,fp16,38.57817459106445,False,NVIDIA_GeForce_RTX_3070_Ti,8,
twins_svt_small,224,16,fp32,59.095550537109375,False,NVIDIA_GeForce_RTX_3070_Ti,8,
twins_svt_small,224,32,bf16,70.4353256225586,False,NVIDIA_GeForce_RTX_3070_Ti,8,
twins_svt_small,224,32,fp16,69.2705307006836,False,NVIDIA_GeForce_RTX_3070_Ti,8,
twins_svt_small,224,32,fp32,106.75814056396484,False,NVIDIA_GeForce_RTX_3070_Ti,8,
twins_svt_small,224,64,bf16,131.31878662109375,False,NVIDIA_GeForce_RTX_3070_Ti,8,
twins_svt_small,224,64,fp16,144.51046752929688,False,NVIDIA_GeForce_RTX_3070_Ti,8,
twins_svt_small,224,64,fp32,202.44224548339844,False,NVIDIA_GeForce_RTX_3070_Ti,8,
vit_base_patch16_224,64,16,bf16,18.314239501953125,False,NVIDIA_GeForce_RTX_3070_Ti,8,
vit_base_patch16_224,64,16,fp16,17.746944427490234,False,NVIDIA_GeForce_RTX_3070_Ti,8,
vit_base_patch16_224,64,16,fp32,24.765439987182617,False,NVIDIA_GeForce_RTX_3070_Ti,8,
vit_base_patch16_224,64,32,bf16,24.82534408569336,False,NVIDIA_GeForce_RTX_3070_Ti,8,
vit_base_patch16_224,64,32,fp16,24.577024459838867,False,NVIDIA_GeForce_RTX_3070_Ti,8,
vit_base_patch16_224,64,32,fp32,37.42975997924805,False,NVIDIA_GeForce_RTX_3070_Ti,8,
vit_base_patch16_224,64,64,bf16,36.76211166381836,False,NVIDIA_GeForce_RTX_3070_Ti,8,
vit_base_patch16_224,64,64,fp16,34.47449493408203,False,NVIDIA_GeForce_RTX_3070_Ti,8,
vit_base_patch16_224,64,64,fp32,62.53414535522461,False,NVIDIA_GeForce_RTX_3070_Ti,8,
vit_base_patch16_224,128,16,bf16,34.477054595947266,False,NVIDIA_GeForce_RTX_3070_Ti,8,
vit_base_patch16_224,128,16,fp16,32.188926696777344,False,NVIDIA_GeForce_RTX_3070_Ti,8,
vit_base_patch16_224,128,16,fp32,62.66777420043945,False,NVIDIA_GeForce_RTX_3070_Ti,8,
vit_base_patch16_224,128,32,bf16,52.4692497253418,False,NVIDIA_GeForce_RTX_3070_Ti,8,
vit_base_patch16_224,128,32,fp16,51.78214263916016,False,NVIDIA_GeForce_RTX_3070_Ti,8,
vit_base_patch16_224,128,32,fp32,111.08505249023438,False,NVIDIA_GeForce_RTX_3070_Ti,8,
vit_base_patch16_224,128,64,bf16,92.4943389892578,False,NVIDIA_GeForce_RTX_3070_Ti,8,
vit_base_patch16_224,128,64,fp16,88.5396499633789,False,NVIDIA_GeForce_RTX_3070_Ti,8,
vit_base_patch16_224,128,64,fp32,205.9356231689453,False,NVIDIA_GeForce_RTX_3070_Ti,8,
vit_base_patch16_224,224,16,bf16,71.39993286132812,False,NVIDIA_GeForce_RTX_3070_Ti,8,
vit_base_patch16_224,224,16,fp16,71.85151672363281,False,NVIDIA_GeForce_RTX_3070_Ti,8,
vit_base_patch16_224,224,16,fp32,169.275390625,False,NVIDIA_GeForce_RTX_3070_Ti,8,
vit_base_patch16_224,224,32,bf16,129.93997192382812,False,NVIDIA_GeForce_RTX_3070_Ti,8,
vit_base_patch16_224,224,32,fp16,124.61209869384766,False,NVIDIA_GeForce_RTX_3070_Ti,8,
vit_base_patch16_224,224,32,fp32,328.0230407714844,False,NVIDIA_GeForce_RTX_3070_Ti,8,
vit_base_patch16_224,224,64,bf16,239.28729248046875,False,NVIDIA_GeForce_RTX_3070_Ti,8,
vit_base_patch16_224,224,64,fp16,233.2072906494141,False,NVIDIA_GeForce_RTX_3070_Ti,8,
vit_base_patch16_224,224,64,fp32,,True,NVIDIA_GeForce_RTX_3070_Ti,8,
vit_large_patch16_224,64,16,bf16,58.80524826049805,False,NVIDIA_GeForce_RTX_3070_Ti,8,
vit_large_patch16_224,64,16,fp16,58.95219039916992,False,NVIDIA_GeForce_RTX_3070_Ti,8,
vit_large_patch16_224,64,16,fp32,80.54630279541016,False,NVIDIA_GeForce_RTX_3070_Ti,8,
vit_large_patch16_224,64,32,bf16,77.77689361572266,False,NVIDIA_GeForce_RTX_3070_Ti,8,
vit_large_patch16_224,64,32,fp16,79.03641510009766,False,NVIDIA_GeForce_RTX_3070_Ti,8,
vit_large_patch16_224,64,32,fp32,122.8564453125,False,NVIDIA_GeForce_RTX_3070_Ti,8,
vit_large_patch16_224,64,64,bf16,108.3852767944336,False,NVIDIA_GeForce_RTX_3070_Ti,8,
vit_large_patch16_224,64,64,fp16,106.57894134521484,False,NVIDIA_GeForce_RTX_3070_Ti,8,
vit_large_patch16_224,64,64,fp32,204.7621154785156,False,NVIDIA_GeForce_RTX_3070_Ti,8,
vit_large_patch16_224,128,16,bf16,102.37388610839844,False,NVIDIA_GeForce_RTX_3070_Ti,8,
vit_large_patch16_224,128,16,fp16,100.77798461914062,False,NVIDIA_GeForce_RTX_3070_Ti,8,
vit_large_patch16_224,128,16,fp32,204.92544555664065,False,NVIDIA_GeForce_RTX_3070_Ti,8,
vit_large_patch16_224,128,32,bf16,838.2904052734375,False,NVIDIA_GeForce_RTX_3070_Ti,8,slow_outlier
vit_large_patch16_224,128,32,fp16,903.6093139648438,False,NVIDIA_GeForce_RTX_3070_Ti,8,slow_outlier
vit_large_patch16_224,128,32,fp32,,True,NVIDIA_GeForce_RTX_3070_Ti,8,
vit_large_patch16_224,128,64,bf16,,True,NVIDIA_GeForce_RTX_3070_Ti,8,
vit_large_patch16_224,128,64,fp16,,True,NVIDIA_GeForce_RTX_3070_Ti,8,
vit_large_patch16_224,128,64,fp32,,True,NVIDIA_GeForce_RTX_3070_Ti,8,
vit_large_patch16_224,224,16,bf16,,True,NVIDIA_GeForce_RTX_3070_Ti,8,
vit_large_patch16_224,224,16,fp16,,True,NVIDIA_GeForce_RTX_3070_Ti,8,
vit_large_patch16_224,224,16,fp32,,True,NVIDIA_GeForce_RTX_3070_Ti,8,
vit_large_patch16_224,224,32,bf16,,True,NVIDIA_GeForce_RTX_3070_Ti,8,
vit_large_patch16_224,224,32,fp16,,True,NVIDIA_GeForce_RTX_3070_Ti,8,
vit_large_patch16_224,224,32,fp32,,True,NVIDIA_GeForce_RTX_3070_Ti,8,
vit_large_patch16_224,224,64,bf16,,True,NVIDIA_GeForce_RTX_3070_Ti,8,
vit_large_patch16_224,224,64,fp16,,True,NVIDIA_GeForce_RTX_3070_Ti,8,
vit_large_patch16_224,224,64,fp32,,True,NVIDIA_GeForce_RTX_3070_Ti,8,
vit_small_patch16_224,64,16,bf16,6.556159973144531,False,NVIDIA_GeForce_RTX_3070_Ti,8,
vit_small_patch16_224,64,16,fp16,6.099967956542969,False,NVIDIA_GeForce_RTX_3070_Ti,8,
vit_small_patch16_224,64,16,fp32,9.140735626220703,False,NVIDIA_GeForce_RTX_3070_Ti,8,
vit_small_patch16_224,64,32,bf16,9.085439682006836,False,NVIDIA_GeForce_RTX_3070_Ti,8,
vit_small_patch16_224,64,32,fp16,8.263680458068848,False,NVIDIA_GeForce_RTX_3070_Ti,8,
vit_small_patch16_224,64,32,fp32,13.550592422485352,False,NVIDIA_GeForce_RTX_3070_Ti,8,
vit_small_patch16_224,64,64,bf16,12.811776161193848,False,NVIDIA_GeForce_RTX_3070_Ti,8,
vit_small_patch16_224,64,64,fp16,12.225024223327637,False,NVIDIA_GeForce_RTX_3070_Ti,8,
vit_small_patch16_224,64,64,fp32,20.819456100463867,False,NVIDIA_GeForce_RTX_3070_Ti,8,
vit_small_patch16_224,128,16,bf16,11.663359642028809,False,NVIDIA_GeForce_RTX_3070_Ti,8,
vit_small_patch16_224,128,16,fp16,11.061759948730469,False,NVIDIA_GeForce_RTX_3070_Ti,8,
vit_small_patch16_224,128,16,fp32,21.091327667236328,False,NVIDIA_GeForce_RTX_3070_Ti,8,
vit_small_patch16_224,128,32,bf16,18.374656677246094,False,NVIDIA_GeForce_RTX_3070_Ti,8,
vit_small_patch16_224,128,32,fp16,17.675264358520508,False,NVIDIA_GeForce_RTX_3070_Ti,8,
vit_small_patch16_224,128,32,fp32,37.032447814941406,False,NVIDIA_GeForce_RTX_3070_Ti,8,
vit_small_patch16_224,128,64,bf16,33.971710205078125,False,NVIDIA_GeForce_RTX_3070_Ti,8,
vit_small_patch16_224,128,64,fp16,33.07929611206055,False,NVIDIA_GeForce_RTX_3070_Ti,8,
vit_small_patch16_224,128,64,fp32,66.45299530029297,False,NVIDIA_GeForce_RTX_3070_Ti,8,
vit_small_patch16_224,224,16,bf16,24.715776443481445,False,NVIDIA_GeForce_RTX_3070_Ti,8,
vit_small_patch16_224,224,16,fp16,25.210880279541016,False,NVIDIA_GeForce_RTX_3070_Ti,8,
vit_small_patch16_224,224,16,fp32,56.967681884765625,False,NVIDIA_GeForce_RTX_3070_Ti,8,
vit_small_patch16_224,224,32,bf16,46.49318313598633,False,NVIDIA_GeForce_RTX_3070_Ti,8,
vit_small_patch16_224,224,32,fp16,44.74675369262695,False,NVIDIA_GeForce_RTX_3070_Ti,8,
vit_small_patch16_224,224,32,fp32,106.40230560302734,False,NVIDIA_GeForce_RTX_3070_Ti,8,
vit_small_patch16_224,224,64,bf16,87.76294708251953,False,NVIDIA_GeForce_RTX_3070_Ti,8,
vit_small_patch16_224,224,64,fp16,82.00857543945312,False,NVIDIA_GeForce_RTX_3070_Ti,8,
vit_small_patch16_224,224,64,fp32,206.8147125244141,False,NVIDIA_GeForce_RTX_3070_Ti,8,
vit_tiny_patch16_224,64,16,bf16,3.595263957977295,False,NVIDIA_GeForce_RTX_3070_Ti,8,
vit_tiny_patch16_224,64,16,fp16,3.3121280670166016,False,NVIDIA_GeForce_RTX_3070_Ti,8,
vit_tiny_patch16_224,64,16,fp32,4.164608001708984,False,NVIDIA_GeForce_RTX_3070_Ti,8,
vit_tiny_patch16_224,64,32,bf16,4.497920036315918,False,NVIDIA_GeForce_RTX_3070_Ti,8,
vit_tiny_patch16_224,64,32,fp16,4.187647819519043,False,NVIDIA_GeForce_RTX_3070_Ti,8,
vit_tiny_patch16_224,64,32,fp32,6.18393611907959,False,NVIDIA_GeForce_RTX_3070_Ti,8,
vit_tiny_patch16_224,64,64,bf16,6.299136161804199,False,NVIDIA_GeForce_RTX_3070_Ti,8,
vit_tiny_patch16_224,64,64,fp16,5.670400142669678,False,NVIDIA_GeForce_RTX_3070_Ti,8,
vit_tiny_patch16_224,64,64,fp32,9.20576000213623,False,NVIDIA_GeForce_RTX_3070_Ti,8,
vit_tiny_patch16_224,128,16,bf16,5.744639873504639,False,NVIDIA_GeForce_RTX_3070_Ti,8,
vit_tiny_patch16_224,128,16,fp16,5.11846399307251,False,NVIDIA_GeForce_RTX_3070_Ti,8,
vit_tiny_patch16_224,128,16,fp32,9.283072471618652,False,NVIDIA_GeForce_RTX_3070_Ti,8,
vit_tiny_patch16_224,128,32,bf16,8.224767684936523,False,NVIDIA_GeForce_RTX_3070_Ti,8,
vit_tiny_patch16_224,128,32,fp16,7.817728042602539,False,NVIDIA_GeForce_RTX_3070_Ti,8,
vit_tiny_patch16_224,128,32,fp32,15.484928131103516,False,NVIDIA_GeForce_RTX_3070_Ti,8,
vit_tiny_patch16_224,128,64,bf16,14.246399879455566,False,NVIDIA_GeForce_RTX_3070_Ti,8,
vit_tiny_patch16_224,128,64,fp16,13.98476791381836,False,NVIDIA_GeForce_RTX_3070_Ti,8,
vit_tiny_patch16_224,128,64,fp32,26.55129623413086,False,NVIDIA_GeForce_RTX_3070_Ti,8,
vit_tiny_patch16_224,224,16,bf16,11.293184280395508,False,NVIDIA_GeForce_RTX_3070_Ti,8,
vit_tiny_patch16_224,224,16,fp16,10.905088424682615,False,NVIDIA_GeForce_RTX_3070_Ti,8,
vit_tiny_patch16_224,224,16,fp32,22.77427291870117,False,NVIDIA_GeForce_RTX_3070_Ti,8,
vit_tiny_patch16_224,224,32,bf16,20.089344024658203,False,NVIDIA_GeForce_RTX_3070_Ti,8,
vit_tiny_patch16_224,224,32,fp16,20.35456085205078,False,NVIDIA_GeForce_RTX_3070_Ti,8,
vit_tiny_patch16_224,224,32,fp32,42.66444778442383,False,NVIDIA_GeForce_RTX_3070_Ti,8,
vit_tiny_patch16_224,224,64,bf16,38.63654327392578,False,NVIDIA_GeForce_RTX_3070_Ti,8,
vit_tiny_patch16_224,224,64,fp16,36.13593673706055,False,NVIDIA_GeForce_RTX_3070_Ti,8,
vit_tiny_patch16_224,224,64,fp32,80.6661148071289,False,NVIDIA_GeForce_RTX_3070_Ti,8,
wide_resnet101_2,64,16,bf16,32.69887924194336,False,NVIDIA_GeForce_RTX_3070_Ti,8,
wide_resnet101_2,64,16,fp16,31.75577545166016,False,NVIDIA_GeForce_RTX_3070_Ti,8,
wide_resnet101_2,64,16,fp32,48.125953674316406,False,NVIDIA_GeForce_RTX_3070_Ti,8,
wide_resnet101_2,64,32,bf16,41.09926223754883,False,NVIDIA_GeForce_RTX_3070_Ti,8,
wide_resnet101_2,64,32,fp16,38.95654296875,False,NVIDIA_GeForce_RTX_3070_Ti,8,
wide_resnet101_2,64,32,fp32,59.63571166992188,False,NVIDIA_GeForce_RTX_3070_Ti,8,
wide_resnet101_2,64,64,bf16,58.73766326904297,False,NVIDIA_GeForce_RTX_3070_Ti,8,
wide_resnet101_2,64,64,fp16,54.07743835449219,False,NVIDIA_GeForce_RTX_3070_Ti,8,
wide_resnet101_2,64,64,fp32,88.68147277832031,False,NVIDIA_GeForce_RTX_3070_Ti,8,
wide_resnet101_2,128,16,bf16,52.07756805419922,False,NVIDIA_GeForce_RTX_3070_Ti,8,
wide_resnet101_2,128,16,fp16,49.99065780639648,False,NVIDIA_GeForce_RTX_3070_Ti,8,
wide_resnet101_2,128,16,fp32,75.89529418945312,False,NVIDIA_GeForce_RTX_3070_Ti,8,
wide_resnet101_2,128,32,bf16,81.849853515625,False,NVIDIA_GeForce_RTX_3070_Ti,8,
wide_resnet101_2,128,32,fp16,78.35187530517578,False,NVIDIA_GeForce_RTX_3070_Ti,8,
wide_resnet101_2,128,32,fp32,132.44313049316406,False,NVIDIA_GeForce_RTX_3070_Ti,8,
wide_resnet101_2,128,64,bf16,143.689208984375,False,NVIDIA_GeForce_RTX_3070_Ti,8,
wide_resnet101_2,128,64,fp16,136.63436889648438,False,NVIDIA_GeForce_RTX_3070_Ti,8,
wide_resnet101_2,128,64,fp32,232.20069885253903,False,NVIDIA_GeForce_RTX_3070_Ti,8,
wide_resnet101_2,224,16,bf16,116.2414093017578,False,NVIDIA_GeForce_RTX_3070_Ti,8,
wide_resnet101_2,224,16,fp16,110.38771057128906,False,NVIDIA_GeForce_RTX_3070_Ti,8,
wide_resnet101_2,224,16,fp32,188.6463928222656,False,NVIDIA_GeForce_RTX_3070_Ti,8,
wide_resnet101_2,224,32,bf16,199.9846343994141,False,NVIDIA_GeForce_RTX_3070_Ti,8,
wide_resnet101_2,224,32,fp16,188.8399353027344,False,NVIDIA_GeForce_RTX_3070_Ti,8,
wide_resnet101_2,224,32,fp32,,True,NVIDIA_GeForce_RTX_3070_Ti,8,
wide_resnet101_2,224,64,bf16,,True,NVIDIA_GeForce_RTX_3070_Ti,8,
wide_resnet101_2,224,64,fp16,,True,NVIDIA_GeForce_RTX_3070_Ti,8,
wide_resnet101_2,224,64,fp32,,True,NVIDIA_GeForce_RTX_3070_Ti,8,
xcit_small_12_p16_224,64,16,bf16,11.199999809265137,False,NVIDIA_GeForce_RTX_3070_Ti,8,
xcit_small_12_p16_224,64,16,fp16,11.085311889648438,False,NVIDIA_GeForce_RTX_3070_Ti,8,
xcit_small_12_p16_224,64,16,fp32,14.190591812133787,False,NVIDIA_GeForce_RTX_3070_Ti,8,
xcit_small_12_p16_224,64,32,bf16,15.321087837219238,False,NVIDIA_GeForce_RTX_3070_Ti,8,
xcit_small_12_p16_224,64,32,fp16,14.439935684204102,False,NVIDIA_GeForce_RTX_3070_Ti,8,
xcit_small_12_p16_224,64,32,fp32,21.196800231933597,False,NVIDIA_GeForce_RTX_3070_Ti,8,
xcit_small_12_p16_224,64,64,bf16,22.327295303344727,False,NVIDIA_GeForce_RTX_3070_Ti,8,
xcit_small_12_p16_224,64,64,fp16,21.72262382507324,False,NVIDIA_GeForce_RTX_3070_Ti,8,
xcit_small_12_p16_224,64,64,fp32,34.12019348144531,False,NVIDIA_GeForce_RTX_3070_Ti,8,
xcit_small_12_p16_224,128,16,bf16,19.565568923950195,False,NVIDIA_GeForce_RTX_3070_Ti,8,
xcit_small_12_p16_224,128,16,fp16,18.952192306518555,False,NVIDIA_GeForce_RTX_3070_Ti,8,
xcit_small_12_p16_224,128,16,fp32,30.28940773010254,False,NVIDIA_GeForce_RTX_3070_Ti,8,
xcit_small_12_p16_224,128,32,bf16,33.13203048706055,False,NVIDIA_GeForce_RTX_3070_Ti,8,
xcit_small_12_p16_224,128,32,fp16,32.69171142578125,False,NVIDIA_GeForce_RTX_3070_Ti,8,
xcit_small_12_p16_224,128,32,fp32,51.07097625732422,False,NVIDIA_GeForce_RTX_3070_Ti,8,
xcit_small_12_p16_224,128,64,bf16,59.42988967895508,False,NVIDIA_GeForce_RTX_3070_Ti,8,
xcit_small_12_p16_224,128,64,fp16,59.10271835327149,False,NVIDIA_GeForce_RTX_3070_Ti,8,
xcit_small_12_p16_224,128,64,fp32,93.62687683105467,False,NVIDIA_GeForce_RTX_3070_Ti,8,
xcit_small_12_p16_224,224,16,bf16,47.6497917175293,False,NVIDIA_GeForce_RTX_3070_Ti,8,
xcit_small_12_p16_224,224,16,fp16,48.06451034545898,False,NVIDIA_GeForce_RTX_3070_Ti,8,
xcit_small_12_p16_224,224,16,fp32,74.20877075195312,False,NVIDIA_GeForce_RTX_3070_Ti,8,
xcit_small_12_p16_224,224,32,bf16,89.8160629272461,False,NVIDIA_GeForce_RTX_3070_Ti,8,
xcit_small_12_p16_224,224,32,fp16,87.69023895263672,False,NVIDIA_GeForce_RTX_3070_Ti,8,
xcit_small_12_p16_224,224,32,fp32,137.1919403076172,False,NVIDIA_GeForce_RTX_3070_Ti,8,
xcit_small_12_p16_224,224,64,bf16,170.2906951904297,False,NVIDIA_GeForce_RTX_3070_Ti,8,
xcit_small_12_p16_224,224,64,fp16,164.7129669189453,False,NVIDIA_GeForce_RTX_3070_Ti,8,
xcit_small_12_p16_224,224,64,fp32,,True,NVIDIA_GeForce_RTX_3070_Ti,8,
xcit_tiny_12_p16_224,64,16,bf16,7.666175842285156,False,NVIDIA_GeForce_RTX_3070_Ti,8,
xcit_tiny_12_p16_224,64,16,fp16,7.486976146697998,False,NVIDIA_GeForce_RTX_3070_Ti,8,
xcit_tiny_12_p16_224,64,16,fp32,7.970304012298584,False,NVIDIA_GeForce_RTX_3070_Ti,8,
xcit_tiny_12_p16_224,64,32,bf16,9.516032218933104,False,NVIDIA_GeForce_RTX_3070_Ti,8,
xcit_tiny_12_p16_224,64,32,fp16,9.236479759216309,False,NVIDIA_GeForce_RTX_3070_Ti,8,
xcit_tiny_12_p16_224,64,32,fp32,11.171839714050291,False,NVIDIA_GeForce_RTX_3070_Ti,8,
xcit_tiny_12_p16_224,64,64,bf16,12.216832160949709,False,NVIDIA_GeForce_RTX_3070_Ti,8,
xcit_tiny_12_p16_224,64,64,fp16,11.696127891540527,False,NVIDIA_GeForce_RTX_3070_Ti,8,
xcit_tiny_12_p16_224,64,64,fp32,16.341503143310547,False,NVIDIA_GeForce_RTX_3070_Ti,8,
xcit_tiny_12_p16_224,128,16,bf16,11.84768009185791,False,NVIDIA_GeForce_RTX_3070_Ti,8,
xcit_tiny_12_p16_224,128,16,fp16,11.165184020996094,False,NVIDIA_GeForce_RTX_3070_Ti,8,
xcit_tiny_12_p16_224,128,16,fp32,14.557184219360352,False,NVIDIA_GeForce_RTX_3070_Ti,8,
xcit_tiny_12_p16_224,128,32,bf16,16.246784210205078,False,NVIDIA_GeForce_RTX_3070_Ti,8,
xcit_tiny_12_p16_224,128,32,fp16,15.947775840759276,False,NVIDIA_GeForce_RTX_3070_Ti,8,
xcit_tiny_12_p16_224,128,32,fp32,22.46553611755371,False,NVIDIA_GeForce_RTX_3070_Ti,8,
xcit_tiny_12_p16_224,128,64,bf16,27.86150360107422,False,NVIDIA_GeForce_RTX_3070_Ti,8,
xcit_tiny_12_p16_224,128,64,fp16,27.708415985107425,False,NVIDIA_GeForce_RTX_3070_Ti,8,
xcit_tiny_12_p16_224,128,64,fp32,40.23756790161133,False,NVIDIA_GeForce_RTX_3070_Ti,8,
xcit_tiny_12_p16_224,224,16,bf16,23.101951599121094,False,NVIDIA_GeForce_RTX_3070_Ti,8,
xcit_tiny_12_p16_224,224,16,fp16,22.82700729370117,False,NVIDIA_GeForce_RTX_3070_Ti,8,
xcit_tiny_12_p16_224,224,16,fp32,31.73273658752441,False,NVIDIA_GeForce_RTX_3070_Ti,8,
xcit_tiny_12_p16_224,224,32,bf16,42.31321716308594,False,NVIDIA_GeForce_RTX_3070_Ti,8,
xcit_tiny_12_p16_224,224,32,fp16,42.86515045166016,False,NVIDIA_GeForce_RTX_3070_Ti,8,
xcit_tiny_12_p16_224,224,32,fp32,60.22604751586914,False,NVIDIA_GeForce_RTX_3070_Ti,8,
xcit_tiny_12_p16_224,224,64,bf16,81.03116607666016,False,NVIDIA_GeForce_RTX_3070_Ti,8,
xcit_tiny_12_p16_224,224,64,fp16,78.65497589111328,False,NVIDIA_GeForce_RTX_3070_Ti,8,
xcit_tiny_12_p16_224,224,64,fp32,112.56114959716795,False,NVIDIA_GeForce_RTX_3070_Ti,8,
