model,img_size,batch_size,precision,avg_time_ms,oom,gpu,vram_gb,cleanup
beit_large_patch16_224,64,16,bf16,37.52755355834961,False,NVIDIA_GeForce_RTX_3090_Ti,24,
beit_large_patch16_224,64,16,fp16,36.890625,False,NVIDIA_GeForce_RTX_3090_Ti,24,
beit_large_patch16_224,64,16,fp32,56.14591979980469,False,NVIDIA_GeForce_RTX_3090_Ti,24,
beit_large_patch16_224,64,32,bf16,47.604225158691406,False,NVIDIA_GeForce_RTX_3090_Ti,24,
beit_large_patch16_224,64,32,fp16,46.86950302124024,False,NVIDIA_GeForce_RTX_3090_Ti,24,
beit_large_patch16_224,64,32,fp32,91.04844665527344,False,NVIDIA_GeForce_RTX_3090_Ti,24,
beit_large_patch16_224,64,64,bf16,69.0544662475586,False,NVIDIA_GeForce_RTX_3090_Ti,24,
beit_large_patch16_224,64,64,fp16,67.9515380859375,False,NVIDIA_GeForce_RTX_3090_Ti,24,
beit_large_patch16_224,64,64,fp32,152.77005004882812,False,NVIDIA_GeForce_RTX_3090_Ti,24,
beit_large_patch16_224,128,16,bf16,69.75129699707031,False,NVIDIA_GeForce_RTX_3090_Ti,24,
beit_large_patch16_224,128,16,fp16,68.85115051269531,False,NVIDIA_GeForce_RTX_3090_Ti,24,
beit_large_patch16_224,128,16,fp32,152.8785858154297,False,NVIDIA_GeForce_RTX_3090_Ti,24,
beit_large_patch16_224,128,32,bf16,110.32371520996094,False,NVIDIA_GeForce_RTX_3090_Ti,24,
beit_large_patch16_224,128,32,fp16,108.40817260742188,False,NVIDIA_GeForce_RTX_3090_Ti,24,
beit_large_patch16_224,128,32,fp32,286.75634765625,False,NVIDIA_GeForce_RTX_3090_Ti,24,
beit_large_patch16_224,128,64,bf16,189.5239715576172,False,NVIDIA_GeForce_RTX_3090_Ti,24,
beit_large_patch16_224,128,64,fp16,183.5985412597656,False,NVIDIA_GeForce_RTX_3090_Ti,24,
beit_large_patch16_224,128,64,fp32,559.4034423828125,False,NVIDIA_GeForce_RTX_3090_Ti,24,
beit_large_patch16_224,224,16,bf16,159.9067840576172,False,NVIDIA_GeForce_RTX_3090_Ti,24,
beit_large_patch16_224,224,16,fp16,152.79872131347656,False,NVIDIA_GeForce_RTX_3090_Ti,24,
beit_large_patch16_224,224,16,fp32,432.1365966796875,False,NVIDIA_GeForce_RTX_3090_Ti,24,
beit_large_patch16_224,224,32,bf16,278.4061279296875,False,NVIDIA_GeForce_RTX_3090_Ti,24,
beit_large_patch16_224,224,32,fp16,271.16339111328125,False,NVIDIA_GeForce_RTX_3090_Ti,24,
beit_large_patch16_224,224,32,fp32,803.8367919921875,False,NVIDIA_GeForce_RTX_3090_Ti,24,
beit_large_patch16_224,224,64,bf16,518.4839477539062,False,NVIDIA_GeForce_RTX_3090_Ti,24,
beit_large_patch16_224,224,64,fp16,510.7034912109375,False,NVIDIA_GeForce_RTX_3090_Ti,24,
beit_large_patch16_224,224,64,fp32,,True,NVIDIA_GeForce_RTX_3090_Ti,24,
coatnet_0_rw_224,64,16,bf16,7.078911781311035,False,NVIDIA_GeForce_RTX_3090_Ti,24,
coatnet_0_rw_224,64,16,fp16,6.520287990570068,False,NVIDIA_GeForce_RTX_3090_Ti,24,
coatnet_0_rw_224,64,16,fp32,8.003071784973145,False,NVIDIA_GeForce_RTX_3090_Ti,24,
coatnet_0_rw_224,64,32,bf16,9.559040069580078,False,NVIDIA_GeForce_RTX_3090_Ti,24,
coatnet_0_rw_224,64,32,fp16,8.543744087219238,False,NVIDIA_GeForce_RTX_3090_Ti,24,
coatnet_0_rw_224,64,32,fp32,11.990015983581545,False,NVIDIA_GeForce_RTX_3090_Ti,24,
coatnet_0_rw_224,64,64,bf16,14.05072021484375,False,NVIDIA_GeForce_RTX_3090_Ti,24,
coatnet_0_rw_224,64,64,fp16,12.256256103515623,False,NVIDIA_GeForce_RTX_3090_Ti,24,
coatnet_0_rw_224,64,64,fp32,19.794944763183597,False,NVIDIA_GeForce_RTX_3090_Ti,24,
coatnet_0_rw_224,128,16,bf16,13.587967872619627,False,NVIDIA_GeForce_RTX_3090_Ti,24,
coatnet_0_rw_224,128,16,fp16,11.989503860473633,False,NVIDIA_GeForce_RTX_3090_Ti,24,
coatnet_0_rw_224,128,16,fp32,18.027008056640625,False,NVIDIA_GeForce_RTX_3090_Ti,24,
coatnet_0_rw_224,128,32,bf16,22.48031997680664,False,NVIDIA_GeForce_RTX_3090_Ti,24,
coatnet_0_rw_224,128,32,fp16,19.22299194335937,False,NVIDIA_GeForce_RTX_3090_Ti,24,
coatnet_0_rw_224,128,32,fp32,31.746416091918945,False,NVIDIA_GeForce_RTX_3090_Ti,24,
coatnet_0_rw_224,128,64,bf16,40.33843231201172,False,NVIDIA_GeForce_RTX_3090_Ti,24,
coatnet_0_rw_224,128,64,fp16,34.71923065185547,False,NVIDIA_GeForce_RTX_3090_Ti,24,
coatnet_0_rw_224,128,64,fp32,61.2049446105957,False,NVIDIA_GeForce_RTX_3090_Ti,24,
coatnet_0_rw_224,224,16,bf16,34.48320007324219,False,NVIDIA_GeForce_RTX_3090_Ti,24,
coatnet_0_rw_224,224,16,fp16,30.16499137878418,False,NVIDIA_GeForce_RTX_3090_Ti,24,
coatnet_0_rw_224,224,16,fp32,53.25516891479492,False,NVIDIA_GeForce_RTX_3090_Ti,24,
coatnet_0_rw_224,224,32,bf16,61.8869743347168,False,NVIDIA_GeForce_RTX_3090_Ti,24,
coatnet_0_rw_224,224,32,fp16,53.26182556152344,False,NVIDIA_GeForce_RTX_3090_Ti,24,
coatnet_0_rw_224,224,32,fp32,99.6464614868164,False,NVIDIA_GeForce_RTX_3090_Ti,24,
coatnet_0_rw_224,224,64,bf16,120.47821044921876,False,NVIDIA_GeForce_RTX_3090_Ti,24,
coatnet_0_rw_224,224,64,fp16,103.59705352783205,False,NVIDIA_GeForce_RTX_3090_Ti,24,
coatnet_0_rw_224,224,64,fp32,198.7379150390625,False,NVIDIA_GeForce_RTX_3090_Ti,24,
coatnet_1_rw_224,64,16,bf16,11.673088073730469,False,NVIDIA_GeForce_RTX_3090_Ti,24,
coatnet_1_rw_224,64,16,fp16,10.774383544921877,False,NVIDIA_GeForce_RTX_3090_Ti,24,
coatnet_1_rw_224,64,16,fp32,13.305343627929688,False,NVIDIA_GeForce_RTX_3090_Ti,24,
coatnet_1_rw_224,64,32,bf16,15.90783977508545,False,NVIDIA_GeForce_RTX_3090_Ti,24,
coatnet_1_rw_224,64,32,fp16,14.357407569885254,False,NVIDIA_GeForce_RTX_3090_Ti,24,
coatnet_1_rw_224,64,32,fp32,20.29662322998047,False,NVIDIA_GeForce_RTX_3090_Ti,24,
coatnet_1_rw_224,64,64,bf16,23.644672393798828,False,NVIDIA_GeForce_RTX_3090_Ti,24,
coatnet_1_rw_224,64,64,fp16,20.96640014648437,False,NVIDIA_GeForce_RTX_3090_Ti,24,
coatnet_1_rw_224,64,64,fp32,33.69163131713867,False,NVIDIA_GeForce_RTX_3090_Ti,24,
coatnet_1_rw_224,128,16,bf16,22.947328567504883,False,NVIDIA_GeForce_RTX_3090_Ti,24,
coatnet_1_rw_224,128,16,fp16,20.726783752441406,False,NVIDIA_GeForce_RTX_3090_Ti,24,
coatnet_1_rw_224,128,16,fp32,30.81881523132324,False,NVIDIA_GeForce_RTX_3090_Ti,24,
coatnet_1_rw_224,128,32,bf16,37.85523223876953,False,NVIDIA_GeForce_RTX_3090_Ti,24,
coatnet_1_rw_224,128,32,fp16,32.960384368896484,False,NVIDIA_GeForce_RTX_3090_Ti,24,
coatnet_1_rw_224,128,32,fp32,55.0302734375,False,NVIDIA_GeForce_RTX_3090_Ti,24,
coatnet_1_rw_224,128,64,bf16,68.94694519042969,False,NVIDIA_GeForce_RTX_3090_Ti,24,
coatnet_1_rw_224,128,64,fp16,60.06476974487305,False,NVIDIA_GeForce_RTX_3090_Ti,24,
coatnet_1_rw_224,128,64,fp32,106.6434555053711,False,NVIDIA_GeForce_RTX_3090_Ti,24,
coatnet_1_rw_224,224,16,bf16,59.670528411865234,False,NVIDIA_GeForce_RTX_3090_Ti,24,
coatnet_1_rw_224,224,16,fp16,53.032447814941406,False,NVIDIA_GeForce_RTX_3090_Ti,24,
coatnet_1_rw_224,224,16,fp32,95.07481384277344,False,NVIDIA_GeForce_RTX_3090_Ti,24,
coatnet_1_rw_224,224,32,bf16,106.95782470703124,False,NVIDIA_GeForce_RTX_3090_Ti,24,
coatnet_1_rw_224,224,32,fp16,93.9227523803711,False,NVIDIA_GeForce_RTX_3090_Ti,24,
coatnet_1_rw_224,224,32,fp32,177.8195037841797,False,NVIDIA_GeForce_RTX_3090_Ti,24,
coatnet_1_rw_224,224,64,bf16,207.65383911132807,False,NVIDIA_GeForce_RTX_3090_Ti,24,
coatnet_1_rw_224,224,64,fp16,185.3475799560547,False,NVIDIA_GeForce_RTX_3090_Ti,24,
coatnet_1_rw_224,224,64,fp32,355.4452514648437,False,NVIDIA_GeForce_RTX_3090_Ti,24,
coatnet_2_rw_224,64,16,bf16,16.13515281677246,False,NVIDIA_GeForce_RTX_3090_Ti,24,
coatnet_2_rw_224,64,16,fp16,15.006719589233398,False,NVIDIA_GeForce_RTX_3090_Ti,24,
coatnet_2_rw_224,64,16,fp32,19.446271896362305,False,NVIDIA_GeForce_RTX_3090_Ti,24,
coatnet_2_rw_224,64,32,bf16,21.96428871154785,False,NVIDIA_GeForce_RTX_3090_Ti,24,
coatnet_2_rw_224,64,32,fp16,20.295679092407227,False,NVIDIA_GeForce_RTX_3090_Ti,24,
coatnet_2_rw_224,64,32,fp32,29.14201545715332,False,NVIDIA_GeForce_RTX_3090_Ti,24,
coatnet_2_rw_224,64,64,bf16,33.53395080566406,False,NVIDIA_GeForce_RTX_3090_Ti,24,
coatnet_2_rw_224,64,64,fp16,31.250431060791016,False,NVIDIA_GeForce_RTX_3090_Ti,24,
coatnet_2_rw_224,64,64,fp32,49.65785598754883,False,NVIDIA_GeForce_RTX_3090_Ti,24,
coatnet_2_rw_224,128,16,bf16,32.004608154296875,False,NVIDIA_GeForce_RTX_3090_Ti,24,
coatnet_2_rw_224,128,16,fp16,29.034496307373047,False,NVIDIA_GeForce_RTX_3090_Ti,24,
coatnet_2_rw_224,128,16,fp32,46.58329772949219,False,NVIDIA_GeForce_RTX_3090_Ti,24,
coatnet_2_rw_224,128,32,bf16,54.75737762451172,False,NVIDIA_GeForce_RTX_3090_Ti,24,
coatnet_2_rw_224,128,32,fp16,49.30867385864258,False,NVIDIA_GeForce_RTX_3090_Ti,24,
coatnet_2_rw_224,128,32,fp32,85.82486724853516,False,NVIDIA_GeForce_RTX_3090_Ti,24,
coatnet_2_rw_224,128,64,bf16,99.87423706054688,False,NVIDIA_GeForce_RTX_3090_Ti,24,
coatnet_2_rw_224,128,64,fp16,89.7264633178711,False,NVIDIA_GeForce_RTX_3090_Ti,24,
coatnet_2_rw_224,128,64,fp32,163.22805786132812,False,NVIDIA_GeForce_RTX_3090_Ti,24,
coatnet_2_rw_224,224,16,bf16,86.0379867553711,False,NVIDIA_GeForce_RTX_3090_Ti,24,
coatnet_2_rw_224,224,16,fp16,78.08612823486328,False,NVIDIA_GeForce_RTX_3090_Ti,24,
coatnet_2_rw_224,224,16,fp32,147.66387939453125,False,NVIDIA_GeForce_RTX_3090_Ti,24,
coatnet_2_rw_224,224,32,bf16,159.50637817382812,False,NVIDIA_GeForce_RTX_3090_Ti,24,
coatnet_2_rw_224,224,32,fp16,143.77267456054688,False,NVIDIA_GeForce_RTX_3090_Ti,24,
coatnet_2_rw_224,224,32,fp32,276.5844421386719,False,NVIDIA_GeForce_RTX_3090_Ti,24,
coatnet_2_rw_224,224,64,bf16,304.7239685058594,False,NVIDIA_GeForce_RTX_3090_Ti,24,
coatnet_2_rw_224,224,64,fp16,278.9268493652344,False,NVIDIA_GeForce_RTX_3090_Ti,24,
coatnet_2_rw_224,224,64,fp32,,True,NVIDIA_GeForce_RTX_3090_Ti,24,
convnext_base,64,16,bf16,14.995455741882324,False,NVIDIA_GeForce_RTX_3090_Ti,24,
convnext_base,64,16,fp16,14.915072441101074,False,NVIDIA_GeForce_RTX_3090_Ti,24,
convnext_base,64,16,fp32,26.112512588500977,False,NVIDIA_GeForce_RTX_3090_Ti,24,
convnext_base,64,32,bf16,18.84723281860352,False,NVIDIA_GeForce_RTX_3090_Ti,24,
convnext_base,64,32,fp16,19.23788833618164,False,NVIDIA_GeForce_RTX_3090_Ti,24,
convnext_base,64,32,fp32,46.71785736083984,False,NVIDIA_GeForce_RTX_3090_Ti,24,
convnext_base,64,64,bf16,26.91779136657715,False,NVIDIA_GeForce_RTX_3090_Ti,24,
convnext_base,64,64,fp16,27.199487686157227,False,NVIDIA_GeForce_RTX_3090_Ti,24,
convnext_base,64,64,fp32,65.50220489501953,False,NVIDIA_GeForce_RTX_3090_Ti,24,
convnext_base,128,16,bf16,25.34092712402344,False,NVIDIA_GeForce_RTX_3090_Ti,24,
convnext_base,128,16,fp16,25.47097587585449,False,NVIDIA_GeForce_RTX_3090_Ti,24,
convnext_base,128,16,fp32,71.36819458007812,False,NVIDIA_GeForce_RTX_3090_Ti,24,
convnext_base,128,32,bf16,40.6190071105957,False,NVIDIA_GeForce_RTX_3090_Ti,24,
convnext_base,128,32,fp16,40.36608123779297,False,NVIDIA_GeForce_RTX_3090_Ti,24,
convnext_base,128,32,fp32,295.28369140625,False,NVIDIA_GeForce_RTX_3090_Ti,24,
convnext_base,128,64,bf16,71.67124938964844,False,NVIDIA_GeForce_RTX_3090_Ti,24,
convnext_base,128,64,fp16,71.42400360107422,False,NVIDIA_GeForce_RTX_3090_Ti,24,
convnext_base,128,64,fp32,365.676025390625,False,NVIDIA_GeForce_RTX_3090_Ti,24,
convnext_base,224,16,bf16,57.97222518920898,False,NVIDIA_GeForce_RTX_3090_Ti,24,
convnext_base,224,16,fp16,56.36495971679688,False,NVIDIA_GeForce_RTX_3090_Ti,24,
convnext_base,224,16,fp32,395.104248046875,False,NVIDIA_GeForce_RTX_3090_Ti,24,
convnext_base,224,32,bf16,103.29084777832033,False,NVIDIA_GeForce_RTX_3090_Ti,24,
convnext_base,224,32,fp16,99.3802261352539,False,NVIDIA_GeForce_RTX_3090_Ti,24,
convnext_base,224,32,fp32,497.8192443847656,False,NVIDIA_GeForce_RTX_3090_Ti,24,
convnext_base,224,64,bf16,189.77996826171875,False,NVIDIA_GeForce_RTX_3090_Ti,24,
convnext_base,224,64,fp16,186.28094482421875,False,NVIDIA_GeForce_RTX_3090_Ti,24,
convnext_base,224,64,fp32,713.006591796875,False,NVIDIA_GeForce_RTX_3090_Ti,24,
convnext_large,64,16,bf16,26.192895889282227,False,NVIDIA_GeForce_RTX_3090_Ti,24,
convnext_large,64,16,fp16,25.905664443969727,False,NVIDIA_GeForce_RTX_3090_Ti,24,
convnext_large,64,16,fp32,45.59761428833008,False,NVIDIA_GeForce_RTX_3090_Ti,24,
convnext_large,64,32,bf16,34.59123229980469,False,NVIDIA_GeForce_RTX_3090_Ti,24,
convnext_large,64,32,fp16,33.980926513671875,False,NVIDIA_GeForce_RTX_3090_Ti,24,
convnext_large,64,32,fp32,81.3045425415039,False,NVIDIA_GeForce_RTX_3090_Ti,24,
convnext_large,64,64,bf16,50.86310577392578,False,NVIDIA_GeForce_RTX_3090_Ti,24,
convnext_large,64,64,fp16,50.261505126953125,False,NVIDIA_GeForce_RTX_3090_Ti,24,
convnext_large,64,64,fp32,119.35590362548828,False,NVIDIA_GeForce_RTX_3090_Ti,24,
convnext_large,128,16,bf16,48.06911849975586,False,NVIDIA_GeForce_RTX_3090_Ti,24,
convnext_large,128,16,fp16,47.85356903076172,False,NVIDIA_GeForce_RTX_3090_Ti,24,
convnext_large,128,16,fp32,124.45382690429688,False,NVIDIA_GeForce_RTX_3090_Ti,24,
convnext_large,128,32,bf16,75.42886352539062,False,NVIDIA_GeForce_RTX_3090_Ti,24,
convnext_large,128,32,fp16,76.7242202758789,False,NVIDIA_GeForce_RTX_3090_Ti,24,
convnext_large,128,32,fp32,477.1610412597656,False,NVIDIA_GeForce_RTX_3090_Ti,24,
convnext_large,128,64,bf16,128.15713500976562,False,NVIDIA_GeForce_RTX_3090_Ti,24,
convnext_large,128,64,fp16,127.54727935791016,False,NVIDIA_GeForce_RTX_3090_Ti,24,
convnext_large,128,64,fp32,655.2862548828125,False,NVIDIA_GeForce_RTX_3090_Ti,24,
convnext_large,224,16,bf16,102.61248016357422,False,NVIDIA_GeForce_RTX_3090_Ti,24,
convnext_large,224,16,fp16,101.9345932006836,False,NVIDIA_GeForce_RTX_3090_Ti,24,
convnext_large,224,16,fp32,581.6637573242188,False,NVIDIA_GeForce_RTX_3090_Ti,24,
convnext_large,224,32,bf16,179.8557891845703,False,NVIDIA_GeForce_RTX_3090_Ti,24,
convnext_large,224,32,fp16,176.28518676757812,False,NVIDIA_GeForce_RTX_3090_Ti,24,
convnext_large,224,32,fp32,807.5675048828125,False,NVIDIA_GeForce_RTX_3090_Ti,24,
convnext_large,224,64,bf16,340.7882385253906,False,NVIDIA_GeForce_RTX_3090_Ti,24,
convnext_large,224,64,fp16,333.2300720214844,False,NVIDIA_GeForce_RTX_3090_Ti,24,
convnext_large,224,64,fp32,,True,NVIDIA_GeForce_RTX_3090_Ti,24,
convnext_small,64,16,bf16,11.54047966003418,False,NVIDIA_GeForce_RTX_3090_Ti,24,
convnext_small,64,16,fp16,11.409279823303224,False,NVIDIA_GeForce_RTX_3090_Ti,24,
convnext_small,64,16,fp32,18.535839080810547,False,NVIDIA_GeForce_RTX_3090_Ti,24,
convnext_small,64,32,bf16,14.374815940856934,False,NVIDIA_GeForce_RTX_3090_Ti,24,
convnext_small,64,32,fp16,13.726719856262209,False,NVIDIA_GeForce_RTX_3090_Ti,24,
convnext_small,64,32,fp32,35.143680572509766,False,NVIDIA_GeForce_RTX_3090_Ti,24,
convnext_small,64,64,bf16,20.04070472717285,False,NVIDIA_GeForce_RTX_3090_Ti,24,
convnext_small,64,64,fp16,19.37508773803711,False,NVIDIA_GeForce_RTX_3090_Ti,24,
convnext_small,64,64,fp32,47.05940628051758,False,NVIDIA_GeForce_RTX_3090_Ti,24,
convnext_small,128,16,bf16,19.019184112548828,False,NVIDIA_GeForce_RTX_3090_Ti,24,
convnext_small,128,16,fp16,18.68544006347656,False,NVIDIA_GeForce_RTX_3090_Ti,24,
convnext_small,128,16,fp32,53.32223892211914,False,NVIDIA_GeForce_RTX_3090_Ti,24,
convnext_small,128,32,bf16,29.73579216003418,False,NVIDIA_GeForce_RTX_3090_Ti,24,
convnext_small,128,32,fp16,28.069887161254883,False,NVIDIA_GeForce_RTX_3090_Ti,24,
convnext_small,128,32,fp32,212.5132751464844,False,NVIDIA_GeForce_RTX_3090_Ti,24,
convnext_small,128,64,bf16,52.1446418762207,False,NVIDIA_GeForce_RTX_3090_Ti,24,
convnext_small,128,64,fp16,49.77459335327149,False,NVIDIA_GeForce_RTX_3090_Ti,24,
convnext_small,128,64,fp32,300.9571838378906,False,NVIDIA_GeForce_RTX_3090_Ti,24,
convnext_small,224,16,bf16,41.04550552368164,False,NVIDIA_GeForce_RTX_3090_Ti,24,
convnext_small,224,16,fp16,39.30470275878906,False,NVIDIA_GeForce_RTX_3090_Ti,24,
convnext_small,224,16,fp32,254.37847900390625,False,NVIDIA_GeForce_RTX_3090_Ti,24,
convnext_small,224,32,bf16,69.02835083007812,False,NVIDIA_GeForce_RTX_3090_Ti,24,
convnext_small,224,32,fp16,67.0192642211914,False,NVIDIA_GeForce_RTX_3090_Ti,24,
convnext_small,224,32,fp32,341.2623291015625,False,NVIDIA_GeForce_RTX_3090_Ti,24,
convnext_small,224,64,bf16,130.75506591796875,False,NVIDIA_GeForce_RTX_3090_Ti,24,
convnext_small,224,64,fp16,124.46873474121094,False,NVIDIA_GeForce_RTX_3090_Ti,24,
convnext_small,224,64,fp32,502.3600769042969,False,NVIDIA_GeForce_RTX_3090_Ti,24,
convnext_tiny,64,16,bf16,6.348288059234619,False,NVIDIA_GeForce_RTX_3090_Ti,24,
convnext_tiny,64,16,fp16,6.208000183105469,False,NVIDIA_GeForce_RTX_3090_Ti,24,
convnext_tiny,64,16,fp32,12.734496116638184,False,NVIDIA_GeForce_RTX_3090_Ti,24,
convnext_tiny,64,32,bf16,8.022512435913086,False,NVIDIA_GeForce_RTX_3090_Ti,24,
convnext_tiny,64,32,fp16,7.763455867767334,False,NVIDIA_GeForce_RTX_3090_Ti,24,
convnext_tiny,64,32,fp32,24.201215744018555,False,NVIDIA_GeForce_RTX_3090_Ti,24,
convnext_tiny,64,64,bf16,11.27731227874756,False,NVIDIA_GeForce_RTX_3090_Ti,24,
convnext_tiny,64,64,fp16,11.216896057128906,False,NVIDIA_GeForce_RTX_3090_Ti,24,
convnext_tiny,64,64,fp32,31.41689682006836,False,NVIDIA_GeForce_RTX_3090_Ti,24,
convnext_tiny,128,16,bf16,10.917375564575195,False,NVIDIA_GeForce_RTX_3090_Ti,24,
convnext_tiny,128,16,fp16,10.70529556274414,False,NVIDIA_GeForce_RTX_3090_Ti,24,
convnext_tiny,128,16,fp32,32.83879852294922,False,NVIDIA_GeForce_RTX_3090_Ti,24,
convnext_tiny,128,32,bf16,17.64044761657715,False,NVIDIA_GeForce_RTX_3090_Ti,24,
convnext_tiny,128,32,fp16,16.785823822021484,False,NVIDIA_GeForce_RTX_3090_Ti,24,
convnext_tiny,128,32,fp32,91.58920288085938,False,NVIDIA_GeForce_RTX_3090_Ti,24,
convnext_tiny,128,64,bf16,30.757888793945312,False,NVIDIA_GeForce_RTX_3090_Ti,24,
convnext_tiny,128,64,fp16,29.712831497192383,False,NVIDIA_GeForce_RTX_3090_Ti,24,
convnext_tiny,128,64,fp32,127.5208969116211,False,NVIDIA_GeForce_RTX_3090_Ti,24,
convnext_tiny,224,16,bf16,24.044544219970703,False,NVIDIA_GeForce_RTX_3090_Ti,24,
convnext_tiny,224,16,fp16,23.29596710205078,False,NVIDIA_GeForce_RTX_3090_Ti,24,
convnext_tiny,224,16,fp32,109.81683349609376,False,NVIDIA_GeForce_RTX_3090_Ti,24,
convnext_tiny,224,32,bf16,40.47564697265625,False,NVIDIA_GeForce_RTX_3090_Ti,24,
convnext_tiny,224,32,fp16,39.429630279541016,False,NVIDIA_GeForce_RTX_3090_Ti,24,
convnext_tiny,224,32,fp32,161.91897583007812,False,NVIDIA_GeForce_RTX_3090_Ti,24,
convnext_tiny,224,64,bf16,76.7441635131836,False,NVIDIA_GeForce_RTX_3090_Ti,24,
convnext_tiny,224,64,fp16,74.3996810913086,False,NVIDIA_GeForce_RTX_3090_Ti,24,
convnext_tiny,224,64,fp32,283.3587341308594,False,NVIDIA_GeForce_RTX_3090_Ti,24,
convnextv2_base,64,16,bf16,19.710464477539062,False,NVIDIA_GeForce_RTX_3090_Ti,24,
convnextv2_base,64,16,fp16,19.864063262939453,False,NVIDIA_GeForce_RTX_3090_Ti,24,
convnextv2_base,64,16,fp32,29.94590377807617,False,NVIDIA_GeForce_RTX_3090_Ti,24,
convnextv2_base,64,32,bf16,27.644927978515625,False,NVIDIA_GeForce_RTX_3090_Ti,24,
convnextv2_base,64,32,fp16,27.89017677307129,False,NVIDIA_GeForce_RTX_3090_Ti,24,
convnextv2_base,64,32,fp32,55.37126541137695,False,NVIDIA_GeForce_RTX_3090_Ti,24,
convnextv2_base,64,64,bf16,44.8276481628418,False,NVIDIA_GeForce_RTX_3090_Ti,24,
convnextv2_base,64,64,fp16,44.99452972412109,False,NVIDIA_GeForce_RTX_3090_Ti,24,
convnextv2_base,64,64,fp32,81.92460632324219,False,NVIDIA_GeForce_RTX_3090_Ti,24,
convnextv2_base,128,16,bf16,42.78310394287109,False,NVIDIA_GeForce_RTX_3090_Ti,24,
convnextv2_base,128,16,fp16,42.84672164916992,False,NVIDIA_GeForce_RTX_3090_Ti,24,
convnextv2_base,128,16,fp32,83.97203063964844,False,NVIDIA_GeForce_RTX_3090_Ti,24,
convnextv2_base,128,32,bf16,74.00857543945312,False,NVIDIA_GeForce_RTX_3090_Ti,24,
convnextv2_base,128,32,fp16,73.7284927368164,False,NVIDIA_GeForce_RTX_3090_Ti,24,
convnextv2_base,128,32,fp32,319.8888854980469,False,NVIDIA_GeForce_RTX_3090_Ti,24,
convnextv2_base,128,64,bf16,136.04351806640625,False,NVIDIA_GeForce_RTX_3090_Ti,24,
convnextv2_base,128,64,fp16,135.10848999023438,False,NVIDIA_GeForce_RTX_3090_Ti,24,
convnextv2_base,128,64,fp32,452.48870849609375,False,NVIDIA_GeForce_RTX_3090_Ti,24,
convnextv2_base,224,16,bf16,106.6977310180664,False,NVIDIA_GeForce_RTX_3090_Ti,24,
convnextv2_base,224,16,fp16,105.16678619384766,False,NVIDIA_GeForce_RTX_3090_Ti,24,
convnextv2_base,224,16,fp32,406.9923706054688,False,NVIDIA_GeForce_RTX_3090_Ti,24,
convnextv2_base,224,32,bf16,197.5004119873047,False,NVIDIA_GeForce_RTX_3090_Ti,24,
convnextv2_base,224,32,fp16,194.65164184570312,False,NVIDIA_GeForce_RTX_3090_Ti,24,
convnextv2_base,224,32,fp32,559.3543701171875,False,NVIDIA_GeForce_RTX_3090_Ti,24,
convnextv2_base,224,64,bf16,376.9850769042969,False,NVIDIA_GeForce_RTX_3090_Ti,24,
convnextv2_base,224,64,fp16,372.811767578125,False,NVIDIA_GeForce_RTX_3090_Ti,24,
convnextv2_base,224,64,fp32,,True,NVIDIA_GeForce_RTX_3090_Ti,24,
deit_base_patch16_224,64,16,bf16,11.873791694641112,False,NVIDIA_GeForce_RTX_3090_Ti,24,
deit_base_patch16_224,64,16,fp16,11.465727806091309,False,NVIDIA_GeForce_RTX_3090_Ti,24,
deit_base_patch16_224,64,16,fp32,17.372671127319336,False,NVIDIA_GeForce_RTX_3090_Ti,24,
deit_base_patch16_224,64,32,bf16,15.383551597595217,False,NVIDIA_GeForce_RTX_3090_Ti,24,
deit_base_patch16_224,64,32,fp16,14.924799919128418,False,NVIDIA_GeForce_RTX_3090_Ti,24,
deit_base_patch16_224,64,32,fp32,26.46169662475586,False,NVIDIA_GeForce_RTX_3090_Ti,24,
deit_base_patch16_224,64,64,bf16,22.72256088256836,False,NVIDIA_GeForce_RTX_3090_Ti,24,
deit_base_patch16_224,64,64,fp16,22.39529609680176,False,NVIDIA_GeForce_RTX_3090_Ti,24,
deit_base_patch16_224,64,64,fp32,45.04268646240234,False,NVIDIA_GeForce_RTX_3090_Ti,24,
deit_base_patch16_224,128,16,bf16,21.53108787536621,False,NVIDIA_GeForce_RTX_3090_Ti,24,
deit_base_patch16_224,128,16,fp16,20.704240798950195,False,NVIDIA_GeForce_RTX_3090_Ti,24,
deit_base_patch16_224,128,16,fp32,45.26847839355469,False,NVIDIA_GeForce_RTX_3090_Ti,24,
deit_base_patch16_224,128,32,bf16,34.140159606933594,False,NVIDIA_GeForce_RTX_3090_Ti,24,
deit_base_patch16_224,128,32,fp16,34.2026252746582,False,NVIDIA_GeForce_RTX_3090_Ti,24,
deit_base_patch16_224,128,32,fp32,88.0807876586914,False,NVIDIA_GeForce_RTX_3090_Ti,24,
deit_base_patch16_224,128,64,bf16,56.06600189208984,False,NVIDIA_GeForce_RTX_3090_Ti,24,
deit_base_patch16_224,128,64,fp16,54.96063995361328,False,NVIDIA_GeForce_RTX_3090_Ti,24,
deit_base_patch16_224,128,64,fp32,168.2380828857422,False,NVIDIA_GeForce_RTX_3090_Ti,24,
deit_base_patch16_224,224,16,bf16,44.27366256713867,False,NVIDIA_GeForce_RTX_3090_Ti,24,
deit_base_patch16_224,224,16,fp16,43.81481552124024,False,NVIDIA_GeForce_RTX_3090_Ti,24,
deit_base_patch16_224,224,16,fp32,134.79168701171875,False,NVIDIA_GeForce_RTX_3090_Ti,24,
deit_base_patch16_224,224,32,bf16,79.27859497070312,False,NVIDIA_GeForce_RTX_3090_Ti,24,
deit_base_patch16_224,224,32,fp16,77.37945556640625,False,NVIDIA_GeForce_RTX_3090_Ti,24,
deit_base_patch16_224,224,32,fp32,247.9385528564453,False,NVIDIA_GeForce_RTX_3090_Ti,24,
deit_base_patch16_224,224,64,bf16,149.02015686035156,False,NVIDIA_GeForce_RTX_3090_Ti,24,
deit_base_patch16_224,224,64,fp16,147.346435546875,False,NVIDIA_GeForce_RTX_3090_Ti,24,
deit_base_patch16_224,224,64,fp32,493.8592224121094,False,NVIDIA_GeForce_RTX_3090_Ti,24,
deit_small_patch16_224,64,16,bf16,5.32480001449585,False,NVIDIA_GeForce_RTX_3090_Ti,24,
deit_small_patch16_224,64,16,fp16,4.803584098815918,False,NVIDIA_GeForce_RTX_3090_Ti,24,
deit_small_patch16_224,64,16,fp32,6.492095947265625,False,NVIDIA_GeForce_RTX_3090_Ti,24,
deit_small_patch16_224,64,32,bf16,6.279679775238037,False,NVIDIA_GeForce_RTX_3090_Ti,24,
deit_small_patch16_224,64,32,fp16,5.92844820022583,False,NVIDIA_GeForce_RTX_3090_Ti,24,
deit_small_patch16_224,64,32,fp32,9.757184028625488,False,NVIDIA_GeForce_RTX_3090_Ti,24,
deit_small_patch16_224,64,64,bf16,8.61184024810791,False,NVIDIA_GeForce_RTX_3090_Ti,24,
deit_small_patch16_224,64,64,fp16,8.22060775756836,False,NVIDIA_GeForce_RTX_3090_Ti,24,
deit_small_patch16_224,64,64,fp32,14.804991722106934,False,NVIDIA_GeForce_RTX_3090_Ti,24,
deit_small_patch16_224,128,16,bf16,8.09830379486084,False,NVIDIA_GeForce_RTX_3090_Ti,24,
deit_small_patch16_224,128,16,fp16,7.633855819702148,False,NVIDIA_GeForce_RTX_3090_Ti,24,
deit_small_patch16_224,128,16,fp32,15.21609592437744,False,NVIDIA_GeForce_RTX_3090_Ti,24,
deit_small_patch16_224,128,32,bf16,12.541359901428224,False,NVIDIA_GeForce_RTX_3090_Ti,24,
deit_small_patch16_224,128,32,fp16,11.626416206359863,False,NVIDIA_GeForce_RTX_3090_Ti,24,
deit_small_patch16_224,128,32,fp32,25.599424362182617,False,NVIDIA_GeForce_RTX_3090_Ti,24,
deit_small_patch16_224,128,64,bf16,21.36166381835937,False,NVIDIA_GeForce_RTX_3090_Ti,24,
deit_small_patch16_224,128,64,fp16,19.92601585388184,False,NVIDIA_GeForce_RTX_3090_Ti,24,
deit_small_patch16_224,128,64,fp32,48.4326400756836,False,NVIDIA_GeForce_RTX_3090_Ti,24,
deit_small_patch16_224,224,16,bf16,16.90572738647461,False,NVIDIA_GeForce_RTX_3090_Ti,24,
deit_small_patch16_224,224,16,fp16,16.030719757080078,False,NVIDIA_GeForce_RTX_3090_Ti,24,
deit_small_patch16_224,224,16,fp32,39.71481704711914,False,NVIDIA_GeForce_RTX_3090_Ti,24,
deit_small_patch16_224,224,32,bf16,28.42982482910156,False,NVIDIA_GeForce_RTX_3090_Ti,24,
deit_small_patch16_224,224,32,fp16,27.727872848510746,False,NVIDIA_GeForce_RTX_3090_Ti,24,
deit_small_patch16_224,224,32,fp32,77.3207015991211,False,NVIDIA_GeForce_RTX_3090_Ti,24,
deit_small_patch16_224,224,64,bf16,55.07686233520508,False,NVIDIA_GeForce_RTX_3090_Ti,24,
deit_small_patch16_224,224,64,fp16,52.028926849365234,False,NVIDIA_GeForce_RTX_3090_Ti,24,
deit_small_patch16_224,224,64,fp32,159.0241241455078,False,NVIDIA_GeForce_RTX_3090_Ti,24,
deit_tiny_patch16_224,64,16,bf16,3.3034238815307617,False,NVIDIA_GeForce_RTX_3090_Ti,24,
deit_tiny_patch16_224,64,16,fp16,2.937839984893799,False,NVIDIA_GeForce_RTX_3090_Ti,24,
deit_tiny_patch16_224,64,16,fp32,3.510272026062012,False,NVIDIA_GeForce_RTX_3090_Ti,24,
deit_tiny_patch16_224,64,32,bf16,4.0320000648498535,False,NVIDIA_GeForce_RTX_3090_Ti,24,
deit_tiny_patch16_224,64,32,fp16,3.744256019592285,False,NVIDIA_GeForce_RTX_3090_Ti,24,
deit_tiny_patch16_224,64,32,fp32,4.826623916625977,False,NVIDIA_GeForce_RTX_3090_Ti,24,
deit_tiny_patch16_224,64,64,bf16,4.849631786346436,False,NVIDIA_GeForce_RTX_3090_Ti,24,
deit_tiny_patch16_224,64,64,fp16,4.577792167663574,False,NVIDIA_GeForce_RTX_3090_Ti,24,
deit_tiny_patch16_224,64,64,fp32,6.640128135681152,False,NVIDIA_GeForce_RTX_3090_Ti,24,
deit_tiny_patch16_224,128,16,bf16,6.742527961730957,False,NVIDIA_GeForce_RTX_3090_Ti,24,
deit_tiny_patch16_224,128,16,fp16,4.261360168457031,False,NVIDIA_GeForce_RTX_3090_Ti,24,
deit_tiny_patch16_224,128,16,fp32,7.059455871582031,False,NVIDIA_GeForce_RTX_3090_Ti,24,
deit_tiny_patch16_224,128,32,bf16,6.243840217590332,False,NVIDIA_GeForce_RTX_3090_Ti,24,
deit_tiny_patch16_224,128,32,fp16,5.91871976852417,False,NVIDIA_GeForce_RTX_3090_Ti,24,
deit_tiny_patch16_224,128,32,fp32,11.290623664855955,False,NVIDIA_GeForce_RTX_3090_Ti,24,
deit_tiny_patch16_224,128,64,bf16,9.667072296142578,False,NVIDIA_GeForce_RTX_3090_Ti,24,
deit_tiny_patch16_224,128,64,fp16,9.371647834777832,False,NVIDIA_GeForce_RTX_3090_Ti,24,
deit_tiny_patch16_224,128,64,fp32,19.25783920288086,False,NVIDIA_GeForce_RTX_3090_Ti,24,
deit_tiny_patch16_224,224,16,bf16,7.880176067352295,False,NVIDIA_GeForce_RTX_3090_Ti,24,
deit_tiny_patch16_224,224,16,fp16,7.443456172943115,False,NVIDIA_GeForce_RTX_3090_Ti,24,
deit_tiny_patch16_224,224,16,fp32,17.19545555114746,False,NVIDIA_GeForce_RTX_3090_Ti,24,
deit_tiny_patch16_224,224,32,bf16,13.971920013427734,False,NVIDIA_GeForce_RTX_3090_Ti,24,
deit_tiny_patch16_224,224,32,fp16,13.095423698425291,False,NVIDIA_GeForce_RTX_3090_Ti,24,
deit_tiny_patch16_224,224,32,fp32,30.152048110961918,False,NVIDIA_GeForce_RTX_3090_Ti,24,
deit_tiny_patch16_224,224,64,bf16,25.950639724731445,False,NVIDIA_GeForce_RTX_3090_Ti,24,
deit_tiny_patch16_224,224,64,fp16,23.45518493652344,False,NVIDIA_GeForce_RTX_3090_Ti,24,
deit_tiny_patch16_224,224,64,fp32,57.16223907470703,False,NVIDIA_GeForce_RTX_3090_Ti,24,
densenet121,64,16,bf16,9.390591621398926,False,NVIDIA_GeForce_RTX_3090_Ti,24,
densenet121,64,16,fp16,8.955391883850098,False,NVIDIA_GeForce_RTX_3090_Ti,24,
densenet121,64,16,fp32,10.41919994354248,False,NVIDIA_GeForce_RTX_3090_Ti,24,
densenet121,64,32,bf16,11.704832077026367,False,NVIDIA_GeForce_RTX_3090_Ti,24,
densenet121,64,32,fp16,11.094528198242188,False,NVIDIA_GeForce_RTX_3090_Ti,24,
densenet121,64,32,fp32,13.360560417175291,False,NVIDIA_GeForce_RTX_3090_Ti,24,
densenet121,64,64,bf16,16.179712295532227,False,NVIDIA_GeForce_RTX_3090_Ti,24,
densenet121,64,64,fp16,15.073792457580566,False,NVIDIA_GeForce_RTX_3090_Ti,24,
densenet121,64,64,fp32,18.68492889404297,False,NVIDIA_GeForce_RTX_3090_Ti,24,
densenet121,128,16,bf16,14.213120460510254,False,NVIDIA_GeForce_RTX_3090_Ti,24,
densenet121,128,16,fp16,14.065152168273926,False,NVIDIA_GeForce_RTX_3090_Ti,24,
densenet121,128,16,fp32,16.885759353637695,False,NVIDIA_GeForce_RTX_3090_Ti,24,
densenet121,128,32,bf16,20.38323211669922,False,NVIDIA_GeForce_RTX_3090_Ti,24,
densenet121,128,32,fp16,19.04947280883789,False,NVIDIA_GeForce_RTX_3090_Ti,24,
densenet121,128,32,fp32,30.58942413330078,False,NVIDIA_GeForce_RTX_3090_Ti,24,
densenet121,128,64,bf16,33.44731140136719,False,NVIDIA_GeForce_RTX_3090_Ti,24,
densenet121,128,64,fp16,31.009279251098636,False,NVIDIA_GeForce_RTX_3090_Ti,24,
densenet121,128,64,fp32,48.50841522216797,False,NVIDIA_GeForce_RTX_3090_Ti,24,
densenet121,224,16,bf16,28.814847946166992,False,NVIDIA_GeForce_RTX_3090_Ti,24,
densenet121,224,16,fp16,25.17503929138184,False,NVIDIA_GeForce_RTX_3090_Ti,24,
densenet121,224,16,fp32,38.99801635742188,False,NVIDIA_GeForce_RTX_3090_Ti,24,
densenet121,224,32,bf16,47.82489776611328,False,NVIDIA_GeForce_RTX_3090_Ti,24,
densenet121,224,32,fp16,41.90566253662109,False,NVIDIA_GeForce_RTX_3090_Ti,24,
densenet121,224,32,fp32,71.5052490234375,False,NVIDIA_GeForce_RTX_3090_Ti,24,
densenet121,224,64,bf16,88.19391632080078,False,NVIDIA_GeForce_RTX_3090_Ti,24,
densenet121,224,64,fp16,78.61296081542969,False,NVIDIA_GeForce_RTX_3090_Ti,24,
densenet121,224,64,fp32,140.1712646484375,False,NVIDIA_GeForce_RTX_3090_Ti,24,
dm_nfnet_f1,64,16,bf16,30.26903915405273,False,NVIDIA_GeForce_RTX_3090_Ti,24,
dm_nfnet_f1,64,16,fp16,29.948463439941406,False,NVIDIA_GeForce_RTX_3090_Ti,24,
dm_nfnet_f1,64,16,fp32,37.88902282714844,False,NVIDIA_GeForce_RTX_3090_Ti,24,
dm_nfnet_f1,64,32,bf16,37.77382278442383,False,NVIDIA_GeForce_RTX_3090_Ti,24,
dm_nfnet_f1,64,32,fp16,36.95206451416016,False,NVIDIA_GeForce_RTX_3090_Ti,24,
dm_nfnet_f1,64,32,fp32,47.29536056518555,False,NVIDIA_GeForce_RTX_3090_Ti,24,
dm_nfnet_f1,64,64,bf16,55.08612823486328,False,NVIDIA_GeForce_RTX_3090_Ti,24,
dm_nfnet_f1,64,64,fp16,53.98527908325195,False,NVIDIA_GeForce_RTX_3090_Ti,24,
dm_nfnet_f1,64,64,fp32,70.49727630615234,False,NVIDIA_GeForce_RTX_3090_Ti,24,
dm_nfnet_f1,128,16,bf16,42.801151275634766,False,NVIDIA_GeForce_RTX_3090_Ti,24,
dm_nfnet_f1,128,16,fp16,42.29632186889648,False,NVIDIA_GeForce_RTX_3090_Ti,24,
dm_nfnet_f1,128,16,fp32,57.06342315673828,False,NVIDIA_GeForce_RTX_3090_Ti,24,
dm_nfnet_f1,128,32,bf16,66.29222106933594,False,NVIDIA_GeForce_RTX_3090_Ti,24,
dm_nfnet_f1,128,32,fp16,65.15459442138672,False,NVIDIA_GeForce_RTX_3090_Ti,24,
dm_nfnet_f1,128,32,fp32,104.5555191040039,False,NVIDIA_GeForce_RTX_3090_Ti,24,
dm_nfnet_f1,128,64,bf16,109.86385345458984,False,NVIDIA_GeForce_RTX_3090_Ti,24,
dm_nfnet_f1,128,64,fp16,108.13286590576172,False,NVIDIA_GeForce_RTX_3090_Ti,24,
dm_nfnet_f1,128,64,fp32,182.5515594482422,False,NVIDIA_GeForce_RTX_3090_Ti,24,
dm_nfnet_f1,224,16,bf16,84.4292984008789,False,NVIDIA_GeForce_RTX_3090_Ti,24,
dm_nfnet_f1,224,16,fp16,83.08889770507812,False,NVIDIA_GeForce_RTX_3090_Ti,24,
dm_nfnet_f1,224,16,fp32,145.28921508789062,False,NVIDIA_GeForce_RTX_3090_Ti,24,
dm_nfnet_f1,224,32,bf16,144.9548797607422,False,NVIDIA_GeForce_RTX_3090_Ti,24,
dm_nfnet_f1,224,32,fp16,143.19302368164062,False,NVIDIA_GeForce_RTX_3090_Ti,24,
dm_nfnet_f1,224,32,fp32,340.3576354980469,False,NVIDIA_GeForce_RTX_3090_Ti,24,
dm_nfnet_f1,224,64,bf16,267.0530700683594,False,NVIDIA_GeForce_RTX_3090_Ti,24,
dm_nfnet_f1,224,64,fp16,263.8981018066406,False,NVIDIA_GeForce_RTX_3090_Ti,24,
dm_nfnet_f1,224,64,fp32,667.230712890625,False,NVIDIA_GeForce_RTX_3090_Ti,24,
efficientnet_b0,64,16,bf16,6.002175807952881,False,NVIDIA_GeForce_RTX_3090_Ti,24,
efficientnet_b0,64,16,fp16,5.567455768585205,False,NVIDIA_GeForce_RTX_3090_Ti,24,
efficientnet_b0,64,16,fp32,5.448607921600342,False,NVIDIA_GeForce_RTX_3090_Ti,24,
efficientnet_b0,64,32,bf16,7.269375801086426,False,NVIDIA_GeForce_RTX_3090_Ti,24,
efficientnet_b0,64,32,fp16,6.180863857269287,False,NVIDIA_GeForce_RTX_3090_Ti,24,
efficientnet_b0,64,32,fp32,7.733232021331787,False,NVIDIA_GeForce_RTX_3090_Ti,24,
efficientnet_b0,64,64,bf16,10.30027198791504,False,NVIDIA_GeForce_RTX_3090_Ti,24,
efficientnet_b0,64,64,fp16,8.995840072631836,False,NVIDIA_GeForce_RTX_3090_Ti,24,
efficientnet_b0,64,64,fp32,11.223456382751465,False,NVIDIA_GeForce_RTX_3090_Ti,24,
efficientnet_b0,128,16,bf16,8.284095764160156,False,NVIDIA_GeForce_RTX_3090_Ti,24,
efficientnet_b0,128,16,fp16,6.967296123504639,False,NVIDIA_GeForce_RTX_3090_Ti,24,
efficientnet_b0,128,16,fp32,9.35103988647461,False,NVIDIA_GeForce_RTX_3090_Ti,24,
efficientnet_b0,128,32,bf16,12.834303855895996,False,NVIDIA_GeForce_RTX_3090_Ti,24,
efficientnet_b0,128,32,fp16,11.240896224975586,False,NVIDIA_GeForce_RTX_3090_Ti,24,
efficientnet_b0,128,32,fp32,14.894479751586914,False,NVIDIA_GeForce_RTX_3090_Ti,24,
efficientnet_b0,128,64,bf16,20.941312789916992,False,NVIDIA_GeForce_RTX_3090_Ti,24,
efficientnet_b0,128,64,fp16,16.429567337036133,False,NVIDIA_GeForce_RTX_3090_Ti,24,
efficientnet_b0,128,64,fp32,26.743295669555664,False,NVIDIA_GeForce_RTX_3090_Ti,24,
efficientnet_b0,224,16,bf16,16.955232620239258,False,NVIDIA_GeForce_RTX_3090_Ti,24,
efficientnet_b0,224,16,fp16,13.029888153076172,False,NVIDIA_GeForce_RTX_3090_Ti,24,
efficientnet_b0,224,16,fp32,20.25315284729004,False,NVIDIA_GeForce_RTX_3090_Ti,24,
efficientnet_b0,224,32,bf16,30.170623779296875,False,NVIDIA_GeForce_RTX_3090_Ti,24,
efficientnet_b0,224,32,fp16,22.67699241638184,False,NVIDIA_GeForce_RTX_3090_Ti,24,
efficientnet_b0,224,32,fp32,37.61612701416016,False,NVIDIA_GeForce_RTX_3090_Ti,24,
efficientnet_b0,224,64,bf16,55.46905517578125,False,NVIDIA_GeForce_RTX_3090_Ti,24,
efficientnet_b0,224,64,fp16,40.95783996582031,False,NVIDIA_GeForce_RTX_3090_Ti,24,
efficientnet_b0,224,64,fp32,72.3947525024414,False,NVIDIA_GeForce_RTX_3090_Ti,24,
efficientnet_b3,64,16,bf16,11.113984107971191,False,NVIDIA_GeForce_RTX_3090_Ti,24,
efficientnet_b3,64,16,fp16,9.4934720993042,False,NVIDIA_GeForce_RTX_3090_Ti,24,
efficientnet_b3,64,16,fp32,10.466303825378418,False,NVIDIA_GeForce_RTX_3090_Ti,24,
efficientnet_b3,64,32,bf16,13.033984184265137,False,NVIDIA_GeForce_RTX_3090_Ti,24,
efficientnet_b3,64,32,fp16,11.479552268981934,False,NVIDIA_GeForce_RTX_3090_Ti,24,
efficientnet_b3,64,32,fp32,14.48806381225586,False,NVIDIA_GeForce_RTX_3090_Ti,24,
efficientnet_b3,64,64,bf16,18.569664001464844,False,NVIDIA_GeForce_RTX_3090_Ti,24,
efficientnet_b3,64,64,fp16,15.652352333068848,False,NVIDIA_GeForce_RTX_3090_Ti,24,
efficientnet_b3,64,64,fp32,22.897056579589844,False,NVIDIA_GeForce_RTX_3090_Ti,24,
efficientnet_b3,128,16,bf16,14.822400093078612,False,NVIDIA_GeForce_RTX_3090_Ti,24,
efficientnet_b3,128,16,fp16,12.163071632385254,False,NVIDIA_GeForce_RTX_3090_Ti,24,
efficientnet_b3,128,16,fp32,18.06575965881348,False,NVIDIA_GeForce_RTX_3090_Ti,24,
efficientnet_b3,128,32,bf16,22.865264892578125,False,NVIDIA_GeForce_RTX_3090_Ti,24,
efficientnet_b3,128,32,fp16,18.60812759399414,False,NVIDIA_GeForce_RTX_3090_Ti,24,
efficientnet_b3,128,32,fp32,29.04166412353516,False,NVIDIA_GeForce_RTX_3090_Ti,24,
efficientnet_b3,128,64,bf16,40.445438385009766,False,NVIDIA_GeForce_RTX_3090_Ti,24,
efficientnet_b3,128,64,fp16,31.492095947265625,False,NVIDIA_GeForce_RTX_3090_Ti,24,
efficientnet_b3,128,64,fp32,52.96076965332031,False,NVIDIA_GeForce_RTX_3090_Ti,24,
efficientnet_b3,224,16,bf16,31.720447540283203,False,NVIDIA_GeForce_RTX_3090_Ti,24,
efficientnet_b3,224,16,fp16,23.429119110107425,False,NVIDIA_GeForce_RTX_3090_Ti,24,
efficientnet_b3,224,16,fp32,40.54272079467773,False,NVIDIA_GeForce_RTX_3090_Ti,24,
efficientnet_b3,224,32,bf16,57.20115280151367,False,NVIDIA_GeForce_RTX_3090_Ti,24,
efficientnet_b3,224,32,fp16,42.0239372253418,False,NVIDIA_GeForce_RTX_3090_Ti,24,
efficientnet_b3,224,32,fp32,74.48467254638672,False,NVIDIA_GeForce_RTX_3090_Ti,24,
efficientnet_b3,224,64,bf16,108.34937286376952,False,NVIDIA_GeForce_RTX_3090_Ti,24,
efficientnet_b3,224,64,fp16,79.3183822631836,False,NVIDIA_GeForce_RTX_3090_Ti,24,
efficientnet_b3,224,64,fp32,145.97579956054688,False,NVIDIA_GeForce_RTX_3090_Ti,24,
efficientnet_b5,64,16,bf16,19.21892738342285,False,NVIDIA_GeForce_RTX_3090_Ti,24,
efficientnet_b5,64,16,fp16,16.42086410522461,False,NVIDIA_GeForce_RTX_3090_Ti,24,
efficientnet_b5,64,16,fp32,19.352575302124023,False,NVIDIA_GeForce_RTX_3090_Ti,24,
efficientnet_b5,64,32,bf16,23.686656951904297,False,NVIDIA_GeForce_RTX_3090_Ti,24,
efficientnet_b5,64,32,fp16,20.55372810363769,False,NVIDIA_GeForce_RTX_3090_Ti,24,
efficientnet_b5,64,32,fp32,26.951520919799805,False,NVIDIA_GeForce_RTX_3090_Ti,24,
efficientnet_b5,64,64,bf16,35.316734313964844,False,NVIDIA_GeForce_RTX_3090_Ti,24,
efficientnet_b5,64,64,fp16,29.46201515197754,False,NVIDIA_GeForce_RTX_3090_Ti,24,
efficientnet_b5,64,64,fp32,43.89888000488281,False,NVIDIA_GeForce_RTX_3090_Ti,24,
efficientnet_b5,128,16,bf16,27.332000732421875,False,NVIDIA_GeForce_RTX_3090_Ti,24,
efficientnet_b5,128,16,fp16,22.09587287902832,False,NVIDIA_GeForce_RTX_3090_Ti,24,
efficientnet_b5,128,16,fp32,33.260528564453125,False,NVIDIA_GeForce_RTX_3090_Ti,24,
efficientnet_b5,128,32,bf16,42.61671829223633,False,NVIDIA_GeForce_RTX_3090_Ti,24,
efficientnet_b5,128,32,fp16,33.78227233886719,False,NVIDIA_GeForce_RTX_3090_Ti,24,
efficientnet_b5,128,32,fp32,55.21152114868164,False,NVIDIA_GeForce_RTX_3090_Ti,24,
efficientnet_b5,128,64,bf16,75.18771362304688,False,NVIDIA_GeForce_RTX_3090_Ti,24,
efficientnet_b5,128,64,fp16,57.44895935058594,False,NVIDIA_GeForce_RTX_3090_Ti,24,
efficientnet_b5,128,64,fp32,99.4001922607422,False,NVIDIA_GeForce_RTX_3090_Ti,24,
efficientnet_b5,224,16,bf16,58.171905517578125,False,NVIDIA_GeForce_RTX_3090_Ti,24,
efficientnet_b5,224,16,fp16,41.64608001708984,False,NVIDIA_GeForce_RTX_3090_Ti,24,
efficientnet_b5,224,16,fp32,75.23993682861328,False,NVIDIA_GeForce_RTX_3090_Ti,24,
efficientnet_b5,224,32,bf16,104.8248291015625,False,NVIDIA_GeForce_RTX_3090_Ti,24,
efficientnet_b5,224,32,fp16,74.78988647460938,False,NVIDIA_GeForce_RTX_3090_Ti,24,
efficientnet_b5,224,32,fp32,139.7539825439453,False,NVIDIA_GeForce_RTX_3090_Ti,24,
efficientnet_b5,224,64,bf16,198.87359619140625,False,NVIDIA_GeForce_RTX_3090_Ti,24,
efficientnet_b5,224,64,fp16,140.10716247558594,False,NVIDIA_GeForce_RTX_3090_Ti,24,
efficientnet_b5,224,64,fp32,271.5924377441406,False,NVIDIA_GeForce_RTX_3090_Ti,24,
efficientnetv2_l,64,16,bf16,41.53432083129883,False,NVIDIA_GeForce_RTX_3090_Ti,24,
efficientnetv2_l,64,16,fp16,39.00825500488281,False,NVIDIA_GeForce_RTX_3090_Ti,24,
efficientnetv2_l,64,16,fp32,49.744384765625,False,NVIDIA_GeForce_RTX_3090_Ti,24,
efficientnetv2_l,64,32,bf16,50.04390335083008,False,NVIDIA_GeForce_RTX_3090_Ti,24,
efficientnetv2_l,64,32,fp16,45.36729431152344,False,NVIDIA_GeForce_RTX_3090_Ti,24,
efficientnetv2_l,64,32,fp32,66.73919677734375,False,NVIDIA_GeForce_RTX_3090_Ti,24,
efficientnetv2_l,64,64,bf16,70.002685546875,False,NVIDIA_GeForce_RTX_3090_Ti,24,
efficientnetv2_l,64,64,fp16,60.20249557495117,False,NVIDIA_GeForce_RTX_3090_Ti,24,
efficientnetv2_l,64,64,fp32,101.53421020507812,False,NVIDIA_GeForce_RTX_3090_Ti,24,
efficientnetv2_l,128,16,bf16,50.4161262512207,False,NVIDIA_GeForce_RTX_3090_Ti,24,
efficientnetv2_l,128,16,fp16,45.23201751708984,False,NVIDIA_GeForce_RTX_3090_Ti,24,
efficientnetv2_l,128,16,fp32,70.59916687011719,False,NVIDIA_GeForce_RTX_3090_Ti,24,
efficientnetv2_l,128,32,bf16,75.78470611572266,False,NVIDIA_GeForce_RTX_3090_Ti,24,
efficientnetv2_l,128,32,fp16,65.70188903808594,False,NVIDIA_GeForce_RTX_3090_Ti,24,
efficientnetv2_l,128,32,fp32,110.20953369140624,False,NVIDIA_GeForce_RTX_3090_Ti,24,
efficientnetv2_l,128,64,bf16,129.5379638671875,False,NVIDIA_GeForce_RTX_3090_Ti,24,
efficientnetv2_l,128,64,fp16,109.21625518798828,False,NVIDIA_GeForce_RTX_3090_Ti,24,
efficientnetv2_l,128,64,fp32,189.4322967529297,False,NVIDIA_GeForce_RTX_3090_Ti,24,
efficientnetv2_l,224,16,bf16,101.46304321289062,False,NVIDIA_GeForce_RTX_3090_Ti,24,
efficientnetv2_l,224,16,fp16,82.53688049316406,False,NVIDIA_GeForce_RTX_3090_Ti,24,
efficientnetv2_l,224,16,fp32,140.1378631591797,False,NVIDIA_GeForce_RTX_3090_Ti,24,
efficientnetv2_l,224,32,bf16,174.66305541992188,False,NVIDIA_GeForce_RTX_3090_Ti,24,
efficientnetv2_l,224,32,fp16,137.8667449951172,False,NVIDIA_GeForce_RTX_3090_Ti,24,
efficientnetv2_l,224,32,fp32,254.8126678466797,False,NVIDIA_GeForce_RTX_3090_Ti,24,
efficientnetv2_l,224,64,bf16,326.4916381835937,False,NVIDIA_GeForce_RTX_3090_Ti,24,
efficientnetv2_l,224,64,fp16,256.1652526855469,False,NVIDIA_GeForce_RTX_3090_Ti,24,
efficientnetv2_l,224,64,fp32,,True,NVIDIA_GeForce_RTX_3090_Ti,24,
efficientnetv2_m,64,16,bf16,25.24198341369629,False,NVIDIA_GeForce_RTX_3090_Ti,24,
efficientnetv2_m,64,16,fp16,22.53055953979492,False,NVIDIA_GeForce_RTX_3090_Ti,24,
efficientnetv2_m,64,16,fp32,26.924543380737305,False,NVIDIA_GeForce_RTX_3090_Ti,24,
efficientnetv2_m,64,32,bf16,30.57561683654785,False,NVIDIA_GeForce_RTX_3090_Ti,24,
efficientnetv2_m,64,32,fp16,26.86412811279297,False,NVIDIA_GeForce_RTX_3090_Ti,24,
efficientnetv2_m,64,32,fp32,34.883583068847656,False,NVIDIA_GeForce_RTX_3090_Ti,24,
efficientnetv2_m,64,64,bf16,43.7130241394043,False,NVIDIA_GeForce_RTX_3090_Ti,24,
efficientnetv2_m,64,64,fp16,36.57574462890625,False,NVIDIA_GeForce_RTX_3090_Ti,24,
efficientnetv2_m,64,64,fp32,54.52083206176758,False,NVIDIA_GeForce_RTX_3090_Ti,24,
efficientnetv2_m,128,16,bf16,31.08864021301269,False,NVIDIA_GeForce_RTX_3090_Ti,24,
efficientnetv2_m,128,16,fp16,27.142656326293945,False,NVIDIA_GeForce_RTX_3090_Ti,24,
efficientnetv2_m,128,16,fp32,39.59859085083008,False,NVIDIA_GeForce_RTX_3090_Ti,24,
efficientnetv2_m,128,32,bf16,45.8485107421875,False,NVIDIA_GeForce_RTX_3090_Ti,24,
efficientnetv2_m,128,32,fp16,39.2487678527832,False,NVIDIA_GeForce_RTX_3090_Ti,24,
efficientnetv2_m,128,32,fp32,61.37753677368164,False,NVIDIA_GeForce_RTX_3090_Ti,24,
efficientnetv2_m,128,64,bf16,75.7805404663086,False,NVIDIA_GeForce_RTX_3090_Ti,24,
efficientnetv2_m,128,64,fp16,63.87964630126953,False,NVIDIA_GeForce_RTX_3090_Ti,24,
efficientnetv2_m,128,64,fp32,107.6654052734375,False,NVIDIA_GeForce_RTX_3090_Ti,24,
efficientnetv2_m,224,16,bf16,58.31475067138672,False,NVIDIA_GeForce_RTX_3090_Ti,24,
efficientnetv2_m,224,16,fp16,46.67903900146485,False,NVIDIA_GeForce_RTX_3090_Ti,24,
efficientnetv2_m,224,16,fp32,77.62417602539062,False,NVIDIA_GeForce_RTX_3090_Ti,24,
efficientnetv2_m,224,32,bf16,100.71804809570312,False,NVIDIA_GeForce_RTX_3090_Ti,24,
efficientnetv2_m,224,32,fp16,80.76432037353516,False,NVIDIA_GeForce_RTX_3090_Ti,24,
efficientnetv2_m,224,32,fp32,141.64378356933594,False,NVIDIA_GeForce_RTX_3090_Ti,24,
efficientnetv2_m,224,64,bf16,186.69561767578125,False,NVIDIA_GeForce_RTX_3090_Ti,24,
efficientnetv2_m,224,64,fp16,145.4556121826172,False,NVIDIA_GeForce_RTX_3090_Ti,24,
efficientnetv2_m,224,64,fp32,274.3878173828125,False,NVIDIA_GeForce_RTX_3090_Ti,24,
efficientnetv2_s,64,16,bf16,13.46611213684082,False,NVIDIA_GeForce_RTX_3090_Ti,24,
efficientnetv2_s,64,16,fp16,12.45132827758789,False,NVIDIA_GeForce_RTX_3090_Ti,24,
efficientnetv2_s,64,16,fp32,14.38771152496338,False,NVIDIA_GeForce_RTX_3090_Ti,24,
efficientnetv2_s,64,32,bf16,16.983552932739258,False,NVIDIA_GeForce_RTX_3090_Ti,24,
efficientnetv2_s,64,32,fp16,15.44752025604248,False,NVIDIA_GeForce_RTX_3090_Ti,24,
efficientnetv2_s,64,32,fp32,19.06790351867676,False,NVIDIA_GeForce_RTX_3090_Ti,24,
efficientnetv2_s,64,64,bf16,24.25379180908203,False,NVIDIA_GeForce_RTX_3090_Ti,24,
efficientnetv2_s,64,64,fp16,20.64332771301269,False,NVIDIA_GeForce_RTX_3090_Ti,24,
efficientnetv2_s,64,64,fp32,28.94899177551269,False,NVIDIA_GeForce_RTX_3090_Ti,24,
efficientnetv2_s,128,16,bf16,17.50676727294922,False,NVIDIA_GeForce_RTX_3090_Ti,24,
efficientnetv2_s,128,16,fp16,15.417311668395996,False,NVIDIA_GeForce_RTX_3090_Ti,24,
efficientnetv2_s,128,16,fp32,22.73535919189453,False,NVIDIA_GeForce_RTX_3090_Ti,24,
efficientnetv2_s,128,32,bf16,25.42587280273437,False,NVIDIA_GeForce_RTX_3090_Ti,24,
efficientnetv2_s,128,32,fp16,22.04569625854492,False,NVIDIA_GeForce_RTX_3090_Ti,24,
efficientnetv2_s,128,32,fp32,33.66963195800781,False,NVIDIA_GeForce_RTX_3090_Ti,24,
efficientnetv2_s,128,64,bf16,42.47185516357422,False,NVIDIA_GeForce_RTX_3090_Ti,24,
efficientnetv2_s,128,64,fp16,35.178497314453125,False,NVIDIA_GeForce_RTX_3090_Ti,24,
efficientnetv2_s,128,64,fp32,60.942848205566406,False,NVIDIA_GeForce_RTX_3090_Ti,24,
efficientnetv2_s,224,16,bf16,33.880062103271484,False,NVIDIA_GeForce_RTX_3090_Ti,24,
efficientnetv2_s,224,16,fp16,26.934783935546875,False,NVIDIA_GeForce_RTX_3090_Ti,24,
efficientnetv2_s,224,16,fp32,44.7380485534668,False,NVIDIA_GeForce_RTX_3090_Ti,24,
efficientnetv2_s,224,32,bf16,58.407936096191406,False,NVIDIA_GeForce_RTX_3090_Ti,24,
efficientnetv2_s,224,32,fp16,45.9315185546875,False,NVIDIA_GeForce_RTX_3090_Ti,24,
efficientnetv2_s,224,32,fp32,81.7228775024414,False,NVIDIA_GeForce_RTX_3090_Ti,24,
efficientnetv2_s,224,64,bf16,110.68006134033205,False,NVIDIA_GeForce_RTX_3090_Ti,24,
efficientnetv2_s,224,64,fp16,86.42969512939453,False,NVIDIA_GeForce_RTX_3090_Ti,24,
efficientnetv2_s,224,64,fp32,157.46401977539062,False,NVIDIA_GeForce_RTX_3090_Ti,24,
fastvit_t12,64,16,bf16,6.85972785949707,False,NVIDIA_GeForce_RTX_3090_Ti,24,
fastvit_t12,64,16,fp16,6.467584133148193,False,NVIDIA_GeForce_RTX_3090_Ti,24,
fastvit_t12,64,16,fp32,7.265279769897461,False,NVIDIA_GeForce_RTX_3090_Ti,24,
fastvit_t12,64,32,bf16,9.086463928222656,False,NVIDIA_GeForce_RTX_3090_Ti,24,
fastvit_t12,64,32,fp16,8.42956829071045,False,NVIDIA_GeForce_RTX_3090_Ti,24,
fastvit_t12,64,32,fp32,9.398271560668944,False,NVIDIA_GeForce_RTX_3090_Ti,24,
fastvit_t12,64,64,bf16,13.0764799118042,False,NVIDIA_GeForce_RTX_3090_Ti,24,
fastvit_t12,64,64,fp16,12.919808387756348,False,NVIDIA_GeForce_RTX_3090_Ti,24,
fastvit_t12,64,64,fp32,14.74244785308838,False,NVIDIA_GeForce_RTX_3090_Ti,24,
fastvit_t12,128,16,bf16,10.638848304748535,False,NVIDIA_GeForce_RTX_3090_Ti,24,
fastvit_t12,128,16,fp16,10.276864051818848,False,NVIDIA_GeForce_RTX_3090_Ti,24,
fastvit_t12,128,16,fp32,11.73196792602539,False,NVIDIA_GeForce_RTX_3090_Ti,24,
fastvit_t12,128,32,bf16,18.00601577758789,False,NVIDIA_GeForce_RTX_3090_Ti,24,
fastvit_t12,128,32,fp16,15.880191802978516,False,NVIDIA_GeForce_RTX_3090_Ti,24,
fastvit_t12,128,32,fp32,20.155391693115234,False,NVIDIA_GeForce_RTX_3090_Ti,24,
fastvit_t12,128,64,bf16,32.751617431640625,False,NVIDIA_GeForce_RTX_3090_Ti,24,
fastvit_t12,128,64,fp16,28.997119903564453,False,NVIDIA_GeForce_RTX_3090_Ti,24,
fastvit_t12,128,64,fp32,37.29868698120117,False,NVIDIA_GeForce_RTX_3090_Ti,24,
fastvit_t12,224,16,bf16,25.83500862121582,False,NVIDIA_GeForce_RTX_3090_Ti,24,
fastvit_t12,224,16,fp16,23.03487968444824,False,NVIDIA_GeForce_RTX_3090_Ti,24,
fastvit_t12,224,16,fp32,28.44620704650879,False,NVIDIA_GeForce_RTX_3090_Ti,24,
fastvit_t12,224,32,bf16,48.44180679321289,False,NVIDIA_GeForce_RTX_3090_Ti,24,
fastvit_t12,224,32,fp16,42.51033782958984,False,NVIDIA_GeForce_RTX_3090_Ti,24,
fastvit_t12,224,32,fp32,55.21305465698242,False,NVIDIA_GeForce_RTX_3090_Ti,24,
fastvit_t12,224,64,bf16,93.37395477294922,False,NVIDIA_GeForce_RTX_3090_Ti,24,
fastvit_t12,224,64,fp16,81.41311645507812,False,NVIDIA_GeForce_RTX_3090_Ti,24,
fastvit_t12,224,64,fp32,108.50702667236328,False,NVIDIA_GeForce_RTX_3090_Ti,24,
fastvit_t8,64,16,bf16,5.219840049743652,False,NVIDIA_GeForce_RTX_3090_Ti,24,
fastvit_t8,64,16,fp16,4.91926383972168,False,NVIDIA_GeForce_RTX_3090_Ti,24,
fastvit_t8,64,16,fp32,4.990384101867676,False,NVIDIA_GeForce_RTX_3090_Ti,24,
fastvit_t8,64,32,bf16,6.597104072570801,False,NVIDIA_GeForce_RTX_3090_Ti,24,
fastvit_t8,64,32,fp16,6.047711849212647,False,NVIDIA_GeForce_RTX_3090_Ti,24,
fastvit_t8,64,32,fp32,6.683648109436035,False,NVIDIA_GeForce_RTX_3090_Ti,24,
fastvit_t8,64,64,bf16,9.85804843902588,False,NVIDIA_GeForce_RTX_3090_Ti,24,
fastvit_t8,64,64,fp16,8.857487678527832,False,NVIDIA_GeForce_RTX_3090_Ti,24,
fastvit_t8,64,64,fp32,10.229248046875,False,NVIDIA_GeForce_RTX_3090_Ti,24,
fastvit_t8,128,16,bf16,8.034159660339355,False,NVIDIA_GeForce_RTX_3090_Ti,24,
fastvit_t8,128,16,fp16,7.753215789794922,False,NVIDIA_GeForce_RTX_3090_Ti,24,
fastvit_t8,128,16,fp32,8.401920318603516,False,NVIDIA_GeForce_RTX_3090_Ti,24,
fastvit_t8,128,32,bf16,13.107711791992188,False,NVIDIA_GeForce_RTX_3090_Ti,24,
fastvit_t8,128,32,fp16,11.981743812561035,False,NVIDIA_GeForce_RTX_3090_Ti,24,
fastvit_t8,128,32,fp32,14.252032279968262,False,NVIDIA_GeForce_RTX_3090_Ti,24,
fastvit_t8,128,64,bf16,23.456768035888672,False,NVIDIA_GeForce_RTX_3090_Ti,24,
fastvit_t8,128,64,fp16,20.68172836303711,False,NVIDIA_GeForce_RTX_3090_Ti,24,
fastvit_t8,128,64,fp32,26.262527465820312,False,NVIDIA_GeForce_RTX_3090_Ti,24,
fastvit_t8,224,16,bf16,18.497936248779297,False,NVIDIA_GeForce_RTX_3090_Ti,24,
fastvit_t8,224,16,fp16,16.43622398376465,False,NVIDIA_GeForce_RTX_3090_Ti,24,
fastvit_t8,224,16,fp32,19.86150360107422,False,NVIDIA_GeForce_RTX_3090_Ti,24,
fastvit_t8,224,32,bf16,34.49907302856445,False,NVIDIA_GeForce_RTX_3090_Ti,24,
fastvit_t8,224,32,fp16,30.285232543945312,False,NVIDIA_GeForce_RTX_3090_Ti,24,
fastvit_t8,224,32,fp32,38.07936096191406,False,NVIDIA_GeForce_RTX_3090_Ti,24,
fastvit_t8,224,64,bf16,67.0540771484375,False,NVIDIA_GeForce_RTX_3090_Ti,24,
fastvit_t8,224,64,fp16,58.45759963989258,False,NVIDIA_GeForce_RTX_3090_Ti,24,
fastvit_t8,224,64,fp32,73.92086029052734,False,NVIDIA_GeForce_RTX_3090_Ti,24,
maxvit_tiny_tf_224,64,16,bf16,15.112095832824709,False,NVIDIA_GeForce_RTX_3090_Ti,24,
maxvit_tiny_tf_224,64,16,fp16,14.332927703857422,False,NVIDIA_GeForce_RTX_3090_Ti,24,
maxvit_tiny_tf_224,64,16,fp32,20.73753547668457,False,NVIDIA_GeForce_RTX_3090_Ti,24,
maxvit_tiny_tf_224,64,32,bf16,20.462047576904297,False,NVIDIA_GeForce_RTX_3090_Ti,24,
maxvit_tiny_tf_224,64,32,fp16,19.14828872680664,False,NVIDIA_GeForce_RTX_3090_Ti,24,
maxvit_tiny_tf_224,64,32,fp32,31.733760833740234,False,NVIDIA_GeForce_RTX_3090_Ti,24,
maxvit_tiny_tf_224,64,64,bf16,30.56070327758789,False,NVIDIA_GeForce_RTX_3090_Ti,24,
maxvit_tiny_tf_224,64,64,fp16,28.656639099121094,False,NVIDIA_GeForce_RTX_3090_Ti,24,
maxvit_tiny_tf_224,64,64,fp32,54.78345489501953,False,NVIDIA_GeForce_RTX_3090_Ti,24,
maxvit_tiny_tf_224,128,16,bf16,24.698240280151367,False,NVIDIA_GeForce_RTX_3090_Ti,24,
maxvit_tiny_tf_224,128,16,fp16,22.69388771057129,False,NVIDIA_GeForce_RTX_3090_Ti,24,
maxvit_tiny_tf_224,128,16,fp32,38.646785736083984,False,NVIDIA_GeForce_RTX_3090_Ti,24,
maxvit_tiny_tf_224,128,32,bf16,40.5299186706543,False,NVIDIA_GeForce_RTX_3090_Ti,24,
maxvit_tiny_tf_224,128,32,fp16,37.28433609008789,False,NVIDIA_GeForce_RTX_3090_Ti,24,
maxvit_tiny_tf_224,128,32,fp32,68.55622100830078,False,NVIDIA_GeForce_RTX_3090_Ti,24,
maxvit_tiny_tf_224,128,64,bf16,72.90103912353516,False,NVIDIA_GeForce_RTX_3090_Ti,24,
maxvit_tiny_tf_224,128,64,fp16,67.10169219970703,False,NVIDIA_GeForce_RTX_3090_Ti,24,
maxvit_tiny_tf_224,128,64,fp32,126.4029769897461,False,NVIDIA_GeForce_RTX_3090_Ti,24,
maxvit_tiny_tf_224,224,16,bf16,56.367584228515625,False,NVIDIA_GeForce_RTX_3090_Ti,24,
maxvit_tiny_tf_224,224,16,fp16,51.5420150756836,False,NVIDIA_GeForce_RTX_3090_Ti,24,
maxvit_tiny_tf_224,224,16,fp32,92.33971405029295,False,NVIDIA_GeForce_RTX_3090_Ti,24,
maxvit_tiny_tf_224,224,32,bf16,100.15374755859376,False,NVIDIA_GeForce_RTX_3090_Ti,24,
maxvit_tiny_tf_224,224,32,fp16,91.03411102294922,False,NVIDIA_GeForce_RTX_3090_Ti,24,
maxvit_tiny_tf_224,224,32,fp32,172.50099182128906,False,NVIDIA_GeForce_RTX_3090_Ti,24,
maxvit_tiny_tf_224,224,64,bf16,191.25094604492188,False,NVIDIA_GeForce_RTX_3090_Ti,24,
maxvit_tiny_tf_224,224,64,fp16,174.03021240234375,False,NVIDIA_GeForce_RTX_3090_Ti,24,
maxvit_tiny_tf_224,224,64,fp32,337.7786865234375,False,NVIDIA_GeForce_RTX_3090_Ti,24,
mixer_b16_224,64,16,bf16,10.595328330993652,False,NVIDIA_GeForce_RTX_3090_Ti,24,
mixer_b16_224,64,16,fp16,10.287615776062012,False,NVIDIA_GeForce_RTX_3090_Ti,24,
mixer_b16_224,64,16,fp32,14.601728439331056,False,NVIDIA_GeForce_RTX_3090_Ti,24,
mixer_b16_224,64,32,bf16,15.069184303283691,False,NVIDIA_GeForce_RTX_3090_Ti,24,
mixer_b16_224,64,32,fp16,14.72051239013672,False,NVIDIA_GeForce_RTX_3090_Ti,24,
mixer_b16_224,64,32,fp32,23.720367431640625,False,NVIDIA_GeForce_RTX_3090_Ti,24,
mixer_b16_224,64,64,bf16,23.444992065429688,False,NVIDIA_GeForce_RTX_3090_Ti,24,
mixer_b16_224,64,64,fp16,22.98624038696289,False,NVIDIA_GeForce_RTX_3090_Ti,24,
mixer_b16_224,64,64,fp32,43.80924987792969,False,NVIDIA_GeForce_RTX_3090_Ti,24,
mixer_b16_224,128,16,bf16,17.57232093811035,False,NVIDIA_GeForce_RTX_3090_Ti,24,
mixer_b16_224,128,16,fp16,17.093631744384766,False,NVIDIA_GeForce_RTX_3090_Ti,24,
mixer_b16_224,128,16,fp32,33.80121612548828,False,NVIDIA_GeForce_RTX_3090_Ti,24,
mixer_b16_224,128,32,bf16,28.38425636291504,False,NVIDIA_GeForce_RTX_3090_Ti,24,
mixer_b16_224,128,32,fp16,28.6167049407959,False,NVIDIA_GeForce_RTX_3090_Ti,24,
mixer_b16_224,128,32,fp32,66.13247680664062,False,NVIDIA_GeForce_RTX_3090_Ti,24,
mixer_b16_224,128,64,bf16,48.964481353759766,False,NVIDIA_GeForce_RTX_3090_Ti,24,
mixer_b16_224,128,64,fp16,49.14726257324219,False,NVIDIA_GeForce_RTX_3090_Ti,24,
mixer_b16_224,128,64,fp32,128.51046752929688,False,NVIDIA_GeForce_RTX_3090_Ti,24,
mixer_b16_224,224,16,bf16,36.85990524291992,False,NVIDIA_GeForce_RTX_3090_Ti,24,
mixer_b16_224,224,16,fp16,37.21318435668945,False,NVIDIA_GeForce_RTX_3090_Ti,24,
mixer_b16_224,224,16,fp32,92.87521362304688,False,NVIDIA_GeForce_RTX_3090_Ti,24,
mixer_b16_224,224,32,bf16,66.25228881835938,False,NVIDIA_GeForce_RTX_3090_Ti,24,
mixer_b16_224,224,32,fp16,65.4540786743164,False,NVIDIA_GeForce_RTX_3090_Ti,24,
mixer_b16_224,224,32,fp32,174.0779571533203,False,NVIDIA_GeForce_RTX_3090_Ti,24,
mixer_b16_224,224,64,bf16,124.95410919189452,False,NVIDIA_GeForce_RTX_3090_Ti,24,
mixer_b16_224,224,64,fp16,123.03667449951172,False,NVIDIA_GeForce_RTX_3090_Ti,24,
mixer_b16_224,224,64,fp32,346.86865234375,False,NVIDIA_GeForce_RTX_3090_Ti,24,
mobilenetv2_100,64,16,bf16,3.290112018585205,False,NVIDIA_GeForce_RTX_3090_Ti,24,
mobilenetv2_100,64,16,fp16,3.6264960765838623,False,NVIDIA_GeForce_RTX_3090_Ti,24,
mobilenetv2_100,64,16,fp32,3.471359968185425,False,NVIDIA_GeForce_RTX_3090_Ti,24,
mobilenetv2_100,64,32,bf16,4.536831855773926,False,NVIDIA_GeForce_RTX_3090_Ti,24,
mobilenetv2_100,64,32,fp16,3.8352959156036377,False,NVIDIA_GeForce_RTX_3090_Ti,24,
mobilenetv2_100,64,32,fp32,4.951039791107178,False,NVIDIA_GeForce_RTX_3090_Ti,24,
mobilenetv2_100,64,64,bf16,6.790112018585205,False,NVIDIA_GeForce_RTX_3090_Ti,24,
mobilenetv2_100,64,64,fp16,5.479856014251709,False,NVIDIA_GeForce_RTX_3090_Ti,24,
mobilenetv2_100,64,64,fp32,7.552000045776367,False,NVIDIA_GeForce_RTX_3090_Ti,24,
mobilenetv2_100,128,16,bf16,5.495711803436279,False,NVIDIA_GeForce_RTX_3090_Ti,24,
mobilenetv2_100,128,16,fp16,4.430272102355957,False,NVIDIA_GeForce_RTX_3090_Ti,24,
mobilenetv2_100,128,16,fp32,6.533120155334473,False,NVIDIA_GeForce_RTX_3090_Ti,24,
mobilenetv2_100,128,32,bf16,8.936832427978516,False,NVIDIA_GeForce_RTX_3090_Ti,24,
mobilenetv2_100,128,32,fp16,7.077295780181885,False,NVIDIA_GeForce_RTX_3090_Ti,24,
mobilenetv2_100,128,32,fp32,10.763775825500488,False,NVIDIA_GeForce_RTX_3090_Ti,24,
mobilenetv2_100,128,64,bf16,15.392767906188965,False,NVIDIA_GeForce_RTX_3090_Ti,24,
mobilenetv2_100,128,64,fp16,11.801088333129885,False,NVIDIA_GeForce_RTX_3090_Ti,24,
mobilenetv2_100,128,64,fp32,19.733503341674805,False,NVIDIA_GeForce_RTX_3090_Ti,24,
mobilenetv2_100,224,16,bf16,12.63206386566162,False,NVIDIA_GeForce_RTX_3090_Ti,24,
mobilenetv2_100,224,16,fp16,9.697279930114746,False,NVIDIA_GeForce_RTX_3090_Ti,24,
mobilenetv2_100,224,16,fp32,15.09324836730957,False,NVIDIA_GeForce_RTX_3090_Ti,24,
mobilenetv2_100,224,32,bf16,23.27654457092285,False,NVIDIA_GeForce_RTX_3090_Ti,24,
mobilenetv2_100,224,32,fp16,17.547775268554688,False,NVIDIA_GeForce_RTX_3090_Ti,24,
mobilenetv2_100,224,32,fp32,28.65355110168457,False,NVIDIA_GeForce_RTX_3090_Ti,24,
mobilenetv2_100,224,64,bf16,43.10627365112305,False,NVIDIA_GeForce_RTX_3090_Ti,24,
mobilenetv2_100,224,64,fp16,32.17407989501953,False,NVIDIA_GeForce_RTX_3090_Ti,24,
mobilenetv2_100,224,64,fp32,55.426048278808594,False,NVIDIA_GeForce_RTX_3090_Ti,24,
mobilenetv3_large_100,64,16,bf16,4.715007781982422,False,NVIDIA_GeForce_RTX_3090_Ti,24,
mobilenetv3_large_100,64,16,fp16,3.3648641109466557,False,NVIDIA_GeForce_RTX_3090_Ti,24,
mobilenetv3_large_100,64,16,fp32,4.279295921325684,False,NVIDIA_GeForce_RTX_3090_Ti,24,
mobilenetv3_large_100,64,32,bf16,4.608463764190674,False,NVIDIA_GeForce_RTX_3090_Ti,24,
mobilenetv3_large_100,64,32,fp16,4.134912014007568,False,NVIDIA_GeForce_RTX_3090_Ti,24,
mobilenetv3_large_100,64,32,fp32,4.859903812408447,False,NVIDIA_GeForce_RTX_3090_Ti,24,
mobilenetv3_large_100,64,64,bf16,6.297584056854248,False,NVIDIA_GeForce_RTX_3090_Ti,24,
mobilenetv3_large_100,64,64,fp16,5.2981438636779785,False,NVIDIA_GeForce_RTX_3090_Ti,24,
mobilenetv3_large_100,64,64,fp32,6.976511955261231,False,NVIDIA_GeForce_RTX_3090_Ti,24,
mobilenetv3_large_100,128,16,bf16,5.82092809677124,False,NVIDIA_GeForce_RTX_3090_Ti,24,
mobilenetv3_large_100,128,16,fp16,4.814335823059082,False,NVIDIA_GeForce_RTX_3090_Ti,24,
mobilenetv3_large_100,128,16,fp32,5.981152057647705,False,NVIDIA_GeForce_RTX_3090_Ti,24,
mobilenetv3_large_100,128,32,bf16,8.483839988708496,False,NVIDIA_GeForce_RTX_3090_Ti,24,
mobilenetv3_large_100,128,32,fp16,7.448448181152344,False,NVIDIA_GeForce_RTX_3090_Ti,24,
mobilenetv3_large_100,128,32,fp32,9.240063667297363,False,NVIDIA_GeForce_RTX_3090_Ti,24,
mobilenetv3_large_100,128,64,bf16,13.288960456848145,False,NVIDIA_GeForce_RTX_3090_Ti,24,
mobilenetv3_large_100,128,64,fp16,10.587648391723633,False,NVIDIA_GeForce_RTX_3090_Ti,24,
mobilenetv3_large_100,128,64,fp32,15.919615745544434,False,NVIDIA_GeForce_RTX_3090_Ti,24,
mobilenetv3_large_100,224,16,bf16,10.85696029663086,False,NVIDIA_GeForce_RTX_3090_Ti,24,
mobilenetv3_large_100,224,16,fp16,8.652799606323242,False,NVIDIA_GeForce_RTX_3090_Ti,24,
mobilenetv3_large_100,224,16,fp32,12.275712013244627,False,NVIDIA_GeForce_RTX_3090_Ti,24,
mobilenetv3_large_100,224,32,bf16,19.290624618530277,False,NVIDIA_GeForce_RTX_3090_Ti,24,
mobilenetv3_large_100,224,32,fp16,14.683648109436035,False,NVIDIA_GeForce_RTX_3090_Ti,24,
mobilenetv3_large_100,224,32,fp32,22.761472702026367,False,NVIDIA_GeForce_RTX_3090_Ti,24,
mobilenetv3_large_100,224,64,bf16,35.9813117980957,False,NVIDIA_GeForce_RTX_3090_Ti,24,
mobilenetv3_large_100,224,64,fp16,26.993520736694336,False,NVIDIA_GeForce_RTX_3090_Ti,24,
mobilenetv3_large_100,224,64,fp32,42.74788665771485,False,NVIDIA_GeForce_RTX_3090_Ti,24,
mobilenetv3_small_100,64,16,bf16,3.234303951263428,False,NVIDIA_GeForce_RTX_3090_Ti,24,
mobilenetv3_small_100,64,16,fp16,3.890687942504883,False,NVIDIA_GeForce_RTX_3090_Ti,24,
mobilenetv3_small_100,64,16,fp32,2.3560640811920166,False,NVIDIA_GeForce_RTX_3090_Ti,24,
mobilenetv3_small_100,64,32,bf16,3.4549760818481445,False,NVIDIA_GeForce_RTX_3090_Ti,24,
mobilenetv3_small_100,64,32,fp16,3.226111888885498,False,NVIDIA_GeForce_RTX_3090_Ti,24,
mobilenetv3_small_100,64,32,fp32,3.685375928878784,False,NVIDIA_GeForce_RTX_3090_Ti,24,
mobilenetv3_small_100,64,64,bf16,5.279104232788086,False,NVIDIA_GeForce_RTX_3090_Ti,24,
mobilenetv3_small_100,64,64,fp16,6.034336090087891,False,NVIDIA_GeForce_RTX_3090_Ti,24,
mobilenetv3_small_100,64,64,fp32,3.66592001914978,False,NVIDIA_GeForce_RTX_3090_Ti,24,
mobilenetv3_small_100,128,16,bf16,5.02016019821167,False,NVIDIA_GeForce_RTX_3090_Ti,24,
mobilenetv3_small_100,128,16,fp16,4.459519863128662,False,NVIDIA_GeForce_RTX_3090_Ti,24,
mobilenetv3_small_100,128,16,fp32,3.448319911956787,False,NVIDIA_GeForce_RTX_3090_Ti,24,
mobilenetv3_small_100,128,32,bf16,4.143104076385498,False,NVIDIA_GeForce_RTX_3090_Ti,24,
mobilenetv3_small_100,128,32,fp16,3.522480010986328,False,NVIDIA_GeForce_RTX_3090_Ti,24,
mobilenetv3_small_100,128,32,fp32,4.247504234313965,False,NVIDIA_GeForce_RTX_3090_Ti,24,
mobilenetv3_small_100,128,64,bf16,5.910528182983398,False,NVIDIA_GeForce_RTX_3090_Ti,24,
mobilenetv3_small_100,128,64,fp16,4.878335952758789,False,NVIDIA_GeForce_RTX_3090_Ti,24,
mobilenetv3_small_100,128,64,fp32,6.658048152923584,False,NVIDIA_GeForce_RTX_3090_Ti,24,
mobilenetv3_small_100,224,16,bf16,5.163008213043213,False,NVIDIA_GeForce_RTX_3090_Ti,24,
mobilenetv3_small_100,224,16,fp16,4.248064041137695,False,NVIDIA_GeForce_RTX_3090_Ti,24,
mobilenetv3_small_100,224,16,fp32,5.029888153076172,False,NVIDIA_GeForce_RTX_3090_Ti,24,
mobilenetv3_small_100,224,32,bf16,7.995391845703125,False,NVIDIA_GeForce_RTX_3090_Ti,24,
mobilenetv3_small_100,224,32,fp16,6.289408206939697,False,NVIDIA_GeForce_RTX_3090_Ti,24,
mobilenetv3_small_100,224,32,fp32,8.865216255187988,False,NVIDIA_GeForce_RTX_3090_Ti,24,
mobilenetv3_small_100,224,64,bf16,14.27353572845459,False,NVIDIA_GeForce_RTX_3090_Ti,24,
mobilenetv3_small_100,224,64,fp16,10.551679611206056,False,NVIDIA_GeForce_RTX_3090_Ti,24,
mobilenetv3_small_100,224,64,fp32,16.16383934020996,False,NVIDIA_GeForce_RTX_3090_Ti,24,
mobilevit_s,64,16,bf16,5.4809441566467285,False,NVIDIA_GeForce_RTX_3090_Ti,24,
mobilevit_s,64,16,fp16,4.978672027587891,False,NVIDIA_GeForce_RTX_3090_Ti,24,
mobilevit_s,64,16,fp32,5.937151908874512,False,NVIDIA_GeForce_RTX_3090_Ti,24,
mobilevit_s,64,32,bf16,7.764959812164307,False,NVIDIA_GeForce_RTX_3090_Ti,24,
mobilevit_s,64,32,fp16,7.024975776672363,False,NVIDIA_GeForce_RTX_3090_Ti,24,
mobilevit_s,64,32,fp32,9.246208190917969,False,NVIDIA_GeForce_RTX_3090_Ti,24,
mobilevit_s,64,64,bf16,11.30072021484375,False,NVIDIA_GeForce_RTX_3090_Ti,24,
mobilevit_s,64,64,fp16,9.860095977783203,False,NVIDIA_GeForce_RTX_3090_Ti,24,
mobilevit_s,64,64,fp32,15.20691204071045,False,NVIDIA_GeForce_RTX_3090_Ti,24,
mobilevit_s,128,16,bf16,9.581055641174316,False,NVIDIA_GeForce_RTX_3090_Ti,24,
mobilevit_s,128,16,fp16,8.158207893371582,False,NVIDIA_GeForce_RTX_3090_Ti,24,
mobilevit_s,128,16,fp32,13.038960456848145,False,NVIDIA_GeForce_RTX_3090_Ti,24,
mobilevit_s,128,32,bf16,16.045568466186523,False,NVIDIA_GeForce_RTX_3090_Ti,24,
mobilevit_s,128,32,fp16,13.541376113891602,False,NVIDIA_GeForce_RTX_3090_Ti,24,
mobilevit_s,128,32,fp32,22.993408203125,False,NVIDIA_GeForce_RTX_3090_Ti,24,
mobilevit_s,128,64,bf16,29.351423263549805,False,NVIDIA_GeForce_RTX_3090_Ti,24,
mobilevit_s,128,64,fp16,24.249343872070312,False,NVIDIA_GeForce_RTX_3090_Ti,24,
mobilevit_s,128,64,fp32,42.1401596069336,False,NVIDIA_GeForce_RTX_3090_Ti,24,
mobilevit_s,224,16,bf16,24.111616134643555,False,NVIDIA_GeForce_RTX_3090_Ti,24,
mobilevit_s,224,16,fp16,20.2106876373291,False,NVIDIA_GeForce_RTX_3090_Ti,24,
mobilevit_s,224,16,fp32,36.042240142822266,False,NVIDIA_GeForce_RTX_3090_Ti,24,
mobilevit_s,224,32,bf16,44.87567901611328,False,NVIDIA_GeForce_RTX_3090_Ti,24,
mobilevit_s,224,32,fp16,37.21318435668945,False,NVIDIA_GeForce_RTX_3090_Ti,24,
mobilevit_s,224,32,fp32,68.86348724365234,False,NVIDIA_GeForce_RTX_3090_Ti,24,
mobilevit_s,224,64,bf16,88.142333984375,False,NVIDIA_GeForce_RTX_3090_Ti,24,
mobilevit_s,224,64,fp16,73.57121276855469,False,NVIDIA_GeForce_RTX_3090_Ti,24,
mobilevit_s,224,64,fp32,133.93101501464844,False,NVIDIA_GeForce_RTX_3090_Ti,24,
mobilevit_xs,64,16,bf16,5.7287678718566895,False,NVIDIA_GeForce_RTX_3090_Ti,24,
mobilevit_xs,64,16,fp16,5.310463905334473,False,NVIDIA_GeForce_RTX_3090_Ti,24,
mobilevit_xs,64,16,fp32,4.843920230865479,False,NVIDIA_GeForce_RTX_3090_Ti,24,
mobilevit_xs,64,32,bf16,7.8504958152771,False,NVIDIA_GeForce_RTX_3090_Ti,24,
mobilevit_xs,64,32,fp16,7.284207820892334,False,NVIDIA_GeForce_RTX_3090_Ti,24,
mobilevit_xs,64,32,fp32,7.14083194732666,False,NVIDIA_GeForce_RTX_3090_Ti,24,
mobilevit_xs,64,64,bf16,12.612607955932615,False,NVIDIA_GeForce_RTX_3090_Ti,24,
mobilevit_xs,64,64,fp16,11.581439971923828,False,NVIDIA_GeForce_RTX_3090_Ti,24,
mobilevit_xs,64,64,fp32,11.376031875610352,False,NVIDIA_GeForce_RTX_3090_Ti,24,
mobilevit_xs,128,16,bf16,9.19961643218994,False,NVIDIA_GeForce_RTX_3090_Ti,24,
mobilevit_xs,128,16,fp16,8.088064193725586,False,NVIDIA_GeForce_RTX_3090_Ti,24,
mobilevit_xs,128,16,fp32,10.098527908325195,False,NVIDIA_GeForce_RTX_3090_Ti,24,
mobilevit_xs,128,32,bf16,14.927328109741213,False,NVIDIA_GeForce_RTX_3090_Ti,24,
mobilevit_xs,128,32,fp16,13.090720176696776,False,NVIDIA_GeForce_RTX_3090_Ti,24,
mobilevit_xs,128,32,fp32,17.553407669067383,False,NVIDIA_GeForce_RTX_3090_Ti,24,
mobilevit_xs,128,64,bf16,24.908287048339844,False,NVIDIA_GeForce_RTX_3090_Ti,24,
mobilevit_xs,128,64,fp16,21.13270378112793,False,NVIDIA_GeForce_RTX_3090_Ti,24,
mobilevit_xs,128,64,fp32,31.6810245513916,False,NVIDIA_GeForce_RTX_3090_Ti,24,
mobilevit_xs,224,16,bf16,20.01817512512207,False,NVIDIA_GeForce_RTX_3090_Ti,24,
mobilevit_xs,224,16,fp16,17.010175704956055,False,NVIDIA_GeForce_RTX_3090_Ti,24,
mobilevit_xs,224,16,fp32,28.168703079223636,False,NVIDIA_GeForce_RTX_3090_Ti,24,
mobilevit_xs,224,32,bf16,35.75040054321289,False,NVIDIA_GeForce_RTX_3090_Ti,24,
mobilevit_xs,224,32,fp16,29.835264205932617,False,NVIDIA_GeForce_RTX_3090_Ti,24,
mobilevit_xs,224,32,fp32,53.45280075073242,False,NVIDIA_GeForce_RTX_3090_Ti,24,
mobilevit_xs,224,64,bf16,68.65151977539062,False,NVIDIA_GeForce_RTX_3090_Ti,24,
mobilevit_xs,224,64,fp16,57.22111892700195,False,NVIDIA_GeForce_RTX_3090_Ti,24,
mobilevit_xs,224,64,fp32,103.11519622802734,False,NVIDIA_GeForce_RTX_3090_Ti,24,
mobilevit_xxs,64,16,bf16,4.532735824584961,False,NVIDIA_GeForce_RTX_3090_Ti,24,
mobilevit_xxs,64,16,fp16,4.314591884613037,False,NVIDIA_GeForce_RTX_3090_Ti,24,
mobilevit_xxs,64,16,fp32,4.680191993713379,False,NVIDIA_GeForce_RTX_3090_Ti,24,
mobilevit_xxs,64,32,bf16,6.227456092834473,False,NVIDIA_GeForce_RTX_3090_Ti,24,
mobilevit_xxs,64,32,fp16,5.872640132904053,False,NVIDIA_GeForce_RTX_3090_Ti,24,
mobilevit_xxs,64,32,fp32,5.347328186035156,False,NVIDIA_GeForce_RTX_3090_Ti,24,
mobilevit_xxs,64,64,bf16,9.236479759216309,False,NVIDIA_GeForce_RTX_3090_Ti,24,
mobilevit_xxs,64,64,fp16,8.631296157836914,False,NVIDIA_GeForce_RTX_3090_Ti,24,
mobilevit_xxs,64,64,fp32,7.870975971221924,False,NVIDIA_GeForce_RTX_3090_Ti,24,
mobilevit_xxs,128,16,bf16,6.391808032989502,False,NVIDIA_GeForce_RTX_3090_Ti,24,
mobilevit_xxs,128,16,fp16,5.799312114715576,False,NVIDIA_GeForce_RTX_3090_Ti,24,
mobilevit_xxs,128,16,fp32,6.736752033233643,False,NVIDIA_GeForce_RTX_3090_Ti,24,
mobilevit_xxs,128,32,bf16,9.9542236328125,False,NVIDIA_GeForce_RTX_3090_Ti,24,
mobilevit_xxs,128,32,fp16,8.80793571472168,False,NVIDIA_GeForce_RTX_3090_Ti,24,
mobilevit_xxs,128,32,fp32,10.490367889404297,False,NVIDIA_GeForce_RTX_3090_Ti,24,
mobilevit_xxs,128,64,bf16,16.60313606262207,False,NVIDIA_GeForce_RTX_3090_Ti,24,
mobilevit_xxs,128,64,fp16,14.559103965759276,False,NVIDIA_GeForce_RTX_3090_Ti,24,
mobilevit_xxs,128,64,fp32,17.646080017089844,False,NVIDIA_GeForce_RTX_3090_Ti,24,
mobilevit_xxs,224,16,bf16,12.843503952026367,False,NVIDIA_GeForce_RTX_3090_Ti,24,
mobilevit_xxs,224,16,fp16,11.107839584350586,False,NVIDIA_GeForce_RTX_3090_Ti,24,
mobilevit_xxs,224,16,fp32,16.963584899902344,False,NVIDIA_GeForce_RTX_3090_Ti,24,
mobilevit_xxs,224,32,bf16,22.78860855102539,False,NVIDIA_GeForce_RTX_3090_Ti,24,
mobilevit_xxs,224,32,fp16,19.50003242492676,False,NVIDIA_GeForce_RTX_3090_Ti,24,
mobilevit_xxs,224,32,fp32,29.95097541809082,False,NVIDIA_GeForce_RTX_3090_Ti,24,
mobilevit_xxs,224,64,bf16,41.52360153198242,False,NVIDIA_GeForce_RTX_3090_Ti,24,
mobilevit_xxs,224,64,fp16,34.96345520019531,False,NVIDIA_GeForce_RTX_3090_Ti,24,
mobilevit_xxs,224,64,fp32,57.28907012939453,False,NVIDIA_GeForce_RTX_3090_Ti,24,
mobilevitv2_100,64,16,bf16,5.371359825134277,False,NVIDIA_GeForce_RTX_3090_Ti,24,
mobilevitv2_100,64,16,fp16,4.899280071258545,False,NVIDIA_GeForce_RTX_3090_Ti,24,
mobilevitv2_100,64,16,fp32,5.437952041625977,False,NVIDIA_GeForce_RTX_3090_Ti,24,
mobilevitv2_100,64,32,bf16,7.220736026763916,False,NVIDIA_GeForce_RTX_3090_Ti,24,
mobilevitv2_100,64,32,fp16,6.434815883636475,False,NVIDIA_GeForce_RTX_3090_Ti,24,
mobilevitv2_100,64,32,fp32,8.50055980682373,False,NVIDIA_GeForce_RTX_3090_Ti,24,
mobilevitv2_100,64,64,bf16,11.089344024658203,False,NVIDIA_GeForce_RTX_3090_Ti,24,
mobilevitv2_100,64,64,fp16,9.669551849365234,False,NVIDIA_GeForce_RTX_3090_Ti,24,
mobilevitv2_100,64,64,fp32,13.600768089294434,False,NVIDIA_GeForce_RTX_3090_Ti,24,
mobilevitv2_100,128,16,bf16,9.061887741088867,False,NVIDIA_GeForce_RTX_3090_Ti,24,
mobilevitv2_100,128,16,fp16,7.983615875244141,False,NVIDIA_GeForce_RTX_3090_Ti,24,
mobilevitv2_100,128,16,fp32,10.622431755065918,False,NVIDIA_GeForce_RTX_3090_Ti,24,
mobilevitv2_100,128,32,bf16,14.461392402648926,False,NVIDIA_GeForce_RTX_3090_Ti,24,
mobilevitv2_100,128,32,fp16,12.361727714538574,False,NVIDIA_GeForce_RTX_3090_Ti,24,
mobilevitv2_100,128,32,fp32,18.72230339050293,False,NVIDIA_GeForce_RTX_3090_Ti,24,
mobilevitv2_100,128,64,bf16,25.778688430786133,False,NVIDIA_GeForce_RTX_3090_Ti,24,
mobilevitv2_100,128,64,fp16,21.57823944091797,False,NVIDIA_GeForce_RTX_3090_Ti,24,
mobilevitv2_100,128,64,fp32,33.926143646240234,False,NVIDIA_GeForce_RTX_3090_Ti,24,
mobilevitv2_100,224,16,bf16,22.13057518005371,False,NVIDIA_GeForce_RTX_3090_Ti,24,
mobilevitv2_100,224,16,fp16,18.959775924682617,False,NVIDIA_GeForce_RTX_3090_Ti,24,
mobilevitv2_100,224,16,fp32,27.172351837158203,False,NVIDIA_GeForce_RTX_3090_Ti,24,
mobilevitv2_100,224,32,bf16,40.048641204833984,False,NVIDIA_GeForce_RTX_3090_Ti,24,
mobilevitv2_100,224,32,fp16,34.25379180908203,False,NVIDIA_GeForce_RTX_3090_Ti,24,
mobilevitv2_100,224,32,fp32,53.70367813110352,False,NVIDIA_GeForce_RTX_3090_Ti,24,
mobilevitv2_100,224,64,bf16,80.17919921875,False,NVIDIA_GeForce_RTX_3090_Ti,24,
mobilevitv2_100,224,64,fp16,69.3729248046875,False,NVIDIA_GeForce_RTX_3090_Ti,24,
mobilevitv2_100,224,64,fp32,104.4700164794922,False,NVIDIA_GeForce_RTX_3090_Ti,24,
nfnet_l0,64,16,bf16,9.338879585266112,False,NVIDIA_GeForce_RTX_3090_Ti,24,
nfnet_l0,64,16,fp16,9.183232307434082,False,NVIDIA_GeForce_RTX_3090_Ti,24,
nfnet_l0,64,16,fp32,13.78867244720459,False,NVIDIA_GeForce_RTX_3090_Ti,24,
nfnet_l0,64,32,bf16,10.728447914123535,False,NVIDIA_GeForce_RTX_3090_Ti,24,
nfnet_l0,64,32,fp16,10.438655853271484,False,NVIDIA_GeForce_RTX_3090_Ti,24,
nfnet_l0,64,32,fp32,18.129375457763672,False,NVIDIA_GeForce_RTX_3090_Ti,24,
nfnet_l0,64,64,bf16,14.418432235717772,False,NVIDIA_GeForce_RTX_3090_Ti,24,
nfnet_l0,64,64,fp16,14.0513277053833,False,NVIDIA_GeForce_RTX_3090_Ti,24,
nfnet_l0,64,64,fp32,26.069503784179688,False,NVIDIA_GeForce_RTX_3090_Ti,24,
nfnet_l0,128,16,bf16,13.330431938171388,False,NVIDIA_GeForce_RTX_3090_Ti,24,
nfnet_l0,128,16,fp16,13.286911964416504,False,NVIDIA_GeForce_RTX_3090_Ti,24,
nfnet_l0,128,16,fp32,21.838848114013672,False,NVIDIA_GeForce_RTX_3090_Ti,24,
nfnet_l0,128,32,bf16,19.984384536743164,False,NVIDIA_GeForce_RTX_3090_Ti,24,
nfnet_l0,128,32,fp16,19.58452796936035,False,NVIDIA_GeForce_RTX_3090_Ti,24,
nfnet_l0,128,32,fp32,33.25966262817383,False,NVIDIA_GeForce_RTX_3090_Ti,24,
nfnet_l0,128,64,bf16,32.62358474731445,False,NVIDIA_GeForce_RTX_3090_Ti,24,
nfnet_l0,128,64,fp16,32.18790435791016,False,NVIDIA_GeForce_RTX_3090_Ti,24,
nfnet_l0,128,64,fp32,56.82227325439453,False,NVIDIA_GeForce_RTX_3090_Ti,24,
nfnet_l0,224,16,bf16,26.67622375488281,False,NVIDIA_GeForce_RTX_3090_Ti,24,
nfnet_l0,224,16,fp16,26.33113670349121,False,NVIDIA_GeForce_RTX_3090_Ti,24,
nfnet_l0,224,16,fp32,53.48183822631836,False,NVIDIA_GeForce_RTX_3090_Ti,24,
nfnet_l0,224,32,bf16,46.1137924194336,False,NVIDIA_GeForce_RTX_3090_Ti,24,
nfnet_l0,224,32,fp16,45.65337753295898,False,NVIDIA_GeForce_RTX_3090_Ti,24,
nfnet_l0,224,32,fp32,82.8953628540039,False,NVIDIA_GeForce_RTX_3090_Ti,24,
nfnet_l0,224,64,bf16,85.63916778564453,False,NVIDIA_GeForce_RTX_3090_Ti,24,
nfnet_l0,224,64,fp16,84.85208129882812,False,NVIDIA_GeForce_RTX_3090_Ti,24,
nfnet_l0,224,64,fp32,156.45603942871094,False,NVIDIA_GeForce_RTX_3090_Ti,24,
pvt_v2_b0,64,16,bf16,5.685760021209717,False,NVIDIA_GeForce_RTX_3090_Ti,24,
pvt_v2_b0,64,16,fp16,3.4589760303497314,False,NVIDIA_GeForce_RTX_3090_Ti,24,
pvt_v2_b0,64,16,fp32,4.001791954040527,False,NVIDIA_GeForce_RTX_3090_Ti,24,
pvt_v2_b0,64,32,bf16,4.595712184906006,False,NVIDIA_GeForce_RTX_3090_Ti,24,
pvt_v2_b0,64,32,fp16,4.173312187194824,False,NVIDIA_GeForce_RTX_3090_Ti,24,
pvt_v2_b0,64,32,fp32,5.312880039215088,False,NVIDIA_GeForce_RTX_3090_Ti,24,
pvt_v2_b0,64,64,bf16,5.734384059906006,False,NVIDIA_GeForce_RTX_3090_Ti,24,
pvt_v2_b0,64,64,fp16,5.648752212524414,False,NVIDIA_GeForce_RTX_3090_Ti,24,
pvt_v2_b0,64,64,fp32,8.156047821044922,False,NVIDIA_GeForce_RTX_3090_Ti,24,
pvt_v2_b0,128,16,bf16,7.498752117156982,False,NVIDIA_GeForce_RTX_3090_Ti,24,
pvt_v2_b0,128,16,fp16,5.421567916870117,False,NVIDIA_GeForce_RTX_3090_Ti,24,
pvt_v2_b0,128,16,fp32,7.621119976043701,False,NVIDIA_GeForce_RTX_3090_Ti,24,
pvt_v2_b0,128,32,bf16,8.426495552062988,False,NVIDIA_GeForce_RTX_3090_Ti,24,
pvt_v2_b0,128,32,fp16,8.122367858886719,False,NVIDIA_GeForce_RTX_3090_Ti,24,
pvt_v2_b0,128,32,fp32,12.229632377624512,False,NVIDIA_GeForce_RTX_3090_Ti,24,
pvt_v2_b0,128,64,bf16,13.616127967834473,False,NVIDIA_GeForce_RTX_3090_Ti,24,
pvt_v2_b0,128,64,fp16,13.58028793334961,False,NVIDIA_GeForce_RTX_3090_Ti,24,
pvt_v2_b0,128,64,fp32,20.959232330322266,False,NVIDIA_GeForce_RTX_3090_Ti,24,
pvt_v2_b0,224,16,bf16,11.177472114562988,False,NVIDIA_GeForce_RTX_3090_Ti,24,
pvt_v2_b0,224,16,fp16,11.178496360778809,False,NVIDIA_GeForce_RTX_3090_Ti,24,
pvt_v2_b0,224,16,fp32,18.10841560363769,False,NVIDIA_GeForce_RTX_3090_Ti,24,
pvt_v2_b0,224,32,bf16,17.20319938659668,False,NVIDIA_GeForce_RTX_3090_Ti,24,
pvt_v2_b0,224,32,fp16,16.74393653869629,False,NVIDIA_GeForce_RTX_3090_Ti,24,
pvt_v2_b0,224,32,fp32,29.25516891479492,False,NVIDIA_GeForce_RTX_3090_Ti,24,
pvt_v2_b0,224,64,bf16,31.119871139526367,False,NVIDIA_GeForce_RTX_3090_Ti,24,
pvt_v2_b0,224,64,fp16,30.637056350708008,False,NVIDIA_GeForce_RTX_3090_Ti,24,
pvt_v2_b0,224,64,fp32,54.01176071166992,False,NVIDIA_GeForce_RTX_3090_Ti,24,
pvt_v2_b2,64,16,bf16,8.812911987304688,False,NVIDIA_GeForce_RTX_3090_Ti,24,
pvt_v2_b2,64,16,fp16,8.582655906677246,False,NVIDIA_GeForce_RTX_3090_Ti,24,
pvt_v2_b2,64,16,fp32,10.605567932128906,False,NVIDIA_GeForce_RTX_3090_Ti,24,
pvt_v2_b2,64,32,bf16,11.261887550354004,False,NVIDIA_GeForce_RTX_3090_Ti,24,
pvt_v2_b2,64,32,fp16,11.125760078430176,False,NVIDIA_GeForce_RTX_3090_Ti,24,
pvt_v2_b2,64,32,fp32,14.763392448425291,False,NVIDIA_GeForce_RTX_3090_Ti,24,
pvt_v2_b2,64,64,bf16,15.61292839050293,False,NVIDIA_GeForce_RTX_3090_Ti,24,
pvt_v2_b2,64,64,fp16,15.103487968444824,False,NVIDIA_GeForce_RTX_3090_Ti,24,
pvt_v2_b2,64,64,fp32,22.77012825012207,False,NVIDIA_GeForce_RTX_3090_Ti,24,
pvt_v2_b2,128,16,bf16,14.681535720825195,False,NVIDIA_GeForce_RTX_3090_Ti,24,
pvt_v2_b2,128,16,fp16,14.355968475341797,False,NVIDIA_GeForce_RTX_3090_Ti,24,
pvt_v2_b2,128,16,fp32,22.380495071411133,False,NVIDIA_GeForce_RTX_3090_Ti,24,
pvt_v2_b2,128,32,bf16,22.37081527709961,False,NVIDIA_GeForce_RTX_3090_Ti,24,
pvt_v2_b2,128,32,fp16,21.816320419311523,False,NVIDIA_GeForce_RTX_3090_Ti,24,
pvt_v2_b2,128,32,fp32,37.67295837402344,False,NVIDIA_GeForce_RTX_3090_Ti,24,
pvt_v2_b2,128,64,bf16,38.65958404541016,False,NVIDIA_GeForce_RTX_3090_Ti,24,
pvt_v2_b2,128,64,fp16,37.57414245605469,False,NVIDIA_GeForce_RTX_3090_Ti,24,
pvt_v2_b2,128,64,fp32,68.0637435913086,False,NVIDIA_GeForce_RTX_3090_Ti,24,
pvt_v2_b2,224,16,bf16,31.20889663696289,False,NVIDIA_GeForce_RTX_3090_Ti,24,
pvt_v2_b2,224,16,fp16,30.67033576965332,False,NVIDIA_GeForce_RTX_3090_Ti,24,
pvt_v2_b2,224,16,fp32,57.33222579956055,False,NVIDIA_GeForce_RTX_3090_Ti,24,
pvt_v2_b2,224,32,bf16,52.8516960144043,False,NVIDIA_GeForce_RTX_3090_Ti,24,
pvt_v2_b2,224,32,fp16,51.09796905517578,False,NVIDIA_GeForce_RTX_3090_Ti,24,
pvt_v2_b2,224,32,fp32,100.2076187133789,False,NVIDIA_GeForce_RTX_3090_Ti,24,
pvt_v2_b2,224,64,bf16,97.23699188232422,False,NVIDIA_GeForce_RTX_3090_Ti,24,
pvt_v2_b2,224,64,fp16,95.27091217041016,False,NVIDIA_GeForce_RTX_3090_Ti,24,
pvt_v2_b2,224,64,fp32,196.53939819335935,False,NVIDIA_GeForce_RTX_3090_Ti,24,
pvt_v2_b5,64,16,bf16,26.786815643310547,False,NVIDIA_GeForce_RTX_3090_Ti,24,
pvt_v2_b5,64,16,fp16,28.45235252380371,False,NVIDIA_GeForce_RTX_3090_Ti,24,
pvt_v2_b5,64,16,fp32,29.785600662231445,False,NVIDIA_GeForce_RTX_3090_Ti,24,
pvt_v2_b5,64,32,bf16,33.30867385864258,False,NVIDIA_GeForce_RTX_3090_Ti,24,
pvt_v2_b5,64,32,fp16,32.19558334350586,False,NVIDIA_GeForce_RTX_3090_Ti,24,
pvt_v2_b5,64,32,fp32,40.07833480834961,False,NVIDIA_GeForce_RTX_3090_Ti,24,
pvt_v2_b5,64,64,bf16,43.16195297241211,False,NVIDIA_GeForce_RTX_3090_Ti,24,
pvt_v2_b5,64,64,fp16,41.7182731628418,False,NVIDIA_GeForce_RTX_3090_Ti,24,
pvt_v2_b5,64,64,fp32,58.880001068115234,False,NVIDIA_GeForce_RTX_3090_Ti,24,
pvt_v2_b5,128,16,bf16,37.35347366333008,False,NVIDIA_GeForce_RTX_3090_Ti,24,
pvt_v2_b5,128,16,fp16,37.10924911499024,False,NVIDIA_GeForce_RTX_3090_Ti,24,
pvt_v2_b5,128,16,fp32,56.037376403808594,False,NVIDIA_GeForce_RTX_3090_Ti,24,
pvt_v2_b5,128,32,bf16,55.41831970214844,False,NVIDIA_GeForce_RTX_3090_Ti,24,
pvt_v2_b5,128,32,fp16,53.56283187866211,False,NVIDIA_GeForce_RTX_3090_Ti,24,
pvt_v2_b5,128,32,fp32,91.37407684326172,False,NVIDIA_GeForce_RTX_3090_Ti,24,
pvt_v2_b5,128,64,bf16,92.87372589111328,False,NVIDIA_GeForce_RTX_3090_Ti,24,
pvt_v2_b5,128,64,fp16,89.97471618652344,False,NVIDIA_GeForce_RTX_3090_Ti,24,
pvt_v2_b5,128,64,fp32,165.14303588867188,False,NVIDIA_GeForce_RTX_3090_Ti,24,
pvt_v2_b5,224,16,bf16,73.75769805908203,False,NVIDIA_GeForce_RTX_3090_Ti,24,
pvt_v2_b5,224,16,fp16,73.51910400390625,False,NVIDIA_GeForce_RTX_3090_Ti,24,
pvt_v2_b5,224,16,fp32,138.95321655273438,False,NVIDIA_GeForce_RTX_3090_Ti,24,
pvt_v2_b5,224,32,bf16,122.52262115478516,False,NVIDIA_GeForce_RTX_3090_Ti,24,
pvt_v2_b5,224,32,fp16,120.93030548095705,False,NVIDIA_GeForce_RTX_3090_Ti,24,
pvt_v2_b5,224,32,fp32,250.0300750732422,False,NVIDIA_GeForce_RTX_3090_Ti,24,
pvt_v2_b5,224,64,bf16,225.08236694335935,False,NVIDIA_GeForce_RTX_3090_Ti,24,
pvt_v2_b5,224,64,fp16,222.4752655029297,False,NVIDIA_GeForce_RTX_3090_Ti,24,
pvt_v2_b5,224,64,fp32,495.2698974609375,False,NVIDIA_GeForce_RTX_3090_Ti,24,
regnety_032,64,16,bf16,9.504768371582031,False,NVIDIA_GeForce_RTX_3090_Ti,24,
regnety_032,64,16,fp16,9.117183685302734,False,NVIDIA_GeForce_RTX_3090_Ti,24,
regnety_032,64,16,fp32,12.662176132202148,False,NVIDIA_GeForce_RTX_3090_Ti,24,
regnety_032,64,32,bf16,11.792880058288574,False,NVIDIA_GeForce_RTX_3090_Ti,24,
regnety_032,64,32,fp16,10.865663528442385,False,NVIDIA_GeForce_RTX_3090_Ti,24,
regnety_032,64,32,fp32,18.129024505615234,False,NVIDIA_GeForce_RTX_3090_Ti,24,
regnety_032,64,64,bf16,15.651328086853027,False,NVIDIA_GeForce_RTX_3090_Ti,24,
regnety_032,64,64,fp16,13.842944145202637,False,NVIDIA_GeForce_RTX_3090_Ti,24,
regnety_032,64,64,fp32,25.082368850708008,False,NVIDIA_GeForce_RTX_3090_Ti,24,
regnety_032,128,16,bf16,13.849599838256836,False,NVIDIA_GeForce_RTX_3090_Ti,24,
regnety_032,128,16,fp16,12.87987232208252,False,NVIDIA_GeForce_RTX_3090_Ti,24,
regnety_032,128,16,fp32,20.21785545349121,False,NVIDIA_GeForce_RTX_3090_Ti,24,
regnety_032,128,32,bf16,21.009408950805664,False,NVIDIA_GeForce_RTX_3090_Ti,24,
regnety_032,128,32,fp16,18.976768493652344,False,NVIDIA_GeForce_RTX_3090_Ti,24,
regnety_032,128,32,fp32,36.900352478027344,False,NVIDIA_GeForce_RTX_3090_Ti,24,
regnety_032,128,64,bf16,36.357120513916016,False,NVIDIA_GeForce_RTX_3090_Ti,24,
regnety_032,128,64,fp16,31.834623336791992,False,NVIDIA_GeForce_RTX_3090_Ti,24,
regnety_032,128,64,fp32,57.355262756347656,False,NVIDIA_GeForce_RTX_3090_Ti,24,
regnety_032,224,16,bf16,29.256704330444336,False,NVIDIA_GeForce_RTX_3090_Ti,24,
regnety_032,224,16,fp16,25.678335189819336,False,NVIDIA_GeForce_RTX_3090_Ti,24,
regnety_032,224,16,fp32,55.254032135009766,False,NVIDIA_GeForce_RTX_3090_Ti,24,
regnety_032,224,32,bf16,52.55928039550781,False,NVIDIA_GeForce_RTX_3090_Ti,24,
regnety_032,224,32,fp16,44.913665771484375,False,NVIDIA_GeForce_RTX_3090_Ti,24,
regnety_032,224,32,fp32,86.68475341796875,False,NVIDIA_GeForce_RTX_3090_Ti,24,
regnety_032,224,64,bf16,99.94496154785156,False,NVIDIA_GeForce_RTX_3090_Ti,24,
regnety_032,224,64,fp16,83.73401641845703,False,NVIDIA_GeForce_RTX_3090_Ti,24,
regnety_032,224,64,fp32,163.2716064453125,False,NVIDIA_GeForce_RTX_3090_Ti,24,
regnety_080,64,16,bf16,13.61774444580078,False,NVIDIA_GeForce_RTX_3090_Ti,24,
regnety_080,64,16,fp16,13.414239883422852,False,NVIDIA_GeForce_RTX_3090_Ti,24,
regnety_080,64,16,fp32,24.32665634155273,False,NVIDIA_GeForce_RTX_3090_Ti,24,
regnety_080,64,32,bf16,19.808256149291992,False,NVIDIA_GeForce_RTX_3090_Ti,24,
regnety_080,64,32,fp16,19.164287567138672,False,NVIDIA_GeForce_RTX_3090_Ti,24,
regnety_080,64,32,fp32,28.79275131225586,False,NVIDIA_GeForce_RTX_3090_Ti,24,
regnety_080,64,64,bf16,19.880992889404297,False,NVIDIA_GeForce_RTX_3090_Ti,24,
regnety_080,64,64,fp16,18.67828750610352,False,NVIDIA_GeForce_RTX_3090_Ti,24,
regnety_080,64,64,fp32,35.924991607666016,False,NVIDIA_GeForce_RTX_3090_Ti,24,
regnety_080,128,16,bf16,17.892351150512695,False,NVIDIA_GeForce_RTX_3090_Ti,24,
regnety_080,128,16,fp16,16.896495819091797,False,NVIDIA_GeForce_RTX_3090_Ti,24,
regnety_080,128,16,fp32,35.563167572021484,False,NVIDIA_GeForce_RTX_3090_Ti,24,
regnety_080,128,32,bf16,29.05031967163086,False,NVIDIA_GeForce_RTX_3090_Ti,24,
regnety_080,128,32,fp16,27.36375999450684,False,NVIDIA_GeForce_RTX_3090_Ti,24,
regnety_080,128,32,fp32,51.79801559448242,False,NVIDIA_GeForce_RTX_3090_Ti,24,
regnety_080,128,64,bf16,52.025760650634766,False,NVIDIA_GeForce_RTX_3090_Ti,24,
regnety_080,128,64,fp16,48.47054290771485,False,NVIDIA_GeForce_RTX_3090_Ti,24,
regnety_080,128,64,fp32,95.73375701904295,False,NVIDIA_GeForce_RTX_3090_Ti,24,
regnety_080,224,16,bf16,43.45913696289063,False,NVIDIA_GeForce_RTX_3090_Ti,24,
regnety_080,224,16,fp16,40.489376068115234,False,NVIDIA_GeForce_RTX_3090_Ti,24,
regnety_080,224,16,fp32,89.91487884521484,False,NVIDIA_GeForce_RTX_3090_Ti,24,
regnety_080,224,32,bf16,76.24038696289062,False,NVIDIA_GeForce_RTX_3090_Ti,24,
regnety_080,224,32,fp16,69.81836700439453,False,NVIDIA_GeForce_RTX_3090_Ti,24,
regnety_080,224,32,fp32,133.40472412109375,False,NVIDIA_GeForce_RTX_3090_Ti,24,
regnety_080,224,64,bf16,142.9626922607422,False,NVIDIA_GeForce_RTX_3090_Ti,24,
regnety_080,224,64,fp16,132.60435485839844,False,NVIDIA_GeForce_RTX_3090_Ti,24,
regnety_080,224,64,fp32,256.4437866210937,False,NVIDIA_GeForce_RTX_3090_Ti,24,
regnety_160,64,16,bf16,58.86975860595703,False,NVIDIA_GeForce_RTX_3090_Ti,24,
regnety_160,64,16,fp16,60.67351913452149,False,NVIDIA_GeForce_RTX_3090_Ti,24,
regnety_160,64,16,fp32,26.264575958251957,False,NVIDIA_GeForce_RTX_3090_Ti,24,
regnety_160,64,32,bf16,101.24748992919922,False,NVIDIA_GeForce_RTX_3090_Ti,24,
regnety_160,64,32,fp16,101.88136291503906,False,NVIDIA_GeForce_RTX_3090_Ti,24,
regnety_160,64,32,fp32,40.420352935791016,False,NVIDIA_GeForce_RTX_3090_Ti,24,
regnety_160,64,64,bf16,169.80877685546875,False,NVIDIA_GeForce_RTX_3090_Ti,24,
regnety_160,64,64,fp16,170.06130981445312,False,NVIDIA_GeForce_RTX_3090_Ti,24,
regnety_160,64,64,fp32,64.14947509765625,False,NVIDIA_GeForce_RTX_3090_Ti,24,
regnety_160,128,16,bf16,65.56057739257812,False,NVIDIA_GeForce_RTX_3090_Ti,24,
regnety_160,128,16,fp16,65.74022674560547,False,NVIDIA_GeForce_RTX_3090_Ti,24,
regnety_160,128,16,fp32,47.44038391113281,False,NVIDIA_GeForce_RTX_3090_Ti,24,
regnety_160,128,32,bf16,122.86515045166016,False,NVIDIA_GeForce_RTX_3090_Ti,24,
regnety_160,128,32,fp16,127.68716430664062,False,NVIDIA_GeForce_RTX_3090_Ti,24,
regnety_160,128,32,fp32,84.7825927734375,False,NVIDIA_GeForce_RTX_3090_Ti,24,
regnety_160,128,64,bf16,81.46585845947266,False,NVIDIA_GeForce_RTX_3090_Ti,24,
regnety_160,128,64,fp16,77.31502532958984,False,NVIDIA_GeForce_RTX_3090_Ti,24,
regnety_160,128,64,fp32,159.92686462402344,False,NVIDIA_GeForce_RTX_3090_Ti,24,
regnety_160,224,16,bf16,102.4865264892578,False,NVIDIA_GeForce_RTX_3090_Ti,24,
regnety_160,224,16,fp16,98.63577270507812,False,NVIDIA_GeForce_RTX_3090_Ti,24,
regnety_160,224,16,fp32,126.79569244384766,False,NVIDIA_GeForce_RTX_3090_Ti,24,
regnety_160,224,32,bf16,117.4580307006836,False,NVIDIA_GeForce_RTX_3090_Ti,24,
regnety_160,224,32,fp16,109.3217315673828,False,NVIDIA_GeForce_RTX_3090_Ti,24,
regnety_160,224,32,fp32,287.9052734375,False,NVIDIA_GeForce_RTX_3090_Ti,24,
regnety_160,224,64,bf16,219.4960479736328,False,NVIDIA_GeForce_RTX_3090_Ti,24,
regnety_160,224,64,fp16,205.0730438232422,False,NVIDIA_GeForce_RTX_3090_Ti,24,
regnety_160,224,64,fp32,574.0098266601562,False,NVIDIA_GeForce_RTX_3090_Ti,24,
regnety_320,64,16,bf16,28.640256881713867,False,NVIDIA_GeForce_RTX_3090_Ti,24,
regnety_320,64,16,fp16,32.62412643432617,False,NVIDIA_GeForce_RTX_3090_Ti,24,
regnety_320,64,16,fp32,36.84360122680664,False,NVIDIA_GeForce_RTX_3090_Ti,24,
regnety_320,64,32,bf16,34.46220779418945,False,NVIDIA_GeForce_RTX_3090_Ti,24,
regnety_320,64,32,fp16,34.22012710571289,False,NVIDIA_GeForce_RTX_3090_Ti,24,
regnety_320,64,32,fp32,56.34913635253906,False,NVIDIA_GeForce_RTX_3090_Ti,24,
regnety_320,64,64,bf16,50.43302536010742,False,NVIDIA_GeForce_RTX_3090_Ti,24,
regnety_320,64,64,fp16,50.69721603393555,False,NVIDIA_GeForce_RTX_3090_Ti,24,
regnety_320,64,64,fp32,89.69270324707031,False,NVIDIA_GeForce_RTX_3090_Ti,24,
regnety_320,128,16,bf16,45.41326522827149,False,NVIDIA_GeForce_RTX_3090_Ti,24,
regnety_320,128,16,fp16,42.73608016967773,False,NVIDIA_GeForce_RTX_3090_Ti,24,
regnety_320,128,16,fp32,70.52091217041016,False,NVIDIA_GeForce_RTX_3090_Ti,24,
regnety_320,128,32,bf16,73.70188903808594,False,NVIDIA_GeForce_RTX_3090_Ti,24,
regnety_320,128,32,fp16,69.0863037109375,False,NVIDIA_GeForce_RTX_3090_Ti,24,
regnety_320,128,32,fp32,121.90259552001952,False,NVIDIA_GeForce_RTX_3090_Ti,24,
regnety_320,128,64,bf16,128.82022094726562,False,NVIDIA_GeForce_RTX_3090_Ti,24,
regnety_320,128,64,fp16,119.45471954345705,False,NVIDIA_GeForce_RTX_3090_Ti,24,
regnety_320,128,64,fp32,219.7570343017578,False,NVIDIA_GeForce_RTX_3090_Ti,24,
regnety_320,224,16,bf16,105.80670166015624,False,NVIDIA_GeForce_RTX_3090_Ti,24,
regnety_320,224,16,fp16,99.05110168457033,False,NVIDIA_GeForce_RTX_3090_Ti,24,
regnety_320,224,16,fp32,176.92620849609375,False,NVIDIA_GeForce_RTX_3090_Ti,24,
regnety_320,224,32,bf16,189.0800628662109,False,NVIDIA_GeForce_RTX_3090_Ti,24,
regnety_320,224,32,fp16,175.76304626464844,False,NVIDIA_GeForce_RTX_3090_Ti,24,
regnety_320,224,32,fp32,332.49688720703125,False,NVIDIA_GeForce_RTX_3090_Ti,24,
regnety_320,224,64,bf16,357.1628723144531,False,NVIDIA_GeForce_RTX_3090_Ti,24,
regnety_320,224,64,fp16,334.7922058105469,False,NVIDIA_GeForce_RTX_3090_Ti,24,
regnety_320,224,64,fp32,,True,NVIDIA_GeForce_RTX_3090_Ti,24,
repvgg_a2,64,16,bf16,6.88640022277832,False,NVIDIA_GeForce_RTX_3090_Ti,24,
repvgg_a2,64,16,fp16,6.848512172698975,False,NVIDIA_GeForce_RTX_3090_Ti,24,
repvgg_a2,64,16,fp32,8.872320175170898,False,NVIDIA_GeForce_RTX_3090_Ti,24,
repvgg_a2,64,32,bf16,9.11308765411377,False,NVIDIA_GeForce_RTX_3090_Ti,24,
repvgg_a2,64,32,fp16,8.415136337280273,False,NVIDIA_GeForce_RTX_3090_Ti,24,
repvgg_a2,64,32,fp32,10.740639686584473,False,NVIDIA_GeForce_RTX_3090_Ti,24,
repvgg_a2,64,64,bf16,12.737903594970703,False,NVIDIA_GeForce_RTX_3090_Ti,24,
repvgg_a2,64,64,fp16,12.504560470581056,False,NVIDIA_GeForce_RTX_3090_Ti,24,
repvgg_a2,64,64,fp32,16.071168899536133,False,NVIDIA_GeForce_RTX_3090_Ti,24,
repvgg_a2,128,16,bf16,11.286016464233398,False,NVIDIA_GeForce_RTX_3090_Ti,24,
repvgg_a2,128,16,fp16,10.597887992858888,False,NVIDIA_GeForce_RTX_3090_Ti,24,
repvgg_a2,128,16,fp32,14.419967651367188,False,NVIDIA_GeForce_RTX_3090_Ti,24,
repvgg_a2,128,32,bf16,16.889856338500977,False,NVIDIA_GeForce_RTX_3090_Ti,24,
repvgg_a2,128,32,fp16,15.62060832977295,False,NVIDIA_GeForce_RTX_3090_Ti,24,
repvgg_a2,128,32,fp32,24.031232833862305,False,NVIDIA_GeForce_RTX_3090_Ti,24,
repvgg_a2,128,64,bf16,29.366783142089844,False,NVIDIA_GeForce_RTX_3090_Ti,24,
repvgg_a2,128,64,fp16,26.92144012451172,False,NVIDIA_GeForce_RTX_3090_Ti,24,
repvgg_a2,128,64,fp32,45.87161636352539,False,NVIDIA_GeForce_RTX_3090_Ti,24,
repvgg_a2,224,16,bf16,22.85260772705078,False,NVIDIA_GeForce_RTX_3090_Ti,24,
repvgg_a2,224,16,fp16,21.17171287536621,False,NVIDIA_GeForce_RTX_3090_Ti,24,
repvgg_a2,224,16,fp32,33.256832122802734,False,NVIDIA_GeForce_RTX_3090_Ti,24,
repvgg_a2,224,32,bf16,41.3675537109375,False,NVIDIA_GeForce_RTX_3090_Ti,24,
repvgg_a2,224,32,fp16,37.4911994934082,False,NVIDIA_GeForce_RTX_3090_Ti,24,
repvgg_a2,224,32,fp32,66.25484466552734,False,NVIDIA_GeForce_RTX_3090_Ti,24,
repvgg_a2,224,64,bf16,73.19602966308594,False,NVIDIA_GeForce_RTX_3090_Ti,24,
repvgg_a2,224,64,fp16,66.2138900756836,False,NVIDIA_GeForce_RTX_3090_Ti,24,
repvgg_a2,224,64,fp32,124.37181091308594,False,NVIDIA_GeForce_RTX_3090_Ti,24,
resmlp_24_224,64,16,bf16,8.18124771118164,False,NVIDIA_GeForce_RTX_3090_Ti,24,
resmlp_24_224,64,16,fp16,7.795711994171143,False,NVIDIA_GeForce_RTX_3090_Ti,24,
resmlp_24_224,64,16,fp32,9.011199951171877,False,NVIDIA_GeForce_RTX_3090_Ti,24,
resmlp_24_224,64,32,bf16,9.762224197387695,False,NVIDIA_GeForce_RTX_3090_Ti,24,
resmlp_24_224,64,32,fp16,9.094655990600586,False,NVIDIA_GeForce_RTX_3090_Ti,24,
resmlp_24_224,64,32,fp32,13.606911659240724,False,NVIDIA_GeForce_RTX_3090_Ti,24,
resmlp_24_224,64,64,bf16,12.58739185333252,False,NVIDIA_GeForce_RTX_3090_Ti,24,
resmlp_24_224,64,64,fp16,12.247551918029783,False,NVIDIA_GeForce_RTX_3090_Ti,24,
resmlp_24_224,64,64,fp32,19.99718475341797,False,NVIDIA_GeForce_RTX_3090_Ti,24,
resmlp_24_224,128,16,bf16,12.704256057739258,False,NVIDIA_GeForce_RTX_3090_Ti,24,
resmlp_24_224,128,16,fp16,12.3253755569458,False,NVIDIA_GeForce_RTX_3090_Ti,24,
resmlp_24_224,128,16,fp32,20.35187149047852,False,NVIDIA_GeForce_RTX_3090_Ti,24,
resmlp_24_224,128,32,bf16,20.35456085205078,False,NVIDIA_GeForce_RTX_3090_Ti,24,
resmlp_24_224,128,32,fp16,18.49844741821289,False,NVIDIA_GeForce_RTX_3090_Ti,24,
resmlp_24_224,128,32,fp32,34.15705490112305,False,NVIDIA_GeForce_RTX_3090_Ti,24,
resmlp_24_224,128,64,bf16,35.93881607055664,False,NVIDIA_GeForce_RTX_3090_Ti,24,
resmlp_24_224,128,64,fp16,33.624046325683594,False,NVIDIA_GeForce_RTX_3090_Ti,24,
resmlp_24_224,128,64,fp32,65.34347534179688,False,NVIDIA_GeForce_RTX_3090_Ti,24,
resmlp_24_224,224,16,bf16,29.287935256958008,False,NVIDIA_GeForce_RTX_3090_Ti,24,
resmlp_24_224,224,16,fp16,27.84409523010254,False,NVIDIA_GeForce_RTX_3090_Ti,24,
resmlp_24_224,224,16,fp32,53.124000549316406,False,NVIDIA_GeForce_RTX_3090_Ti,24,
resmlp_24_224,224,32,bf16,50.61171340942383,False,NVIDIA_GeForce_RTX_3090_Ti,24,
resmlp_24_224,224,32,fp16,48.648704528808594,False,NVIDIA_GeForce_RTX_3090_Ti,24,
resmlp_24_224,224,32,fp32,101.4272003173828,False,NVIDIA_GeForce_RTX_3090_Ti,24,
resmlp_24_224,224,64,bf16,93.6995849609375,False,NVIDIA_GeForce_RTX_3090_Ti,24,
resmlp_24_224,224,64,fp16,88.038818359375,False,NVIDIA_GeForce_RTX_3090_Ti,24,
resmlp_24_224,224,64,fp32,196.8890838623047,False,NVIDIA_GeForce_RTX_3090_Ti,24,
resnet101,64,16,bf16,13.105664253234863,False,NVIDIA_GeForce_RTX_3090_Ti,24,
resnet101,64,16,fp16,12.453871726989746,False,NVIDIA_GeForce_RTX_3090_Ti,24,
resnet101,64,16,fp32,17.24723243713379,False,NVIDIA_GeForce_RTX_3090_Ti,24,
resnet101,64,32,bf16,16.92353630065918,False,NVIDIA_GeForce_RTX_3090_Ti,24,
resnet101,64,32,fp16,15.90719985961914,False,NVIDIA_GeForce_RTX_3090_Ti,24,
resnet101,64,32,fp32,20.65100860595703,False,NVIDIA_GeForce_RTX_3090_Ti,24,
resnet101,64,64,bf16,19.85843276977539,False,NVIDIA_GeForce_RTX_3090_Ti,24,
resnet101,64,64,fp16,17.428991317749023,False,NVIDIA_GeForce_RTX_3090_Ti,24,
resnet101,64,64,fp32,30.273536682128903,False,NVIDIA_GeForce_RTX_3090_Ti,24,
resnet101,128,16,bf16,16.751615524291992,False,NVIDIA_GeForce_RTX_3090_Ti,24,
resnet101,128,16,fp16,15.284735679626465,False,NVIDIA_GeForce_RTX_3090_Ti,24,
resnet101,128,16,fp32,24.08294486999512,False,NVIDIA_GeForce_RTX_3090_Ti,24,
resnet101,128,32,bf16,26.04083251953125,False,NVIDIA_GeForce_RTX_3090_Ti,24,
resnet101,128,32,fp16,23.494144439697266,False,NVIDIA_GeForce_RTX_3090_Ti,24,
resnet101,128,32,fp32,40.18483352661133,False,NVIDIA_GeForce_RTX_3090_Ti,24,
resnet101,128,64,bf16,45.60684967041016,False,NVIDIA_GeForce_RTX_3090_Ti,24,
resnet101,128,64,fp16,40.43110275268555,False,NVIDIA_GeForce_RTX_3090_Ti,24,
resnet101,128,64,fp32,70.9560317993164,False,NVIDIA_GeForce_RTX_3090_Ti,24,
resnet101,224,16,bf16,38.03084945678711,False,NVIDIA_GeForce_RTX_3090_Ti,24,
resnet101,224,16,fp16,33.97068786621094,False,NVIDIA_GeForce_RTX_3090_Ti,24,
resnet101,224,16,fp32,58.34540939331055,False,NVIDIA_GeForce_RTX_3090_Ti,24,
resnet101,224,32,bf16,66.1585922241211,False,NVIDIA_GeForce_RTX_3090_Ti,24,
resnet101,224,32,fp16,58.73459243774414,False,NVIDIA_GeForce_RTX_3090_Ti,24,
resnet101,224,32,fp32,109.92947387695312,False,NVIDIA_GeForce_RTX_3090_Ti,24,
resnet101,224,64,bf16,126.49465942382812,False,NVIDIA_GeForce_RTX_3090_Ti,24,
resnet101,224,64,fp16,111.59500885009766,False,NVIDIA_GeForce_RTX_3090_Ti,24,
resnet101,224,64,fp32,213.80812072753903,False,NVIDIA_GeForce_RTX_3090_Ti,24,
resnet152,64,16,bf16,18.962432861328125,False,NVIDIA_GeForce_RTX_3090_Ti,24,
resnet152,64,16,fp16,18.186752319335938,False,NVIDIA_GeForce_RTX_3090_Ti,24,
resnet152,64,16,fp32,24.957439422607425,False,NVIDIA_GeForce_RTX_3090_Ti,24,
resnet152,64,32,bf16,24.94924736022949,False,NVIDIA_GeForce_RTX_3090_Ti,24,
resnet152,64,32,fp16,22.765567779541016,False,NVIDIA_GeForce_RTX_3090_Ti,24,
resnet152,64,32,fp32,29.321216583251957,False,NVIDIA_GeForce_RTX_3090_Ti,24,
resnet152,64,64,bf16,27.907583236694336,False,NVIDIA_GeForce_RTX_3090_Ti,24,
resnet152,64,64,fp16,24.70246315002441,False,NVIDIA_GeForce_RTX_3090_Ti,24,
resnet152,64,64,fp32,43.033599853515625,False,NVIDIA_GeForce_RTX_3090_Ti,24,
resnet152,128,16,bf16,24.03071975708008,False,NVIDIA_GeForce_RTX_3090_Ti,24,
resnet152,128,16,fp16,21.97606468200684,False,NVIDIA_GeForce_RTX_3090_Ti,24,
resnet152,128,16,fp32,34.10943984985352,False,NVIDIA_GeForce_RTX_3090_Ti,24,
resnet152,128,32,bf16,36.766719818115234,False,NVIDIA_GeForce_RTX_3090_Ti,24,
resnet152,128,32,fp16,33.213951110839844,False,NVIDIA_GeForce_RTX_3090_Ti,24,
resnet152,128,32,fp32,56.990718841552734,False,NVIDIA_GeForce_RTX_3090_Ti,24,
resnet152,128,64,bf16,64.76134490966797,False,NVIDIA_GeForce_RTX_3090_Ti,24,
resnet152,128,64,fp16,57.1228141784668,False,NVIDIA_GeForce_RTX_3090_Ti,24,
resnet152,128,64,fp32,101.0109405517578,False,NVIDIA_GeForce_RTX_3090_Ti,24,
resnet152,224,16,bf16,53.74105453491211,False,NVIDIA_GeForce_RTX_3090_Ti,24,
resnet152,224,16,fp16,48.455665588378906,False,NVIDIA_GeForce_RTX_3090_Ti,24,
resnet152,224,16,fp32,83.64185333251953,False,NVIDIA_GeForce_RTX_3090_Ti,24,
resnet152,224,32,bf16,94.07129669189452,False,NVIDIA_GeForce_RTX_3090_Ti,24,
resnet152,224,32,fp16,82.83995056152344,False,NVIDIA_GeForce_RTX_3090_Ti,24,
resnet152,224,32,fp32,157.69549560546875,False,NVIDIA_GeForce_RTX_3090_Ti,24,
resnet152,224,64,bf16,179.1262664794922,False,NVIDIA_GeForce_RTX_3090_Ti,24,
resnet152,224,64,fp16,159.27398681640625,False,NVIDIA_GeForce_RTX_3090_Ti,24,
resnet152,224,64,fp32,307.73248291015625,False,NVIDIA_GeForce_RTX_3090_Ti,24,
resnet18,64,16,bf16,2.8641281127929688,False,NVIDIA_GeForce_RTX_3090_Ti,24,
resnet18,64,16,fp16,2.651535987854004,False,NVIDIA_GeForce_RTX_3090_Ti,24,
resnet18,64,16,fp32,3.2440319061279297,False,NVIDIA_GeForce_RTX_3090_Ti,24,
resnet18,64,32,bf16,3.3274240493774414,False,NVIDIA_GeForce_RTX_3090_Ti,24,
resnet18,64,32,fp16,3.122175931930542,False,NVIDIA_GeForce_RTX_3090_Ti,24,
resnet18,64,32,fp32,3.8942720890045166,False,NVIDIA_GeForce_RTX_3090_Ti,24,
resnet18,64,64,bf16,4.5102081298828125,False,NVIDIA_GeForce_RTX_3090_Ti,24,
resnet18,64,64,fp16,4.15177583694458,False,NVIDIA_GeForce_RTX_3090_Ti,24,
resnet18,64,64,fp32,5.467055797576904,False,NVIDIA_GeForce_RTX_3090_Ti,24,
resnet18,128,16,bf16,4.092415809631348,False,NVIDIA_GeForce_RTX_3090_Ti,24,
resnet18,128,16,fp16,3.9193599224090576,False,NVIDIA_GeForce_RTX_3090_Ti,24,
resnet18,128,16,fp32,5.327360153198242,False,NVIDIA_GeForce_RTX_3090_Ti,24,
resnet18,128,32,bf16,6.28326416015625,False,NVIDIA_GeForce_RTX_3090_Ti,24,
resnet18,128,32,fp16,5.715839862823486,False,NVIDIA_GeForce_RTX_3090_Ti,24,
resnet18,128,32,fp32,8.554495811462402,False,NVIDIA_GeForce_RTX_3090_Ti,24,
resnet18,128,64,bf16,10.634608268737791,False,NVIDIA_GeForce_RTX_3090_Ti,24,
resnet18,128,64,fp16,9.51638412475586,False,NVIDIA_GeForce_RTX_3090_Ti,24,
resnet18,128,64,fp32,15.18284797668457,False,NVIDIA_GeForce_RTX_3090_Ti,24,
resnet18,224,16,bf16,8.70041561126709,False,NVIDIA_GeForce_RTX_3090_Ti,24,
resnet18,224,16,fp16,7.8684000968933105,False,NVIDIA_GeForce_RTX_3090_Ti,24,
resnet18,224,16,fp32,12.46771240234375,False,NVIDIA_GeForce_RTX_3090_Ti,24,
resnet18,224,32,bf16,15.260160446166992,False,NVIDIA_GeForce_RTX_3090_Ti,24,
resnet18,224,32,fp16,13.496831893920898,False,NVIDIA_GeForce_RTX_3090_Ti,24,
resnet18,224,32,fp32,22.85772705078125,False,NVIDIA_GeForce_RTX_3090_Ti,24,
resnet18,224,64,bf16,28.353439331054688,False,NVIDIA_GeForce_RTX_3090_Ti,24,
resnet18,224,64,fp16,24.965103149414062,False,NVIDIA_GeForce_RTX_3090_Ti,24,
resnet18,224,64,fp32,43.723121643066406,False,NVIDIA_GeForce_RTX_3090_Ti,24,
resnet200,64,16,bf16,22.87104034423828,False,NVIDIA_GeForce_RTX_3090_Ti,24,
resnet200,64,16,fp16,21.52396774291992,False,NVIDIA_GeForce_RTX_3090_Ti,24,
resnet200,64,16,fp32,29.25351905822754,False,NVIDIA_GeForce_RTX_3090_Ti,24,
resnet200,64,32,bf16,29.594623565673828,False,NVIDIA_GeForce_RTX_3090_Ti,24,
resnet200,64,32,fp16,27.2860164642334,False,NVIDIA_GeForce_RTX_3090_Ti,24,
resnet200,64,32,fp32,35.295745849609375,False,NVIDIA_GeForce_RTX_3090_Ti,24,
resnet200,64,64,bf16,34.81292724609375,False,NVIDIA_GeForce_RTX_3090_Ti,24,
resnet200,64,64,fp16,30.70412826538086,False,NVIDIA_GeForce_RTX_3090_Ti,24,
resnet200,64,64,fp32,53.19575881958008,False,NVIDIA_GeForce_RTX_3090_Ti,24,
resnet200,128,16,bf16,31.239168167114254,False,NVIDIA_GeForce_RTX_3090_Ti,24,
resnet200,128,16,fp16,28.49996757507324,False,NVIDIA_GeForce_RTX_3090_Ti,24,
resnet200,128,16,fp32,43.77588653564453,False,NVIDIA_GeForce_RTX_3090_Ti,24,
resnet200,128,32,bf16,48.98494338989258,False,NVIDIA_GeForce_RTX_3090_Ti,24,
resnet200,128,32,fp16,44.113407135009766,False,NVIDIA_GeForce_RTX_3090_Ti,24,
resnet200,128,32,fp32,74.61888122558594,False,NVIDIA_GeForce_RTX_3090_Ti,24,
resnet200,128,64,bf16,86.16345977783203,False,NVIDIA_GeForce_RTX_3090_Ti,24,
resnet200,128,64,fp16,75.22252655029297,False,NVIDIA_GeForce_RTX_3090_Ti,24,
resnet200,128,64,fp32,135.57554626464844,False,NVIDIA_GeForce_RTX_3090_Ti,24,
resnet200,224,16,bf16,70.02777862548828,False,NVIDIA_GeForce_RTX_3090_Ti,24,
resnet200,224,16,fp16,62.748046875,False,NVIDIA_GeForce_RTX_3090_Ti,24,
resnet200,224,16,fp32,110.57202911376952,False,NVIDIA_GeForce_RTX_3090_Ti,24,
resnet200,224,32,bf16,124.80921936035156,False,NVIDIA_GeForce_RTX_3090_Ti,24,
resnet200,224,32,fp16,108.70015716552734,False,NVIDIA_GeForce_RTX_3090_Ti,24,
resnet200,224,32,fp32,211.1016998291016,False,NVIDIA_GeForce_RTX_3090_Ti,24,
resnet200,224,64,bf16,239.8883514404297,False,NVIDIA_GeForce_RTX_3090_Ti,24,
resnet200,224,64,fp16,214.03289794921875,False,NVIDIA_GeForce_RTX_3090_Ti,24,
resnet200,224,64,fp32,410.0387878417969,False,NVIDIA_GeForce_RTX_3090_Ti,24,
resnet50,64,16,bf16,6.712719917297363,False,NVIDIA_GeForce_RTX_3090_Ti,24,
resnet50,64,16,fp16,6.291967868804932,False,NVIDIA_GeForce_RTX_3090_Ti,24,
resnet50,64,16,fp32,8.536527633666992,False,NVIDIA_GeForce_RTX_3090_Ti,24,
resnet50,64,32,bf16,8.767487525939941,False,NVIDIA_GeForce_RTX_3090_Ti,24,
resnet50,64,32,fp16,7.955967903137207,False,NVIDIA_GeForce_RTX_3090_Ti,24,
resnet50,64,32,fp32,11.316224098205566,False,NVIDIA_GeForce_RTX_3090_Ti,24,
resnet50,64,64,bf16,11.561984062194824,False,NVIDIA_GeForce_RTX_3090_Ti,24,
resnet50,64,64,fp16,9.814016342163086,False,NVIDIA_GeForce_RTX_3090_Ti,24,
resnet50,64,64,fp32,17.297407150268555,False,NVIDIA_GeForce_RTX_3090_Ti,24,
resnet50,128,16,bf16,10.087424278259276,False,NVIDIA_GeForce_RTX_3090_Ti,24,
resnet50,128,16,fp16,9.078271865844728,False,NVIDIA_GeForce_RTX_3090_Ti,24,
resnet50,128,16,fp32,14.469632148742676,False,NVIDIA_GeForce_RTX_3090_Ti,24,
resnet50,128,32,bf16,15.874048233032228,False,NVIDIA_GeForce_RTX_3090_Ti,24,
resnet50,128,32,fp16,14.119935989379885,False,NVIDIA_GeForce_RTX_3090_Ti,24,
resnet50,128,32,fp32,23.89452743530273,False,NVIDIA_GeForce_RTX_3090_Ti,24,
resnet50,128,64,bf16,27.81849670410156,False,NVIDIA_GeForce_RTX_3090_Ti,24,
resnet50,128,64,fp16,24.35625648498535,False,NVIDIA_GeForce_RTX_3090_Ti,24,
resnet50,128,64,fp32,43.29111862182617,False,NVIDIA_GeForce_RTX_3090_Ti,24,
resnet50,224,16,bf16,22.70207977294922,False,NVIDIA_GeForce_RTX_3090_Ti,24,
resnet50,224,16,fp16,20.07961654663086,False,NVIDIA_GeForce_RTX_3090_Ti,24,
resnet50,224,16,fp32,34.186241149902344,False,NVIDIA_GeForce_RTX_3090_Ti,24,
resnet50,224,32,bf16,40.34150314331055,False,NVIDIA_GeForce_RTX_3090_Ti,24,
resnet50,224,32,fp16,35.177982330322266,False,NVIDIA_GeForce_RTX_3090_Ti,24,
resnet50,224,32,fp32,64.89036560058594,False,NVIDIA_GeForce_RTX_3090_Ti,24,
resnet50,224,64,bf16,76.75635528564453,False,NVIDIA_GeForce_RTX_3090_Ti,24,
resnet50,224,64,fp16,67.45543670654297,False,NVIDIA_GeForce_RTX_3090_Ti,24,
resnet50,224,64,fp32,125.04217529296876,False,NVIDIA_GeForce_RTX_3090_Ti,24,
resnext101_64x4d,64,16,bf16,17.354751586914062,False,NVIDIA_GeForce_RTX_3090_Ti,24,
resnext101_64x4d,64,16,fp16,16.534448623657227,False,NVIDIA_GeForce_RTX_3090_Ti,24,
resnext101_64x4d,64,16,fp32,36.92438507080078,False,NVIDIA_GeForce_RTX_3090_Ti,24,
resnext101_64x4d,64,32,bf16,22.02102470397949,False,NVIDIA_GeForce_RTX_3090_Ti,24,
resnext101_64x4d,64,32,fp16,20.150768280029297,False,NVIDIA_GeForce_RTX_3090_Ti,24,
resnext101_64x4d,64,32,fp32,45.45587158203125,False,NVIDIA_GeForce_RTX_3090_Ti,24,
resnext101_64x4d,64,64,bf16,32.669185638427734,False,NVIDIA_GeForce_RTX_3090_Ti,24,
resnext101_64x4d,64,64,fp16,28.36992073059082,False,NVIDIA_GeForce_RTX_3090_Ti,24,
resnext101_64x4d,64,64,fp32,83.7942886352539,False,NVIDIA_GeForce_RTX_3090_Ti,24,
resnext101_64x4d,128,16,bf16,28.570112228393555,False,NVIDIA_GeForce_RTX_3090_Ti,24,
resnext101_64x4d,128,16,fp16,26.06999969482422,False,NVIDIA_GeForce_RTX_3090_Ti,24,
resnext101_64x4d,128,16,fp32,71.39523315429688,False,NVIDIA_GeForce_RTX_3090_Ti,24,
resnext101_64x4d,128,32,bf16,47.69166564941406,False,NVIDIA_GeForce_RTX_3090_Ti,24,
resnext101_64x4d,128,32,fp16,43.6577262878418,False,NVIDIA_GeForce_RTX_3090_Ti,24,
resnext101_64x4d,128,32,fp32,109.51372528076172,False,NVIDIA_GeForce_RTX_3090_Ti,24,
resnext101_64x4d,128,64,bf16,84.90290832519531,False,NVIDIA_GeForce_RTX_3090_Ti,24,
resnext101_64x4d,128,64,fp16,77.54801940917969,False,NVIDIA_GeForce_RTX_3090_Ti,24,
resnext101_64x4d,128,64,fp32,171.43399047851562,False,NVIDIA_GeForce_RTX_3090_Ti,24,
resnext101_64x4d,224,16,bf16,70.70606231689453,False,NVIDIA_GeForce_RTX_3090_Ti,24,
resnext101_64x4d,224,16,fp16,63.87712097167969,False,NVIDIA_GeForce_RTX_3090_Ti,24,
resnext101_64x4d,224,16,fp32,151.0420379638672,False,NVIDIA_GeForce_RTX_3090_Ti,24,
resnext101_64x4d,224,32,bf16,131.04025268554688,False,NVIDIA_GeForce_RTX_3090_Ti,24,
resnext101_64x4d,224,32,fp16,121.34953308105467,False,NVIDIA_GeForce_RTX_3090_Ti,24,
resnext101_64x4d,224,32,fp32,256.92974853515625,False,NVIDIA_GeForce_RTX_3090_Ti,24,
resnext101_64x4d,224,64,bf16,254.75010681152344,False,NVIDIA_GeForce_RTX_3090_Ti,24,
resnext101_64x4d,224,64,fp16,235.4252777099609,False,NVIDIA_GeForce_RTX_3090_Ti,24,
resnext101_64x4d,224,64,fp32,484.0032653808594,False,NVIDIA_GeForce_RTX_3090_Ti,24,
resnext50_32x4d,64,16,bf16,6.525440216064453,False,NVIDIA_GeForce_RTX_3090_Ti,24,
resnext50_32x4d,64,16,fp16,6.226384162902832,False,NVIDIA_GeForce_RTX_3090_Ti,24,
resnext50_32x4d,64,16,fp32,10.652095794677734,False,NVIDIA_GeForce_RTX_3090_Ti,24,
resnext50_32x4d,64,32,bf16,8.416768074035645,False,NVIDIA_GeForce_RTX_3090_Ti,24,
resnext50_32x4d,64,32,fp16,7.547391891479492,False,NVIDIA_GeForce_RTX_3090_Ti,24,
resnext50_32x4d,64,32,fp32,14.805456161499023,False,NVIDIA_GeForce_RTX_3090_Ti,24,
resnext50_32x4d,64,64,bf16,12.737536430358888,False,NVIDIA_GeForce_RTX_3090_Ti,24,
resnext50_32x4d,64,64,fp16,10.821599960327148,False,NVIDIA_GeForce_RTX_3090_Ti,24,
resnext50_32x4d,64,64,fp32,22.610431671142575,False,NVIDIA_GeForce_RTX_3090_Ti,24,
resnext50_32x4d,128,16,bf16,11.213824272155762,False,NVIDIA_GeForce_RTX_3090_Ti,24,
resnext50_32x4d,128,16,fp16,9.905664443969728,False,NVIDIA_GeForce_RTX_3090_Ti,24,
resnext50_32x4d,128,16,fp32,17.573375701904297,False,NVIDIA_GeForce_RTX_3090_Ti,24,
resnext50_32x4d,128,32,bf16,18.12889671325684,False,NVIDIA_GeForce_RTX_3090_Ti,24,
resnext50_32x4d,128,32,fp16,16.074752807617188,False,NVIDIA_GeForce_RTX_3090_Ti,24,
resnext50_32x4d,128,32,fp32,32.1341438293457,False,NVIDIA_GeForce_RTX_3090_Ti,24,
resnext50_32x4d,128,64,bf16,32.88572692871094,False,NVIDIA_GeForce_RTX_3090_Ti,24,
resnext50_32x4d,128,64,fp16,28.99300765991211,False,NVIDIA_GeForce_RTX_3090_Ti,24,
resnext50_32x4d,128,64,fp32,56.034305572509766,False,NVIDIA_GeForce_RTX_3090_Ti,24,
resnext50_32x4d,224,16,bf16,27.488767623901367,False,NVIDIA_GeForce_RTX_3090_Ti,24,
resnext50_32x4d,224,16,fp16,24.133039474487305,False,NVIDIA_GeForce_RTX_3090_Ti,24,
resnext50_32x4d,224,16,fp32,44.83071899414063,False,NVIDIA_GeForce_RTX_3090_Ti,24,
resnext50_32x4d,224,32,bf16,48.354305267333984,False,NVIDIA_GeForce_RTX_3090_Ti,24,
resnext50_32x4d,224,32,fp16,42.17436981201172,False,NVIDIA_GeForce_RTX_3090_Ti,24,
resnext50_32x4d,224,32,fp32,85.73019409179688,False,NVIDIA_GeForce_RTX_3090_Ti,24,
resnext50_32x4d,224,64,bf16,92.37452697753906,False,NVIDIA_GeForce_RTX_3090_Ti,24,
resnext50_32x4d,224,64,fp16,82.5374755859375,False,NVIDIA_GeForce_RTX_3090_Ti,24,
resnext50_32x4d,224,64,fp32,166.5638427734375,False,NVIDIA_GeForce_RTX_3090_Ti,24,
swin_base_patch4_window7_224,64,16,bf16,16.326143264770508,False,NVIDIA_GeForce_RTX_3090_Ti,24,
swin_base_patch4_window7_224,64,16,fp16,16.004064559936523,False,NVIDIA_GeForce_RTX_3090_Ti,24,
swin_base_patch4_window7_224,64,16,fp32,22.677440643310547,False,NVIDIA_GeForce_RTX_3090_Ti,24,
swin_base_patch4_window7_224,64,32,bf16,20.694015502929688,False,NVIDIA_GeForce_RTX_3090_Ti,24,
swin_base_patch4_window7_224,64,32,fp16,20.494335174560547,False,NVIDIA_GeForce_RTX_3090_Ti,24,
swin_base_patch4_window7_224,64,32,fp32,34.2743034362793,False,NVIDIA_GeForce_RTX_3090_Ti,24,
swin_base_patch4_window7_224,64,64,bf16,30.43929672241211,False,NVIDIA_GeForce_RTX_3090_Ti,24,
swin_base_patch4_window7_224,64,64,fp16,30.005760192871094,False,NVIDIA_GeForce_RTX_3090_Ti,24,
swin_base_patch4_window7_224,64,64,fp32,58.63833618164063,False,NVIDIA_GeForce_RTX_3090_Ti,24,
swin_base_patch4_window7_224,128,16,bf16,41.66553497314453,False,NVIDIA_GeForce_RTX_3090_Ti,24,
swin_base_patch4_window7_224,128,16,fp16,40.30207824707031,False,NVIDIA_GeForce_RTX_3090_Ti,24,
swin_base_patch4_window7_224,128,16,fp32,79.63033294677734,False,NVIDIA_GeForce_RTX_3090_Ti,24,
swin_base_patch4_window7_224,128,32,bf16,71.17501068115234,False,NVIDIA_GeForce_RTX_3090_Ti,24,
swin_base_patch4_window7_224,128,32,fp16,69.45579528808594,False,NVIDIA_GeForce_RTX_3090_Ti,24,
swin_base_patch4_window7_224,128,32,fp32,152.14183044433594,False,NVIDIA_GeForce_RTX_3090_Ti,24,
swin_base_patch4_window7_224,128,64,bf16,130.08639526367188,False,NVIDIA_GeForce_RTX_3090_Ti,24,
swin_base_patch4_window7_224,128,64,fp16,126.98931121826172,False,NVIDIA_GeForce_RTX_3090_Ti,24,
swin_base_patch4_window7_224,128,64,fp32,288.1873779296875,False,NVIDIA_GeForce_RTX_3090_Ti,24,
swin_base_patch4_window7_224,224,16,bf16,69.50093078613281,False,NVIDIA_GeForce_RTX_3090_Ti,24,
swin_base_patch4_window7_224,224,16,fp16,67.04573059082031,False,NVIDIA_GeForce_RTX_3090_Ti,24,
swin_base_patch4_window7_224,224,16,fp32,150.6708526611328,False,NVIDIA_GeForce_RTX_3090_Ti,24,
swin_base_patch4_window7_224,224,32,bf16,124.1681900024414,False,NVIDIA_GeForce_RTX_3090_Ti,24,
swin_base_patch4_window7_224,224,32,fp16,119.85100555419922,False,NVIDIA_GeForce_RTX_3090_Ti,24,
swin_base_patch4_window7_224,224,32,fp32,283.4104309082031,False,NVIDIA_GeForce_RTX_3090_Ti,24,
swin_base_patch4_window7_224,224,64,bf16,231.44857788085935,False,NVIDIA_GeForce_RTX_3090_Ti,24,
swin_base_patch4_window7_224,224,64,fp16,225.85494995117188,False,NVIDIA_GeForce_RTX_3090_Ti,24,
swin_base_patch4_window7_224,224,64,fp32,552.648681640625,False,NVIDIA_GeForce_RTX_3090_Ti,24,
swin_tiny_patch4_window7_224,64,16,bf16,7.217663764953613,False,NVIDIA_GeForce_RTX_3090_Ti,24,
swin_tiny_patch4_window7_224,64,16,fp16,6.989247798919678,False,NVIDIA_GeForce_RTX_3090_Ti,24,
swin_tiny_patch4_window7_224,64,16,fp32,9.645567893981934,False,NVIDIA_GeForce_RTX_3090_Ti,24,
swin_tiny_patch4_window7_224,64,32,bf16,9.87070369720459,False,NVIDIA_GeForce_RTX_3090_Ti,24,
swin_tiny_patch4_window7_224,64,32,fp16,9.379839897155762,False,NVIDIA_GeForce_RTX_3090_Ti,24,
swin_tiny_patch4_window7_224,64,32,fp32,15.236047744750977,False,NVIDIA_GeForce_RTX_3090_Ti,24,
swin_tiny_patch4_window7_224,64,64,bf16,14.534144401550291,False,NVIDIA_GeForce_RTX_3090_Ti,24,
swin_tiny_patch4_window7_224,64,64,fp16,14.19212818145752,False,NVIDIA_GeForce_RTX_3090_Ti,24,
swin_tiny_patch4_window7_224,64,64,fp32,25.627647399902344,False,NVIDIA_GeForce_RTX_3090_Ti,24,
swin_tiny_patch4_window7_224,128,16,bf16,15.797183990478516,False,NVIDIA_GeForce_RTX_3090_Ti,24,
swin_tiny_patch4_window7_224,128,16,fp16,15.474080085754396,False,NVIDIA_GeForce_RTX_3090_Ti,24,
swin_tiny_patch4_window7_224,128,16,fp32,28.50611114501953,False,NVIDIA_GeForce_RTX_3090_Ti,24,
swin_tiny_patch4_window7_224,128,32,bf16,26.90559959411621,False,NVIDIA_GeForce_RTX_3090_Ti,24,
swin_tiny_patch4_window7_224,128,32,fp16,26.271583557128903,False,NVIDIA_GeForce_RTX_3090_Ti,24,
swin_tiny_patch4_window7_224,128,32,fp32,51.723777770996094,False,NVIDIA_GeForce_RTX_3090_Ti,24,
swin_tiny_patch4_window7_224,128,64,bf16,49.8109130859375,False,NVIDIA_GeForce_RTX_3090_Ti,24,
swin_tiny_patch4_window7_224,128,64,fp16,48.13312149047852,False,NVIDIA_GeForce_RTX_3090_Ti,24,
swin_tiny_patch4_window7_224,128,64,fp32,99.1088638305664,False,NVIDIA_GeForce_RTX_3090_Ti,24,
swin_tiny_patch4_window7_224,224,16,bf16,29.130239486694336,False,NVIDIA_GeForce_RTX_3090_Ti,24,
swin_tiny_patch4_window7_224,224,16,fp16,28.252159118652344,False,NVIDIA_GeForce_RTX_3090_Ti,24,
swin_tiny_patch4_window7_224,224,16,fp32,55.11670303344727,False,NVIDIA_GeForce_RTX_3090_Ti,24,
swin_tiny_patch4_window7_224,224,32,bf16,50.83340835571289,False,NVIDIA_GeForce_RTX_3090_Ti,24,
swin_tiny_patch4_window7_224,224,32,fp16,49.66707229614258,False,NVIDIA_GeForce_RTX_3090_Ti,24,
swin_tiny_patch4_window7_224,224,32,fp32,106.34598541259766,False,NVIDIA_GeForce_RTX_3090_Ti,24,
swin_tiny_patch4_window7_224,224,64,bf16,97.04908752441406,False,NVIDIA_GeForce_RTX_3090_Ti,24,
swin_tiny_patch4_window7_224,224,64,fp16,94.51262664794922,False,NVIDIA_GeForce_RTX_3090_Ti,24,
swin_tiny_patch4_window7_224,224,64,fp32,211.4027557373047,False,NVIDIA_GeForce_RTX_3090_Ti,24,
swinv2_cr_tiny_ns_224,64,16,bf16,8.433152198791504,False,NVIDIA_GeForce_RTX_3090_Ti,24,
swinv2_cr_tiny_ns_224,64,16,fp16,8.208847999572754,False,NVIDIA_GeForce_RTX_3090_Ti,24,
swinv2_cr_tiny_ns_224,64,16,fp32,10.096639633178713,False,NVIDIA_GeForce_RTX_3090_Ti,24,
swinv2_cr_tiny_ns_224,64,32,bf16,10.530816078186035,False,NVIDIA_GeForce_RTX_3090_Ti,24,
swinv2_cr_tiny_ns_224,64,32,fp16,10.240511894226074,False,NVIDIA_GeForce_RTX_3090_Ti,24,
swinv2_cr_tiny_ns_224,64,32,fp32,15.096832275390623,False,NVIDIA_GeForce_RTX_3090_Ti,24,
swinv2_cr_tiny_ns_224,64,64,bf16,15.113216400146484,False,NVIDIA_GeForce_RTX_3090_Ti,24,
swinv2_cr_tiny_ns_224,64,64,fp16,14.943120002746582,False,NVIDIA_GeForce_RTX_3090_Ti,24,
swinv2_cr_tiny_ns_224,64,64,fp32,25.199615478515625,False,NVIDIA_GeForce_RTX_3090_Ti,24,
swinv2_cr_tiny_ns_224,128,16,bf16,14.811519622802734,False,NVIDIA_GeForce_RTX_3090_Ti,24,
swinv2_cr_tiny_ns_224,128,16,fp16,14.500351905822754,False,NVIDIA_GeForce_RTX_3090_Ti,24,
swinv2_cr_tiny_ns_224,128,16,fp32,22.932960510253903,False,NVIDIA_GeForce_RTX_3090_Ti,24,
swinv2_cr_tiny_ns_224,128,32,bf16,24.414207458496094,False,NVIDIA_GeForce_RTX_3090_Ti,24,
swinv2_cr_tiny_ns_224,128,32,fp16,23.747072219848636,False,NVIDIA_GeForce_RTX_3090_Ti,24,
swinv2_cr_tiny_ns_224,128,32,fp32,40.41463851928711,False,NVIDIA_GeForce_RTX_3090_Ti,24,
swinv2_cr_tiny_ns_224,128,64,bf16,44.29568099975586,False,NVIDIA_GeForce_RTX_3090_Ti,24,
swinv2_cr_tiny_ns_224,128,64,fp16,43.0305290222168,False,NVIDIA_GeForce_RTX_3090_Ti,24,
swinv2_cr_tiny_ns_224,128,64,fp32,76.86450958251953,False,NVIDIA_GeForce_RTX_3090_Ti,24,
swinv2_cr_tiny_ns_224,224,16,bf16,40.9246711730957,False,NVIDIA_GeForce_RTX_3090_Ti,24,
swinv2_cr_tiny_ns_224,224,16,fp16,39.68511962890625,False,NVIDIA_GeForce_RTX_3090_Ti,24,
swinv2_cr_tiny_ns_224,224,16,fp32,63.12704086303711,False,NVIDIA_GeForce_RTX_3090_Ti,24,
swinv2_cr_tiny_ns_224,224,32,bf16,70.30166625976562,False,NVIDIA_GeForce_RTX_3090_Ti,24,
swinv2_cr_tiny_ns_224,224,32,fp16,69.00991821289062,False,NVIDIA_GeForce_RTX_3090_Ti,24,
swinv2_cr_tiny_ns_224,224,32,fp32,118.94579315185548,False,NVIDIA_GeForce_RTX_3090_Ti,24,
swinv2_cr_tiny_ns_224,224,64,bf16,132.45542907714844,False,NVIDIA_GeForce_RTX_3090_Ti,24,
swinv2_cr_tiny_ns_224,224,64,fp16,128.79615783691406,False,NVIDIA_GeForce_RTX_3090_Ti,24,
swinv2_cr_tiny_ns_224,224,64,fp32,240.1602325439453,False,NVIDIA_GeForce_RTX_3090_Ti,24,
twins_pcpvt_small,64,16,bf16,9.645024299621582,False,NVIDIA_GeForce_RTX_3090_Ti,24,
twins_pcpvt_small,64,16,fp16,8.181679725646973,False,NVIDIA_GeForce_RTX_3090_Ti,24,
twins_pcpvt_small,64,16,fp32,9.688063621520996,False,NVIDIA_GeForce_RTX_3090_Ti,24,
twins_pcpvt_small,64,32,bf16,10.091520309448242,False,NVIDIA_GeForce_RTX_3090_Ti,24,
twins_pcpvt_small,64,32,fp16,9.885567665100098,False,NVIDIA_GeForce_RTX_3090_Ti,24,
twins_pcpvt_small,64,32,fp32,13.24339199066162,False,NVIDIA_GeForce_RTX_3090_Ti,24,
twins_pcpvt_small,64,64,bf16,13.27246379852295,False,NVIDIA_GeForce_RTX_3090_Ti,24,
twins_pcpvt_small,64,64,fp16,13.26028823852539,False,NVIDIA_GeForce_RTX_3090_Ti,24,
twins_pcpvt_small,64,64,fp32,20.53887939453125,False,NVIDIA_GeForce_RTX_3090_Ti,24,
twins_pcpvt_small,128,16,bf16,12.851200103759766,False,NVIDIA_GeForce_RTX_3090_Ti,24,
twins_pcpvt_small,128,16,fp16,12.67148780822754,False,NVIDIA_GeForce_RTX_3090_Ti,24,
twins_pcpvt_small,128,16,fp32,19.960832595825195,False,NVIDIA_GeForce_RTX_3090_Ti,24,
twins_pcpvt_small,128,32,bf16,19.31915283203125,False,NVIDIA_GeForce_RTX_3090_Ti,24,
twins_pcpvt_small,128,32,fp16,18.93683242797852,False,NVIDIA_GeForce_RTX_3090_Ti,24,
twins_pcpvt_small,128,32,fp32,33.27334213256836,False,NVIDIA_GeForce_RTX_3090_Ti,24,
twins_pcpvt_small,128,64,bf16,32.502174377441406,False,NVIDIA_GeForce_RTX_3090_Ti,24,
twins_pcpvt_small,128,64,fp16,32.09267044067383,False,NVIDIA_GeForce_RTX_3090_Ti,24,
twins_pcpvt_small,128,64,fp32,59.723777770996094,False,NVIDIA_GeForce_RTX_3090_Ti,24,
twins_pcpvt_small,224,16,bf16,26.974720001220703,False,NVIDIA_GeForce_RTX_3090_Ti,24,
twins_pcpvt_small,224,16,fp16,26.688512802124023,False,NVIDIA_GeForce_RTX_3090_Ti,24,
twins_pcpvt_small,224,16,fp32,50.649600982666016,False,NVIDIA_GeForce_RTX_3090_Ti,24,
twins_pcpvt_small,224,32,bf16,44.7191047668457,False,NVIDIA_GeForce_RTX_3090_Ti,24,
twins_pcpvt_small,224,32,fp16,43.96543884277344,False,NVIDIA_GeForce_RTX_3090_Ti,24,
twins_pcpvt_small,224,32,fp32,87.7510757446289,False,NVIDIA_GeForce_RTX_3090_Ti,24,
twins_pcpvt_small,224,64,bf16,81.57695770263672,False,NVIDIA_GeForce_RTX_3090_Ti,24,
twins_pcpvt_small,224,64,fp16,80.36402893066406,False,NVIDIA_GeForce_RTX_3090_Ti,24,
twins_pcpvt_small,224,64,fp32,171.546630859375,False,NVIDIA_GeForce_RTX_3090_Ti,24,
twins_svt_small,64,16,bf16,9.401856422424316,False,NVIDIA_GeForce_RTX_3090_Ti,24,
twins_svt_small,64,16,fp16,9.093119621276855,False,NVIDIA_GeForce_RTX_3090_Ti,24,
twins_svt_small,64,16,fp32,10.438655853271484,False,NVIDIA_GeForce_RTX_3090_Ti,24,
twins_svt_small,64,32,bf16,12.817407608032228,False,NVIDIA_GeForce_RTX_3090_Ti,24,
twins_svt_small,64,32,fp16,12.279711723327637,False,NVIDIA_GeForce_RTX_3090_Ti,24,
twins_svt_small,64,32,fp32,15.32975959777832,False,NVIDIA_GeForce_RTX_3090_Ti,24,
twins_svt_small,64,64,bf16,18.65318489074707,False,NVIDIA_GeForce_RTX_3090_Ti,24,
twins_svt_small,64,64,fp16,18.544639587402344,False,NVIDIA_GeForce_RTX_3090_Ti,24,
twins_svt_small,64,64,fp32,24.944128036499023,False,NVIDIA_GeForce_RTX_3090_Ti,24,
twins_svt_small,128,16,bf16,15.444479942321776,False,NVIDIA_GeForce_RTX_3090_Ti,24,
twins_svt_small,128,16,fp16,15.243680000305176,False,NVIDIA_GeForce_RTX_3090_Ti,24,
twins_svt_small,128,16,fp32,20.916223526000977,False,NVIDIA_GeForce_RTX_3090_Ti,24,
twins_svt_small,128,32,bf16,25.173967361450195,False,NVIDIA_GeForce_RTX_3090_Ti,24,
twins_svt_small,128,32,fp16,24.74700736999512,False,NVIDIA_GeForce_RTX_3090_Ti,24,
twins_svt_small,128,32,fp32,35.89683151245117,False,NVIDIA_GeForce_RTX_3090_Ti,24,
twins_svt_small,128,64,bf16,44.355072021484375,False,NVIDIA_GeForce_RTX_3090_Ti,24,
twins_svt_small,128,64,fp16,44.28339385986328,False,NVIDIA_GeForce_RTX_3090_Ti,24,
twins_svt_small,128,64,fp32,65.30560302734375,False,NVIDIA_GeForce_RTX_3090_Ti,24,
twins_svt_small,224,16,bf16,26.69817543029785,False,NVIDIA_GeForce_RTX_3090_Ti,24,
twins_svt_small,224,16,fp16,26.365951538085938,False,NVIDIA_GeForce_RTX_3090_Ti,24,
twins_svt_small,224,16,fp32,41.81752014160156,False,NVIDIA_GeForce_RTX_3090_Ti,24,
twins_svt_small,224,32,bf16,46.10611343383789,False,NVIDIA_GeForce_RTX_3090_Ti,24,
twins_svt_small,224,32,fp16,45.097904205322266,False,NVIDIA_GeForce_RTX_3090_Ti,24,
twins_svt_small,224,32,fp32,74.5881576538086,False,NVIDIA_GeForce_RTX_3090_Ti,24,
twins_svt_small,224,64,bf16,85.1997299194336,False,NVIDIA_GeForce_RTX_3090_Ti,24,
twins_svt_small,224,64,fp16,84.10928344726562,False,NVIDIA_GeForce_RTX_3090_Ti,24,
twins_svt_small,224,64,fp32,144.21299743652344,False,NVIDIA_GeForce_RTX_3090_Ti,24,
vit_base_patch16_224,64,16,bf16,11.873727798461914,False,NVIDIA_GeForce_RTX_3090_Ti,24,
vit_base_patch16_224,64,16,fp16,11.46776008605957,False,NVIDIA_GeForce_RTX_3090_Ti,24,
vit_base_patch16_224,64,16,fp32,17.31020736694336,False,NVIDIA_GeForce_RTX_3090_Ti,24,
vit_base_patch16_224,64,32,bf16,15.420415878295898,False,NVIDIA_GeForce_RTX_3090_Ti,24,
vit_base_patch16_224,64,32,fp16,14.942208290100098,False,NVIDIA_GeForce_RTX_3090_Ti,24,
vit_base_patch16_224,64,32,fp32,26.591632843017575,False,NVIDIA_GeForce_RTX_3090_Ti,24,
vit_base_patch16_224,64,64,bf16,22.73936080932617,False,NVIDIA_GeForce_RTX_3090_Ti,24,
vit_base_patch16_224,64,64,fp16,22.37283134460449,False,NVIDIA_GeForce_RTX_3090_Ti,24,
vit_base_patch16_224,64,64,fp32,44.62080001831055,False,NVIDIA_GeForce_RTX_3090_Ti,24,
vit_base_patch16_224,128,16,bf16,21.53358459472656,False,NVIDIA_GeForce_RTX_3090_Ti,24,
vit_base_patch16_224,128,16,fp16,20.709888458251957,False,NVIDIA_GeForce_RTX_3090_Ti,24,
vit_base_patch16_224,128,16,fp32,44.72217559814453,False,NVIDIA_GeForce_RTX_3090_Ti,24,
vit_base_patch16_224,128,32,bf16,34.08230209350586,False,NVIDIA_GeForce_RTX_3090_Ti,24,
vit_base_patch16_224,128,32,fp16,34.186241149902344,False,NVIDIA_GeForce_RTX_3090_Ti,24,
vit_base_patch16_224,128,32,fp32,86.90739440917969,False,NVIDIA_GeForce_RTX_3090_Ti,24,
vit_base_patch16_224,128,64,bf16,55.97593688964844,False,NVIDIA_GeForce_RTX_3090_Ti,24,
vit_base_patch16_224,128,64,fp16,54.90227127075195,False,NVIDIA_GeForce_RTX_3090_Ti,24,
vit_base_patch16_224,128,64,fp32,167.7998046875,False,NVIDIA_GeForce_RTX_3090_Ti,24,
vit_base_patch16_224,224,16,bf16,44.09489440917969,False,NVIDIA_GeForce_RTX_3090_Ti,24,
vit_base_patch16_224,224,16,fp16,43.55009460449219,False,NVIDIA_GeForce_RTX_3090_Ti,24,
vit_base_patch16_224,224,16,fp32,134.0410919189453,False,NVIDIA_GeForce_RTX_3090_Ti,24,
vit_base_patch16_224,224,32,bf16,79.27859497070312,False,NVIDIA_GeForce_RTX_3090_Ti,24,
vit_base_patch16_224,224,32,fp16,77.17324829101562,False,NVIDIA_GeForce_RTX_3090_Ti,24,
vit_base_patch16_224,224,32,fp32,248.40904235839844,False,NVIDIA_GeForce_RTX_3090_Ti,24,
vit_base_patch16_224,224,64,bf16,148.7846221923828,False,NVIDIA_GeForce_RTX_3090_Ti,24,
vit_base_patch16_224,224,64,fp16,147.0161895751953,False,NVIDIA_GeForce_RTX_3090_Ti,24,
vit_base_patch16_224,224,64,fp32,493.56640625,False,NVIDIA_GeForce_RTX_3090_Ti,24,
vit_large_patch16_224,64,16,bf16,36.73344039916992,False,NVIDIA_GeForce_RTX_3090_Ti,24,
vit_large_patch16_224,64,16,fp16,36.1512336730957,False,NVIDIA_GeForce_RTX_3090_Ti,24,
vit_large_patch16_224,64,16,fp32,55.79673767089844,False,NVIDIA_GeForce_RTX_3090_Ti,24,
vit_large_patch16_224,64,32,bf16,47.17567825317383,False,NVIDIA_GeForce_RTX_3090_Ti,24,
vit_large_patch16_224,64,32,fp16,46.12403106689453,False,NVIDIA_GeForce_RTX_3090_Ti,24,
vit_large_patch16_224,64,32,fp32,89.11660766601562,False,NVIDIA_GeForce_RTX_3090_Ti,24,
vit_large_patch16_224,64,64,bf16,68.87577819824219,False,NVIDIA_GeForce_RTX_3090_Ti,24,
vit_large_patch16_224,64,64,fp16,68.32585906982422,False,NVIDIA_GeForce_RTX_3090_Ti,24,
vit_large_patch16_224,64,64,fp32,149.64366149902344,False,NVIDIA_GeForce_RTX_3090_Ti,24,
vit_large_patch16_224,128,16,bf16,65.75615692138672,False,NVIDIA_GeForce_RTX_3090_Ti,24,
vit_large_patch16_224,128,16,fp16,65.15699005126953,False,NVIDIA_GeForce_RTX_3090_Ti,24,
vit_large_patch16_224,128,16,fp32,147.76626586914062,False,NVIDIA_GeForce_RTX_3090_Ti,24,
vit_large_patch16_224,128,32,bf16,103.804931640625,False,NVIDIA_GeForce_RTX_3090_Ti,24,
vit_large_patch16_224,128,32,fp16,102.35391998291016,False,NVIDIA_GeForce_RTX_3090_Ti,24,
vit_large_patch16_224,128,32,fp32,277.5679016113281,False,NVIDIA_GeForce_RTX_3090_Ti,24,
vit_large_patch16_224,128,64,bf16,179.91062927246094,False,NVIDIA_GeForce_RTX_3090_Ti,24,
vit_large_patch16_224,128,64,fp16,174.3109130859375,False,NVIDIA_GeForce_RTX_3090_Ti,24,
vit_large_patch16_224,128,64,fp32,539.062255859375,False,NVIDIA_GeForce_RTX_3090_Ti,24,
vit_large_patch16_224,224,16,bf16,145.15455627441406,False,NVIDIA_GeForce_RTX_3090_Ti,24,
vit_large_patch16_224,224,16,fp16,138.33056640625,False,NVIDIA_GeForce_RTX_3090_Ti,24,
vit_large_patch16_224,224,16,fp32,423.5007934570313,False,NVIDIA_GeForce_RTX_3090_Ti,24,
vit_large_patch16_224,224,32,bf16,252.39910888671875,False,NVIDIA_GeForce_RTX_3090_Ti,24,
vit_large_patch16_224,224,32,fp16,247.2289276123047,False,NVIDIA_GeForce_RTX_3090_Ti,24,
vit_large_patch16_224,224,32,fp32,786.0244750976562,False,NVIDIA_GeForce_RTX_3090_Ti,24,
vit_large_patch16_224,224,64,bf16,470.1567993164063,False,NVIDIA_GeForce_RTX_3090_Ti,24,
vit_large_patch16_224,224,64,fp16,463.43988037109375,False,NVIDIA_GeForce_RTX_3090_Ti,24,
vit_large_patch16_224,224,64,fp32,7467.74169921875,False,NVIDIA_GeForce_RTX_3090_Ti,24,precision_artifact
vit_small_patch16_224,64,16,bf16,5.330431938171387,False,NVIDIA_GeForce_RTX_3090_Ti,24,
vit_small_patch16_224,64,16,fp16,4.863359928131104,False,NVIDIA_GeForce_RTX_3090_Ti,24,
vit_small_patch16_224,64,16,fp32,6.5228800773620605,False,NVIDIA_GeForce_RTX_3090_Ti,24,
vit_small_patch16_224,64,32,bf16,6.2846879959106445,False,NVIDIA_GeForce_RTX_3090_Ti,24,
vit_small_patch16_224,64,32,fp16,5.92844820022583,False,NVIDIA_GeForce_RTX_3090_Ti,24,
vit_small_patch16_224,64,32,fp32,9.775535583496094,False,NVIDIA_GeForce_RTX_3090_Ti,24,
vit_small_patch16_224,64,64,bf16,8.61849594116211,False,NVIDIA_GeForce_RTX_3090_Ti,24,
vit_small_patch16_224,64,64,fp16,8.229248046875,False,NVIDIA_GeForce_RTX_3090_Ti,24,
vit_small_patch16_224,64,64,fp32,14.815679550170898,False,NVIDIA_GeForce_RTX_3090_Ti,24,
vit_small_patch16_224,128,16,bf16,8.09558391571045,False,NVIDIA_GeForce_RTX_3090_Ti,24,
vit_small_patch16_224,128,16,fp16,7.637472152709961,False,NVIDIA_GeForce_RTX_3090_Ti,24,
vit_small_patch16_224,128,16,fp32,15.225343704223633,False,NVIDIA_GeForce_RTX_3090_Ti,24,
vit_small_patch16_224,128,32,bf16,12.54860782623291,False,NVIDIA_GeForce_RTX_3090_Ti,24,
vit_small_patch16_224,128,32,fp16,11.685376167297363,False,NVIDIA_GeForce_RTX_3090_Ti,24,
vit_small_patch16_224,128,32,fp32,25.83756828308105,False,NVIDIA_GeForce_RTX_3090_Ti,24,
vit_small_patch16_224,128,64,bf16,21.418960571289062,False,NVIDIA_GeForce_RTX_3090_Ti,24,
vit_small_patch16_224,128,64,fp16,19.9234561920166,False,NVIDIA_GeForce_RTX_3090_Ti,24,
vit_small_patch16_224,128,64,fp32,48.8535041809082,False,NVIDIA_GeForce_RTX_3090_Ti,24,
vit_small_patch16_224,224,16,bf16,16.936336517333984,False,NVIDIA_GeForce_RTX_3090_Ti,24,
vit_small_patch16_224,224,16,fp16,16.156063079833984,False,NVIDIA_GeForce_RTX_3090_Ti,24,
vit_small_patch16_224,224,16,fp32,39.82745742797852,False,NVIDIA_GeForce_RTX_3090_Ti,24,
vit_small_patch16_224,224,32,bf16,28.496383666992188,False,NVIDIA_GeForce_RTX_3090_Ti,24,
vit_small_patch16_224,224,32,fp16,27.585023880004883,False,NVIDIA_GeForce_RTX_3090_Ti,24,
vit_small_patch16_224,224,32,fp32,75.86457824707031,False,NVIDIA_GeForce_RTX_3090_Ti,24,
vit_small_patch16_224,224,64,bf16,55.0250244140625,False,NVIDIA_GeForce_RTX_3090_Ti,24,
vit_small_patch16_224,224,64,fp16,52.233646392822266,False,NVIDIA_GeForce_RTX_3090_Ti,24,
vit_small_patch16_224,224,64,fp32,156.10009765625,False,NVIDIA_GeForce_RTX_3090_Ti,24,
vit_tiny_patch16_224,64,16,bf16,3.3264479637146,False,NVIDIA_GeForce_RTX_3090_Ti,24,
vit_tiny_patch16_224,64,16,fp16,3.595263957977295,False,NVIDIA_GeForce_RTX_3090_Ti,24,
vit_tiny_patch16_224,64,16,fp32,3.5937280654907227,False,NVIDIA_GeForce_RTX_3090_Ti,24,
vit_tiny_patch16_224,64,32,bf16,4.033535957336426,False,NVIDIA_GeForce_RTX_3090_Ti,24,
vit_tiny_patch16_224,64,32,fp16,3.7411201000213614,False,NVIDIA_GeForce_RTX_3090_Ti,24,
vit_tiny_patch16_224,64,32,fp32,4.858784198760986,False,NVIDIA_GeForce_RTX_3090_Ti,24,
vit_tiny_patch16_224,64,64,bf16,5.323264122009277,False,NVIDIA_GeForce_RTX_3090_Ti,24,
vit_tiny_patch16_224,64,64,fp16,4.591104030609131,False,NVIDIA_GeForce_RTX_3090_Ti,24,
vit_tiny_patch16_224,64,64,fp32,6.761983871459961,False,NVIDIA_GeForce_RTX_3090_Ti,24,
vit_tiny_patch16_224,128,16,bf16,6.742015838623047,False,NVIDIA_GeForce_RTX_3090_Ti,24,
vit_tiny_patch16_224,128,16,fp16,5.6550397872924805,False,NVIDIA_GeForce_RTX_3090_Ti,24,
vit_tiny_patch16_224,128,16,fp32,7.080448150634766,False,NVIDIA_GeForce_RTX_3090_Ti,24,
vit_tiny_patch16_224,128,32,bf16,6.247280120849609,False,NVIDIA_GeForce_RTX_3090_Ti,24,
vit_tiny_patch16_224,128,32,fp16,6.0845441818237305,False,NVIDIA_GeForce_RTX_3090_Ti,24,
vit_tiny_patch16_224,128,32,fp32,11.25171184539795,False,NVIDIA_GeForce_RTX_3090_Ti,24,
vit_tiny_patch16_224,128,64,bf16,9.653200149536133,False,NVIDIA_GeForce_RTX_3090_Ti,24,
vit_tiny_patch16_224,128,64,fp16,9.41823959350586,False,NVIDIA_GeForce_RTX_3090_Ti,24,
vit_tiny_patch16_224,128,64,fp32,19.34694480895996,False,NVIDIA_GeForce_RTX_3090_Ti,24,
vit_tiny_patch16_224,224,16,bf16,8.034815788269043,False,NVIDIA_GeForce_RTX_3090_Ti,24,
vit_tiny_patch16_224,224,16,fp16,7.451648235321045,False,NVIDIA_GeForce_RTX_3090_Ti,24,
vit_tiny_patch16_224,224,16,fp32,17.175504684448242,False,NVIDIA_GeForce_RTX_3090_Ti,24,
vit_tiny_patch16_224,224,32,bf16,13.940223693847656,False,NVIDIA_GeForce_RTX_3090_Ti,24,
vit_tiny_patch16_224,224,32,fp16,13.074432373046877,False,NVIDIA_GeForce_RTX_3090_Ti,24,
vit_tiny_patch16_224,224,32,fp32,30.181888580322266,False,NVIDIA_GeForce_RTX_3090_Ti,24,
vit_tiny_patch16_224,224,64,bf16,25.91326332092285,False,NVIDIA_GeForce_RTX_3090_Ti,24,
vit_tiny_patch16_224,224,64,fp16,23.39276885986328,False,NVIDIA_GeForce_RTX_3090_Ti,24,
vit_tiny_patch16_224,224,64,fp32,57.63679885864258,False,NVIDIA_GeForce_RTX_3090_Ti,24,
wide_resnet101_2,64,16,bf16,22.08307266235352,False,NVIDIA_GeForce_RTX_3090_Ti,24,
wide_resnet101_2,64,16,fp16,21.40718460083008,False,NVIDIA_GeForce_RTX_3090_Ti,24,
wide_resnet101_2,64,16,fp32,32.611759185791016,False,NVIDIA_GeForce_RTX_3090_Ti,24,
wide_resnet101_2,64,32,bf16,28.543407440185547,False,NVIDIA_GeForce_RTX_3090_Ti,24,
wide_resnet101_2,64,32,fp16,27.12164878845215,False,NVIDIA_GeForce_RTX_3090_Ti,24,
wide_resnet101_2,64,32,fp32,38.79014587402344,False,NVIDIA_GeForce_RTX_3090_Ti,24,
wide_resnet101_2,64,64,bf16,38.34368133544922,False,NVIDIA_GeForce_RTX_3090_Ti,24,
wide_resnet101_2,64,64,fp16,34.63782501220703,False,NVIDIA_GeForce_RTX_3090_Ti,24,
wide_resnet101_2,64,64,fp32,56.71014404296875,False,NVIDIA_GeForce_RTX_3090_Ti,24,
wide_resnet101_2,128,16,bf16,35.01766586303711,False,NVIDIA_GeForce_RTX_3090_Ti,24,
wide_resnet101_2,128,16,fp16,32.94259262084961,False,NVIDIA_GeForce_RTX_3090_Ti,24,
wide_resnet101_2,128,16,fp32,48.33990478515625,False,NVIDIA_GeForce_RTX_3090_Ti,24,
wide_resnet101_2,128,32,bf16,51.37715148925781,False,NVIDIA_GeForce_RTX_3090_Ti,24,
wide_resnet101_2,128,32,fp16,48.02560043334961,False,NVIDIA_GeForce_RTX_3090_Ti,24,
wide_resnet101_2,128,32,fp32,80.94822692871094,False,NVIDIA_GeForce_RTX_3090_Ti,24,
wide_resnet101_2,128,64,bf16,88.59085083007812,False,NVIDIA_GeForce_RTX_3090_Ti,24,
wide_resnet101_2,128,64,fp16,82.38179016113281,False,NVIDIA_GeForce_RTX_3090_Ti,24,
wide_resnet101_2,128,64,fp32,144.0860137939453,False,NVIDIA_GeForce_RTX_3090_Ti,24,
wide_resnet101_2,224,16,bf16,73.64147186279297,False,NVIDIA_GeForce_RTX_3090_Ti,24,
wide_resnet101_2,224,16,fp16,68.62592315673828,False,NVIDIA_GeForce_RTX_3090_Ti,24,
wide_resnet101_2,224,16,fp32,118.65856170654295,False,NVIDIA_GeForce_RTX_3090_Ti,24,
wide_resnet101_2,224,32,bf16,126.82189178466795,False,NVIDIA_GeForce_RTX_3090_Ti,24,
wide_resnet101_2,224,32,fp16,117.42463684082033,False,NVIDIA_GeForce_RTX_3090_Ti,24,
wide_resnet101_2,224,32,fp32,219.42630004882807,False,NVIDIA_GeForce_RTX_3090_Ti,24,
wide_resnet101_2,224,64,bf16,232.9855194091797,False,NVIDIA_GeForce_RTX_3090_Ti,24,
wide_resnet101_2,224,64,fp16,215.7209625244141,False,NVIDIA_GeForce_RTX_3090_Ti,24,
wide_resnet101_2,224,64,fp32,423.32415771484375,False,NVIDIA_GeForce_RTX_3090_Ti,24,
xcit_small_12_p16_224,64,16,bf16,9.934335708618164,False,NVIDIA_GeForce_RTX_3090_Ti,24,
xcit_small_12_p16_224,64,16,fp16,9.649663925170898,False,NVIDIA_GeForce_RTX_3090_Ti,24,
xcit_small_12_p16_224,64,16,fp32,10.935791969299316,False,NVIDIA_GeForce_RTX_3090_Ti,24,
xcit_small_12_p16_224,64,32,bf16,12.199935913085938,False,NVIDIA_GeForce_RTX_3090_Ti,24,
xcit_small_12_p16_224,64,32,fp16,11.657183647155762,False,NVIDIA_GeForce_RTX_3090_Ti,24,
xcit_small_12_p16_224,64,32,fp32,16.17919921875,False,NVIDIA_GeForce_RTX_3090_Ti,24,
xcit_small_12_p16_224,64,64,bf16,16.35327911376953,False,NVIDIA_GeForce_RTX_3090_Ti,24,
xcit_small_12_p16_224,64,64,fp16,15.70355224609375,False,NVIDIA_GeForce_RTX_3090_Ti,24,
xcit_small_12_p16_224,64,64,fp32,24.67686462402344,False,NVIDIA_GeForce_RTX_3090_Ti,24,
xcit_small_12_p16_224,128,16,bf16,14.96729564666748,False,NVIDIA_GeForce_RTX_3090_Ti,24,
xcit_small_12_p16_224,128,16,fp16,14.355456352233888,False,NVIDIA_GeForce_RTX_3090_Ti,24,
xcit_small_12_p16_224,128,16,fp32,22.25152015686035,False,NVIDIA_GeForce_RTX_3090_Ti,24,
xcit_small_12_p16_224,128,32,bf16,23.498239517211918,False,NVIDIA_GeForce_RTX_3090_Ti,24,
xcit_small_12_p16_224,128,32,fp16,22.094335556030277,False,NVIDIA_GeForce_RTX_3090_Ti,24,
xcit_small_12_p16_224,128,32,fp32,35.757568359375,False,NVIDIA_GeForce_RTX_3090_Ti,24,
xcit_small_12_p16_224,128,64,bf16,41.77254486083984,False,NVIDIA_GeForce_RTX_3090_Ti,24,
xcit_small_12_p16_224,128,64,fp16,39.93600082397461,False,NVIDIA_GeForce_RTX_3090_Ti,24,
xcit_small_12_p16_224,128,64,fp32,67.20665740966797,False,NVIDIA_GeForce_RTX_3090_Ti,24,
xcit_small_12_p16_224,224,16,bf16,32.14080047607422,False,NVIDIA_GeForce_RTX_3090_Ti,24,
xcit_small_12_p16_224,224,16,fp16,31.382400512695312,False,NVIDIA_GeForce_RTX_3090_Ti,24,
xcit_small_12_p16_224,224,16,fp32,52.33305740356445,False,NVIDIA_GeForce_RTX_3090_Ti,24,
xcit_small_12_p16_224,224,32,bf16,58.15545654296875,False,NVIDIA_GeForce_RTX_3090_Ti,24,
xcit_small_12_p16_224,224,32,fp16,56.51865768432617,False,NVIDIA_GeForce_RTX_3090_Ti,24,
xcit_small_12_p16_224,224,32,fp32,100.75275421142578,False,NVIDIA_GeForce_RTX_3090_Ti,24,
xcit_small_12_p16_224,224,64,bf16,112.04595184326172,False,NVIDIA_GeForce_RTX_3090_Ti,24,
xcit_small_12_p16_224,224,64,fp16,107.51538848876952,False,NVIDIA_GeForce_RTX_3090_Ti,24,
xcit_small_12_p16_224,224,64,fp32,198.0748443603516,False,NVIDIA_GeForce_RTX_3090_Ti,24,
xcit_tiny_12_p16_224,64,16,bf16,7.539711952209473,False,NVIDIA_GeForce_RTX_3090_Ti,24,
xcit_tiny_12_p16_224,64,16,fp16,7.215616226196289,False,NVIDIA_GeForce_RTX_3090_Ti,24,
xcit_tiny_12_p16_224,64,16,fp32,7.051199913024902,False,NVIDIA_GeForce_RTX_3090_Ti,24,
xcit_tiny_12_p16_224,64,32,bf16,8.944640159606934,False,NVIDIA_GeForce_RTX_3090_Ti,24,
xcit_tiny_12_p16_224,64,32,fp16,8.722335815429688,False,NVIDIA_GeForce_RTX_3090_Ti,24,
xcit_tiny_12_p16_224,64,32,fp32,11.670384407043455,False,NVIDIA_GeForce_RTX_3090_Ti,24,
xcit_tiny_12_p16_224,64,64,bf16,10.381744384765623,False,NVIDIA_GeForce_RTX_3090_Ti,24,
xcit_tiny_12_p16_224,64,64,fp16,9.972736358642578,False,NVIDIA_GeForce_RTX_3090_Ti,24,
xcit_tiny_12_p16_224,64,64,fp32,12.619263648986816,False,NVIDIA_GeForce_RTX_3090_Ti,24,
xcit_tiny_12_p16_224,128,16,bf16,9.869215965270996,False,NVIDIA_GeForce_RTX_3090_Ti,24,
xcit_tiny_12_p16_224,128,16,fp16,10.371071815490724,False,NVIDIA_GeForce_RTX_3090_Ti,24,
xcit_tiny_12_p16_224,128,16,fp32,11.388928413391112,False,NVIDIA_GeForce_RTX_3090_Ti,24,
xcit_tiny_12_p16_224,128,32,bf16,12.94279956817627,False,NVIDIA_GeForce_RTX_3090_Ti,24,
xcit_tiny_12_p16_224,128,32,fp16,12.614656448364258,False,NVIDIA_GeForce_RTX_3090_Ti,24,
xcit_tiny_12_p16_224,128,32,fp32,17.234432220458984,False,NVIDIA_GeForce_RTX_3090_Ti,24,
xcit_tiny_12_p16_224,128,64,bf16,20.244991302490234,False,NVIDIA_GeForce_RTX_3090_Ti,24,
xcit_tiny_12_p16_224,128,64,fp16,19.84000015258789,False,NVIDIA_GeForce_RTX_3090_Ti,24,
xcit_tiny_12_p16_224,128,64,fp32,29.143552780151367,False,NVIDIA_GeForce_RTX_3090_Ti,24,
xcit_tiny_12_p16_224,224,16,bf16,16.714752197265625,False,NVIDIA_GeForce_RTX_3090_Ti,24,
xcit_tiny_12_p16_224,224,16,fp16,16.208736419677734,False,NVIDIA_GeForce_RTX_3090_Ti,24,
xcit_tiny_12_p16_224,224,16,fp32,23.122943878173828,False,NVIDIA_GeForce_RTX_3090_Ti,24,
xcit_tiny_12_p16_224,224,32,bf16,29.42361640930176,False,NVIDIA_GeForce_RTX_3090_Ti,24,
xcit_tiny_12_p16_224,224,32,fp16,28.659616470336918,False,NVIDIA_GeForce_RTX_3090_Ti,24,
xcit_tiny_12_p16_224,224,32,fp32,42.69670486450195,False,NVIDIA_GeForce_RTX_3090_Ti,24,
xcit_tiny_12_p16_224,224,64,bf16,55.76089477539063,False,NVIDIA_GeForce_RTX_3090_Ti,24,
xcit_tiny_12_p16_224,224,64,fp16,53.090816497802734,False,NVIDIA_GeForce_RTX_3090_Ti,24,
xcit_tiny_12_p16_224,224,64,fp32,81.56057739257812,False,NVIDIA_GeForce_RTX_3090_Ti,24,
