model,img_size,batch_size,precision,avg_time_ms,oom,gpu,vram_gb,cleanup
beit_large_patch16_224,64,16,bf16,28.746063232421875,False,NVIDIA_GeForce_RTX_5080,16,
beit_large_patch16_224,64,16,fp16,28.38232040405273,False,NVIDIA_GeForce_RTX_5080,16,
beit_large_patch16_224,64,16,fp32,41.46137619018555,False,NVIDIA_GeForce_RTX_5080,16,
beit_large_patch16_224,64,32,bf16,34.91038513183594,False,NVIDIA_GeForce_RTX_5080,16,
beit_large_patch16_224,64,32,fp16,34.78294372558594,False,NVIDIA_GeForce_RTX_5080,16,
beit_large_patch16_224,64,32,fp32,58.29235076904297,False,NVIDIA_GeForce_RTX_5080,16,
beit_large_patch16_224,64,64,bf16,45.80516815185547,False,NVIDIA_GeForce_RTX_5080,16,
beit_large_patch16_224,64,64,fp16,45.51820755004883,False,NVIDIA_GeForce_RTX_5080,16,
beit_large_patch16_224,64,64,fp32,93.03606414794922,False,NVIDIA_GeForce_RTX_5080,16,
beit_large_patch16_224,128,16,bf16,46.3087043762207,False,NVIDIA_GeForce_RTX_5080,16,
beit_large_patch16_224,128,16,fp16,46.13515090942383,False,NVIDIA_GeForce_RTX_5080,16,
beit_large_patch16_224,128,16,fp32,94.66365051269533,False,NVIDIA_GeForce_RTX_5080,16,
beit_large_patch16_224,128,32,bf16,69.3954086303711,False,NVIDIA_GeForce_RTX_5080,16,
beit_large_patch16_224,128,32,fp16,69.09407806396484,False,NVIDIA_GeForce_RTX_5080,16,
beit_large_patch16_224,128,32,fp32,161.27137756347656,False,NVIDIA_GeForce_RTX_5080,16,
beit_large_patch16_224,128,64,bf16,117.979248046875,False,NVIDIA_GeForce_RTX_5080,16,
beit_large_patch16_224,128,64,fp16,117.66095733642578,False,NVIDIA_GeForce_RTX_5080,16,
beit_large_patch16_224,128,64,fp32,291.3917236328125,False,NVIDIA_GeForce_RTX_5080,16,
beit_large_patch16_224,224,16,bf16,99.29422760009766,False,NVIDIA_GeForce_RTX_5080,16,
beit_large_patch16_224,224,16,fp16,98.58740997314452,False,NVIDIA_GeForce_RTX_5080,16,
beit_large_patch16_224,224,16,fp32,233.9949951171875,False,NVIDIA_GeForce_RTX_5080,16,
beit_large_patch16_224,224,32,bf16,181.73231506347656,False,NVIDIA_GeForce_RTX_5080,16,
beit_large_patch16_224,224,32,fp16,181.31756591796875,False,NVIDIA_GeForce_RTX_5080,16,
beit_large_patch16_224,224,32,fp32,,True,NVIDIA_GeForce_RTX_5080,16,
beit_large_patch16_224,224,64,bf16,,True,NVIDIA_GeForce_RTX_5080,16,
beit_large_patch16_224,224,64,fp16,,True,NVIDIA_GeForce_RTX_5080,16,
beit_large_patch16_224,224,64,fp32,,True,NVIDIA_GeForce_RTX_5080,16,
coatnet_0_rw_224,64,16,bf16,5.883935928344727,False,NVIDIA_GeForce_RTX_5080,16,
coatnet_0_rw_224,64,16,fp16,5.243535995483398,False,NVIDIA_GeForce_RTX_5080,16,
coatnet_0_rw_224,64,16,fp32,5.878592014312744,False,NVIDIA_GeForce_RTX_5080,16,
coatnet_0_rw_224,64,32,bf16,6.94052791595459,False,NVIDIA_GeForce_RTX_5080,16,
coatnet_0_rw_224,64,32,fp16,6.239727973937988,False,NVIDIA_GeForce_RTX_5080,16,
coatnet_0_rw_224,64,32,fp32,8.026047706604004,False,NVIDIA_GeForce_RTX_5080,16,
coatnet_0_rw_224,64,64,bf16,9.78916835784912,False,NVIDIA_GeForce_RTX_5080,16,
coatnet_0_rw_224,64,64,fp16,8.63811206817627,False,NVIDIA_GeForce_RTX_5080,16,
coatnet_0_rw_224,64,64,fp32,12.443535804748535,False,NVIDIA_GeForce_RTX_5080,16,
coatnet_0_rw_224,128,16,bf16,9.656240463256836,False,NVIDIA_GeForce_RTX_5080,16,
coatnet_0_rw_224,128,16,fp16,8.30339241027832,False,NVIDIA_GeForce_RTX_5080,16,
coatnet_0_rw_224,128,16,fp32,11.452943801879885,False,NVIDIA_GeForce_RTX_5080,16,
coatnet_0_rw_224,128,32,bf16,14.760160446166992,False,NVIDIA_GeForce_RTX_5080,16,
coatnet_0_rw_224,128,32,fp16,12.349200248718262,False,NVIDIA_GeForce_RTX_5080,16,
coatnet_0_rw_224,128,32,fp32,21.1104793548584,False,NVIDIA_GeForce_RTX_5080,16,
coatnet_0_rw_224,128,64,bf16,26.328367233276367,False,NVIDIA_GeForce_RTX_5080,16,
coatnet_0_rw_224,128,64,fp16,22.509071350097656,False,NVIDIA_GeForce_RTX_5080,16,
coatnet_0_rw_224,128,64,fp32,43.12900924682617,False,NVIDIA_GeForce_RTX_5080,16,
coatnet_0_rw_224,224,16,bf16,23.31540870666504,False,NVIDIA_GeForce_RTX_5080,16,
coatnet_0_rw_224,224,16,fp16,19.308223724365234,False,NVIDIA_GeForce_RTX_5080,16,
coatnet_0_rw_224,224,16,fp32,36.48417663574219,False,NVIDIA_GeForce_RTX_5080,16,
coatnet_0_rw_224,224,32,bf16,44.200496673583984,False,NVIDIA_GeForce_RTX_5080,16,
coatnet_0_rw_224,224,32,fp16,38.14064025878906,False,NVIDIA_GeForce_RTX_5080,16,
coatnet_0_rw_224,224,32,fp32,74.20731353759766,False,NVIDIA_GeForce_RTX_5080,16,
coatnet_0_rw_224,224,64,bf16,89.69338989257812,False,NVIDIA_GeForce_RTX_5080,16,
coatnet_0_rw_224,224,64,fp16,78.59932708740234,False,NVIDIA_GeForce_RTX_5080,16,
coatnet_0_rw_224,224,64,fp32,151.94195556640625,False,NVIDIA_GeForce_RTX_5080,16,
coatnet_1_rw_224,64,16,bf16,9.501472473144531,False,NVIDIA_GeForce_RTX_5080,16,
coatnet_1_rw_224,64,16,fp16,8.590239524841309,False,NVIDIA_GeForce_RTX_5080,16,
coatnet_1_rw_224,64,16,fp32,9.64964771270752,False,NVIDIA_GeForce_RTX_5080,16,
coatnet_1_rw_224,64,32,bf16,11.617247581481934,False,NVIDIA_GeForce_RTX_5080,16,
coatnet_1_rw_224,64,32,fp16,10.612848281860352,False,NVIDIA_GeForce_RTX_5080,16,
coatnet_1_rw_224,64,32,fp32,13.719183921813965,False,NVIDIA_GeForce_RTX_5080,16,
coatnet_1_rw_224,64,64,bf16,16.681808471679688,False,NVIDIA_GeForce_RTX_5080,16,
coatnet_1_rw_224,64,64,fp16,14.886351585388184,False,NVIDIA_GeForce_RTX_5080,16,
coatnet_1_rw_224,64,64,fp32,21.66171264648437,False,NVIDIA_GeForce_RTX_5080,16,
coatnet_1_rw_224,128,16,bf16,16.44927978515625,False,NVIDIA_GeForce_RTX_5080,16,
coatnet_1_rw_224,128,16,fp16,14.27175998687744,False,NVIDIA_GeForce_RTX_5080,16,
coatnet_1_rw_224,128,16,fp32,20.46664047241211,False,NVIDIA_GeForce_RTX_5080,16,
coatnet_1_rw_224,128,32,bf16,25.62233543395996,False,NVIDIA_GeForce_RTX_5080,16,
coatnet_1_rw_224,128,32,fp16,22.210176467895508,False,NVIDIA_GeForce_RTX_5080,16,
coatnet_1_rw_224,128,32,fp32,36.8762092590332,False,NVIDIA_GeForce_RTX_5080,16,
coatnet_1_rw_224,128,64,bf16,45.82436752319336,False,NVIDIA_GeForce_RTX_5080,16,
coatnet_1_rw_224,128,64,fp16,39.66980743408203,False,NVIDIA_GeForce_RTX_5080,16,
coatnet_1_rw_224,128,64,fp32,75.12035369873047,False,NVIDIA_GeForce_RTX_5080,16,
coatnet_1_rw_224,224,16,bf16,41.777809143066406,False,NVIDIA_GeForce_RTX_5080,16,
coatnet_1_rw_224,224,16,fp16,34.996639251708984,False,NVIDIA_GeForce_RTX_5080,16,
coatnet_1_rw_224,224,16,fp32,64.51022338867188,False,NVIDIA_GeForce_RTX_5080,16,
coatnet_1_rw_224,224,32,bf16,76.59033966064453,False,NVIDIA_GeForce_RTX_5080,16,
coatnet_1_rw_224,224,32,fp16,68.4059066772461,False,NVIDIA_GeForce_RTX_5080,16,
coatnet_1_rw_224,224,32,fp32,131.58734130859375,False,NVIDIA_GeForce_RTX_5080,16,
coatnet_1_rw_224,224,64,bf16,154.79974365234375,False,NVIDIA_GeForce_RTX_5080,16,
coatnet_1_rw_224,224,64,fp16,139.98187255859375,False,NVIDIA_GeForce_RTX_5080,16,
coatnet_1_rw_224,224,64,fp32,,True,NVIDIA_GeForce_RTX_5080,16,
coatnet_2_rw_224,64,16,bf16,12.540287971496582,False,NVIDIA_GeForce_RTX_5080,16,
coatnet_2_rw_224,64,16,fp16,11.424863815307615,False,NVIDIA_GeForce_RTX_5080,16,
coatnet_2_rw_224,64,16,fp32,13.94324779510498,False,NVIDIA_GeForce_RTX_5080,16,
coatnet_2_rw_224,64,32,bf16,16.23664093017578,False,NVIDIA_GeForce_RTX_5080,16,
coatnet_2_rw_224,64,32,fp16,14.645711898803713,False,NVIDIA_GeForce_RTX_5080,16,
coatnet_2_rw_224,64,32,fp32,20.52427291870117,False,NVIDIA_GeForce_RTX_5080,16,
coatnet_2_rw_224,64,64,bf16,24.950288772583008,False,NVIDIA_GeForce_RTX_5080,16,
coatnet_2_rw_224,64,64,fp16,22.23283195495605,False,NVIDIA_GeForce_RTX_5080,16,
coatnet_2_rw_224,64,64,fp32,34.1099853515625,False,NVIDIA_GeForce_RTX_5080,16,
coatnet_2_rw_224,128,16,bf16,24.24945640563965,False,NVIDIA_GeForce_RTX_5080,16,
coatnet_2_rw_224,128,16,fp16,20.809200286865234,False,NVIDIA_GeForce_RTX_5080,16,
coatnet_2_rw_224,128,16,fp32,32.427345275878906,False,NVIDIA_GeForce_RTX_5080,16,
coatnet_2_rw_224,128,32,bf16,39.47348785400391,False,NVIDIA_GeForce_RTX_5080,16,
coatnet_2_rw_224,128,32,fp16,34.07209777832031,False,NVIDIA_GeForce_RTX_5080,16,
coatnet_2_rw_224,128,32,fp32,62.208961486816406,False,NVIDIA_GeForce_RTX_5080,16,
coatnet_2_rw_224,128,64,bf16,73.53121948242188,False,NVIDIA_GeForce_RTX_5080,16,
coatnet_2_rw_224,128,64,fp16,66.27037048339844,False,NVIDIA_GeForce_RTX_5080,16,
coatnet_2_rw_224,128,64,fp32,122.21243286132812,False,NVIDIA_GeForce_RTX_5080,16,
coatnet_2_rw_224,224,16,bf16,64.64091491699219,False,NVIDIA_GeForce_RTX_5080,16,
coatnet_2_rw_224,224,16,fp16,54.79904174804688,False,NVIDIA_GeForce_RTX_5080,16,
coatnet_2_rw_224,224,16,fp32,102.78892517089844,False,NVIDIA_GeForce_RTX_5080,16,
coatnet_2_rw_224,224,32,bf16,120.91729736328124,False,NVIDIA_GeForce_RTX_5080,16,
coatnet_2_rw_224,224,32,fp16,108.05083465576172,False,NVIDIA_GeForce_RTX_5080,16,
coatnet_2_rw_224,224,32,fp32,,True,NVIDIA_GeForce_RTX_5080,16,
coatnet_2_rw_224,224,64,bf16,,True,NVIDIA_GeForce_RTX_5080,16,
coatnet_2_rw_224,224,64,fp16,,True,NVIDIA_GeForce_RTX_5080,16,
coatnet_2_rw_224,224,64,fp32,,True,NVIDIA_GeForce_RTX_5080,16,
convnext_base,64,16,bf16,12.115360260009766,False,NVIDIA_GeForce_RTX_5080,16,
convnext_base,64,16,fp16,12.052911758422852,False,NVIDIA_GeForce_RTX_5080,16,
convnext_base,64,16,fp32,16.549232482910156,False,NVIDIA_GeForce_RTX_5080,16,
convnext_base,64,32,bf16,13.963680267333984,False,NVIDIA_GeForce_RTX_5080,16,
convnext_base,64,32,fp16,13.913007736206056,False,NVIDIA_GeForce_RTX_5080,16,
convnext_base,64,32,fp32,24.20684814453125,False,NVIDIA_GeForce_RTX_5080,16,
convnext_base,64,64,bf16,18.34726333618164,False,NVIDIA_GeForce_RTX_5080,16,
convnext_base,64,64,fp16,18.510704040527344,False,NVIDIA_GeForce_RTX_5080,16,
convnext_base,64,64,fp32,35.96539306640625,False,NVIDIA_GeForce_RTX_5080,16,
convnext_base,128,16,bf16,18.140016555786133,False,NVIDIA_GeForce_RTX_5080,16,
convnext_base,128,16,fp16,17.889312744140625,False,NVIDIA_GeForce_RTX_5080,16,
convnext_base,128,16,fp32,39.20497512817383,False,NVIDIA_GeForce_RTX_5080,16,
convnext_base,128,32,bf16,26.1756649017334,False,NVIDIA_GeForce_RTX_5080,16,
convnext_base,128,32,fp16,26.249135971069336,False,NVIDIA_GeForce_RTX_5080,16,
convnext_base,128,32,fp32,72.30503845214844,False,NVIDIA_GeForce_RTX_5080,16,
convnext_base,128,64,bf16,43.85827255249024,False,NVIDIA_GeForce_RTX_5080,16,
convnext_base,128,64,fp16,44.2802734375,False,NVIDIA_GeForce_RTX_5080,16,
convnext_base,128,64,fp32,141.90037536621094,False,NVIDIA_GeForce_RTX_5080,16,
convnext_base,224,16,bf16,35.414161682128906,False,NVIDIA_GeForce_RTX_5080,16,
convnext_base,224,16,fp16,35.75187301635742,False,NVIDIA_GeForce_RTX_5080,16,
convnext_base,224,16,fp32,116.4408950805664,False,NVIDIA_GeForce_RTX_5080,16,
convnext_base,224,32,bf16,64.07628631591797,False,NVIDIA_GeForce_RTX_5080,16,
convnext_base,224,32,fp16,63.74980926513672,False,NVIDIA_GeForce_RTX_5080,16,
convnext_base,224,32,fp32,234.60520935058597,False,NVIDIA_GeForce_RTX_5080,16,
convnext_base,224,64,bf16,126.80187225341795,False,NVIDIA_GeForce_RTX_5080,16,
convnext_base,224,64,fp16,125.86370849609376,False,NVIDIA_GeForce_RTX_5080,16,
convnext_base,224,64,fp32,,True,NVIDIA_GeForce_RTX_5080,16,
convnext_large,64,16,bf16,20.30718421936035,False,NVIDIA_GeForce_RTX_5080,16,
convnext_large,64,16,fp16,20.19977569580078,False,NVIDIA_GeForce_RTX_5080,16,
convnext_large,64,16,fp32,29.16644859313965,False,NVIDIA_GeForce_RTX_5080,16,
convnext_large,64,32,bf16,24.01473617553711,False,NVIDIA_GeForce_RTX_5080,16,
convnext_large,64,32,fp16,23.959535598754883,False,NVIDIA_GeForce_RTX_5080,16,
convnext_large,64,32,fp32,41.4516487121582,False,NVIDIA_GeForce_RTX_5080,16,
convnext_large,64,64,bf16,31.66654396057129,False,NVIDIA_GeForce_RTX_5080,16,
convnext_large,64,64,fp16,31.50931167602539,False,NVIDIA_GeForce_RTX_5080,16,
convnext_large,64,64,fp32,67.32550048828125,False,NVIDIA_GeForce_RTX_5080,16,
convnext_large,128,16,bf16,31.405872344970703,False,NVIDIA_GeForce_RTX_5080,16,
convnext_large,128,16,fp16,31.28945541381836,False,NVIDIA_GeForce_RTX_5080,16,
convnext_large,128,16,fp32,74.34646606445312,False,NVIDIA_GeForce_RTX_5080,16,
convnext_large,128,32,bf16,46.53539276123047,False,NVIDIA_GeForce_RTX_5080,16,
convnext_large,128,32,fp16,46.27668762207031,False,NVIDIA_GeForce_RTX_5080,16,
convnext_large,128,32,fp32,138.63966369628906,False,NVIDIA_GeForce_RTX_5080,16,
convnext_large,128,64,bf16,81.10562896728516,False,NVIDIA_GeForce_RTX_5080,16,
convnext_large,128,64,fp16,80.74565124511719,False,NVIDIA_GeForce_RTX_5080,16,
convnext_large,128,64,fp32,266.42926025390625,False,NVIDIA_GeForce_RTX_5080,16,
convnext_large,224,16,bf16,64.1806411743164,False,NVIDIA_GeForce_RTX_5080,16,
convnext_large,224,16,fp16,63.984336853027344,False,NVIDIA_GeForce_RTX_5080,16,
convnext_large,224,16,fp32,221.04244995117188,False,NVIDIA_GeForce_RTX_5080,16,
convnext_large,224,32,bf16,117.31878662109376,False,NVIDIA_GeForce_RTX_5080,16,
convnext_large,224,32,fp16,118.8797607421875,False,NVIDIA_GeForce_RTX_5080,16,
convnext_large,224,32,fp32,445.1353759765625,False,NVIDIA_GeForce_RTX_5080,16,
convnext_large,224,64,bf16,,True,NVIDIA_GeForce_RTX_5080,16,
convnext_large,224,64,fp16,,True,NVIDIA_GeForce_RTX_5080,16,
convnext_large,224,64,fp32,,True,NVIDIA_GeForce_RTX_5080,16,
convnext_small,64,16,bf16,11.197952270507812,False,NVIDIA_GeForce_RTX_5080,16,
convnext_small,64,16,fp16,11.041343688964844,False,NVIDIA_GeForce_RTX_5080,16,
convnext_small,64,16,fp32,12.31003189086914,False,NVIDIA_GeForce_RTX_5080,16,
convnext_small,64,32,bf16,14.141231536865234,False,NVIDIA_GeForce_RTX_5080,16,
convnext_small,64,32,fp16,14.045151710510254,False,NVIDIA_GeForce_RTX_5080,16,
convnext_small,64,32,fp32,17.73414421081543,False,NVIDIA_GeForce_RTX_5080,16,
convnext_small,64,64,bf16,20.215103149414062,False,NVIDIA_GeForce_RTX_5080,16,
convnext_small,64,64,fp16,20.11087989807129,False,NVIDIA_GeForce_RTX_5080,16,
convnext_small,64,64,fp32,27.047727584838867,False,NVIDIA_GeForce_RTX_5080,16,
convnext_small,128,16,bf16,13.211888313293455,False,NVIDIA_GeForce_RTX_5080,16,
convnext_small,128,16,fp16,12.91214370727539,False,NVIDIA_GeForce_RTX_5080,16,
convnext_small,128,16,fp32,29.8702392578125,False,NVIDIA_GeForce_RTX_5080,16,
convnext_small,128,32,bf16,18.58883285522461,False,NVIDIA_GeForce_RTX_5080,16,
convnext_small,128,32,fp16,18.4300479888916,False,NVIDIA_GeForce_RTX_5080,16,
convnext_small,128,32,fp32,51.23015975952149,False,NVIDIA_GeForce_RTX_5080,16,
convnext_small,128,64,bf16,30.25307273864746,False,NVIDIA_GeForce_RTX_5080,16,
convnext_small,128,64,fp16,29.96678352355957,False,NVIDIA_GeForce_RTX_5080,16,
convnext_small,128,64,fp32,100.08395385742188,False,NVIDIA_GeForce_RTX_5080,16,
convnext_small,224,16,bf16,24.47177505493164,False,NVIDIA_GeForce_RTX_5080,16,
convnext_small,224,16,fp16,24.32926368713379,False,NVIDIA_GeForce_RTX_5080,16,
convnext_small,224,16,fp32,81.67124938964844,False,NVIDIA_GeForce_RTX_5080,16,
convnext_small,224,32,bf16,43.11713409423828,False,NVIDIA_GeForce_RTX_5080,16,
convnext_small,224,32,fp16,43.36129760742188,False,NVIDIA_GeForce_RTX_5080,16,
convnext_small,224,32,fp32,163.01918029785156,False,NVIDIA_GeForce_RTX_5080,16,
convnext_small,224,64,bf16,83.83881378173828,False,NVIDIA_GeForce_RTX_5080,16,
convnext_small,224,64,fp16,83.66795349121094,False,NVIDIA_GeForce_RTX_5080,16,
convnext_small,224,64,fp32,336.6888427734375,False,NVIDIA_GeForce_RTX_5080,16,
convnext_tiny,64,16,bf16,6.874959945678711,False,NVIDIA_GeForce_RTX_5080,16,
convnext_tiny,64,16,fp16,6.799776077270508,False,NVIDIA_GeForce_RTX_5080,16,
convnext_tiny,64,16,fp32,6.854400157928467,False,NVIDIA_GeForce_RTX_5080,16,
convnext_tiny,64,32,bf16,9.583840370178224,False,NVIDIA_GeForce_RTX_5080,16,
convnext_tiny,64,32,fp16,9.425359725952148,False,NVIDIA_GeForce_RTX_5080,16,
convnext_tiny,64,32,fp32,10.231648445129396,False,NVIDIA_GeForce_RTX_5080,16,
convnext_tiny,64,64,bf16,14.64463996887207,False,NVIDIA_GeForce_RTX_5080,16,
convnext_tiny,64,64,fp16,14.495231628417969,False,NVIDIA_GeForce_RTX_5080,16,
convnext_tiny,64,64,fp32,16.238384246826172,False,NVIDIA_GeForce_RTX_5080,16,
convnext_tiny,128,16,bf16,7.507184028625488,False,NVIDIA_GeForce_RTX_5080,16,
convnext_tiny,128,16,fp16,7.397071838378906,False,NVIDIA_GeForce_RTX_5080,16,
convnext_tiny,128,16,fp32,17.90230369567871,False,NVIDIA_GeForce_RTX_5080,16,
convnext_tiny,128,32,bf16,10.997360229492188,False,NVIDIA_GeForce_RTX_5080,16,
convnext_tiny,128,32,fp16,11.011568069458008,False,NVIDIA_GeForce_RTX_5080,16,
convnext_tiny,128,32,fp32,32.24252700805664,False,NVIDIA_GeForce_RTX_5080,16,
convnext_tiny,128,64,bf16,18.629375457763672,False,NVIDIA_GeForce_RTX_5080,16,
convnext_tiny,128,64,fp16,18.450624465942383,False,NVIDIA_GeForce_RTX_5080,16,
convnext_tiny,128,64,fp32,63.90339279174805,False,NVIDIA_GeForce_RTX_5080,16,
convnext_tiny,224,16,bf16,14.82158374786377,False,NVIDIA_GeForce_RTX_5080,16,
convnext_tiny,224,16,fp16,14.711392402648926,False,NVIDIA_GeForce_RTX_5080,16,
convnext_tiny,224,16,fp32,50.60657501220703,False,NVIDIA_GeForce_RTX_5080,16,
convnext_tiny,224,32,bf16,27.09996795654297,False,NVIDIA_GeForce_RTX_5080,16,
convnext_tiny,224,32,fp16,26.529136657714844,False,NVIDIA_GeForce_RTX_5080,16,
convnext_tiny,224,32,fp32,102.3533935546875,False,NVIDIA_GeForce_RTX_5080,16,
convnext_tiny,224,64,bf16,53.07804870605469,False,NVIDIA_GeForce_RTX_5080,16,
convnext_tiny,224,64,fp16,52.995567321777344,False,NVIDIA_GeForce_RTX_5080,16,
convnext_tiny,224,64,fp32,210.73757934570312,False,NVIDIA_GeForce_RTX_5080,16,
convnextv2_base,64,16,bf16,14.971440315246582,False,NVIDIA_GeForce_RTX_5080,16,
convnextv2_base,64,16,fp16,14.788895606994627,False,NVIDIA_GeForce_RTX_5080,16,
convnextv2_base,64,16,fp32,19.00160026550293,False,NVIDIA_GeForce_RTX_5080,16,
convnextv2_base,64,32,bf16,18.325023651123047,False,NVIDIA_GeForce_RTX_5080,16,
convnextv2_base,64,32,fp16,18.270448684692383,False,NVIDIA_GeForce_RTX_5080,16,
convnextv2_base,64,32,fp32,27.972368240356445,False,NVIDIA_GeForce_RTX_5080,16,
convnextv2_base,64,64,bf16,26.53084754943848,False,NVIDIA_GeForce_RTX_5080,16,
convnextv2_base,64,64,fp16,26.45070457458496,False,NVIDIA_GeForce_RTX_5080,16,
convnextv2_base,64,64,fp32,43.65828704833984,False,NVIDIA_GeForce_RTX_5080,16,
convnextv2_base,128,16,bf16,26.04792022705078,False,NVIDIA_GeForce_RTX_5080,16,
convnextv2_base,128,16,fp16,26.35665512084961,False,NVIDIA_GeForce_RTX_5080,16,
convnextv2_base,128,16,fp32,46.72732925415039,False,NVIDIA_GeForce_RTX_5080,16,
convnextv2_base,128,32,bf16,45.77324676513672,False,NVIDIA_GeForce_RTX_5080,16,
convnextv2_base,128,32,fp16,45.54687881469727,False,NVIDIA_GeForce_RTX_5080,16,
convnextv2_base,128,32,fp32,91.66219329833984,False,NVIDIA_GeForce_RTX_5080,16,
convnextv2_base,128,64,bf16,94.03494262695312,False,NVIDIA_GeForce_RTX_5080,16,
convnextv2_base,128,64,fp16,93.86383819580078,False,NVIDIA_GeForce_RTX_5080,16,
convnextv2_base,128,64,fp32,192.04840087890625,False,NVIDIA_GeForce_RTX_5080,16,
convnextv2_base,224,16,bf16,70.73308563232422,False,NVIDIA_GeForce_RTX_5080,16,
convnextv2_base,224,16,fp16,70.69795227050781,False,NVIDIA_GeForce_RTX_5080,16,
convnextv2_base,224,16,fp32,152.15966796875,False,NVIDIA_GeForce_RTX_5080,16,
convnextv2_base,224,32,bf16,152.85899353027344,False,NVIDIA_GeForce_RTX_5080,16,
convnextv2_base,224,32,fp16,152.4820098876953,False,NVIDIA_GeForce_RTX_5080,16,
convnextv2_base,224,32,fp32,323.8531188964844,False,NVIDIA_GeForce_RTX_5080,16,
convnextv2_base,224,64,bf16,,True,NVIDIA_GeForce_RTX_5080,16,
convnextv2_base,224,64,fp16,,True,NVIDIA_GeForce_RTX_5080,16,
convnextv2_base,224,64,fp32,,True,NVIDIA_GeForce_RTX_5080,16,
deit_base_patch16_224,64,16,bf16,8.961152076721191,False,NVIDIA_GeForce_RTX_5080,16,
deit_base_patch16_224,64,16,fp16,8.854751586914062,False,NVIDIA_GeForce_RTX_5080,16,
deit_base_patch16_224,64,16,fp32,13.324864387512209,False,NVIDIA_GeForce_RTX_5080,16,
deit_base_patch16_224,64,32,bf16,10.767984390258787,False,NVIDIA_GeForce_RTX_5080,16,
deit_base_patch16_224,64,32,fp16,10.737456321716309,False,NVIDIA_GeForce_RTX_5080,16,
deit_base_patch16_224,64,32,fp32,18.06305694580078,False,NVIDIA_GeForce_RTX_5080,16,
deit_base_patch16_224,64,64,bf16,14.314623832702637,False,NVIDIA_GeForce_RTX_5080,16,
deit_base_patch16_224,64,64,fp16,14.271360397338867,False,NVIDIA_GeForce_RTX_5080,16,
deit_base_patch16_224,64,64,fp32,27.65595245361328,False,NVIDIA_GeForce_RTX_5080,16,
deit_base_patch16_224,128,16,bf16,13.627120018005373,False,NVIDIA_GeForce_RTX_5080,16,
deit_base_patch16_224,128,16,fp16,13.581119537353516,False,NVIDIA_GeForce_RTX_5080,16,
deit_base_patch16_224,128,16,fp32,27.57049560546875,False,NVIDIA_GeForce_RTX_5080,16,
deit_base_patch16_224,128,32,bf16,19.686111450195312,False,NVIDIA_GeForce_RTX_5080,16,
deit_base_patch16_224,128,32,fp16,19.61340713500977,False,NVIDIA_GeForce_RTX_5080,16,
deit_base_patch16_224,128,32,fp32,47.66428756713867,False,NVIDIA_GeForce_RTX_5080,16,
deit_base_patch16_224,128,64,bf16,33.21211242675781,False,NVIDIA_GeForce_RTX_5080,16,
deit_base_patch16_224,128,64,fp16,33.17967987060547,False,NVIDIA_GeForce_RTX_5080,16,
deit_base_patch16_224,128,64,fp32,87.59435272216797,False,NVIDIA_GeForce_RTX_5080,16,
deit_base_patch16_224,224,16,bf16,27.11355209350586,False,NVIDIA_GeForce_RTX_5080,16,
deit_base_patch16_224,224,16,fp16,27.04097557067871,False,NVIDIA_GeForce_RTX_5080,16,
deit_base_patch16_224,224,16,fp32,70.15401458740234,False,NVIDIA_GeForce_RTX_5080,16,
deit_base_patch16_224,224,32,bf16,48.95673751831055,False,NVIDIA_GeForce_RTX_5080,16,
deit_base_patch16_224,224,32,fp16,48.8874397277832,False,NVIDIA_GeForce_RTX_5080,16,
deit_base_patch16_224,224,32,fp32,135.82513427734375,False,NVIDIA_GeForce_RTX_5080,16,
deit_base_patch16_224,224,64,bf16,98.49398040771484,False,NVIDIA_GeForce_RTX_5080,16,
deit_base_patch16_224,224,64,fp16,98.2292938232422,False,NVIDIA_GeForce_RTX_5080,16,
deit_base_patch16_224,224,64,fp32,268.1532897949219,False,NVIDIA_GeForce_RTX_5080,16,
deit_small_patch16_224,64,16,bf16,3.9862239360809326,False,NVIDIA_GeForce_RTX_5080,16,
deit_small_patch16_224,64,16,fp16,3.915440082550049,False,NVIDIA_GeForce_RTX_5080,16,
deit_small_patch16_224,64,16,fp32,5.720448017120361,False,NVIDIA_GeForce_RTX_5080,16,
deit_small_patch16_224,64,32,bf16,4.643743991851807,False,NVIDIA_GeForce_RTX_5080,16,
deit_small_patch16_224,64,32,fp16,4.573344230651856,False,NVIDIA_GeForce_RTX_5080,16,
deit_small_patch16_224,64,32,fp32,7.499248027801514,False,NVIDIA_GeForce_RTX_5080,16,
deit_small_patch16_224,64,64,bf16,5.960383892059326,False,NVIDIA_GeForce_RTX_5080,16,
deit_small_patch16_224,64,64,fp16,5.928336143493652,False,NVIDIA_GeForce_RTX_5080,16,
deit_small_patch16_224,64,64,fp32,10.784576416015623,False,NVIDIA_GeForce_RTX_5080,16,
deit_small_patch16_224,128,16,bf16,5.6906561851501465,False,NVIDIA_GeForce_RTX_5080,16,
deit_small_patch16_224,128,16,fp16,5.6326398849487305,False,NVIDIA_GeForce_RTX_5080,16,
deit_small_patch16_224,128,16,fp32,11.064672470092772,False,NVIDIA_GeForce_RTX_5080,16,
deit_small_patch16_224,128,32,bf16,7.769375801086426,False,NVIDIA_GeForce_RTX_5080,16,
deit_small_patch16_224,128,32,fp16,7.751887798309326,False,NVIDIA_GeForce_RTX_5080,16,
deit_small_patch16_224,128,32,fp32,16.0916805267334,False,NVIDIA_GeForce_RTX_5080,16,
deit_small_patch16_224,128,64,bf16,11.693679809570312,False,NVIDIA_GeForce_RTX_5080,16,
deit_small_patch16_224,128,64,fp16,11.660367965698242,False,NVIDIA_GeForce_RTX_5080,16,
deit_small_patch16_224,128,64,fp32,30.0872802734375,False,NVIDIA_GeForce_RTX_5080,16,
deit_small_patch16_224,224,16,bf16,9.880784034729004,False,NVIDIA_GeForce_RTX_5080,16,
deit_small_patch16_224,224,16,fp16,9.759584426879885,False,NVIDIA_GeForce_RTX_5080,16,
deit_small_patch16_224,224,16,fp32,24.36908721923828,False,NVIDIA_GeForce_RTX_5080,16,
deit_small_patch16_224,224,32,bf16,16.628128051757812,False,NVIDIA_GeForce_RTX_5080,16,
deit_small_patch16_224,224,32,fp16,16.825040817260742,False,NVIDIA_GeForce_RTX_5080,16,
deit_small_patch16_224,224,32,fp32,44.83982467651367,False,NVIDIA_GeForce_RTX_5080,16,
deit_small_patch16_224,224,64,bf16,31.609071731567383,False,NVIDIA_GeForce_RTX_5080,16,
deit_small_patch16_224,224,64,fp16,31.656591415405277,False,NVIDIA_GeForce_RTX_5080,16,
deit_small_patch16_224,224,64,fp32,88.49942779541016,False,NVIDIA_GeForce_RTX_5080,16,
deit_tiny_patch16_224,64,16,bf16,2.415776014328003,False,NVIDIA_GeForce_RTX_5080,16,
deit_tiny_patch16_224,64,16,fp16,2.3186240196228027,False,NVIDIA_GeForce_RTX_5080,16,
deit_tiny_patch16_224,64,16,fp32,2.7862720489501958,False,NVIDIA_GeForce_RTX_5080,16,
deit_tiny_patch16_224,64,32,bf16,3.039616107940674,False,NVIDIA_GeForce_RTX_5080,16,
deit_tiny_patch16_224,64,32,fp16,2.858207941055298,False,NVIDIA_GeForce_RTX_5080,16,
deit_tiny_patch16_224,64,32,fp32,4.015552043914795,False,NVIDIA_GeForce_RTX_5080,16,
deit_tiny_patch16_224,64,64,bf16,3.5740320682525635,False,NVIDIA_GeForce_RTX_5080,16,
deit_tiny_patch16_224,64,64,fp16,3.565567970275879,False,NVIDIA_GeForce_RTX_5080,16,
deit_tiny_patch16_224,64,64,fp32,4.84884786605835,False,NVIDIA_GeForce_RTX_5080,16,
deit_tiny_patch16_224,128,16,bf16,3.4582080841064453,False,NVIDIA_GeForce_RTX_5080,16,
deit_tiny_patch16_224,128,16,fp16,3.3571839332580566,False,NVIDIA_GeForce_RTX_5080,16,
deit_tiny_patch16_224,128,16,fp32,5.157311916351318,False,NVIDIA_GeForce_RTX_5080,16,
deit_tiny_patch16_224,128,32,bf16,4.11624002456665,False,NVIDIA_GeForce_RTX_5080,16,
deit_tiny_patch16_224,128,32,fp16,4.060927867889404,False,NVIDIA_GeForce_RTX_5080,16,
deit_tiny_patch16_224,128,32,fp32,7.60041618347168,False,NVIDIA_GeForce_RTX_5080,16,
deit_tiny_patch16_224,128,64,bf16,5.891600131988525,False,NVIDIA_GeForce_RTX_5080,16,
deit_tiny_patch16_224,128,64,fp16,5.812079906463623,False,NVIDIA_GeForce_RTX_5080,16,
deit_tiny_patch16_224,128,64,fp32,11.955568313598633,False,NVIDIA_GeForce_RTX_5080,16,
deit_tiny_patch16_224,224,16,bf16,5.140880107879639,False,NVIDIA_GeForce_RTX_5080,16,
deit_tiny_patch16_224,224,16,fp16,5.083199977874756,False,NVIDIA_GeForce_RTX_5080,16,
deit_tiny_patch16_224,224,16,fp32,10.537568092346191,False,NVIDIA_GeForce_RTX_5080,16,
deit_tiny_patch16_224,224,32,bf16,7.999919891357422,False,NVIDIA_GeForce_RTX_5080,16,
deit_tiny_patch16_224,224,32,fp16,7.88478422164917,False,NVIDIA_GeForce_RTX_5080,16,
deit_tiny_patch16_224,224,32,fp32,17.996688842773438,False,NVIDIA_GeForce_RTX_5080,16,
deit_tiny_patch16_224,224,64,bf16,14.138704299926758,False,NVIDIA_GeForce_RTX_5080,16,
deit_tiny_patch16_224,224,64,fp16,14.037856101989746,False,NVIDIA_GeForce_RTX_5080,16,
deit_tiny_patch16_224,224,64,fp32,34.45102310180664,False,NVIDIA_GeForce_RTX_5080,16,
densenet121,64,16,bf16,7.8592000007629395,False,NVIDIA_GeForce_RTX_5080,16,
densenet121,64,16,fp16,7.798831939697266,False,NVIDIA_GeForce_RTX_5080,16,
densenet121,64,16,fp32,7.063776016235352,False,NVIDIA_GeForce_RTX_5080,16,
densenet121,64,32,bf16,10.058927536010742,False,NVIDIA_GeForce_RTX_5080,16,
densenet121,64,32,fp16,10.304880142211914,False,NVIDIA_GeForce_RTX_5080,16,
densenet121,64,32,fp32,8.575296401977539,False,NVIDIA_GeForce_RTX_5080,16,
densenet121,64,64,bf16,14.755200386047363,False,NVIDIA_GeForce_RTX_5080,16,
densenet121,64,64,fp16,13.152864456176758,False,NVIDIA_GeForce_RTX_5080,16,
densenet121,64,64,fp32,13.652000427246094,False,NVIDIA_GeForce_RTX_5080,16,
densenet121,128,16,bf16,10.764800071716309,False,NVIDIA_GeForce_RTX_5080,16,
densenet121,128,16,fp16,9.580160140991213,False,NVIDIA_GeForce_RTX_5080,16,
densenet121,128,16,fp32,10.42454433441162,False,NVIDIA_GeForce_RTX_5080,16,
densenet121,128,32,bf16,15.633440017700195,False,NVIDIA_GeForce_RTX_5080,16,
densenet121,128,32,fp16,13.55947208404541,False,NVIDIA_GeForce_RTX_5080,16,
densenet121,128,32,fp32,16.704143524169922,False,NVIDIA_GeForce_RTX_5080,16,
densenet121,128,64,bf16,24.85804748535156,False,NVIDIA_GeForce_RTX_5080,16,
densenet121,128,64,fp16,20.51862335205078,False,NVIDIA_GeForce_RTX_5080,16,
densenet121,128,64,fp32,35.76081466674805,False,NVIDIA_GeForce_RTX_5080,16,
densenet121,224,16,bf16,18.29400062561035,False,NVIDIA_GeForce_RTX_5080,16,
densenet121,224,16,fp16,15.473088264465332,False,NVIDIA_GeForce_RTX_5080,16,
densenet121,224,16,fp32,24.68948745727539,False,NVIDIA_GeForce_RTX_5080,16,
densenet121,224,32,bf16,33.16862487792969,False,NVIDIA_GeForce_RTX_5080,16,
densenet121,224,32,fp16,27.99126434326172,False,NVIDIA_GeForce_RTX_5080,16,
densenet121,224,32,fp32,50.758209228515625,False,NVIDIA_GeForce_RTX_5080,16,
densenet121,224,64,bf16,65.58020782470703,False,NVIDIA_GeForce_RTX_5080,16,
densenet121,224,64,fp16,56.77135848999024,False,NVIDIA_GeForce_RTX_5080,16,
densenet121,224,64,fp32,109.01710510253906,False,NVIDIA_GeForce_RTX_5080,16,
dm_nfnet_f1,64,16,bf16,22.000656127929688,False,NVIDIA_GeForce_RTX_5080,16,
dm_nfnet_f1,64,16,fp16,21.660480499267575,False,NVIDIA_GeForce_RTX_5080,16,
dm_nfnet_f1,64,16,fp32,34.223777770996094,False,NVIDIA_GeForce_RTX_5080,16,
dm_nfnet_f1,64,32,bf16,27.900047302246094,False,NVIDIA_GeForce_RTX_5080,16,
dm_nfnet_f1,64,32,fp16,27.36235237121582,False,NVIDIA_GeForce_RTX_5080,16,
dm_nfnet_f1,64,32,fp32,54.42289733886719,False,NVIDIA_GeForce_RTX_5080,16,
dm_nfnet_f1,64,64,bf16,42.473262786865234,False,NVIDIA_GeForce_RTX_5080,16,
dm_nfnet_f1,64,64,fp16,41.678592681884766,False,NVIDIA_GeForce_RTX_5080,16,
dm_nfnet_f1,64,64,fp32,68.67664337158203,False,NVIDIA_GeForce_RTX_5080,16,
dm_nfnet_f1,128,16,bf16,32.28615951538086,False,NVIDIA_GeForce_RTX_5080,16,
dm_nfnet_f1,128,16,fp16,29.18174362182617,False,NVIDIA_GeForce_RTX_5080,16,
dm_nfnet_f1,128,16,fp32,44.403167724609375,False,NVIDIA_GeForce_RTX_5080,16,
dm_nfnet_f1,128,32,bf16,46.17652893066406,False,NVIDIA_GeForce_RTX_5080,16,
dm_nfnet_f1,128,32,fp16,43.35798263549805,False,NVIDIA_GeForce_RTX_5080,16,
dm_nfnet_f1,128,32,fp32,73.92243194580078,False,NVIDIA_GeForce_RTX_5080,16,
dm_nfnet_f1,128,64,bf16,70.25894165039062,False,NVIDIA_GeForce_RTX_5080,16,
dm_nfnet_f1,128,64,fp16,65.53777313232422,False,NVIDIA_GeForce_RTX_5080,16,
dm_nfnet_f1,128,64,fp32,118.12659454345705,False,NVIDIA_GeForce_RTX_5080,16,
dm_nfnet_f1,224,16,bf16,53.81883239746094,False,NVIDIA_GeForce_RTX_5080,16,
dm_nfnet_f1,224,16,fp16,50.63673782348633,False,NVIDIA_GeForce_RTX_5080,16,
dm_nfnet_f1,224,16,fp32,88.66575622558594,False,NVIDIA_GeForce_RTX_5080,16,
dm_nfnet_f1,224,32,bf16,94.9213409423828,False,NVIDIA_GeForce_RTX_5080,16,
dm_nfnet_f1,224,32,fp16,91.46126556396484,False,NVIDIA_GeForce_RTX_5080,16,
dm_nfnet_f1,224,32,fp32,179.85372924804688,False,NVIDIA_GeForce_RTX_5080,16,
dm_nfnet_f1,224,64,bf16,186.0439453125,False,NVIDIA_GeForce_RTX_5080,16,
dm_nfnet_f1,224,64,fp16,180.16094970703125,False,NVIDIA_GeForce_RTX_5080,16,
dm_nfnet_f1,224,64,fp32,,True,NVIDIA_GeForce_RTX_5080,16,
efficientnet_b0,64,16,bf16,4.14134407043457,False,NVIDIA_GeForce_RTX_5080,16,
efficientnet_b0,64,16,fp16,3.731519937515259,False,NVIDIA_GeForce_RTX_5080,16,
efficientnet_b0,64,16,fp32,4.123472213745117,False,NVIDIA_GeForce_RTX_5080,16,
efficientnet_b0,64,32,bf16,5.313407897949219,False,NVIDIA_GeForce_RTX_5080,16,
efficientnet_b0,64,32,fp16,4.608880043029785,False,NVIDIA_GeForce_RTX_5080,16,
efficientnet_b0,64,32,fp32,5.506192207336426,False,NVIDIA_GeForce_RTX_5080,16,
efficientnet_b0,64,64,bf16,7.368703842163086,False,NVIDIA_GeForce_RTX_5080,16,
efficientnet_b0,64,64,fp16,6.191311836242676,False,NVIDIA_GeForce_RTX_5080,16,
efficientnet_b0,64,64,fp32,8.49846363067627,False,NVIDIA_GeForce_RTX_5080,16,
efficientnet_b0,128,16,bf16,5.8257598876953125,False,NVIDIA_GeForce_RTX_5080,16,
efficientnet_b0,128,16,fp16,4.905168056488037,False,NVIDIA_GeForce_RTX_5080,16,
efficientnet_b0,128,16,fp32,6.012639999389648,False,NVIDIA_GeForce_RTX_5080,16,
efficientnet_b0,128,32,bf16,8.684800148010254,False,NVIDIA_GeForce_RTX_5080,16,
efficientnet_b0,128,32,fp16,7.002880096435547,False,NVIDIA_GeForce_RTX_5080,16,
efficientnet_b0,128,32,fp32,9.757087707519531,False,NVIDIA_GeForce_RTX_5080,16,
efficientnet_b0,128,64,bf16,14.854512214660645,False,NVIDIA_GeForce_RTX_5080,16,
efficientnet_b0,128,64,fp16,11.878496170043944,False,NVIDIA_GeForce_RTX_5080,16,
efficientnet_b0,128,64,fp32,19.06664085388184,False,NVIDIA_GeForce_RTX_5080,16,
efficientnet_b0,224,16,bf16,11.225135803222656,False,NVIDIA_GeForce_RTX_5080,16,
efficientnet_b0,224,16,fp16,8.484399795532227,False,NVIDIA_GeForce_RTX_5080,16,
efficientnet_b0,224,16,fp32,13.322480201721191,False,NVIDIA_GeForce_RTX_5080,16,
efficientnet_b0,224,32,bf16,20.01678466796875,False,NVIDIA_GeForce_RTX_5080,16,
efficientnet_b0,224,32,fp16,15.004192352294922,False,NVIDIA_GeForce_RTX_5080,16,
efficientnet_b0,224,32,fp32,26.83577537536621,False,NVIDIA_GeForce_RTX_5080,16,
efficientnet_b0,224,64,bf16,41.02756881713867,False,NVIDIA_GeForce_RTX_5080,16,
efficientnet_b0,224,64,fp16,31.201520919799805,False,NVIDIA_GeForce_RTX_5080,16,
efficientnet_b0,224,64,fp32,56.99571228027344,False,NVIDIA_GeForce_RTX_5080,16,
efficientnet_b3,64,16,bf16,8.154399871826172,False,NVIDIA_GeForce_RTX_5080,16,
efficientnet_b3,64,16,fp16,7.157279968261719,False,NVIDIA_GeForce_RTX_5080,16,
efficientnet_b3,64,16,fp32,8.025456428527832,False,NVIDIA_GeForce_RTX_5080,16,
efficientnet_b3,64,32,bf16,10.192864418029783,False,NVIDIA_GeForce_RTX_5080,16,
efficientnet_b3,64,32,fp16,8.583663940429688,False,NVIDIA_GeForce_RTX_5080,16,
efficientnet_b3,64,32,fp32,11.458000183105469,False,NVIDIA_GeForce_RTX_5080,16,
efficientnet_b3,64,64,bf16,14.337408065795898,False,NVIDIA_GeForce_RTX_5080,16,
efficientnet_b3,64,64,fp16,11.835647583007812,False,NVIDIA_GeForce_RTX_5080,16,
efficientnet_b3,64,64,fp32,18.56505584716797,False,NVIDIA_GeForce_RTX_5080,16,
efficientnet_b3,128,16,bf16,11.38708782196045,False,NVIDIA_GeForce_RTX_5080,16,
efficientnet_b3,128,16,fp16,9.33795166015625,False,NVIDIA_GeForce_RTX_5080,16,
efficientnet_b3,128,16,fp32,11.573616027832031,False,NVIDIA_GeForce_RTX_5080,16,
efficientnet_b3,128,32,bf16,17.111040115356445,False,NVIDIA_GeForce_RTX_5080,16,
efficientnet_b3,128,32,fp16,13.591903686523438,False,NVIDIA_GeForce_RTX_5080,16,
efficientnet_b3,128,32,fp32,20.08470344543457,False,NVIDIA_GeForce_RTX_5080,16,
efficientnet_b3,128,64,bf16,30.190671920776367,False,NVIDIA_GeForce_RTX_5080,16,
efficientnet_b3,128,64,fp16,23.801328659057617,False,NVIDIA_GeForce_RTX_5080,16,
efficientnet_b3,128,64,fp32,39.26830291748047,False,NVIDIA_GeForce_RTX_5080,16,
efficientnet_b3,224,16,bf16,21.38611221313477,False,NVIDIA_GeForce_RTX_5080,16,
efficientnet_b3,224,16,fp16,15.970303535461426,False,NVIDIA_GeForce_RTX_5080,16,
efficientnet_b3,224,16,fp32,26.86308860778809,False,NVIDIA_GeForce_RTX_5080,16,
efficientnet_b3,224,32,bf16,39.44535827636719,False,NVIDIA_GeForce_RTX_5080,16,
efficientnet_b3,224,32,fp16,29.149503707885746,False,NVIDIA_GeForce_RTX_5080,16,
efficientnet_b3,224,32,fp32,54.21723175048828,False,NVIDIA_GeForce_RTX_5080,16,
efficientnet_b3,224,64,bf16,81.1316146850586,False,NVIDIA_GeForce_RTX_5080,16,
efficientnet_b3,224,64,fp16,61.328704833984375,False,NVIDIA_GeForce_RTX_5080,16,
efficientnet_b3,224,64,fp32,116.34859466552734,False,NVIDIA_GeForce_RTX_5080,16,
efficientnet_b5,64,16,bf16,14.16702365875244,False,NVIDIA_GeForce_RTX_5080,16,
efficientnet_b5,64,16,fp16,12.49071979522705,False,NVIDIA_GeForce_RTX_5080,16,
efficientnet_b5,64,16,fp32,15.559552192687988,False,NVIDIA_GeForce_RTX_5080,16,
efficientnet_b5,64,32,bf16,18.18606376647949,False,NVIDIA_GeForce_RTX_5080,16,
efficientnet_b5,64,32,fp16,15.456432342529297,False,NVIDIA_GeForce_RTX_5080,16,
efficientnet_b5,64,32,fp32,22.604400634765625,False,NVIDIA_GeForce_RTX_5080,16,
efficientnet_b5,64,64,bf16,26.93323135375977,False,NVIDIA_GeForce_RTX_5080,16,
efficientnet_b5,64,64,fp16,22.210384368896484,False,NVIDIA_GeForce_RTX_5080,16,
efficientnet_b5,64,64,fp32,35.341697692871094,False,NVIDIA_GeForce_RTX_5080,16,
efficientnet_b5,128,16,bf16,19.886192321777344,False,NVIDIA_GeForce_RTX_5080,16,
efficientnet_b5,128,16,fp16,15.814767837524414,False,NVIDIA_GeForce_RTX_5080,16,
efficientnet_b5,128,16,fp32,22.34396743774414,False,NVIDIA_GeForce_RTX_5080,16,
efficientnet_b5,128,32,bf16,30.12248039245605,False,NVIDIA_GeForce_RTX_5080,16,
efficientnet_b5,128,32,fp16,23.17622375488281,False,NVIDIA_GeForce_RTX_5080,16,
efficientnet_b5,128,32,fp32,38.432464599609375,False,NVIDIA_GeForce_RTX_5080,16,
efficientnet_b5,128,64,bf16,53.7238883972168,False,NVIDIA_GeForce_RTX_5080,16,
efficientnet_b5,128,64,fp16,41.2892951965332,False,NVIDIA_GeForce_RTX_5080,16,
efficientnet_b5,128,64,fp32,75.32405090332031,False,NVIDIA_GeForce_RTX_5080,16,
efficientnet_b5,224,16,bf16,38.02588653564453,False,NVIDIA_GeForce_RTX_5080,16,
efficientnet_b5,224,16,fp16,27.48070335388184,False,NVIDIA_GeForce_RTX_5080,16,
efficientnet_b5,224,16,fp32,51.156288146972656,False,NVIDIA_GeForce_RTX_5080,16,
efficientnet_b5,224,32,bf16,72.78092956542969,False,NVIDIA_GeForce_RTX_5080,16,
efficientnet_b5,224,32,fp16,52.08982467651367,False,NVIDIA_GeForce_RTX_5080,16,
efficientnet_b5,224,32,fp32,104.00545501708984,False,NVIDIA_GeForce_RTX_5080,16,
efficientnet_b5,224,64,bf16,149.34664916992188,False,NVIDIA_GeForce_RTX_5080,16,
efficientnet_b5,224,64,fp16,109.64579010009766,False,NVIDIA_GeForce_RTX_5080,16,
efficientnet_b5,224,64,fp32,,True,NVIDIA_GeForce_RTX_5080,16,
efficientnetv2_l,64,16,bf16,32.969120025634766,False,NVIDIA_GeForce_RTX_5080,16,
efficientnetv2_l,64,16,fp16,30.378080368041992,False,NVIDIA_GeForce_RTX_5080,16,
efficientnetv2_l,64,16,fp32,38.88833618164063,False,NVIDIA_GeForce_RTX_5080,16,
efficientnetv2_l,64,32,bf16,40.66267013549805,False,NVIDIA_GeForce_RTX_5080,16,
efficientnetv2_l,64,32,fp16,35.9195671081543,False,NVIDIA_GeForce_RTX_5080,16,
efficientnetv2_l,64,32,fp32,59.07625579833984,False,NVIDIA_GeForce_RTX_5080,16,
efficientnetv2_l,64,64,bf16,61.87438583374024,False,NVIDIA_GeForce_RTX_5080,16,
efficientnetv2_l,64,64,fp16,52.04926300048828,False,NVIDIA_GeForce_RTX_5080,16,
efficientnetv2_l,64,64,fp32,101.4684829711914,False,NVIDIA_GeForce_RTX_5080,16,
efficientnetv2_l,128,16,bf16,42.045631408691406,False,NVIDIA_GeForce_RTX_5080,16,
efficientnetv2_l,128,16,fp16,37.38694381713867,False,NVIDIA_GeForce_RTX_5080,16,
efficientnetv2_l,128,16,fp32,48.59523010253906,False,NVIDIA_GeForce_RTX_5080,16,
efficientnetv2_l,128,32,bf16,64.09031677246094,False,NVIDIA_GeForce_RTX_5080,16,
efficientnetv2_l,128,32,fp16,55.87432098388672,False,NVIDIA_GeForce_RTX_5080,16,
efficientnetv2_l,128,32,fp32,82.00768280029297,False,NVIDIA_GeForce_RTX_5080,16,
efficientnetv2_l,128,64,bf16,115.43252563476562,False,NVIDIA_GeForce_RTX_5080,16,
efficientnetv2_l,128,64,fp16,99.86001586914062,False,NVIDIA_GeForce_RTX_5080,16,
efficientnetv2_l,128,64,fp32,150.98048400878906,False,NVIDIA_GeForce_RTX_5080,16,
efficientnetv2_l,224,16,bf16,68.2264175415039,False,NVIDIA_GeForce_RTX_5080,16,
efficientnetv2_l,224,16,fp16,55.74542236328125,False,NVIDIA_GeForce_RTX_5080,16,
efficientnetv2_l,224,16,fp32,90.98788452148438,False,NVIDIA_GeForce_RTX_5080,16,
efficientnetv2_l,224,32,bf16,123.9658432006836,False,NVIDIA_GeForce_RTX_5080,16,
efficientnetv2_l,224,32,fp16,104.1079330444336,False,NVIDIA_GeForce_RTX_5080,16,
efficientnetv2_l,224,32,fp32,,True,NVIDIA_GeForce_RTX_5080,16,
efficientnetv2_l,224,64,bf16,,True,NVIDIA_GeForce_RTX_5080,16,
efficientnetv2_l,224,64,fp16,,True,NVIDIA_GeForce_RTX_5080,16,
efficientnetv2_l,224,64,fp32,,True,NVIDIA_GeForce_RTX_5080,16,
efficientnetv2_m,64,16,bf16,19.457935333251957,False,NVIDIA_GeForce_RTX_5080,16,
efficientnetv2_m,64,16,fp16,17.47939109802246,False,NVIDIA_GeForce_RTX_5080,16,
efficientnetv2_m,64,16,fp32,22.25662422180176,False,NVIDIA_GeForce_RTX_5080,16,
efficientnetv2_m,64,32,bf16,24.02788734436035,False,NVIDIA_GeForce_RTX_5080,16,
efficientnetv2_m,64,32,fp16,21.186992645263672,False,NVIDIA_GeForce_RTX_5080,16,
efficientnetv2_m,64,32,fp32,32.642799377441406,False,NVIDIA_GeForce_RTX_5080,16,
efficientnetv2_m,64,64,bf16,34.432735443115234,False,NVIDIA_GeForce_RTX_5080,16,
efficientnetv2_m,64,64,fp16,28.54363250732422,False,NVIDIA_GeForce_RTX_5080,16,
efficientnetv2_m,64,64,fp32,50.00521469116211,False,NVIDIA_GeForce_RTX_5080,16,
efficientnetv2_m,128,16,bf16,23.94609642028809,False,NVIDIA_GeForce_RTX_5080,16,
efficientnetv2_m,128,16,fp16,21.036720275878903,False,NVIDIA_GeForce_RTX_5080,16,
efficientnetv2_m,128,16,fp32,28.227407455444336,False,NVIDIA_GeForce_RTX_5080,16,
efficientnetv2_m,128,32,bf16,33.72403335571289,False,NVIDIA_GeForce_RTX_5080,16,
efficientnetv2_m,128,32,fp16,28.94337654113769,False,NVIDIA_GeForce_RTX_5080,16,
efficientnetv2_m,128,32,fp32,44.89896011352539,False,NVIDIA_GeForce_RTX_5080,16,
efficientnetv2_m,128,64,bf16,56.86617660522461,False,NVIDIA_GeForce_RTX_5080,16,
efficientnetv2_m,128,64,fp16,46.738529205322266,False,NVIDIA_GeForce_RTX_5080,16,
efficientnetv2_m,128,64,fp32,78.9727554321289,False,NVIDIA_GeForce_RTX_5080,16,
efficientnetv2_m,224,16,bf16,39.005615234375,False,NVIDIA_GeForce_RTX_5080,16,
efficientnetv2_m,224,16,fp16,32.27443313598633,False,NVIDIA_GeForce_RTX_5080,16,
efficientnetv2_m,224,16,fp32,48.51228713989258,False,NVIDIA_GeForce_RTX_5080,16,
efficientnetv2_m,224,32,bf16,67.02057647705078,False,NVIDIA_GeForce_RTX_5080,16,
efficientnetv2_m,224,32,fp16,52.87908935546875,False,NVIDIA_GeForce_RTX_5080,16,
efficientnetv2_m,224,32,fp32,91.19873809814452,False,NVIDIA_GeForce_RTX_5080,16,
efficientnetv2_m,224,64,bf16,128.02609252929688,False,NVIDIA_GeForce_RTX_5080,16,
efficientnetv2_m,224,64,fp16,101.62299346923828,False,NVIDIA_GeForce_RTX_5080,16,
efficientnetv2_m,224,64,fp32,,True,NVIDIA_GeForce_RTX_5080,16,
efficientnetv2_s,64,16,bf16,10.571647644042969,False,NVIDIA_GeForce_RTX_5080,16,
efficientnetv2_s,64,16,fp16,9.590304374694824,False,NVIDIA_GeForce_RTX_5080,16,
efficientnetv2_s,64,16,fp32,11.142496109008787,False,NVIDIA_GeForce_RTX_5080,16,
efficientnetv2_s,64,32,bf16,13.030863761901855,False,NVIDIA_GeForce_RTX_5080,16,
efficientnetv2_s,64,32,fp16,11.62399959564209,False,NVIDIA_GeForce_RTX_5080,16,
efficientnetv2_s,64,32,fp32,16.801424026489258,False,NVIDIA_GeForce_RTX_5080,16,
efficientnetv2_s,64,64,bf16,18.31977653503418,False,NVIDIA_GeForce_RTX_5080,16,
efficientnetv2_s,64,64,fp16,15.425984382629396,False,NVIDIA_GeForce_RTX_5080,16,
efficientnetv2_s,64,64,fp32,26.792991638183597,False,NVIDIA_GeForce_RTX_5080,16,
efficientnetv2_s,128,16,bf16,13.618656158447266,False,NVIDIA_GeForce_RTX_5080,16,
efficientnetv2_s,128,16,fp16,11.948816299438477,False,NVIDIA_GeForce_RTX_5080,16,
efficientnetv2_s,128,16,fp32,14.44548797607422,False,NVIDIA_GeForce_RTX_5080,16,
efficientnetv2_s,128,32,bf16,19.408016204833984,False,NVIDIA_GeForce_RTX_5080,16,
efficientnetv2_s,128,32,fp16,16.447391510009766,False,NVIDIA_GeForce_RTX_5080,16,
efficientnetv2_s,128,32,fp32,24.59444808959961,False,NVIDIA_GeForce_RTX_5080,16,
efficientnetv2_s,128,64,bf16,34.14585494995117,False,NVIDIA_GeForce_RTX_5080,16,
efficientnetv2_s,128,64,fp16,28.786767959594727,False,NVIDIA_GeForce_RTX_5080,16,
efficientnetv2_s,128,64,fp32,43.85006332397461,False,NVIDIA_GeForce_RTX_5080,16,
efficientnetv2_s,224,16,bf16,22.480064392089844,False,NVIDIA_GeForce_RTX_5080,16,
efficientnetv2_s,224,16,fp16,18.14009666442871,False,NVIDIA_GeForce_RTX_5080,16,
efficientnetv2_s,224,16,fp32,28.05774307250977,False,NVIDIA_GeForce_RTX_5080,16,
efficientnetv2_s,224,32,bf16,37.839473724365234,False,NVIDIA_GeForce_RTX_5080,16,
efficientnetv2_s,224,32,fp16,30.02471923828125,False,NVIDIA_GeForce_RTX_5080,16,
efficientnetv2_s,224,32,fp32,52.47265625,False,NVIDIA_GeForce_RTX_5080,16,
efficientnetv2_s,224,64,bf16,73.77180480957031,False,NVIDIA_GeForce_RTX_5080,16,
efficientnetv2_s,224,64,fp16,58.66164779663086,False,NVIDIA_GeForce_RTX_5080,16,
efficientnetv2_s,224,64,fp32,114.78404998779295,False,NVIDIA_GeForce_RTX_5080,16,
fastvit_t12,64,16,bf16,5.226255893707275,False,NVIDIA_GeForce_RTX_5080,16,
fastvit_t12,64,16,fp16,4.873775959014893,False,NVIDIA_GeForce_RTX_5080,16,
fastvit_t12,64,16,fp32,5.168528079986572,False,NVIDIA_GeForce_RTX_5080,16,
fastvit_t12,64,32,bf16,6.750319957733154,False,NVIDIA_GeForce_RTX_5080,16,
fastvit_t12,64,32,fp16,6.104000091552734,False,NVIDIA_GeForce_RTX_5080,16,
fastvit_t12,64,32,fp32,7.576288223266602,False,NVIDIA_GeForce_RTX_5080,16,
fastvit_t12,64,64,bf16,10.086640357971191,False,NVIDIA_GeForce_RTX_5080,16,
fastvit_t12,64,64,fp16,8.867792129516602,False,NVIDIA_GeForce_RTX_5080,16,
fastvit_t12,64,64,fp32,11.564096450805664,False,NVIDIA_GeForce_RTX_5080,16,
fastvit_t12,128,16,bf16,7.858975887298584,False,NVIDIA_GeForce_RTX_5080,16,
fastvit_t12,128,16,fp16,6.94052791595459,False,NVIDIA_GeForce_RTX_5080,16,
fastvit_t12,128,16,fp32,7.720928192138672,False,NVIDIA_GeForce_RTX_5080,16,
fastvit_t12,128,32,bf16,11.995583534240724,False,NVIDIA_GeForce_RTX_5080,16,
fastvit_t12,128,32,fp16,10.480863571166992,False,NVIDIA_GeForce_RTX_5080,16,
fastvit_t12,128,32,fp32,13.675600051879885,False,NVIDIA_GeForce_RTX_5080,16,
fastvit_t12,128,64,bf16,21.540159225463867,False,NVIDIA_GeForce_RTX_5080,16,
fastvit_t12,128,64,fp16,18.94316864013672,False,NVIDIA_GeForce_RTX_5080,16,
fastvit_t12,128,64,fp32,25.659423828125,False,NVIDIA_GeForce_RTX_5080,16,
fastvit_t12,224,16,bf16,16.682687759399414,False,NVIDIA_GeForce_RTX_5080,16,
fastvit_t12,224,16,fp16,14.49892807006836,False,NVIDIA_GeForce_RTX_5080,16,
fastvit_t12,224,16,fp32,18.10606384277344,False,NVIDIA_GeForce_RTX_5080,16,
fastvit_t12,224,32,bf16,31.62468719482422,False,NVIDIA_GeForce_RTX_5080,16,
fastvit_t12,224,32,fp16,27.476816177368164,False,NVIDIA_GeForce_RTX_5080,16,
fastvit_t12,224,32,fp32,36.96673583984375,False,NVIDIA_GeForce_RTX_5080,16,
fastvit_t12,224,64,bf16,64.8941421508789,False,NVIDIA_GeForce_RTX_5080,16,
fastvit_t12,224,64,fp16,57.045806884765625,False,NVIDIA_GeForce_RTX_5080,16,
fastvit_t12,224,64,fp32,80.07488250732422,False,NVIDIA_GeForce_RTX_5080,16,
fastvit_t8,64,16,bf16,3.965440034866333,False,NVIDIA_GeForce_RTX_5080,16,
fastvit_t8,64,16,fp16,3.641040086746216,False,NVIDIA_GeForce_RTX_5080,16,
fastvit_t8,64,16,fp32,3.8981120586395264,False,NVIDIA_GeForce_RTX_5080,16,
fastvit_t8,64,32,bf16,5.022143840789795,False,NVIDIA_GeForce_RTX_5080,16,
fastvit_t8,64,32,fp16,4.466047763824463,False,NVIDIA_GeForce_RTX_5080,16,
fastvit_t8,64,32,fp32,5.029568195343018,False,NVIDIA_GeForce_RTX_5080,16,
fastvit_t8,64,64,bf16,7.197167873382568,False,NVIDIA_GeForce_RTX_5080,16,
fastvit_t8,64,64,fp16,6.247488021850586,False,NVIDIA_GeForce_RTX_5080,16,
fastvit_t8,64,64,fp32,8.092687606811523,False,NVIDIA_GeForce_RTX_5080,16,
fastvit_t8,128,16,bf16,6.005136013031006,False,NVIDIA_GeForce_RTX_5080,16,
fastvit_t8,128,16,fp16,5.302095890045166,False,NVIDIA_GeForce_RTX_5080,16,
fastvit_t8,128,16,fp32,5.755248069763184,False,NVIDIA_GeForce_RTX_5080,16,
fastvit_t8,128,32,bf16,9.006704330444336,False,NVIDIA_GeForce_RTX_5080,16,
fastvit_t8,128,32,fp16,7.830431938171387,False,NVIDIA_GeForce_RTX_5080,16,
fastvit_t8,128,32,fp32,9.276896476745604,False,NVIDIA_GeForce_RTX_5080,16,
fastvit_t8,128,64,bf16,16.126911163330078,False,NVIDIA_GeForce_RTX_5080,16,
fastvit_t8,128,64,fp16,14.082096099853516,False,NVIDIA_GeForce_RTX_5080,16,
fastvit_t8,128,64,fp32,17.48855972290039,False,NVIDIA_GeForce_RTX_5080,16,
fastvit_t8,224,16,bf16,12.033408164978027,False,NVIDIA_GeForce_RTX_5080,16,
fastvit_t8,224,16,fp16,10.279840469360352,False,NVIDIA_GeForce_RTX_5080,16,
fastvit_t8,224,16,fp32,12.59768009185791,False,NVIDIA_GeForce_RTX_5080,16,
fastvit_t8,224,32,bf16,22.39254379272461,False,NVIDIA_GeForce_RTX_5080,16,
fastvit_t8,224,32,fp16,19.27052879333496,False,NVIDIA_GeForce_RTX_5080,16,
fastvit_t8,224,32,fp32,25.173728942871094,False,NVIDIA_GeForce_RTX_5080,16,
fastvit_t8,224,64,bf16,45.68735885620117,False,NVIDIA_GeForce_RTX_5080,16,
fastvit_t8,224,64,fp16,40.061134338378906,False,NVIDIA_GeForce_RTX_5080,16,
fastvit_t8,224,64,fp32,54.26055908203125,False,NVIDIA_GeForce_RTX_5080,16,
maxvit_tiny_tf_224,64,16,bf16,11.981568336486816,False,NVIDIA_GeForce_RTX_5080,16,
maxvit_tiny_tf_224,64,16,fp16,11.693488121032717,False,NVIDIA_GeForce_RTX_5080,16,
maxvit_tiny_tf_224,64,16,fp32,16.352495193481445,False,NVIDIA_GeForce_RTX_5080,16,
maxvit_tiny_tf_224,64,32,bf16,15.962160110473633,False,NVIDIA_GeForce_RTX_5080,16,
maxvit_tiny_tf_224,64,32,fp16,15.0556640625,False,NVIDIA_GeForce_RTX_5080,16,
maxvit_tiny_tf_224,64,32,fp32,23.877744674682617,False,NVIDIA_GeForce_RTX_5080,16,
maxvit_tiny_tf_224,64,64,bf16,23.89326477050781,False,NVIDIA_GeForce_RTX_5080,16,
maxvit_tiny_tf_224,64,64,fp16,22.12188720703125,False,NVIDIA_GeForce_RTX_5080,16,
maxvit_tiny_tf_224,64,64,fp32,39.95425415039063,False,NVIDIA_GeForce_RTX_5080,16,
maxvit_tiny_tf_224,128,16,bf16,18.859983444213867,False,NVIDIA_GeForce_RTX_5080,16,
maxvit_tiny_tf_224,128,16,fp16,17.672672271728516,False,NVIDIA_GeForce_RTX_5080,16,
maxvit_tiny_tf_224,128,16,fp32,25.794416427612305,False,NVIDIA_GeForce_RTX_5080,16,
maxvit_tiny_tf_224,128,32,bf16,29.68700790405273,False,NVIDIA_GeForce_RTX_5080,16,
maxvit_tiny_tf_224,128,32,fp16,27.46308708190918,False,NVIDIA_GeForce_RTX_5080,16,
maxvit_tiny_tf_224,128,32,fp32,45.8597297668457,False,NVIDIA_GeForce_RTX_5080,16,
maxvit_tiny_tf_224,128,64,bf16,53.61703872680664,False,NVIDIA_GeForce_RTX_5080,16,
maxvit_tiny_tf_224,128,64,fp16,49.4002571105957,False,NVIDIA_GeForce_RTX_5080,16,
maxvit_tiny_tf_224,128,64,fp32,89.1357421875,False,NVIDIA_GeForce_RTX_5080,16,
maxvit_tiny_tf_224,224,16,bf16,40.394287109375,False,NVIDIA_GeForce_RTX_5080,16,
maxvit_tiny_tf_224,224,16,fp16,37.20588684082031,False,NVIDIA_GeForce_RTX_5080,16,
maxvit_tiny_tf_224,224,16,fp32,62.86119842529297,False,NVIDIA_GeForce_RTX_5080,16,
maxvit_tiny_tf_224,224,32,bf16,74.75422668457031,False,NVIDIA_GeForce_RTX_5080,16,
maxvit_tiny_tf_224,224,32,fp16,68.96595001220703,False,NVIDIA_GeForce_RTX_5080,16,
maxvit_tiny_tf_224,224,32,fp32,122.75918579101562,False,NVIDIA_GeForce_RTX_5080,16,
maxvit_tiny_tf_224,224,64,bf16,149.85958862304688,False,NVIDIA_GeForce_RTX_5080,16,
maxvit_tiny_tf_224,224,64,fp16,139.67832946777344,False,NVIDIA_GeForce_RTX_5080,16,
maxvit_tiny_tf_224,224,64,fp32,,True,NVIDIA_GeForce_RTX_5080,16,
mixer_b16_224,64,16,bf16,7.449647903442383,False,NVIDIA_GeForce_RTX_5080,16,
mixer_b16_224,64,16,fp16,7.41267204284668,False,NVIDIA_GeForce_RTX_5080,16,
mixer_b16_224,64,16,fp32,10.894495964050291,False,NVIDIA_GeForce_RTX_5080,16,
mixer_b16_224,64,32,bf16,9.680831909179688,False,NVIDIA_GeForce_RTX_5080,16,
mixer_b16_224,64,32,fp16,9.58731174468994,False,NVIDIA_GeForce_RTX_5080,16,
mixer_b16_224,64,32,fp32,15.84390354156494,False,NVIDIA_GeForce_RTX_5080,16,
mixer_b16_224,64,64,bf16,14.367327690124512,False,NVIDIA_GeForce_RTX_5080,16,
mixer_b16_224,64,64,fp16,14.210895538330078,False,NVIDIA_GeForce_RTX_5080,16,
mixer_b16_224,64,64,fp32,32.3406867980957,False,NVIDIA_GeForce_RTX_5080,16,
mixer_b16_224,128,16,bf16,11.192272186279297,False,NVIDIA_GeForce_RTX_5080,16,
mixer_b16_224,128,16,fp16,11.129823684692385,False,NVIDIA_GeForce_RTX_5080,16,
mixer_b16_224,128,16,fp32,20.071407318115234,False,NVIDIA_GeForce_RTX_5080,16,
mixer_b16_224,128,32,bf16,16.742448806762695,False,NVIDIA_GeForce_RTX_5080,16,
mixer_b16_224,128,32,fp16,16.624576568603516,False,NVIDIA_GeForce_RTX_5080,16,
mixer_b16_224,128,32,fp32,35.40816116333008,False,NVIDIA_GeForce_RTX_5080,16,
mixer_b16_224,128,64,bf16,29.549184799194336,False,NVIDIA_GeForce_RTX_5080,16,
mixer_b16_224,128,64,fp16,29.681663513183597,False,NVIDIA_GeForce_RTX_5080,16,
mixer_b16_224,128,64,fp32,70.7831802368164,False,NVIDIA_GeForce_RTX_5080,16,
mixer_b16_224,224,16,bf16,23.158191680908203,False,NVIDIA_GeForce_RTX_5080,16,
mixer_b16_224,224,16,fp16,22.83543968200684,False,NVIDIA_GeForce_RTX_5080,16,
mixer_b16_224,224,16,fp32,50.60617446899414,False,NVIDIA_GeForce_RTX_5080,16,
mixer_b16_224,224,32,bf16,41.482383728027344,False,NVIDIA_GeForce_RTX_5080,16,
mixer_b16_224,224,32,fp16,41.42927932739258,False,NVIDIA_GeForce_RTX_5080,16,
mixer_b16_224,224,32,fp32,96.52051544189452,False,NVIDIA_GeForce_RTX_5080,16,
mixer_b16_224,224,64,bf16,81.83223724365234,False,NVIDIA_GeForce_RTX_5080,16,
mixer_b16_224,224,64,fp16,81.76211547851562,False,NVIDIA_GeForce_RTX_5080,16,
mixer_b16_224,224,64,fp32,193.9451904296875,False,NVIDIA_GeForce_RTX_5080,16,
mobilenetv2_100,64,16,bf16,2.52512001991272,False,NVIDIA_GeForce_RTX_5080,16,
mobilenetv2_100,64,16,fp16,2.167423963546753,False,NVIDIA_GeForce_RTX_5080,16,
mobilenetv2_100,64,16,fp32,2.595583915710449,False,NVIDIA_GeForce_RTX_5080,16,
mobilenetv2_100,64,32,bf16,3.296128034591675,False,NVIDIA_GeForce_RTX_5080,16,
mobilenetv2_100,64,32,fp16,2.703552007675171,False,NVIDIA_GeForce_RTX_5080,16,
mobilenetv2_100,64,32,fp32,3.634063959121704,False,NVIDIA_GeForce_RTX_5080,16,
mobilenetv2_100,64,64,bf16,4.7292799949646,False,NVIDIA_GeForce_RTX_5080,16,
mobilenetv2_100,64,64,fp16,3.686448097229004,False,NVIDIA_GeForce_RTX_5080,16,
mobilenetv2_100,64,64,fp32,5.51635217666626,False,NVIDIA_GeForce_RTX_5080,16,
mobilenetv2_100,128,16,bf16,3.9049439430236816,False,NVIDIA_GeForce_RTX_5080,16,
mobilenetv2_100,128,16,fp16,3.122591972351074,False,NVIDIA_GeForce_RTX_5080,16,
mobilenetv2_100,128,16,fp32,3.943167924880981,False,NVIDIA_GeForce_RTX_5080,16,
mobilenetv2_100,128,32,bf16,6.066319942474365,False,NVIDIA_GeForce_RTX_5080,16,
mobilenetv2_100,128,32,fp16,4.652143955230713,False,NVIDIA_GeForce_RTX_5080,16,
mobilenetv2_100,128,32,fp32,6.950191974639893,False,NVIDIA_GeForce_RTX_5080,16,
mobilenetv2_100,128,64,bf16,10.802224159240724,False,NVIDIA_GeForce_RTX_5080,16,
mobilenetv2_100,128,64,fp16,8.463279724121094,False,NVIDIA_GeForce_RTX_5080,16,
mobilenetv2_100,128,64,fp32,13.99516773223877,False,NVIDIA_GeForce_RTX_5080,16,
mobilenetv2_100,224,16,bf16,8.271295547485352,False,NVIDIA_GeForce_RTX_5080,16,
mobilenetv2_100,224,16,fp16,6.359295845031738,False,NVIDIA_GeForce_RTX_5080,16,
mobilenetv2_100,224,16,fp32,9.864336013793944,False,NVIDIA_GeForce_RTX_5080,16,
mobilenetv2_100,224,32,bf16,15.61251163482666,False,NVIDIA_GeForce_RTX_5080,16,
mobilenetv2_100,224,32,fp16,11.94268798828125,False,NVIDIA_GeForce_RTX_5080,16,
mobilenetv2_100,224,32,fp32,20.51443290710449,False,NVIDIA_GeForce_RTX_5080,16,
mobilenetv2_100,224,64,bf16,32.4750862121582,False,NVIDIA_GeForce_RTX_5080,16,
mobilenetv2_100,224,64,fp16,25.298992156982425,False,NVIDIA_GeForce_RTX_5080,16,
mobilenetv2_100,224,64,fp32,43.658912658691406,False,NVIDIA_GeForce_RTX_5080,16,
mobilenetv3_large_100,64,16,bf16,2.8777759075164795,False,NVIDIA_GeForce_RTX_5080,16,
mobilenetv3_large_100,64,16,fp16,2.5675361156463623,False,NVIDIA_GeForce_RTX_5080,16,
mobilenetv3_large_100,64,16,fp32,2.7785120010375977,False,NVIDIA_GeForce_RTX_5080,16,
mobilenetv3_large_100,64,32,bf16,3.638416051864624,False,NVIDIA_GeForce_RTX_5080,16,
mobilenetv3_large_100,64,32,fp16,3.145263910293579,False,NVIDIA_GeForce_RTX_5080,16,
mobilenetv3_large_100,64,32,fp32,3.874336004257202,False,NVIDIA_GeForce_RTX_5080,16,
mobilenetv3_large_100,64,64,bf16,4.857327938079834,False,NVIDIA_GeForce_RTX_5080,16,
mobilenetv3_large_100,64,64,fp16,4.026639938354492,False,NVIDIA_GeForce_RTX_5080,16,
mobilenetv3_large_100,64,64,fp32,4.980432033538818,False,NVIDIA_GeForce_RTX_5080,16,
mobilenetv3_large_100,128,16,bf16,3.986527919769287,False,NVIDIA_GeForce_RTX_5080,16,
mobilenetv3_large_100,128,16,fp16,3.3526721000671387,False,NVIDIA_GeForce_RTX_5080,16,
mobilenetv3_large_100,128,16,fp32,3.927056074142456,False,NVIDIA_GeForce_RTX_5080,16,
mobilenetv3_large_100,128,32,bf16,5.85811185836792,False,NVIDIA_GeForce_RTX_5080,16,
mobilenetv3_large_100,128,32,fp16,4.824687957763672,False,NVIDIA_GeForce_RTX_5080,16,
mobilenetv3_large_100,128,32,fp32,6.326720237731934,False,NVIDIA_GeForce_RTX_5080,16,
mobilenetv3_large_100,128,64,bf16,9.649104118347168,False,NVIDIA_GeForce_RTX_5080,16,
mobilenetv3_large_100,128,64,fp16,7.604512214660644,False,NVIDIA_GeForce_RTX_5080,16,
mobilenetv3_large_100,128,64,fp32,10.501312255859377,False,NVIDIA_GeForce_RTX_5080,16,
mobilenetv3_large_100,224,16,bf16,7.536960124969482,False,NVIDIA_GeForce_RTX_5080,16,
mobilenetv3_large_100,224,16,fp16,5.803791999816895,False,NVIDIA_GeForce_RTX_5080,16,
mobilenetv3_large_100,224,16,fp32,8.215392112731934,False,NVIDIA_GeForce_RTX_5080,16,
mobilenetv3_large_100,224,32,bf16,12.988415718078612,False,NVIDIA_GeForce_RTX_5080,16,
mobilenetv3_large_100,224,32,fp16,9.801664352416992,False,NVIDIA_GeForce_RTX_5080,16,
mobilenetv3_large_100,224,32,fp32,15.029279708862305,False,NVIDIA_GeForce_RTX_5080,16,
mobilenetv3_large_100,224,64,bf16,25.380800247192383,False,NVIDIA_GeForce_RTX_5080,16,
mobilenetv3_large_100,224,64,fp16,19.42288017272949,False,NVIDIA_GeForce_RTX_5080,16,
mobilenetv3_large_100,224,64,fp32,31.72174453735352,False,NVIDIA_GeForce_RTX_5080,16,
mobilenetv3_small_100,64,16,bf16,1.807360053062439,False,NVIDIA_GeForce_RTX_5080,16,
mobilenetv3_small_100,64,16,fp16,1.6861920356750488,False,NVIDIA_GeForce_RTX_5080,16,
mobilenetv3_small_100,64,16,fp32,1.7854399681091309,False,NVIDIA_GeForce_RTX_5080,16,
mobilenetv3_small_100,64,32,bf16,2.138799905776977,False,NVIDIA_GeForce_RTX_5080,16,
mobilenetv3_small_100,64,32,fp16,1.9399360418319704,False,NVIDIA_GeForce_RTX_5080,16,
mobilenetv3_small_100,64,32,fp32,2.2213120460510254,False,NVIDIA_GeForce_RTX_5080,16,
mobilenetv3_small_100,64,64,bf16,2.862143993377685,False,NVIDIA_GeForce_RTX_5080,16,
mobilenetv3_small_100,64,64,fp16,2.498095989227295,False,NVIDIA_GeForce_RTX_5080,16,
mobilenetv3_small_100,64,64,fp32,2.7458720207214355,False,NVIDIA_GeForce_RTX_5080,16,
mobilenetv3_small_100,128,16,bf16,2.3906400203704834,False,NVIDIA_GeForce_RTX_5080,16,
mobilenetv3_small_100,128,16,fp16,2.1128480434417725,False,NVIDIA_GeForce_RTX_5080,16,
mobilenetv3_small_100,128,16,fp32,2.255887985229492,False,NVIDIA_GeForce_RTX_5080,16,
mobilenetv3_small_100,128,32,bf16,3.2396960258483887,False,NVIDIA_GeForce_RTX_5080,16,
mobilenetv3_small_100,128,32,fp16,2.703263998031616,False,NVIDIA_GeForce_RTX_5080,16,
mobilenetv3_small_100,128,32,fp32,3.0327041149139404,False,NVIDIA_GeForce_RTX_5080,16,
mobilenetv3_small_100,128,64,bf16,4.396495819091797,False,NVIDIA_GeForce_RTX_5080,16,
mobilenetv3_small_100,128,64,fp16,3.51476788520813,False,NVIDIA_GeForce_RTX_5080,16,
mobilenetv3_small_100,128,64,fp32,4.422287940979004,False,NVIDIA_GeForce_RTX_5080,16,
mobilenetv3_small_100,224,16,bf16,3.723952054977417,False,NVIDIA_GeForce_RTX_5080,16,
mobilenetv3_small_100,224,16,fp16,2.850543975830078,False,NVIDIA_GeForce_RTX_5080,16,
mobilenetv3_small_100,224,16,fp32,3.5450239181518555,False,NVIDIA_GeForce_RTX_5080,16,
mobilenetv3_small_100,224,32,bf16,5.765744209289551,False,NVIDIA_GeForce_RTX_5080,16,
mobilenetv3_small_100,224,32,fp16,4.276144027709961,False,NVIDIA_GeForce_RTX_5080,16,
mobilenetv3_small_100,224,32,fp32,5.8239359855651855,False,NVIDIA_GeForce_RTX_5080,16,
mobilenetv3_small_100,224,64,bf16,10.291728019714355,False,NVIDIA_GeForce_RTX_5080,16,
mobilenetv3_small_100,224,64,fp16,7.553552150726318,False,NVIDIA_GeForce_RTX_5080,16,
mobilenetv3_small_100,224,64,fp32,11.007007598876951,False,NVIDIA_GeForce_RTX_5080,16,
mobilevit_s,64,16,bf16,4.1017279624938965,False,NVIDIA_GeForce_RTX_5080,16,
mobilevit_s,64,16,fp16,3.6826400756835938,False,NVIDIA_GeForce_RTX_5080,16,
mobilevit_s,64,16,fp32,4.560704231262207,False,NVIDIA_GeForce_RTX_5080,16,
mobilevit_s,64,32,bf16,5.420383930206299,False,NVIDIA_GeForce_RTX_5080,16,
mobilevit_s,64,32,fp16,4.72054386138916,False,NVIDIA_GeForce_RTX_5080,16,
mobilevit_s,64,32,fp32,6.451104164123535,False,NVIDIA_GeForce_RTX_5080,16,
mobilevit_s,64,64,bf16,7.778336048126221,False,NVIDIA_GeForce_RTX_5080,16,
mobilevit_s,64,64,fp16,6.672607898712158,False,NVIDIA_GeForce_RTX_5080,16,
mobilevit_s,64,64,fp32,10.225616455078123,False,NVIDIA_GeForce_RTX_5080,16,
mobilevit_s,128,16,bf16,6.7456159591674805,False,NVIDIA_GeForce_RTX_5080,16,
mobilevit_s,128,16,fp16,5.699520111083984,False,NVIDIA_GeForce_RTX_5080,16,
mobilevit_s,128,16,fp32,8.149279594421387,False,NVIDIA_GeForce_RTX_5080,16,
mobilevit_s,128,32,bf16,10.54470443725586,False,NVIDIA_GeForce_RTX_5080,16,
mobilevit_s,128,32,fp16,8.779680252075195,False,NVIDIA_GeForce_RTX_5080,16,
mobilevit_s,128,32,fp32,15.030192375183104,False,NVIDIA_GeForce_RTX_5080,16,
mobilevit_s,128,64,bf16,19.76129531860352,False,NVIDIA_GeForce_RTX_5080,16,
mobilevit_s,128,64,fp16,16.79596710205078,False,NVIDIA_GeForce_RTX_5080,16,
mobilevit_s,128,64,fp32,31.079551696777344,False,NVIDIA_GeForce_RTX_5080,16,
mobilevit_s,224,16,bf16,16.83844757080078,False,NVIDIA_GeForce_RTX_5080,16,
mobilevit_s,224,16,fp16,13.952816009521484,False,NVIDIA_GeForce_RTX_5080,16,
mobilevit_s,224,16,fp32,25.76755142211914,False,NVIDIA_GeForce_RTX_5080,16,
mobilevit_s,224,32,bf16,33.8526725769043,False,NVIDIA_GeForce_RTX_5080,16,
mobilevit_s,224,32,fp16,28.66324806213379,False,NVIDIA_GeForce_RTX_5080,16,
mobilevit_s,224,32,fp32,52.70939254760742,False,NVIDIA_GeForce_RTX_5080,16,
mobilevit_s,224,64,bf16,69.65713500976562,False,NVIDIA_GeForce_RTX_5080,16,
mobilevit_s,224,64,fp16,60.43913650512695,False,NVIDIA_GeForce_RTX_5080,16,
mobilevit_s,224,64,fp32,106.72859191894533,False,NVIDIA_GeForce_RTX_5080,16,
mobilevit_xs,64,16,bf16,3.587071895599365,False,NVIDIA_GeForce_RTX_5080,16,
mobilevit_xs,64,16,fp16,3.350591897964477,False,NVIDIA_GeForce_RTX_5080,16,
mobilevit_xs,64,16,fp32,3.644831895828247,False,NVIDIA_GeForce_RTX_5080,16,
mobilevit_xs,64,32,bf16,4.610799789428711,False,NVIDIA_GeForce_RTX_5080,16,
mobilevit_xs,64,32,fp16,4.304031848907471,False,NVIDIA_GeForce_RTX_5080,16,
mobilevit_xs,64,32,fp32,4.743231773376465,False,NVIDIA_GeForce_RTX_5080,16,
mobilevit_xs,64,64,bf16,6.640063762664795,False,NVIDIA_GeForce_RTX_5080,16,
mobilevit_xs,64,64,fp16,5.991903781890869,False,NVIDIA_GeForce_RTX_5080,16,
mobilevit_xs,64,64,fp32,7.241040229797363,False,NVIDIA_GeForce_RTX_5080,16,
mobilevit_xs,128,16,bf16,5.721327781677246,False,NVIDIA_GeForce_RTX_5080,16,
mobilevit_xs,128,16,fp16,5.069375991821289,False,NVIDIA_GeForce_RTX_5080,16,
mobilevit_xs,128,16,fp32,6.409056186676025,False,NVIDIA_GeForce_RTX_5080,16,
mobilevit_xs,128,32,bf16,8.859408378601074,False,NVIDIA_GeForce_RTX_5080,16,
mobilevit_xs,128,32,fp16,7.695968151092529,False,NVIDIA_GeForce_RTX_5080,16,
mobilevit_xs,128,32,fp32,11.517935752868652,False,NVIDIA_GeForce_RTX_5080,16,
mobilevit_xs,128,64,bf16,16.190704345703125,False,NVIDIA_GeForce_RTX_5080,16,
mobilevit_xs,128,64,fp16,13.901727676391602,False,NVIDIA_GeForce_RTX_5080,16,
mobilevit_xs,128,64,fp32,23.60356712341309,False,NVIDIA_GeForce_RTX_5080,16,
mobilevit_xs,224,16,bf16,13.12679958343506,False,NVIDIA_GeForce_RTX_5080,16,
mobilevit_xs,224,16,fp16,11.35752010345459,False,NVIDIA_GeForce_RTX_5080,16,
mobilevit_xs,224,16,fp32,19.791135787963867,False,NVIDIA_GeForce_RTX_5080,16,
mobilevit_xs,224,32,bf16,26.15652847290039,False,NVIDIA_GeForce_RTX_5080,16,
mobilevit_xs,224,32,fp16,22.18142318725586,False,NVIDIA_GeForce_RTX_5080,16,
mobilevit_xs,224,32,fp32,40.52444839477539,False,NVIDIA_GeForce_RTX_5080,16,
mobilevit_xs,224,64,bf16,53.97251129150391,False,NVIDIA_GeForce_RTX_5080,16,
mobilevit_xs,224,64,fp16,45.742801666259766,False,NVIDIA_GeForce_RTX_5080,16,
mobilevit_xs,224,64,fp32,82.10884857177734,False,NVIDIA_GeForce_RTX_5080,16,
mobilevit_xxs,64,16,bf16,2.941119909286499,False,NVIDIA_GeForce_RTX_5080,16,
mobilevit_xxs,64,16,fp16,2.776144027709961,False,NVIDIA_GeForce_RTX_5080,16,
mobilevit_xxs,64,16,fp32,3.1218080520629883,False,NVIDIA_GeForce_RTX_5080,16,
mobilevit_xxs,64,32,bf16,3.905616044998169,False,NVIDIA_GeForce_RTX_5080,16,
mobilevit_xxs,64,32,fp16,3.689136028289795,False,NVIDIA_GeForce_RTX_5080,16,
mobilevit_xxs,64,32,fp32,4.113855838775635,False,NVIDIA_GeForce_RTX_5080,16,
mobilevit_xxs,64,64,bf16,5.220719814300537,False,NVIDIA_GeForce_RTX_5080,16,
mobilevit_xxs,64,64,fp16,4.829343795776367,False,NVIDIA_GeForce_RTX_5080,16,
mobilevit_xxs,64,64,fp32,5.553919792175293,False,NVIDIA_GeForce_RTX_5080,16,
mobilevit_xxs,128,16,bf16,4.409408092498779,False,NVIDIA_GeForce_RTX_5080,16,
mobilevit_xxs,128,16,fp16,3.977216005325317,False,NVIDIA_GeForce_RTX_5080,16,
mobilevit_xxs,128,16,fp32,4.492208003997803,False,NVIDIA_GeForce_RTX_5080,16,
mobilevit_xxs,128,32,bf16,6.303999900817871,False,NVIDIA_GeForce_RTX_5080,16,
mobilevit_xxs,128,32,fp16,5.587823867797852,False,NVIDIA_GeForce_RTX_5080,16,
mobilevit_xxs,128,32,fp32,6.542623996734619,False,NVIDIA_GeForce_RTX_5080,16,
mobilevit_xxs,128,64,bf16,10.039183616638184,False,NVIDIA_GeForce_RTX_5080,16,
mobilevit_xxs,128,64,fp16,8.711183547973633,False,NVIDIA_GeForce_RTX_5080,16,
mobilevit_xxs,128,64,fp32,11.476048469543455,False,NVIDIA_GeForce_RTX_5080,16,
mobilevit_xxs,224,16,bf16,8.67249584197998,False,NVIDIA_GeForce_RTX_5080,16,
mobilevit_xxs,224,16,fp16,7.5240797996521,False,NVIDIA_GeForce_RTX_5080,16,
mobilevit_xxs,224,16,fp32,11.005727767944336,False,NVIDIA_GeForce_RTX_5080,16,
mobilevit_xxs,224,32,bf16,14.80185604095459,False,NVIDIA_GeForce_RTX_5080,16,
mobilevit_xxs,224,32,fp16,12.577856063842772,False,NVIDIA_GeForce_RTX_5080,16,
mobilevit_xxs,224,32,fp32,20.233503341674805,False,NVIDIA_GeForce_RTX_5080,16,
mobilevit_xxs,224,64,bf16,29.27716827392578,False,NVIDIA_GeForce_RTX_5080,16,
mobilevit_xxs,224,64,fp16,25.133056640625,False,NVIDIA_GeForce_RTX_5080,16,
mobilevit_xxs,224,64,fp32,41.26155090332031,False,NVIDIA_GeForce_RTX_5080,16,
mobilevitv2_100,64,16,bf16,3.8671679496765137,False,NVIDIA_GeForce_RTX_5080,16,
mobilevitv2_100,64,16,fp16,3.43887996673584,False,NVIDIA_GeForce_RTX_5080,16,
mobilevitv2_100,64,16,fp32,3.6943519115448,False,NVIDIA_GeForce_RTX_5080,16,
mobilevitv2_100,64,32,bf16,5.00929594039917,False,NVIDIA_GeForce_RTX_5080,16,
mobilevitv2_100,64,32,fp16,4.323008060455322,False,NVIDIA_GeForce_RTX_5080,16,
mobilevitv2_100,64,32,fp32,5.496560096740723,False,NVIDIA_GeForce_RTX_5080,16,
mobilevitv2_100,64,64,bf16,7.295055866241455,False,NVIDIA_GeForce_RTX_5080,16,
mobilevitv2_100,64,64,fp16,6.129087924957275,False,NVIDIA_GeForce_RTX_5080,16,
mobilevitv2_100,64,64,fp32,8.526800155639648,False,NVIDIA_GeForce_RTX_5080,16,
mobilevitv2_100,128,16,bf16,6.345407962799072,False,NVIDIA_GeForce_RTX_5080,16,
mobilevitv2_100,128,16,fp16,5.267136096954346,False,NVIDIA_GeForce_RTX_5080,16,
mobilevitv2_100,128,16,fp32,6.757584095001221,False,NVIDIA_GeForce_RTX_5080,16,
mobilevitv2_100,128,32,bf16,9.766032218933104,False,NVIDIA_GeForce_RTX_5080,16,
mobilevitv2_100,128,32,fp16,7.824160099029541,False,NVIDIA_GeForce_RTX_5080,16,
mobilevitv2_100,128,32,fp32,12.381312370300291,False,NVIDIA_GeForce_RTX_5080,16,
mobilevitv2_100,128,64,bf16,18.54465675354004,False,NVIDIA_GeForce_RTX_5080,16,
mobilevitv2_100,128,64,fp16,14.92843246459961,False,NVIDIA_GeForce_RTX_5080,16,
mobilevitv2_100,128,64,fp32,25.32571220397949,False,NVIDIA_GeForce_RTX_5080,16,
mobilevitv2_100,224,16,bf16,15.822015762329102,False,NVIDIA_GeForce_RTX_5080,16,
mobilevitv2_100,224,16,fp16,12.769375801086426,False,NVIDIA_GeForce_RTX_5080,16,
mobilevitv2_100,224,16,fp32,20.44275283813477,False,NVIDIA_GeForce_RTX_5080,16,
mobilevitv2_100,224,32,bf16,31.42438316345215,False,NVIDIA_GeForce_RTX_5080,16,
mobilevitv2_100,224,32,fp16,25.784624099731445,False,NVIDIA_GeForce_RTX_5080,16,
mobilevitv2_100,224,32,fp32,42.461055755615234,False,NVIDIA_GeForce_RTX_5080,16,
mobilevitv2_100,224,64,bf16,63.13961410522461,False,NVIDIA_GeForce_RTX_5080,16,
mobilevitv2_100,224,64,fp16,52.976318359375,False,NVIDIA_GeForce_RTX_5080,16,
mobilevitv2_100,224,64,fp32,85.16110229492188,False,NVIDIA_GeForce_RTX_5080,16,
nfnet_l0,64,16,bf16,7.910943984985352,False,NVIDIA_GeForce_RTX_5080,16,
nfnet_l0,64,16,fp16,7.524687767028809,False,NVIDIA_GeForce_RTX_5080,16,
nfnet_l0,64,16,fp32,10.39411163330078,False,NVIDIA_GeForce_RTX_5080,16,
nfnet_l0,64,32,bf16,9.572527885437012,False,NVIDIA_GeForce_RTX_5080,16,
nfnet_l0,64,32,fp16,9.541040420532228,False,NVIDIA_GeForce_RTX_5080,16,
nfnet_l0,64,32,fp32,16.314224243164062,False,NVIDIA_GeForce_RTX_5080,16,
nfnet_l0,64,64,bf16,14.43678379058838,False,NVIDIA_GeForce_RTX_5080,16,
nfnet_l0,64,64,fp16,14.073663711547852,False,NVIDIA_GeForce_RTX_5080,16,
nfnet_l0,64,64,fp32,22.46918487548828,False,NVIDIA_GeForce_RTX_5080,16,
nfnet_l0,128,16,bf16,10.629376411437988,False,NVIDIA_GeForce_RTX_5080,16,
nfnet_l0,128,16,fp16,9.700847625732422,False,NVIDIA_GeForce_RTX_5080,16,
nfnet_l0,128,16,fp32,13.931056022644045,False,NVIDIA_GeForce_RTX_5080,16,
nfnet_l0,128,32,bf16,15.18166446685791,False,NVIDIA_GeForce_RTX_5080,16,
nfnet_l0,128,32,fp16,14.396512031555176,False,NVIDIA_GeForce_RTX_5080,16,
nfnet_l0,128,32,fp32,23.605663299560547,False,NVIDIA_GeForce_RTX_5080,16,
nfnet_l0,128,64,bf16,26.65772819519043,False,NVIDIA_GeForce_RTX_5080,16,
nfnet_l0,128,64,fp16,25.579376220703125,False,NVIDIA_GeForce_RTX_5080,16,
nfnet_l0,128,64,fp32,42.617919921875,False,NVIDIA_GeForce_RTX_5080,16,
nfnet_l0,224,16,bf16,17.766895294189453,False,NVIDIA_GeForce_RTX_5080,16,
nfnet_l0,224,16,fp16,16.793487548828125,False,NVIDIA_GeForce_RTX_5080,16,
nfnet_l0,224,16,fp32,30.142847061157227,False,NVIDIA_GeForce_RTX_5080,16,
nfnet_l0,224,32,bf16,31.34233665466309,False,NVIDIA_GeForce_RTX_5080,16,
nfnet_l0,224,32,fp16,30.34966468811035,False,NVIDIA_GeForce_RTX_5080,16,
nfnet_l0,224,32,fp32,59.47641754150391,False,NVIDIA_GeForce_RTX_5080,16,
nfnet_l0,224,64,bf16,62.15761566162109,False,NVIDIA_GeForce_RTX_5080,16,
nfnet_l0,224,64,fp16,60.13721466064453,False,NVIDIA_GeForce_RTX_5080,16,
nfnet_l0,224,64,fp32,127.27542114257812,False,NVIDIA_GeForce_RTX_5080,16,
pvt_v2_b0,64,16,bf16,2.966847896575928,False,NVIDIA_GeForce_RTX_5080,16,
pvt_v2_b0,64,16,fp16,2.6166720390319824,False,NVIDIA_GeForce_RTX_5080,16,
pvt_v2_b0,64,16,fp32,2.9272639751434326,False,NVIDIA_GeForce_RTX_5080,16,
pvt_v2_b0,64,32,bf16,3.1509759426116943,False,NVIDIA_GeForce_RTX_5080,16,
pvt_v2_b0,64,32,fp16,3.1332321166992188,False,NVIDIA_GeForce_RTX_5080,16,
pvt_v2_b0,64,32,fp32,3.823199987411499,False,NVIDIA_GeForce_RTX_5080,16,
pvt_v2_b0,64,64,bf16,4.071263790130615,False,NVIDIA_GeForce_RTX_5080,16,
pvt_v2_b0,64,64,fp16,4.007904052734375,False,NVIDIA_GeForce_RTX_5080,16,
pvt_v2_b0,64,64,fp32,5.079247951507568,False,NVIDIA_GeForce_RTX_5080,16,
pvt_v2_b0,128,16,bf16,3.96833610534668,False,NVIDIA_GeForce_RTX_5080,16,
pvt_v2_b0,128,16,fp16,3.9008960723876953,False,NVIDIA_GeForce_RTX_5080,16,
pvt_v2_b0,128,16,fp32,5.111936092376709,False,NVIDIA_GeForce_RTX_5080,16,
pvt_v2_b0,128,32,bf16,5.619440078735352,False,NVIDIA_GeForce_RTX_5080,16,
pvt_v2_b0,128,32,fp16,5.527632236480713,False,NVIDIA_GeForce_RTX_5080,16,
pvt_v2_b0,128,32,fp32,7.858016014099121,False,NVIDIA_GeForce_RTX_5080,16,
pvt_v2_b0,128,64,bf16,8.8953275680542,False,NVIDIA_GeForce_RTX_5080,16,
pvt_v2_b0,128,64,fp16,8.906784057617188,False,NVIDIA_GeForce_RTX_5080,16,
pvt_v2_b0,128,64,fp32,13.803872108459473,False,NVIDIA_GeForce_RTX_5080,16,
pvt_v2_b0,224,16,bf16,7.554671764373779,False,NVIDIA_GeForce_RTX_5080,16,
pvt_v2_b0,224,16,fp16,7.445775985717773,False,NVIDIA_GeForce_RTX_5080,16,
pvt_v2_b0,224,16,fp32,12.174223899841309,False,NVIDIA_GeForce_RTX_5080,16,
pvt_v2_b0,224,32,bf16,11.556591987609863,False,NVIDIA_GeForce_RTX_5080,16,
pvt_v2_b0,224,32,fp16,11.40004825592041,False,NVIDIA_GeForce_RTX_5080,16,
pvt_v2_b0,224,32,fp32,20.23044776916504,False,NVIDIA_GeForce_RTX_5080,16,
pvt_v2_b0,224,64,bf16,22.35228729248047,False,NVIDIA_GeForce_RTX_5080,16,
pvt_v2_b0,224,64,fp16,22.211055755615234,False,NVIDIA_GeForce_RTX_5080,16,
pvt_v2_b0,224,64,fp32,38.38056182861328,False,NVIDIA_GeForce_RTX_5080,16,
pvt_v2_b2,64,16,bf16,6.925759792327881,False,NVIDIA_GeForce_RTX_5080,16,
pvt_v2_b2,64,16,fp16,6.775983810424805,False,NVIDIA_GeForce_RTX_5080,16,
pvt_v2_b2,64,16,fp32,8.569680213928223,False,NVIDIA_GeForce_RTX_5080,16,
pvt_v2_b2,64,32,bf16,8.026288032531738,False,NVIDIA_GeForce_RTX_5080,16,
pvt_v2_b2,64,32,fp16,7.907472133636475,False,NVIDIA_GeForce_RTX_5080,16,
pvt_v2_b2,64,32,fp32,11.641807556152344,False,NVIDIA_GeForce_RTX_5080,16,
pvt_v2_b2,64,64,bf16,10.533408164978027,False,NVIDIA_GeForce_RTX_5080,16,
pvt_v2_b2,64,64,fp16,10.296688079833984,False,NVIDIA_GeForce_RTX_5080,16,
pvt_v2_b2,64,64,fp32,16.92807960510254,False,NVIDIA_GeForce_RTX_5080,16,
pvt_v2_b2,128,16,bf16,10.37451171875,False,NVIDIA_GeForce_RTX_5080,16,
pvt_v2_b2,128,16,fp16,10.12118434906006,False,NVIDIA_GeForce_RTX_5080,16,
pvt_v2_b2,128,16,fp32,15.917407989501951,False,NVIDIA_GeForce_RTX_5080,16,
pvt_v2_b2,128,32,bf16,14.713215827941896,False,NVIDIA_GeForce_RTX_5080,16,
pvt_v2_b2,128,32,fp16,14.523391723632812,False,NVIDIA_GeForce_RTX_5080,16,
pvt_v2_b2,128,32,fp32,25.69014358520508,False,NVIDIA_GeForce_RTX_5080,16,
pvt_v2_b2,128,64,bf16,25.147056579589844,False,NVIDIA_GeForce_RTX_5080,16,
pvt_v2_b2,128,64,fp16,25.15851211547852,False,NVIDIA_GeForce_RTX_5080,16,
pvt_v2_b2,128,64,fp32,46.51289749145508,False,NVIDIA_GeForce_RTX_5080,16,
pvt_v2_b2,224,16,bf16,20.713232040405277,False,NVIDIA_GeForce_RTX_5080,16,
pvt_v2_b2,224,16,fp16,20.493488311767575,False,NVIDIA_GeForce_RTX_5080,16,
pvt_v2_b2,224,16,fp32,39.12947082519531,False,NVIDIA_GeForce_RTX_5080,16,
pvt_v2_b2,224,32,bf16,35.679744720458984,False,NVIDIA_GeForce_RTX_5080,16,
pvt_v2_b2,224,32,fp16,36.24161529541016,False,NVIDIA_GeForce_RTX_5080,16,
pvt_v2_b2,224,32,fp32,67.79358673095703,False,NVIDIA_GeForce_RTX_5080,16,
pvt_v2_b2,224,64,bf16,70.09442901611328,False,NVIDIA_GeForce_RTX_5080,16,
pvt_v2_b2,224,64,fp16,70.11971282958984,False,NVIDIA_GeForce_RTX_5080,16,
pvt_v2_b2,224,64,fp32,130.50376892089844,False,NVIDIA_GeForce_RTX_5080,16,
pvt_v2_b5,64,16,bf16,20.65065574645996,False,NVIDIA_GeForce_RTX_5080,16,
pvt_v2_b5,64,16,fp16,20.351072311401367,False,NVIDIA_GeForce_RTX_5080,16,
pvt_v2_b5,64,16,fp32,26.292591094970703,False,NVIDIA_GeForce_RTX_5080,16,
pvt_v2_b5,64,32,bf16,23.53721618652344,False,NVIDIA_GeForce_RTX_5080,16,
pvt_v2_b5,64,32,fp16,23.00377655029297,False,NVIDIA_GeForce_RTX_5080,16,
pvt_v2_b5,64,32,fp32,35.2336311340332,False,NVIDIA_GeForce_RTX_5080,16,
pvt_v2_b5,64,64,bf16,28.56585693359375,False,NVIDIA_GeForce_RTX_5080,16,
pvt_v2_b5,64,64,fp16,28.282432556152344,False,NVIDIA_GeForce_RTX_5080,16,
pvt_v2_b5,64,64,fp32,48.953311920166016,False,NVIDIA_GeForce_RTX_5080,16,
pvt_v2_b5,128,16,bf16,27.46964836120605,False,NVIDIA_GeForce_RTX_5080,16,
pvt_v2_b5,128,16,fp16,27.135440826416016,False,NVIDIA_GeForce_RTX_5080,16,
pvt_v2_b5,128,16,fp32,43.71676635742188,False,NVIDIA_GeForce_RTX_5080,16,
pvt_v2_b5,128,32,bf16,36.33468627929688,False,NVIDIA_GeForce_RTX_5080,16,
pvt_v2_b5,128,32,fp16,35.910030364990234,False,NVIDIA_GeForce_RTX_5080,16,
pvt_v2_b5,128,32,fp32,59.57905578613281,False,NVIDIA_GeForce_RTX_5080,16,
pvt_v2_b5,128,64,bf16,52.732032775878906,False,NVIDIA_GeForce_RTX_5080,16,
pvt_v2_b5,128,64,fp16,52.38003158569336,False,NVIDIA_GeForce_RTX_5080,16,
pvt_v2_b5,128,64,fp32,97.5012664794922,False,NVIDIA_GeForce_RTX_5080,16,
pvt_v2_b5,224,16,bf16,46.67388916015625,False,NVIDIA_GeForce_RTX_5080,16,
pvt_v2_b5,224,16,fp16,46.91279983520508,False,NVIDIA_GeForce_RTX_5080,16,
pvt_v2_b5,224,16,fp32,85.52777862548828,False,NVIDIA_GeForce_RTX_5080,16,
pvt_v2_b5,224,32,bf16,72.28559875488281,False,NVIDIA_GeForce_RTX_5080,16,
pvt_v2_b5,224,32,fp16,76.89900970458984,False,NVIDIA_GeForce_RTX_5080,16,
pvt_v2_b5,224,32,fp32,147.18624877929688,False,NVIDIA_GeForce_RTX_5080,16,
pvt_v2_b5,224,64,bf16,135.7845916748047,False,NVIDIA_GeForce_RTX_5080,16,
pvt_v2_b5,224,64,fp16,136.6790008544922,False,NVIDIA_GeForce_RTX_5080,16,
pvt_v2_b5,224,64,fp32,,True,NVIDIA_GeForce_RTX_5080,16,
regnety_032,64,16,bf16,6.9509758949279785,False,NVIDIA_GeForce_RTX_5080,16,
regnety_032,64,16,fp16,7.101103782653809,False,NVIDIA_GeForce_RTX_5080,16,
regnety_032,64,16,fp32,9.456624031066896,False,NVIDIA_GeForce_RTX_5080,16,
regnety_032,64,32,bf16,8.50979232788086,False,NVIDIA_GeForce_RTX_5080,16,
regnety_032,64,32,fp16,8.068415641784668,False,NVIDIA_GeForce_RTX_5080,16,
regnety_032,64,32,fp32,14.029151916503906,False,NVIDIA_GeForce_RTX_5080,16,
regnety_032,64,64,bf16,12.032032012939451,False,NVIDIA_GeForce_RTX_5080,16,
regnety_032,64,64,fp16,11.18496036529541,False,NVIDIA_GeForce_RTX_5080,16,
regnety_032,64,64,fp32,17.483055114746094,False,NVIDIA_GeForce_RTX_5080,16,
regnety_032,128,16,bf16,10.940815925598145,False,NVIDIA_GeForce_RTX_5080,16,
regnety_032,128,16,fp16,10.181839942932127,False,NVIDIA_GeForce_RTX_5080,16,
regnety_032,128,16,fp32,15.563424110412598,False,NVIDIA_GeForce_RTX_5080,16,
regnety_032,128,32,bf16,14.734224319458008,False,NVIDIA_GeForce_RTX_5080,16,
regnety_032,128,32,fp16,13.087679862976074,False,NVIDIA_GeForce_RTX_5080,16,
regnety_032,128,32,fp32,20.32129669189453,False,NVIDIA_GeForce_RTX_5080,16,
regnety_032,128,64,bf16,30.31628799438477,False,NVIDIA_GeForce_RTX_5080,16,
regnety_032,128,64,fp16,24.590656280517575,False,NVIDIA_GeForce_RTX_5080,16,
regnety_032,128,64,fp32,34.0068473815918,False,NVIDIA_GeForce_RTX_5080,16,
regnety_032,224,16,bf16,22.23678398132324,False,NVIDIA_GeForce_RTX_5080,16,
regnety_032,224,16,fp16,17.819120407104492,False,NVIDIA_GeForce_RTX_5080,16,
regnety_032,224,16,fp32,27.068431854248047,False,NVIDIA_GeForce_RTX_5080,16,
regnety_032,224,32,bf16,35.29556655883789,False,NVIDIA_GeForce_RTX_5080,16,
regnety_032,224,32,fp16,29.446048736572266,False,NVIDIA_GeForce_RTX_5080,16,
regnety_032,224,32,fp32,50.125633239746094,False,NVIDIA_GeForce_RTX_5080,16,
regnety_032,224,64,bf16,70.82351684570312,False,NVIDIA_GeForce_RTX_5080,16,
regnety_032,224,64,fp16,61.32118225097656,False,NVIDIA_GeForce_RTX_5080,16,
regnety_032,224,64,fp32,111.79122924804688,False,NVIDIA_GeForce_RTX_5080,16,
regnety_080,64,16,bf16,10.149791717529297,False,NVIDIA_GeForce_RTX_5080,16,
regnety_080,64,16,fp16,9.706975936889648,False,NVIDIA_GeForce_RTX_5080,16,
regnety_080,64,16,fp32,10.838303565979004,False,NVIDIA_GeForce_RTX_5080,16,
regnety_080,64,32,bf16,14.854944229125977,False,NVIDIA_GeForce_RTX_5080,16,
regnety_080,64,32,fp16,14.537216186523438,False,NVIDIA_GeForce_RTX_5080,16,
regnety_080,64,32,fp32,19.845104217529297,False,NVIDIA_GeForce_RTX_5080,16,
regnety_080,64,64,bf16,24.44548797607422,False,NVIDIA_GeForce_RTX_5080,16,
regnety_080,64,64,fp16,23.765247344970703,False,NVIDIA_GeForce_RTX_5080,16,
regnety_080,64,64,fp32,33.67259216308594,False,NVIDIA_GeForce_RTX_5080,16,
regnety_080,128,16,bf16,17.116687774658203,False,NVIDIA_GeForce_RTX_5080,16,
regnety_080,128,16,fp16,13.378191947937012,False,NVIDIA_GeForce_RTX_5080,16,
regnety_080,128,16,fp32,17.159679412841797,False,NVIDIA_GeForce_RTX_5080,16,
regnety_080,128,32,bf16,26.05161666870117,False,NVIDIA_GeForce_RTX_5080,16,
regnety_080,128,32,fp16,23.30871963500977,False,NVIDIA_GeForce_RTX_5080,16,
regnety_080,128,32,fp32,32.07283020019531,False,NVIDIA_GeForce_RTX_5080,16,
regnety_080,128,64,bf16,37.67736053466797,False,NVIDIA_GeForce_RTX_5080,16,
regnety_080,128,64,fp16,33.759742736816406,False,NVIDIA_GeForce_RTX_5080,16,
regnety_080,128,64,fp32,78.7679214477539,False,NVIDIA_GeForce_RTX_5080,16,
regnety_080,224,16,bf16,30.60420799255371,False,NVIDIA_GeForce_RTX_5080,16,
regnety_080,224,16,fp16,26.69046401977539,False,NVIDIA_GeForce_RTX_5080,16,
regnety_080,224,16,fp32,44.79502487182617,False,NVIDIA_GeForce_RTX_5080,16,
regnety_080,224,32,bf16,57.85992050170898,False,NVIDIA_GeForce_RTX_5080,16,
regnety_080,224,32,fp16,50.20390319824219,False,NVIDIA_GeForce_RTX_5080,16,
regnety_080,224,32,fp32,94.62401580810548,False,NVIDIA_GeForce_RTX_5080,16,
regnety_080,224,64,bf16,113.21603393554688,False,NVIDIA_GeForce_RTX_5080,16,
regnety_080,224,64,fp16,100.35894775390624,False,NVIDIA_GeForce_RTX_5080,16,
regnety_080,224,64,fp32,6819.04248046875,False,NVIDIA_GeForce_RTX_5080,16,precision_artifact
regnety_160,64,16,bf16,20.540016174316406,False,NVIDIA_GeForce_RTX_5080,16,
regnety_160,64,16,fp16,19.890079498291016,False,NVIDIA_GeForce_RTX_5080,16,
regnety_160,64,16,fp32,21.169647216796875,False,NVIDIA_GeForce_RTX_5080,16,
regnety_160,64,32,bf16,29.606576919555664,False,NVIDIA_GeForce_RTX_5080,16,
regnety_160,64,32,fp16,28.542495727539062,False,NVIDIA_GeForce_RTX_5080,16,
regnety_160,64,32,fp32,30.1439208984375,False,NVIDIA_GeForce_RTX_5080,16,
regnety_160,64,64,bf16,47.30078506469727,False,NVIDIA_GeForce_RTX_5080,16,
regnety_160,64,64,fp16,44.33027267456055,False,NVIDIA_GeForce_RTX_5080,16,
regnety_160,64,64,fp32,40.67683029174805,False,NVIDIA_GeForce_RTX_5080,16,
regnety_160,128,16,bf16,27.52449607849121,False,NVIDIA_GeForce_RTX_5080,16,
regnety_160,128,16,fp16,25.86772727966309,False,NVIDIA_GeForce_RTX_5080,16,
regnety_160,128,16,fp32,29.0438232421875,False,NVIDIA_GeForce_RTX_5080,16,
regnety_160,128,32,bf16,48.040863037109375,False,NVIDIA_GeForce_RTX_5080,16,
regnety_160,128,32,fp16,41.40668869018555,False,NVIDIA_GeForce_RTX_5080,16,
regnety_160,128,32,fp32,52.37120056152344,False,NVIDIA_GeForce_RTX_5080,16,
regnety_160,128,64,bf16,77.6605453491211,False,NVIDIA_GeForce_RTX_5080,16,
regnety_160,128,64,fp16,72.20024108886719,False,NVIDIA_GeForce_RTX_5080,16,
regnety_160,128,64,fp32,104.58968353271484,False,NVIDIA_GeForce_RTX_5080,16,
regnety_160,224,16,bf16,49.799617767333984,False,NVIDIA_GeForce_RTX_5080,16,
regnety_160,224,16,fp16,44.80329513549805,False,NVIDIA_GeForce_RTX_5080,16,
regnety_160,224,16,fp32,74.68208312988281,False,NVIDIA_GeForce_RTX_5080,16,
regnety_160,224,32,bf16,85.50521850585938,False,NVIDIA_GeForce_RTX_5080,16,
regnety_160,224,32,fp16,78.04035186767578,False,NVIDIA_GeForce_RTX_5080,16,
regnety_160,224,32,fp32,150.68588256835938,False,NVIDIA_GeForce_RTX_5080,16,
regnety_160,224,64,bf16,171.887451171875,False,NVIDIA_GeForce_RTX_5080,16,
regnety_160,224,64,fp16,160.34410095214844,False,NVIDIA_GeForce_RTX_5080,16,
regnety_160,224,64,fp32,,True,NVIDIA_GeForce_RTX_5080,16,
regnety_320,64,16,bf16,29.478063583374023,False,NVIDIA_GeForce_RTX_5080,16,
regnety_320,64,16,fp16,28.375999450683597,False,NVIDIA_GeForce_RTX_5080,16,
regnety_320,64,16,fp32,33.647918701171875,False,NVIDIA_GeForce_RTX_5080,16,
regnety_320,64,32,bf16,41.16223907470703,False,NVIDIA_GeForce_RTX_5080,16,
regnety_320,64,32,fp16,39.3428955078125,False,NVIDIA_GeForce_RTX_5080,16,
regnety_320,64,32,fp32,41.99473571777344,False,NVIDIA_GeForce_RTX_5080,16,
regnety_320,64,64,bf16,66.8221435546875,False,NVIDIA_GeForce_RTX_5080,16,
regnety_320,64,64,fp16,61.743743896484375,False,NVIDIA_GeForce_RTX_5080,16,
regnety_320,64,64,fp32,67.05480194091797,False,NVIDIA_GeForce_RTX_5080,16,
regnety_320,128,16,bf16,41.8143196105957,False,NVIDIA_GeForce_RTX_5080,16,
regnety_320,128,16,fp16,36.89307022094727,False,NVIDIA_GeForce_RTX_5080,16,
regnety_320,128,16,fp32,47.08164978027344,False,NVIDIA_GeForce_RTX_5080,16,
regnety_320,128,32,bf16,66.2258071899414,False,NVIDIA_GeForce_RTX_5080,16,
regnety_320,128,32,fp16,59.7194709777832,False,NVIDIA_GeForce_RTX_5080,16,
regnety_320,128,32,fp32,81.62995147705078,False,NVIDIA_GeForce_RTX_5080,16,
regnety_320,128,64,bf16,108.54097747802734,False,NVIDIA_GeForce_RTX_5080,16,
regnety_320,128,64,fp16,105.49628448486328,False,NVIDIA_GeForce_RTX_5080,16,
regnety_320,128,64,fp32,159.34988403320312,False,NVIDIA_GeForce_RTX_5080,16,
regnety_320,224,16,bf16,76.04300689697266,False,NVIDIA_GeForce_RTX_5080,16,
regnety_320,224,16,fp16,72.55436706542969,False,NVIDIA_GeForce_RTX_5080,16,
regnety_320,224,16,fp32,125.02766418457033,False,NVIDIA_GeForce_RTX_5080,16,
regnety_320,224,32,bf16,132.51560974121094,False,NVIDIA_GeForce_RTX_5080,16,
regnety_320,224,32,fp16,127.166015625,False,NVIDIA_GeForce_RTX_5080,16,
regnety_320,224,32,fp32,307.1455383300781,False,NVIDIA_GeForce_RTX_5080,16,
regnety_320,224,64,bf16,265.8375244140625,False,NVIDIA_GeForce_RTX_5080,16,
regnety_320,224,64,fp16,252.686767578125,False,NVIDIA_GeForce_RTX_5080,16,
regnety_320,224,64,fp32,,True,NVIDIA_GeForce_RTX_5080,16,
repvgg_a2,64,16,bf16,5.149472236633301,False,NVIDIA_GeForce_RTX_5080,16,
repvgg_a2,64,16,fp16,4.875919818878174,False,NVIDIA_GeForce_RTX_5080,16,
repvgg_a2,64,16,fp32,6.688623905181885,False,NVIDIA_GeForce_RTX_5080,16,
repvgg_a2,64,32,bf16,6.171296119689941,False,NVIDIA_GeForce_RTX_5080,16,
repvgg_a2,64,32,fp16,5.693984031677246,False,NVIDIA_GeForce_RTX_5080,16,
repvgg_a2,64,32,fp32,8.609600067138672,False,NVIDIA_GeForce_RTX_5080,16,
repvgg_a2,64,64,bf16,8.358559608459473,False,NVIDIA_GeForce_RTX_5080,16,
repvgg_a2,64,64,fp16,7.404863834381103,False,NVIDIA_GeForce_RTX_5080,16,
repvgg_a2,64,64,fp32,11.801664352416992,False,NVIDIA_GeForce_RTX_5080,16,
repvgg_a2,128,16,bf16,7.477503776550293,False,NVIDIA_GeForce_RTX_5080,16,
repvgg_a2,128,16,fp16,6.877615928649902,False,NVIDIA_GeForce_RTX_5080,16,
repvgg_a2,128,16,fp32,10.326175689697266,False,NVIDIA_GeForce_RTX_5080,16,
repvgg_a2,128,32,bf16,11.146976470947266,False,NVIDIA_GeForce_RTX_5080,16,
repvgg_a2,128,32,fp16,10.130623817443848,False,NVIDIA_GeForce_RTX_5080,16,
repvgg_a2,128,32,fp32,14.987648010253906,False,NVIDIA_GeForce_RTX_5080,16,
repvgg_a2,128,64,bf16,18.079551696777344,False,NVIDIA_GeForce_RTX_5080,16,
repvgg_a2,128,64,fp16,16.401264190673828,False,NVIDIA_GeForce_RTX_5080,16,
repvgg_a2,128,64,fp32,27.159055709838867,False,NVIDIA_GeForce_RTX_5080,16,
repvgg_a2,224,16,bf16,14.228799819946287,False,NVIDIA_GeForce_RTX_5080,16,
repvgg_a2,224,16,fp16,12.94320011138916,False,NVIDIA_GeForce_RTX_5080,16,
repvgg_a2,224,16,fp32,21.804319381713867,False,NVIDIA_GeForce_RTX_5080,16,
repvgg_a2,224,32,bf16,25.802160263061523,False,NVIDIA_GeForce_RTX_5080,16,
repvgg_a2,224,32,fp16,23.907855987548828,False,NVIDIA_GeForce_RTX_5080,16,
repvgg_a2,224,32,fp32,41.15008163452149,False,NVIDIA_GeForce_RTX_5080,16,
repvgg_a2,224,64,bf16,51.29070281982422,False,NVIDIA_GeForce_RTX_5080,16,
repvgg_a2,224,64,fp16,47.50185775756836,False,NVIDIA_GeForce_RTX_5080,16,
repvgg_a2,224,64,fp32,84.6998062133789,False,NVIDIA_GeForce_RTX_5080,16,
resmlp_24_224,64,16,bf16,6.401519775390625,False,NVIDIA_GeForce_RTX_5080,16,
resmlp_24_224,64,16,fp16,6.330048084259033,False,NVIDIA_GeForce_RTX_5080,16,
resmlp_24_224,64,16,fp32,8.363936424255371,False,NVIDIA_GeForce_RTX_5080,16,
resmlp_24_224,64,32,bf16,7.365983963012695,False,NVIDIA_GeForce_RTX_5080,16,
resmlp_24_224,64,32,fp16,7.3242878913879395,False,NVIDIA_GeForce_RTX_5080,16,
resmlp_24_224,64,32,fp32,11.659296035766602,False,NVIDIA_GeForce_RTX_5080,16,
resmlp_24_224,64,64,bf16,8.746288299560547,False,NVIDIA_GeForce_RTX_5080,16,
resmlp_24_224,64,64,fp16,8.591296195983887,False,NVIDIA_GeForce_RTX_5080,16,
resmlp_24_224,64,64,fp32,15.724191665649414,False,NVIDIA_GeForce_RTX_5080,16,
resmlp_24_224,128,16,bf16,8.859024047851562,False,NVIDIA_GeForce_RTX_5080,16,
resmlp_24_224,128,16,fp16,8.88167953491211,False,NVIDIA_GeForce_RTX_5080,16,
resmlp_24_224,128,16,fp32,14.520031929016112,False,NVIDIA_GeForce_RTX_5080,16,
resmlp_24_224,128,32,bf16,12.549152374267578,False,NVIDIA_GeForce_RTX_5080,16,
resmlp_24_224,128,32,fp16,12.31443214416504,False,NVIDIA_GeForce_RTX_5080,16,
resmlp_24_224,128,32,fp32,21.051664352416992,False,NVIDIA_GeForce_RTX_5080,16,
resmlp_24_224,128,64,bf16,19.7399845123291,False,NVIDIA_GeForce_RTX_5080,16,
resmlp_24_224,128,64,fp16,19.446224212646484,False,NVIDIA_GeForce_RTX_5080,16,
resmlp_24_224,128,64,fp32,36.49828720092773,False,NVIDIA_GeForce_RTX_5080,16,
resmlp_24_224,224,16,bf16,17.519920349121094,False,NVIDIA_GeForce_RTX_5080,16,
resmlp_24_224,224,16,fp16,17.093952178955078,False,NVIDIA_GeForce_RTX_5080,16,
resmlp_24_224,224,16,fp32,30.744112014770508,False,NVIDIA_GeForce_RTX_5080,16,
resmlp_24_224,224,32,bf16,29.283039093017575,False,NVIDIA_GeForce_RTX_5080,16,
resmlp_24_224,224,32,fp16,29.260351181030277,False,NVIDIA_GeForce_RTX_5080,16,
resmlp_24_224,224,32,fp32,55.31584167480469,False,NVIDIA_GeForce_RTX_5080,16,
resmlp_24_224,224,64,bf16,53.70367813110352,False,NVIDIA_GeForce_RTX_5080,16,
resmlp_24_224,224,64,fp16,53.64814376831055,False,NVIDIA_GeForce_RTX_5080,16,
resmlp_24_224,224,64,fp32,110.73241424560548,False,NVIDIA_GeForce_RTX_5080,16,
resnet101,64,16,bf16,9.45195198059082,False,NVIDIA_GeForce_RTX_5080,16,
resnet101,64,16,fp16,8.776528358459473,False,NVIDIA_GeForce_RTX_5080,16,
resnet101,64,16,fp32,13.117919921875,False,NVIDIA_GeForce_RTX_5080,16,
resnet101,64,32,bf16,11.86892795562744,False,NVIDIA_GeForce_RTX_5080,16,
resnet101,64,32,fp16,10.53320026397705,False,NVIDIA_GeForce_RTX_5080,16,
resnet101,64,32,fp32,16.761903762817383,False,NVIDIA_GeForce_RTX_5080,16,
resnet101,64,64,bf16,18.272096633911133,False,NVIDIA_GeForce_RTX_5080,16,
resnet101,64,64,fp16,15.50592041015625,False,NVIDIA_GeForce_RTX_5080,16,
resnet101,64,64,fp32,25.490272521972656,False,NVIDIA_GeForce_RTX_5080,16,
resnet101,128,16,bf16,13.538543701171877,False,NVIDIA_GeForce_RTX_5080,16,
resnet101,128,16,fp16,11.447039604187012,False,NVIDIA_GeForce_RTX_5080,16,
resnet101,128,16,fp32,16.512096405029297,False,NVIDIA_GeForce_RTX_5080,16,
resnet101,128,32,bf16,19.77848052978516,False,NVIDIA_GeForce_RTX_5080,16,
resnet101,128,32,fp16,16.710960388183594,False,NVIDIA_GeForce_RTX_5080,16,
resnet101,128,32,fp32,27.7324161529541,False,NVIDIA_GeForce_RTX_5080,16,
resnet101,128,64,bf16,35.851470947265625,False,NVIDIA_GeForce_RTX_5080,16,
resnet101,128,64,fp16,30.41294479370117,False,NVIDIA_GeForce_RTX_5080,16,
resnet101,128,64,fp32,50.29110336303711,False,NVIDIA_GeForce_RTX_5080,16,
resnet101,224,16,bf16,25.555952072143555,False,NVIDIA_GeForce_RTX_5080,16,
resnet101,224,16,fp16,22.329423904418945,False,NVIDIA_GeForce_RTX_5080,16,
resnet101,224,16,fp32,35.328369140625,False,NVIDIA_GeForce_RTX_5080,16,
resnet101,224,32,bf16,45.23121643066406,False,NVIDIA_GeForce_RTX_5080,16,
resnet101,224,32,fp16,39.23603057861328,False,NVIDIA_GeForce_RTX_5080,16,
resnet101,224,32,fp32,70.1467056274414,False,NVIDIA_GeForce_RTX_5080,16,
resnet101,224,64,bf16,88.72704315185547,False,NVIDIA_GeForce_RTX_5080,16,
resnet101,224,64,fp16,78.73628997802734,False,NVIDIA_GeForce_RTX_5080,16,
resnet101,224,64,fp32,152.293701171875,False,NVIDIA_GeForce_RTX_5080,16,
resnet152,64,16,bf16,13.533727645874023,False,NVIDIA_GeForce_RTX_5080,16,
resnet152,64,16,fp16,12.588159561157228,False,NVIDIA_GeForce_RTX_5080,16,
resnet152,64,16,fp32,18.731952667236328,False,NVIDIA_GeForce_RTX_5080,16,
resnet152,64,32,bf16,16.899248123168945,False,NVIDIA_GeForce_RTX_5080,16,
resnet152,64,32,fp16,15.139519691467283,False,NVIDIA_GeForce_RTX_5080,16,
resnet152,64,32,fp32,23.413055419921875,False,NVIDIA_GeForce_RTX_5080,16,
resnet152,64,64,bf16,26.449264526367188,False,NVIDIA_GeForce_RTX_5080,16,
resnet152,64,64,fp16,22.53468894958496,False,NVIDIA_GeForce_RTX_5080,16,
resnet152,64,64,fp32,35.98526382446289,False,NVIDIA_GeForce_RTX_5080,16,
resnet152,128,16,bf16,19.43134307861328,False,NVIDIA_GeForce_RTX_5080,16,
resnet152,128,16,fp16,16.334800720214844,False,NVIDIA_GeForce_RTX_5080,16,
resnet152,128,16,fp32,23.07755279541016,False,NVIDIA_GeForce_RTX_5080,16,
resnet152,128,32,bf16,28.70108795166016,False,NVIDIA_GeForce_RTX_5080,16,
resnet152,128,32,fp16,24.17024040222168,False,NVIDIA_GeForce_RTX_5080,16,
resnet152,128,32,fp32,38.78596878051758,False,NVIDIA_GeForce_RTX_5080,16,
resnet152,128,64,bf16,51.39795303344727,False,NVIDIA_GeForce_RTX_5080,16,
resnet152,128,64,fp16,43.408302307128906,False,NVIDIA_GeForce_RTX_5080,16,
resnet152,128,64,fp32,69.91107177734375,False,NVIDIA_GeForce_RTX_5080,16,
resnet152,224,16,bf16,36.33622360229492,False,NVIDIA_GeForce_RTX_5080,16,
resnet152,224,16,fp16,31.8876953125,False,NVIDIA_GeForce_RTX_5080,16,
resnet152,224,16,fp32,48.9846076965332,False,NVIDIA_GeForce_RTX_5080,16,
resnet152,224,32,bf16,63.26512145996094,False,NVIDIA_GeForce_RTX_5080,16,
resnet152,224,32,fp16,54.60396957397461,False,NVIDIA_GeForce_RTX_5080,16,
resnet152,224,32,fp32,97.07662200927734,False,NVIDIA_GeForce_RTX_5080,16,
resnet152,224,64,bf16,122.98006439208984,False,NVIDIA_GeForce_RTX_5080,16,
resnet152,224,64,fp16,108.9532470703125,False,NVIDIA_GeForce_RTX_5080,16,
resnet152,224,64,fp32,567.332275390625,False,NVIDIA_GeForce_RTX_5080,16,
resnet18,64,16,bf16,2.0328478813171387,False,NVIDIA_GeForce_RTX_5080,16,
resnet18,64,16,fp16,1.9485280513763428,False,NVIDIA_GeForce_RTX_5080,16,
resnet18,64,16,fp32,3.032655954360962,False,NVIDIA_GeForce_RTX_5080,16,
resnet18,64,32,bf16,2.2933919429779053,False,NVIDIA_GeForce_RTX_5080,16,
resnet18,64,32,fp16,2.1242079734802246,False,NVIDIA_GeForce_RTX_5080,16,
resnet18,64,32,fp32,4.049407958984375,False,NVIDIA_GeForce_RTX_5080,16,
resnet18,64,64,bf16,3.031424045562744,False,NVIDIA_GeForce_RTX_5080,16,
resnet18,64,64,fp16,2.725903987884521,False,NVIDIA_GeForce_RTX_5080,16,
resnet18,64,64,fp32,6.234767913818359,False,NVIDIA_GeForce_RTX_5080,16,
resnet18,128,16,bf16,2.8922080993652344,False,NVIDIA_GeForce_RTX_5080,16,
resnet18,128,16,fp16,2.7115840911865234,False,NVIDIA_GeForce_RTX_5080,16,
resnet18,128,16,fp32,4.023647785186768,False,NVIDIA_GeForce_RTX_5080,16,
resnet18,128,32,bf16,4.791647911071777,False,NVIDIA_GeForce_RTX_5080,16,
resnet18,128,32,fp16,4.466815948486328,False,NVIDIA_GeForce_RTX_5080,16,
resnet18,128,32,fp32,5.583487987518311,False,NVIDIA_GeForce_RTX_5080,16,
resnet18,128,64,bf16,7.004432201385498,False,NVIDIA_GeForce_RTX_5080,16,
resnet18,128,64,fp16,6.408959865570068,False,NVIDIA_GeForce_RTX_5080,16,
resnet18,128,64,fp32,11.006896018981934,False,NVIDIA_GeForce_RTX_5080,16,
resnet18,224,16,bf16,5.760591983795166,False,NVIDIA_GeForce_RTX_5080,16,
resnet18,224,16,fp16,5.305136203765869,False,NVIDIA_GeForce_RTX_5080,16,
resnet18,224,16,fp32,7.654016017913818,False,NVIDIA_GeForce_RTX_5080,16,
resnet18,224,32,bf16,10.13771152496338,False,NVIDIA_GeForce_RTX_5080,16,
resnet18,224,32,fp16,9.394543647766112,False,NVIDIA_GeForce_RTX_5080,16,
resnet18,224,32,fp32,14.724143981933594,False,NVIDIA_GeForce_RTX_5080,16,
resnet18,224,64,bf16,19.66744041442871,False,NVIDIA_GeForce_RTX_5080,16,
resnet18,224,64,fp16,18.054288864135746,False,NVIDIA_GeForce_RTX_5080,16,
resnet18,224,64,fp32,31.27672004699707,False,NVIDIA_GeForce_RTX_5080,16,
resnet200,64,16,bf16,16.258975982666016,False,NVIDIA_GeForce_RTX_5080,16,
resnet200,64,16,fp16,14.988287925720217,False,NVIDIA_GeForce_RTX_5080,16,
resnet200,64,16,fp32,21.43231964111328,False,NVIDIA_GeForce_RTX_5080,16,
resnet200,64,32,bf16,20.260448455810547,False,NVIDIA_GeForce_RTX_5080,16,
resnet200,64,32,fp16,17.995376586914062,False,NVIDIA_GeForce_RTX_5080,16,
resnet200,64,32,fp32,27.51036834716797,False,NVIDIA_GeForce_RTX_5080,16,
resnet200,64,64,bf16,31.511871337890625,False,NVIDIA_GeForce_RTX_5080,16,
resnet200,64,64,fp16,26.66942405700684,False,NVIDIA_GeForce_RTX_5080,16,
resnet200,64,64,fp32,42.8870735168457,False,NVIDIA_GeForce_RTX_5080,16,
resnet200,128,16,bf16,24.126527786254883,False,NVIDIA_GeForce_RTX_5080,16,
resnet200,128,16,fp16,19.973360061645508,False,NVIDIA_GeForce_RTX_5080,16,
resnet200,128,16,fp32,28.581344604492188,False,NVIDIA_GeForce_RTX_5080,16,
resnet200,128,32,bf16,38.63731384277344,False,NVIDIA_GeForce_RTX_5080,16,
resnet200,128,32,fp16,32.336544036865234,False,NVIDIA_GeForce_RTX_5080,16,
resnet200,128,32,fp32,47.87001419067383,False,NVIDIA_GeForce_RTX_5080,16,
resnet200,128,64,bf16,65.13345336914062,False,NVIDIA_GeForce_RTX_5080,16,
resnet200,128,64,fp16,53.59534454345703,False,NVIDIA_GeForce_RTX_5080,16,
resnet200,128,64,fp32,90.43135833740234,False,NVIDIA_GeForce_RTX_5080,16,
resnet200,224,16,bf16,47.92211151123047,False,NVIDIA_GeForce_RTX_5080,16,
resnet200,224,16,fp16,39.64723205566406,False,NVIDIA_GeForce_RTX_5080,16,
resnet200,224,16,fp32,63.41532897949219,False,NVIDIA_GeForce_RTX_5080,16,
resnet200,224,32,bf16,84.49368286132812,False,NVIDIA_GeForce_RTX_5080,16,
resnet200,224,32,fp16,70.37064361572266,False,NVIDIA_GeForce_RTX_5080,16,
resnet200,224,32,fp32,130.35963439941406,False,NVIDIA_GeForce_RTX_5080,16,
resnet200,224,64,bf16,166.84133911132812,False,NVIDIA_GeForce_RTX_5080,16,
resnet200,224,64,fp16,145.52847290039062,False,NVIDIA_GeForce_RTX_5080,16,
resnet200,224,64,fp32,,True,NVIDIA_GeForce_RTX_5080,16,
resnet50,64,16,bf16,4.9476637840271,False,NVIDIA_GeForce_RTX_5080,16,
resnet50,64,16,fp16,4.543791770935059,False,NVIDIA_GeForce_RTX_5080,16,
resnet50,64,16,fp32,6.977903842926025,False,NVIDIA_GeForce_RTX_5080,16,
resnet50,64,32,bf16,6.184144020080566,False,NVIDIA_GeForce_RTX_5080,16,
resnet50,64,32,fp16,5.417503833770752,False,NVIDIA_GeForce_RTX_5080,16,
resnet50,64,32,fp32,9.505151748657228,False,NVIDIA_GeForce_RTX_5080,16,
resnet50,64,64,bf16,9.2882080078125,False,NVIDIA_GeForce_RTX_5080,16,
resnet50,64,64,fp16,7.605199813842773,False,NVIDIA_GeForce_RTX_5080,16,
resnet50,64,64,fp32,13.93832015991211,False,NVIDIA_GeForce_RTX_5080,16,
resnet50,128,16,bf16,7.321872234344482,False,NVIDIA_GeForce_RTX_5080,16,
resnet50,128,16,fp16,6.225183963775635,False,NVIDIA_GeForce_RTX_5080,16,
resnet50,128,16,fp32,9.638815879821776,False,NVIDIA_GeForce_RTX_5080,16,
resnet50,128,32,bf16,11.456735610961914,False,NVIDIA_GeForce_RTX_5080,16,
resnet50,128,32,fp16,9.565888404846191,False,NVIDIA_GeForce_RTX_5080,16,
resnet50,128,32,fp32,16.181535720825195,False,NVIDIA_GeForce_RTX_5080,16,
resnet50,128,64,bf16,19.914400100708008,False,NVIDIA_GeForce_RTX_5080,16,
resnet50,128,64,fp16,16.867647171020508,False,NVIDIA_GeForce_RTX_5080,16,
resnet50,128,64,fp32,31.510448455810547,False,NVIDIA_GeForce_RTX_5080,16,
resnet50,224,16,bf16,15.314000129699709,False,NVIDIA_GeForce_RTX_5080,16,
resnet50,224,16,fp16,12.87275218963623,False,NVIDIA_GeForce_RTX_5080,16,
resnet50,224,16,fp32,22.130544662475582,False,NVIDIA_GeForce_RTX_5080,16,
resnet50,224,32,bf16,28.59211158752441,False,NVIDIA_GeForce_RTX_5080,16,
resnet50,224,32,fp16,24.423471450805664,False,NVIDIA_GeForce_RTX_5080,16,
resnet50,224,32,fp32,45.55241775512695,False,NVIDIA_GeForce_RTX_5080,16,
resnet50,224,64,bf16,58.27841567993164,False,NVIDIA_GeForce_RTX_5080,16,
resnet50,224,64,fp16,51.1834716796875,False,NVIDIA_GeForce_RTX_5080,16,
resnet50,224,64,fp32,97.21129608154295,False,NVIDIA_GeForce_RTX_5080,16,
resnext101_64x4d,64,16,bf16,19.16654396057129,False,NVIDIA_GeForce_RTX_5080,16,
resnext101_64x4d,64,16,fp16,17.37563133239746,False,NVIDIA_GeForce_RTX_5080,16,
resnext101_64x4d,64,16,fp32,36.82444763183594,False,NVIDIA_GeForce_RTX_5080,16,
resnext101_64x4d,64,32,bf16,31.76753616333008,False,NVIDIA_GeForce_RTX_5080,16,
resnext101_64x4d,64,32,fp16,27.83558464050293,False,NVIDIA_GeForce_RTX_5080,16,
resnext101_64x4d,64,32,fp32,52.69673538208008,False,NVIDIA_GeForce_RTX_5080,16,
resnext101_64x4d,64,64,bf16,55.42334365844727,False,NVIDIA_GeForce_RTX_5080,16,
resnext101_64x4d,64,64,fp16,48.120113372802734,False,NVIDIA_GeForce_RTX_5080,16,
resnext101_64x4d,64,64,fp32,83.32588958740234,False,NVIDIA_GeForce_RTX_5080,16,
resnext101_64x4d,128,16,bf16,34.16072082519531,False,NVIDIA_GeForce_RTX_5080,16,
resnext101_64x4d,128,16,fp16,21.246944427490234,False,NVIDIA_GeForce_RTX_5080,16,
resnext101_64x4d,128,16,fp32,53.23219299316406,False,NVIDIA_GeForce_RTX_5080,16,
resnext101_64x4d,128,32,bf16,40.32444763183594,False,NVIDIA_GeForce_RTX_5080,16,
resnext101_64x4d,128,32,fp16,27.452735900878903,False,NVIDIA_GeForce_RTX_5080,16,
resnext101_64x4d,128,32,fp32,59.04244613647461,False,NVIDIA_GeForce_RTX_5080,16,
resnext101_64x4d,128,64,bf16,71.95457458496094,False,NVIDIA_GeForce_RTX_5080,16,
resnext101_64x4d,128,64,fp16,59.1652946472168,False,NVIDIA_GeForce_RTX_5080,16,
resnext101_64x4d,128,64,fp32,107.25099182128906,False,NVIDIA_GeForce_RTX_5080,16,
resnext101_64x4d,224,16,bf16,54.87444686889648,False,NVIDIA_GeForce_RTX_5080,16,
resnext101_64x4d,224,16,fp16,44.84475326538086,False,NVIDIA_GeForce_RTX_5080,16,
resnext101_64x4d,224,16,fp32,88.04438018798828,False,NVIDIA_GeForce_RTX_5080,16,
resnext101_64x4d,224,32,bf16,95.3628158569336,False,NVIDIA_GeForce_RTX_5080,16,
resnext101_64x4d,224,32,fp16,78.89913940429688,False,NVIDIA_GeForce_RTX_5080,16,
resnext101_64x4d,224,32,fp32,166.89309692382812,False,NVIDIA_GeForce_RTX_5080,16,
resnext101_64x4d,224,64,bf16,188.88922119140625,False,NVIDIA_GeForce_RTX_5080,16,
resnext101_64x4d,224,64,fp16,162.36825561523438,False,NVIDIA_GeForce_RTX_5080,16,
resnext101_64x4d,224,64,fp32,,True,NVIDIA_GeForce_RTX_5080,16,
resnext50_32x4d,64,16,bf16,5.509456157684326,False,NVIDIA_GeForce_RTX_5080,16,
resnext50_32x4d,64,16,fp16,4.954783916473389,False,NVIDIA_GeForce_RTX_5080,16,
resnext50_32x4d,64,16,fp32,10.574399948120115,False,NVIDIA_GeForce_RTX_5080,16,
resnext50_32x4d,64,32,bf16,7.778063774108887,False,NVIDIA_GeForce_RTX_5080,16,
resnext50_32x4d,64,32,fp16,6.438191890716553,False,NVIDIA_GeForce_RTX_5080,16,
resnext50_32x4d,64,32,fp32,14.794943809509276,False,NVIDIA_GeForce_RTX_5080,16,
resnext50_32x4d,64,64,bf16,12.662063598632812,False,NVIDIA_GeForce_RTX_5080,16,
resnext50_32x4d,64,64,fp16,10.292384147644045,False,NVIDIA_GeForce_RTX_5080,16,
resnext50_32x4d,64,64,fp32,21.146976470947266,False,NVIDIA_GeForce_RTX_5080,16,
resnext50_32x4d,128,16,bf16,9.135503768920898,False,NVIDIA_GeForce_RTX_5080,16,
resnext50_32x4d,128,16,fp16,7.061376094818115,False,NVIDIA_GeForce_RTX_5080,16,
resnext50_32x4d,128,16,fp32,17.262752532958984,False,NVIDIA_GeForce_RTX_5080,16,
resnext50_32x4d,128,32,bf16,13.452367782592772,False,NVIDIA_GeForce_RTX_5080,16,
resnext50_32x4d,128,32,fp16,10.12606430053711,False,NVIDIA_GeForce_RTX_5080,16,
resnext50_32x4d,128,32,fp32,22.51483154296875,False,NVIDIA_GeForce_RTX_5080,16,
resnext50_32x4d,128,64,bf16,27.27856063842773,False,NVIDIA_GeForce_RTX_5080,16,
resnext50_32x4d,128,64,fp16,20.98684883117676,False,NVIDIA_GeForce_RTX_5080,16,
resnext50_32x4d,128,64,fp32,41.18830490112305,False,NVIDIA_GeForce_RTX_5080,16,
resnext50_32x4d,224,16,bf16,20.03481674194336,False,NVIDIA_GeForce_RTX_5080,16,
resnext50_32x4d,224,16,fp16,15.33499240875244,False,NVIDIA_GeForce_RTX_5080,16,
resnext50_32x4d,224,16,fp32,31.35931205749512,False,NVIDIA_GeForce_RTX_5080,16,
resnext50_32x4d,224,32,bf16,36.91182327270508,False,NVIDIA_GeForce_RTX_5080,16,
resnext50_32x4d,224,32,fp16,29.18129539489746,False,NVIDIA_GeForce_RTX_5080,16,
resnext50_32x4d,224,32,fp32,62.98267364501953,False,NVIDIA_GeForce_RTX_5080,16,
resnext50_32x4d,224,64,bf16,77.26428985595703,False,NVIDIA_GeForce_RTX_5080,16,
resnext50_32x4d,224,64,fp16,63.71382522583008,False,NVIDIA_GeForce_RTX_5080,16,
resnext50_32x4d,224,64,fp32,127.9168472290039,False,NVIDIA_GeForce_RTX_5080,16,
swin_base_patch4_window7_224,64,16,bf16,13.319295883178713,False,NVIDIA_GeForce_RTX_5080,16,
swin_base_patch4_window7_224,64,16,fp16,13.160847663879396,False,NVIDIA_GeForce_RTX_5080,16,
swin_base_patch4_window7_224,64,16,fp32,16.63924789428711,False,NVIDIA_GeForce_RTX_5080,16,
swin_base_patch4_window7_224,64,32,bf16,15.314576148986816,False,NVIDIA_GeForce_RTX_5080,16,
swin_base_patch4_window7_224,64,32,fp16,15.224543571472168,False,NVIDIA_GeForce_RTX_5080,16,
swin_base_patch4_window7_224,64,32,fp32,23.17540740966797,False,NVIDIA_GeForce_RTX_5080,16,
swin_base_patch4_window7_224,64,64,bf16,20.730623245239254,False,NVIDIA_GeForce_RTX_5080,16,
swin_base_patch4_window7_224,64,64,fp16,20.77004814147949,False,NVIDIA_GeForce_RTX_5080,16,
swin_base_patch4_window7_224,64,64,fp32,34.02171325683594,False,NVIDIA_GeForce_RTX_5080,16,
swin_base_patch4_window7_224,128,16,bf16,26.08513641357422,False,NVIDIA_GeForce_RTX_5080,16,
swin_base_patch4_window7_224,128,16,fp16,25.808143615722656,False,NVIDIA_GeForce_RTX_5080,16,
swin_base_patch4_window7_224,128,16,fp32,42.31851196289063,False,NVIDIA_GeForce_RTX_5080,16,
swin_base_patch4_window7_224,128,32,bf16,42.23409652709961,False,NVIDIA_GeForce_RTX_5080,16,
swin_base_patch4_window7_224,128,32,fp16,41.62179183959961,False,NVIDIA_GeForce_RTX_5080,16,
swin_base_patch4_window7_224,128,32,fp32,76.53734588623047,False,NVIDIA_GeForce_RTX_5080,16,
swin_base_patch4_window7_224,128,64,bf16,79.05782318115234,False,NVIDIA_GeForce_RTX_5080,16,
swin_base_patch4_window7_224,128,64,fp16,78.1627197265625,False,NVIDIA_GeForce_RTX_5080,16,
swin_base_patch4_window7_224,128,64,fp32,151.89988708496094,False,NVIDIA_GeForce_RTX_5080,16,
swin_base_patch4_window7_224,224,16,bf16,40.370094299316406,False,NVIDIA_GeForce_RTX_5080,16,
swin_base_patch4_window7_224,224,16,fp16,40.0526237487793,False,NVIDIA_GeForce_RTX_5080,16,
swin_base_patch4_window7_224,224,16,fp32,74.00883483886719,False,NVIDIA_GeForce_RTX_5080,16,
swin_base_patch4_window7_224,224,32,bf16,75.79102325439453,False,NVIDIA_GeForce_RTX_5080,16,
swin_base_patch4_window7_224,224,32,fp16,75.1612777709961,False,NVIDIA_GeForce_RTX_5080,16,
swin_base_patch4_window7_224,224,32,fp32,144.77777099609375,False,NVIDIA_GeForce_RTX_5080,16,
swin_base_patch4_window7_224,224,64,bf16,153.544921875,False,NVIDIA_GeForce_RTX_5080,16,
swin_base_patch4_window7_224,224,64,fp16,152.5965118408203,False,NVIDIA_GeForce_RTX_5080,16,
swin_base_patch4_window7_224,224,64,fp32,,True,NVIDIA_GeForce_RTX_5080,16,
swin_tiny_patch4_window7_224,64,16,bf16,5.820015907287598,False,NVIDIA_GeForce_RTX_5080,16,
swin_tiny_patch4_window7_224,64,16,fp16,5.682672023773193,False,NVIDIA_GeForce_RTX_5080,16,
swin_tiny_patch4_window7_224,64,16,fp32,7.068575859069824,False,NVIDIA_GeForce_RTX_5080,16,
swin_tiny_patch4_window7_224,64,32,bf16,7.044976234436035,False,NVIDIA_GeForce_RTX_5080,16,
swin_tiny_patch4_window7_224,64,32,fp16,6.893104076385498,False,NVIDIA_GeForce_RTX_5080,16,
swin_tiny_patch4_window7_224,64,32,fp32,10.027600288391112,False,NVIDIA_GeForce_RTX_5080,16,
swin_tiny_patch4_window7_224,64,64,bf16,9.676495552062988,False,NVIDIA_GeForce_RTX_5080,16,
swin_tiny_patch4_window7_224,64,64,fp16,9.387311935424805,False,NVIDIA_GeForce_RTX_5080,16,
swin_tiny_patch4_window7_224,64,64,fp32,14.817487716674805,False,NVIDIA_GeForce_RTX_5080,16,
swin_tiny_patch4_window7_224,128,16,bf16,10.310640335083008,False,NVIDIA_GeForce_RTX_5080,16,
swin_tiny_patch4_window7_224,128,16,fp16,10.152591705322266,False,NVIDIA_GeForce_RTX_5080,16,
swin_tiny_patch4_window7_224,128,16,fp32,15.9061279296875,False,NVIDIA_GeForce_RTX_5080,16,
swin_tiny_patch4_window7_224,128,32,bf16,16.064207077026367,False,NVIDIA_GeForce_RTX_5080,16,
swin_tiny_patch4_window7_224,128,32,fp16,15.79593563079834,False,NVIDIA_GeForce_RTX_5080,16,
swin_tiny_patch4_window7_224,128,32,fp32,26.904687881469727,False,NVIDIA_GeForce_RTX_5080,16,
swin_tiny_patch4_window7_224,128,64,bf16,29.23708724975586,False,NVIDIA_GeForce_RTX_5080,16,
swin_tiny_patch4_window7_224,128,64,fp16,28.88947105407715,False,NVIDIA_GeForce_RTX_5080,16,
swin_tiny_patch4_window7_224,128,64,fp32,52.834720611572266,False,NVIDIA_GeForce_RTX_5080,16,
swin_tiny_patch4_window7_224,224,16,bf16,17.532432556152344,False,NVIDIA_GeForce_RTX_5080,16,
swin_tiny_patch4_window7_224,224,16,fp16,17.04110336303711,False,NVIDIA_GeForce_RTX_5080,16,
swin_tiny_patch4_window7_224,224,16,fp32,29.52302360534668,False,NVIDIA_GeForce_RTX_5080,16,
swin_tiny_patch4_window7_224,224,32,bf16,32.207950592041016,False,NVIDIA_GeForce_RTX_5080,16,
swin_tiny_patch4_window7_224,224,32,fp16,31.88339233398437,False,NVIDIA_GeForce_RTX_5080,16,
swin_tiny_patch4_window7_224,224,32,fp32,56.96238327026367,False,NVIDIA_GeForce_RTX_5080,16,
swin_tiny_patch4_window7_224,224,64,bf16,67.09516906738281,False,NVIDIA_GeForce_RTX_5080,16,
swin_tiny_patch4_window7_224,224,64,fp16,67.79147338867188,False,NVIDIA_GeForce_RTX_5080,16,
swin_tiny_patch4_window7_224,224,64,fp32,123.4240951538086,False,NVIDIA_GeForce_RTX_5080,16,
swinv2_cr_tiny_ns_224,64,16,bf16,6.8700480461120605,False,NVIDIA_GeForce_RTX_5080,16,
swinv2_cr_tiny_ns_224,64,16,fp16,6.771520137786865,False,NVIDIA_GeForce_RTX_5080,16,
swinv2_cr_tiny_ns_224,64,16,fp32,7.639039993286133,False,NVIDIA_GeForce_RTX_5080,16,
swinv2_cr_tiny_ns_224,64,32,bf16,7.993408203125,False,NVIDIA_GeForce_RTX_5080,16,
swinv2_cr_tiny_ns_224,64,32,fp16,7.896063804626465,False,NVIDIA_GeForce_RTX_5080,16,
swinv2_cr_tiny_ns_224,64,32,fp32,10.395711898803713,False,NVIDIA_GeForce_RTX_5080,16,
swinv2_cr_tiny_ns_224,64,64,bf16,10.50216007232666,False,NVIDIA_GeForce_RTX_5080,16,
swinv2_cr_tiny_ns_224,64,64,fp16,10.23630428314209,False,NVIDIA_GeForce_RTX_5080,16,
swinv2_cr_tiny_ns_224,64,64,fp32,15.019503593444824,False,NVIDIA_GeForce_RTX_5080,16,
swinv2_cr_tiny_ns_224,128,16,bf16,10.18889617919922,False,NVIDIA_GeForce_RTX_5080,16,
swinv2_cr_tiny_ns_224,128,16,fp16,10.21123218536377,False,NVIDIA_GeForce_RTX_5080,16,
swinv2_cr_tiny_ns_224,128,16,fp32,14.716575622558594,False,NVIDIA_GeForce_RTX_5080,16,
swinv2_cr_tiny_ns_224,128,32,bf16,14.879648208618164,False,NVIDIA_GeForce_RTX_5080,16,
swinv2_cr_tiny_ns_224,128,32,fp16,14.826607704162598,False,NVIDIA_GeForce_RTX_5080,16,
swinv2_cr_tiny_ns_224,128,32,fp32,23.72382354736328,False,NVIDIA_GeForce_RTX_5080,16,
swinv2_cr_tiny_ns_224,128,64,bf16,25.850831985473636,False,NVIDIA_GeForce_RTX_5080,16,
swinv2_cr_tiny_ns_224,128,64,fp16,25.779216766357425,False,NVIDIA_GeForce_RTX_5080,16,
swinv2_cr_tiny_ns_224,128,64,fp32,44.16971206665039,False,NVIDIA_GeForce_RTX_5080,16,
swinv2_cr_tiny_ns_224,224,16,bf16,22.811391830444336,False,NVIDIA_GeForce_RTX_5080,16,
swinv2_cr_tiny_ns_224,224,16,fp16,22.478639602661133,False,NVIDIA_GeForce_RTX_5080,16,
swinv2_cr_tiny_ns_224,224,16,fp32,34.43540954589844,False,NVIDIA_GeForce_RTX_5080,16,
swinv2_cr_tiny_ns_224,224,32,bf16,43.6402702331543,False,NVIDIA_GeForce_RTX_5080,16,
swinv2_cr_tiny_ns_224,224,32,fp16,43.13662338256836,False,NVIDIA_GeForce_RTX_5080,16,
swinv2_cr_tiny_ns_224,224,32,fp32,67.08102416992188,False,NVIDIA_GeForce_RTX_5080,16,
swinv2_cr_tiny_ns_224,224,64,bf16,94.25794982910156,False,NVIDIA_GeForce_RTX_5080,16,
swinv2_cr_tiny_ns_224,224,64,fp16,93.8414077758789,False,NVIDIA_GeForce_RTX_5080,16,
swinv2_cr_tiny_ns_224,224,64,fp32,140.33311462402344,False,NVIDIA_GeForce_RTX_5080,16,
twins_pcpvt_small,64,16,bf16,6.628511905670166,False,NVIDIA_GeForce_RTX_5080,16,
twins_pcpvt_small,64,16,fp16,6.444816112518311,False,NVIDIA_GeForce_RTX_5080,16,
twins_pcpvt_small,64,16,fp32,7.768640041351318,False,NVIDIA_GeForce_RTX_5080,16,
twins_pcpvt_small,64,32,bf16,7.544464111328125,False,NVIDIA_GeForce_RTX_5080,16,
twins_pcpvt_small,64,32,fp16,7.425504207611084,False,NVIDIA_GeForce_RTX_5080,16,
twins_pcpvt_small,64,32,fp32,10.426287651062012,False,NVIDIA_GeForce_RTX_5080,16,
twins_pcpvt_small,64,64,bf16,9.830351829528809,False,NVIDIA_GeForce_RTX_5080,16,
twins_pcpvt_small,64,64,fp16,9.648863792419434,False,NVIDIA_GeForce_RTX_5080,16,
twins_pcpvt_small,64,64,fp32,15.553711891174316,False,NVIDIA_GeForce_RTX_5080,16,
twins_pcpvt_small,128,16,bf16,9.54099178314209,False,NVIDIA_GeForce_RTX_5080,16,
twins_pcpvt_small,128,16,fp16,9.382271766662598,False,NVIDIA_GeForce_RTX_5080,16,
twins_pcpvt_small,128,16,fp32,14.415167808532717,False,NVIDIA_GeForce_RTX_5080,16,
twins_pcpvt_small,128,32,bf16,13.422752380371094,False,NVIDIA_GeForce_RTX_5080,16,
twins_pcpvt_small,128,32,fp16,13.129776000976562,False,NVIDIA_GeForce_RTX_5080,16,
twins_pcpvt_small,128,32,fp32,21.94753646850586,False,NVIDIA_GeForce_RTX_5080,16,
twins_pcpvt_small,128,64,bf16,21.56719970703125,False,NVIDIA_GeForce_RTX_5080,16,
twins_pcpvt_small,128,64,fp16,21.393999099731445,False,NVIDIA_GeForce_RTX_5080,16,
twins_pcpvt_small,128,64,fp32,38.5742416381836,False,NVIDIA_GeForce_RTX_5080,16,
twins_pcpvt_small,224,16,bf16,18.327072143554688,False,NVIDIA_GeForce_RTX_5080,16,
twins_pcpvt_small,224,16,fp16,18.219871520996094,False,NVIDIA_GeForce_RTX_5080,16,
twins_pcpvt_small,224,16,fp32,33.3873291015625,False,NVIDIA_GeForce_RTX_5080,16,
twins_pcpvt_small,224,32,bf16,30.138240814208984,False,NVIDIA_GeForce_RTX_5080,16,
twins_pcpvt_small,224,32,fp16,30.461599349975582,False,NVIDIA_GeForce_RTX_5080,16,
twins_pcpvt_small,224,32,fp32,55.8524169921875,False,NVIDIA_GeForce_RTX_5080,16,
twins_pcpvt_small,224,64,bf16,58.2496337890625,False,NVIDIA_GeForce_RTX_5080,16,
twins_pcpvt_small,224,64,fp16,58.15748977661133,False,NVIDIA_GeForce_RTX_5080,16,
twins_pcpvt_small,224,64,fp32,105.32328033447266,False,NVIDIA_GeForce_RTX_5080,16,
twins_svt_small,64,16,bf16,6.981791973114014,False,NVIDIA_GeForce_RTX_5080,16,
twins_svt_small,64,16,fp16,6.846831798553467,False,NVIDIA_GeForce_RTX_5080,16,
twins_svt_small,64,16,fp32,7.618591785430908,False,NVIDIA_GeForce_RTX_5080,16,
twins_svt_small,64,32,bf16,8.52348804473877,False,NVIDIA_GeForce_RTX_5080,16,
twins_svt_small,64,32,fp16,8.384927749633789,False,NVIDIA_GeForce_RTX_5080,16,
twins_svt_small,64,32,fp32,10.516511917114258,False,NVIDIA_GeForce_RTX_5080,16,
twins_svt_small,64,64,bf16,11.485872268676758,False,NVIDIA_GeForce_RTX_5080,16,
twins_svt_small,64,64,fp16,11.36464023590088,False,NVIDIA_GeForce_RTX_5080,16,
twins_svt_small,64,64,fp32,15.722016334533691,False,NVIDIA_GeForce_RTX_5080,16,
twins_svt_small,128,16,bf16,10.137104034423828,False,NVIDIA_GeForce_RTX_5080,16,
twins_svt_small,128,16,fp16,10.02560043334961,False,NVIDIA_GeForce_RTX_5080,16,
twins_svt_small,128,16,fp32,12.971808433532717,False,NVIDIA_GeForce_RTX_5080,16,
twins_svt_small,128,32,bf16,14.36193561553955,False,NVIDIA_GeForce_RTX_5080,16,
twins_svt_small,128,32,fp16,14.291935920715332,False,NVIDIA_GeForce_RTX_5080,16,
twins_svt_small,128,32,fp32,20.605472564697266,False,NVIDIA_GeForce_RTX_5080,16,
twins_svt_small,128,64,bf16,23.845983505249023,False,NVIDIA_GeForce_RTX_5080,16,
twins_svt_small,128,64,fp16,24.02699279785156,False,NVIDIA_GeForce_RTX_5080,16,
twins_svt_small,128,64,fp32,35.230831146240234,False,NVIDIA_GeForce_RTX_5080,16,
twins_svt_small,224,16,bf16,16.412128448486328,False,NVIDIA_GeForce_RTX_5080,16,
twins_svt_small,224,16,fp16,16.173728942871094,False,NVIDIA_GeForce_RTX_5080,16,
twins_svt_small,224,16,fp32,24.545440673828125,False,NVIDIA_GeForce_RTX_5080,16,
twins_svt_small,224,32,bf16,26.69291114807129,False,NVIDIA_GeForce_RTX_5080,16,
twins_svt_small,224,32,fp16,26.796480178833008,False,NVIDIA_GeForce_RTX_5080,16,
twins_svt_small,224,32,fp32,42.66979217529297,False,NVIDIA_GeForce_RTX_5080,16,
twins_svt_small,224,64,bf16,51.9884147644043,False,NVIDIA_GeForce_RTX_5080,16,
twins_svt_small,224,64,fp16,51.93769454956055,False,NVIDIA_GeForce_RTX_5080,16,
twins_svt_small,224,64,fp32,83.55046081542969,False,NVIDIA_GeForce_RTX_5080,16,
vit_base_patch16_224,64,16,bf16,8.844271659851074,False,NVIDIA_GeForce_RTX_5080,16,
vit_base_patch16_224,64,16,fp16,8.839728355407715,False,NVIDIA_GeForce_RTX_5080,16,
vit_base_patch16_224,64,16,fp32,13.31009578704834,False,NVIDIA_GeForce_RTX_5080,16,
vit_base_patch16_224,64,32,bf16,10.8646879196167,False,NVIDIA_GeForce_RTX_5080,16,
vit_base_patch16_224,64,32,fp16,10.83073616027832,False,NVIDIA_GeForce_RTX_5080,16,
vit_base_patch16_224,64,32,fp32,18.038719177246094,False,NVIDIA_GeForce_RTX_5080,16,
vit_base_patch16_224,64,64,bf16,14.318655967712402,False,NVIDIA_GeForce_RTX_5080,16,
vit_base_patch16_224,64,64,fp16,14.120304107666016,False,NVIDIA_GeForce_RTX_5080,16,
vit_base_patch16_224,64,64,fp32,27.62097549438477,False,NVIDIA_GeForce_RTX_5080,16,
vit_base_patch16_224,128,16,bf16,13.6255521774292,False,NVIDIA_GeForce_RTX_5080,16,
vit_base_patch16_224,128,16,fp16,13.581343650817873,False,NVIDIA_GeForce_RTX_5080,16,
vit_base_patch16_224,128,16,fp32,27.863983154296875,False,NVIDIA_GeForce_RTX_5080,16,
vit_base_patch16_224,128,32,bf16,19.931983947753903,False,NVIDIA_GeForce_RTX_5080,16,
vit_base_patch16_224,128,32,fp16,19.64067268371582,False,NVIDIA_GeForce_RTX_5080,16,
vit_base_patch16_224,128,32,fp32,46.70159912109375,False,NVIDIA_GeForce_RTX_5080,16,
vit_base_patch16_224,128,64,bf16,33.15977478027344,False,NVIDIA_GeForce_RTX_5080,16,
vit_base_patch16_224,128,64,fp16,33.5699348449707,False,NVIDIA_GeForce_RTX_5080,16,
vit_base_patch16_224,128,64,fp32,87.25444793701172,False,NVIDIA_GeForce_RTX_5080,16,
vit_base_patch16_224,224,16,bf16,27.084863662719727,False,NVIDIA_GeForce_RTX_5080,16,
vit_base_patch16_224,224,16,fp16,27.341455459594727,False,NVIDIA_GeForce_RTX_5080,16,
vit_base_patch16_224,224,16,fp32,69.92212677001953,False,NVIDIA_GeForce_RTX_5080,16,
vit_base_patch16_224,224,32,bf16,49.23583984375,False,NVIDIA_GeForce_RTX_5080,16,
vit_base_patch16_224,224,32,fp16,48.86062240600586,False,NVIDIA_GeForce_RTX_5080,16,
vit_base_patch16_224,224,32,fp32,136.667724609375,False,NVIDIA_GeForce_RTX_5080,16,
vit_base_patch16_224,224,64,bf16,98.45295715332033,False,NVIDIA_GeForce_RTX_5080,16,
vit_base_patch16_224,224,64,fp16,98.189453125,False,NVIDIA_GeForce_RTX_5080,16,
vit_base_patch16_224,224,64,fp32,267.8919982910156,False,NVIDIA_GeForce_RTX_5080,16,
vit_large_patch16_224,64,16,bf16,27.37169647216797,False,NVIDIA_GeForce_RTX_5080,16,
vit_large_patch16_224,64,16,fp16,27.676816940307617,False,NVIDIA_GeForce_RTX_5080,16,
vit_large_patch16_224,64,16,fp32,39.86705780029297,False,NVIDIA_GeForce_RTX_5080,16,
vit_large_patch16_224,64,32,bf16,34.181583404541016,False,NVIDIA_GeForce_RTX_5080,16,
vit_large_patch16_224,64,32,fp16,33.76228713989258,False,NVIDIA_GeForce_RTX_5080,16,
vit_large_patch16_224,64,32,fp32,56.55112075805664,False,NVIDIA_GeForce_RTX_5080,16,
vit_large_patch16_224,64,64,bf16,44.97995376586914,False,NVIDIA_GeForce_RTX_5080,16,
vit_large_patch16_224,64,64,fp16,44.795711517333984,False,NVIDIA_GeForce_RTX_5080,16,
vit_large_patch16_224,64,64,fp32,90.97726440429688,False,NVIDIA_GeForce_RTX_5080,16,
vit_large_patch16_224,128,16,bf16,42.8267822265625,False,NVIDIA_GeForce_RTX_5080,16,
vit_large_patch16_224,128,16,fp16,42.723392486572266,False,NVIDIA_GeForce_RTX_5080,16,
vit_large_patch16_224,128,16,fp32,92.54151916503906,False,NVIDIA_GeForce_RTX_5080,16,
vit_large_patch16_224,128,32,bf16,64.5771484375,False,NVIDIA_GeForce_RTX_5080,16,
vit_large_patch16_224,128,32,fp16,64.44297790527344,False,NVIDIA_GeForce_RTX_5080,16,
vit_large_patch16_224,128,32,fp32,157.97967529296875,False,NVIDIA_GeForce_RTX_5080,16,
vit_large_patch16_224,128,64,bf16,111.5335693359375,False,NVIDIA_GeForce_RTX_5080,16,
vit_large_patch16_224,128,64,fp16,111.3699188232422,False,NVIDIA_GeForce_RTX_5080,16,
vit_large_patch16_224,128,64,fp32,286.12841796875,False,NVIDIA_GeForce_RTX_5080,16,
vit_large_patch16_224,224,16,bf16,88.64164733886719,False,NVIDIA_GeForce_RTX_5080,16,
vit_large_patch16_224,224,16,fp16,88.45619201660156,False,NVIDIA_GeForce_RTX_5080,16,
vit_large_patch16_224,224,16,fp32,227.9633026123047,False,NVIDIA_GeForce_RTX_5080,16,
vit_large_patch16_224,224,32,bf16,162.8656463623047,False,NVIDIA_GeForce_RTX_5080,16,
vit_large_patch16_224,224,32,fp16,162.54315185546875,False,NVIDIA_GeForce_RTX_5080,16,
vit_large_patch16_224,224,32,fp32,3419.153076171875,False,NVIDIA_GeForce_RTX_5080,16,precision_artifact
vit_large_patch16_224,224,64,bf16,,True,NVIDIA_GeForce_RTX_5080,16,
vit_large_patch16_224,224,64,fp16,,True,NVIDIA_GeForce_RTX_5080,16,
vit_large_patch16_224,224,64,fp32,,True,NVIDIA_GeForce_RTX_5080,16,
vit_small_patch16_224,64,16,bf16,3.984575986862183,False,NVIDIA_GeForce_RTX_5080,16,
vit_small_patch16_224,64,16,fp16,3.919680118560791,False,NVIDIA_GeForce_RTX_5080,16,
vit_small_patch16_224,64,16,fp32,5.708000183105469,False,NVIDIA_GeForce_RTX_5080,16,
vit_small_patch16_224,64,32,bf16,4.647615909576416,False,NVIDIA_GeForce_RTX_5080,16,
vit_small_patch16_224,64,32,fp16,4.563936233520508,False,NVIDIA_GeForce_RTX_5080,16,
vit_small_patch16_224,64,32,fp32,7.493120193481445,False,NVIDIA_GeForce_RTX_5080,16,
vit_small_patch16_224,64,64,bf16,5.9443840980529785,False,NVIDIA_GeForce_RTX_5080,16,
vit_small_patch16_224,64,64,fp16,5.939087867736816,False,NVIDIA_GeForce_RTX_5080,16,
vit_small_patch16_224,64,64,fp32,10.790639877319336,False,NVIDIA_GeForce_RTX_5080,16,
vit_small_patch16_224,128,16,bf16,5.6731038093566895,False,NVIDIA_GeForce_RTX_5080,16,
vit_small_patch16_224,128,16,fp16,5.653791904449463,False,NVIDIA_GeForce_RTX_5080,16,
vit_small_patch16_224,128,16,fp32,11.074111938476562,False,NVIDIA_GeForce_RTX_5080,16,
vit_small_patch16_224,128,32,bf16,7.763631820678711,False,NVIDIA_GeForce_RTX_5080,16,
vit_small_patch16_224,128,32,fp16,7.756159782409668,False,NVIDIA_GeForce_RTX_5080,16,
vit_small_patch16_224,128,32,fp32,16.03228759765625,False,NVIDIA_GeForce_RTX_5080,16,
vit_small_patch16_224,128,64,bf16,11.697711944580078,False,NVIDIA_GeForce_RTX_5080,16,
vit_small_patch16_224,128,64,fp16,11.661295890808104,False,NVIDIA_GeForce_RTX_5080,16,
vit_small_patch16_224,128,64,fp32,29.677295684814453,False,NVIDIA_GeForce_RTX_5080,16,
vit_small_patch16_224,224,16,bf16,9.886639595031738,False,NVIDIA_GeForce_RTX_5080,16,
vit_small_patch16_224,224,16,fp16,9.775967597961426,False,NVIDIA_GeForce_RTX_5080,16,
vit_small_patch16_224,224,16,fp32,24.358287811279297,False,NVIDIA_GeForce_RTX_5080,16,
vit_small_patch16_224,224,32,bf16,16.614336013793945,False,NVIDIA_GeForce_RTX_5080,16,
vit_small_patch16_224,224,32,fp16,16.62455940246582,False,NVIDIA_GeForce_RTX_5080,16,
vit_small_patch16_224,224,32,fp32,44.84368133544922,False,NVIDIA_GeForce_RTX_5080,16,
vit_small_patch16_224,224,64,bf16,31.559663772583008,False,NVIDIA_GeForce_RTX_5080,16,
vit_small_patch16_224,224,64,fp16,31.57271957397461,False,NVIDIA_GeForce_RTX_5080,16,
vit_small_patch16_224,224,64,fp32,88.3028793334961,False,NVIDIA_GeForce_RTX_5080,16,
vit_tiny_patch16_224,64,16,bf16,2.4208478927612305,False,NVIDIA_GeForce_RTX_5080,16,
vit_tiny_patch16_224,64,16,fp16,2.324448108673096,False,NVIDIA_GeForce_RTX_5080,16,
vit_tiny_patch16_224,64,16,fp32,2.7636001110076904,False,NVIDIA_GeForce_RTX_5080,16,
vit_tiny_patch16_224,64,32,bf16,3.033328056335449,False,NVIDIA_GeForce_RTX_5080,16,
vit_tiny_patch16_224,64,32,fp16,2.8679840564727783,False,NVIDIA_GeForce_RTX_5080,16,
vit_tiny_patch16_224,64,32,fp32,4.008480072021484,False,NVIDIA_GeForce_RTX_5080,16,
vit_tiny_patch16_224,64,64,bf16,3.5452640056610107,False,NVIDIA_GeForce_RTX_5080,16,
vit_tiny_patch16_224,64,64,fp16,3.5330560207366943,False,NVIDIA_GeForce_RTX_5080,16,
vit_tiny_patch16_224,64,64,fp32,4.850399971008301,False,NVIDIA_GeForce_RTX_5080,16,
vit_tiny_patch16_224,128,16,bf16,3.4409120082855225,False,NVIDIA_GeForce_RTX_5080,16,
vit_tiny_patch16_224,128,16,fp16,3.3459360599517822,False,NVIDIA_GeForce_RTX_5080,16,
vit_tiny_patch16_224,128,16,fp32,5.143487930297852,False,NVIDIA_GeForce_RTX_5080,16,
vit_tiny_patch16_224,128,32,bf16,4.114416122436523,False,NVIDIA_GeForce_RTX_5080,16,
vit_tiny_patch16_224,128,32,fp16,4.0578718185424805,False,NVIDIA_GeForce_RTX_5080,16,
vit_tiny_patch16_224,128,32,fp32,7.612527847290039,False,NVIDIA_GeForce_RTX_5080,16,
vit_tiny_patch16_224,128,64,bf16,5.870944023132324,False,NVIDIA_GeForce_RTX_5080,16,
vit_tiny_patch16_224,128,64,fp16,5.802031993865967,False,NVIDIA_GeForce_RTX_5080,16,
vit_tiny_patch16_224,128,64,fp32,11.936832427978516,False,NVIDIA_GeForce_RTX_5080,16,
vit_tiny_patch16_224,224,16,bf16,5.119152069091797,False,NVIDIA_GeForce_RTX_5080,16,
vit_tiny_patch16_224,224,16,fp16,5.062943935394287,False,NVIDIA_GeForce_RTX_5080,16,
vit_tiny_patch16_224,224,16,fp32,10.530048370361328,False,NVIDIA_GeForce_RTX_5080,16,
vit_tiny_patch16_224,224,32,bf16,7.950736045837402,False,NVIDIA_GeForce_RTX_5080,16,
vit_tiny_patch16_224,224,32,fp16,7.884592056274414,False,NVIDIA_GeForce_RTX_5080,16,
vit_tiny_patch16_224,224,32,fp32,17.913055419921875,False,NVIDIA_GeForce_RTX_5080,16,
vit_tiny_patch16_224,224,64,bf16,13.989727973937988,False,NVIDIA_GeForce_RTX_5080,16,
vit_tiny_patch16_224,224,64,fp16,14.07425594329834,False,NVIDIA_GeForce_RTX_5080,16,
vit_tiny_patch16_224,224,64,fp32,34.43036651611328,False,NVIDIA_GeForce_RTX_5080,16,
wide_resnet101_2,64,16,bf16,18.24822425842285,False,NVIDIA_GeForce_RTX_5080,16,
wide_resnet101_2,64,16,fp16,17.311695098876953,False,NVIDIA_GeForce_RTX_5080,16,
wide_resnet101_2,64,16,fp32,29.7750244140625,False,NVIDIA_GeForce_RTX_5080,16,
wide_resnet101_2,64,32,bf16,23.71102333068848,False,NVIDIA_GeForce_RTX_5080,16,
wide_resnet101_2,64,32,fp16,21.897615432739254,False,NVIDIA_GeForce_RTX_5080,16,
wide_resnet101_2,64,32,fp32,33.142704010009766,False,NVIDIA_GeForce_RTX_5080,16,
wide_resnet101_2,64,64,bf16,34.53036880493164,False,NVIDIA_GeForce_RTX_5080,16,
wide_resnet101_2,64,64,fp16,31.11012840270996,False,NVIDIA_GeForce_RTX_5080,16,
wide_resnet101_2,64,64,fp32,45.358001708984375,False,NVIDIA_GeForce_RTX_5080,16,
wide_resnet101_2,128,16,bf16,27.405296325683597,False,NVIDIA_GeForce_RTX_5080,16,
wide_resnet101_2,128,16,fp16,23.722288131713867,False,NVIDIA_GeForce_RTX_5080,16,
wide_resnet101_2,128,16,fp32,37.75945663452149,False,NVIDIA_GeForce_RTX_5080,16,
wide_resnet101_2,128,32,bf16,38.6684799194336,False,NVIDIA_GeForce_RTX_5080,16,
wide_resnet101_2,128,32,fp16,33.87467193603516,False,NVIDIA_GeForce_RTX_5080,16,
wide_resnet101_2,128,32,fp32,53.17123031616211,False,NVIDIA_GeForce_RTX_5080,16,
wide_resnet101_2,128,64,bf16,66.57015991210938,False,NVIDIA_GeForce_RTX_5080,16,
wide_resnet101_2,128,64,fp16,58.71718215942383,False,NVIDIA_GeForce_RTX_5080,16,
wide_resnet101_2,128,64,fp32,95.40991973876952,False,NVIDIA_GeForce_RTX_5080,16,
wide_resnet101_2,224,16,bf16,49.12713623046875,False,NVIDIA_GeForce_RTX_5080,16,
wide_resnet101_2,224,16,fp16,43.8469123840332,False,NVIDIA_GeForce_RTX_5080,16,
wide_resnet101_2,224,16,fp32,76.77635192871094,False,NVIDIA_GeForce_RTX_5080,16,
wide_resnet101_2,224,32,bf16,91.66875457763672,False,NVIDIA_GeForce_RTX_5080,16,
wide_resnet101_2,224,32,fp16,83.5302734375,False,NVIDIA_GeForce_RTX_5080,16,
wide_resnet101_2,224,32,fp32,145.2948760986328,False,NVIDIA_GeForce_RTX_5080,16,
wide_resnet101_2,224,64,bf16,167.8930206298828,False,NVIDIA_GeForce_RTX_5080,16,
wide_resnet101_2,224,64,fp16,154.3213348388672,False,NVIDIA_GeForce_RTX_5080,16,
wide_resnet101_2,224,64,fp32,3532.36572265625,False,NVIDIA_GeForce_RTX_5080,16,precision_artifact
xcit_small_12_p16_224,64,16,bf16,7.956064224243164,False,NVIDIA_GeForce_RTX_5080,16,
xcit_small_12_p16_224,64,16,fp16,7.755472183227539,False,NVIDIA_GeForce_RTX_5080,16,
xcit_small_12_p16_224,64,16,fp32,9.053104400634766,False,NVIDIA_GeForce_RTX_5080,16,
xcit_small_12_p16_224,64,32,bf16,9.289631843566896,False,NVIDIA_GeForce_RTX_5080,16,
xcit_small_12_p16_224,64,32,fp16,9.136688232421877,False,NVIDIA_GeForce_RTX_5080,16,
xcit_small_12_p16_224,64,32,fp32,12.212688446044922,False,NVIDIA_GeForce_RTX_5080,16,
xcit_small_12_p16_224,64,64,bf16,11.463839530944824,False,NVIDIA_GeForce_RTX_5080,16,
xcit_small_12_p16_224,64,64,fp16,11.10092830657959,False,NVIDIA_GeForce_RTX_5080,16,
xcit_small_12_p16_224,64,64,fp32,15.642704010009766,False,NVIDIA_GeForce_RTX_5080,16,
xcit_small_12_p16_224,128,16,bf16,11.155728340148926,False,NVIDIA_GeForce_RTX_5080,16,
xcit_small_12_p16_224,128,16,fp16,10.846559524536133,False,NVIDIA_GeForce_RTX_5080,16,
xcit_small_12_p16_224,128,16,fp32,15.464639663696287,False,NVIDIA_GeForce_RTX_5080,16,
xcit_small_12_p16_224,128,32,bf16,15.513263702392578,False,NVIDIA_GeForce_RTX_5080,16,
xcit_small_12_p16_224,128,32,fp16,15.411151885986328,False,NVIDIA_GeForce_RTX_5080,16,
xcit_small_12_p16_224,128,32,fp32,22.909439086914062,False,NVIDIA_GeForce_RTX_5080,16,
xcit_small_12_p16_224,128,64,bf16,23.97920036315918,False,NVIDIA_GeForce_RTX_5080,16,
xcit_small_12_p16_224,128,64,fp16,23.5654239654541,False,NVIDIA_GeForce_RTX_5080,16,
xcit_small_12_p16_224,128,64,fp32,39.36619186401367,False,NVIDIA_GeForce_RTX_5080,16,
xcit_small_12_p16_224,224,16,bf16,20.80620765686035,False,NVIDIA_GeForce_RTX_5080,16,
xcit_small_12_p16_224,224,16,fp16,20.464752197265625,False,NVIDIA_GeForce_RTX_5080,16,
xcit_small_12_p16_224,224,16,fp32,32.718624114990234,False,NVIDIA_GeForce_RTX_5080,16,
xcit_small_12_p16_224,224,32,bf16,35.873294830322266,False,NVIDIA_GeForce_RTX_5080,16,
xcit_small_12_p16_224,224,32,fp16,35.23331069946289,False,NVIDIA_GeForce_RTX_5080,16,
xcit_small_12_p16_224,224,32,fp32,58.63873672485352,False,NVIDIA_GeForce_RTX_5080,16,
xcit_small_12_p16_224,224,64,bf16,69.46842956542969,False,NVIDIA_GeForce_RTX_5080,16,
xcit_small_12_p16_224,224,64,fp16,68.05003356933594,False,NVIDIA_GeForce_RTX_5080,16,
xcit_small_12_p16_224,224,64,fp32,116.95906829833984,False,NVIDIA_GeForce_RTX_5080,16,
xcit_tiny_12_p16_224,64,16,bf16,5.9329118728637695,False,NVIDIA_GeForce_RTX_5080,16,
xcit_tiny_12_p16_224,64,16,fp16,5.762080192565918,False,NVIDIA_GeForce_RTX_5080,16,
xcit_tiny_12_p16_224,64,16,fp32,5.575679779052734,False,NVIDIA_GeForce_RTX_5080,16,
xcit_tiny_12_p16_224,64,32,bf16,7.119552135467529,False,NVIDIA_GeForce_RTX_5080,16,
xcit_tiny_12_p16_224,64,32,fp16,6.831935882568359,False,NVIDIA_GeForce_RTX_5080,16,
xcit_tiny_12_p16_224,64,32,fp32,7.43174409866333,False,NVIDIA_GeForce_RTX_5080,16,
xcit_tiny_12_p16_224,64,64,bf16,8.068143844604492,False,NVIDIA_GeForce_RTX_5080,16,
xcit_tiny_12_p16_224,64,64,fp16,7.629824161529541,False,NVIDIA_GeForce_RTX_5080,16,
xcit_tiny_12_p16_224,64,64,fp32,8.654144287109375,False,NVIDIA_GeForce_RTX_5080,16,
xcit_tiny_12_p16_224,128,16,bf16,7.918320178985596,False,NVIDIA_GeForce_RTX_5080,16,
xcit_tiny_12_p16_224,128,16,fp16,7.616975784301758,False,NVIDIA_GeForce_RTX_5080,16,
xcit_tiny_12_p16_224,128,16,fp32,8.578144073486328,False,NVIDIA_GeForce_RTX_5080,16,
xcit_tiny_12_p16_224,128,32,bf16,9.62012767791748,False,NVIDIA_GeForce_RTX_5080,16,
xcit_tiny_12_p16_224,128,32,fp16,9.344127655029297,False,NVIDIA_GeForce_RTX_5080,16,
xcit_tiny_12_p16_224,128,32,fp32,12.045328140258787,False,NVIDIA_GeForce_RTX_5080,16,
xcit_tiny_12_p16_224,128,64,bf16,13.720015525817873,False,NVIDIA_GeForce_RTX_5080,16,
xcit_tiny_12_p16_224,128,64,fp16,13.518704414367676,False,NVIDIA_GeForce_RTX_5080,16,
xcit_tiny_12_p16_224,128,64,fp32,18.045583724975582,False,NVIDIA_GeForce_RTX_5080,16,
xcit_tiny_12_p16_224,224,16,bf16,12.664079666137695,False,NVIDIA_GeForce_RTX_5080,16,
xcit_tiny_12_p16_224,224,16,fp16,12.26910400390625,False,NVIDIA_GeForce_RTX_5080,16,
xcit_tiny_12_p16_224,224,16,fp32,15.54032039642334,False,NVIDIA_GeForce_RTX_5080,16,
xcit_tiny_12_p16_224,224,32,bf16,19.75931167602539,False,NVIDIA_GeForce_RTX_5080,16,
xcit_tiny_12_p16_224,224,32,fp16,19.324960708618164,False,NVIDIA_GeForce_RTX_5080,16,
xcit_tiny_12_p16_224,224,32,fp32,26.173519134521484,False,NVIDIA_GeForce_RTX_5080,16,
xcit_tiny_12_p16_224,224,64,bf16,34.09406280517578,False,NVIDIA_GeForce_RTX_5080,16,
xcit_tiny_12_p16_224,224,64,fp16,33.56798553466797,False,NVIDIA_GeForce_RTX_5080,16,
xcit_tiny_12_p16_224,224,64,fp32,47.573360443115234,False,NVIDIA_GeForce_RTX_5080,16,
