model,img_size,batch_size,precision,avg_time_ms,oom,gpu,vram_gb,cleanup
beit_large_patch16_224,64,16,bf16,51.66387176513672,False,NVIDIA_GeForce_RTX_4070_SUPER,12,
beit_large_patch16_224,64,16,fp16,57.33171081542969,False,NVIDIA_GeForce_RTX_4070_SUPER,12,
beit_large_patch16_224,64,16,fp32,95.01428985595705,False,NVIDIA_GeForce_RTX_4070_SUPER,12,
beit_large_patch16_224,64,32,bf16,61.48761749267578,False,NVIDIA_GeForce_RTX_4070_SUPER,12,
beit_large_patch16_224,64,32,fp16,60.64947128295898,False,NVIDIA_GeForce_RTX_4070_SUPER,12,
beit_large_patch16_224,64,32,fp32,95.79571533203124,False,NVIDIA_GeForce_RTX_4070_SUPER,12,
beit_large_patch16_224,64,64,bf16,80.25804901123047,False,NVIDIA_GeForce_RTX_4070_SUPER,12,
beit_large_patch16_224,64,64,fp16,78.80242919921875,False,NVIDIA_GeForce_RTX_4070_SUPER,12,
beit_large_patch16_224,64,64,fp32,148.2915802001953,False,NVIDIA_GeForce_RTX_4070_SUPER,12,
beit_large_patch16_224,128,16,bf16,80.40806579589844,False,NVIDIA_GeForce_RTX_4070_SUPER,12,
beit_large_patch16_224,128,16,fp16,79.02105712890625,False,NVIDIA_GeForce_RTX_4070_SUPER,12,
beit_large_patch16_224,128,16,fp32,149.68063354492188,False,NVIDIA_GeForce_RTX_4070_SUPER,12,
beit_large_patch16_224,128,32,bf16,117.40916442871094,False,NVIDIA_GeForce_RTX_4070_SUPER,12,
beit_large_patch16_224,128,32,fp16,116.6846694946289,False,NVIDIA_GeForce_RTX_4070_SUPER,12,
beit_large_patch16_224,128,32,fp32,259.9792785644531,False,NVIDIA_GeForce_RTX_4070_SUPER,12,
beit_large_patch16_224,128,64,bf16,200.4833221435547,False,NVIDIA_GeForce_RTX_4070_SUPER,12,
beit_large_patch16_224,128,64,fp16,199.11410522460935,False,NVIDIA_GeForce_RTX_4070_SUPER,12,
beit_large_patch16_224,128,64,fp32,,True,NVIDIA_GeForce_RTX_4070_SUPER,12,
beit_large_patch16_224,224,16,bf16,164.87986755371094,False,NVIDIA_GeForce_RTX_4070_SUPER,12,
beit_large_patch16_224,224,16,fp16,164.3805389404297,False,NVIDIA_GeForce_RTX_4070_SUPER,12,
beit_large_patch16_224,224,16,fp32,455.96978759765625,False,NVIDIA_GeForce_RTX_4070_SUPER,12,
beit_large_patch16_224,224,32,bf16,,True,NVIDIA_GeForce_RTX_4070_SUPER,12,
beit_large_patch16_224,224,32,fp16,,True,NVIDIA_GeForce_RTX_4070_SUPER,12,
beit_large_patch16_224,224,32,fp32,,True,NVIDIA_GeForce_RTX_4070_SUPER,12,
beit_large_patch16_224,224,64,bf16,,True,NVIDIA_GeForce_RTX_4070_SUPER,12,
beit_large_patch16_224,224,64,fp16,,True,NVIDIA_GeForce_RTX_4070_SUPER,12,
beit_large_patch16_224,224,64,fp32,,True,NVIDIA_GeForce_RTX_4070_SUPER,12,
coatnet_0_rw_224,64,16,bf16,7.647744178771973,False,NVIDIA_GeForce_RTX_4070_SUPER,12,
coatnet_0_rw_224,64,16,fp16,7.204864025115967,False,NVIDIA_GeForce_RTX_4070_SUPER,12,
coatnet_0_rw_224,64,16,fp32,8.19916820526123,False,NVIDIA_GeForce_RTX_4070_SUPER,12,
coatnet_0_rw_224,64,32,bf16,9.666560173034668,False,NVIDIA_GeForce_RTX_4070_SUPER,12,
coatnet_0_rw_224,64,32,fp16,8.84928035736084,False,NVIDIA_GeForce_RTX_4070_SUPER,12,
coatnet_0_rw_224,64,32,fp32,11.34177589416504,False,NVIDIA_GeForce_RTX_4070_SUPER,12,
coatnet_0_rw_224,64,64,bf16,14.106623649597168,False,NVIDIA_GeForce_RTX_4070_SUPER,12,
coatnet_0_rw_224,64,64,fp16,12.684800148010254,False,NVIDIA_GeForce_RTX_4070_SUPER,12,
coatnet_0_rw_224,64,64,fp32,18.498559951782227,False,NVIDIA_GeForce_RTX_4070_SUPER,12,
coatnet_0_rw_224,128,16,bf16,13.269503593444824,False,NVIDIA_GeForce_RTX_4070_SUPER,12,
coatnet_0_rw_224,128,16,fp16,11.917311668395996,False,NVIDIA_GeForce_RTX_4070_SUPER,12,
coatnet_0_rw_224,128,16,fp32,16.954368591308594,False,NVIDIA_GeForce_RTX_4070_SUPER,12,
coatnet_0_rw_224,128,32,bf16,21.67859268188477,False,NVIDIA_GeForce_RTX_4070_SUPER,12,
coatnet_0_rw_224,128,32,fp16,19.36947250366211,False,NVIDIA_GeForce_RTX_4070_SUPER,12,
coatnet_0_rw_224,128,32,fp32,33.91011047363281,False,NVIDIA_GeForce_RTX_4070_SUPER,12,
coatnet_0_rw_224,128,64,bf16,42.713600158691406,False,NVIDIA_GeForce_RTX_4070_SUPER,12,
coatnet_0_rw_224,128,64,fp16,38.12351989746094,False,NVIDIA_GeForce_RTX_4070_SUPER,12,
coatnet_0_rw_224,128,64,fp32,72.6082534790039,False,NVIDIA_GeForce_RTX_4070_SUPER,12,
coatnet_0_rw_224,224,16,bf16,34.94398498535156,False,NVIDIA_GeForce_RTX_4070_SUPER,12,
coatnet_0_rw_224,224,16,fp16,31.62455940246582,False,NVIDIA_GeForce_RTX_4070_SUPER,12,
coatnet_0_rw_224,224,16,fp32,61.07443237304688,False,NVIDIA_GeForce_RTX_4070_SUPER,12,
coatnet_0_rw_224,224,32,bf16,70.99494171142578,False,NVIDIA_GeForce_RTX_4070_SUPER,12,
coatnet_0_rw_224,224,32,fp16,64.53247833251953,False,NVIDIA_GeForce_RTX_4070_SUPER,12,
coatnet_0_rw_224,224,32,fp32,126.0426254272461,False,NVIDIA_GeForce_RTX_4070_SUPER,12,
coatnet_0_rw_224,224,64,bf16,144.79042053222656,False,NVIDIA_GeForce_RTX_4070_SUPER,12,
coatnet_0_rw_224,224,64,fp16,132.65904235839844,False,NVIDIA_GeForce_RTX_4070_SUPER,12,
coatnet_0_rw_224,224,64,fp32,,True,NVIDIA_GeForce_RTX_4070_SUPER,12,
coatnet_1_rw_224,64,16,bf16,12.38265609741211,False,NVIDIA_GeForce_RTX_4070_SUPER,12,
coatnet_1_rw_224,64,16,fp16,11.74015998840332,False,NVIDIA_GeForce_RTX_4070_SUPER,12,
coatnet_1_rw_224,64,16,fp32,13.4901762008667,False,NVIDIA_GeForce_RTX_4070_SUPER,12,
coatnet_1_rw_224,64,32,bf16,15.903231620788574,False,NVIDIA_GeForce_RTX_4070_SUPER,12,
coatnet_1_rw_224,64,32,fp16,14.69696044921875,False,NVIDIA_GeForce_RTX_4070_SUPER,12,
coatnet_1_rw_224,64,32,fp32,19.430368423461918,False,NVIDIA_GeForce_RTX_4070_SUPER,12,
coatnet_1_rw_224,64,64,bf16,24.308223724365234,False,NVIDIA_GeForce_RTX_4070_SUPER,12,
coatnet_1_rw_224,64,64,fp16,22.3687686920166,False,NVIDIA_GeForce_RTX_4070_SUPER,12,
coatnet_1_rw_224,64,64,fp32,33.02092742919922,False,NVIDIA_GeForce_RTX_4070_SUPER,12,
coatnet_1_rw_224,128,16,bf16,22.732799530029297,False,NVIDIA_GeForce_RTX_4070_SUPER,12,
coatnet_1_rw_224,128,16,fp16,20.80256080627441,False,NVIDIA_GeForce_RTX_4070_SUPER,12,
coatnet_1_rw_224,128,16,fp32,30.422016143798828,False,NVIDIA_GeForce_RTX_4070_SUPER,12,
coatnet_1_rw_224,128,32,bf16,37.86700820922852,False,NVIDIA_GeForce_RTX_4070_SUPER,12,
coatnet_1_rw_224,128,32,fp16,34.58047866821289,False,NVIDIA_GeForce_RTX_4070_SUPER,12,
coatnet_1_rw_224,128,32,fp32,60.08780670166016,False,NVIDIA_GeForce_RTX_4070_SUPER,12,
coatnet_1_rw_224,128,64,bf16,73.51537322998047,False,NVIDIA_GeForce_RTX_4070_SUPER,12,
coatnet_1_rw_224,128,64,fp16,67.44615936279297,False,NVIDIA_GeForce_RTX_4070_SUPER,12,
coatnet_1_rw_224,128,64,fp32,126.25714874267578,False,NVIDIA_GeForce_RTX_4070_SUPER,12,
coatnet_1_rw_224,224,16,bf16,61.73747253417969,False,NVIDIA_GeForce_RTX_4070_SUPER,12,
coatnet_1_rw_224,224,16,fp16,57.22248077392578,False,NVIDIA_GeForce_RTX_4070_SUPER,12,
coatnet_1_rw_224,224,16,fp32,109.3375015258789,False,NVIDIA_GeForce_RTX_4070_SUPER,12,
coatnet_1_rw_224,224,32,bf16,128.21043395996094,False,NVIDIA_GeForce_RTX_4070_SUPER,12,
coatnet_1_rw_224,224,32,fp16,119.36353302001952,False,NVIDIA_GeForce_RTX_4070_SUPER,12,
coatnet_1_rw_224,224,32,fp32,575.3230590820312,False,NVIDIA_GeForce_RTX_4070_SUPER,12,slow_outlier
coatnet_1_rw_224,224,64,bf16,,True,NVIDIA_GeForce_RTX_4070_SUPER,12,
coatnet_1_rw_224,224,64,fp16,,True,NVIDIA_GeForce_RTX_4070_SUPER,12,
coatnet_1_rw_224,224,64,fp32,,True,NVIDIA_GeForce_RTX_4070_SUPER,12,
coatnet_2_rw_224,64,16,bf16,18.609664916992188,False,NVIDIA_GeForce_RTX_4070_SUPER,12,
coatnet_2_rw_224,64,16,fp16,17.710384368896484,False,NVIDIA_GeForce_RTX_4070_SUPER,12,
coatnet_2_rw_224,64,16,fp32,21.183359146118164,False,NVIDIA_GeForce_RTX_4070_SUPER,12,
coatnet_2_rw_224,64,32,bf16,25.31583976745605,False,NVIDIA_GeForce_RTX_4070_SUPER,12,
coatnet_2_rw_224,64,32,fp16,23.546367645263672,False,NVIDIA_GeForce_RTX_4070_SUPER,12,
coatnet_2_rw_224,64,32,fp32,31.904767990112305,False,NVIDIA_GeForce_RTX_4070_SUPER,12,
coatnet_2_rw_224,64,64,bf16,39.19140625,False,NVIDIA_GeForce_RTX_4070_SUPER,12,
coatnet_2_rw_224,64,64,fp16,36.12313461303711,False,NVIDIA_GeForce_RTX_4070_SUPER,12,
coatnet_2_rw_224,64,64,fp32,56.176639556884766,False,NVIDIA_GeForce_RTX_4070_SUPER,12,
coatnet_2_rw_224,128,16,bf16,36.49484634399414,False,NVIDIA_GeForce_RTX_4070_SUPER,12,
coatnet_2_rw_224,128,16,fp16,33.988094329833984,False,NVIDIA_GeForce_RTX_4070_SUPER,12,
coatnet_2_rw_224,128,16,fp32,51.81536102294922,False,NVIDIA_GeForce_RTX_4070_SUPER,12,
coatnet_2_rw_224,128,32,bf16,62.009857177734375,False,NVIDIA_GeForce_RTX_4070_SUPER,12,
coatnet_2_rw_224,128,32,fp16,57.35987091064453,False,NVIDIA_GeForce_RTX_4070_SUPER,12,
coatnet_2_rw_224,128,32,fp32,123.50711822509766,False,NVIDIA_GeForce_RTX_4070_SUPER,12,
coatnet_2_rw_224,128,64,bf16,119.81594848632812,False,NVIDIA_GeForce_RTX_4070_SUPER,12,
coatnet_2_rw_224,128,64,fp16,112.53606414794922,False,NVIDIA_GeForce_RTX_4070_SUPER,12,
coatnet_2_rw_224,128,64,fp32,349.1297302246094,False,NVIDIA_GeForce_RTX_4070_SUPER,12,
coatnet_2_rw_224,224,16,bf16,95.66259002685548,False,NVIDIA_GeForce_RTX_4070_SUPER,12,
coatnet_2_rw_224,224,16,fp16,89.76179504394531,False,NVIDIA_GeForce_RTX_4070_SUPER,12,
coatnet_2_rw_224,224,16,fp32,173.05087280273438,False,NVIDIA_GeForce_RTX_4070_SUPER,12,
coatnet_2_rw_224,224,32,bf16,191.35385131835935,False,NVIDIA_GeForce_RTX_4070_SUPER,12,
coatnet_2_rw_224,224,32,fp16,179.85585021972656,False,NVIDIA_GeForce_RTX_4070_SUPER,12,
coatnet_2_rw_224,224,32,fp32,,True,NVIDIA_GeForce_RTX_4070_SUPER,12,
coatnet_2_rw_224,224,64,bf16,,True,NVIDIA_GeForce_RTX_4070_SUPER,12,
coatnet_2_rw_224,224,64,fp16,,True,NVIDIA_GeForce_RTX_4070_SUPER,12,
coatnet_2_rw_224,224,64,fp32,,True,NVIDIA_GeForce_RTX_4070_SUPER,12,
convnext_base,64,16,bf16,18.050559997558597,False,NVIDIA_GeForce_RTX_4070_SUPER,12,
convnext_base,64,16,fp16,17.944992065429688,False,NVIDIA_GeForce_RTX_4070_SUPER,12,
convnext_base,64,16,fp32,23.429536819458008,False,NVIDIA_GeForce_RTX_4070_SUPER,12,
convnext_base,64,32,bf16,22.004735946655277,False,NVIDIA_GeForce_RTX_4070_SUPER,12,
convnext_base,64,32,fp16,21.917184829711918,False,NVIDIA_GeForce_RTX_4070_SUPER,12,
convnext_base,64,32,fp32,34.87846374511719,False,NVIDIA_GeForce_RTX_4070_SUPER,12,
convnext_base,64,64,bf16,29.120880126953125,False,NVIDIA_GeForce_RTX_4070_SUPER,12,
convnext_base,64,64,fp16,29.0119686126709,False,NVIDIA_GeForce_RTX_4070_SUPER,12,
convnext_base,64,64,fp32,58.5799674987793,False,NVIDIA_GeForce_RTX_4070_SUPER,12,
convnext_base,128,16,bf16,28.29363250732422,False,NVIDIA_GeForce_RTX_4070_SUPER,12,
convnext_base,128,16,fp16,28.16819190979004,False,NVIDIA_GeForce_RTX_4070_SUPER,12,
convnext_base,128,16,fp32,67.85433959960938,False,NVIDIA_GeForce_RTX_4070_SUPER,12,
convnext_base,128,32,bf16,42.43097686767578,False,NVIDIA_GeForce_RTX_4070_SUPER,12,
convnext_base,128,32,fp16,42.2239990234375,False,NVIDIA_GeForce_RTX_4070_SUPER,12,
convnext_base,128,32,fp32,133.0129852294922,False,NVIDIA_GeForce_RTX_4070_SUPER,12,
convnext_base,128,64,bf16,74.33010864257812,False,NVIDIA_GeForce_RTX_4070_SUPER,12,
convnext_base,128,64,fp16,73.78482818603516,False,NVIDIA_GeForce_RTX_4070_SUPER,12,
convnext_base,128,64,fp32,233.88365173339844,False,NVIDIA_GeForce_RTX_4070_SUPER,12,
convnext_base,224,16,bf16,58.6060791015625,False,NVIDIA_GeForce_RTX_4070_SUPER,12,
convnext_base,224,16,fp16,58.09561538696289,False,NVIDIA_GeForce_RTX_4070_SUPER,12,
convnext_base,224,16,fp32,195.3633270263672,False,NVIDIA_GeForce_RTX_4070_SUPER,12,
convnext_base,224,32,bf16,108.05248260498048,False,NVIDIA_GeForce_RTX_4070_SUPER,12,
convnext_base,224,32,fp16,107.41248321533205,False,NVIDIA_GeForce_RTX_4070_SUPER,12,
convnext_base,224,32,fp32,385.2810363769531,False,NVIDIA_GeForce_RTX_4070_SUPER,12,
convnext_base,224,64,bf16,348.558349609375,False,NVIDIA_GeForce_RTX_4070_SUPER,12,
convnext_base,224,64,fp16,239.36102294921875,False,NVIDIA_GeForce_RTX_4070_SUPER,12,
convnext_base,224,64,fp32,,True,NVIDIA_GeForce_RTX_4070_SUPER,12,
convnext_large,64,16,bf16,34.0714225769043,False,NVIDIA_GeForce_RTX_4070_SUPER,12,
convnext_large,64,16,fp16,33.93564987182617,False,NVIDIA_GeForce_RTX_4070_SUPER,12,
convnext_large,64,16,fp32,45.58428955078125,False,NVIDIA_GeForce_RTX_4070_SUPER,12,
convnext_large,64,32,bf16,40.80998229980469,False,NVIDIA_GeForce_RTX_4070_SUPER,12,
convnext_large,64,32,fp16,40.71577453613281,False,NVIDIA_GeForce_RTX_4070_SUPER,12,
convnext_large,64,32,fp32,67.5962905883789,False,NVIDIA_GeForce_RTX_4070_SUPER,12,
convnext_large,64,64,bf16,54.57408142089844,False,NVIDIA_GeForce_RTX_4070_SUPER,12,
convnext_large,64,64,fp16,54.42591857910156,False,NVIDIA_GeForce_RTX_4070_SUPER,12,
convnext_large,64,64,fp32,110.71129608154295,False,NVIDIA_GeForce_RTX_4070_SUPER,12,
convnext_large,128,16,bf16,53.66001510620117,False,NVIDIA_GeForce_RTX_4070_SUPER,12,
convnext_large,128,16,fp16,53.46099090576172,False,NVIDIA_GeForce_RTX_4070_SUPER,12,
convnext_large,128,16,fp32,127.39737701416016,False,NVIDIA_GeForce_RTX_4070_SUPER,12,
convnext_large,128,32,bf16,79.85203552246094,False,NVIDIA_GeForce_RTX_4070_SUPER,12,
convnext_large,128,32,fp16,79.55097961425781,False,NVIDIA_GeForce_RTX_4070_SUPER,12,
convnext_large,128,32,fp32,240.20530700683597,False,NVIDIA_GeForce_RTX_4070_SUPER,12,
convnext_large,128,64,bf16,139.41912841796875,False,NVIDIA_GeForce_RTX_4070_SUPER,12,
convnext_large,128,64,fp16,138.4217529296875,False,NVIDIA_GeForce_RTX_4070_SUPER,12,
convnext_large,128,64,fp32,5454.64453125,False,NVIDIA_GeForce_RTX_4070_SUPER,12,precision_artifact
convnext_large,224,16,bf16,111.93225860595705,False,NVIDIA_GeForce_RTX_4070_SUPER,12,
convnext_large,224,16,fp16,111.0543212890625,False,NVIDIA_GeForce_RTX_4070_SUPER,12,
convnext_large,224,16,fp32,359.6400756835937,False,NVIDIA_GeForce_RTX_4070_SUPER,12,
convnext_large,224,32,bf16,206.4151763916016,False,NVIDIA_GeForce_RTX_4070_SUPER,12,
convnext_large,224,32,fp16,205.0175018310547,False,NVIDIA_GeForce_RTX_4070_SUPER,12,
convnext_large,224,32,fp32,,True,NVIDIA_GeForce_RTX_4070_SUPER,12,
convnext_large,224,64,bf16,,True,NVIDIA_GeForce_RTX_4070_SUPER,12,
convnext_large,224,64,fp16,,True,NVIDIA_GeForce_RTX_4070_SUPER,12,
convnext_large,224,64,fp32,,True,NVIDIA_GeForce_RTX_4070_SUPER,12,
convnext_small,64,16,bf16,11.83836841583252,False,NVIDIA_GeForce_RTX_4070_SUPER,12,
convnext_small,64,16,fp16,16.839168548583984,False,NVIDIA_GeForce_RTX_4070_SUPER,12,
convnext_small,64,16,fp32,17.39673614501953,False,NVIDIA_GeForce_RTX_4070_SUPER,12,
convnext_small,64,32,bf16,14.45734405517578,False,NVIDIA_GeForce_RTX_4070_SUPER,12,
convnext_small,64,32,fp16,14.354432106018066,False,NVIDIA_GeForce_RTX_4070_SUPER,12,
convnext_small,64,32,fp32,22.516735076904297,False,NVIDIA_GeForce_RTX_4070_SUPER,12,
convnext_small,64,64,bf16,18.985456466674805,False,NVIDIA_GeForce_RTX_4070_SUPER,12,
convnext_small,64,64,fp16,18.89638328552246,False,NVIDIA_GeForce_RTX_4070_SUPER,12,
convnext_small,64,64,fp32,37.6374397277832,False,NVIDIA_GeForce_RTX_4070_SUPER,12,
convnext_small,128,16,bf16,18.340320587158203,False,NVIDIA_GeForce_RTX_4070_SUPER,12,
convnext_small,128,16,fp16,18.305967330932617,False,NVIDIA_GeForce_RTX_4070_SUPER,12,
convnext_small,128,16,fp32,43.70940780639648,False,NVIDIA_GeForce_RTX_4070_SUPER,12,
convnext_small,128,32,bf16,28.54297637939453,False,NVIDIA_GeForce_RTX_4070_SUPER,12,
convnext_small,128,32,fp16,27.72172737121582,False,NVIDIA_GeForce_RTX_4070_SUPER,12,
convnext_small,128,32,fp32,81.12529754638672,False,NVIDIA_GeForce_RTX_4070_SUPER,12,
convnext_small,128,64,bf16,49.43920135498047,False,NVIDIA_GeForce_RTX_4070_SUPER,12,
convnext_small,128,64,fp16,49.19294357299805,False,NVIDIA_GeForce_RTX_4070_SUPER,12,
convnext_small,128,64,fp32,158.78646850585938,False,NVIDIA_GeForce_RTX_4070_SUPER,12,
convnext_small,224,16,bf16,39.41734313964844,False,NVIDIA_GeForce_RTX_4070_SUPER,12,
convnext_small,224,16,fp16,39.06907272338867,False,NVIDIA_GeForce_RTX_4070_SUPER,12,
convnext_small,224,16,fp32,133.51829528808594,False,NVIDIA_GeForce_RTX_4070_SUPER,12,
convnext_small,224,32,bf16,73.25132751464844,False,NVIDIA_GeForce_RTX_4070_SUPER,12,
convnext_small,224,32,fp16,72.80127716064453,False,NVIDIA_GeForce_RTX_4070_SUPER,12,
convnext_small,224,32,fp32,262.7855224609375,False,NVIDIA_GeForce_RTX_4070_SUPER,12,
convnext_small,224,64,bf16,147.4311981201172,False,NVIDIA_GeForce_RTX_4070_SUPER,12,
convnext_small,224,64,fp16,146.66949462890625,False,NVIDIA_GeForce_RTX_4070_SUPER,12,
convnext_small,224,64,fp32,,True,NVIDIA_GeForce_RTX_4070_SUPER,12,
convnext_tiny,64,16,bf16,6.686016082763672,False,NVIDIA_GeForce_RTX_4070_SUPER,12,
convnext_tiny,64,16,fp16,6.6314239501953125,False,NVIDIA_GeForce_RTX_4070_SUPER,12,
convnext_tiny,64,16,fp32,13.409791946411133,False,NVIDIA_GeForce_RTX_4070_SUPER,12,
convnext_tiny,64,32,bf16,8.179200172424316,False,NVIDIA_GeForce_RTX_4070_SUPER,12,
convnext_tiny,64,32,fp16,8.166319847106934,False,NVIDIA_GeForce_RTX_4070_SUPER,12,
convnext_tiny,64,32,fp32,15.99232006072998,False,NVIDIA_GeForce_RTX_4070_SUPER,12,
convnext_tiny,64,64,bf16,11.035136222839355,False,NVIDIA_GeForce_RTX_4070_SUPER,12,
convnext_tiny,64,64,fp16,10.981375694274902,False,NVIDIA_GeForce_RTX_4070_SUPER,12,
convnext_tiny,64,64,fp32,22.779903411865234,False,NVIDIA_GeForce_RTX_4070_SUPER,12,
convnext_tiny,128,16,bf16,10.643967628479004,False,NVIDIA_GeForce_RTX_4070_SUPER,12,
convnext_tiny,128,16,fp16,10.588671684265137,False,NVIDIA_GeForce_RTX_4070_SUPER,12,
convnext_tiny,128,16,fp32,25.50155258178711,False,NVIDIA_GeForce_RTX_4070_SUPER,12,
convnext_tiny,128,32,bf16,16.62873649597168,False,NVIDIA_GeForce_RTX_4070_SUPER,12,
convnext_tiny,128,32,fp16,16.59119987487793,False,NVIDIA_GeForce_RTX_4070_SUPER,12,
convnext_tiny,128,32,fp32,48.37631988525391,False,NVIDIA_GeForce_RTX_4070_SUPER,12,
convnext_tiny,128,64,bf16,30.533008575439453,False,NVIDIA_GeForce_RTX_4070_SUPER,12,
convnext_tiny,128,64,fp16,30.372352600097656,False,NVIDIA_GeForce_RTX_4070_SUPER,12,
convnext_tiny,128,64,fp32,93.886962890625,False,NVIDIA_GeForce_RTX_4070_SUPER,12,
convnext_tiny,224,16,bf16,23.871999740600582,False,NVIDIA_GeForce_RTX_4070_SUPER,12,
convnext_tiny,224,16,fp16,23.724031448364254,False,NVIDIA_GeForce_RTX_4070_SUPER,12,
convnext_tiny,224,16,fp32,77.43846130371094,False,NVIDIA_GeForce_RTX_4070_SUPER,12,
convnext_tiny,224,32,bf16,46.18803024291992,False,NVIDIA_GeForce_RTX_4070_SUPER,12,
convnext_tiny,224,32,fp16,45.95841598510742,False,NVIDIA_GeForce_RTX_4070_SUPER,12,
convnext_tiny,224,32,fp32,153.08782958984375,False,NVIDIA_GeForce_RTX_4070_SUPER,12,
convnext_tiny,224,64,bf16,94.10906982421876,False,NVIDIA_GeForce_RTX_4070_SUPER,12,
convnext_tiny,224,64,fp16,93.71135711669922,False,NVIDIA_GeForce_RTX_4070_SUPER,12,
convnext_tiny,224,64,fp32,290.029052734375,False,NVIDIA_GeForce_RTX_4070_SUPER,12,
convnextv2_base,64,16,bf16,21.418495178222656,False,NVIDIA_GeForce_RTX_4070_SUPER,12,
convnextv2_base,64,16,fp16,21.350400924682617,False,NVIDIA_GeForce_RTX_4070_SUPER,12,
convnextv2_base,64,16,fp32,26.57587242126465,False,NVIDIA_GeForce_RTX_4070_SUPER,12,
convnextv2_base,64,32,bf16,28.43084716796875,False,NVIDIA_GeForce_RTX_4070_SUPER,12,
convnextv2_base,64,32,fp16,28.30027198791504,False,NVIDIA_GeForce_RTX_4070_SUPER,12,
convnextv2_base,64,32,fp32,40.80379104614258,False,NVIDIA_GeForce_RTX_4070_SUPER,12,
convnextv2_base,64,64,bf16,44.0555534362793,False,NVIDIA_GeForce_RTX_4070_SUPER,12,
convnextv2_base,64,64,fp16,43.93500900268555,False,NVIDIA_GeForce_RTX_4070_SUPER,12,
convnextv2_base,64,64,fp32,73.84627532958984,False,NVIDIA_GeForce_RTX_4070_SUPER,12,
convnextv2_base,128,16,bf16,42.99212646484375,False,NVIDIA_GeForce_RTX_4070_SUPER,12,
convnextv2_base,128,16,fp16,42.8564338684082,False,NVIDIA_GeForce_RTX_4070_SUPER,12,
convnextv2_base,128,16,fp32,83.13343811035156,False,NVIDIA_GeForce_RTX_4070_SUPER,12,
convnextv2_base,128,32,bf16,82.77145385742188,False,NVIDIA_GeForce_RTX_4070_SUPER,12,
convnextv2_base,128,32,fp16,82.61939239501953,False,NVIDIA_GeForce_RTX_4070_SUPER,12,
convnextv2_base,128,32,fp32,170.6299285888672,False,NVIDIA_GeForce_RTX_4070_SUPER,12,
convnextv2_base,128,64,bf16,181.16403198242188,False,NVIDIA_GeForce_RTX_4070_SUPER,12,
convnextv2_base,128,64,fp16,180.86502075195312,False,NVIDIA_GeForce_RTX_4070_SUPER,12,
convnextv2_base,128,64,fp32,334.9835205078125,False,NVIDIA_GeForce_RTX_4070_SUPER,12,
convnextv2_base,224,16,bf16,134.81114196777344,False,NVIDIA_GeForce_RTX_4070_SUPER,12,
convnextv2_base,224,16,fp16,134.25555419921875,False,NVIDIA_GeForce_RTX_4070_SUPER,12,
convnextv2_base,224,16,fp32,266.6987609863281,False,NVIDIA_GeForce_RTX_4070_SUPER,12,
convnextv2_base,224,32,bf16,370.6495971679688,False,NVIDIA_GeForce_RTX_4070_SUPER,12,
convnextv2_base,224,32,fp16,370.7785339355469,False,NVIDIA_GeForce_RTX_4070_SUPER,12,
convnextv2_base,224,32,fp32,,True,NVIDIA_GeForce_RTX_4070_SUPER,12,
convnextv2_base,224,64,bf16,,True,NVIDIA_GeForce_RTX_4070_SUPER,12,
convnextv2_base,224,64,fp16,,True,NVIDIA_GeForce_RTX_4070_SUPER,12,
convnextv2_base,224,64,fp32,,True,NVIDIA_GeForce_RTX_4070_SUPER,12,
deit_base_patch16_224,64,16,bf16,15.094223976135254,False,NVIDIA_GeForce_RTX_4070_SUPER,12,
deit_base_patch16_224,64,16,fp16,15.037823677062988,False,NVIDIA_GeForce_RTX_4070_SUPER,12,
deit_base_patch16_224,64,16,fp32,19.748863220214844,False,NVIDIA_GeForce_RTX_4070_SUPER,12,
deit_base_patch16_224,64,32,bf16,17.540607452392578,False,NVIDIA_GeForce_RTX_4070_SUPER,12,
deit_base_patch16_224,64,32,fp16,17.42643165588379,False,NVIDIA_GeForce_RTX_4070_SUPER,12,
deit_base_patch16_224,64,32,fp32,27.734336853027344,False,NVIDIA_GeForce_RTX_4070_SUPER,12,
deit_base_patch16_224,64,64,bf16,23.9824161529541,False,NVIDIA_GeForce_RTX_4070_SUPER,12,
deit_base_patch16_224,64,64,fp16,23.935487747192383,False,NVIDIA_GeForce_RTX_4070_SUPER,12,
deit_base_patch16_224,64,64,fp32,44.07603073120117,False,NVIDIA_GeForce_RTX_4070_SUPER,12,
deit_base_patch16_224,128,16,bf16,22.508031845092773,False,NVIDIA_GeForce_RTX_4070_SUPER,12,
deit_base_patch16_224,128,16,fp16,22.417871475219727,False,NVIDIA_GeForce_RTX_4070_SUPER,12,
deit_base_patch16_224,128,16,fp32,42.680320739746094,False,NVIDIA_GeForce_RTX_4070_SUPER,12,
deit_base_patch16_224,128,32,bf16,33.84473419189453,False,NVIDIA_GeForce_RTX_4070_SUPER,12,
deit_base_patch16_224,128,32,fp16,33.74233627319336,False,NVIDIA_GeForce_RTX_4070_SUPER,12,
deit_base_patch16_224,128,32,fp32,79.80390167236328,False,NVIDIA_GeForce_RTX_4070_SUPER,12,
deit_base_patch16_224,128,64,bf16,57.68030548095703,False,NVIDIA_GeForce_RTX_4070_SUPER,12,
deit_base_patch16_224,128,64,fp16,56.94412612915039,False,NVIDIA_GeForce_RTX_4070_SUPER,12,
deit_base_patch16_224,128,64,fp32,145.92051696777344,False,NVIDIA_GeForce_RTX_4070_SUPER,12,
deit_base_patch16_224,224,16,bf16,45.81611251831055,False,NVIDIA_GeForce_RTX_4070_SUPER,12,
deit_base_patch16_224,224,16,fp16,45.33382415771485,False,NVIDIA_GeForce_RTX_4070_SUPER,12,
deit_base_patch16_224,224,16,fp32,117.04564666748048,False,NVIDIA_GeForce_RTX_4070_SUPER,12,
deit_base_patch16_224,224,32,bf16,84.85171508789062,False,NVIDIA_GeForce_RTX_4070_SUPER,12,
deit_base_patch16_224,224,32,fp16,83.85723114013672,False,NVIDIA_GeForce_RTX_4070_SUPER,12,
deit_base_patch16_224,224,32,fp32,228.0339508056641,False,NVIDIA_GeForce_RTX_4070_SUPER,12,
deit_base_patch16_224,224,64,bf16,170.61016845703125,False,NVIDIA_GeForce_RTX_4070_SUPER,12,
deit_base_patch16_224,224,64,fp16,169.093505859375,False,NVIDIA_GeForce_RTX_4070_SUPER,12,
deit_base_patch16_224,224,64,fp32,446.70709228515625,False,NVIDIA_GeForce_RTX_4070_SUPER,12,
deit_small_patch16_224,64,16,bf16,5.25926399230957,False,NVIDIA_GeForce_RTX_4070_SUPER,12,
deit_small_patch16_224,64,16,fp16,5.25875186920166,False,NVIDIA_GeForce_RTX_4070_SUPER,12,
deit_small_patch16_224,64,16,fp32,6.4040961265563965,False,NVIDIA_GeForce_RTX_4070_SUPER,12,
deit_small_patch16_224,64,32,bf16,6.19212818145752,False,NVIDIA_GeForce_RTX_4070_SUPER,12,
deit_small_patch16_224,64,32,fp16,6.149631977081299,False,NVIDIA_GeForce_RTX_4070_SUPER,12,
deit_small_patch16_224,64,32,fp32,9.36292839050293,False,NVIDIA_GeForce_RTX_4070_SUPER,12,
deit_small_patch16_224,64,64,bf16,8.24300765991211,False,NVIDIA_GeForce_RTX_4070_SUPER,12,
deit_small_patch16_224,64,64,fp16,8.21401596069336,False,NVIDIA_GeForce_RTX_4070_SUPER,12,
deit_small_patch16_224,64,64,fp32,14.124544143676758,False,NVIDIA_GeForce_RTX_4070_SUPER,12,
deit_small_patch16_224,128,16,bf16,7.6129279136657715,False,NVIDIA_GeForce_RTX_4070_SUPER,12,
deit_small_patch16_224,128,16,fp16,7.581696033477783,False,NVIDIA_GeForce_RTX_4070_SUPER,12,
deit_small_patch16_224,128,16,fp32,13.97094440460205,False,NVIDIA_GeForce_RTX_4070_SUPER,12,
deit_small_patch16_224,128,32,bf16,11.141119956970217,False,NVIDIA_GeForce_RTX_4070_SUPER,12,
deit_small_patch16_224,128,32,fp16,11.089407920837402,False,NVIDIA_GeForce_RTX_4070_SUPER,12,
deit_small_patch16_224,128,32,fp32,25.44793510437012,False,NVIDIA_GeForce_RTX_4070_SUPER,12,
deit_small_patch16_224,128,64,bf16,18.885120391845703,False,NVIDIA_GeForce_RTX_4070_SUPER,12,
deit_small_patch16_224,128,64,fp16,18.68953514099121,False,NVIDIA_GeForce_RTX_4070_SUPER,12,
deit_small_patch16_224,128,64,fp32,44.5849609375,False,NVIDIA_GeForce_RTX_4070_SUPER,12,
deit_small_patch16_224,224,16,bf16,15.583744049072266,False,NVIDIA_GeForce_RTX_4070_SUPER,12,
deit_small_patch16_224,224,16,fp16,15.415151596069336,False,NVIDIA_GeForce_RTX_4070_SUPER,12,
deit_small_patch16_224,224,16,fp32,38.08356857299805,False,NVIDIA_GeForce_RTX_4070_SUPER,12,
deit_small_patch16_224,224,32,bf16,27.56190490722656,False,NVIDIA_GeForce_RTX_4070_SUPER,12,
deit_small_patch16_224,224,32,fp16,27.26950454711914,False,NVIDIA_GeForce_RTX_4070_SUPER,12,
deit_small_patch16_224,224,32,fp32,72.48230743408203,False,NVIDIA_GeForce_RTX_4070_SUPER,12,
deit_small_patch16_224,224,64,bf16,55.10897445678711,False,NVIDIA_GeForce_RTX_4070_SUPER,12,
deit_small_patch16_224,224,64,fp16,54.48847961425781,False,NVIDIA_GeForce_RTX_4070_SUPER,12,
deit_small_patch16_224,224,64,fp32,147.27577209472656,False,NVIDIA_GeForce_RTX_4070_SUPER,12,
deit_tiny_patch16_224,64,16,bf16,2.533888101577759,False,NVIDIA_GeForce_RTX_4070_SUPER,12,
deit_tiny_patch16_224,64,16,fp16,2.4476959705352783,False,NVIDIA_GeForce_RTX_4070_SUPER,12,
deit_tiny_patch16_224,64,16,fp32,2.8364479541778564,False,NVIDIA_GeForce_RTX_4070_SUPER,12,
deit_tiny_patch16_224,64,32,bf16,3.041088104248047,False,NVIDIA_GeForce_RTX_4070_SUPER,12,
deit_tiny_patch16_224,64,32,fp16,3.0018560886383057,False,NVIDIA_GeForce_RTX_4070_SUPER,12,
deit_tiny_patch16_224,64,32,fp32,3.8599679470062256,False,NVIDIA_GeForce_RTX_4070_SUPER,12,
deit_tiny_patch16_224,64,64,bf16,3.759536027908325,False,NVIDIA_GeForce_RTX_4070_SUPER,12,
deit_tiny_patch16_224,64,64,fp16,3.750911951065064,False,NVIDIA_GeForce_RTX_4070_SUPER,12,
deit_tiny_patch16_224,64,64,fp32,5.831952095031738,False,NVIDIA_GeForce_RTX_4070_SUPER,12,
deit_tiny_patch16_224,128,16,bf16,3.4350080490112305,False,NVIDIA_GeForce_RTX_4070_SUPER,12,
deit_tiny_patch16_224,128,16,fp16,3.432960033416748,False,NVIDIA_GeForce_RTX_4070_SUPER,12,
deit_tiny_patch16_224,128,16,fp32,5.926400184631348,False,NVIDIA_GeForce_RTX_4070_SUPER,12,
deit_tiny_patch16_224,128,32,bf16,5.041664123535156,False,NVIDIA_GeForce_RTX_4070_SUPER,12,
deit_tiny_patch16_224,128,32,fp16,5.017600059509277,False,NVIDIA_GeForce_RTX_4070_SUPER,12,
deit_tiny_patch16_224,128,32,fp32,9.387007713317873,False,NVIDIA_GeForce_RTX_4070_SUPER,12,
deit_tiny_patch16_224,128,64,bf16,7.713791847229004,False,NVIDIA_GeForce_RTX_4070_SUPER,12,
deit_tiny_patch16_224,128,64,fp16,7.661568164825439,False,NVIDIA_GeForce_RTX_4070_SUPER,12,
deit_tiny_patch16_224,128,64,fp32,17.265151977539062,False,NVIDIA_GeForce_RTX_4070_SUPER,12,
deit_tiny_patch16_224,224,16,bf16,6.718976020812988,False,NVIDIA_GeForce_RTX_4070_SUPER,12,
deit_tiny_patch16_224,224,16,fp16,6.673840045928955,False,NVIDIA_GeForce_RTX_4070_SUPER,12,
deit_tiny_patch16_224,224,16,fp32,15.271424293518066,False,NVIDIA_GeForce_RTX_4070_SUPER,12,
deit_tiny_patch16_224,224,32,bf16,11.860976219177246,False,NVIDIA_GeForce_RTX_4070_SUPER,12,
deit_tiny_patch16_224,224,32,fp16,11.791359901428224,False,NVIDIA_GeForce_RTX_4070_SUPER,12,
deit_tiny_patch16_224,224,32,fp32,27.75500869750977,False,NVIDIA_GeForce_RTX_4070_SUPER,12,
deit_tiny_patch16_224,224,64,bf16,22.23289680480957,False,NVIDIA_GeForce_RTX_4070_SUPER,12,
deit_tiny_patch16_224,224,64,fp16,21.96326446533203,False,NVIDIA_GeForce_RTX_4070_SUPER,12,
deit_tiny_patch16_224,224,64,fp32,55.11625671386719,False,NVIDIA_GeForce_RTX_4070_SUPER,12,
densenet121,64,16,bf16,7.902207851409912,False,NVIDIA_GeForce_RTX_4070_SUPER,12,
densenet121,64,16,fp16,8.147456169128418,False,NVIDIA_GeForce_RTX_4070_SUPER,12,
densenet121,64,16,fp32,8.478719711303711,False,NVIDIA_GeForce_RTX_4070_SUPER,12,
densenet121,64,32,bf16,9.92563247680664,False,NVIDIA_GeForce_RTX_4070_SUPER,12,
densenet121,64,32,fp16,10.438655853271484,False,NVIDIA_GeForce_RTX_4070_SUPER,12,
densenet121,64,32,fp32,11.785216331481934,False,NVIDIA_GeForce_RTX_4070_SUPER,12,
densenet121,64,64,bf16,14.358511924743652,False,NVIDIA_GeForce_RTX_4070_SUPER,12,
densenet121,64,64,fp16,13.321727752685549,False,NVIDIA_GeForce_RTX_4070_SUPER,12,
densenet121,64,64,fp32,17.650175094604492,False,NVIDIA_GeForce_RTX_4070_SUPER,12,
densenet121,128,16,bf16,11.41596794128418,False,NVIDIA_GeForce_RTX_4070_SUPER,12,
densenet121,128,16,fp16,10.768896102905272,False,NVIDIA_GeForce_RTX_4070_SUPER,12,
densenet121,128,16,fp32,14.014975547790527,False,NVIDIA_GeForce_RTX_4070_SUPER,12,
densenet121,128,32,bf16,17.707839965820312,False,NVIDIA_GeForce_RTX_4070_SUPER,12,
densenet121,128,32,fp16,16.559104919433594,False,NVIDIA_GeForce_RTX_4070_SUPER,12,
densenet121,128,32,fp32,26.14971160888672,False,NVIDIA_GeForce_RTX_4070_SUPER,12,
densenet121,128,64,bf16,32.05427169799805,False,NVIDIA_GeForce_RTX_4070_SUPER,12,
densenet121,128,64,fp16,28.87936019897461,False,NVIDIA_GeForce_RTX_4070_SUPER,12,
densenet121,128,64,fp32,57.07259368896485,False,NVIDIA_GeForce_RTX_4070_SUPER,12,
densenet121,224,16,bf16,24.27836799621582,False,NVIDIA_GeForce_RTX_4070_SUPER,12,
densenet121,224,16,fp16,21.997055053710938,False,NVIDIA_GeForce_RTX_4070_SUPER,12,
densenet121,224,16,fp32,40.70280075073242,False,NVIDIA_GeForce_RTX_4070_SUPER,12,
densenet121,224,32,bf16,49.24160003662109,False,NVIDIA_GeForce_RTX_4070_SUPER,12,
densenet121,224,32,fp16,45.03705596923828,False,NVIDIA_GeForce_RTX_4070_SUPER,12,
densenet121,224,32,fp32,91.61830139160156,False,NVIDIA_GeForce_RTX_4070_SUPER,12,
densenet121,224,64,bf16,105.42591857910156,False,NVIDIA_GeForce_RTX_4070_SUPER,12,
densenet121,224,64,fp16,96.44287872314452,False,NVIDIA_GeForce_RTX_4070_SUPER,12,
densenet121,224,64,fp32,200.1669158935547,False,NVIDIA_GeForce_RTX_4070_SUPER,12,
dm_nfnet_f1,64,16,bf16,41.52628707885742,False,NVIDIA_GeForce_RTX_4070_SUPER,12,
dm_nfnet_f1,64,16,fp16,42.41971206665039,False,NVIDIA_GeForce_RTX_4070_SUPER,12,
dm_nfnet_f1,64,16,fp32,47.18131256103516,False,NVIDIA_GeForce_RTX_4070_SUPER,12,
dm_nfnet_f1,64,32,bf16,59.82443237304688,False,NVIDIA_GeForce_RTX_4070_SUPER,12,
dm_nfnet_f1,64,32,fp16,59.91884613037109,False,NVIDIA_GeForce_RTX_4070_SUPER,12,
dm_nfnet_f1,64,32,fp32,61.45638275146485,False,NVIDIA_GeForce_RTX_4070_SUPER,12,
dm_nfnet_f1,64,64,bf16,46.28224182128906,False,NVIDIA_GeForce_RTX_4070_SUPER,12,
dm_nfnet_f1,64,64,fp16,46.43100738525391,False,NVIDIA_GeForce_RTX_4070_SUPER,12,
dm_nfnet_f1,64,64,fp32,93.63337707519533,False,NVIDIA_GeForce_RTX_4070_SUPER,12,
dm_nfnet_f1,128,16,bf16,52.89972686767578,False,NVIDIA_GeForce_RTX_4070_SUPER,12,
dm_nfnet_f1,128,16,fp16,53.45431900024414,False,NVIDIA_GeForce_RTX_4070_SUPER,12,
dm_nfnet_f1,128,16,fp32,67.89170837402344,False,NVIDIA_GeForce_RTX_4070_SUPER,12,
dm_nfnet_f1,128,32,bf16,83.83795166015625,False,NVIDIA_GeForce_RTX_4070_SUPER,12,
dm_nfnet_f1,128,32,fp16,83.93148803710938,False,NVIDIA_GeForce_RTX_4070_SUPER,12,
dm_nfnet_f1,128,32,fp32,116.2270736694336,False,NVIDIA_GeForce_RTX_4070_SUPER,12,
dm_nfnet_f1,128,64,bf16,103.22688293457033,False,NVIDIA_GeForce_RTX_4070_SUPER,12,
dm_nfnet_f1,128,64,fp16,103.7475814819336,False,NVIDIA_GeForce_RTX_4070_SUPER,12,
dm_nfnet_f1,128,64,fp32,225.86160278320312,False,NVIDIA_GeForce_RTX_4070_SUPER,12,
dm_nfnet_f1,224,16,bf16,91.38175964355467,False,NVIDIA_GeForce_RTX_4070_SUPER,12,
dm_nfnet_f1,224,16,fp16,91.7355499267578,False,NVIDIA_GeForce_RTX_4070_SUPER,12,
dm_nfnet_f1,224,16,fp32,170.1150665283203,False,NVIDIA_GeForce_RTX_4070_SUPER,12,
dm_nfnet_f1,224,32,bf16,179.39247131347656,False,NVIDIA_GeForce_RTX_4070_SUPER,12,
dm_nfnet_f1,224,32,fp16,178.46578979492188,False,NVIDIA_GeForce_RTX_4070_SUPER,12,
dm_nfnet_f1,224,32,fp32,3158.98681640625,False,NVIDIA_GeForce_RTX_4070_SUPER,12,precision_artifact
dm_nfnet_f1,224,64,bf16,320.9651184082031,False,NVIDIA_GeForce_RTX_4070_SUPER,12,
dm_nfnet_f1,224,64,fp16,319.525390625,False,NVIDIA_GeForce_RTX_4070_SUPER,12,
dm_nfnet_f1,224,64,fp32,,True,NVIDIA_GeForce_RTX_4070_SUPER,12,
efficientnet_b0,64,16,bf16,5.525504112243652,False,NVIDIA_GeForce_RTX_4070_SUPER,12,
efficientnet_b0,64,16,fp16,5.093376159667969,False,NVIDIA_GeForce_RTX_4070_SUPER,12,
efficientnet_b0,64,16,fp32,5.009407997131348,False,NVIDIA_GeForce_RTX_4070_SUPER,12,
efficientnet_b0,64,32,bf16,7.170944213867188,False,NVIDIA_GeForce_RTX_4070_SUPER,12,
efficientnet_b0,64,32,fp16,6.356287956237793,False,NVIDIA_GeForce_RTX_4070_SUPER,12,
efficientnet_b0,64,32,fp32,6.697984218597412,False,NVIDIA_GeForce_RTX_4070_SUPER,12,
efficientnet_b0,64,64,bf16,9.901056289672852,False,NVIDIA_GeForce_RTX_4070_SUPER,12,
efficientnet_b0,64,64,fp16,8.764703750610352,False,NVIDIA_GeForce_RTX_4070_SUPER,12,
efficientnet_b0,64,64,fp32,10.275327682495115,False,NVIDIA_GeForce_RTX_4070_SUPER,12,
efficientnet_b0,128,16,bf16,7.966207981109619,False,NVIDIA_GeForce_RTX_4070_SUPER,12,
efficientnet_b0,128,16,fp16,7.528960227966309,False,NVIDIA_GeForce_RTX_4070_SUPER,12,
efficientnet_b0,128,16,fp32,7.942624092102051,False,NVIDIA_GeForce_RTX_4070_SUPER,12,
efficientnet_b0,128,32,bf16,12.526080131530762,False,NVIDIA_GeForce_RTX_4070_SUPER,12,
efficientnet_b0,128,32,fp16,10.65715217590332,False,NVIDIA_GeForce_RTX_4070_SUPER,12,
efficientnet_b0,128,32,fp32,14.022047996520996,False,NVIDIA_GeForce_RTX_4070_SUPER,12,
efficientnet_b0,128,64,bf16,20.040143966674805,False,NVIDIA_GeForce_RTX_4070_SUPER,12,
efficientnet_b0,128,64,fp16,16.303104400634766,False,NVIDIA_GeForce_RTX_4070_SUPER,12,
efficientnet_b0,128,64,fp32,29.752832412719727,False,NVIDIA_GeForce_RTX_4070_SUPER,12,
efficientnet_b0,224,16,bf16,15.079312324523926,False,NVIDIA_GeForce_RTX_4070_SUPER,12,
efficientnet_b0,224,16,fp16,11.845120429992676,False,NVIDIA_GeForce_RTX_4070_SUPER,12,
efficientnet_b0,224,16,fp32,21.342208862304688,False,NVIDIA_GeForce_RTX_4070_SUPER,12,
efficientnet_b0,224,32,bf16,29.911535263061523,False,NVIDIA_GeForce_RTX_4070_SUPER,12,
efficientnet_b0,224,32,fp16,23.533056259155277,False,NVIDIA_GeForce_RTX_4070_SUPER,12,
efficientnet_b0,224,32,fp32,46.411617279052734,False,NVIDIA_GeForce_RTX_4070_SUPER,12,
efficientnet_b0,224,64,bf16,63.14023971557617,False,NVIDIA_GeForce_RTX_4070_SUPER,12,
efficientnet_b0,224,64,fp16,50.84415817260742,False,NVIDIA_GeForce_RTX_4070_SUPER,12,
efficientnet_b0,224,64,fp32,100.1707534790039,False,NVIDIA_GeForce_RTX_4070_SUPER,12,
efficientnet_b3,64,16,bf16,10.37241554260254,False,NVIDIA_GeForce_RTX_4070_SUPER,12,
efficientnet_b3,64,16,fp16,9.60051155090332,False,NVIDIA_GeForce_RTX_4070_SUPER,12,
efficientnet_b3,64,16,fp32,10.184191703796388,False,NVIDIA_GeForce_RTX_4070_SUPER,12,
efficientnet_b3,64,32,bf16,13.376511573791504,False,NVIDIA_GeForce_RTX_4070_SUPER,12,
efficientnet_b3,64,32,fp16,11.965439796447754,False,NVIDIA_GeForce_RTX_4070_SUPER,12,
efficientnet_b3,64,32,fp32,13.925328254699709,False,NVIDIA_GeForce_RTX_4070_SUPER,12,
efficientnet_b3,64,64,bf16,19.328432083129883,False,NVIDIA_GeForce_RTX_4070_SUPER,12,
efficientnet_b3,64,64,fp16,16.82841682434082,False,NVIDIA_GeForce_RTX_4070_SUPER,12,
efficientnet_b3,64,64,fp32,21.664255142211918,False,NVIDIA_GeForce_RTX_4070_SUPER,12,
efficientnet_b3,128,16,bf16,14.96615982055664,False,NVIDIA_GeForce_RTX_4070_SUPER,12,
efficientnet_b3,128,16,fp16,12.749823570251465,False,NVIDIA_GeForce_RTX_4070_SUPER,12,
efficientnet_b3,128,16,fp32,16.50014305114746,False,NVIDIA_GeForce_RTX_4070_SUPER,12,
efficientnet_b3,128,32,bf16,23.61292839050293,False,NVIDIA_GeForce_RTX_4070_SUPER,12,
efficientnet_b3,128,32,fp16,19.703264236450195,False,NVIDIA_GeForce_RTX_4070_SUPER,12,
efficientnet_b3,128,32,fp32,29.68832015991211,False,NVIDIA_GeForce_RTX_4070_SUPER,12,
efficientnet_b3,128,64,bf16,40.0926399230957,False,NVIDIA_GeForce_RTX_4070_SUPER,12,
efficientnet_b3,128,64,fp16,32.45465469360352,False,NVIDIA_GeForce_RTX_4070_SUPER,12,
efficientnet_b3,128,64,fp32,62.042110443115234,False,NVIDIA_GeForce_RTX_4070_SUPER,12,
efficientnet_b3,224,16,bf16,29.825023651123047,False,NVIDIA_GeForce_RTX_4070_SUPER,12,
efficientnet_b3,224,16,fp16,22.37950325012207,False,NVIDIA_GeForce_RTX_4070_SUPER,12,
efficientnet_b3,224,16,fp32,44.48443222045898,False,NVIDIA_GeForce_RTX_4070_SUPER,12,
efficientnet_b3,224,32,bf16,59.85843276977539,False,NVIDIA_GeForce_RTX_4070_SUPER,12,
efficientnet_b3,224,32,fp16,46.56532669067383,False,NVIDIA_GeForce_RTX_4070_SUPER,12,
efficientnet_b3,224,32,fp32,95.15264129638672,False,NVIDIA_GeForce_RTX_4070_SUPER,12,
efficientnet_b3,224,64,bf16,124.8358383178711,False,NVIDIA_GeForce_RTX_4070_SUPER,12,
efficientnet_b3,224,64,fp16,99.82252502441406,False,NVIDIA_GeForce_RTX_4070_SUPER,12,
efficientnet_b3,224,64,fp32,,True,NVIDIA_GeForce_RTX_4070_SUPER,12,
efficientnet_b5,64,16,bf16,18.675199508666992,False,NVIDIA_GeForce_RTX_4070_SUPER,12,
efficientnet_b5,64,16,fp16,17.08799934387207,False,NVIDIA_GeForce_RTX_4070_SUPER,12,
efficientnet_b5,64,16,fp32,20.26227188110352,False,NVIDIA_GeForce_RTX_4070_SUPER,12,
efficientnet_b5,64,32,bf16,24.144384384155277,False,NVIDIA_GeForce_RTX_4070_SUPER,12,
efficientnet_b5,64,32,fp16,21.24492835998535,False,NVIDIA_GeForce_RTX_4070_SUPER,12,
efficientnet_b5,64,32,fp32,27.402080535888672,False,NVIDIA_GeForce_RTX_4070_SUPER,12,
efficientnet_b5,64,64,bf16,35.63212966918945,False,NVIDIA_GeForce_RTX_4070_SUPER,12,
efficientnet_b5,64,64,fp16,30.101919174194336,False,NVIDIA_GeForce_RTX_4070_SUPER,12,
efficientnet_b5,64,64,fp32,42.41049575805664,False,NVIDIA_GeForce_RTX_4070_SUPER,12,
efficientnet_b5,128,16,bf16,26.31014442443848,False,NVIDIA_GeForce_RTX_4070_SUPER,12,
efficientnet_b5,128,16,fp16,21.7096004486084,False,NVIDIA_GeForce_RTX_4070_SUPER,12,
efficientnet_b5,128,16,fp32,31.541248321533203,False,NVIDIA_GeForce_RTX_4070_SUPER,12,
efficientnet_b5,128,32,bf16,41.01017761230469,False,NVIDIA_GeForce_RTX_4070_SUPER,12,
efficientnet_b5,128,32,fp16,33.00185775756836,False,NVIDIA_GeForce_RTX_4070_SUPER,12,
efficientnet_b5,128,32,fp32,57.25062561035156,False,NVIDIA_GeForce_RTX_4070_SUPER,12,
efficientnet_b5,128,64,bf16,76.03046417236328,False,NVIDIA_GeForce_RTX_4070_SUPER,12,
efficientnet_b5,128,64,fp16,60.61772918701172,False,NVIDIA_GeForce_RTX_4070_SUPER,12,
efficientnet_b5,128,64,fp32,122.54964447021484,False,NVIDIA_GeForce_RTX_4070_SUPER,12,
efficientnet_b5,224,16,bf16,55.47110366821289,False,NVIDIA_GeForce_RTX_4070_SUPER,12,
efficientnet_b5,224,16,fp16,41.61638259887695,False,NVIDIA_GeForce_RTX_4070_SUPER,12,
efficientnet_b5,224,16,fp32,84.37754821777344,False,NVIDIA_GeForce_RTX_4070_SUPER,12,
efficientnet_b5,224,32,bf16,112.52992248535156,False,NVIDIA_GeForce_RTX_4070_SUPER,12,
efficientnet_b5,224,32,fp16,85.81990051269531,False,NVIDIA_GeForce_RTX_4070_SUPER,12,
efficientnet_b5,224,32,fp32,,True,NVIDIA_GeForce_RTX_4070_SUPER,12,
efficientnet_b5,224,64,bf16,,True,NVIDIA_GeForce_RTX_4070_SUPER,12,
efficientnet_b5,224,64,fp16,,True,NVIDIA_GeForce_RTX_4070_SUPER,12,
efficientnet_b5,224,64,fp32,,True,NVIDIA_GeForce_RTX_4070_SUPER,12,
efficientnetv2_l,64,16,bf16,44.39910507202149,False,NVIDIA_GeForce_RTX_4070_SUPER,12,
efficientnetv2_l,64,16,fp16,43.59513473510742,False,NVIDIA_GeForce_RTX_4070_SUPER,12,
efficientnetv2_l,64,16,fp32,57.69881439208984,False,NVIDIA_GeForce_RTX_4070_SUPER,12,
efficientnetv2_l,64,32,bf16,54.78656005859375,False,NVIDIA_GeForce_RTX_4070_SUPER,12,
efficientnetv2_l,64,32,fp16,51.655982971191406,False,NVIDIA_GeForce_RTX_4070_SUPER,12,
efficientnetv2_l,64,32,fp32,75.504638671875,False,NVIDIA_GeForce_RTX_4070_SUPER,12,
efficientnetv2_l,64,64,bf16,71.88428497314453,False,NVIDIA_GeForce_RTX_4070_SUPER,12,
efficientnetv2_l,64,64,fp16,64.50534057617188,False,NVIDIA_GeForce_RTX_4070_SUPER,12,
efficientnetv2_l,64,64,fp32,109.01862335205078,False,NVIDIA_GeForce_RTX_4070_SUPER,12,
efficientnetv2_l,128,16,bf16,56.9354248046875,False,NVIDIA_GeForce_RTX_4070_SUPER,12,
efficientnetv2_l,128,16,fp16,52.83583831787109,False,NVIDIA_GeForce_RTX_4070_SUPER,12,
efficientnetv2_l,128,16,fp32,74.36697387695312,False,NVIDIA_GeForce_RTX_4070_SUPER,12,
efficientnetv2_l,128,32,bf16,81.92205047607422,False,NVIDIA_GeForce_RTX_4070_SUPER,12,
efficientnetv2_l,128,32,fp16,73.01211547851562,False,NVIDIA_GeForce_RTX_4070_SUPER,12,
efficientnetv2_l,128,32,fp32,114.58084869384766,False,NVIDIA_GeForce_RTX_4070_SUPER,12,
efficientnetv2_l,128,64,bf16,149.93101501464844,False,NVIDIA_GeForce_RTX_4070_SUPER,12,
efficientnetv2_l,128,64,fp16,130.018310546875,False,NVIDIA_GeForce_RTX_4070_SUPER,12,
efficientnetv2_l,128,64,fp32,,True,NVIDIA_GeForce_RTX_4070_SUPER,12,
efficientnetv2_l,224,16,bf16,114.2446060180664,False,NVIDIA_GeForce_RTX_4070_SUPER,12,
efficientnetv2_l,224,16,fp16,91.22201538085938,False,NVIDIA_GeForce_RTX_4070_SUPER,12,
efficientnetv2_l,224,16,fp32,1855.6644287109373,False,NVIDIA_GeForce_RTX_4070_SUPER,12,precision_artifact
efficientnetv2_l,224,32,bf16,1186.1898193359375,False,NVIDIA_GeForce_RTX_4070_SUPER,12,slow_outlier
efficientnetv2_l,224,32,fp16,1217.84716796875,False,NVIDIA_GeForce_RTX_4070_SUPER,12,slow_outlier
efficientnetv2_l,224,32,fp32,,True,NVIDIA_GeForce_RTX_4070_SUPER,12,
efficientnetv2_l,224,64,bf16,,True,NVIDIA_GeForce_RTX_4070_SUPER,12,
efficientnetv2_l,224,64,fp16,,True,NVIDIA_GeForce_RTX_4070_SUPER,12,
efficientnetv2_l,224,64,fp32,,True,NVIDIA_GeForce_RTX_4070_SUPER,12,
efficientnetv2_m,64,16,bf16,26.512847900390625,False,NVIDIA_GeForce_RTX_4070_SUPER,12,
efficientnetv2_m,64,16,fp16,24.86835289001465,False,NVIDIA_GeForce_RTX_4070_SUPER,12,
efficientnetv2_m,64,16,fp32,29.38772773742676,False,NVIDIA_GeForce_RTX_4070_SUPER,12,
efficientnetv2_m,64,32,bf16,33.558528900146484,False,NVIDIA_GeForce_RTX_4070_SUPER,12,
efficientnetv2_m,64,32,fp16,30.36249542236328,False,NVIDIA_GeForce_RTX_4070_SUPER,12,
efficientnetv2_m,64,32,fp32,38.08051300048828,False,NVIDIA_GeForce_RTX_4070_SUPER,12,
efficientnetv2_m,64,64,bf16,46.13671875,False,NVIDIA_GeForce_RTX_4070_SUPER,12,
efficientnetv2_m,64,64,fp16,39.83718490600586,False,NVIDIA_GeForce_RTX_4070_SUPER,12,
efficientnetv2_m,64,64,fp32,54.75481414794922,False,NVIDIA_GeForce_RTX_4070_SUPER,12,
efficientnetv2_m,128,16,bf16,33.86316680908203,False,NVIDIA_GeForce_RTX_4070_SUPER,12,
efficientnetv2_m,128,16,fp16,30.5034236907959,False,NVIDIA_GeForce_RTX_4070_SUPER,12,
efficientnetv2_m,128,16,fp32,38.55104064941406,False,NVIDIA_GeForce_RTX_4070_SUPER,12,
efficientnetv2_m,128,32,bf16,47.592960357666016,False,NVIDIA_GeForce_RTX_4070_SUPER,12,
efficientnetv2_m,128,32,fp16,41.5214729309082,False,NVIDIA_GeForce_RTX_4070_SUPER,12,
efficientnetv2_m,128,32,fp32,58.87897491455078,False,NVIDIA_GeForce_RTX_4070_SUPER,12,
efficientnetv2_m,128,64,bf16,72.9900131225586,False,NVIDIA_GeForce_RTX_4070_SUPER,12,
efficientnetv2_m,128,64,fp16,61.59342575073242,False,NVIDIA_GeForce_RTX_4070_SUPER,12,
efficientnetv2_m,128,64,fp32,106.89073944091795,False,NVIDIA_GeForce_RTX_4070_SUPER,12,
efficientnetv2_m,224,16,bf16,54.4721908569336,False,NVIDIA_GeForce_RTX_4070_SUPER,12,
efficientnetv2_m,224,16,fp16,43.490753173828125,False,NVIDIA_GeForce_RTX_4070_SUPER,12,
efficientnetv2_m,224,16,fp32,75.54918670654297,False,NVIDIA_GeForce_RTX_4070_SUPER,12,
efficientnetv2_m,224,32,bf16,97.12484741210938,False,NVIDIA_GeForce_RTX_4070_SUPER,12,
efficientnetv2_m,224,32,fp16,76.66329956054688,False,NVIDIA_GeForce_RTX_4070_SUPER,12,
efficientnetv2_m,224,32,fp32,547.2433471679688,False,NVIDIA_GeForce_RTX_4070_SUPER,12,precision_artifact
efficientnetv2_m,224,64,bf16,197.0437164306641,False,NVIDIA_GeForce_RTX_4070_SUPER,12,
efficientnetv2_m,224,64,fp16,160.4884490966797,False,NVIDIA_GeForce_RTX_4070_SUPER,12,
efficientnetv2_m,224,64,fp32,,True,NVIDIA_GeForce_RTX_4070_SUPER,12,
efficientnetv2_s,64,16,bf16,14.023088455200195,False,NVIDIA_GeForce_RTX_4070_SUPER,12,
efficientnetv2_s,64,16,fp16,13.507072448730469,False,NVIDIA_GeForce_RTX_4070_SUPER,12,
efficientnetv2_s,64,16,fp32,14.870528221130373,False,NVIDIA_GeForce_RTX_4070_SUPER,12,
efficientnetv2_s,64,32,bf16,17.05062484741211,False,NVIDIA_GeForce_RTX_4070_SUPER,12,
efficientnetv2_s,64,32,fp16,15.68665599822998,False,NVIDIA_GeForce_RTX_4070_SUPER,12,
efficientnetv2_s,64,32,fp32,19.174400329589844,False,NVIDIA_GeForce_RTX_4070_SUPER,12,
efficientnetv2_s,64,64,bf16,23.66054344177246,False,NVIDIA_GeForce_RTX_4070_SUPER,12,
efficientnetv2_s,64,64,fp16,21.57772827148437,False,NVIDIA_GeForce_RTX_4070_SUPER,12,
efficientnetv2_s,64,64,fp32,26.628416061401367,False,NVIDIA_GeForce_RTX_4070_SUPER,12,
efficientnetv2_s,128,16,bf16,18.249216079711918,False,NVIDIA_GeForce_RTX_4070_SUPER,12,
efficientnetv2_s,128,16,fp16,16.388959884643555,False,NVIDIA_GeForce_RTX_4070_SUPER,12,
efficientnetv2_s,128,16,fp32,20.704160690307617,False,NVIDIA_GeForce_RTX_4070_SUPER,12,
efficientnetv2_s,128,32,bf16,25.485824584960938,False,NVIDIA_GeForce_RTX_4070_SUPER,12,
efficientnetv2_s,128,32,fp16,21.79422378540039,False,NVIDIA_GeForce_RTX_4070_SUPER,12,
efficientnetv2_s,128,32,fp32,31.786495208740234,False,NVIDIA_GeForce_RTX_4070_SUPER,12,
efficientnetv2_s,128,64,bf16,40.74240112304688,False,NVIDIA_GeForce_RTX_4070_SUPER,12,
efficientnetv2_s,128,64,fp16,34.17087936401367,False,NVIDIA_GeForce_RTX_4070_SUPER,12,
efficientnetv2_s,128,64,fp32,57.69420623779297,False,NVIDIA_GeForce_RTX_4070_SUPER,12,
efficientnetv2_s,224,16,bf16,31.5996150970459,False,NVIDIA_GeForce_RTX_4070_SUPER,12,
efficientnetv2_s,224,16,fp16,25.644031524658203,False,NVIDIA_GeForce_RTX_4070_SUPER,12,
efficientnetv2_s,224,16,fp32,42.55846405029297,False,NVIDIA_GeForce_RTX_4070_SUPER,12,
efficientnetv2_s,224,32,bf16,57.70188903808594,False,NVIDIA_GeForce_RTX_4070_SUPER,12,
efficientnetv2_s,224,32,fp16,46.29708862304688,False,NVIDIA_GeForce_RTX_4070_SUPER,12,
efficientnetv2_s,224,32,fp32,86.14553833007812,False,NVIDIA_GeForce_RTX_4070_SUPER,12,
efficientnetv2_s,224,64,bf16,119.27961730957033,False,NVIDIA_GeForce_RTX_4070_SUPER,12,
efficientnetv2_s,224,64,fp16,98.97615814208984,False,NVIDIA_GeForce_RTX_4070_SUPER,12,
efficientnetv2_s,224,64,fp32,,True,NVIDIA_GeForce_RTX_4070_SUPER,12,
fastvit_t12,64,16,bf16,6.442495822906494,False,NVIDIA_GeForce_RTX_4070_SUPER,12,
fastvit_t12,64,16,fp16,6.150656223297119,False,NVIDIA_GeForce_RTX_4070_SUPER,12,
fastvit_t12,64,16,fp32,6.3787841796875,False,NVIDIA_GeForce_RTX_4070_SUPER,12,
fastvit_t12,64,32,bf16,8.335328102111816,False,NVIDIA_GeForce_RTX_4070_SUPER,12,
fastvit_t12,64,32,fp16,7.770624160766602,False,NVIDIA_GeForce_RTX_4070_SUPER,12,
fastvit_t12,64,32,fp32,8.833392143249512,False,NVIDIA_GeForce_RTX_4070_SUPER,12,
fastvit_t12,64,64,bf16,12.585472106933594,False,NVIDIA_GeForce_RTX_4070_SUPER,12,
fastvit_t12,64,64,fp16,11.490303993225098,False,NVIDIA_GeForce_RTX_4070_SUPER,12,
fastvit_t12,64,64,fp32,13.42512035369873,False,NVIDIA_GeForce_RTX_4070_SUPER,12,
fastvit_t12,128,16,bf16,9.965519905090332,False,NVIDIA_GeForce_RTX_4070_SUPER,12,
fastvit_t12,128,16,fp16,9.18886375427246,False,NVIDIA_GeForce_RTX_4070_SUPER,12,
fastvit_t12,128,16,fp32,10.74118423461914,False,NVIDIA_GeForce_RTX_4070_SUPER,12,
fastvit_t12,128,32,bf16,16.526752471923828,False,NVIDIA_GeForce_RTX_4070_SUPER,12,
fastvit_t12,128,32,fp16,15.204352378845217,False,NVIDIA_GeForce_RTX_4070_SUPER,12,
fastvit_t12,128,32,fp32,19.42118453979492,False,NVIDIA_GeForce_RTX_4070_SUPER,12,
fastvit_t12,128,64,bf16,32.85289764404297,False,NVIDIA_GeForce_RTX_4070_SUPER,12,
fastvit_t12,128,64,fp16,30.37887954711914,False,NVIDIA_GeForce_RTX_4070_SUPER,12,
fastvit_t12,128,64,fp32,39.49808120727539,False,NVIDIA_GeForce_RTX_4070_SUPER,12,
fastvit_t12,224,16,bf16,23.0251522064209,False,NVIDIA_GeForce_RTX_4070_SUPER,12,
fastvit_t12,224,16,fp16,20.64486312866211,False,NVIDIA_GeForce_RTX_4070_SUPER,12,
fastvit_t12,224,16,fp32,28.33407974243164,False,NVIDIA_GeForce_RTX_4070_SUPER,12,
fastvit_t12,224,32,bf16,47.50233459472656,False,NVIDIA_GeForce_RTX_4070_SUPER,12,
fastvit_t12,224,32,fp16,42.95475387573242,False,NVIDIA_GeForce_RTX_4070_SUPER,12,
fastvit_t12,224,32,fp32,62.41126251220703,False,NVIDIA_GeForce_RTX_4070_SUPER,12,
fastvit_t12,224,64,bf16,104.66246032714844,False,NVIDIA_GeForce_RTX_4070_SUPER,12,
fastvit_t12,224,64,fp16,96.02559661865234,False,NVIDIA_GeForce_RTX_4070_SUPER,12,
fastvit_t12,224,64,fp32,139.9490509033203,False,NVIDIA_GeForce_RTX_4070_SUPER,12,
fastvit_t8,64,16,bf16,4.871679782867432,False,NVIDIA_GeForce_RTX_4070_SUPER,12,
fastvit_t8,64,16,fp16,4.631040096282959,False,NVIDIA_GeForce_RTX_4070_SUPER,12,
fastvit_t8,64,16,fp32,4.390384197235107,False,NVIDIA_GeForce_RTX_4070_SUPER,12,
fastvit_t8,64,32,bf16,6.276607990264893,False,NVIDIA_GeForce_RTX_4070_SUPER,12,
fastvit_t8,64,32,fp16,5.834640026092529,False,NVIDIA_GeForce_RTX_4070_SUPER,12,
fastvit_t8,64,32,fp32,5.818367958068848,False,NVIDIA_GeForce_RTX_4070_SUPER,12,
fastvit_t8,64,64,bf16,8.725503921508789,False,NVIDIA_GeForce_RTX_4070_SUPER,12,
fastvit_t8,64,64,fp16,7.88969612121582,False,NVIDIA_GeForce_RTX_4070_SUPER,12,
fastvit_t8,64,64,fp32,8.62822437286377,False,NVIDIA_GeForce_RTX_4070_SUPER,12,
fastvit_t8,128,16,bf16,7.238143920898437,False,NVIDIA_GeForce_RTX_4070_SUPER,12,
fastvit_t8,128,16,fp16,6.609920024871826,False,NVIDIA_GeForce_RTX_4070_SUPER,12,
fastvit_t8,128,16,fp32,7.237120151519775,False,NVIDIA_GeForce_RTX_4070_SUPER,12,
fastvit_t8,128,32,bf16,11.344160079956056,False,NVIDIA_GeForce_RTX_4070_SUPER,12,
fastvit_t8,128,32,fp16,10.188799858093262,False,NVIDIA_GeForce_RTX_4070_SUPER,12,
fastvit_t8,128,32,fp32,12.36633586883545,False,NVIDIA_GeForce_RTX_4070_SUPER,12,
fastvit_t8,128,64,bf16,21.44388771057129,False,NVIDIA_GeForce_RTX_4070_SUPER,12,
fastvit_t8,128,64,fp16,19.437376022338867,False,NVIDIA_GeForce_RTX_4070_SUPER,12,
fastvit_t8,128,64,fp32,25.28563117980957,False,NVIDIA_GeForce_RTX_4070_SUPER,12,
fastvit_t8,224,16,bf16,15.936880111694336,False,NVIDIA_GeForce_RTX_4070_SUPER,12,
fastvit_t8,224,16,fp16,14.105567932128906,False,NVIDIA_GeForce_RTX_4070_SUPER,12,
fastvit_t8,224,16,fp32,18.32700729370117,False,NVIDIA_GeForce_RTX_4070_SUPER,12,
fastvit_t8,224,32,bf16,32.13363265991211,False,NVIDIA_GeForce_RTX_4070_SUPER,12,
fastvit_t8,224,32,fp16,28.500991821289062,False,NVIDIA_GeForce_RTX_4070_SUPER,12,
fastvit_t8,224,32,fp32,40.696319580078125,False,NVIDIA_GeForce_RTX_4070_SUPER,12,
fastvit_t8,224,64,bf16,70.5986557006836,False,NVIDIA_GeForce_RTX_4070_SUPER,12,
fastvit_t8,224,64,fp16,63.39980697631836,False,NVIDIA_GeForce_RTX_4070_SUPER,12,
fastvit_t8,224,64,fp32,92.7984619140625,False,NVIDIA_GeForce_RTX_4070_SUPER,12,
maxvit_tiny_tf_224,64,16,bf16,21.131776809692383,False,NVIDIA_GeForce_RTX_4070_SUPER,12,
maxvit_tiny_tf_224,64,16,fp16,20.59417533874512,False,NVIDIA_GeForce_RTX_4070_SUPER,12,
maxvit_tiny_tf_224,64,16,fp32,66.27532958984375,False,NVIDIA_GeForce_RTX_4070_SUPER,12,slow_outlier
maxvit_tiny_tf_224,64,32,bf16,19.78112030029297,False,NVIDIA_GeForce_RTX_4070_SUPER,12,
maxvit_tiny_tf_224,64,32,fp16,23.07430458068848,False,NVIDIA_GeForce_RTX_4070_SUPER,12,
maxvit_tiny_tf_224,64,32,fp32,60.52249526977539,False,NVIDIA_GeForce_RTX_4070_SUPER,12,
maxvit_tiny_tf_224,64,64,bf16,30.49216079711914,False,NVIDIA_GeForce_RTX_4070_SUPER,12,
maxvit_tiny_tf_224,64,64,fp16,28.586271286010746,False,NVIDIA_GeForce_RTX_4070_SUPER,12,
maxvit_tiny_tf_224,64,64,fp32,54.89817428588867,False,NVIDIA_GeForce_RTX_4070_SUPER,12,
maxvit_tiny_tf_224,128,16,bf16,24.961536407470703,False,NVIDIA_GeForce_RTX_4070_SUPER,12,
maxvit_tiny_tf_224,128,16,fp16,23.49926376342773,False,NVIDIA_GeForce_RTX_4070_SUPER,12,
maxvit_tiny_tf_224,128,16,fp32,38.39422225952149,False,NVIDIA_GeForce_RTX_4070_SUPER,12,
maxvit_tiny_tf_224,128,32,bf16,42.31913757324219,False,NVIDIA_GeForce_RTX_4070_SUPER,12,
maxvit_tiny_tf_224,128,32,fp16,39.8996467590332,False,NVIDIA_GeForce_RTX_4070_SUPER,12,
maxvit_tiny_tf_224,128,32,fp32,72.39065551757812,False,NVIDIA_GeForce_RTX_4070_SUPER,12,
maxvit_tiny_tf_224,128,64,bf16,80.25907135009766,False,NVIDIA_GeForce_RTX_4070_SUPER,12,
maxvit_tiny_tf_224,128,64,fp16,75.8219985961914,False,NVIDIA_GeForce_RTX_4070_SUPER,12,
maxvit_tiny_tf_224,128,64,fp32,147.04281616210938,False,NVIDIA_GeForce_RTX_4070_SUPER,12,
maxvit_tiny_tf_224,224,16,bf16,58.10790252685547,False,NVIDIA_GeForce_RTX_4070_SUPER,12,
maxvit_tiny_tf_224,224,16,fp16,54.6984977722168,False,NVIDIA_GeForce_RTX_4070_SUPER,12,
maxvit_tiny_tf_224,224,16,fp32,102.14446258544922,False,NVIDIA_GeForce_RTX_4070_SUPER,12,
maxvit_tiny_tf_224,224,32,bf16,142.7942352294922,False,NVIDIA_GeForce_RTX_4070_SUPER,12,
maxvit_tiny_tf_224,224,32,fp16,146.12069702148438,False,NVIDIA_GeForce_RTX_4070_SUPER,12,
maxvit_tiny_tf_224,224,32,fp32,,True,NVIDIA_GeForce_RTX_4070_SUPER,12,
maxvit_tiny_tf_224,224,64,bf16,,True,NVIDIA_GeForce_RTX_4070_SUPER,12,
maxvit_tiny_tf_224,224,64,fp16,,True,NVIDIA_GeForce_RTX_4070_SUPER,12,
maxvit_tiny_tf_224,224,64,fp32,,True,NVIDIA_GeForce_RTX_4070_SUPER,12,
mixer_b16_224,64,16,bf16,11.851263999938965,False,NVIDIA_GeForce_RTX_4070_SUPER,12,
mixer_b16_224,64,16,fp16,11.679743766784668,False,NVIDIA_GeForce_RTX_4070_SUPER,12,
mixer_b16_224,64,16,fp32,16.871936798095703,False,NVIDIA_GeForce_RTX_4070_SUPER,12,
mixer_b16_224,64,32,bf16,16.932287216186523,False,NVIDIA_GeForce_RTX_4070_SUPER,12,
mixer_b16_224,64,32,fp16,16.719823837280273,False,NVIDIA_GeForce_RTX_4070_SUPER,12,
mixer_b16_224,64,32,fp32,28.954111099243164,False,NVIDIA_GeForce_RTX_4070_SUPER,12,
mixer_b16_224,64,64,bf16,27.69705581665039,False,NVIDIA_GeForce_RTX_4070_SUPER,12,
mixer_b16_224,64,64,fp16,27.44268798828125,False,NVIDIA_GeForce_RTX_4070_SUPER,12,
mixer_b16_224,64,64,fp32,54.2289924621582,False,NVIDIA_GeForce_RTX_4070_SUPER,12,
mixer_b16_224,128,16,bf16,18.855424880981445,False,NVIDIA_GeForce_RTX_4070_SUPER,12,
mixer_b16_224,128,16,fp16,18.78374481201172,False,NVIDIA_GeForce_RTX_4070_SUPER,12,
mixer_b16_224,128,16,fp32,33.5098876953125,False,NVIDIA_GeForce_RTX_4070_SUPER,12,
mixer_b16_224,128,32,bf16,29.204479217529297,False,NVIDIA_GeForce_RTX_4070_SUPER,12,
mixer_b16_224,128,32,fp16,29.11129570007324,False,NVIDIA_GeForce_RTX_4070_SUPER,12,
mixer_b16_224,128,32,fp32,60.29056167602539,False,NVIDIA_GeForce_RTX_4070_SUPER,12,
mixer_b16_224,128,64,bf16,51.99407958984375,False,NVIDIA_GeForce_RTX_4070_SUPER,12,
mixer_b16_224,128,64,fp16,51.72727966308594,False,NVIDIA_GeForce_RTX_4070_SUPER,12,
mixer_b16_224,128,64,fp32,113.73567962646484,False,NVIDIA_GeForce_RTX_4070_SUPER,12,
mixer_b16_224,224,16,bf16,37.67193603515625,False,NVIDIA_GeForce_RTX_4070_SUPER,12,
mixer_b16_224,224,16,fp16,37.42208099365234,False,NVIDIA_GeForce_RTX_4070_SUPER,12,
mixer_b16_224,224,16,fp32,86.82286071777344,False,NVIDIA_GeForce_RTX_4070_SUPER,12,
mixer_b16_224,224,32,bf16,70.30732727050781,False,NVIDIA_GeForce_RTX_4070_SUPER,12,
mixer_b16_224,224,32,fp16,70.02366638183594,False,NVIDIA_GeForce_RTX_4070_SUPER,12,
mixer_b16_224,224,32,fp32,161.12945556640625,False,NVIDIA_GeForce_RTX_4070_SUPER,12,
mixer_b16_224,224,64,bf16,145.2467041015625,False,NVIDIA_GeForce_RTX_4070_SUPER,12,
mixer_b16_224,224,64,fp16,144.2001953125,False,NVIDIA_GeForce_RTX_4070_SUPER,12,
mixer_b16_224,224,64,fp32,318.15167236328125,False,NVIDIA_GeForce_RTX_4070_SUPER,12,
mobilenetv2_100,64,16,bf16,3.451904058456421,False,NVIDIA_GeForce_RTX_4070_SUPER,12,
mobilenetv2_100,64,16,fp16,3.083775997161865,False,NVIDIA_GeForce_RTX_4070_SUPER,12,
mobilenetv2_100,64,16,fp32,3.066319942474365,False,NVIDIA_GeForce_RTX_4070_SUPER,12,
mobilenetv2_100,64,32,bf16,4.733952045440674,False,NVIDIA_GeForce_RTX_4070_SUPER,12,
mobilenetv2_100,64,32,fp16,3.961855888366699,False,NVIDIA_GeForce_RTX_4070_SUPER,12,
mobilenetv2_100,64,32,fp32,4.35968017578125,False,NVIDIA_GeForce_RTX_4070_SUPER,12,
mobilenetv2_100,64,64,bf16,6.630191802978516,False,NVIDIA_GeForce_RTX_4070_SUPER,12,
mobilenetv2_100,64,64,fp16,5.531983852386475,False,NVIDIA_GeForce_RTX_4070_SUPER,12,
mobilenetv2_100,64,64,fp32,6.926271915435791,False,NVIDIA_GeForce_RTX_4070_SUPER,12,
mobilenetv2_100,128,16,bf16,5.3094401359558105,False,NVIDIA_GeForce_RTX_4070_SUPER,12,
mobilenetv2_100,128,16,fp16,4.4281439781188965,False,NVIDIA_GeForce_RTX_4070_SUPER,12,
mobilenetv2_100,128,16,fp32,5.541376113891602,False,NVIDIA_GeForce_RTX_4070_SUPER,12,
mobilenetv2_100,128,32,bf16,8.764415740966797,False,NVIDIA_GeForce_RTX_4070_SUPER,12,
mobilenetv2_100,128,32,fp16,7.171072006225586,False,NVIDIA_GeForce_RTX_4070_SUPER,12,
mobilenetv2_100,128,32,fp32,10.357680320739746,False,NVIDIA_GeForce_RTX_4070_SUPER,12,
mobilenetv2_100,128,64,bf16,15.240127563476562,False,NVIDIA_GeForce_RTX_4070_SUPER,12,
mobilenetv2_100,128,64,fp16,12.28492832183838,False,NVIDIA_GeForce_RTX_4070_SUPER,12,
mobilenetv2_100,128,64,fp32,22.79609680175781,False,NVIDIA_GeForce_RTX_4070_SUPER,12,
mobilenetv2_100,224,16,bf16,11.388928413391112,False,NVIDIA_GeForce_RTX_4070_SUPER,12,
mobilenetv2_100,224,16,fp16,8.941056251525879,False,NVIDIA_GeForce_RTX_4070_SUPER,12,
mobilenetv2_100,224,16,fp32,16.357887268066406,False,NVIDIA_GeForce_RTX_4070_SUPER,12,
mobilenetv2_100,224,32,bf16,23.289344787597656,False,NVIDIA_GeForce_RTX_4070_SUPER,12,
mobilenetv2_100,224,32,fp16,18.716672897338867,False,NVIDIA_GeForce_RTX_4070_SUPER,12,
mobilenetv2_100,224,32,fp32,36.035552978515625,False,NVIDIA_GeForce_RTX_4070_SUPER,12,
mobilenetv2_100,224,64,bf16,48.70604705810547,False,NVIDIA_GeForce_RTX_4070_SUPER,12,
mobilenetv2_100,224,64,fp16,39.60934448242188,False,NVIDIA_GeForce_RTX_4070_SUPER,12,
mobilenetv2_100,224,64,fp32,77.59913635253906,False,NVIDIA_GeForce_RTX_4070_SUPER,12,
mobilenetv3_large_100,64,16,bf16,4.152719974517822,False,NVIDIA_GeForce_RTX_4070_SUPER,12,
mobilenetv3_large_100,64,16,fp16,3.776000022888184,False,NVIDIA_GeForce_RTX_4070_SUPER,12,
mobilenetv3_large_100,64,16,fp32,3.132416009902954,False,NVIDIA_GeForce_RTX_4070_SUPER,12,
mobilenetv3_large_100,64,32,bf16,5.696303844451904,False,NVIDIA_GeForce_RTX_4070_SUPER,12,
mobilenetv3_large_100,64,32,fp16,5.007343769073486,False,NVIDIA_GeForce_RTX_4070_SUPER,12,
mobilenetv3_large_100,64,32,fp32,4.229119777679443,False,NVIDIA_GeForce_RTX_4070_SUPER,12,
mobilenetv3_large_100,64,64,bf16,6.724959850311279,False,NVIDIA_GeForce_RTX_4070_SUPER,12,
mobilenetv3_large_100,64,64,fp16,5.7292160987854,False,NVIDIA_GeForce_RTX_4070_SUPER,12,
mobilenetv3_large_100,64,64,fp32,6.195712089538574,False,NVIDIA_GeForce_RTX_4070_SUPER,12,
mobilenetv3_large_100,128,16,bf16,5.798399925231934,False,NVIDIA_GeForce_RTX_4070_SUPER,12,
mobilenetv3_large_100,128,16,fp16,5.005824089050293,False,NVIDIA_GeForce_RTX_4070_SUPER,12,
mobilenetv3_large_100,128,16,fp32,4.7518720626831055,False,NVIDIA_GeForce_RTX_4070_SUPER,12,
mobilenetv3_large_100,128,32,bf16,9.015647888183594,False,NVIDIA_GeForce_RTX_4070_SUPER,12,
mobilenetv3_large_100,128,32,fp16,7.654176235198975,False,NVIDIA_GeForce_RTX_4070_SUPER,12,
mobilenetv3_large_100,128,32,fp32,7.874527931213379,False,NVIDIA_GeForce_RTX_4070_SUPER,12,
mobilenetv3_large_100,128,64,bf16,12.608511924743652,False,NVIDIA_GeForce_RTX_4070_SUPER,12,
mobilenetv3_large_100,128,64,fp16,10.370559692382812,False,NVIDIA_GeForce_RTX_4070_SUPER,12,
mobilenetv3_large_100,128,64,fp32,14.878527641296388,False,NVIDIA_GeForce_RTX_4070_SUPER,12,
mobilenetv3_large_100,224,16,bf16,10.04032039642334,False,NVIDIA_GeForce_RTX_4070_SUPER,12,
mobilenetv3_large_100,224,16,fp16,7.965695858001709,False,NVIDIA_GeForce_RTX_4070_SUPER,12,
mobilenetv3_large_100,224,16,fp32,11.171839714050291,False,NVIDIA_GeForce_RTX_4070_SUPER,12,
mobilenetv3_large_100,224,32,bf16,18.43712043762207,False,NVIDIA_GeForce_RTX_4070_SUPER,12,
mobilenetv3_large_100,224,32,fp16,14.55190372467041,False,NVIDIA_GeForce_RTX_4070_SUPER,12,
mobilenetv3_large_100,224,32,fp32,23.282655715942383,False,NVIDIA_GeForce_RTX_4070_SUPER,12,
mobilenetv3_large_100,224,64,bf16,34.964481353759766,False,NVIDIA_GeForce_RTX_4070_SUPER,12,
mobilenetv3_large_100,224,64,fp16,27.27680015563965,False,NVIDIA_GeForce_RTX_4070_SUPER,12,
mobilenetv3_large_100,224,64,fp32,53.2674560546875,False,NVIDIA_GeForce_RTX_4070_SUPER,12,
mobilenetv3_small_100,64,16,bf16,2.4826879501342773,False,NVIDIA_GeForce_RTX_4070_SUPER,12,
mobilenetv3_small_100,64,16,fp16,2.298880100250244,False,NVIDIA_GeForce_RTX_4070_SUPER,12,
mobilenetv3_small_100,64,16,fp32,1.8462719917297363,False,NVIDIA_GeForce_RTX_4070_SUPER,12,
mobilenetv3_small_100,64,32,bf16,3.4242560863494877,False,NVIDIA_GeForce_RTX_4070_SUPER,12,
mobilenetv3_small_100,64,32,fp16,3.4017279148101807,False,NVIDIA_GeForce_RTX_4070_SUPER,12,
mobilenetv3_small_100,64,32,fp32,2.436095952987671,False,NVIDIA_GeForce_RTX_4070_SUPER,12,
mobilenetv3_small_100,64,64,bf16,3.640752077102661,False,NVIDIA_GeForce_RTX_4070_SUPER,12,
mobilenetv3_small_100,64,64,fp16,3.1252479553222656,False,NVIDIA_GeForce_RTX_4070_SUPER,12,
mobilenetv3_small_100,64,64,fp32,3.215872049331665,False,NVIDIA_GeForce_RTX_4070_SUPER,12,
mobilenetv3_small_100,128,16,bf16,3.1784958839416504,False,NVIDIA_GeForce_RTX_4070_SUPER,12,
mobilenetv3_small_100,128,16,fp16,2.6910719871521,False,NVIDIA_GeForce_RTX_4070_SUPER,12,
mobilenetv3_small_100,128,16,fp32,2.428416013717652,False,NVIDIA_GeForce_RTX_4070_SUPER,12,
mobilenetv3_small_100,128,32,bf16,4.489215850830078,False,NVIDIA_GeForce_RTX_4070_SUPER,12,
mobilenetv3_small_100,128,32,fp16,3.7662720680236816,False,NVIDIA_GeForce_RTX_4070_SUPER,12,
mobilenetv3_small_100,128,32,fp32,3.423232078552246,False,NVIDIA_GeForce_RTX_4070_SUPER,12,
mobilenetv3_small_100,128,64,bf16,5.760000228881836,False,NVIDIA_GeForce_RTX_4070_SUPER,12,
mobilenetv3_small_100,128,64,fp16,4.579775810241699,False,NVIDIA_GeForce_RTX_4070_SUPER,12,
mobilenetv3_small_100,128,64,fp32,5.468160152435303,False,NVIDIA_GeForce_RTX_4070_SUPER,12,
mobilenetv3_small_100,224,16,bf16,4.65664005279541,False,NVIDIA_GeForce_RTX_4070_SUPER,12,
mobilenetv3_small_100,224,16,fp16,3.703263998031616,False,NVIDIA_GeForce_RTX_4070_SUPER,12,
mobilenetv3_small_100,224,16,fp32,4.348927974700928,False,NVIDIA_GeForce_RTX_4070_SUPER,12,
mobilenetv3_small_100,224,32,bf16,7.723008155822754,False,NVIDIA_GeForce_RTX_4070_SUPER,12,
mobilenetv3_small_100,224,32,fp16,5.903359889984131,False,NVIDIA_GeForce_RTX_4070_SUPER,12,
mobilenetv3_small_100,224,32,fp32,7.972127914428711,False,NVIDIA_GeForce_RTX_4070_SUPER,12,
mobilenetv3_small_100,224,64,bf16,13.172736167907717,False,NVIDIA_GeForce_RTX_4070_SUPER,12,
mobilenetv3_small_100,224,64,fp16,9.54155158996582,False,NVIDIA_GeForce_RTX_4070_SUPER,12,
mobilenetv3_small_100,224,64,fp32,16.29644775390625,False,NVIDIA_GeForce_RTX_4070_SUPER,12,
mobilevit_s,64,16,bf16,4.798975944519043,False,NVIDIA_GeForce_RTX_4070_SUPER,12,
mobilevit_s,64,16,fp16,4.442111968994141,False,NVIDIA_GeForce_RTX_4070_SUPER,12,
mobilevit_s,64,16,fp32,5.161456108093262,False,NVIDIA_GeForce_RTX_4070_SUPER,12,
mobilevit_s,64,32,bf16,6.759424209594727,False,NVIDIA_GeForce_RTX_4070_SUPER,12,
mobilevit_s,64,32,fp16,6.203392028808594,False,NVIDIA_GeForce_RTX_4070_SUPER,12,
mobilevit_s,64,32,fp32,7.966047763824463,False,NVIDIA_GeForce_RTX_4070_SUPER,12,
mobilevit_s,64,64,bf16,10.27830410003662,False,NVIDIA_GeForce_RTX_4070_SUPER,12,
mobilevit_s,64,64,fp16,9.35372829437256,False,NVIDIA_GeForce_RTX_4070_SUPER,12,
mobilevit_s,64,64,fp32,13.707136154174805,False,NVIDIA_GeForce_RTX_4070_SUPER,12,
mobilevit_s,128,16,bf16,8.542207717895508,False,NVIDIA_GeForce_RTX_4070_SUPER,12,
mobilevit_s,128,16,fp16,7.424848079681396,False,NVIDIA_GeForce_RTX_4070_SUPER,12,
mobilevit_s,128,16,fp32,11.211551666259766,False,NVIDIA_GeForce_RTX_4070_SUPER,12,
mobilevit_s,128,32,bf16,15.00876808166504,False,NVIDIA_GeForce_RTX_4070_SUPER,12,
mobilevit_s,128,32,fp16,13.286224365234377,False,NVIDIA_GeForce_RTX_4070_SUPER,12,
mobilevit_s,128,32,fp32,23.99385643005371,False,NVIDIA_GeForce_RTX_4070_SUPER,12,
mobilevit_s,128,64,bf16,30.62835121154785,False,NVIDIA_GeForce_RTX_4070_SUPER,12,
mobilevit_s,128,64,fp16,26.91942405700684,False,NVIDIA_GeForce_RTX_4070_SUPER,12,
mobilevit_s,128,64,fp32,52.169551849365234,False,NVIDIA_GeForce_RTX_4070_SUPER,12,
mobilevit_s,224,16,bf16,23.5284481048584,False,NVIDIA_GeForce_RTX_4070_SUPER,12,
mobilevit_s,224,16,fp16,20.815359115600582,False,NVIDIA_GeForce_RTX_4070_SUPER,12,
mobilevit_s,224,16,fp32,41.635841369628906,False,NVIDIA_GeForce_RTX_4070_SUPER,12,
mobilevit_s,224,32,bf16,50.71564865112305,False,NVIDIA_GeForce_RTX_4070_SUPER,12,
mobilevit_s,224,32,fp16,45.38041687011719,False,NVIDIA_GeForce_RTX_4070_SUPER,12,
mobilevit_s,224,32,fp32,86.18342590332031,False,NVIDIA_GeForce_RTX_4070_SUPER,12,
mobilevit_s,224,64,bf16,102.1998062133789,False,NVIDIA_GeForce_RTX_4070_SUPER,12,
mobilevit_s,224,64,fp16,92.42977905273438,False,NVIDIA_GeForce_RTX_4070_SUPER,12,
mobilevit_s,224,64,fp32,186.7489318847656,False,NVIDIA_GeForce_RTX_4070_SUPER,12,
mobilevit_xs,64,16,bf16,4.187647819519043,False,NVIDIA_GeForce_RTX_4070_SUPER,12,
mobilevit_xs,64,16,fp16,3.7790720462799072,False,NVIDIA_GeForce_RTX_4070_SUPER,12,
mobilevit_xs,64,16,fp32,4.113920211791992,False,NVIDIA_GeForce_RTX_4070_SUPER,12,
mobilevit_xs,64,32,bf16,5.87775993347168,False,NVIDIA_GeForce_RTX_4070_SUPER,12,
mobilevit_xs,64,32,fp16,5.212160110473633,False,NVIDIA_GeForce_RTX_4070_SUPER,12,
mobilevit_xs,64,32,fp32,6.089216232299805,False,NVIDIA_GeForce_RTX_4070_SUPER,12,
mobilevit_xs,64,64,bf16,9.029120445251465,False,NVIDIA_GeForce_RTX_4070_SUPER,12,
mobilevit_xs,64,64,fp16,7.99129581451416,False,NVIDIA_GeForce_RTX_4070_SUPER,12,
mobilevit_xs,64,64,fp32,10.371583938598633,False,NVIDIA_GeForce_RTX_4070_SUPER,12,
mobilevit_xs,128,16,bf16,7.392127990722656,False,NVIDIA_GeForce_RTX_4070_SUPER,12,
mobilevit_xs,128,16,fp16,6.343167781829834,False,NVIDIA_GeForce_RTX_4070_SUPER,12,
mobilevit_xs,128,16,fp32,8.694208145141602,False,NVIDIA_GeForce_RTX_4070_SUPER,12,
mobilevit_xs,128,32,bf16,12.79692840576172,False,NVIDIA_GeForce_RTX_4070_SUPER,12,
mobilevit_xs,128,32,fp16,11.174400329589844,False,NVIDIA_GeForce_RTX_4070_SUPER,12,
mobilevit_xs,128,32,fp32,18.303455352783203,False,NVIDIA_GeForce_RTX_4070_SUPER,12,
mobilevit_xs,128,64,bf16,23.96974372863769,False,NVIDIA_GeForce_RTX_4070_SUPER,12,
mobilevit_xs,128,64,fp16,21.043519973754883,False,NVIDIA_GeForce_RTX_4070_SUPER,12,
mobilevit_xs,128,64,fp32,40.49446487426758,False,NVIDIA_GeForce_RTX_4070_SUPER,12,
mobilevit_xs,224,16,bf16,18.44326400756836,False,NVIDIA_GeForce_RTX_4070_SUPER,12,
mobilevit_xs,224,16,fp16,16.13158416748047,False,NVIDIA_GeForce_RTX_4070_SUPER,12,
mobilevit_xs,224,16,fp32,32.41048049926758,False,NVIDIA_GeForce_RTX_4070_SUPER,12,
mobilevit_xs,224,32,bf16,39.7412338256836,False,NVIDIA_GeForce_RTX_4070_SUPER,12,
mobilevit_xs,224,32,fp16,35.03513717651367,False,NVIDIA_GeForce_RTX_4070_SUPER,12,
mobilevit_xs,224,32,fp32,68.0232925415039,False,NVIDIA_GeForce_RTX_4070_SUPER,12,
mobilevit_xs,224,64,bf16,80.16636657714844,False,NVIDIA_GeForce_RTX_4070_SUPER,12,
mobilevit_xs,224,64,fp16,71.41871643066406,False,NVIDIA_GeForce_RTX_4070_SUPER,12,
mobilevit_xs,224,64,fp32,140.3678741455078,False,NVIDIA_GeForce_RTX_4070_SUPER,12,
mobilevit_xxs,64,16,bf16,3.361279964447021,False,NVIDIA_GeForce_RTX_4070_SUPER,12,
mobilevit_xxs,64,16,fp16,3.084624052047729,False,NVIDIA_GeForce_RTX_4070_SUPER,12,
mobilevit_xxs,64,16,fp32,3.3683040142059326,False,NVIDIA_GeForce_RTX_4070_SUPER,12,
mobilevit_xxs,64,32,bf16,4.590591907501221,False,NVIDIA_GeForce_RTX_4070_SUPER,12,
mobilevit_xxs,64,32,fp16,4.153295993804932,False,NVIDIA_GeForce_RTX_4070_SUPER,12,
mobilevit_xxs,64,32,fp32,4.6702880859375,False,NVIDIA_GeForce_RTX_4070_SUPER,12,
mobilevit_xxs,64,64,bf16,6.564352035522461,False,NVIDIA_GeForce_RTX_4070_SUPER,12,
mobilevit_xxs,64,64,fp16,5.900191783905029,False,NVIDIA_GeForce_RTX_4070_SUPER,12,
mobilevit_xxs,64,64,fp32,7.049215793609619,False,NVIDIA_GeForce_RTX_4070_SUPER,12,
mobilevit_xxs,128,16,bf16,5.136352062225342,False,NVIDIA_GeForce_RTX_4070_SUPER,12,
mobilevit_xxs,128,16,fp16,4.4021759033203125,False,NVIDIA_GeForce_RTX_4070_SUPER,12,
mobilevit_xxs,128,16,fp32,5.1494879722595215,False,NVIDIA_GeForce_RTX_4070_SUPER,12,
mobilevit_xxs,128,32,bf16,7.815680027008057,False,NVIDIA_GeForce_RTX_4070_SUPER,12,
mobilevit_xxs,128,32,fp16,6.664703845977783,False,NVIDIA_GeForce_RTX_4070_SUPER,12,
mobilevit_xxs,128,32,fp32,8.34335994720459,False,NVIDIA_GeForce_RTX_4070_SUPER,12,
mobilevit_xxs,128,64,bf16,12.561920166015623,False,NVIDIA_GeForce_RTX_4070_SUPER,12,
mobilevit_xxs,128,64,fp16,10.684415817260742,False,NVIDIA_GeForce_RTX_4070_SUPER,12,
mobilevit_xxs,128,64,fp32,16.203264236450195,False,NVIDIA_GeForce_RTX_4070_SUPER,12,
mobilevit_xxs,224,16,bf16,9.969152450561523,False,NVIDIA_GeForce_RTX_4070_SUPER,12,
mobilevit_xxs,224,16,fp16,8.581040382385254,False,NVIDIA_GeForce_RTX_4070_SUPER,12,
mobilevit_xxs,224,16,fp32,14.284799575805664,False,NVIDIA_GeForce_RTX_4070_SUPER,12,
mobilevit_xxs,224,32,bf16,19.11808013916016,False,NVIDIA_GeForce_RTX_4070_SUPER,12,
mobilevit_xxs,224,32,fp16,16.089088439941406,False,NVIDIA_GeForce_RTX_4070_SUPER,12,
mobilevit_xxs,224,32,fp32,29.79737663269043,False,NVIDIA_GeForce_RTX_4070_SUPER,12,
mobilevit_xxs,224,64,bf16,37.95654296875,False,NVIDIA_GeForce_RTX_4070_SUPER,12,
mobilevit_xxs,224,64,fp16,32.475135803222656,False,NVIDIA_GeForce_RTX_4070_SUPER,12,
mobilevit_xxs,224,64,fp32,63.647743225097656,False,NVIDIA_GeForce_RTX_4070_SUPER,12,
mobilevitv2_100,64,16,bf16,5.066751956939697,False,NVIDIA_GeForce_RTX_4070_SUPER,12,
mobilevitv2_100,64,16,fp16,4.716032028198242,False,NVIDIA_GeForce_RTX_4070_SUPER,12,
mobilevitv2_100,64,16,fp32,4.521984100341797,False,NVIDIA_GeForce_RTX_4070_SUPER,12,
mobilevitv2_100,64,32,bf16,6.468607902526856,False,NVIDIA_GeForce_RTX_4070_SUPER,12,
mobilevitv2_100,64,32,fp16,5.826047897338867,False,NVIDIA_GeForce_RTX_4070_SUPER,12,
mobilevitv2_100,64,32,fp32,6.655488014221191,False,NVIDIA_GeForce_RTX_4070_SUPER,12,
mobilevitv2_100,64,64,bf16,9.486191749572754,False,NVIDIA_GeForce_RTX_4070_SUPER,12,
mobilevitv2_100,64,64,fp16,8.28774356842041,False,NVIDIA_GeForce_RTX_4070_SUPER,12,
mobilevitv2_100,64,64,fp32,11.428352355957031,False,NVIDIA_GeForce_RTX_4070_SUPER,12,
mobilevitv2_100,128,16,bf16,8.027440071105957,False,NVIDIA_GeForce_RTX_4070_SUPER,12,
mobilevitv2_100,128,16,fp16,6.982656002044678,False,NVIDIA_GeForce_RTX_4070_SUPER,12,
mobilevitv2_100,128,16,fp32,9.311568260192873,False,NVIDIA_GeForce_RTX_4070_SUPER,12,
mobilevitv2_100,128,32,bf16,13.8536958694458,False,NVIDIA_GeForce_RTX_4070_SUPER,12,
mobilevitv2_100,128,32,fp16,12.071935653686523,False,NVIDIA_GeForce_RTX_4070_SUPER,12,
mobilevitv2_100,128,32,fp32,19.93414306640625,False,NVIDIA_GeForce_RTX_4070_SUPER,12,
mobilevitv2_100,128,64,bf16,28.409343719482425,False,NVIDIA_GeForce_RTX_4070_SUPER,12,
mobilevitv2_100,128,64,fp16,24.757104873657227,False,NVIDIA_GeForce_RTX_4070_SUPER,12,
mobilevitv2_100,128,64,fp32,43.7498893737793,False,NVIDIA_GeForce_RTX_4070_SUPER,12,
mobilevitv2_100,224,16,bf16,21.94892883300781,False,NVIDIA_GeForce_RTX_4070_SUPER,12,
mobilevitv2_100,224,16,fp16,18.876415252685547,False,NVIDIA_GeForce_RTX_4070_SUPER,12,
mobilevitv2_100,224,16,fp32,33.06086349487305,False,NVIDIA_GeForce_RTX_4070_SUPER,12,
mobilevitv2_100,224,32,bf16,46.26073455810547,False,NVIDIA_GeForce_RTX_4070_SUPER,12,
mobilevitv2_100,224,32,fp16,40.94566345214844,False,NVIDIA_GeForce_RTX_4070_SUPER,12,
mobilevitv2_100,224,32,fp32,69.25516510009766,False,NVIDIA_GeForce_RTX_4070_SUPER,12,
mobilevitv2_100,224,64,bf16,94.3298568725586,False,NVIDIA_GeForce_RTX_4070_SUPER,12,
mobilevitv2_100,224,64,fp16,85.1046371459961,False,NVIDIA_GeForce_RTX_4070_SUPER,12,
mobilevitv2_100,224,64,fp32,145.4633026123047,False,NVIDIA_GeForce_RTX_4070_SUPER,12,
nfnet_l0,64,16,bf16,12.666367530822754,False,NVIDIA_GeForce_RTX_4070_SUPER,12,
nfnet_l0,64,16,fp16,13.072383880615234,False,NVIDIA_GeForce_RTX_4070_SUPER,12,
nfnet_l0,64,16,fp32,13.325823783874512,False,NVIDIA_GeForce_RTX_4070_SUPER,12,
nfnet_l0,64,32,bf16,17.795936584472656,False,NVIDIA_GeForce_RTX_4070_SUPER,12,
nfnet_l0,64,32,fp16,18.12628746032715,False,NVIDIA_GeForce_RTX_4070_SUPER,12,
nfnet_l0,64,32,fp32,17.93484878540039,False,NVIDIA_GeForce_RTX_4070_SUPER,12,
nfnet_l0,64,64,bf16,15.843839645385742,False,NVIDIA_GeForce_RTX_4070_SUPER,12,
nfnet_l0,64,64,fp16,15.527935981750488,False,NVIDIA_GeForce_RTX_4070_SUPER,12,
nfnet_l0,64,64,fp32,25.877504348754883,False,NVIDIA_GeForce_RTX_4070_SUPER,12,
nfnet_l0,128,16,bf16,16.099327087402344,False,NVIDIA_GeForce_RTX_4070_SUPER,12,
nfnet_l0,128,16,fp16,16.47551918029785,False,NVIDIA_GeForce_RTX_4070_SUPER,12,
nfnet_l0,128,16,fp32,21.46134376525879,False,NVIDIA_GeForce_RTX_4070_SUPER,12,
nfnet_l0,128,32,bf16,26.000896453857425,False,NVIDIA_GeForce_RTX_4070_SUPER,12,
nfnet_l0,128,32,fp16,25.944992065429688,False,NVIDIA_GeForce_RTX_4070_SUPER,12,
nfnet_l0,128,32,fp32,35.55624008178711,False,NVIDIA_GeForce_RTX_4070_SUPER,12,
nfnet_l0,128,64,bf16,34.87129592895508,False,NVIDIA_GeForce_RTX_4070_SUPER,12,
nfnet_l0,128,64,fp16,34.047969818115234,False,NVIDIA_GeForce_RTX_4070_SUPER,12,
nfnet_l0,128,64,fp32,76.49177551269531,False,NVIDIA_GeForce_RTX_4070_SUPER,12,
nfnet_l0,224,16,bf16,29.10910415649414,False,NVIDIA_GeForce_RTX_4070_SUPER,12,
nfnet_l0,224,16,fp16,28.72831916809082,False,NVIDIA_GeForce_RTX_4070_SUPER,12,
nfnet_l0,224,16,fp32,54.67678451538086,False,NVIDIA_GeForce_RTX_4070_SUPER,12,
nfnet_l0,224,32,bf16,57.544193267822266,False,NVIDIA_GeForce_RTX_4070_SUPER,12,
nfnet_l0,224,32,fp16,56.35887908935547,False,NVIDIA_GeForce_RTX_4070_SUPER,12,
nfnet_l0,224,32,fp32,105.8160629272461,False,NVIDIA_GeForce_RTX_4070_SUPER,12,
nfnet_l0,224,64,bf16,111.93643188476562,False,NVIDIA_GeForce_RTX_4070_SUPER,12,
nfnet_l0,224,64,fp16,109.92127990722656,False,NVIDIA_GeForce_RTX_4070_SUPER,12,
nfnet_l0,224,64,fp32,228.2187042236328,False,NVIDIA_GeForce_RTX_4070_SUPER,12,
pvt_v2_b0,64,16,bf16,4.397568225860596,False,NVIDIA_GeForce_RTX_4070_SUPER,12,
pvt_v2_b0,64,16,fp16,2.8129279613494877,False,NVIDIA_GeForce_RTX_4070_SUPER,12,
pvt_v2_b0,64,16,fp32,3.42409610748291,False,NVIDIA_GeForce_RTX_4070_SUPER,12,
pvt_v2_b0,64,32,bf16,3.5031039714813232,False,NVIDIA_GeForce_RTX_4070_SUPER,12,
pvt_v2_b0,64,32,fp16,3.485183954238892,False,NVIDIA_GeForce_RTX_4070_SUPER,12,
pvt_v2_b0,64,32,fp32,7.370751857757568,False,NVIDIA_GeForce_RTX_4070_SUPER,12,
pvt_v2_b0,64,64,bf16,4.9351677894592285,False,NVIDIA_GeForce_RTX_4070_SUPER,12,
pvt_v2_b0,64,64,fp16,4.933040142059326,False,NVIDIA_GeForce_RTX_4070_SUPER,12,
pvt_v2_b0,64,64,fp32,7.118847846984863,False,NVIDIA_GeForce_RTX_4070_SUPER,12,
pvt_v2_b0,128,16,bf16,4.771327972412109,False,NVIDIA_GeForce_RTX_4070_SUPER,12,
pvt_v2_b0,128,16,fp16,4.622848033905029,False,NVIDIA_GeForce_RTX_4070_SUPER,12,
pvt_v2_b0,128,16,fp32,6.649680137634277,False,NVIDIA_GeForce_RTX_4070_SUPER,12,
pvt_v2_b0,128,32,bf16,7.477759838104248,False,NVIDIA_GeForce_RTX_4070_SUPER,12,
pvt_v2_b0,128,32,fp16,7.177216053009033,False,NVIDIA_GeForce_RTX_4070_SUPER,12,
pvt_v2_b0,128,32,fp32,11.091967582702637,False,NVIDIA_GeForce_RTX_4070_SUPER,12,
pvt_v2_b0,128,64,bf16,13.461503982543944,False,NVIDIA_GeForce_RTX_4070_SUPER,12,
pvt_v2_b0,128,64,fp16,12.736512184143066,False,NVIDIA_GeForce_RTX_4070_SUPER,12,
pvt_v2_b0,128,64,fp32,21.605695724487305,False,NVIDIA_GeForce_RTX_4070_SUPER,12,
pvt_v2_b0,224,16,bf16,10.615792274475098,False,NVIDIA_GeForce_RTX_4070_SUPER,12,
pvt_v2_b0,224,16,fp16,10.078720092773438,False,NVIDIA_GeForce_RTX_4070_SUPER,12,
pvt_v2_b0,224,16,fp32,17.464832305908203,False,NVIDIA_GeForce_RTX_4070_SUPER,12,
pvt_v2_b0,224,32,bf16,18.420223236083984,False,NVIDIA_GeForce_RTX_4070_SUPER,12,
pvt_v2_b0,224,32,fp16,17.31737518310547,False,NVIDIA_GeForce_RTX_4070_SUPER,12,
pvt_v2_b0,224,32,fp32,31.455232620239254,False,NVIDIA_GeForce_RTX_4070_SUPER,12,
pvt_v2_b0,224,64,bf16,39.46393585205078,False,NVIDIA_GeForce_RTX_4070_SUPER,12,
pvt_v2_b0,224,64,fp16,36.51268768310547,False,NVIDIA_GeForce_RTX_4070_SUPER,12,
pvt_v2_b0,224,64,fp32,63.85356903076172,False,NVIDIA_GeForce_RTX_4070_SUPER,12,
pvt_v2_b2,64,16,bf16,8.386048316955566,False,NVIDIA_GeForce_RTX_4070_SUPER,12,
pvt_v2_b2,64,16,fp16,8.44644832611084,False,NVIDIA_GeForce_RTX_4070_SUPER,12,
pvt_v2_b2,64,16,fp32,10.73140811920166,False,NVIDIA_GeForce_RTX_4070_SUPER,12,
pvt_v2_b2,64,32,bf16,10.31116771697998,False,NVIDIA_GeForce_RTX_4070_SUPER,12,
pvt_v2_b2,64,32,fp16,10.393600463867188,False,NVIDIA_GeForce_RTX_4070_SUPER,12,
pvt_v2_b2,64,32,fp32,14.576128005981444,False,NVIDIA_GeForce_RTX_4070_SUPER,12,
pvt_v2_b2,64,64,bf16,14.897151947021484,False,NVIDIA_GeForce_RTX_4070_SUPER,12,
pvt_v2_b2,64,64,fp16,14.940671920776367,False,NVIDIA_GeForce_RTX_4070_SUPER,12,
pvt_v2_b2,64,64,fp32,22.87615966796875,False,NVIDIA_GeForce_RTX_4070_SUPER,12,
pvt_v2_b2,128,16,bf16,13.77996826171875,False,NVIDIA_GeForce_RTX_4070_SUPER,12,
pvt_v2_b2,128,16,fp16,13.798175811767578,False,NVIDIA_GeForce_RTX_4070_SUPER,12,
pvt_v2_b2,128,16,fp32,22.192127227783203,False,NVIDIA_GeForce_RTX_4070_SUPER,12,
pvt_v2_b2,128,32,bf16,21.995519638061523,False,NVIDIA_GeForce_RTX_4070_SUPER,12,
pvt_v2_b2,128,32,fp16,21.910303115844727,False,NVIDIA_GeForce_RTX_4070_SUPER,12,
pvt_v2_b2,128,32,fp32,39.6943359375,False,NVIDIA_GeForce_RTX_4070_SUPER,12,
pvt_v2_b2,128,64,bf16,41.82835388183594,False,NVIDIA_GeForce_RTX_4070_SUPER,12,
pvt_v2_b2,128,64,fp16,41.21529769897461,False,NVIDIA_GeForce_RTX_4070_SUPER,12,
pvt_v2_b2,128,64,fp32,75.13855743408203,False,NVIDIA_GeForce_RTX_4070_SUPER,12,
pvt_v2_b2,224,16,bf16,32.37785720825195,False,NVIDIA_GeForce_RTX_4070_SUPER,12,
pvt_v2_b2,224,16,fp16,31.964672088623047,False,NVIDIA_GeForce_RTX_4070_SUPER,12,
pvt_v2_b2,224,16,fp32,60.023231506347656,False,NVIDIA_GeForce_RTX_4070_SUPER,12,
pvt_v2_b2,224,32,bf16,61.22188949584961,False,NVIDIA_GeForce_RTX_4070_SUPER,12,
pvt_v2_b2,224,32,fp16,59.93471908569336,False,NVIDIA_GeForce_RTX_4070_SUPER,12,
pvt_v2_b2,224,32,fp32,118.3179168701172,False,NVIDIA_GeForce_RTX_4070_SUPER,12,
pvt_v2_b2,224,64,bf16,127.5591049194336,False,NVIDIA_GeForce_RTX_4070_SUPER,12,
pvt_v2_b2,224,64,fp16,124.3037109375,False,NVIDIA_GeForce_RTX_4070_SUPER,12,
pvt_v2_b2,224,64,fp32,,True,NVIDIA_GeForce_RTX_4070_SUPER,12,
pvt_v2_b5,64,16,bf16,32.025089263916016,False,NVIDIA_GeForce_RTX_4070_SUPER,12,
pvt_v2_b5,64,16,fp16,35.419921875,False,NVIDIA_GeForce_RTX_4070_SUPER,12,
pvt_v2_b5,64,16,fp32,47.32249450683594,False,NVIDIA_GeForce_RTX_4070_SUPER,12,
pvt_v2_b5,64,32,bf16,29.16352081298828,False,NVIDIA_GeForce_RTX_4070_SUPER,12,
pvt_v2_b5,64,32,fp16,29.69599914550781,False,NVIDIA_GeForce_RTX_4070_SUPER,12,
pvt_v2_b5,64,32,fp32,39.8284797668457,False,NVIDIA_GeForce_RTX_4070_SUPER,12,
pvt_v2_b5,64,64,bf16,39.9215202331543,False,NVIDIA_GeForce_RTX_4070_SUPER,12,
pvt_v2_b5,64,64,fp16,40.49663925170898,False,NVIDIA_GeForce_RTX_4070_SUPER,12,
pvt_v2_b5,64,64,fp32,57.53015899658203,False,NVIDIA_GeForce_RTX_4070_SUPER,12,
pvt_v2_b5,128,16,bf16,35.30803298950195,False,NVIDIA_GeForce_RTX_4070_SUPER,12,
pvt_v2_b5,128,16,fp16,35.957054138183594,False,NVIDIA_GeForce_RTX_4070_SUPER,12,
pvt_v2_b5,128,16,fp32,54.84799957275391,False,NVIDIA_GeForce_RTX_4070_SUPER,12,
pvt_v2_b5,128,32,bf16,49.76793670654297,False,NVIDIA_GeForce_RTX_4070_SUPER,12,
pvt_v2_b5,128,32,fp16,50.43097686767578,False,NVIDIA_GeForce_RTX_4070_SUPER,12,
pvt_v2_b5,128,32,fp32,88.19404602050781,False,NVIDIA_GeForce_RTX_4070_SUPER,12,
pvt_v2_b5,128,64,bf16,83.92240142822266,False,NVIDIA_GeForce_RTX_4070_SUPER,12,
pvt_v2_b5,128,64,fp16,84.19840240478516,False,NVIDIA_GeForce_RTX_4070_SUPER,12,
pvt_v2_b5,128,64,fp32,156.28440856933594,False,NVIDIA_GeForce_RTX_4070_SUPER,12,
pvt_v2_b5,224,16,bf16,68.54086303710938,False,NVIDIA_GeForce_RTX_4070_SUPER,12,
pvt_v2_b5,224,16,fp16,68.34381103515625,False,NVIDIA_GeForce_RTX_4070_SUPER,12,
pvt_v2_b5,224,16,fp32,146.35775756835938,False,NVIDIA_GeForce_RTX_4070_SUPER,12,
pvt_v2_b5,224,32,bf16,123.50822448730467,False,NVIDIA_GeForce_RTX_4070_SUPER,12,
pvt_v2_b5,224,32,fp16,129.617919921875,False,NVIDIA_GeForce_RTX_4070_SUPER,12,
pvt_v2_b5,224,32,fp32,,True,NVIDIA_GeForce_RTX_4070_SUPER,12,
pvt_v2_b5,224,64,bf16,,True,NVIDIA_GeForce_RTX_4070_SUPER,12,
pvt_v2_b5,224,64,fp16,,True,NVIDIA_GeForce_RTX_4070_SUPER,12,
pvt_v2_b5,224,64,fp32,,True,NVIDIA_GeForce_RTX_4070_SUPER,12,
regnety_032,64,16,bf16,9.670656204223633,False,NVIDIA_GeForce_RTX_4070_SUPER,12,
regnety_032,64,16,fp16,9.440768241882324,False,NVIDIA_GeForce_RTX_4070_SUPER,12,
regnety_032,64,16,fp32,10.76375961303711,False,NVIDIA_GeForce_RTX_4070_SUPER,12,
regnety_032,64,32,bf16,12.055472373962402,False,NVIDIA_GeForce_RTX_4070_SUPER,12,
regnety_032,64,32,fp16,11.319295883178713,False,NVIDIA_GeForce_RTX_4070_SUPER,12,
regnety_032,64,32,fp32,15.715328216552734,False,NVIDIA_GeForce_RTX_4070_SUPER,12,
regnety_032,64,64,bf16,15.634943962097168,False,NVIDIA_GeForce_RTX_4070_SUPER,12,
regnety_032,64,64,fp16,13.810175895690918,False,NVIDIA_GeForce_RTX_4070_SUPER,12,
regnety_032,64,64,fp32,24.700416564941406,False,NVIDIA_GeForce_RTX_4070_SUPER,12,
regnety_032,128,16,bf16,13.805567741394045,False,NVIDIA_GeForce_RTX_4070_SUPER,12,
regnety_032,128,16,fp16,12.650272369384766,False,NVIDIA_GeForce_RTX_4070_SUPER,12,
regnety_032,128,16,fp32,20.098896026611328,False,NVIDIA_GeForce_RTX_4070_SUPER,12,
regnety_032,128,32,bf16,20.719104766845703,False,NVIDIA_GeForce_RTX_4070_SUPER,12,
regnety_032,128,32,fp16,18.680831909179688,False,NVIDIA_GeForce_RTX_4070_SUPER,12,
regnety_032,128,32,fp32,32.437198638916016,False,NVIDIA_GeForce_RTX_4070_SUPER,12,
regnety_032,128,64,bf16,36.5214729309082,False,NVIDIA_GeForce_RTX_4070_SUPER,12,
regnety_032,128,64,fp16,32.407039642333984,False,NVIDIA_GeForce_RTX_4070_SUPER,12,
regnety_032,128,64,fp32,63.74195098876953,False,NVIDIA_GeForce_RTX_4070_SUPER,12,
regnety_032,224,16,bf16,28.57411193847656,False,NVIDIA_GeForce_RTX_4070_SUPER,12,
regnety_032,224,16,fp16,25.96955108642578,False,NVIDIA_GeForce_RTX_4070_SUPER,12,
regnety_032,224,16,fp32,50.35456085205078,False,NVIDIA_GeForce_RTX_4070_SUPER,12,
regnety_032,224,32,bf16,53.71553421020508,False,NVIDIA_GeForce_RTX_4070_SUPER,12,
regnety_032,224,32,fp16,46.49156951904297,False,NVIDIA_GeForce_RTX_4070_SUPER,12,
regnety_032,224,32,fp32,97.4576644897461,False,NVIDIA_GeForce_RTX_4070_SUPER,12,
regnety_032,224,64,bf16,111.25350189208984,False,NVIDIA_GeForce_RTX_4070_SUPER,12,
regnety_032,224,64,fp16,99.57630157470705,False,NVIDIA_GeForce_RTX_4070_SUPER,12,
regnety_032,224,64,fp32,217.1663360595703,False,NVIDIA_GeForce_RTX_4070_SUPER,12,
regnety_080,64,16,bf16,16.553104400634766,False,NVIDIA_GeForce_RTX_4070_SUPER,12,
regnety_080,64,16,fp16,16.18227195739746,False,NVIDIA_GeForce_RTX_4070_SUPER,12,
regnety_080,64,16,fp32,17.32147216796875,False,NVIDIA_GeForce_RTX_4070_SUPER,12,
regnety_080,64,32,bf16,22.53678321838379,False,NVIDIA_GeForce_RTX_4070_SUPER,12,
regnety_080,64,32,fp16,21.61440086364746,False,NVIDIA_GeForce_RTX_4070_SUPER,12,
regnety_080,64,32,fp32,24.710655212402344,False,NVIDIA_GeForce_RTX_4070_SUPER,12,
regnety_080,64,64,bf16,33.478721618652344,False,NVIDIA_GeForce_RTX_4070_SUPER,12,
regnety_080,64,64,fp16,31.61292839050293,False,NVIDIA_GeForce_RTX_4070_SUPER,12,
regnety_080,64,64,fp32,42.49628829956055,False,NVIDIA_GeForce_RTX_4070_SUPER,12,
regnety_080,128,16,bf16,21.509567260742188,False,NVIDIA_GeForce_RTX_4070_SUPER,12,
regnety_080,128,16,fp16,20.625871658325195,False,NVIDIA_GeForce_RTX_4070_SUPER,12,
regnety_080,128,16,fp32,35.146751403808594,False,NVIDIA_GeForce_RTX_4070_SUPER,12,
regnety_080,128,32,bf16,35.79347229003906,False,NVIDIA_GeForce_RTX_4070_SUPER,12,
regnety_080,128,32,fp16,33.939823150634766,False,NVIDIA_GeForce_RTX_4070_SUPER,12,
regnety_080,128,32,fp32,57.90915298461914,False,NVIDIA_GeForce_RTX_4070_SUPER,12,
regnety_080,128,64,bf16,54.936622619628906,False,NVIDIA_GeForce_RTX_4070_SUPER,12,
regnety_080,128,64,fp16,52.47792053222656,False,NVIDIA_GeForce_RTX_4070_SUPER,12,
regnety_080,128,64,fp32,124.347900390625,False,NVIDIA_GeForce_RTX_4070_SUPER,12,
regnety_080,224,16,bf16,43.84417724609375,False,NVIDIA_GeForce_RTX_4070_SUPER,12,
regnety_080,224,16,fp16,39.950321197509766,False,NVIDIA_GeForce_RTX_4070_SUPER,12,
regnety_080,224,16,fp32,90.88452911376952,False,NVIDIA_GeForce_RTX_4070_SUPER,12,
regnety_080,224,32,bf16,87.18548583984375,False,NVIDIA_GeForce_RTX_4070_SUPER,12,
regnety_080,224,32,fp16,81.62509155273438,False,NVIDIA_GeForce_RTX_4070_SUPER,12,
regnety_080,224,32,fp32,165.8787841796875,False,NVIDIA_GeForce_RTX_4070_SUPER,12,
regnety_080,224,64,bf16,185.50323486328125,False,NVIDIA_GeForce_RTX_4070_SUPER,12,
regnety_080,224,64,fp16,177.24822998046875,False,NVIDIA_GeForce_RTX_4070_SUPER,12,
regnety_080,224,64,fp32,,True,NVIDIA_GeForce_RTX_4070_SUPER,12,
regnety_160,64,16,bf16,22.58111953735352,False,NVIDIA_GeForce_RTX_4070_SUPER,12,
regnety_160,64,16,fp16,21.33196830749512,False,NVIDIA_GeForce_RTX_4070_SUPER,12,
regnety_160,64,16,fp32,151.10400390625,False,NVIDIA_GeForce_RTX_4070_SUPER,12,precision_artifact
regnety_160,64,32,bf16,27.64646339416504,False,NVIDIA_GeForce_RTX_4070_SUPER,12,
regnety_160,64,32,fp16,25.152511596679688,False,NVIDIA_GeForce_RTX_4070_SUPER,12,
regnety_160,64,32,fp32,46.763519287109375,False,NVIDIA_GeForce_RTX_4070_SUPER,12,
regnety_160,64,64,bf16,39.536128997802734,False,NVIDIA_GeForce_RTX_4070_SUPER,12,
regnety_160,64,64,fp16,36.895137786865234,False,NVIDIA_GeForce_RTX_4070_SUPER,12,
regnety_160,64,64,fp32,75.98592376708984,False,NVIDIA_GeForce_RTX_4070_SUPER,12,
regnety_160,128,16,bf16,36.12876892089844,False,NVIDIA_GeForce_RTX_4070_SUPER,12,
regnety_160,128,16,fp16,34.89689636230469,False,NVIDIA_GeForce_RTX_4070_SUPER,12,
regnety_160,128,16,fp32,53.439937591552734,False,NVIDIA_GeForce_RTX_4070_SUPER,12,
regnety_160,128,32,bf16,53.12675094604492,False,NVIDIA_GeForce_RTX_4070_SUPER,12,
regnety_160,128,32,fp16,51.01567840576172,False,NVIDIA_GeForce_RTX_4070_SUPER,12,
regnety_160,128,32,fp32,92.27503967285156,False,NVIDIA_GeForce_RTX_4070_SUPER,12,
regnety_160,128,64,bf16,93.37124633789062,False,NVIDIA_GeForce_RTX_4070_SUPER,12,
regnety_160,128,64,fp16,89.69051361083984,False,NVIDIA_GeForce_RTX_4070_SUPER,12,
regnety_160,128,64,fp32,189.9397125244141,False,NVIDIA_GeForce_RTX_4070_SUPER,12,
regnety_160,224,16,bf16,73.17504119873047,False,NVIDIA_GeForce_RTX_4070_SUPER,12,
regnety_160,224,16,fp16,70.29280090332031,False,NVIDIA_GeForce_RTX_4070_SUPER,12,
regnety_160,224,16,fp32,147.81695556640625,False,NVIDIA_GeForce_RTX_4070_SUPER,12,
regnety_160,224,32,bf16,136.6831512451172,False,NVIDIA_GeForce_RTX_4070_SUPER,12,
regnety_160,224,32,fp16,131.4370574951172,False,NVIDIA_GeForce_RTX_4070_SUPER,12,
regnety_160,224,32,fp32,1116.5443115234375,False,NVIDIA_GeForce_RTX_4070_SUPER,12,precision_artifact
regnety_160,224,64,bf16,2568.7109375,False,NVIDIA_GeForce_RTX_4070_SUPER,12,slow_outlier
regnety_160,224,64,fp16,2343.7236328125,False,NVIDIA_GeForce_RTX_4070_SUPER,12,slow_outlier
regnety_160,224,64,fp32,,True,NVIDIA_GeForce_RTX_4070_SUPER,12,
regnety_320,64,16,bf16,35.19590377807617,False,NVIDIA_GeForce_RTX_4070_SUPER,12,
regnety_320,64,16,fp16,33.94147109985352,False,NVIDIA_GeForce_RTX_4070_SUPER,12,
regnety_320,64,16,fp32,49.57896041870117,False,NVIDIA_GeForce_RTX_4070_SUPER,12,
regnety_320,64,32,bf16,42.51238250732422,False,NVIDIA_GeForce_RTX_4070_SUPER,12,
regnety_320,64,32,fp16,39.5596809387207,False,NVIDIA_GeForce_RTX_4070_SUPER,12,
regnety_320,64,32,fp32,60.65407943725586,False,NVIDIA_GeForce_RTX_4070_SUPER,12,
regnety_320,64,64,bf16,55.17670440673828,False,NVIDIA_GeForce_RTX_4070_SUPER,12,
regnety_320,64,64,fp16,52.92172622680664,False,NVIDIA_GeForce_RTX_4070_SUPER,12,
regnety_320,64,64,fp32,98.07052612304688,False,NVIDIA_GeForce_RTX_4070_SUPER,12,
regnety_320,128,16,bf16,52.20556640625,False,NVIDIA_GeForce_RTX_4070_SUPER,12,
regnety_320,128,16,fp16,51.17900848388672,False,NVIDIA_GeForce_RTX_4070_SUPER,12,
regnety_320,128,16,fp32,77.0360336303711,False,NVIDIA_GeForce_RTX_4070_SUPER,12,
regnety_320,128,32,bf16,79.45113372802734,False,NVIDIA_GeForce_RTX_4070_SUPER,12,
regnety_320,128,32,fp16,77.44761657714844,False,NVIDIA_GeForce_RTX_4070_SUPER,12,
regnety_320,128,32,fp32,138.91378784179688,False,NVIDIA_GeForce_RTX_4070_SUPER,12,
regnety_320,128,64,bf16,145.4954833984375,False,NVIDIA_GeForce_RTX_4070_SUPER,12,
regnety_320,128,64,fp16,141.32989501953125,False,NVIDIA_GeForce_RTX_4070_SUPER,12,
regnety_320,128,64,fp32,645.2879638671875,False,NVIDIA_GeForce_RTX_4070_SUPER,12,
regnety_320,224,16,bf16,117.5910415649414,False,NVIDIA_GeForce_RTX_4070_SUPER,12,
regnety_320,224,16,fp16,114.1610107421875,False,NVIDIA_GeForce_RTX_4070_SUPER,12,
regnety_320,224,16,fp32,212.5306854248047,False,NVIDIA_GeForce_RTX_4070_SUPER,12,
regnety_320,224,32,bf16,223.9892425537109,False,NVIDIA_GeForce_RTX_4070_SUPER,12,
regnety_320,224,32,fp16,216.93994140625,False,NVIDIA_GeForce_RTX_4070_SUPER,12,
regnety_320,224,32,fp32,,True,NVIDIA_GeForce_RTX_4070_SUPER,12,
regnety_320,224,64,bf16,,True,NVIDIA_GeForce_RTX_4070_SUPER,12,
regnety_320,224,64,fp16,,True,NVIDIA_GeForce_RTX_4070_SUPER,12,
regnety_320,224,64,fp32,,True,NVIDIA_GeForce_RTX_4070_SUPER,12,
repvgg_a2,64,16,bf16,7.911888122558594,False,NVIDIA_GeForce_RTX_4070_SUPER,12,
repvgg_a2,64,16,fp16,7.727104187011719,False,NVIDIA_GeForce_RTX_4070_SUPER,12,
repvgg_a2,64,16,fp32,9.814016342163086,False,NVIDIA_GeForce_RTX_4070_SUPER,12,
repvgg_a2,64,32,bf16,9.217535972595217,False,NVIDIA_GeForce_RTX_4070_SUPER,12,
repvgg_a2,64,32,fp16,8.77291202545166,False,NVIDIA_GeForce_RTX_4070_SUPER,12,
repvgg_a2,64,32,fp32,11.147775650024414,False,NVIDIA_GeForce_RTX_4070_SUPER,12,
repvgg_a2,64,64,bf16,12.207103729248049,False,NVIDIA_GeForce_RTX_4070_SUPER,12,
repvgg_a2,64,64,fp16,11.3438720703125,False,NVIDIA_GeForce_RTX_4070_SUPER,12,
repvgg_a2,64,64,fp32,15.005151748657228,False,NVIDIA_GeForce_RTX_4070_SUPER,12,
repvgg_a2,128,16,bf16,11.075584411621094,False,NVIDIA_GeForce_RTX_4070_SUPER,12,
repvgg_a2,128,16,fp16,10.630144119262695,False,NVIDIA_GeForce_RTX_4070_SUPER,12,
repvgg_a2,128,16,fp32,15.194975852966309,False,NVIDIA_GeForce_RTX_4070_SUPER,12,
repvgg_a2,128,32,bf16,15.853055953979492,False,NVIDIA_GeForce_RTX_4070_SUPER,12,
repvgg_a2,128,32,fp16,15.018495559692385,False,NVIDIA_GeForce_RTX_4070_SUPER,12,
repvgg_a2,128,32,fp32,23.911903381347656,False,NVIDIA_GeForce_RTX_4070_SUPER,12,
repvgg_a2,128,64,bf16,28.39142417907715,False,NVIDIA_GeForce_RTX_4070_SUPER,12,
repvgg_a2,128,64,fp16,26.595104217529297,False,NVIDIA_GeForce_RTX_4070_SUPER,12,
repvgg_a2,128,64,fp32,47.73211288452149,False,NVIDIA_GeForce_RTX_4070_SUPER,12,
repvgg_a2,224,16,bf16,22.107648849487305,False,NVIDIA_GeForce_RTX_4070_SUPER,12,
repvgg_a2,224,16,fp16,20.32331275939941,False,NVIDIA_GeForce_RTX_4070_SUPER,12,
repvgg_a2,224,16,fp32,37.62534332275391,False,NVIDIA_GeForce_RTX_4070_SUPER,12,
repvgg_a2,224,32,bf16,41.63788986206055,False,NVIDIA_GeForce_RTX_4070_SUPER,12,
repvgg_a2,224,32,fp16,38.73067092895508,False,NVIDIA_GeForce_RTX_4070_SUPER,12,
repvgg_a2,224,32,fp32,73.58460998535156,False,NVIDIA_GeForce_RTX_4070_SUPER,12,
repvgg_a2,224,64,bf16,81.1759033203125,False,NVIDIA_GeForce_RTX_4070_SUPER,12,
repvgg_a2,224,64,fp16,76.66124725341797,False,NVIDIA_GeForce_RTX_4070_SUPER,12,
repvgg_a2,224,64,fp32,153.93536376953125,False,NVIDIA_GeForce_RTX_4070_SUPER,12,
resmlp_24_224,64,16,bf16,10.192895889282228,False,NVIDIA_GeForce_RTX_4070_SUPER,12,
resmlp_24_224,64,16,fp16,10.172783851623535,False,NVIDIA_GeForce_RTX_4070_SUPER,12,
resmlp_24_224,64,16,fp32,9.93228816986084,False,NVIDIA_GeForce_RTX_4070_SUPER,12,
resmlp_24_224,64,32,bf16,9.291263580322266,False,NVIDIA_GeForce_RTX_4070_SUPER,12,
resmlp_24_224,64,32,fp16,9.223679542541504,False,NVIDIA_GeForce_RTX_4070_SUPER,12,
resmlp_24_224,64,32,fp32,12.273152351379396,False,NVIDIA_GeForce_RTX_4070_SUPER,12,
resmlp_24_224,64,64,bf16,11.935744285583496,False,NVIDIA_GeForce_RTX_4070_SUPER,12,
resmlp_24_224,64,64,fp16,11.834367752075195,False,NVIDIA_GeForce_RTX_4070_SUPER,12,
resmlp_24_224,64,64,fp32,18.684192657470703,False,NVIDIA_GeForce_RTX_4070_SUPER,12,
resmlp_24_224,128,16,bf16,12.321167945861816,False,NVIDIA_GeForce_RTX_4070_SUPER,12,
resmlp_24_224,128,16,fp16,12.27460765838623,False,NVIDIA_GeForce_RTX_4070_SUPER,12,
resmlp_24_224,128,16,fp32,19.08889579772949,False,NVIDIA_GeForce_RTX_4070_SUPER,12,
resmlp_24_224,128,32,bf16,18.086912155151367,False,NVIDIA_GeForce_RTX_4070_SUPER,12,
resmlp_24_224,128,32,fp16,17.97051239013672,False,NVIDIA_GeForce_RTX_4070_SUPER,12,
resmlp_24_224,128,32,fp32,31.64313507080078,False,NVIDIA_GeForce_RTX_4070_SUPER,12,
resmlp_24_224,128,64,bf16,30.744064331054688,False,NVIDIA_GeForce_RTX_4070_SUPER,12,
resmlp_24_224,128,64,fp16,30.45631980895996,False,NVIDIA_GeForce_RTX_4070_SUPER,12,
resmlp_24_224,128,64,fp32,58.1212158203125,False,NVIDIA_GeForce_RTX_4070_SUPER,12,
resmlp_24_224,224,16,bf16,26.18111991882324,False,NVIDIA_GeForce_RTX_4070_SUPER,12,
resmlp_24_224,224,16,fp16,25.920000076293945,False,NVIDIA_GeForce_RTX_4070_SUPER,12,
resmlp_24_224,224,16,fp32,48.52019119262695,False,NVIDIA_GeForce_RTX_4070_SUPER,12,
resmlp_24_224,224,32,bf16,46.41059112548828,False,NVIDIA_GeForce_RTX_4070_SUPER,12,
resmlp_24_224,224,32,fp16,46.02470397949219,False,NVIDIA_GeForce_RTX_4070_SUPER,12,
resmlp_24_224,224,32,fp32,91.61420440673828,False,NVIDIA_GeForce_RTX_4070_SUPER,12,
resmlp_24_224,224,64,bf16,98.14256286621094,False,NVIDIA_GeForce_RTX_4070_SUPER,12,
resmlp_24_224,224,64,fp16,97.3987808227539,False,NVIDIA_GeForce_RTX_4070_SUPER,12,
resmlp_24_224,224,64,fp32,188.3575592041016,False,NVIDIA_GeForce_RTX_4070_SUPER,12,
resnet101,64,16,bf16,13.463040351867676,False,NVIDIA_GeForce_RTX_4070_SUPER,12,
resnet101,64,16,fp16,13.072863578796388,False,NVIDIA_GeForce_RTX_4070_SUPER,12,
resnet101,64,16,fp32,17.719295501708984,False,NVIDIA_GeForce_RTX_4070_SUPER,12,
resnet101,64,32,bf16,16.087039947509766,False,NVIDIA_GeForce_RTX_4070_SUPER,12,
resnet101,64,32,fp16,15.070719718933104,False,NVIDIA_GeForce_RTX_4070_SUPER,12,
resnet101,64,32,fp32,22.5664005279541,False,NVIDIA_GeForce_RTX_4070_SUPER,12,
resnet101,64,64,bf16,21.672399520874023,False,NVIDIA_GeForce_RTX_4070_SUPER,12,
resnet101,64,64,fp16,19.430912017822266,False,NVIDIA_GeForce_RTX_4070_SUPER,12,
resnet101,64,64,fp32,30.43940734863281,False,NVIDIA_GeForce_RTX_4070_SUPER,12,
resnet101,128,16,bf16,18.856447219848636,False,NVIDIA_GeForce_RTX_4070_SUPER,12,
resnet101,128,16,fp16,17.827280044555664,False,NVIDIA_GeForce_RTX_4070_SUPER,12,
resnet101,128,16,fp32,25.01324844360352,False,NVIDIA_GeForce_RTX_4070_SUPER,12,
resnet101,128,32,bf16,30.27199935913086,False,NVIDIA_GeForce_RTX_4070_SUPER,12,
resnet101,128,32,fp16,28.118528366088867,False,NVIDIA_GeForce_RTX_4070_SUPER,12,
resnet101,128,32,fp32,42.83540725708008,False,NVIDIA_GeForce_RTX_4070_SUPER,12,
resnet101,128,64,bf16,53.42668914794922,False,NVIDIA_GeForce_RTX_4070_SUPER,12,
resnet101,128,64,fp16,49.55545425415039,False,NVIDIA_GeForce_RTX_4070_SUPER,12,
resnet101,128,64,fp32,85.04422760009766,False,NVIDIA_GeForce_RTX_4070_SUPER,12,
resnet101,224,16,bf16,36.63206481933594,False,NVIDIA_GeForce_RTX_4070_SUPER,12,
resnet101,224,16,fp16,34.25075149536133,False,NVIDIA_GeForce_RTX_4070_SUPER,12,
resnet101,224,16,fp32,60.62334442138672,False,NVIDIA_GeForce_RTX_4070_SUPER,12,
resnet101,224,32,bf16,69.37139129638672,False,NVIDIA_GeForce_RTX_4070_SUPER,12,
resnet101,224,32,fp16,64.94654083251953,False,NVIDIA_GeForce_RTX_4070_SUPER,12,
resnet101,224,32,fp32,127.41107177734376,False,NVIDIA_GeForce_RTX_4070_SUPER,12,
resnet101,224,64,bf16,144.20172119140625,False,NVIDIA_GeForce_RTX_4070_SUPER,12,
resnet101,224,64,fp16,134.45367431640625,False,NVIDIA_GeForce_RTX_4070_SUPER,12,
resnet101,224,64,fp32,326.5300598144531,False,NVIDIA_GeForce_RTX_4070_SUPER,12,
resnet152,64,16,bf16,19.21331214904785,False,NVIDIA_GeForce_RTX_4070_SUPER,12,
resnet152,64,16,fp16,18.66496086120605,False,NVIDIA_GeForce_RTX_4070_SUPER,12,
resnet152,64,16,fp32,24.99020767211914,False,NVIDIA_GeForce_RTX_4070_SUPER,12,
resnet152,64,32,bf16,22.922239303588867,False,NVIDIA_GeForce_RTX_4070_SUPER,12,
resnet152,64,32,fp16,21.47225570678711,False,NVIDIA_GeForce_RTX_4070_SUPER,12,
resnet152,64,32,fp32,31.9498233795166,False,NVIDIA_GeForce_RTX_4070_SUPER,12,
resnet152,64,64,bf16,31.030271530151367,False,NVIDIA_GeForce_RTX_4070_SUPER,12,
resnet152,64,64,fp16,27.71348762512207,False,NVIDIA_GeForce_RTX_4070_SUPER,12,
resnet152,64,64,fp32,43.05049514770508,False,NVIDIA_GeForce_RTX_4070_SUPER,12,
resnet152,128,16,bf16,26.89228820800781,False,NVIDIA_GeForce_RTX_4070_SUPER,12,
resnet152,128,16,fp16,25.475536346435547,False,NVIDIA_GeForce_RTX_4070_SUPER,12,
resnet152,128,16,fp32,35.28294372558594,False,NVIDIA_GeForce_RTX_4070_SUPER,12,
resnet152,128,32,bf16,43.23411178588867,False,NVIDIA_GeForce_RTX_4070_SUPER,12,
resnet152,128,32,fp16,40.18636703491211,False,NVIDIA_GeForce_RTX_4070_SUPER,12,
resnet152,128,32,fp32,59.86038589477539,False,NVIDIA_GeForce_RTX_4070_SUPER,12,
resnet152,128,64,bf16,75.71968078613281,False,NVIDIA_GeForce_RTX_4070_SUPER,12,
resnet152,128,64,fp16,70.31948852539062,False,NVIDIA_GeForce_RTX_4070_SUPER,12,
resnet152,128,64,fp32,118.56742095947266,False,NVIDIA_GeForce_RTX_4070_SUPER,12,
resnet152,224,16,bf16,51.68214416503906,False,NVIDIA_GeForce_RTX_4070_SUPER,12,
resnet152,224,16,fp16,48.24055862426758,False,NVIDIA_GeForce_RTX_4070_SUPER,12,
resnet152,224,16,fp32,84.17740631103516,False,NVIDIA_GeForce_RTX_4070_SUPER,12,
resnet152,224,32,bf16,96.41165161132812,False,NVIDIA_GeForce_RTX_4070_SUPER,12,
resnet152,224,32,fp16,90.00643157958984,False,NVIDIA_GeForce_RTX_4070_SUPER,12,
resnet152,224,32,fp32,177.29832458496094,False,NVIDIA_GeForce_RTX_4070_SUPER,12,
resnet152,224,64,bf16,200.34251403808597,False,NVIDIA_GeForce_RTX_4070_SUPER,12,
resnet152,224,64,fp16,186.99874877929688,False,NVIDIA_GeForce_RTX_4070_SUPER,12,
resnet152,224,64,fp32,,True,NVIDIA_GeForce_RTX_4070_SUPER,12,
resnet18,64,16,bf16,2.934783935546875,False,NVIDIA_GeForce_RTX_4070_SUPER,12,
resnet18,64,16,fp16,2.861567974090576,False,NVIDIA_GeForce_RTX_4070_SUPER,12,
resnet18,64,16,fp32,4.278783798217773,False,NVIDIA_GeForce_RTX_4070_SUPER,12,
resnet18,64,32,bf16,3.490816116333008,False,NVIDIA_GeForce_RTX_4070_SUPER,12,
resnet18,64,32,fp16,3.3452959060668945,False,NVIDIA_GeForce_RTX_4070_SUPER,12,
resnet18,64,32,fp32,4.696063995361328,False,NVIDIA_GeForce_RTX_4070_SUPER,12,
resnet18,64,64,bf16,4.624383926391602,False,NVIDIA_GeForce_RTX_4070_SUPER,12,
resnet18,64,64,fp16,4.3343682289123535,False,NVIDIA_GeForce_RTX_4070_SUPER,12,
resnet18,64,64,fp32,6.203199863433838,False,NVIDIA_GeForce_RTX_4070_SUPER,12,
resnet18,128,16,bf16,4.471807956695557,False,NVIDIA_GeForce_RTX_4070_SUPER,12,
resnet18,128,16,fp16,4.294144153594971,False,NVIDIA_GeForce_RTX_4070_SUPER,12,
resnet18,128,16,fp32,5.526832103729248,False,NVIDIA_GeForce_RTX_4070_SUPER,12,
resnet18,128,32,bf16,6.468095779418945,False,NVIDIA_GeForce_RTX_4070_SUPER,12,
resnet18,128,32,fp16,6.136832237243652,False,NVIDIA_GeForce_RTX_4070_SUPER,12,
resnet18,128,32,fp32,9.258496284484863,False,NVIDIA_GeForce_RTX_4070_SUPER,12,
resnet18,128,64,bf16,10.802607536315918,False,NVIDIA_GeForce_RTX_4070_SUPER,12,
resnet18,128,64,fp16,10.274815559387209,False,NVIDIA_GeForce_RTX_4070_SUPER,12,
resnet18,128,64,fp32,17.475072860717773,False,NVIDIA_GeForce_RTX_4070_SUPER,12,
resnet18,224,16,bf16,8.220671653747559,False,NVIDIA_GeForce_RTX_4070_SUPER,12,
resnet18,224,16,fp16,7.639920234680176,False,NVIDIA_GeForce_RTX_4070_SUPER,12,
resnet18,224,16,fp32,12.964351654052734,False,NVIDIA_GeForce_RTX_4070_SUPER,12,
resnet18,224,32,bf16,15.4203519821167,False,NVIDIA_GeForce_RTX_4070_SUPER,12,
resnet18,224,32,fp16,14.514687538146973,False,NVIDIA_GeForce_RTX_4070_SUPER,12,
resnet18,224,32,fp32,25.00454330444336,False,NVIDIA_GeForce_RTX_4070_SUPER,12,
resnet18,224,64,bf16,32.02918243408203,False,NVIDIA_GeForce_RTX_4070_SUPER,12,
resnet18,224,64,fp16,28.34620857238769,False,NVIDIA_GeForce_RTX_4070_SUPER,12,
resnet18,224,64,fp32,52.87424087524414,False,NVIDIA_GeForce_RTX_4070_SUPER,12,
resnet200,64,16,bf16,22.640016555786133,False,NVIDIA_GeForce_RTX_4070_SUPER,12,
resnet200,64,16,fp16,21.794639587402344,False,NVIDIA_GeForce_RTX_4070_SUPER,12,
resnet200,64,16,fp32,29.227519989013672,False,NVIDIA_GeForce_RTX_4070_SUPER,12,
resnet200,64,32,bf16,27.5153923034668,False,NVIDIA_GeForce_RTX_4070_SUPER,12,
resnet200,64,32,fp16,25.566207885742188,False,NVIDIA_GeForce_RTX_4070_SUPER,12,
resnet200,64,32,fp32,37.9944953918457,False,NVIDIA_GeForce_RTX_4070_SUPER,12,
resnet200,64,64,bf16,38.727169036865234,False,NVIDIA_GeForce_RTX_4070_SUPER,12,
resnet200,64,64,fp16,34.321327209472656,False,NVIDIA_GeForce_RTX_4070_SUPER,12,
resnet200,64,64,fp32,52.34513473510742,False,NVIDIA_GeForce_RTX_4070_SUPER,12,
resnet200,128,16,bf16,32.787967681884766,False,NVIDIA_GeForce_RTX_4070_SUPER,12,
resnet200,128,16,fp16,30.998863220214844,False,NVIDIA_GeForce_RTX_4070_SUPER,12,
resnet200,128,16,fp32,43.46774291992188,False,NVIDIA_GeForce_RTX_4070_SUPER,12,
resnet200,128,32,bf16,54.50788879394531,False,NVIDIA_GeForce_RTX_4070_SUPER,12,
resnet200,128,32,fp16,50.34137725830078,False,NVIDIA_GeForce_RTX_4070_SUPER,12,
resnet200,128,32,fp32,76.5172348022461,False,NVIDIA_GeForce_RTX_4070_SUPER,12,
resnet200,128,64,bf16,96.40447998046876,False,NVIDIA_GeForce_RTX_4070_SUPER,12,
resnet200,128,64,fp16,92.11284637451172,False,NVIDIA_GeForce_RTX_4070_SUPER,12,
resnet200,128,64,fp32,164.93907165527344,False,NVIDIA_GeForce_RTX_4070_SUPER,12,
resnet200,224,16,bf16,66.5533447265625,False,NVIDIA_GeForce_RTX_4070_SUPER,12,
resnet200,224,16,fp16,60.94899368286133,False,NVIDIA_GeForce_RTX_4070_SUPER,12,
resnet200,224,16,fp32,111.42244720458984,False,NVIDIA_GeForce_RTX_4070_SUPER,12,
resnet200,224,32,bf16,129.16050720214844,False,NVIDIA_GeForce_RTX_4070_SUPER,12,
resnet200,224,32,fp16,117.84089660644533,False,NVIDIA_GeForce_RTX_4070_SUPER,12,
resnet200,224,32,fp32,242.0171356201172,False,NVIDIA_GeForce_RTX_4070_SUPER,12,
resnet200,224,64,bf16,413.1583862304688,False,NVIDIA_GeForce_RTX_4070_SUPER,12,
resnet200,224,64,fp16,301.1246032714844,False,NVIDIA_GeForce_RTX_4070_SUPER,12,
resnet200,224,64,fp32,,True,NVIDIA_GeForce_RTX_4070_SUPER,12,
resnet50,64,16,bf16,7.066624164581299,False,NVIDIA_GeForce_RTX_4070_SUPER,12,
resnet50,64,16,fp16,6.8285441398620605,False,NVIDIA_GeForce_RTX_4070_SUPER,12,
resnet50,64,16,fp32,9.638912200927734,False,NVIDIA_GeForce_RTX_4070_SUPER,12,
resnet50,64,32,bf16,8.57532787322998,False,NVIDIA_GeForce_RTX_4070_SUPER,12,
resnet50,64,32,fp16,8.004608154296875,False,NVIDIA_GeForce_RTX_4070_SUPER,12,
resnet50,64,32,fp32,12.286319732666016,False,NVIDIA_GeForce_RTX_4070_SUPER,12,
resnet50,64,64,bf16,11.988816261291504,False,NVIDIA_GeForce_RTX_4070_SUPER,12,
resnet50,64,64,fp16,10.71564769744873,False,NVIDIA_GeForce_RTX_4070_SUPER,12,
resnet50,64,64,fp32,17.11155128479004,False,NVIDIA_GeForce_RTX_4070_SUPER,12,
resnet50,128,16,bf16,10.34291172027588,False,NVIDIA_GeForce_RTX_4070_SUPER,12,
resnet50,128,16,fp16,9.719776153564451,False,NVIDIA_GeForce_RTX_4070_SUPER,12,
resnet50,128,16,fp32,14.278127670288086,False,NVIDIA_GeForce_RTX_4070_SUPER,12,
resnet50,128,32,bf16,16.816640853881836,False,NVIDIA_GeForce_RTX_4070_SUPER,12,
resnet50,128,32,fp16,15.617952346801758,False,NVIDIA_GeForce_RTX_4070_SUPER,12,
resnet50,128,32,fp32,25.96552085876465,False,NVIDIA_GeForce_RTX_4070_SUPER,12,
resnet50,128,64,bf16,30.978864669799805,False,NVIDIA_GeForce_RTX_4070_SUPER,12,
resnet50,128,64,fp16,28.68275260925293,False,NVIDIA_GeForce_RTX_4070_SUPER,12,
resnet50,128,64,fp32,53.92179107666016,False,NVIDIA_GeForce_RTX_4070_SUPER,12,
resnet50,224,16,bf16,22.04403114318848,False,NVIDIA_GeForce_RTX_4070_SUPER,12,
resnet50,224,16,fp16,20.19584083557129,False,NVIDIA_GeForce_RTX_4070_SUPER,12,
resnet50,224,16,fp32,38.78144073486328,False,NVIDIA_GeForce_RTX_4070_SUPER,12,
resnet50,224,32,bf16,44.51583862304688,False,NVIDIA_GeForce_RTX_4070_SUPER,12,
resnet50,224,32,fp16,41.220096588134766,False,NVIDIA_GeForce_RTX_4070_SUPER,12,
resnet50,224,32,fp32,83.2696304321289,False,NVIDIA_GeForce_RTX_4070_SUPER,12,
resnet50,224,64,bf16,94.50137329101562,False,NVIDIA_GeForce_RTX_4070_SUPER,12,
resnet50,224,64,fp16,87.40913391113281,False,NVIDIA_GeForce_RTX_4070_SUPER,12,
resnet50,224,64,fp32,172.9976348876953,False,NVIDIA_GeForce_RTX_4070_SUPER,12,
resnext101_64x4d,64,16,bf16,21.64014434814453,False,NVIDIA_GeForce_RTX_4070_SUPER,12,
resnext101_64x4d,64,16,fp16,21.216768264770508,False,NVIDIA_GeForce_RTX_4070_SUPER,12,
resnext101_64x4d,64,16,fp32,33.261009216308594,False,NVIDIA_GeForce_RTX_4070_SUPER,12,
resnext101_64x4d,64,32,bf16,26.806272506713867,False,NVIDIA_GeForce_RTX_4070_SUPER,12,
resnext101_64x4d,64,32,fp16,25.362943649291992,False,NVIDIA_GeForce_RTX_4070_SUPER,12,
resnext101_64x4d,64,32,fp32,51.05049514770508,False,NVIDIA_GeForce_RTX_4070_SUPER,12,
resnext101_64x4d,64,64,bf16,38.142974853515625,False,NVIDIA_GeForce_RTX_4070_SUPER,12,
resnext101_64x4d,64,64,fp16,34.5251350402832,False,NVIDIA_GeForce_RTX_4070_SUPER,12,
resnext101_64x4d,64,64,fp32,81.09954833984375,False,NVIDIA_GeForce_RTX_4070_SUPER,12,
resnext101_64x4d,128,16,bf16,31.10041618347168,False,NVIDIA_GeForce_RTX_4070_SUPER,12,
resnext101_64x4d,128,16,fp16,29.83475112915039,False,NVIDIA_GeForce_RTX_4070_SUPER,12,
resnext101_64x4d,128,16,fp32,60.66892623901367,False,NVIDIA_GeForce_RTX_4070_SUPER,12,
resnext101_64x4d,128,32,bf16,49.30132675170898,False,NVIDIA_GeForce_RTX_4070_SUPER,12,
resnext101_64x4d,128,32,fp16,46.41740798950195,False,NVIDIA_GeForce_RTX_4070_SUPER,12,
resnext101_64x4d,128,32,fp32,105.38240051269533,False,NVIDIA_GeForce_RTX_4070_SUPER,12,
resnext101_64x4d,128,64,bf16,90.93529510498048,False,NVIDIA_GeForce_RTX_4070_SUPER,12,
resnext101_64x4d,128,64,fp16,85.26387023925781,False,NVIDIA_GeForce_RTX_4070_SUPER,12,
resnext101_64x4d,128,64,fp32,229.16966247558597,False,NVIDIA_GeForce_RTX_4070_SUPER,12,
resnext101_64x4d,224,16,bf16,71.33834838867188,False,NVIDIA_GeForce_RTX_4070_SUPER,12,
resnext101_64x4d,224,16,fp16,67.57119750976562,False,NVIDIA_GeForce_RTX_4070_SUPER,12,
resnext101_64x4d,224,16,fp32,157.34767150878906,False,NVIDIA_GeForce_RTX_4070_SUPER,12,
resnext101_64x4d,224,32,bf16,147.0760498046875,False,NVIDIA_GeForce_RTX_4070_SUPER,12,
resnext101_64x4d,224,32,fp16,138.1227569580078,False,NVIDIA_GeForce_RTX_4070_SUPER,12,
resnext101_64x4d,224,32,fp32,1018.4412231445312,False,NVIDIA_GeForce_RTX_4070_SUPER,12,slow_outlier
resnext101_64x4d,224,64,bf16,1580.6827392578125,False,NVIDIA_GeForce_RTX_4070_SUPER,12,slow_outlier
resnext101_64x4d,224,64,fp16,1553.8466796875,False,NVIDIA_GeForce_RTX_4070_SUPER,12,slow_outlier
resnext101_64x4d,224,64,fp32,,True,NVIDIA_GeForce_RTX_4070_SUPER,12,
resnext50_32x4d,64,16,bf16,7.63375997543335,False,NVIDIA_GeForce_RTX_4070_SUPER,12,
resnext50_32x4d,64,16,fp16,7.473152160644531,False,NVIDIA_GeForce_RTX_4070_SUPER,12,
resnext50_32x4d,64,16,fp32,10.585599899291992,False,NVIDIA_GeForce_RTX_4070_SUPER,12,
resnext50_32x4d,64,32,bf16,10.555760383605955,False,NVIDIA_GeForce_RTX_4070_SUPER,12,
resnext50_32x4d,64,32,fp16,10.084351539611816,False,NVIDIA_GeForce_RTX_4070_SUPER,12,
resnext50_32x4d,64,32,fp32,15.616512298583984,False,NVIDIA_GeForce_RTX_4070_SUPER,12,
resnext50_32x4d,64,64,bf16,17.297183990478516,False,NVIDIA_GeForce_RTX_4070_SUPER,12,
resnext50_32x4d,64,64,fp16,15.817215919494627,False,NVIDIA_GeForce_RTX_4070_SUPER,12,
resnext50_32x4d,64,64,fp32,23.715839385986328,False,NVIDIA_GeForce_RTX_4070_SUPER,12,
resnext50_32x4d,128,16,bf16,11.636223793029783,False,NVIDIA_GeForce_RTX_4070_SUPER,12,
resnext50_32x4d,128,16,fp16,10.972160339355469,False,NVIDIA_GeForce_RTX_4070_SUPER,12,
resnext50_32x4d,128,16,fp32,18.60812759399414,False,NVIDIA_GeForce_RTX_4070_SUPER,12,
resnext50_32x4d,128,32,bf16,19.62700843811035,False,NVIDIA_GeForce_RTX_4070_SUPER,12,
resnext50_32x4d,128,32,fp16,18.083328247070312,False,NVIDIA_GeForce_RTX_4070_SUPER,12,
resnext50_32x4d,128,32,fp32,33.99710464477539,False,NVIDIA_GeForce_RTX_4070_SUPER,12,
resnext50_32x4d,128,64,bf16,38.197025299072266,False,NVIDIA_GeForce_RTX_4070_SUPER,12,
resnext50_32x4d,128,64,fp16,35.24812698364258,False,NVIDIA_GeForce_RTX_4070_SUPER,12,
resnext50_32x4d,128,64,fp32,74.7320327758789,False,NVIDIA_GeForce_RTX_4070_SUPER,12,
resnext50_32x4d,224,16,bf16,25.86777687072754,False,NVIDIA_GeForce_RTX_4070_SUPER,12,
resnext50_32x4d,224,16,fp16,23.78700828552246,False,NVIDIA_GeForce_RTX_4070_SUPER,12,
resnext50_32x4d,224,16,fp32,54.92070388793945,False,NVIDIA_GeForce_RTX_4070_SUPER,12,
resnext50_32x4d,224,32,bf16,55.31135940551758,False,NVIDIA_GeForce_RTX_4070_SUPER,12,
resnext50_32x4d,224,32,fp16,51.16342544555664,False,NVIDIA_GeForce_RTX_4070_SUPER,12,
resnext50_32x4d,224,32,fp32,113.81788635253906,False,NVIDIA_GeForce_RTX_4070_SUPER,12,
resnext50_32x4d,224,64,bf16,119.29395294189452,False,NVIDIA_GeForce_RTX_4070_SUPER,12,
resnext50_32x4d,224,64,fp16,110.6015853881836,False,NVIDIA_GeForce_RTX_4070_SUPER,12,
resnext50_32x4d,224,64,fp32,232.18739318847656,False,NVIDIA_GeForce_RTX_4070_SUPER,12,
swin_base_patch4_window7_224,64,16,bf16,18.939712524414062,False,NVIDIA_GeForce_RTX_4070_SUPER,12,
swin_base_patch4_window7_224,64,16,fp16,18.854400634765625,False,NVIDIA_GeForce_RTX_4070_SUPER,12,
swin_base_patch4_window7_224,64,16,fp32,23.93292808532715,False,NVIDIA_GeForce_RTX_4070_SUPER,12,
swin_base_patch4_window7_224,64,32,bf16,23.539152145385746,False,NVIDIA_GeForce_RTX_4070_SUPER,12,
swin_base_patch4_window7_224,64,32,fp16,23.36510467529297,False,NVIDIA_GeForce_RTX_4070_SUPER,12,
swin_base_patch4_window7_224,64,32,fp32,34.819583892822266,False,NVIDIA_GeForce_RTX_4070_SUPER,12,
swin_base_patch4_window7_224,64,64,bf16,32.613887786865234,False,NVIDIA_GeForce_RTX_4070_SUPER,12,
swin_base_patch4_window7_224,64,64,fp16,32.39728164672852,False,NVIDIA_GeForce_RTX_4070_SUPER,12,
swin_base_patch4_window7_224,64,64,fp32,58.34956741333008,False,NVIDIA_GeForce_RTX_4070_SUPER,12,
swin_base_patch4_window7_224,128,16,bf16,41.1662712097168,False,NVIDIA_GeForce_RTX_4070_SUPER,12,
swin_base_patch4_window7_224,128,16,fp16,40.718849182128906,False,NVIDIA_GeForce_RTX_4070_SUPER,12,
swin_base_patch4_window7_224,128,16,fp32,77.74918365478516,False,NVIDIA_GeForce_RTX_4070_SUPER,12,
swin_base_patch4_window7_224,128,32,bf16,70.49523162841797,False,NVIDIA_GeForce_RTX_4070_SUPER,12,
swin_base_patch4_window7_224,128,32,fp16,69.23210906982422,False,NVIDIA_GeForce_RTX_4070_SUPER,12,
swin_base_patch4_window7_224,128,32,fp32,147.97039794921875,False,NVIDIA_GeForce_RTX_4070_SUPER,12,
swin_base_patch4_window7_224,128,64,bf16,148.2808074951172,False,NVIDIA_GeForce_RTX_4070_SUPER,12,
swin_base_patch4_window7_224,128,64,fp16,147.16000366210938,False,NVIDIA_GeForce_RTX_4070_SUPER,12,
swin_base_patch4_window7_224,128,64,fp32,301.69189453125,False,NVIDIA_GeForce_RTX_4070_SUPER,12,
swin_base_patch4_window7_224,224,16,bf16,68.0099868774414,False,NVIDIA_GeForce_RTX_4070_SUPER,12,
swin_base_patch4_window7_224,224,16,fp16,67.08684539794922,False,NVIDIA_GeForce_RTX_4070_SUPER,12,
swin_base_patch4_window7_224,224,16,fp32,139.19334411621094,False,NVIDIA_GeForce_RTX_4070_SUPER,12,
swin_base_patch4_window7_224,224,32,bf16,132.4154815673828,False,NVIDIA_GeForce_RTX_4070_SUPER,12,
swin_base_patch4_window7_224,224,32,fp16,130.64857482910156,False,NVIDIA_GeForce_RTX_4070_SUPER,12,
swin_base_patch4_window7_224,224,32,fp32,274.2876281738281,False,NVIDIA_GeForce_RTX_4070_SUPER,12,
swin_base_patch4_window7_224,224,64,bf16,,True,NVIDIA_GeForce_RTX_4070_SUPER,12,
swin_base_patch4_window7_224,224,64,fp16,,True,NVIDIA_GeForce_RTX_4070_SUPER,12,
swin_base_patch4_window7_224,224,64,fp32,,True,NVIDIA_GeForce_RTX_4070_SUPER,12,
swin_tiny_patch4_window7_224,64,16,bf16,7.505824089050293,False,NVIDIA_GeForce_RTX_4070_SUPER,12,
swin_tiny_patch4_window7_224,64,16,fp16,7.421311855316162,False,NVIDIA_GeForce_RTX_4070_SUPER,12,
swin_tiny_patch4_window7_224,64,16,fp32,9.69215965270996,False,NVIDIA_GeForce_RTX_4070_SUPER,12,
swin_tiny_patch4_window7_224,64,32,bf16,9.503567695617676,False,NVIDIA_GeForce_RTX_4070_SUPER,12,
swin_tiny_patch4_window7_224,64,32,fp16,9.42080020904541,False,NVIDIA_GeForce_RTX_4070_SUPER,12,
swin_tiny_patch4_window7_224,64,32,fp32,14.552576065063477,False,NVIDIA_GeForce_RTX_4070_SUPER,12,
swin_tiny_patch4_window7_224,64,64,bf16,13.825535774230955,False,NVIDIA_GeForce_RTX_4070_SUPER,12,
swin_tiny_patch4_window7_224,64,64,fp16,13.660672187805176,False,NVIDIA_GeForce_RTX_4070_SUPER,12,
swin_tiny_patch4_window7_224,64,64,fp32,24.80531120300293,False,NVIDIA_GeForce_RTX_4070_SUPER,12,
swin_tiny_patch4_window7_224,128,16,bf16,14.80038356781006,False,NVIDIA_GeForce_RTX_4070_SUPER,12,
swin_tiny_patch4_window7_224,128,16,fp16,14.633472442626951,False,NVIDIA_GeForce_RTX_4070_SUPER,12,
swin_tiny_patch4_window7_224,128,16,fp32,26.682880401611328,False,NVIDIA_GeForce_RTX_4070_SUPER,12,
swin_tiny_patch4_window7_224,128,32,bf16,25.005056381225582,False,NVIDIA_GeForce_RTX_4070_SUPER,12,
swin_tiny_patch4_window7_224,128,32,fp16,24.63232040405273,False,NVIDIA_GeForce_RTX_4070_SUPER,12,
swin_tiny_patch4_window7_224,128,32,fp32,50.04481506347656,False,NVIDIA_GeForce_RTX_4070_SUPER,12,
swin_tiny_patch4_window7_224,128,64,bf16,51.74627304077149,False,NVIDIA_GeForce_RTX_4070_SUPER,12,
swin_tiny_patch4_window7_224,128,64,fp16,51.07913589477539,False,NVIDIA_GeForce_RTX_4070_SUPER,12,
swin_tiny_patch4_window7_224,128,64,fp32,101.54086303710938,False,NVIDIA_GeForce_RTX_4070_SUPER,12,
swin_tiny_patch4_window7_224,224,16,bf16,28.06167984008789,False,NVIDIA_GeForce_RTX_4070_SUPER,12,
swin_tiny_patch4_window7_224,224,16,fp16,27.71353530883789,False,NVIDIA_GeForce_RTX_4070_SUPER,12,
swin_tiny_patch4_window7_224,224,16,fp32,53.82553482055664,False,NVIDIA_GeForce_RTX_4070_SUPER,12,
swin_tiny_patch4_window7_224,224,32,bf16,57.74950408935547,False,NVIDIA_GeForce_RTX_4070_SUPER,12,
swin_tiny_patch4_window7_224,224,32,fp16,57.3418083190918,False,NVIDIA_GeForce_RTX_4070_SUPER,12,
swin_tiny_patch4_window7_224,224,32,fp32,107.1984634399414,False,NVIDIA_GeForce_RTX_4070_SUPER,12,
swin_tiny_patch4_window7_224,224,64,bf16,123.01656341552734,False,NVIDIA_GeForce_RTX_4070_SUPER,12,
swin_tiny_patch4_window7_224,224,64,fp16,122.34219360351562,False,NVIDIA_GeForce_RTX_4070_SUPER,12,
swin_tiny_patch4_window7_224,224,64,fp32,220.390380859375,False,NVIDIA_GeForce_RTX_4070_SUPER,12,
swinv2_cr_tiny_ns_224,64,16,bf16,8.431535720825195,False,NVIDIA_GeForce_RTX_4070_SUPER,12,
swinv2_cr_tiny_ns_224,64,16,fp16,8.340815544128418,False,NVIDIA_GeForce_RTX_4070_SUPER,12,
swinv2_cr_tiny_ns_224,64,16,fp32,10.2359037399292,False,NVIDIA_GeForce_RTX_4070_SUPER,12,
swinv2_cr_tiny_ns_224,64,32,bf16,10.22873592376709,False,NVIDIA_GeForce_RTX_4070_SUPER,12,
swinv2_cr_tiny_ns_224,64,32,fp16,10.124624252319336,False,NVIDIA_GeForce_RTX_4070_SUPER,12,
swinv2_cr_tiny_ns_224,64,32,fp32,14.635007858276367,False,NVIDIA_GeForce_RTX_4070_SUPER,12,
swinv2_cr_tiny_ns_224,64,64,bf16,14.14031982421875,False,NVIDIA_GeForce_RTX_4070_SUPER,12,
swinv2_cr_tiny_ns_224,64,64,fp16,13.911968231201172,False,NVIDIA_GeForce_RTX_4070_SUPER,12,
swinv2_cr_tiny_ns_224,64,64,fp32,23.74396705627441,False,NVIDIA_GeForce_RTX_4070_SUPER,12,
swinv2_cr_tiny_ns_224,128,16,bf16,13.714431762695312,False,NVIDIA_GeForce_RTX_4070_SUPER,12,
swinv2_cr_tiny_ns_224,128,16,fp16,13.659135818481444,False,NVIDIA_GeForce_RTX_4070_SUPER,12,
swinv2_cr_tiny_ns_224,128,16,fp32,21.405487060546875,False,NVIDIA_GeForce_RTX_4070_SUPER,12,
swinv2_cr_tiny_ns_224,128,32,bf16,21.93950462341309,False,NVIDIA_GeForce_RTX_4070_SUPER,12,
swinv2_cr_tiny_ns_224,128,32,fp16,21.86393547058105,False,NVIDIA_GeForce_RTX_4070_SUPER,12,
swinv2_cr_tiny_ns_224,128,32,fp32,38.24691009521485,False,NVIDIA_GeForce_RTX_4070_SUPER,12,
swinv2_cr_tiny_ns_224,128,64,bf16,42.23590469360352,False,NVIDIA_GeForce_RTX_4070_SUPER,12,
swinv2_cr_tiny_ns_224,128,64,fp16,42.07872009277344,False,NVIDIA_GeForce_RTX_4070_SUPER,12,
swinv2_cr_tiny_ns_224,128,64,fp32,75.2786865234375,False,NVIDIA_GeForce_RTX_4070_SUPER,12,
swinv2_cr_tiny_ns_224,224,16,bf16,37.15584182739258,False,NVIDIA_GeForce_RTX_4070_SUPER,12,
swinv2_cr_tiny_ns_224,224,16,fp16,36.76603317260742,False,NVIDIA_GeForce_RTX_4070_SUPER,12,
swinv2_cr_tiny_ns_224,224,16,fp32,61.56646347045898,False,NVIDIA_GeForce_RTX_4070_SUPER,12,
swinv2_cr_tiny_ns_224,224,32,bf16,79.91961669921875,False,NVIDIA_GeForce_RTX_4070_SUPER,12,
swinv2_cr_tiny_ns_224,224,32,fp16,79.30675506591797,False,NVIDIA_GeForce_RTX_4070_SUPER,12,
swinv2_cr_tiny_ns_224,224,32,fp32,124.67144012451172,False,NVIDIA_GeForce_RTX_4070_SUPER,12,
swinv2_cr_tiny_ns_224,224,64,bf16,175.4510955810547,False,NVIDIA_GeForce_RTX_4070_SUPER,12,
swinv2_cr_tiny_ns_224,224,64,fp16,176.67430114746094,False,NVIDIA_GeForce_RTX_4070_SUPER,12,
swinv2_cr_tiny_ns_224,224,64,fp32,269.98834228515625,False,NVIDIA_GeForce_RTX_4070_SUPER,12,
twins_pcpvt_small,64,16,bf16,7.815680027008057,False,NVIDIA_GeForce_RTX_4070_SUPER,12,
twins_pcpvt_small,64,16,fp16,7.752607822418213,False,NVIDIA_GeForce_RTX_4070_SUPER,12,
twins_pcpvt_small,64,16,fp32,9.61894416809082,False,NVIDIA_GeForce_RTX_4070_SUPER,12,
twins_pcpvt_small,64,32,bf16,9.52729606628418,False,NVIDIA_GeForce_RTX_4070_SUPER,12,
twins_pcpvt_small,64,32,fp16,9.551872253417969,False,NVIDIA_GeForce_RTX_4070_SUPER,12,
twins_pcpvt_small,64,32,fp32,12.942815780639648,False,NVIDIA_GeForce_RTX_4070_SUPER,12,
twins_pcpvt_small,64,64,bf16,13.530112266540527,False,NVIDIA_GeForce_RTX_4070_SUPER,12,
twins_pcpvt_small,64,64,fp16,13.47377586364746,False,NVIDIA_GeForce_RTX_4070_SUPER,12,
twins_pcpvt_small,64,64,fp32,20.13747215270996,False,NVIDIA_GeForce_RTX_4070_SUPER,12,
twins_pcpvt_small,128,16,bf16,12.560895919799805,False,NVIDIA_GeForce_RTX_4070_SUPER,12,
twins_pcpvt_small,128,16,fp16,12.47283172607422,False,NVIDIA_GeForce_RTX_4070_SUPER,12,
twins_pcpvt_small,128,16,fp32,19.351551055908203,False,NVIDIA_GeForce_RTX_4070_SUPER,12,
twins_pcpvt_small,128,32,bf16,19.006912231445312,False,NVIDIA_GeForce_RTX_4070_SUPER,12,
twins_pcpvt_small,128,32,fp16,18.87286376953125,False,NVIDIA_GeForce_RTX_4070_SUPER,12,
twins_pcpvt_small,128,32,fp32,32.54316711425781,False,NVIDIA_GeForce_RTX_4070_SUPER,12,
twins_pcpvt_small,128,64,bf16,34.25484848022461,False,NVIDIA_GeForce_RTX_4070_SUPER,12,
twins_pcpvt_small,128,64,fp16,34.096641540527344,False,NVIDIA_GeForce_RTX_4070_SUPER,12,
twins_pcpvt_small,128,64,fp32,60.02667236328125,False,NVIDIA_GeForce_RTX_4070_SUPER,12,
twins_pcpvt_small,224,16,bf16,27.2218074798584,False,NVIDIA_GeForce_RTX_4070_SUPER,12,
twins_pcpvt_small,224,16,fp16,27.15936088562012,False,NVIDIA_GeForce_RTX_4070_SUPER,12,
twins_pcpvt_small,224,16,fp32,48.87449645996094,False,NVIDIA_GeForce_RTX_4070_SUPER,12,
twins_pcpvt_small,224,32,bf16,49.17657470703125,False,NVIDIA_GeForce_RTX_4070_SUPER,12,
twins_pcpvt_small,224,32,fp16,49.06700897216797,False,NVIDIA_GeForce_RTX_4070_SUPER,12,
twins_pcpvt_small,224,32,fp32,90.43456268310548,False,NVIDIA_GeForce_RTX_4070_SUPER,12,
twins_pcpvt_small,224,64,bf16,101.74668884277344,False,NVIDIA_GeForce_RTX_4070_SUPER,12,
twins_pcpvt_small,224,64,fp16,101.50910186767578,False,NVIDIA_GeForce_RTX_4070_SUPER,12,
twins_pcpvt_small,224,64,fp32,180.44723510742188,False,NVIDIA_GeForce_RTX_4070_SUPER,12,
twins_svt_small,64,16,bf16,9.08897590637207,False,NVIDIA_GeForce_RTX_4070_SUPER,12,
twins_svt_small,64,16,fp16,9.029120445251465,False,NVIDIA_GeForce_RTX_4070_SUPER,12,
twins_svt_small,64,16,fp32,10.367280006408691,False,NVIDIA_GeForce_RTX_4070_SUPER,12,
twins_svt_small,64,32,bf16,11.97209644317627,False,NVIDIA_GeForce_RTX_4070_SUPER,12,
twins_svt_small,64,32,fp16,11.999135971069336,False,NVIDIA_GeForce_RTX_4070_SUPER,12,
twins_svt_small,64,32,fp32,14.530048370361328,False,NVIDIA_GeForce_RTX_4070_SUPER,12,
twins_svt_small,64,64,bf16,18.371456146240234,False,NVIDIA_GeForce_RTX_4070_SUPER,12,
twins_svt_small,64,64,fp16,18.30963134765625,False,NVIDIA_GeForce_RTX_4070_SUPER,12,
twins_svt_small,64,64,fp32,23.48492813110352,False,NVIDIA_GeForce_RTX_4070_SUPER,12,
twins_svt_small,128,16,bf16,14.90886402130127,False,NVIDIA_GeForce_RTX_4070_SUPER,12,
twins_svt_small,128,16,fp16,14.838784217834473,False,NVIDIA_GeForce_RTX_4070_SUPER,12,
twins_svt_small,128,16,fp32,19.57632064819336,False,NVIDIA_GeForce_RTX_4070_SUPER,12,
twins_svt_small,128,32,bf16,24.152063369750977,False,NVIDIA_GeForce_RTX_4070_SUPER,12,
twins_svt_small,128,32,fp16,24.07508850097656,False,NVIDIA_GeForce_RTX_4070_SUPER,12,
twins_svt_small,128,32,fp32,33.92921447753906,False,NVIDIA_GeForce_RTX_4070_SUPER,12,
twins_svt_small,128,64,bf16,45.93766403198242,False,NVIDIA_GeForce_RTX_4070_SUPER,12,
twins_svt_small,128,64,fp16,45.78713607788086,False,NVIDIA_GeForce_RTX_4070_SUPER,12,
twins_svt_small,128,64,fp32,65.9578857421875,False,NVIDIA_GeForce_RTX_4070_SUPER,12,
twins_svt_small,224,16,bf16,25.242528915405277,False,NVIDIA_GeForce_RTX_4070_SUPER,12,
twins_svt_small,224,16,fp16,25.164207458496094,False,NVIDIA_GeForce_RTX_4070_SUPER,12,
twins_svt_small,224,16,fp32,39.46073532104492,False,NVIDIA_GeForce_RTX_4070_SUPER,12,
twins_svt_small,224,32,bf16,46.83827209472656,False,NVIDIA_GeForce_RTX_4070_SUPER,12,
twins_svt_small,224,32,fp16,46.75584030151367,False,NVIDIA_GeForce_RTX_4070_SUPER,12,
twins_svt_small,224,32,fp32,75.80924987792969,False,NVIDIA_GeForce_RTX_4070_SUPER,12,
twins_svt_small,224,64,bf16,97.80121612548828,False,NVIDIA_GeForce_RTX_4070_SUPER,12,
twins_svt_small,224,64,fp16,97.86254119873048,False,NVIDIA_GeForce_RTX_4070_SUPER,12,
twins_svt_small,224,64,fp32,149.7989044189453,False,NVIDIA_GeForce_RTX_4070_SUPER,12,
vit_base_patch16_224,64,16,bf16,18.28704071044922,False,NVIDIA_GeForce_RTX_4070_SUPER,12,
vit_base_patch16_224,64,16,fp16,18.32448005676269,False,NVIDIA_GeForce_RTX_4070_SUPER,12,
vit_base_patch16_224,64,16,fp32,35.70380783081055,False,NVIDIA_GeForce_RTX_4070_SUPER,12,
vit_base_patch16_224,64,32,bf16,17.498624801635742,False,NVIDIA_GeForce_RTX_4070_SUPER,12,
vit_base_patch16_224,64,32,fp16,17.39776039123535,False,NVIDIA_GeForce_RTX_4070_SUPER,12,
vit_base_patch16_224,64,32,fp32,27.189599990844727,False,NVIDIA_GeForce_RTX_4070_SUPER,12,
vit_base_patch16_224,64,64,bf16,23.981056213378903,False,NVIDIA_GeForce_RTX_4070_SUPER,12,
vit_base_patch16_224,64,64,fp16,23.915008544921875,False,NVIDIA_GeForce_RTX_4070_SUPER,12,
vit_base_patch16_224,64,64,fp32,43.21054458618164,False,NVIDIA_GeForce_RTX_4070_SUPER,12,
vit_base_patch16_224,128,16,bf16,22.46451187133789,False,NVIDIA_GeForce_RTX_4070_SUPER,12,
vit_base_patch16_224,128,16,fp16,22.409727096557617,False,NVIDIA_GeForce_RTX_4070_SUPER,12,
vit_base_patch16_224,128,16,fp32,43.233280181884766,False,NVIDIA_GeForce_RTX_4070_SUPER,12,
vit_base_patch16_224,128,32,bf16,33.787391662597656,False,NVIDIA_GeForce_RTX_4070_SUPER,12,
vit_base_patch16_224,128,32,fp16,33.59889602661133,False,NVIDIA_GeForce_RTX_4070_SUPER,12,
vit_base_patch16_224,128,32,fp32,79.61241912841797,False,NVIDIA_GeForce_RTX_4070_SUPER,12,
vit_base_patch16_224,128,64,bf16,57.53907012939453,False,NVIDIA_GeForce_RTX_4070_SUPER,12,
vit_base_patch16_224,128,64,fp16,56.83097457885742,False,NVIDIA_GeForce_RTX_4070_SUPER,12,
vit_base_patch16_224,128,64,fp32,145.1269073486328,False,NVIDIA_GeForce_RTX_4070_SUPER,12,
vit_base_patch16_224,224,16,bf16,45.69753646850586,False,NVIDIA_GeForce_RTX_4070_SUPER,12,
vit_base_patch16_224,224,16,fp16,45.3201904296875,False,NVIDIA_GeForce_RTX_4070_SUPER,12,
vit_base_patch16_224,224,16,fp32,115.97869110107422,False,NVIDIA_GeForce_RTX_4070_SUPER,12,
vit_base_patch16_224,224,32,bf16,84.73699188232422,False,NVIDIA_GeForce_RTX_4070_SUPER,12,
vit_base_patch16_224,224,32,fp16,83.9059066772461,False,NVIDIA_GeForce_RTX_4070_SUPER,12,
vit_base_patch16_224,224,32,fp32,223.68153381347656,False,NVIDIA_GeForce_RTX_4070_SUPER,12,
vit_base_patch16_224,224,64,bf16,170.58047485351562,False,NVIDIA_GeForce_RTX_4070_SUPER,12,
vit_base_patch16_224,224,64,fp16,169.1610107421875,False,NVIDIA_GeForce_RTX_4070_SUPER,12,
vit_base_patch16_224,224,64,fp32,448.0977783203125,False,NVIDIA_GeForce_RTX_4070_SUPER,12,
vit_large_patch16_224,64,16,bf16,50.84262466430664,False,NVIDIA_GeForce_RTX_4070_SUPER,12,
vit_large_patch16_224,64,16,fp16,50.77702331542969,False,NVIDIA_GeForce_RTX_4070_SUPER,12,
vit_large_patch16_224,64,16,fp32,65.30150604248047,False,NVIDIA_GeForce_RTX_4070_SUPER,12,
vit_large_patch16_224,64,32,bf16,61.157745361328125,False,NVIDIA_GeForce_RTX_4070_SUPER,12,
vit_large_patch16_224,64,32,fp16,60.37500762939453,False,NVIDIA_GeForce_RTX_4070_SUPER,12,
vit_large_patch16_224,64,32,fp32,91.757568359375,False,NVIDIA_GeForce_RTX_4070_SUPER,12,
vit_large_patch16_224,64,64,bf16,80.90980529785156,False,NVIDIA_GeForce_RTX_4070_SUPER,12,
vit_large_patch16_224,64,64,fp16,79.70543670654297,False,NVIDIA_GeForce_RTX_4070_SUPER,12,
vit_large_patch16_224,64,64,fp32,147.35543823242188,False,NVIDIA_GeForce_RTX_4070_SUPER,12,
vit_large_patch16_224,128,16,bf16,76.8691177368164,False,NVIDIA_GeForce_RTX_4070_SUPER,12,
vit_large_patch16_224,128,16,fp16,75.59268951416016,False,NVIDIA_GeForce_RTX_4070_SUPER,12,
vit_large_patch16_224,128,16,fp32,144.73245239257812,False,NVIDIA_GeForce_RTX_4070_SUPER,12,
vit_large_patch16_224,128,32,bf16,112.9180145263672,False,NVIDIA_GeForce_RTX_4070_SUPER,12,
vit_large_patch16_224,128,32,fp16,112.5038070678711,False,NVIDIA_GeForce_RTX_4070_SUPER,12,
vit_large_patch16_224,128,32,fp32,254.58534240722656,False,NVIDIA_GeForce_RTX_4070_SUPER,12,
vit_large_patch16_224,128,64,bf16,218.4099578857422,False,NVIDIA_GeForce_RTX_4070_SUPER,12,
vit_large_patch16_224,128,64,fp16,222.7169342041016,False,NVIDIA_GeForce_RTX_4070_SUPER,12,
vit_large_patch16_224,128,64,fp32,5692.26416015625,False,NVIDIA_GeForce_RTX_4070_SUPER,12,precision_artifact
vit_large_patch16_224,224,16,bf16,153.3208465576172,False,NVIDIA_GeForce_RTX_4070_SUPER,12,
vit_large_patch16_224,224,16,fp16,152.06040954589844,False,NVIDIA_GeForce_RTX_4070_SUPER,12,
vit_large_patch16_224,224,16,fp32,394.6106872558594,False,NVIDIA_GeForce_RTX_4070_SUPER,12,
vit_large_patch16_224,224,32,bf16,1922.4990234375,False,NVIDIA_GeForce_RTX_4070_SUPER,12,slow_outlier
vit_large_patch16_224,224,32,fp16,3955.15234375,False,NVIDIA_GeForce_RTX_4070_SUPER,12,slow_outlier
vit_large_patch16_224,224,32,fp32,,True,NVIDIA_GeForce_RTX_4070_SUPER,12,
vit_large_patch16_224,224,64,bf16,,True,NVIDIA_GeForce_RTX_4070_SUPER,12,
vit_large_patch16_224,224,64,fp16,,True,NVIDIA_GeForce_RTX_4070_SUPER,12,
vit_large_patch16_224,224,64,fp32,,True,NVIDIA_GeForce_RTX_4070_SUPER,12,
vit_small_patch16_224,64,16,bf16,5.254144191741943,False,NVIDIA_GeForce_RTX_4070_SUPER,12,
vit_small_patch16_224,64,16,fp16,5.254655838012695,False,NVIDIA_GeForce_RTX_4070_SUPER,12,
vit_small_patch16_224,64,16,fp32,6.412176132202148,False,NVIDIA_GeForce_RTX_4070_SUPER,12,
vit_small_patch16_224,64,32,bf16,6.178304195404053,False,NVIDIA_GeForce_RTX_4070_SUPER,12,
vit_small_patch16_224,64,32,fp16,6.136320114135742,False,NVIDIA_GeForce_RTX_4070_SUPER,12,
vit_small_patch16_224,64,32,fp32,9.201663970947266,False,NVIDIA_GeForce_RTX_4070_SUPER,12,
vit_small_patch16_224,64,64,bf16,8.234496116638184,False,NVIDIA_GeForce_RTX_4070_SUPER,12,
vit_small_patch16_224,64,64,fp16,8.212335586547852,False,NVIDIA_GeForce_RTX_4070_SUPER,12,
vit_small_patch16_224,64,64,fp32,14.129664421081545,False,NVIDIA_GeForce_RTX_4070_SUPER,12,
vit_small_patch16_224,128,16,bf16,7.627776145935059,False,NVIDIA_GeForce_RTX_4070_SUPER,12,
vit_small_patch16_224,128,16,fp16,7.589807987213135,False,NVIDIA_GeForce_RTX_4070_SUPER,12,
vit_small_patch16_224,128,16,fp32,14.52012825012207,False,NVIDIA_GeForce_RTX_4070_SUPER,12,
vit_small_patch16_224,128,32,bf16,11.127599716186523,False,NVIDIA_GeForce_RTX_4070_SUPER,12,
vit_small_patch16_224,128,32,fp16,11.116031646728516,False,NVIDIA_GeForce_RTX_4070_SUPER,12,
vit_small_patch16_224,128,32,fp32,25.69830322265625,False,NVIDIA_GeForce_RTX_4070_SUPER,12,
vit_small_patch16_224,128,64,bf16,18.907136917114254,False,NVIDIA_GeForce_RTX_4070_SUPER,12,
vit_small_patch16_224,128,64,fp16,18.678783416748047,False,NVIDIA_GeForce_RTX_4070_SUPER,12,
vit_small_patch16_224,128,64,fp32,44.76825714111328,False,NVIDIA_GeForce_RTX_4070_SUPER,12,
vit_small_patch16_224,224,16,bf16,15.572992324829102,False,NVIDIA_GeForce_RTX_4070_SUPER,12,
vit_small_patch16_224,224,16,fp16,15.373824119567873,False,NVIDIA_GeForce_RTX_4070_SUPER,12,
vit_small_patch16_224,224,16,fp32,38.14187240600586,False,NVIDIA_GeForce_RTX_4070_SUPER,12,
vit_small_patch16_224,224,32,bf16,27.60857582092285,False,NVIDIA_GeForce_RTX_4070_SUPER,12,
vit_small_patch16_224,224,32,fp16,27.33140754699707,False,NVIDIA_GeForce_RTX_4070_SUPER,12,
vit_small_patch16_224,224,32,fp32,72.14790344238281,False,NVIDIA_GeForce_RTX_4070_SUPER,12,
vit_small_patch16_224,224,64,bf16,55.10041427612305,False,NVIDIA_GeForce_RTX_4070_SUPER,12,
vit_small_patch16_224,224,64,fp16,54.58687973022461,False,NVIDIA_GeForce_RTX_4070_SUPER,12,
vit_small_patch16_224,224,64,fp32,144.79872131347656,False,NVIDIA_GeForce_RTX_4070_SUPER,12,
vit_tiny_patch16_224,64,16,bf16,2.5277440547943115,False,NVIDIA_GeForce_RTX_4070_SUPER,12,
vit_tiny_patch16_224,64,16,fp16,2.440704107284546,False,NVIDIA_GeForce_RTX_4070_SUPER,12,
vit_tiny_patch16_224,64,16,fp32,2.830847978591919,False,NVIDIA_GeForce_RTX_4070_SUPER,12,
vit_tiny_patch16_224,64,32,bf16,3.042815923690796,False,NVIDIA_GeForce_RTX_4070_SUPER,12,
vit_tiny_patch16_224,64,32,fp16,3.0006399154663086,False,NVIDIA_GeForce_RTX_4070_SUPER,12,
vit_tiny_patch16_224,64,32,fp32,3.859823942184448,False,NVIDIA_GeForce_RTX_4070_SUPER,12,
vit_tiny_patch16_224,64,64,bf16,3.753983974456787,False,NVIDIA_GeForce_RTX_4070_SUPER,12,
vit_tiny_patch16_224,64,64,fp16,3.743567943572998,False,NVIDIA_GeForce_RTX_4070_SUPER,12,
vit_tiny_patch16_224,64,64,fp32,5.766143798828125,False,NVIDIA_GeForce_RTX_4070_SUPER,12,
vit_tiny_patch16_224,128,16,bf16,3.4160640239715576,False,NVIDIA_GeForce_RTX_4070_SUPER,12,
vit_tiny_patch16_224,128,16,fp16,3.413503885269165,False,NVIDIA_GeForce_RTX_4070_SUPER,12,
vit_tiny_patch16_224,128,16,fp32,5.91871976852417,False,NVIDIA_GeForce_RTX_4070_SUPER,12,
vit_tiny_patch16_224,128,32,bf16,5.038544178009033,False,NVIDIA_GeForce_RTX_4070_SUPER,12,
vit_tiny_patch16_224,128,32,fp16,5.017087936401367,False,NVIDIA_GeForce_RTX_4070_SUPER,12,
vit_tiny_patch16_224,128,32,fp32,9.631744384765623,False,NVIDIA_GeForce_RTX_4070_SUPER,12,
vit_tiny_patch16_224,128,64,bf16,7.734176158905029,False,NVIDIA_GeForce_RTX_4070_SUPER,12,
vit_tiny_patch16_224,128,64,fp16,7.679423809051514,False,NVIDIA_GeForce_RTX_4070_SUPER,12,
vit_tiny_patch16_224,128,64,fp32,17.32249641418457,False,NVIDIA_GeForce_RTX_4070_SUPER,12,
vit_tiny_patch16_224,224,16,bf16,6.714367866516113,False,NVIDIA_GeForce_RTX_4070_SUPER,12,
vit_tiny_patch16_224,224,16,fp16,6.674736022949219,False,NVIDIA_GeForce_RTX_4070_SUPER,12,
vit_tiny_patch16_224,224,16,fp32,15.196160316467283,False,NVIDIA_GeForce_RTX_4070_SUPER,12,
vit_tiny_patch16_224,224,32,bf16,11.875840187072754,False,NVIDIA_GeForce_RTX_4070_SUPER,12,
vit_tiny_patch16_224,224,32,fp16,11.766207695007324,False,NVIDIA_GeForce_RTX_4070_SUPER,12,
vit_tiny_patch16_224,224,32,fp32,27.704832077026367,False,NVIDIA_GeForce_RTX_4070_SUPER,12,
vit_tiny_patch16_224,224,64,bf16,22.20697593688965,False,NVIDIA_GeForce_RTX_4070_SUPER,12,
vit_tiny_patch16_224,224,64,fp16,21.999103546142575,False,NVIDIA_GeForce_RTX_4070_SUPER,12,
vit_tiny_patch16_224,224,64,fp32,55.16593551635742,False,NVIDIA_GeForce_RTX_4070_SUPER,12,
wide_resnet101_2,64,16,bf16,29.88800048828125,False,NVIDIA_GeForce_RTX_4070_SUPER,12,
wide_resnet101_2,64,16,fp16,30.89305686950684,False,NVIDIA_GeForce_RTX_4070_SUPER,12,
wide_resnet101_2,64,16,fp32,36.672000885009766,False,NVIDIA_GeForce_RTX_4070_SUPER,12,
wide_resnet101_2,64,32,bf16,38.64510345458984,False,NVIDIA_GeForce_RTX_4070_SUPER,12,
wide_resnet101_2,64,32,fp16,38.78604888916016,False,NVIDIA_GeForce_RTX_4070_SUPER,12,
wide_resnet101_2,64,32,fp32,49.38836669921875,False,NVIDIA_GeForce_RTX_4070_SUPER,12,
wide_resnet101_2,64,64,bf16,57.90054321289063,False,NVIDIA_GeForce_RTX_4070_SUPER,12,
wide_resnet101_2,64,64,fp16,55.41785430908203,False,NVIDIA_GeForce_RTX_4070_SUPER,12,
wide_resnet101_2,64,64,fp32,62.74611282348633,False,NVIDIA_GeForce_RTX_4070_SUPER,12,
wide_resnet101_2,128,16,bf16,41.710079193115234,False,NVIDIA_GeForce_RTX_4070_SUPER,12,
wide_resnet101_2,128,16,fp16,40.56729507446289,False,NVIDIA_GeForce_RTX_4070_SUPER,12,
wide_resnet101_2,128,16,fp32,53.54751968383789,False,NVIDIA_GeForce_RTX_4070_SUPER,12,
wide_resnet101_2,128,32,bf16,65.25030517578125,False,NVIDIA_GeForce_RTX_4070_SUPER,12,
wide_resnet101_2,128,32,fp16,62.36211013793945,False,NVIDIA_GeForce_RTX_4070_SUPER,12,
wide_resnet101_2,128,32,fp32,87.61070251464844,False,NVIDIA_GeForce_RTX_4070_SUPER,12,
wide_resnet101_2,128,64,bf16,109.04064178466795,False,NVIDIA_GeForce_RTX_4070_SUPER,12,
wide_resnet101_2,128,64,fp16,103.61138916015624,False,NVIDIA_GeForce_RTX_4070_SUPER,12,
wide_resnet101_2,128,64,fp32,168.55084228515625,False,NVIDIA_GeForce_RTX_4070_SUPER,12,
wide_resnet101_2,224,16,bf16,77.39955139160156,False,NVIDIA_GeForce_RTX_4070_SUPER,12,
wide_resnet101_2,224,16,fp16,73.49858856201172,False,NVIDIA_GeForce_RTX_4070_SUPER,12,
wide_resnet101_2,224,16,fp32,131.79904174804688,False,NVIDIA_GeForce_RTX_4070_SUPER,12,
wide_resnet101_2,224,32,bf16,141.7487335205078,False,NVIDIA_GeForce_RTX_4070_SUPER,12,
wide_resnet101_2,224,32,fp16,136.3916778564453,False,NVIDIA_GeForce_RTX_4070_SUPER,12,
wide_resnet101_2,224,32,fp32,251.9905242919922,False,NVIDIA_GeForce_RTX_4070_SUPER,12,
wide_resnet101_2,224,64,bf16,263.5238342285156,False,NVIDIA_GeForce_RTX_4070_SUPER,12,
wide_resnet101_2,224,64,fp16,253.80709838867188,False,NVIDIA_GeForce_RTX_4070_SUPER,12,
wide_resnet101_2,224,64,fp32,,True,NVIDIA_GeForce_RTX_4070_SUPER,12,
xcit_small_12_p16_224,64,16,bf16,9.246560096740724,False,NVIDIA_GeForce_RTX_4070_SUPER,12,
xcit_small_12_p16_224,64,16,fp16,9.110527992248535,False,NVIDIA_GeForce_RTX_4070_SUPER,12,
xcit_small_12_p16_224,64,16,fp32,10.874799728393556,False,NVIDIA_GeForce_RTX_4070_SUPER,12,
xcit_small_12_p16_224,64,32,bf16,11.20961570739746,False,NVIDIA_GeForce_RTX_4070_SUPER,12,
xcit_small_12_p16_224,64,32,fp16,11.011360168457031,False,NVIDIA_GeForce_RTX_4070_SUPER,12,
xcit_small_12_p16_224,64,32,fp32,14.874624252319336,False,NVIDIA_GeForce_RTX_4070_SUPER,12,
xcit_small_12_p16_224,64,64,bf16,14.75830364227295,False,NVIDIA_GeForce_RTX_4070_SUPER,12,
xcit_small_12_p16_224,64,64,fp16,14.430527687072754,False,NVIDIA_GeForce_RTX_4070_SUPER,12,
xcit_small_12_p16_224,64,64,fp32,22.51561546325684,False,NVIDIA_GeForce_RTX_4070_SUPER,12,
xcit_small_12_p16_224,128,16,bf16,14.30835247039795,False,NVIDIA_GeForce_RTX_4070_SUPER,12,
xcit_small_12_p16_224,128,16,fp16,14.040575981140137,False,NVIDIA_GeForce_RTX_4070_SUPER,12,
xcit_small_12_p16_224,128,16,fp32,20.6484489440918,False,NVIDIA_GeForce_RTX_4070_SUPER,12,
xcit_small_12_p16_224,128,32,bf16,20.96486473083496,False,NVIDIA_GeForce_RTX_4070_SUPER,12,
xcit_small_12_p16_224,128,32,fp16,20.64896011352539,False,NVIDIA_GeForce_RTX_4070_SUPER,12,
xcit_small_12_p16_224,128,32,fp32,34.50470352172852,False,NVIDIA_GeForce_RTX_4070_SUPER,12,
xcit_small_12_p16_224,128,64,bf16,36.13132858276367,False,NVIDIA_GeForce_RTX_4070_SUPER,12,
xcit_small_12_p16_224,128,64,fp16,35.57217788696289,False,NVIDIA_GeForce_RTX_4070_SUPER,12,
xcit_small_12_p16_224,128,64,fp32,63.11833572387695,False,NVIDIA_GeForce_RTX_4070_SUPER,12,
xcit_small_12_p16_224,224,16,bf16,29.897727966308597,False,NVIDIA_GeForce_RTX_4070_SUPER,12,
xcit_small_12_p16_224,224,16,fp16,29.319679260253903,False,NVIDIA_GeForce_RTX_4070_SUPER,12,
xcit_small_12_p16_224,224,16,fp32,49.89692687988281,False,NVIDIA_GeForce_RTX_4070_SUPER,12,
xcit_small_12_p16_224,224,32,bf16,55.64139175415039,False,NVIDIA_GeForce_RTX_4070_SUPER,12,
xcit_small_12_p16_224,224,32,fp16,54.56435012817383,False,NVIDIA_GeForce_RTX_4070_SUPER,12,
xcit_small_12_p16_224,224,32,fp32,94.00055694580078,False,NVIDIA_GeForce_RTX_4070_SUPER,12,
xcit_small_12_p16_224,224,64,bf16,120.09974670410156,False,NVIDIA_GeForce_RTX_4070_SUPER,12,
xcit_small_12_p16_224,224,64,fp16,118.1107177734375,False,NVIDIA_GeForce_RTX_4070_SUPER,12,
xcit_small_12_p16_224,224,64,fp32,199.1618194580078,False,NVIDIA_GeForce_RTX_4070_SUPER,12,
xcit_tiny_12_p16_224,64,16,bf16,6.159359931945801,False,NVIDIA_GeForce_RTX_4070_SUPER,12,
xcit_tiny_12_p16_224,64,16,fp16,5.87721586227417,False,NVIDIA_GeForce_RTX_4070_SUPER,12,
xcit_tiny_12_p16_224,64,16,fp32,6.169600009918213,False,NVIDIA_GeForce_RTX_4070_SUPER,12,
xcit_tiny_12_p16_224,64,32,bf16,7.263184070587158,False,NVIDIA_GeForce_RTX_4070_SUPER,12,
xcit_tiny_12_p16_224,64,32,fp16,6.925312042236328,False,NVIDIA_GeForce_RTX_4070_SUPER,12,
xcit_tiny_12_p16_224,64,32,fp32,8.183296203613281,False,NVIDIA_GeForce_RTX_4070_SUPER,12,
xcit_tiny_12_p16_224,64,64,bf16,8.70911979675293,False,NVIDIA_GeForce_RTX_4070_SUPER,12,
xcit_tiny_12_p16_224,64,64,fp16,8.264703750610352,False,NVIDIA_GeForce_RTX_4070_SUPER,12,
xcit_tiny_12_p16_224,64,64,fp32,11.271679878234863,False,NVIDIA_GeForce_RTX_4070_SUPER,12,
xcit_tiny_12_p16_224,128,16,bf16,8.51968002319336,False,NVIDIA_GeForce_RTX_4070_SUPER,12,
xcit_tiny_12_p16_224,128,16,fp16,8.06481647491455,False,NVIDIA_GeForce_RTX_4070_SUPER,12,
xcit_tiny_12_p16_224,128,16,fp32,10.45248031616211,False,NVIDIA_GeForce_RTX_4070_SUPER,12,
xcit_tiny_12_p16_224,128,32,bf16,11.41811180114746,False,NVIDIA_GeForce_RTX_4070_SUPER,12,
xcit_tiny_12_p16_224,128,32,fp16,11.015680313110352,False,NVIDIA_GeForce_RTX_4070_SUPER,12,
xcit_tiny_12_p16_224,128,32,fp32,15.347711563110352,False,NVIDIA_GeForce_RTX_4070_SUPER,12,
xcit_tiny_12_p16_224,128,64,bf16,17.318912506103516,False,NVIDIA_GeForce_RTX_4070_SUPER,12,
xcit_tiny_12_p16_224,128,64,fp16,16.712703704833984,False,NVIDIA_GeForce_RTX_4070_SUPER,12,
xcit_tiny_12_p16_224,128,64,fp32,26.427391052246094,False,NVIDIA_GeForce_RTX_4070_SUPER,12,
xcit_tiny_12_p16_224,224,16,bf16,14.759807586669922,False,NVIDIA_GeForce_RTX_4070_SUPER,12,
xcit_tiny_12_p16_224,224,16,fp16,14.415360450744627,False,NVIDIA_GeForce_RTX_4070_SUPER,12,
xcit_tiny_12_p16_224,224,16,fp32,21.295488357543945,False,NVIDIA_GeForce_RTX_4070_SUPER,12,
xcit_tiny_12_p16_224,224,32,bf16,25.66632080078125,False,NVIDIA_GeForce_RTX_4070_SUPER,12,
xcit_tiny_12_p16_224,224,32,fp16,25.055200576782227,False,NVIDIA_GeForce_RTX_4070_SUPER,12,
xcit_tiny_12_p16_224,224,32,fp32,39.04081726074219,False,NVIDIA_GeForce_RTX_4070_SUPER,12,
xcit_tiny_12_p16_224,224,64,bf16,50.69619369506836,False,NVIDIA_GeForce_RTX_4070_SUPER,12,
xcit_tiny_12_p16_224,224,64,fp16,49.440128326416016,False,NVIDIA_GeForce_RTX_4070_SUPER,12,
xcit_tiny_12_p16_224,224,64,fp32,76.14771270751953,False,NVIDIA_GeForce_RTX_4070_SUPER,12,
