model,img_size,batch_size,precision,avg_time_ms,oom,gpu,vram_gb,cleanup
beit_large_patch16_224,64,16,bf16,63.853790283203125,False,NVIDIA_GeForce_RTX_5060,8,
beit_large_patch16_224,64,16,fp16,63.599647521972656,False,NVIDIA_GeForce_RTX_5060,8,
beit_large_patch16_224,64,16,fp32,97.2998275756836,False,NVIDIA_GeForce_RTX_5060,8,
beit_large_patch16_224,64,32,bf16,79.8631362915039,False,NVIDIA_GeForce_RTX_5060,8,
beit_large_patch16_224,64,32,fp16,79.64324951171875,False,NVIDIA_GeForce_RTX_5060,8,
beit_large_patch16_224,64,32,fp32,147.4347381591797,False,NVIDIA_GeForce_RTX_5060,8,
beit_large_patch16_224,64,64,bf16,112.7934112548828,False,NVIDIA_GeForce_RTX_5060,8,
beit_large_patch16_224,64,64,fp16,112.58646392822266,False,NVIDIA_GeForce_RTX_5060,8,
beit_large_patch16_224,64,64,fp32,251.76547241210935,False,NVIDIA_GeForce_RTX_5060,8,
beit_large_patch16_224,128,16,bf16,112.71505737304688,False,NVIDIA_GeForce_RTX_5060,8,
beit_large_patch16_224,128,16,fp16,112.7397918701172,False,NVIDIA_GeForce_RTX_5060,8,
beit_large_patch16_224,128,16,fp32,251.9283142089844,False,NVIDIA_GeForce_RTX_5060,8,
beit_large_patch16_224,128,32,bf16,,True,NVIDIA_GeForce_RTX_5060,8,
beit_large_patch16_224,128,32,fp16,,True,NVIDIA_GeForce_RTX_5060,8,
beit_large_patch16_224,128,32,fp32,,True,NVIDIA_GeForce_RTX_5060,8,
beit_large_patch16_224,128,64,bf16,,True,NVIDIA_GeForce_RTX_5060,8,
beit_large_patch16_224,128,64,fp16,,True,NVIDIA_GeForce_RTX_5060,8,
beit_large_patch16_224,128,64,fp32,,True,NVIDIA_GeForce_RTX_5060,8,
beit_large_patch16_224,224,16,bf16,,True,NVIDIA_GeForce_RTX_5060,8,
beit_large_patch16_224,224,16,fp16,,True,NVIDIA_GeForce_RTX_5060,8,
beit_large_patch16_224,224,16,fp32,,True,NVIDIA_GeForce_RTX_5060,8,
beit_large_patch16_224,224,32,bf16,,True,NVIDIA_GeForce_RTX_5060,8,
beit_large_patch16_224,224,32,fp16,,True,NVIDIA_GeForce_RTX_5060,8,
beit_large_patch16_224,224,32,fp32,,True,NVIDIA_GeForce_RTX_5060,8,
beit_large_patch16_224,224,64,bf16,,True,NVIDIA_GeForce_RTX_5060,8,
beit_large_patch16_224,224,64,fp16,,True,NVIDIA_GeForce_RTX_5060,8,
beit_large_patch16_224,224,64,fp32,,True,NVIDIA_GeForce_RTX_5060,8,
coatnet_0_rw_224,64,16,bf16,10.651408195495604,False,NVIDIA_GeForce_RTX_5060,8,
coatnet_0_rw_224,64,16,fp16,9.098688125610352,False,NVIDIA_GeForce_RTX_5060,8,
coatnet_0_rw_224,64,16,fp32,11.016608238220217,False,NVIDIA_GeForce_RTX_5060,8,
coatnet_0_rw_224,64,32,bf16,13.477423667907717,False,NVIDIA_GeForce_RTX_5060,8,
coatnet_0_rw_224,64,32,fp16,11.778160095214844,False,NVIDIA_GeForce_RTX_5060,8,
coatnet_0_rw_224,64,32,fp32,16.63287925720215,False,NVIDIA_GeForce_RTX_5060,8,
coatnet_0_rw_224,64,64,bf16,21.476991653442383,False,NVIDIA_GeForce_RTX_5060,8,
coatnet_0_rw_224,64,64,fp16,18.40447998046875,False,NVIDIA_GeForce_RTX_5060,8,
coatnet_0_rw_224,64,64,fp32,30.720447540283203,False,NVIDIA_GeForce_RTX_5060,8,
coatnet_0_rw_224,128,16,bf16,20.40603256225586,False,NVIDIA_GeForce_RTX_5060,8,
coatnet_0_rw_224,128,16,fp16,17.154624938964844,False,NVIDIA_GeForce_RTX_5060,8,
coatnet_0_rw_224,128,16,fp32,27.25939178466797,False,NVIDIA_GeForce_RTX_5060,8,
coatnet_0_rw_224,128,32,bf16,35.43779373168945,False,NVIDIA_GeForce_RTX_5060,8,
coatnet_0_rw_224,128,32,fp16,29.49208068847656,False,NVIDIA_GeForce_RTX_5060,8,
coatnet_0_rw_224,128,32,fp32,53.34612655639648,False,NVIDIA_GeForce_RTX_5060,8,
coatnet_0_rw_224,128,64,bf16,68.59038543701172,False,NVIDIA_GeForce_RTX_5060,8,
coatnet_0_rw_224,128,64,fp16,56.98851013183594,False,NVIDIA_GeForce_RTX_5060,8,
coatnet_0_rw_224,128,64,fp32,107.49505615234376,False,NVIDIA_GeForce_RTX_5060,8,
coatnet_0_rw_224,224,16,bf16,58.22983932495117,False,NVIDIA_GeForce_RTX_5060,8,
coatnet_0_rw_224,224,16,fp16,48.86131286621094,False,NVIDIA_GeForce_RTX_5060,8,
coatnet_0_rw_224,224,16,fp32,93.2639389038086,False,NVIDIA_GeForce_RTX_5060,8,
coatnet_0_rw_224,224,32,bf16,114.29248046875,False,NVIDIA_GeForce_RTX_5060,8,
coatnet_0_rw_224,224,32,fp16,96.4997787475586,False,NVIDIA_GeForce_RTX_5060,8,
coatnet_0_rw_224,224,32,fp32,205.668701171875,False,NVIDIA_GeForce_RTX_5060,8,
coatnet_0_rw_224,224,64,bf16,411.2464294433594,False,NVIDIA_GeForce_RTX_5060,8,
coatnet_0_rw_224,224,64,fp16,379.95013427734375,False,NVIDIA_GeForce_RTX_5060,8,
coatnet_0_rw_224,224,64,fp32,,True,NVIDIA_GeForce_RTX_5060,8,
coatnet_1_rw_224,64,16,bf16,17.2139835357666,False,NVIDIA_GeForce_RTX_5060,8,
coatnet_1_rw_224,64,16,fp16,15.326751708984377,False,NVIDIA_GeForce_RTX_5060,8,
coatnet_1_rw_224,64,16,fp32,18.22115135192871,False,NVIDIA_GeForce_RTX_5060,8,
coatnet_1_rw_224,64,32,bf16,22.857328414916992,False,NVIDIA_GeForce_RTX_5060,8,
coatnet_1_rw_224,64,32,fp16,20.20052719116211,False,NVIDIA_GeForce_RTX_5060,8,
coatnet_1_rw_224,64,32,fp32,28.63910484313965,False,NVIDIA_GeForce_RTX_5060,8,
coatnet_1_rw_224,64,64,bf16,37.53919982910156,False,NVIDIA_GeForce_RTX_5060,8,
coatnet_1_rw_224,64,64,fp16,32.74601745605469,False,NVIDIA_GeForce_RTX_5060,8,
coatnet_1_rw_224,64,64,fp32,52.91507339477539,False,NVIDIA_GeForce_RTX_5060,8,
coatnet_1_rw_224,128,16,bf16,35.727294921875,False,NVIDIA_GeForce_RTX_5060,8,
coatnet_1_rw_224,128,16,fp16,29.95137596130371,False,NVIDIA_GeForce_RTX_5060,8,
coatnet_1_rw_224,128,16,fp32,47.50868988037109,False,NVIDIA_GeForce_RTX_5060,8,
coatnet_1_rw_224,128,32,bf16,61.28803253173828,False,NVIDIA_GeForce_RTX_5060,8,
coatnet_1_rw_224,128,32,fp16,52.17777633666992,False,NVIDIA_GeForce_RTX_5060,8,
coatnet_1_rw_224,128,32,fp32,92.7455062866211,False,NVIDIA_GeForce_RTX_5060,8,
coatnet_1_rw_224,128,64,bf16,117.20870208740234,False,NVIDIA_GeForce_RTX_5060,8,
coatnet_1_rw_224,128,64,fp16,99.9665298461914,False,NVIDIA_GeForce_RTX_5060,8,
coatnet_1_rw_224,128,64,fp32,,True,NVIDIA_GeForce_RTX_5060,8,
coatnet_1_rw_224,224,16,bf16,100.69505310058594,False,NVIDIA_GeForce_RTX_5060,8,
coatnet_1_rw_224,224,16,fp16,86.9959716796875,False,NVIDIA_GeForce_RTX_5060,8,
coatnet_1_rw_224,224,16,fp32,164.97808837890625,False,NVIDIA_GeForce_RTX_5060,8,
coatnet_1_rw_224,224,32,bf16,197.2828063964844,False,NVIDIA_GeForce_RTX_5060,8,
coatnet_1_rw_224,224,32,fp16,172.55320739746094,False,NVIDIA_GeForce_RTX_5060,8,
coatnet_1_rw_224,224,32,fp32,,True,NVIDIA_GeForce_RTX_5060,8,
coatnet_1_rw_224,224,64,bf16,,True,NVIDIA_GeForce_RTX_5060,8,
coatnet_1_rw_224,224,64,fp16,,True,NVIDIA_GeForce_RTX_5060,8,
coatnet_1_rw_224,224,64,fp32,,True,NVIDIA_GeForce_RTX_5060,8,
coatnet_2_rw_224,64,16,bf16,24.703712463378903,False,NVIDIA_GeForce_RTX_5060,8,
coatnet_2_rw_224,64,16,fp16,22.153343200683597,False,NVIDIA_GeForce_RTX_5060,8,
coatnet_2_rw_224,64,16,fp32,29.33219146728516,False,NVIDIA_GeForce_RTX_5060,8,
coatnet_2_rw_224,64,32,bf16,35.688209533691406,False,NVIDIA_GeForce_RTX_5060,8,
coatnet_2_rw_224,64,32,fp16,31.49388885498047,False,NVIDIA_GeForce_RTX_5060,8,
coatnet_2_rw_224,64,32,fp32,49.349857330322266,False,NVIDIA_GeForce_RTX_5060,8,
coatnet_2_rw_224,64,64,bf16,59.79787063598633,False,NVIDIA_GeForce_RTX_5060,8,
coatnet_2_rw_224,64,64,fp16,52.27268981933594,False,NVIDIA_GeForce_RTX_5060,8,
coatnet_2_rw_224,64,64,fp32,86.92585754394531,False,NVIDIA_GeForce_RTX_5060,8,
coatnet_2_rw_224,128,16,bf16,56.374305725097656,False,NVIDIA_GeForce_RTX_5060,8,
coatnet_2_rw_224,128,16,fp16,47.316368103027344,False,NVIDIA_GeForce_RTX_5060,8,
coatnet_2_rw_224,128,16,fp32,79.80264282226562,False,NVIDIA_GeForce_RTX_5060,8,
coatnet_2_rw_224,128,32,bf16,97.23668670654295,False,NVIDIA_GeForce_RTX_5060,8,
coatnet_2_rw_224,128,32,fp16,83.82398223876953,False,NVIDIA_GeForce_RTX_5060,8,
coatnet_2_rw_224,128,32,fp32,150.02597045898438,False,NVIDIA_GeForce_RTX_5060,8,
coatnet_2_rw_224,128,64,bf16,187.87342834472656,False,NVIDIA_GeForce_RTX_5060,8,
coatnet_2_rw_224,128,64,fp16,163.99789428710938,False,NVIDIA_GeForce_RTX_5060,8,
coatnet_2_rw_224,128,64,fp32,,True,NVIDIA_GeForce_RTX_5060,8,
coatnet_2_rw_224,224,16,bf16,158.64031982421875,False,NVIDIA_GeForce_RTX_5060,8,
coatnet_2_rw_224,224,16,fp16,137.8683319091797,False,NVIDIA_GeForce_RTX_5060,8,
coatnet_2_rw_224,224,16,fp32,,True,NVIDIA_GeForce_RTX_5060,8,
coatnet_2_rw_224,224,32,bf16,,True,NVIDIA_GeForce_RTX_5060,8,
coatnet_2_rw_224,224,32,fp16,,True,NVIDIA_GeForce_RTX_5060,8,
coatnet_2_rw_224,224,32,fp32,,True,NVIDIA_GeForce_RTX_5060,8,
coatnet_2_rw_224,224,64,bf16,,True,NVIDIA_GeForce_RTX_5060,8,
coatnet_2_rw_224,224,64,fp16,,True,NVIDIA_GeForce_RTX_5060,8,
coatnet_2_rw_224,224,64,fp32,,True,NVIDIA_GeForce_RTX_5060,8,
convnext_base,64,16,bf16,21.45217514038086,False,NVIDIA_GeForce_RTX_5060,8,
convnext_base,64,16,fp16,21.26419258117676,False,NVIDIA_GeForce_RTX_5060,8,
convnext_base,64,16,fp32,33.57227325439453,False,NVIDIA_GeForce_RTX_5060,8,
convnext_base,64,32,bf16,27.484304428100582,False,NVIDIA_GeForce_RTX_5060,8,
convnext_base,64,32,fp16,27.135887145996094,False,NVIDIA_GeForce_RTX_5060,8,
convnext_base,64,32,fp32,52.28841781616211,False,NVIDIA_GeForce_RTX_5060,8,
convnext_base,64,64,bf16,38.31630325317383,False,NVIDIA_GeForce_RTX_5060,8,
convnext_base,64,64,fp16,38.06719970703125,False,NVIDIA_GeForce_RTX_5060,8,
convnext_base,64,64,fp32,91.22135925292967,False,NVIDIA_GeForce_RTX_5060,8,
convnext_base,128,16,bf16,37.41404724121094,False,NVIDIA_GeForce_RTX_5060,8,
convnext_base,128,16,fp16,37.03839874267578,False,NVIDIA_GeForce_RTX_5060,8,
convnext_base,128,16,fp32,102.67324829101562,False,NVIDIA_GeForce_RTX_5060,8,
convnext_base,128,32,bf16,61.49003219604492,False,NVIDIA_GeForce_RTX_5060,8,
convnext_base,128,32,fp16,60.88907241821289,False,NVIDIA_GeForce_RTX_5060,8,
convnext_base,128,32,fp32,201.7074279785156,False,NVIDIA_GeForce_RTX_5060,8,
convnext_base,128,64,bf16,112.9322738647461,False,NVIDIA_GeForce_RTX_5060,8,
convnext_base,128,64,fp16,112.28727722167967,False,NVIDIA_GeForce_RTX_5060,8,
convnext_base,128,64,fp32,498.28076171875,False,NVIDIA_GeForce_RTX_5060,8,
convnext_base,224,16,bf16,88.44305419921875,False,NVIDIA_GeForce_RTX_5060,8,
convnext_base,224,16,fp16,87.91846466064453,False,NVIDIA_GeForce_RTX_5060,8,
convnext_base,224,16,fp32,343.7893981933594,False,NVIDIA_GeForce_RTX_5060,8,
convnext_base,224,32,bf16,171.90296936035156,False,NVIDIA_GeForce_RTX_5060,8,
convnext_base,224,32,fp16,170.9071807861328,False,NVIDIA_GeForce_RTX_5060,8,
convnext_base,224,32,fp32,,True,NVIDIA_GeForce_RTX_5060,8,
convnext_base,224,64,bf16,,True,NVIDIA_GeForce_RTX_5060,8,
convnext_base,224,64,fp16,,True,NVIDIA_GeForce_RTX_5060,8,
convnext_base,224,64,fp32,,True,NVIDIA_GeForce_RTX_5060,8,
convnext_large,64,16,bf16,42.181678771972656,False,NVIDIA_GeForce_RTX_5060,8,
convnext_large,64,16,fp16,41.81184005737305,False,NVIDIA_GeForce_RTX_5060,8,
convnext_large,64,16,fp32,67.16476440429688,False,NVIDIA_GeForce_RTX_5060,8,
convnext_large,64,32,bf16,52.55031967163086,False,NVIDIA_GeForce_RTX_5060,8,
convnext_large,64,32,fp16,52.23284912109375,False,NVIDIA_GeForce_RTX_5060,8,
convnext_large,64,32,fp32,102.66185760498048,False,NVIDIA_GeForce_RTX_5060,8,
convnext_large,64,64,bf16,74.71241760253906,False,NVIDIA_GeForce_RTX_5060,8,
convnext_large,64,64,fp16,74.42107391357422,False,NVIDIA_GeForce_RTX_5060,8,
convnext_large,64,64,fp32,180.9849395751953,False,NVIDIA_GeForce_RTX_5060,8,
convnext_large,128,16,bf16,73.49795532226562,False,NVIDIA_GeForce_RTX_5060,8,
convnext_large,128,16,fp16,73.03822326660156,False,NVIDIA_GeForce_RTX_5060,8,
convnext_large,128,16,fp32,202.7985076904297,False,NVIDIA_GeForce_RTX_5060,8,
convnext_large,128,32,bf16,118.98033905029295,False,NVIDIA_GeForce_RTX_5060,8,
convnext_large,128,32,fp16,118.384033203125,False,NVIDIA_GeForce_RTX_5060,8,
convnext_large,128,32,fp32,3547.293701171875,False,NVIDIA_GeForce_RTX_5060,8,precision_artifact
convnext_large,128,64,bf16,,True,NVIDIA_GeForce_RTX_5060,8,
convnext_large,128,64,fp16,,True,NVIDIA_GeForce_RTX_5060,8,
convnext_large,128,64,fp32,,True,NVIDIA_GeForce_RTX_5060,8,
convnext_large,224,16,bf16,466.7249755859375,False,NVIDIA_GeForce_RTX_5060,8,slow_outlier
convnext_large,224,16,fp16,430.6235656738281,False,NVIDIA_GeForce_RTX_5060,8,
convnext_large,224,16,fp32,,True,NVIDIA_GeForce_RTX_5060,8,
convnext_large,224,32,bf16,,True,NVIDIA_GeForce_RTX_5060,8,
convnext_large,224,32,fp16,,True,NVIDIA_GeForce_RTX_5060,8,
convnext_large,224,32,fp32,,True,NVIDIA_GeForce_RTX_5060,8,
convnext_large,224,64,bf16,,True,NVIDIA_GeForce_RTX_5060,8,
convnext_large,224,64,fp16,,True,NVIDIA_GeForce_RTX_5060,8,
convnext_large,224,64,fp32,,True,NVIDIA_GeForce_RTX_5060,8,
convnext_small,64,16,bf16,18.682048797607425,False,NVIDIA_GeForce_RTX_5060,8,
convnext_small,64,16,fp16,18.39798355102539,False,NVIDIA_GeForce_RTX_5060,8,
convnext_small,64,16,fp32,23.561920166015625,False,NVIDIA_GeForce_RTX_5060,8,
convnext_small,64,32,bf16,27.575727462768555,False,NVIDIA_GeForce_RTX_5060,8,
convnext_small,64,32,fp16,27.28865623474121,False,NVIDIA_GeForce_RTX_5060,8,
convnext_small,64,32,fp32,35.80020904541016,False,NVIDIA_GeForce_RTX_5060,8,
convnext_small,64,64,bf16,44.73772811889648,False,NVIDIA_GeForce_RTX_5060,8,
convnext_small,64,64,fp16,44.299713134765625,False,NVIDIA_GeForce_RTX_5060,8,
convnext_small,64,64,fp32,65.51590728759766,False,NVIDIA_GeForce_RTX_5060,8,
convnext_small,128,16,bf16,25.046703338623047,False,NVIDIA_GeForce_RTX_5060,8,
convnext_small,128,16,fp16,24.768016815185547,False,NVIDIA_GeForce_RTX_5060,8,
convnext_small,128,16,fp32,76.29491424560547,False,NVIDIA_GeForce_RTX_5060,8,
convnext_small,128,32,bf16,40.88676834106445,False,NVIDIA_GeForce_RTX_5060,8,
convnext_small,128,32,fp16,40.37275314331055,False,NVIDIA_GeForce_RTX_5060,8,
convnext_small,128,32,fp32,138.9276885986328,False,NVIDIA_GeForce_RTX_5060,8,
convnext_small,128,64,bf16,74.31021118164062,False,NVIDIA_GeForce_RTX_5060,8,
convnext_small,128,64,fp16,73.52283477783203,False,NVIDIA_GeForce_RTX_5060,8,
convnext_small,128,64,fp32,277.7689514160156,False,NVIDIA_GeForce_RTX_5060,8,
convnext_small,224,16,bf16,58.62641525268555,False,NVIDIA_GeForce_RTX_5060,8,
convnext_small,224,16,fp16,58.48393630981445,False,NVIDIA_GeForce_RTX_5060,8,
convnext_small,224,16,fp32,233.45518493652344,False,NVIDIA_GeForce_RTX_5060,8,
convnext_small,224,32,bf16,112.67816162109376,False,NVIDIA_GeForce_RTX_5060,8,
convnext_small,224,32,fp16,112.13811492919922,False,NVIDIA_GeForce_RTX_5060,8,
convnext_small,224,32,fp32,1146.6282958984375,False,NVIDIA_GeForce_RTX_5060,8,precision_artifact
convnext_small,224,64,bf16,,True,NVIDIA_GeForce_RTX_5060,8,
convnext_small,224,64,fp16,,True,NVIDIA_GeForce_RTX_5060,8,
convnext_small,224,64,fp32,,True,NVIDIA_GeForce_RTX_5060,8,
convnext_tiny,64,16,bf16,12.427871704101562,False,NVIDIA_GeForce_RTX_5060,8,
convnext_tiny,64,16,fp16,12.25438404083252,False,NVIDIA_GeForce_RTX_5060,8,
convnext_tiny,64,16,fp32,13.8013277053833,False,NVIDIA_GeForce_RTX_5060,8,
convnext_tiny,64,32,bf16,19.86177635192871,False,NVIDIA_GeForce_RTX_5060,8,
convnext_tiny,64,32,fp16,19.636032104492188,False,NVIDIA_GeForce_RTX_5060,8,
convnext_tiny,64,32,fp32,22.078672409057617,False,NVIDIA_GeForce_RTX_5060,8,
convnext_tiny,64,64,bf16,33.85771179199219,False,NVIDIA_GeForce_RTX_5060,8,
convnext_tiny,64,64,fp16,33.76804733276367,False,NVIDIA_GeForce_RTX_5060,8,
convnext_tiny,64,64,fp32,40.72108840942383,False,NVIDIA_GeForce_RTX_5060,8,
convnext_tiny,128,16,bf16,14.77511978149414,False,NVIDIA_GeForce_RTX_5060,8,
convnext_tiny,128,16,fp16,14.560815811157228,False,NVIDIA_GeForce_RTX_5060,8,
convnext_tiny,128,16,fp32,46.07379150390625,False,NVIDIA_GeForce_RTX_5060,8,
convnext_tiny,128,32,bf16,25.030128479003903,False,NVIDIA_GeForce_RTX_5060,8,
convnext_tiny,128,32,fp16,24.5984001159668,False,NVIDIA_GeForce_RTX_5060,8,
convnext_tiny,128,32,fp32,87.14244842529297,False,NVIDIA_GeForce_RTX_5060,8,
convnext_tiny,128,64,bf16,46.41167831420898,False,NVIDIA_GeForce_RTX_5060,8,
convnext_tiny,128,64,fp16,46.04073715209961,False,NVIDIA_GeForce_RTX_5060,8,
convnext_tiny,128,64,fp32,176.11961364746094,False,NVIDIA_GeForce_RTX_5060,8,
convnext_tiny,224,16,bf16,36.18294525146485,False,NVIDIA_GeForce_RTX_5060,8,
convnext_tiny,224,16,fp16,36.024959564208984,False,NVIDIA_GeForce_RTX_5060,8,
convnext_tiny,224,16,fp32,142.9278106689453,False,NVIDIA_GeForce_RTX_5060,8,
convnext_tiny,224,32,bf16,70.30907440185547,False,NVIDIA_GeForce_RTX_5060,8,
convnext_tiny,224,32,fp16,69.87210845947266,False,NVIDIA_GeForce_RTX_5060,8,
convnext_tiny,224,32,fp32,286.3746643066406,False,NVIDIA_GeForce_RTX_5060,8,
convnext_tiny,224,64,bf16,141.48182678222656,False,NVIDIA_GeForce_RTX_5060,8,
convnext_tiny,224,64,fp16,141.0608673095703,False,NVIDIA_GeForce_RTX_5060,8,
convnext_tiny,224,64,fp32,,True,NVIDIA_GeForce_RTX_5060,8,
convnextv2_base,64,16,bf16,26.6048641204834,False,NVIDIA_GeForce_RTX_5060,8,
convnextv2_base,64,16,fp16,26.415376663208008,False,NVIDIA_GeForce_RTX_5060,8,
convnextv2_base,64,16,fp32,38.2295036315918,False,NVIDIA_GeForce_RTX_5060,8,
convnextv2_base,64,32,bf16,37.96664047241211,False,NVIDIA_GeForce_RTX_5060,8,
convnextv2_base,64,32,fp16,37.56087875366211,False,NVIDIA_GeForce_RTX_5060,8,
convnextv2_base,64,32,fp32,61.49488067626953,False,NVIDIA_GeForce_RTX_5060,8,
convnextv2_base,64,64,bf16,63.489295959472656,False,NVIDIA_GeForce_RTX_5060,8,
convnextv2_base,64,64,fp16,62.99863815307617,False,NVIDIA_GeForce_RTX_5060,8,
convnextv2_base,64,64,fp32,115.48099517822266,False,NVIDIA_GeForce_RTX_5060,8,
convnextv2_base,128,16,bf16,61.98588943481445,False,NVIDIA_GeForce_RTX_5060,8,
convnextv2_base,128,16,fp16,61.81047821044922,False,NVIDIA_GeForce_RTX_5060,8,
convnextv2_base,128,16,fp32,126.35758209228516,False,NVIDIA_GeForce_RTX_5060,8,
convnextv2_base,128,32,bf16,124.02574157714844,False,NVIDIA_GeForce_RTX_5060,8,
convnextv2_base,128,32,fp16,123.43366241455078,False,NVIDIA_GeForce_RTX_5060,8,
convnextv2_base,128,32,fp32,261.9078063964844,False,NVIDIA_GeForce_RTX_5060,8,
convnextv2_base,128,64,bf16,919.0654907226562,False,NVIDIA_GeForce_RTX_5060,8,slow_outlier
convnextv2_base,128,64,fp16,1306.2320556640625,False,NVIDIA_GeForce_RTX_5060,8,slow_outlier
convnextv2_base,128,64,fp32,,True,NVIDIA_GeForce_RTX_5060,8,
convnextv2_base,224,16,bf16,192.5501251220703,False,NVIDIA_GeForce_RTX_5060,8,
convnextv2_base,224,16,fp16,191.55018615722656,False,NVIDIA_GeForce_RTX_5060,8,
convnextv2_base,224,16,fp32,,True,NVIDIA_GeForce_RTX_5060,8,
convnextv2_base,224,32,bf16,,True,NVIDIA_GeForce_RTX_5060,8,
convnextv2_base,224,32,fp16,,True,NVIDIA_GeForce_RTX_5060,8,
convnextv2_base,224,32,fp32,,True,NVIDIA_GeForce_RTX_5060,8,
convnextv2_base,224,64,bf16,,True,NVIDIA_GeForce_RTX_5060,8,
convnextv2_base,224,64,fp16,,True,NVIDIA_GeForce_RTX_5060,8,
convnextv2_base,224,64,fp32,,True,NVIDIA_GeForce_RTX_5060,8,
deit_base_patch16_224,64,16,bf16,18.157264709472656,False,NVIDIA_GeForce_RTX_5060,8,
deit_base_patch16_224,64,16,fp16,18.13587188720703,False,NVIDIA_GeForce_RTX_5060,8,
deit_base_patch16_224,64,16,fp32,29.36816024780273,False,NVIDIA_GeForce_RTX_5060,8,
deit_base_patch16_224,64,32,bf16,23.467439651489254,False,NVIDIA_GeForce_RTX_5060,8,
deit_base_patch16_224,64,32,fp16,23.409408569335938,False,NVIDIA_GeForce_RTX_5060,8,
deit_base_patch16_224,64,32,fp32,43.74787139892578,False,NVIDIA_GeForce_RTX_5060,8,
deit_base_patch16_224,64,64,bf16,33.61880111694336,False,NVIDIA_GeForce_RTX_5060,8,
deit_base_patch16_224,64,64,fp16,33.528751373291016,False,NVIDIA_GeForce_RTX_5060,8,
deit_base_patch16_224,64,64,fp32,74.5027847290039,False,NVIDIA_GeForce_RTX_5060,8,
deit_base_patch16_224,128,16,bf16,31.26807975769043,False,NVIDIA_GeForce_RTX_5060,8,
deit_base_patch16_224,128,16,fp16,31.21337509155273,False,NVIDIA_GeForce_RTX_5060,8,
deit_base_patch16_224,128,16,fp32,74.03366088867188,False,NVIDIA_GeForce_RTX_5060,8,
deit_base_patch16_224,128,32,bf16,51.01038360595703,False,NVIDIA_GeForce_RTX_5060,8,
deit_base_patch16_224,128,32,fp16,50.90670394897461,False,NVIDIA_GeForce_RTX_5060,8,
deit_base_patch16_224,128,32,fp32,136.965087890625,False,NVIDIA_GeForce_RTX_5060,8,
deit_base_patch16_224,128,64,bf16,92.9603042602539,False,NVIDIA_GeForce_RTX_5060,8,
deit_base_patch16_224,128,64,fp16,91.64532470703124,False,NVIDIA_GeForce_RTX_5060,8,
deit_base_patch16_224,128,64,fp32,262.4407958984375,False,NVIDIA_GeForce_RTX_5060,8,
deit_base_patch16_224,224,16,bf16,72.65248107910156,False,NVIDIA_GeForce_RTX_5060,8,
deit_base_patch16_224,224,16,fp16,72.10731506347656,False,NVIDIA_GeForce_RTX_5060,8,
deit_base_patch16_224,224,16,fp32,208.17730712890625,False,NVIDIA_GeForce_RTX_5060,8,
deit_base_patch16_224,224,32,bf16,139.379150390625,False,NVIDIA_GeForce_RTX_5060,8,
deit_base_patch16_224,224,32,fp16,137.0515594482422,False,NVIDIA_GeForce_RTX_5060,8,
deit_base_patch16_224,224,32,fp32,400.0912780761719,False,NVIDIA_GeForce_RTX_5060,8,
deit_base_patch16_224,224,64,bf16,273.3018798828125,False,NVIDIA_GeForce_RTX_5060,8,
deit_base_patch16_224,224,64,fp16,268.4316711425781,False,NVIDIA_GeForce_RTX_5060,8,
deit_base_patch16_224,224,64,fp32,,True,NVIDIA_GeForce_RTX_5060,8,
deit_small_patch16_224,64,16,bf16,6.446239948272705,False,NVIDIA_GeForce_RTX_5060,8,
deit_small_patch16_224,64,16,fp16,6.365248203277588,False,NVIDIA_GeForce_RTX_5060,8,
deit_small_patch16_224,64,16,fp32,10.668496131896973,False,NVIDIA_GeForce_RTX_5060,8,
deit_small_patch16_224,64,32,bf16,8.201855659484863,False,NVIDIA_GeForce_RTX_5060,8,
deit_small_patch16_224,64,32,fp16,8.129039764404297,False,NVIDIA_GeForce_RTX_5060,8,
deit_small_patch16_224,64,32,fp32,14.331791877746582,False,NVIDIA_GeForce_RTX_5060,8,
deit_small_patch16_224,64,64,bf16,11.435327529907228,False,NVIDIA_GeForce_RTX_5060,8,
deit_small_patch16_224,64,64,fp16,11.345711708068848,False,NVIDIA_GeForce_RTX_5060,8,
deit_small_patch16_224,64,64,fp32,25.054256439208984,False,NVIDIA_GeForce_RTX_5060,8,
deit_small_patch16_224,128,16,bf16,10.414624214172363,False,NVIDIA_GeForce_RTX_5060,8,
deit_small_patch16_224,128,16,fp16,10.344191551208496,False,NVIDIA_GeForce_RTX_5060,8,
deit_small_patch16_224,128,16,fp32,25.122432708740234,False,NVIDIA_GeForce_RTX_5060,8,
deit_small_patch16_224,128,32,bf16,16.06100845336914,False,NVIDIA_GeForce_RTX_5060,8,
deit_small_patch16_224,128,32,fp16,16.00276756286621,False,NVIDIA_GeForce_RTX_5060,8,
deit_small_patch16_224,128,32,fp32,39.90599822998047,False,NVIDIA_GeForce_RTX_5060,8,
deit_small_patch16_224,128,64,bf16,28.311487197875977,False,NVIDIA_GeForce_RTX_5060,8,
deit_small_patch16_224,128,64,fp16,28.115503311157227,False,NVIDIA_GeForce_RTX_5060,8,
deit_small_patch16_224,128,64,fp32,76.37580871582031,False,NVIDIA_GeForce_RTX_5060,8,
deit_small_patch16_224,224,16,bf16,22.580463409423828,False,NVIDIA_GeForce_RTX_5060,8,
deit_small_patch16_224,224,16,fp16,22.5229606628418,False,NVIDIA_GeForce_RTX_5060,8,
deit_small_patch16_224,224,16,fp32,62.67164611816406,False,NVIDIA_GeForce_RTX_5060,8,
deit_small_patch16_224,224,32,bf16,43.6276969909668,False,NVIDIA_GeForce_RTX_5060,8,
deit_small_patch16_224,224,32,fp16,43.432159423828125,False,NVIDIA_GeForce_RTX_5060,8,
deit_small_patch16_224,224,32,fp32,124.63394927978516,False,NVIDIA_GeForce_RTX_5060,8,
deit_small_patch16_224,224,64,bf16,90.26338958740234,False,NVIDIA_GeForce_RTX_5060,8,
deit_small_patch16_224,224,64,fp16,89.8660659790039,False,NVIDIA_GeForce_RTX_5060,8,
deit_small_patch16_224,224,64,fp32,245.2901763916016,False,NVIDIA_GeForce_RTX_5060,8,
deit_tiny_patch16_224,64,16,bf16,3.393487930297852,False,NVIDIA_GeForce_RTX_5060,8,
deit_tiny_patch16_224,64,16,fp16,3.183072090148926,False,NVIDIA_GeForce_RTX_5060,8,
deit_tiny_patch16_224,64,16,fp32,4.618383884429932,False,NVIDIA_GeForce_RTX_5060,8,
deit_tiny_patch16_224,64,32,bf16,4.269807815551758,False,NVIDIA_GeForce_RTX_5060,8,
deit_tiny_patch16_224,64,32,fp16,4.072800159454346,False,NVIDIA_GeForce_RTX_5060,8,
deit_tiny_patch16_224,64,32,fp32,6.877456188201904,False,NVIDIA_GeForce_RTX_5060,8,
deit_tiny_patch16_224,64,64,bf16,5.449647903442383,False,NVIDIA_GeForce_RTX_5060,8,
deit_tiny_patch16_224,64,64,fp16,5.311071872711182,False,NVIDIA_GeForce_RTX_5060,8,
deit_tiny_patch16_224,64,64,fp32,9.515520095825195,False,NVIDIA_GeForce_RTX_5060,8,
deit_tiny_patch16_224,128,16,bf16,4.919792175292969,False,NVIDIA_GeForce_RTX_5060,8,
deit_tiny_patch16_224,128,16,fp16,4.780223846435547,False,NVIDIA_GeForce_RTX_5060,8,
deit_tiny_patch16_224,128,16,fp32,9.741663932800291,False,NVIDIA_GeForce_RTX_5060,8,
deit_tiny_patch16_224,128,32,bf16,7.396671772003174,False,NVIDIA_GeForce_RTX_5060,8,
deit_tiny_patch16_224,128,32,fp16,7.2576799392700195,False,NVIDIA_GeForce_RTX_5060,8,
deit_tiny_patch16_224,128,32,fp32,16.79689598083496,False,NVIDIA_GeForce_RTX_5060,8,
deit_tiny_patch16_224,128,64,bf16,12.23624038696289,False,NVIDIA_GeForce_RTX_5060,8,
deit_tiny_patch16_224,128,64,fp16,11.97707176208496,False,NVIDIA_GeForce_RTX_5060,8,
deit_tiny_patch16_224,128,64,fp32,28.40299224853516,False,NVIDIA_GeForce_RTX_5060,8,
deit_tiny_patch16_224,224,16,bf16,10.117471694946287,False,NVIDIA_GeForce_RTX_5060,8,
deit_tiny_patch16_224,224,16,fp16,9.893247604370115,False,NVIDIA_GeForce_RTX_5060,8,
deit_tiny_patch16_224,224,16,fp32,24.221263885498047,False,NVIDIA_GeForce_RTX_5060,8,
deit_tiny_patch16_224,224,32,bf16,17.717792510986328,False,NVIDIA_GeForce_RTX_5060,8,
deit_tiny_patch16_224,224,32,fp16,17.3024959564209,False,NVIDIA_GeForce_RTX_5060,8,
deit_tiny_patch16_224,224,32,fp32,45.46681594848633,False,NVIDIA_GeForce_RTX_5060,8,
deit_tiny_patch16_224,224,64,bf16,34.41084671020508,False,NVIDIA_GeForce_RTX_5060,8,
deit_tiny_patch16_224,224,64,fp16,33.97169494628906,False,NVIDIA_GeForce_RTX_5060,8,
deit_tiny_patch16_224,224,64,fp32,93.28121948242188,False,NVIDIA_GeForce_RTX_5060,8,
densenet121,64,16,bf16,13.376255989074709,False,NVIDIA_GeForce_RTX_5060,8,
densenet121,64,16,fp16,14.279984474182127,False,NVIDIA_GeForce_RTX_5060,8,
densenet121,64,16,fp32,12.63871955871582,False,NVIDIA_GeForce_RTX_5060,8,
densenet121,64,32,bf16,19.41449546813965,False,NVIDIA_GeForce_RTX_5060,8,
densenet121,64,32,fp16,21.14777565002441,False,NVIDIA_GeForce_RTX_5060,8,
densenet121,64,32,fp32,16.60428810119629,False,NVIDIA_GeForce_RTX_5060,8,
densenet121,64,64,bf16,32.69035339355469,False,NVIDIA_GeForce_RTX_5060,8,
densenet121,64,64,fp16,29.361967086791992,False,NVIDIA_GeForce_RTX_5060,8,
densenet121,64,64,fp32,30.615264892578125,False,NVIDIA_GeForce_RTX_5060,8,
densenet121,128,16,bf16,21.38006401062012,False,NVIDIA_GeForce_RTX_5060,8,
densenet121,128,16,fp16,18.842512130737305,False,NVIDIA_GeForce_RTX_5060,8,
densenet121,128,16,fp32,23.02332878112793,False,NVIDIA_GeForce_RTX_5060,8,
densenet121,128,32,bf16,34.763519287109375,False,NVIDIA_GeForce_RTX_5060,8,
densenet121,128,32,fp16,30.630096435546875,False,NVIDIA_GeForce_RTX_5060,8,
densenet121,128,32,fp32,41.97398376464844,False,NVIDIA_GeForce_RTX_5060,8,
densenet121,128,64,bf16,61.87036895751953,False,NVIDIA_GeForce_RTX_5060,8,
densenet121,128,64,fp16,51.0002555847168,False,NVIDIA_GeForce_RTX_5060,8,
densenet121,128,64,fp32,94.81244659423828,False,NVIDIA_GeForce_RTX_5060,8,
densenet121,224,16,bf16,42.20492935180664,False,NVIDIA_GeForce_RTX_5060,8,
densenet121,224,16,fp16,35.47694396972656,False,NVIDIA_GeForce_RTX_5060,8,
densenet121,224,16,fp32,65.27737426757812,False,NVIDIA_GeForce_RTX_5060,8,
densenet121,224,32,bf16,83.68080139160156,False,NVIDIA_GeForce_RTX_5060,8,
densenet121,224,32,fp16,70.13674926757812,False,NVIDIA_GeForce_RTX_5060,8,
densenet121,224,32,fp32,132.12652587890625,False,NVIDIA_GeForce_RTX_5060,8,
densenet121,224,64,bf16,162.79608154296875,False,NVIDIA_GeForce_RTX_5060,8,
densenet121,224,64,fp16,142.4781494140625,False,NVIDIA_GeForce_RTX_5060,8,
densenet121,224,64,fp32,,True,NVIDIA_GeForce_RTX_5060,8,
dm_nfnet_f1,64,16,bf16,44.52188873291016,False,NVIDIA_GeForce_RTX_5060,8,
dm_nfnet_f1,64,16,fp16,42.83542251586914,False,NVIDIA_GeForce_RTX_5060,8,
dm_nfnet_f1,64,16,fp32,80.96135711669922,False,NVIDIA_GeForce_RTX_5060,8,
dm_nfnet_f1,64,32,bf16,58.35326385498047,False,NVIDIA_GeForce_RTX_5060,8,
dm_nfnet_f1,64,32,fp16,56.7545280456543,False,NVIDIA_GeForce_RTX_5060,8,
dm_nfnet_f1,64,32,fp32,127.9238739013672,False,NVIDIA_GeForce_RTX_5060,8,
dm_nfnet_f1,64,64,bf16,94.70104217529295,False,NVIDIA_GeForce_RTX_5060,8,
dm_nfnet_f1,64,64,fp16,91.5663070678711,False,NVIDIA_GeForce_RTX_5060,8,
dm_nfnet_f1,64,64,fp32,183.27963256835935,False,NVIDIA_GeForce_RTX_5060,8,
dm_nfnet_f1,128,16,bf16,66.2155990600586,False,NVIDIA_GeForce_RTX_5060,8,
dm_nfnet_f1,128,16,fp16,63.908016204833984,False,NVIDIA_GeForce_RTX_5060,8,
dm_nfnet_f1,128,16,fp32,111.9102554321289,False,NVIDIA_GeForce_RTX_5060,8,
dm_nfnet_f1,128,32,bf16,103.50115203857422,False,NVIDIA_GeForce_RTX_5060,8,
dm_nfnet_f1,128,32,fp16,99.38423919677734,False,NVIDIA_GeForce_RTX_5060,8,
dm_nfnet_f1,128,32,fp32,197.70416259765625,False,NVIDIA_GeForce_RTX_5060,8,
dm_nfnet_f1,128,64,bf16,179.5320281982422,False,NVIDIA_GeForce_RTX_5060,8,
dm_nfnet_f1,128,64,fp16,174.5009765625,False,NVIDIA_GeForce_RTX_5060,8,
dm_nfnet_f1,128,64,fp32,,True,NVIDIA_GeForce_RTX_5060,8,
dm_nfnet_f1,224,16,bf16,137.271728515625,False,NVIDIA_GeForce_RTX_5060,8,
dm_nfnet_f1,224,16,fp16,131.76522827148438,False,NVIDIA_GeForce_RTX_5060,8,
dm_nfnet_f1,224,16,fp32,,True,NVIDIA_GeForce_RTX_5060,8,
dm_nfnet_f1,224,32,bf16,259.9678039550781,False,NVIDIA_GeForce_RTX_5060,8,
dm_nfnet_f1,224,32,fp16,251.9986724853516,False,NVIDIA_GeForce_RTX_5060,8,
dm_nfnet_f1,224,32,fp32,,True,NVIDIA_GeForce_RTX_5060,8,
dm_nfnet_f1,224,64,bf16,,True,NVIDIA_GeForce_RTX_5060,8,
dm_nfnet_f1,224,64,fp16,,True,NVIDIA_GeForce_RTX_5060,8,
dm_nfnet_f1,224,64,fp32,,True,NVIDIA_GeForce_RTX_5060,8,
efficientnet_b0,64,16,bf16,7.143504142761231,False,NVIDIA_GeForce_RTX_5060,8,
efficientnet_b0,64,16,fp16,6.419680118560791,False,NVIDIA_GeForce_RTX_5060,8,
efficientnet_b0,64,16,fp32,7.693664073944092,False,NVIDIA_GeForce_RTX_5060,8,
efficientnet_b0,64,32,bf16,9.832816123962402,False,NVIDIA_GeForce_RTX_5060,8,
efficientnet_b0,64,32,fp16,8.5131196975708,False,NVIDIA_GeForce_RTX_5060,8,
efficientnet_b0,64,32,fp32,11.730112075805664,False,NVIDIA_GeForce_RTX_5060,8,
efficientnet_b0,64,64,bf16,14.911375999450684,False,NVIDIA_GeForce_RTX_5060,8,
efficientnet_b0,64,64,fp16,12.350208282470703,False,NVIDIA_GeForce_RTX_5060,8,
efficientnet_b0,64,64,fp32,19.490943908691406,False,NVIDIA_GeForce_RTX_5060,8,
efficientnet_b0,128,16,bf16,10.857664108276367,False,NVIDIA_GeForce_RTX_5060,8,
efficientnet_b0,128,16,fp16,8.7881441116333,False,NVIDIA_GeForce_RTX_5060,8,
efficientnet_b0,128,16,fp32,12.885552406311035,False,NVIDIA_GeForce_RTX_5060,8,
efficientnet_b0,128,32,bf16,18.547760009765625,False,NVIDIA_GeForce_RTX_5060,8,
efficientnet_b0,128,32,fp16,14.67527961730957,False,NVIDIA_GeForce_RTX_5060,8,
efficientnet_b0,128,32,fp32,24.242719650268555,False,NVIDIA_GeForce_RTX_5060,8,
efficientnet_b0,128,64,bf16,35.8795051574707,False,NVIDIA_GeForce_RTX_5060,8,
efficientnet_b0,128,64,fp16,28.384143829345703,False,NVIDIA_GeForce_RTX_5060,8,
efficientnet_b0,128,64,fp32,48.857215881347656,False,NVIDIA_GeForce_RTX_5060,8,
efficientnet_b0,224,16,bf16,24.91534423828125,False,NVIDIA_GeForce_RTX_5060,8,
efficientnet_b0,224,16,fp16,18.351472854614254,False,NVIDIA_GeForce_RTX_5060,8,
efficientnet_b0,224,16,fp32,33.357601165771484,False,NVIDIA_GeForce_RTX_5060,8,
efficientnet_b0,224,32,bf16,49.66780853271485,False,NVIDIA_GeForce_RTX_5060,8,
efficientnet_b0,224,32,fp16,35.98324966430664,False,NVIDIA_GeForce_RTX_5060,8,
efficientnet_b0,224,32,fp32,68.45540618896484,False,NVIDIA_GeForce_RTX_5060,8,
efficientnet_b0,224,64,bf16,100.27011108398438,False,NVIDIA_GeForce_RTX_5060,8,
efficientnet_b0,224,64,fp16,74.11609649658203,False,NVIDIA_GeForce_RTX_5060,8,
efficientnet_b0,224,64,fp32,142.12503051757812,False,NVIDIA_GeForce_RTX_5060,8,
efficientnet_b3,64,16,bf16,14.819952011108398,False,NVIDIA_GeForce_RTX_5060,8,
efficientnet_b3,64,16,fp16,12.559823989868164,False,NVIDIA_GeForce_RTX_5060,8,
efficientnet_b3,64,16,fp32,16.405136108398438,False,NVIDIA_GeForce_RTX_5060,8,
efficientnet_b3,64,32,bf16,20.022111892700195,False,NVIDIA_GeForce_RTX_5060,8,
efficientnet_b3,64,32,fp16,16.346336364746094,False,NVIDIA_GeForce_RTX_5060,8,
efficientnet_b3,64,32,fp32,25.538143157958984,False,NVIDIA_GeForce_RTX_5060,8,
efficientnet_b3,64,64,bf16,30.82219123840332,False,NVIDIA_GeForce_RTX_5060,8,
efficientnet_b3,64,64,fp16,24.962543487548828,False,NVIDIA_GeForce_RTX_5060,8,
efficientnet_b3,64,64,fp32,44.33910369873047,False,NVIDIA_GeForce_RTX_5060,8,
efficientnet_b3,128,16,bf16,23.125503540039062,False,NVIDIA_GeForce_RTX_5060,8,
efficientnet_b3,128,16,fp16,18.106992721557617,False,NVIDIA_GeForce_RTX_5060,8,
efficientnet_b3,128,16,fp32,26.905807495117188,False,NVIDIA_GeForce_RTX_5060,8,
efficientnet_b3,128,32,bf16,38.96028900146485,False,NVIDIA_GeForce_RTX_5060,8,
efficientnet_b3,128,32,fp16,30.226415634155277,False,NVIDIA_GeForce_RTX_5060,8,
efficientnet_b3,128,32,fp32,51.657936096191406,False,NVIDIA_GeForce_RTX_5060,8,
efficientnet_b3,128,64,bf16,73.0058364868164,False,NVIDIA_GeForce_RTX_5060,8,
efficientnet_b3,128,64,fp16,56.01993560791016,False,NVIDIA_GeForce_RTX_5060,8,
efficientnet_b3,128,64,fp32,102.11385345458984,False,NVIDIA_GeForce_RTX_5060,8,
efficientnet_b3,224,16,bf16,51.42982482910156,False,NVIDIA_GeForce_RTX_5060,8,
efficientnet_b3,224,16,fp16,36.61328125,False,NVIDIA_GeForce_RTX_5060,8,
efficientnet_b3,224,16,fp32,68.87935638427734,False,NVIDIA_GeForce_RTX_5060,8,
efficientnet_b3,224,32,bf16,100.42747497558594,False,NVIDIA_GeForce_RTX_5060,8,
efficientnet_b3,224,32,fp16,71.66092681884766,False,NVIDIA_GeForce_RTX_5060,8,
efficientnet_b3,224,32,fp32,204.2230224609375,False,NVIDIA_GeForce_RTX_5060,8,
efficientnet_b3,224,64,bf16,412.59912109375,False,NVIDIA_GeForce_RTX_5060,8,
efficientnet_b3,224,64,fp16,357.32177734375,False,NVIDIA_GeForce_RTX_5060,8,
efficientnet_b3,224,64,fp32,,True,NVIDIA_GeForce_RTX_5060,8,
efficientnet_b5,64,16,bf16,27.505199432373047,False,NVIDIA_GeForce_RTX_5060,8,
efficientnet_b5,64,16,fp16,23.88566398620605,False,NVIDIA_GeForce_RTX_5060,8,
efficientnet_b5,64,16,fp32,33.38071823120117,False,NVIDIA_GeForce_RTX_5060,8,
efficientnet_b5,64,32,bf16,37.96206283569336,False,NVIDIA_GeForce_RTX_5060,8,
efficientnet_b5,64,32,fp16,31.696367263793945,False,NVIDIA_GeForce_RTX_5060,8,
efficientnet_b5,64,32,fp32,50.82814407348633,False,NVIDIA_GeForce_RTX_5060,8,
efficientnet_b5,64,64,bf16,61.73726272583008,False,NVIDIA_GeForce_RTX_5060,8,
efficientnet_b5,64,64,fp16,49.949440002441406,False,NVIDIA_GeForce_RTX_5060,8,
efficientnet_b5,64,64,fp32,92.1749267578125,False,NVIDIA_GeForce_RTX_5060,8,
efficientnet_b5,128,16,bf16,42.37900924682617,False,NVIDIA_GeForce_RTX_5060,8,
efficientnet_b5,128,16,fp16,32.76588821411133,False,NVIDIA_GeForce_RTX_5060,8,
efficientnet_b5,128,16,fp32,54.73100662231445,False,NVIDIA_GeForce_RTX_5060,8,
efficientnet_b5,128,32,bf16,71.45829010009766,False,NVIDIA_GeForce_RTX_5060,8,
efficientnet_b5,128,32,fp16,54.30044937133789,False,NVIDIA_GeForce_RTX_5060,8,
efficientnet_b5,128,32,fp32,100.39246368408205,False,NVIDIA_GeForce_RTX_5060,8,
efficientnet_b5,128,64,bf16,138.11538696289062,False,NVIDIA_GeForce_RTX_5060,8,
efficientnet_b5,128,64,fp16,103.3030242919922,False,NVIDIA_GeForce_RTX_5060,8,
efficientnet_b5,128,64,fp32,,True,NVIDIA_GeForce_RTX_5060,8,
efficientnet_b5,224,16,bf16,96.0662078857422,False,NVIDIA_GeForce_RTX_5060,8,
efficientnet_b5,224,16,fp16,66.33211517333984,False,NVIDIA_GeForce_RTX_5060,8,
efficientnet_b5,224,16,fp32,135.88494873046875,False,NVIDIA_GeForce_RTX_5060,8,
efficientnet_b5,224,32,bf16,189.06968688964844,False,NVIDIA_GeForce_RTX_5060,8,
efficientnet_b5,224,32,fp16,131.07196044921875,False,NVIDIA_GeForce_RTX_5060,8,
efficientnet_b5,224,32,fp32,,True,NVIDIA_GeForce_RTX_5060,8,
efficientnet_b5,224,64,bf16,,True,NVIDIA_GeForce_RTX_5060,8,
efficientnet_b5,224,64,fp16,,True,NVIDIA_GeForce_RTX_5060,8,
efficientnet_b5,224,64,fp32,,True,NVIDIA_GeForce_RTX_5060,8,
efficientnetv2_l,64,16,bf16,66.6766586303711,False,NVIDIA_GeForce_RTX_5060,8,
efficientnetv2_l,64,16,fp16,60.054161071777344,False,NVIDIA_GeForce_RTX_5060,8,
efficientnetv2_l,64,16,fp32,95.59540557861328,False,NVIDIA_GeForce_RTX_5060,8,
efficientnetv2_l,64,32,bf16,89.66560363769531,False,NVIDIA_GeForce_RTX_5060,8,
efficientnetv2_l,64,32,fp16,78.91809844970703,False,NVIDIA_GeForce_RTX_5060,8,
efficientnetv2_l,64,32,fp32,138.70468139648438,False,NVIDIA_GeForce_RTX_5060,8,
efficientnetv2_l,64,64,bf16,144.98951721191406,False,NVIDIA_GeForce_RTX_5060,8,
efficientnetv2_l,64,64,fp16,122.80547332763672,False,NVIDIA_GeForce_RTX_5060,8,
efficientnetv2_l,64,64,fp32,254.7239532470703,False,NVIDIA_GeForce_RTX_5060,8,
efficientnetv2_l,128,16,bf16,94.85485076904295,False,NVIDIA_GeForce_RTX_5060,8,
efficientnetv2_l,128,16,fp16,83.66947174072266,False,NVIDIA_GeForce_RTX_5060,8,
efficientnetv2_l,128,16,fp32,124.68211364746094,False,NVIDIA_GeForce_RTX_5060,8,
efficientnetv2_l,128,32,bf16,152.6810760498047,False,NVIDIA_GeForce_RTX_5060,8,
efficientnetv2_l,128,32,fp16,134.0889892578125,False,NVIDIA_GeForce_RTX_5060,8,
efficientnetv2_l,128,32,fp32,3669.0888671875,False,NVIDIA_GeForce_RTX_5060,8,precision_artifact
efficientnetv2_l,128,64,bf16,3187.596435546875,False,NVIDIA_GeForce_RTX_5060,8,precision_artifact
efficientnetv2_l,128,64,fp16,413.9660339355469,False,NVIDIA_GeForce_RTX_5060,8,
efficientnetv2_l,128,64,fp32,,True,NVIDIA_GeForce_RTX_5060,8,
efficientnetv2_l,224,16,bf16,1360.782958984375,False,NVIDIA_GeForce_RTX_5060,8,slow_outlier
efficientnetv2_l,224,16,fp16,1326.5550537109375,False,NVIDIA_GeForce_RTX_5060,8,slow_outlier
efficientnetv2_l,224,16,fp32,,True,NVIDIA_GeForce_RTX_5060,8,
efficientnetv2_l,224,32,bf16,,True,NVIDIA_GeForce_RTX_5060,8,
efficientnetv2_l,224,32,fp16,,True,NVIDIA_GeForce_RTX_5060,8,
efficientnetv2_l,224,32,fp32,,True,NVIDIA_GeForce_RTX_5060,8,
efficientnetv2_l,224,64,bf16,,True,NVIDIA_GeForce_RTX_5060,8,
efficientnetv2_l,224,64,fp16,,True,NVIDIA_GeForce_RTX_5060,8,
efficientnetv2_l,224,64,fp32,,True,NVIDIA_GeForce_RTX_5060,8,
efficientnetv2_m,64,16,bf16,37.93392181396485,False,NVIDIA_GeForce_RTX_5060,8,
efficientnetv2_m,64,16,fp16,33.298065185546875,False,NVIDIA_GeForce_RTX_5060,8,
efficientnetv2_m,64,16,fp32,48.30086517333984,False,NVIDIA_GeForce_RTX_5060,8,
efficientnetv2_m,64,32,bf16,49.75991821289063,False,NVIDIA_GeForce_RTX_5060,8,
efficientnetv2_m,64,32,fp16,42.38921737670898,False,NVIDIA_GeForce_RTX_5060,8,
efficientnetv2_m,64,32,fp32,74.16862487792969,False,NVIDIA_GeForce_RTX_5060,8,
efficientnetv2_m,64,64,bf16,78.44503784179688,False,NVIDIA_GeForce_RTX_5060,8,
efficientnetv2_m,64,64,fp16,64.54280090332031,False,NVIDIA_GeForce_RTX_5060,8,
efficientnetv2_m,64,64,fp32,130.43751525878906,False,NVIDIA_GeForce_RTX_5060,8,
efficientnetv2_m,128,16,bf16,49.98823928833008,False,NVIDIA_GeForce_RTX_5060,8,
efficientnetv2_m,128,16,fp16,42.94195175170898,False,NVIDIA_GeForce_RTX_5060,8,
efficientnetv2_m,128,16,fp32,65.64302062988281,False,NVIDIA_GeForce_RTX_5060,8,
efficientnetv2_m,128,32,bf16,76.8990249633789,False,NVIDIA_GeForce_RTX_5060,8,
efficientnetv2_m,128,32,fp16,65.15946960449219,False,NVIDIA_GeForce_RTX_5060,8,
efficientnetv2_m,128,32,fp32,110.51187133789062,False,NVIDIA_GeForce_RTX_5060,8,
efficientnetv2_m,128,64,bf16,137.83541870117188,False,NVIDIA_GeForce_RTX_5060,8,
efficientnetv2_m,128,64,fp16,113.12120056152344,False,NVIDIA_GeForce_RTX_5060,8,
efficientnetv2_m,128,64,fp32,5429.1884765625,False,NVIDIA_GeForce_RTX_5060,8,precision_artifact
efficientnetv2_m,224,16,bf16,91.03180694580078,False,NVIDIA_GeForce_RTX_5060,8,
efficientnetv2_m,224,16,fp16,73.17167663574219,False,NVIDIA_GeForce_RTX_5060,8,
efficientnetv2_m,224,16,fp32,131.96524047851562,False,NVIDIA_GeForce_RTX_5060,8,
efficientnetv2_m,224,32,bf16,170.52114868164062,False,NVIDIA_GeForce_RTX_5060,8,
efficientnetv2_m,224,32,fp16,133.96067810058594,False,NVIDIA_GeForce_RTX_5060,8,
efficientnetv2_m,224,32,fp32,,True,NVIDIA_GeForce_RTX_5060,8,
efficientnetv2_m,224,64,bf16,,True,NVIDIA_GeForce_RTX_5060,8,
efficientnetv2_m,224,64,fp16,,True,NVIDIA_GeForce_RTX_5060,8,
efficientnetv2_m,224,64,fp32,,True,NVIDIA_GeForce_RTX_5060,8,
efficientnetv2_s,64,16,bf16,19.53910446166992,False,NVIDIA_GeForce_RTX_5060,8,
efficientnetv2_s,64,16,fp16,16.949951171875,False,NVIDIA_GeForce_RTX_5060,8,
efficientnetv2_s,64,16,fp32,22.08359909057617,False,NVIDIA_GeForce_RTX_5060,8,
efficientnetv2_s,64,32,bf16,24.535375595092773,False,NVIDIA_GeForce_RTX_5060,8,
efficientnetv2_s,64,32,fp16,21.80699157714844,False,NVIDIA_GeForce_RTX_5060,8,
efficientnetv2_s,64,32,fp32,37.20862579345703,False,NVIDIA_GeForce_RTX_5060,8,
efficientnetv2_s,64,64,bf16,38.56576156616211,False,NVIDIA_GeForce_RTX_5060,8,
efficientnetv2_s,64,64,fp16,32.374977111816406,False,NVIDIA_GeForce_RTX_5060,8,
efficientnetv2_s,64,64,fp32,65.55264282226562,False,NVIDIA_GeForce_RTX_5060,8,
efficientnetv2_s,128,16,bf16,26.623424530029297,False,NVIDIA_GeForce_RTX_5060,8,
efficientnetv2_s,128,16,fp16,22.96575927734375,False,NVIDIA_GeForce_RTX_5060,8,
efficientnetv2_s,128,16,fp32,31.476303100585938,False,NVIDIA_GeForce_RTX_5060,8,
efficientnetv2_s,128,32,bf16,44.07289505004883,False,NVIDIA_GeForce_RTX_5060,8,
efficientnetv2_s,128,32,fp16,37.33772659301758,False,NVIDIA_GeForce_RTX_5060,8,
efficientnetv2_s,128,32,fp32,58.99555206298828,False,NVIDIA_GeForce_RTX_5060,8,
efficientnetv2_s,128,64,bf16,82.60603332519531,False,NVIDIA_GeForce_RTX_5060,8,
efficientnetv2_s,128,64,fp16,69.8590087890625,False,NVIDIA_GeForce_RTX_5060,8,
efficientnetv2_s,128,64,fp32,120.41120147705078,False,NVIDIA_GeForce_RTX_5060,8,
efficientnetv2_s,224,16,bf16,50.469425201416016,False,NVIDIA_GeForce_RTX_5060,8,
efficientnetv2_s,224,16,fp16,39.70585632324219,False,NVIDIA_GeForce_RTX_5060,8,
efficientnetv2_s,224,16,fp32,74.38410949707031,False,NVIDIA_GeForce_RTX_5060,8,
efficientnetv2_s,224,32,bf16,94.50852966308594,False,NVIDIA_GeForce_RTX_5060,8,
efficientnetv2_s,224,32,fp16,73.98014068603516,False,NVIDIA_GeForce_RTX_5060,8,
efficientnetv2_s,224,32,fp32,147.89218139648438,False,NVIDIA_GeForce_RTX_5060,8,
efficientnetv2_s,224,64,bf16,192.38514709472656,False,NVIDIA_GeForce_RTX_5060,8,
efficientnetv2_s,224,64,fp16,161.59622192382812,False,NVIDIA_GeForce_RTX_5060,8,
efficientnetv2_s,224,64,fp32,,True,NVIDIA_GeForce_RTX_5060,8,
fastvit_t12,64,16,bf16,9.258560180664062,False,NVIDIA_GeForce_RTX_5060,8,
fastvit_t12,64,16,fp16,8.845120429992676,False,NVIDIA_GeForce_RTX_5060,8,
fastvit_t12,64,16,fp32,9.908127784729004,False,NVIDIA_GeForce_RTX_5060,8,
fastvit_t12,64,32,bf16,13.252495765686035,False,NVIDIA_GeForce_RTX_5060,8,
fastvit_t12,64,32,fp16,12.03508758544922,False,NVIDIA_GeForce_RTX_5060,8,
fastvit_t12,64,32,fp32,15.4826078414917,False,NVIDIA_GeForce_RTX_5060,8,
fastvit_t12,64,64,bf16,22.85883140563965,False,NVIDIA_GeForce_RTX_5060,8,
fastvit_t12,64,64,fp16,20.55713653564453,False,NVIDIA_GeForce_RTX_5060,8,
fastvit_t12,64,64,fp32,29.152416229248047,False,NVIDIA_GeForce_RTX_5060,8,
fastvit_t12,128,16,bf16,15.835424423217772,False,NVIDIA_GeForce_RTX_5060,8,
fastvit_t12,128,16,fp16,14.009504318237305,False,NVIDIA_GeForce_RTX_5060,8,
fastvit_t12,128,16,fp32,17.108976364135742,False,NVIDIA_GeForce_RTX_5060,8,
fastvit_t12,128,32,bf16,27.852272033691406,False,NVIDIA_GeForce_RTX_5060,8,
fastvit_t12,128,32,fp16,24.691631317138672,False,NVIDIA_GeForce_RTX_5060,8,
fastvit_t12,128,32,fp32,33.56193542480469,False,NVIDIA_GeForce_RTX_5060,8,
fastvit_t12,128,64,bf16,55.2720947265625,False,NVIDIA_GeForce_RTX_5060,8,
fastvit_t12,128,64,fp16,49.86422348022461,False,NVIDIA_GeForce_RTX_5060,8,
fastvit_t12,128,64,fp32,68.56430053710938,False,NVIDIA_GeForce_RTX_5060,8,
fastvit_t12,224,16,bf16,40.45403289794922,False,NVIDIA_GeForce_RTX_5060,8,
fastvit_t12,224,16,fp16,35.49060821533203,False,NVIDIA_GeForce_RTX_5060,8,
fastvit_t12,224,16,fp32,47.51932907104492,False,NVIDIA_GeForce_RTX_5060,8,
fastvit_t12,224,32,bf16,81.23734283447266,False,NVIDIA_GeForce_RTX_5060,8,
fastvit_t12,224,32,fp16,72.72259521484375,False,NVIDIA_GeForce_RTX_5060,8,
fastvit_t12,224,32,fp32,98.8495864868164,False,NVIDIA_GeForce_RTX_5060,8,
fastvit_t12,224,64,bf16,167.14016723632812,False,NVIDIA_GeForce_RTX_5060,8,
fastvit_t12,224,64,fp16,152.09156799316406,False,NVIDIA_GeForce_RTX_5060,8,
fastvit_t12,224,64,fp32,206.94158935546875,False,NVIDIA_GeForce_RTX_5060,8,
fastvit_t8,64,16,bf16,6.649456024169922,False,NVIDIA_GeForce_RTX_5060,8,
fastvit_t8,64,16,fp16,6.648784160614014,False,NVIDIA_GeForce_RTX_5060,8,
fastvit_t8,64,16,fp32,6.98086404800415,False,NVIDIA_GeForce_RTX_5060,8,
fastvit_t8,64,32,bf16,8.978495597839355,False,NVIDIA_GeForce_RTX_5060,8,
fastvit_t8,64,32,fp16,8.046719551086426,False,NVIDIA_GeForce_RTX_5060,8,
fastvit_t8,64,32,fp32,10.255824089050291,False,NVIDIA_GeForce_RTX_5060,8,
fastvit_t8,64,64,bf16,14.50985622406006,False,NVIDIA_GeForce_RTX_5060,8,
fastvit_t8,64,64,fp16,12.545087814331056,False,NVIDIA_GeForce_RTX_5060,8,
fastvit_t8,64,64,fp32,17.1713924407959,False,NVIDIA_GeForce_RTX_5060,8,
fastvit_t8,128,16,bf16,11.257776260375977,False,NVIDIA_GeForce_RTX_5060,8,
fastvit_t8,128,16,fp16,10.043007850646973,False,NVIDIA_GeForce_RTX_5060,8,
fastvit_t8,128,16,fp32,11.974255561828612,False,NVIDIA_GeForce_RTX_5060,8,
fastvit_t8,128,32,bf16,19.502912521362305,False,NVIDIA_GeForce_RTX_5060,8,
fastvit_t8,128,32,fp16,17.34307289123535,False,NVIDIA_GeForce_RTX_5060,8,
fastvit_t8,128,32,fp32,22.08888053894043,False,NVIDIA_GeForce_RTX_5060,8,
fastvit_t8,128,64,bf16,38.71187210083008,False,NVIDIA_GeForce_RTX_5060,8,
fastvit_t8,128,64,fp16,34.62846374511719,False,NVIDIA_GeForce_RTX_5060,8,
fastvit_t8,128,64,fp32,44.51492691040039,False,NVIDIA_GeForce_RTX_5060,8,
fastvit_t8,224,16,bf16,27.24985694885254,False,NVIDIA_GeForce_RTX_5060,8,
fastvit_t8,224,16,fp16,23.936975479125977,False,NVIDIA_GeForce_RTX_5060,8,
fastvit_t8,224,16,fp32,32.3940315246582,False,NVIDIA_GeForce_RTX_5060,8,
fastvit_t8,224,32,bf16,55.60115051269531,False,NVIDIA_GeForce_RTX_5060,8,
fastvit_t8,224,32,fp16,49.51126480102539,False,NVIDIA_GeForce_RTX_5060,8,
fastvit_t8,224,32,fp32,67.38790130615234,False,NVIDIA_GeForce_RTX_5060,8,
fastvit_t8,224,64,bf16,116.57113647460938,False,NVIDIA_GeForce_RTX_5060,8,
fastvit_t8,224,64,fp16,105.2182388305664,False,NVIDIA_GeForce_RTX_5060,8,
fastvit_t8,224,64,fp32,139.88446044921875,False,NVIDIA_GeForce_RTX_5060,8,
maxvit_tiny_tf_224,64,16,bf16,20.87977600097656,False,NVIDIA_GeForce_RTX_5060,8,
maxvit_tiny_tf_224,64,16,fp16,19.39072036743164,False,NVIDIA_GeForce_RTX_5060,8,
maxvit_tiny_tf_224,64,16,fp32,30.716352462768555,False,NVIDIA_GeForce_RTX_5060,8,
maxvit_tiny_tf_224,64,32,bf16,31.558927536010746,False,NVIDIA_GeForce_RTX_5060,8,
maxvit_tiny_tf_224,64,32,fp16,29.01273536682129,False,NVIDIA_GeForce_RTX_5060,8,
maxvit_tiny_tf_224,64,32,fp32,51.18691253662109,False,NVIDIA_GeForce_RTX_5060,8,
maxvit_tiny_tf_224,64,64,bf16,53.33929443359375,False,NVIDIA_GeForce_RTX_5060,8,
maxvit_tiny_tf_224,64,64,fp16,48.88214492797852,False,NVIDIA_GeForce_RTX_5060,8,
maxvit_tiny_tf_224,64,64,fp32,94.69921875,False,NVIDIA_GeForce_RTX_5060,8,
maxvit_tiny_tf_224,128,16,bf16,38.42731094360352,False,NVIDIA_GeForce_RTX_5060,8,
maxvit_tiny_tf_224,128,16,fp16,34.46868896484375,False,NVIDIA_GeForce_RTX_5060,8,
maxvit_tiny_tf_224,128,16,fp32,59.40412902832031,False,NVIDIA_GeForce_RTX_5060,8,
maxvit_tiny_tf_224,128,32,bf16,67.9369125366211,False,NVIDIA_GeForce_RTX_5060,8,
maxvit_tiny_tf_224,128,32,fp16,61.6560173034668,False,NVIDIA_GeForce_RTX_5060,8,
maxvit_tiny_tf_224,128,32,fp32,114.59758758544922,False,NVIDIA_GeForce_RTX_5060,8,
maxvit_tiny_tf_224,128,64,bf16,132.01791381835938,False,NVIDIA_GeForce_RTX_5060,8,
maxvit_tiny_tf_224,128,64,fp16,120.9628677368164,False,NVIDIA_GeForce_RTX_5060,8,
maxvit_tiny_tf_224,128,64,fp32,,True,NVIDIA_GeForce_RTX_5060,8,
maxvit_tiny_tf_224,224,16,bf16,96.02877044677734,False,NVIDIA_GeForce_RTX_5060,8,
maxvit_tiny_tf_224,224,16,fp16,87.21412658691406,False,NVIDIA_GeForce_RTX_5060,8,
maxvit_tiny_tf_224,224,16,fp32,156.92788696289062,False,NVIDIA_GeForce_RTX_5060,8,
maxvit_tiny_tf_224,224,32,bf16,186.808349609375,False,NVIDIA_GeForce_RTX_5060,8,
maxvit_tiny_tf_224,224,32,fp16,171.1483612060547,False,NVIDIA_GeForce_RTX_5060,8,
maxvit_tiny_tf_224,224,32,fp32,,True,NVIDIA_GeForce_RTX_5060,8,
maxvit_tiny_tf_224,224,64,bf16,,True,NVIDIA_GeForce_RTX_5060,8,
maxvit_tiny_tf_224,224,64,fp16,,True,NVIDIA_GeForce_RTX_5060,8,
maxvit_tiny_tf_224,224,64,fp32,,True,NVIDIA_GeForce_RTX_5060,8,
mixer_b16_224,64,16,bf16,14.960432052612305,False,NVIDIA_GeForce_RTX_5060,8,
mixer_b16_224,64,16,fp16,14.688591957092283,False,NVIDIA_GeForce_RTX_5060,8,
mixer_b16_224,64,16,fp32,25.22532844543457,False,NVIDIA_GeForce_RTX_5060,8,
mixer_b16_224,64,32,bf16,21.645872116088867,False,NVIDIA_GeForce_RTX_5060,8,
mixer_b16_224,64,32,fp16,21.199552536010746,False,NVIDIA_GeForce_RTX_5060,8,
mixer_b16_224,64,32,fp32,43.82624053955078,False,NVIDIA_GeForce_RTX_5060,8,
mixer_b16_224,64,64,bf16,37.65505599975586,False,NVIDIA_GeForce_RTX_5060,8,
mixer_b16_224,64,64,fp16,36.99318313598633,False,NVIDIA_GeForce_RTX_5060,8,
mixer_b16_224,64,64,fp32,83.93800354003906,False,NVIDIA_GeForce_RTX_5060,8,
mixer_b16_224,128,16,bf16,25.290752410888672,False,NVIDIA_GeForce_RTX_5060,8,
mixer_b16_224,128,16,fp16,25.16980743408203,False,NVIDIA_GeForce_RTX_5060,8,
mixer_b16_224,128,16,fp32,53.75279998779297,False,NVIDIA_GeForce_RTX_5060,8,
mixer_b16_224,128,32,bf16,42.30841445922852,False,NVIDIA_GeForce_RTX_5060,8,
mixer_b16_224,128,32,fp16,41.84374237060547,False,NVIDIA_GeForce_RTX_5060,8,
mixer_b16_224,128,32,fp32,105.01561737060548,False,NVIDIA_GeForce_RTX_5060,8,
mixer_b16_224,128,64,bf16,82.6868667602539,False,NVIDIA_GeForce_RTX_5060,8,
mixer_b16_224,128,64,fp16,82.01948547363281,False,NVIDIA_GeForce_RTX_5060,8,
mixer_b16_224,128,64,fp32,205.1380615234375,False,NVIDIA_GeForce_RTX_5060,8,
mixer_b16_224,224,16,bf16,59.46308898925781,False,NVIDIA_GeForce_RTX_5060,8,
mixer_b16_224,224,16,fp16,59.35015869140625,False,NVIDIA_GeForce_RTX_5060,8,
mixer_b16_224,224,16,fp32,147.56289672851562,False,NVIDIA_GeForce_RTX_5060,8,
mixer_b16_224,224,32,bf16,115.75691223144533,False,NVIDIA_GeForce_RTX_5060,8,
mixer_b16_224,224,32,fp16,115.19790649414062,False,NVIDIA_GeForce_RTX_5060,8,
mixer_b16_224,224,32,fp32,290.87890625,False,NVIDIA_GeForce_RTX_5060,8,
mixer_b16_224,224,64,bf16,232.05368041992188,False,NVIDIA_GeForce_RTX_5060,8,
mixer_b16_224,224,64,fp16,230.43753051757807,False,NVIDIA_GeForce_RTX_5060,8,
mixer_b16_224,224,64,fp32,,True,NVIDIA_GeForce_RTX_5060,8,
mobilenetv2_100,64,16,bf16,4.244351863861084,False,NVIDIA_GeForce_RTX_5060,8,
mobilenetv2_100,64,16,fp16,3.92523193359375,False,NVIDIA_GeForce_RTX_5060,8,
mobilenetv2_100,64,16,fp32,4.718783855438232,False,NVIDIA_GeForce_RTX_5060,8,
mobilenetv2_100,64,32,bf16,6.153952121734619,False,NVIDIA_GeForce_RTX_5060,8,
mobilenetv2_100,64,32,fp16,4.822000026702881,False,NVIDIA_GeForce_RTX_5060,8,
mobilenetv2_100,64,32,fp32,7.135359764099121,False,NVIDIA_GeForce_RTX_5060,8,
mobilenetv2_100,64,64,bf16,9.47051239013672,False,NVIDIA_GeForce_RTX_5060,8,
mobilenetv2_100,64,64,fp16,7.328656196594238,False,NVIDIA_GeForce_RTX_5060,8,
mobilenetv2_100,64,64,fp32,12.64748764038086,False,NVIDIA_GeForce_RTX_5060,8,
mobilenetv2_100,128,16,bf16,7.21776008605957,False,NVIDIA_GeForce_RTX_5060,8,
mobilenetv2_100,128,16,fp16,5.588304042816162,False,NVIDIA_GeForce_RTX_5060,8,
mobilenetv2_100,128,16,fp32,8.5349760055542,False,NVIDIA_GeForce_RTX_5060,8,
mobilenetv2_100,128,32,bf16,12.830032348632812,False,NVIDIA_GeForce_RTX_5060,8,
mobilenetv2_100,128,32,fp16,9.695167541503906,False,NVIDIA_GeForce_RTX_5060,8,
mobilenetv2_100,128,32,fp32,16.88764762878418,False,NVIDIA_GeForce_RTX_5060,8,
mobilenetv2_100,128,64,bf16,25.539440155029297,False,NVIDIA_GeForce_RTX_5060,8,
mobilenetv2_100,128,64,fp16,19.67683219909668,False,NVIDIA_GeForce_RTX_5060,8,
mobilenetv2_100,128,64,fp32,34.98454284667969,False,NVIDIA_GeForce_RTX_5060,8,
mobilenetv2_100,224,16,bf16,18.3408317565918,False,NVIDIA_GeForce_RTX_5060,8,
mobilenetv2_100,224,16,fp16,13.753775596618652,False,NVIDIA_GeForce_RTX_5060,8,
mobilenetv2_100,224,16,fp32,24.847248077392575,False,NVIDIA_GeForce_RTX_5060,8,
mobilenetv2_100,224,32,bf16,37.50987243652344,False,NVIDIA_GeForce_RTX_5060,8,
mobilenetv2_100,224,32,fp16,27.950672149658203,False,NVIDIA_GeForce_RTX_5060,8,
mobilenetv2_100,224,32,fp32,51.1723518371582,False,NVIDIA_GeForce_RTX_5060,8,
mobilenetv2_100,224,64,bf16,76.6559066772461,False,NVIDIA_GeForce_RTX_5060,8,
mobilenetv2_100,224,64,fp16,58.389198303222656,False,NVIDIA_GeForce_RTX_5060,8,
mobilenetv2_100,224,64,fp32,108.28953552246094,False,NVIDIA_GeForce_RTX_5060,8,
mobilenetv3_large_100,64,16,bf16,4.608911991119385,False,NVIDIA_GeForce_RTX_5060,8,
mobilenetv3_large_100,64,16,fp16,4.154831886291504,False,NVIDIA_GeForce_RTX_5060,8,
mobilenetv3_large_100,64,16,fp32,5.017439842224121,False,NVIDIA_GeForce_RTX_5060,8,
mobilenetv3_large_100,64,32,bf16,6.249055862426758,False,NVIDIA_GeForce_RTX_5060,8,
mobilenetv3_large_100,64,32,fp16,5.4169440269470215,False,NVIDIA_GeForce_RTX_5060,8,
mobilenetv3_large_100,64,32,fp32,7.471151828765869,False,NVIDIA_GeForce_RTX_5060,8,
mobilenetv3_large_100,64,64,bf16,9.018431663513184,False,NVIDIA_GeForce_RTX_5060,8,
mobilenetv3_large_100,64,64,fp16,7.492127895355225,False,NVIDIA_GeForce_RTX_5060,8,
mobilenetv3_large_100,64,64,fp32,11.29132843017578,False,NVIDIA_GeForce_RTX_5060,8,
mobilenetv3_large_100,128,16,bf16,6.871967792510986,False,NVIDIA_GeForce_RTX_5060,8,
mobilenetv3_large_100,128,16,fp16,6.929647922515869,False,NVIDIA_GeForce_RTX_5060,8,
mobilenetv3_large_100,128,16,fp32,7.729568004608154,False,NVIDIA_GeForce_RTX_5060,8,
mobilenetv3_large_100,128,32,bf16,11.08944034576416,False,NVIDIA_GeForce_RTX_5060,8,
mobilenetv3_large_100,128,32,fp16,9.082816123962402,False,NVIDIA_GeForce_RTX_5060,8,
mobilenetv3_large_100,128,32,fp32,13.579551696777344,False,NVIDIA_GeForce_RTX_5060,8,
mobilenetv3_large_100,128,64,bf16,19.63542366027832,False,NVIDIA_GeForce_RTX_5060,8,
mobilenetv3_large_100,128,64,fp16,15.750448226928713,False,NVIDIA_GeForce_RTX_5060,8,
mobilenetv3_large_100,128,64,fp32,25.64793586730957,False,NVIDIA_GeForce_RTX_5060,8,
mobilenetv3_large_100,224,16,bf16,14.587663650512695,False,NVIDIA_GeForce_RTX_5060,8,
mobilenetv3_large_100,224,16,fp16,11.092656135559082,False,NVIDIA_GeForce_RTX_5060,8,
mobilenetv3_large_100,224,16,fp32,18.01263999938965,False,NVIDIA_GeForce_RTX_5060,8,
mobilenetv3_large_100,224,32,bf16,27.74233627319336,False,NVIDIA_GeForce_RTX_5060,8,
mobilenetv3_large_100,224,32,fp16,21.15305519104004,False,NVIDIA_GeForce_RTX_5060,8,
mobilenetv3_large_100,224,32,fp32,37.90625762939453,False,NVIDIA_GeForce_RTX_5060,8,
mobilenetv3_large_100,224,64,bf16,58.23961639404297,False,NVIDIA_GeForce_RTX_5060,8,
mobilenetv3_large_100,224,64,fp16,44.57974243164063,False,NVIDIA_GeForce_RTX_5060,8,
mobilenetv3_large_100,224,64,fp32,78.0720443725586,False,NVIDIA_GeForce_RTX_5060,8,
mobilenetv3_small_100,64,16,bf16,2.736959934234619,False,NVIDIA_GeForce_RTX_5060,8,
mobilenetv3_small_100,64,16,fp16,2.520416021347046,False,NVIDIA_GeForce_RTX_5060,8,
mobilenetv3_small_100,64,16,fp32,2.9039840698242188,False,NVIDIA_GeForce_RTX_5060,8,
mobilenetv3_small_100,64,32,bf16,3.577856063842773,False,NVIDIA_GeForce_RTX_5060,8,
mobilenetv3_small_100,64,32,fp16,3.171583890914917,False,NVIDIA_GeForce_RTX_5060,8,
mobilenetv3_small_100,64,32,fp32,3.865216016769409,False,NVIDIA_GeForce_RTX_5060,8,
mobilenetv3_small_100,64,64,bf16,5.08739185333252,False,NVIDIA_GeForce_RTX_5060,8,
mobilenetv3_small_100,64,64,fp16,4.362895965576172,False,NVIDIA_GeForce_RTX_5060,8,
mobilenetv3_small_100,64,64,fp32,5.046144008636475,False,NVIDIA_GeForce_RTX_5060,8,
mobilenetv3_small_100,128,16,bf16,3.897039890289306,False,NVIDIA_GeForce_RTX_5060,8,
mobilenetv3_small_100,128,16,fp16,3.277503967285156,False,NVIDIA_GeForce_RTX_5060,8,
mobilenetv3_small_100,128,16,fp32,3.8007519245147705,False,NVIDIA_GeForce_RTX_5060,8,
mobilenetv3_small_100,128,32,bf16,5.6125922203063965,False,NVIDIA_GeForce_RTX_5060,8,
mobilenetv3_small_100,128,32,fp16,4.490015983581543,False,NVIDIA_GeForce_RTX_5060,8,
mobilenetv3_small_100,128,32,fp32,5.574719905853272,False,NVIDIA_GeForce_RTX_5060,8,
mobilenetv3_small_100,128,64,bf16,8.098496437072754,False,NVIDIA_GeForce_RTX_5060,8,
mobilenetv3_small_100,128,64,fp16,6.397823810577393,False,NVIDIA_GeForce_RTX_5060,8,
mobilenetv3_small_100,128,64,fp32,9.215824127197266,False,NVIDIA_GeForce_RTX_5060,8,
mobilenetv3_small_100,224,16,bf16,6.383967876434326,False,NVIDIA_GeForce_RTX_5060,8,
mobilenetv3_small_100,224,16,fp16,4.919504165649414,False,NVIDIA_GeForce_RTX_5060,8,
mobilenetv3_small_100,224,16,fp32,6.926144123077393,False,NVIDIA_GeForce_RTX_5060,8,
mobilenetv3_small_100,224,32,bf16,11.104960441589355,False,NVIDIA_GeForce_RTX_5060,8,
mobilenetv3_small_100,224,32,fp16,8.089471817016602,False,NVIDIA_GeForce_RTX_5060,8,
mobilenetv3_small_100,224,32,fp32,12.891887664794922,False,NVIDIA_GeForce_RTX_5060,8,
mobilenetv3_small_100,224,64,bf16,21.445920944213867,False,NVIDIA_GeForce_RTX_5060,8,
mobilenetv3_small_100,224,64,fp16,15.468799591064451,False,NVIDIA_GeForce_RTX_5060,8,
mobilenetv3_small_100,224,64,fp32,25.44369506835937,False,NVIDIA_GeForce_RTX_5060,8,
mobilevit_s,64,16,bf16,6.320847988128662,False,NVIDIA_GeForce_RTX_5060,8,
mobilevit_s,64,16,fp16,5.546800136566162,False,NVIDIA_GeForce_RTX_5060,8,
mobilevit_s,64,16,fp32,8.262495994567871,False,NVIDIA_GeForce_RTX_5060,8,
mobilevit_s,64,32,bf16,9.538543701171877,False,NVIDIA_GeForce_RTX_5060,8,
mobilevit_s,64,32,fp16,8.182656288146973,False,NVIDIA_GeForce_RTX_5060,8,
mobilevit_s,64,32,fp32,13.002608299255373,False,NVIDIA_GeForce_RTX_5060,8,
mobilevit_s,64,64,bf16,15.741439819335938,False,NVIDIA_GeForce_RTX_5060,8,
mobilevit_s,64,64,fp16,13.430463790893556,False,NVIDIA_GeForce_RTX_5060,8,
mobilevit_s,64,64,fp32,24.2663688659668,False,NVIDIA_GeForce_RTX_5060,8,
mobilevit_s,128,16,bf16,12.721216201782228,False,NVIDIA_GeForce_RTX_5060,8,
mobilevit_s,128,16,fp16,10.4378080368042,False,NVIDIA_GeForce_RTX_5060,8,
mobilevit_s,128,16,fp32,19.05638313293457,False,NVIDIA_GeForce_RTX_5060,8,
mobilevit_s,128,32,bf16,23.94651222229004,False,NVIDIA_GeForce_RTX_5060,8,
mobilevit_s,128,32,fp16,19.643999099731445,False,NVIDIA_GeForce_RTX_5060,8,
mobilevit_s,128,32,fp32,37.33580780029297,False,NVIDIA_GeForce_RTX_5060,8,
mobilevit_s,128,64,bf16,48.55811309814453,False,NVIDIA_GeForce_RTX_5060,8,
mobilevit_s,128,64,fp16,39.91758346557617,False,NVIDIA_GeForce_RTX_5060,8,
mobilevit_s,128,64,fp32,74.72586822509766,False,NVIDIA_GeForce_RTX_5060,8,
mobilevit_s,224,16,bf16,38.03961563110352,False,NVIDIA_GeForce_RTX_5060,8,
mobilevit_s,224,16,fp16,31.255327224731445,False,NVIDIA_GeForce_RTX_5060,8,
mobilevit_s,224,16,fp32,60.86865615844727,False,NVIDIA_GeForce_RTX_5060,8,
mobilevit_s,224,32,bf16,76.04081726074219,False,NVIDIA_GeForce_RTX_5060,8,
mobilevit_s,224,32,fp16,63.4317741394043,False,NVIDIA_GeForce_RTX_5060,8,
mobilevit_s,224,32,fp32,122.59297943115234,False,NVIDIA_GeForce_RTX_5060,8,
mobilevit_s,224,64,bf16,153.83193969726562,False,NVIDIA_GeForce_RTX_5060,8,
mobilevit_s,224,64,fp16,130.2569580078125,False,NVIDIA_GeForce_RTX_5060,8,
mobilevit_s,224,64,fp32,,True,NVIDIA_GeForce_RTX_5060,8,
mobilevit_xs,64,16,bf16,5.150559902191162,False,NVIDIA_GeForce_RTX_5060,8,
mobilevit_xs,64,16,fp16,4.857759952545166,False,NVIDIA_GeForce_RTX_5060,8,
mobilevit_xs,64,16,fp32,5.813183784484863,False,NVIDIA_GeForce_RTX_5060,8,
mobilevit_xs,64,32,bf16,7.618000030517578,False,NVIDIA_GeForce_RTX_5060,8,
mobilevit_xs,64,32,fp16,7.169536113739014,False,NVIDIA_GeForce_RTX_5060,8,
mobilevit_xs,64,32,fp32,8.937536239624023,False,NVIDIA_GeForce_RTX_5060,8,
mobilevit_xs,64,64,bf16,12.816160202026367,False,NVIDIA_GeForce_RTX_5060,8,
mobilevit_xs,64,64,fp16,11.639792442321776,False,NVIDIA_GeForce_RTX_5060,8,
mobilevit_xs,64,64,fp32,16.498624801635742,False,NVIDIA_GeForce_RTX_5060,8,
mobilevit_xs,128,16,bf16,10.230496406555176,False,NVIDIA_GeForce_RTX_5060,8,
mobilevit_xs,128,16,fp16,8.819456100463867,False,NVIDIA_GeForce_RTX_5060,8,
mobilevit_xs,128,16,fp32,14.119296073913574,False,NVIDIA_GeForce_RTX_5060,8,
mobilevit_xs,128,32,bf16,18.97441673278809,False,NVIDIA_GeForce_RTX_5060,8,
mobilevit_xs,128,32,fp16,16.280176162719727,False,NVIDIA_GeForce_RTX_5060,8,
mobilevit_xs,128,32,fp32,27.93561553955078,False,NVIDIA_GeForce_RTX_5060,8,
mobilevit_xs,128,64,bf16,38.72563171386719,False,NVIDIA_GeForce_RTX_5060,8,
mobilevit_xs,128,64,fp16,32.44939041137695,False,NVIDIA_GeForce_RTX_5060,8,
mobilevit_xs,128,64,fp32,56.93681716918945,False,NVIDIA_GeForce_RTX_5060,8,
mobilevit_xs,224,16,bf16,29.16582489013672,False,NVIDIA_GeForce_RTX_5060,8,
mobilevit_xs,224,16,fp16,24.39129638671875,False,NVIDIA_GeForce_RTX_5060,8,
mobilevit_xs,224,16,fp32,46.45182418823242,False,NVIDIA_GeForce_RTX_5060,8,
mobilevit_xs,224,32,bf16,59.371070861816406,False,NVIDIA_GeForce_RTX_5060,8,
mobilevit_xs,224,32,fp16,49.035457611083984,False,NVIDIA_GeForce_RTX_5060,8,
mobilevit_xs,224,32,fp32,94.09489440917967,False,NVIDIA_GeForce_RTX_5060,8,
mobilevit_xs,224,64,bf16,119.77671813964844,False,NVIDIA_GeForce_RTX_5060,8,
mobilevit_xs,224,64,fp16,100.0528793334961,False,NVIDIA_GeForce_RTX_5060,8,
mobilevit_xs,224,64,fp32,,True,NVIDIA_GeForce_RTX_5060,8,
mobilevit_xxs,64,16,bf16,4.141280174255371,False,NVIDIA_GeForce_RTX_5060,8,
mobilevit_xxs,64,16,fp16,3.9721760749816895,False,NVIDIA_GeForce_RTX_5060,8,
mobilevit_xxs,64,16,fp32,4.437503814697266,False,NVIDIA_GeForce_RTX_5060,8,
mobilevit_xxs,64,32,bf16,5.901552200317383,False,NVIDIA_GeForce_RTX_5060,8,
mobilevit_xxs,64,32,fp16,5.718175888061523,False,NVIDIA_GeForce_RTX_5060,8,
mobilevit_xxs,64,32,fp32,7.096879959106445,False,NVIDIA_GeForce_RTX_5060,8,
mobilevit_xxs,64,64,bf16,8.534480094909668,False,NVIDIA_GeForce_RTX_5060,8,
mobilevit_xxs,64,64,fp16,8.21679973602295,False,NVIDIA_GeForce_RTX_5060,8,
mobilevit_xxs,64,64,fp32,10.694095611572266,False,NVIDIA_GeForce_RTX_5060,8,
mobilevit_xxs,128,16,bf16,6.238175868988037,False,NVIDIA_GeForce_RTX_5060,8,
mobilevit_xxs,128,16,fp16,5.62443208694458,False,NVIDIA_GeForce_RTX_5060,8,
mobilevit_xxs,128,16,fp32,7.370016098022461,False,NVIDIA_GeForce_RTX_5060,8,
mobilevit_xxs,128,32,bf16,9.956095695495604,False,NVIDIA_GeForce_RTX_5060,8,
mobilevit_xxs,128,32,fp16,9.068256378173828,False,NVIDIA_GeForce_RTX_5060,8,
mobilevit_xxs,128,32,fp32,12.912015914916992,False,NVIDIA_GeForce_RTX_5060,8,
mobilevit_xxs,128,64,bf16,18.63155174255371,False,NVIDIA_GeForce_RTX_5060,8,
mobilevit_xxs,128,64,fp16,16.38884735107422,False,NVIDIA_GeForce_RTX_5060,8,
mobilevit_xxs,128,64,fp32,25.95804786682129,False,NVIDIA_GeForce_RTX_5060,8,
mobilevit_xxs,224,16,bf16,14.107728004455566,False,NVIDIA_GeForce_RTX_5060,8,
mobilevit_xxs,224,16,fp16,12.550432205200195,False,NVIDIA_GeForce_RTX_5060,8,
mobilevit_xxs,224,16,fp32,22.654512405395508,False,NVIDIA_GeForce_RTX_5060,8,
mobilevit_xxs,224,32,bf16,27.82049560546875,False,NVIDIA_GeForce_RTX_5060,8,
mobilevit_xxs,224,32,fp16,23.94027137756348,False,NVIDIA_GeForce_RTX_5060,8,
mobilevit_xxs,224,32,fp32,45.61369705200195,False,NVIDIA_GeForce_RTX_5060,8,
mobilevit_xxs,224,64,bf16,57.46217727661133,False,NVIDIA_GeForce_RTX_5060,8,
mobilevit_xxs,224,64,fp16,49.23463821411133,False,NVIDIA_GeForce_RTX_5060,8,
mobilevit_xxs,224,64,fp32,93.2631378173828,False,NVIDIA_GeForce_RTX_5060,8,
mobilevitv2_100,64,16,bf16,5.957215785980225,False,NVIDIA_GeForce_RTX_5060,8,
mobilevitv2_100,64,16,fp16,5.103504180908203,False,NVIDIA_GeForce_RTX_5060,8,
mobilevitv2_100,64,16,fp32,6.441264152526856,False,NVIDIA_GeForce_RTX_5060,8,
mobilevitv2_100,64,32,bf16,8.891056060791016,False,NVIDIA_GeForce_RTX_5060,8,
mobilevitv2_100,64,32,fp16,7.28715181350708,False,NVIDIA_GeForce_RTX_5060,8,
mobilevitv2_100,64,32,fp32,9.94705581665039,False,NVIDIA_GeForce_RTX_5060,8,
mobilevitv2_100,64,64,bf16,15.173711776733398,False,NVIDIA_GeForce_RTX_5060,8,
mobilevitv2_100,64,64,fp16,12.443471908569336,False,NVIDIA_GeForce_RTX_5060,8,
mobilevitv2_100,64,64,fp32,20.208175659179688,False,NVIDIA_GeForce_RTX_5060,8,
mobilevitv2_100,128,16,bf16,12.066927909851074,False,NVIDIA_GeForce_RTX_5060,8,
mobilevitv2_100,128,16,fp16,9.524576187133787,False,NVIDIA_GeForce_RTX_5060,8,
mobilevitv2_100,128,16,fp32,15.16659164428711,False,NVIDIA_GeForce_RTX_5060,8,
mobilevitv2_100,128,32,bf16,22.616159439086918,False,NVIDIA_GeForce_RTX_5060,8,
mobilevitv2_100,128,32,fp16,17.769920349121094,False,NVIDIA_GeForce_RTX_5060,8,
mobilevitv2_100,128,32,fp32,29.99604797363281,False,NVIDIA_GeForce_RTX_5060,8,
mobilevitv2_100,128,64,bf16,45.946414947509766,False,NVIDIA_GeForce_RTX_5060,8,
mobilevitv2_100,128,64,fp16,36.72348785400391,False,NVIDIA_GeForce_RTX_5060,8,
mobilevitv2_100,128,64,fp32,61.54267120361328,False,NVIDIA_GeForce_RTX_5060,8,
mobilevitv2_100,224,16,bf16,36.05420684814453,False,NVIDIA_GeForce_RTX_5060,8,
mobilevitv2_100,224,16,fp16,28.14985656738281,False,NVIDIA_GeForce_RTX_5060,8,
mobilevitv2_100,224,16,fp32,47.615230560302734,False,NVIDIA_GeForce_RTX_5060,8,
mobilevitv2_100,224,32,bf16,70.86737823486328,False,NVIDIA_GeForce_RTX_5060,8,
mobilevitv2_100,224,32,fp16,57.40977478027344,False,NVIDIA_GeForce_RTX_5060,8,
mobilevitv2_100,224,32,fp32,95.73944091796876,False,NVIDIA_GeForce_RTX_5060,8,
mobilevitv2_100,224,64,bf16,142.0776824951172,False,NVIDIA_GeForce_RTX_5060,8,
mobilevitv2_100,224,64,fp16,118.27500915527344,False,NVIDIA_GeForce_RTX_5060,8,
mobilevitv2_100,224,64,fp32,,True,NVIDIA_GeForce_RTX_5060,8,
nfnet_l0,64,16,bf16,15.220447540283203,False,NVIDIA_GeForce_RTX_5060,8,
nfnet_l0,64,16,fp16,14.14799976348877,False,NVIDIA_GeForce_RTX_5060,8,
nfnet_l0,64,16,fp32,23.54956817626953,False,NVIDIA_GeForce_RTX_5060,8,
nfnet_l0,64,32,bf16,19.76009559631348,False,NVIDIA_GeForce_RTX_5060,8,
nfnet_l0,64,32,fp16,19.368127822875977,False,NVIDIA_GeForce_RTX_5060,8,
nfnet_l0,64,32,fp32,39.36012649536133,False,NVIDIA_GeForce_RTX_5060,8,
nfnet_l0,64,64,bf16,31.132688522338867,False,NVIDIA_GeForce_RTX_5060,8,
nfnet_l0,64,64,fp16,30.139375686645508,False,NVIDIA_GeForce_RTX_5060,8,
nfnet_l0,64,64,fp32,59.13321685791016,False,NVIDIA_GeForce_RTX_5060,8,
nfnet_l0,128,16,bf16,22.613344192504883,False,NVIDIA_GeForce_RTX_5060,8,
nfnet_l0,128,16,fp16,20.43320083618164,False,NVIDIA_GeForce_RTX_5060,8,
nfnet_l0,128,16,fp32,34.10006332397461,False,NVIDIA_GeForce_RTX_5060,8,
nfnet_l0,128,32,bf16,36.15039825439453,False,NVIDIA_GeForce_RTX_5060,8,
nfnet_l0,128,32,fp16,33.87148666381836,False,NVIDIA_GeForce_RTX_5060,8,
nfnet_l0,128,32,fp32,62.78396987915039,False,NVIDIA_GeForce_RTX_5060,8,
nfnet_l0,128,64,bf16,65.98299407958984,False,NVIDIA_GeForce_RTX_5060,8,
nfnet_l0,128,64,fp16,63.23384094238281,False,NVIDIA_GeForce_RTX_5060,8,
nfnet_l0,128,64,fp32,122.05104064941406,False,NVIDIA_GeForce_RTX_5060,8,
nfnet_l0,224,16,bf16,45.43393707275391,False,NVIDIA_GeForce_RTX_5060,8,
nfnet_l0,224,16,fp16,42.32755279541016,False,NVIDIA_GeForce_RTX_5060,8,
nfnet_l0,224,16,fp32,82.80347442626953,False,NVIDIA_GeForce_RTX_5060,8,
nfnet_l0,224,32,bf16,87.45611572265625,False,NVIDIA_GeForce_RTX_5060,8,
nfnet_l0,224,32,fp16,82.43513488769531,False,NVIDIA_GeForce_RTX_5060,8,
nfnet_l0,224,32,fp32,157.4368438720703,False,NVIDIA_GeForce_RTX_5060,8,
nfnet_l0,224,64,bf16,165.5893096923828,False,NVIDIA_GeForce_RTX_5060,8,
nfnet_l0,224,64,fp16,158.80294799804688,False,NVIDIA_GeForce_RTX_5060,8,
nfnet_l0,224,64,fp32,,True,NVIDIA_GeForce_RTX_5060,8,
pvt_v2_b0,64,16,bf16,4.061039924621582,False,NVIDIA_GeForce_RTX_5060,8,
pvt_v2_b0,64,16,fp16,4.046895980834961,False,NVIDIA_GeForce_RTX_5060,8,
pvt_v2_b0,64,16,fp32,4.433631896972656,False,NVIDIA_GeForce_RTX_5060,8,
pvt_v2_b0,64,32,bf16,5.323967933654785,False,NVIDIA_GeForce_RTX_5060,8,
pvt_v2_b0,64,32,fp16,4.6055521965026855,False,NVIDIA_GeForce_RTX_5060,8,
pvt_v2_b0,64,32,fp32,6.5118560791015625,False,NVIDIA_GeForce_RTX_5060,8,
pvt_v2_b0,64,64,bf16,6.8580322265625,False,NVIDIA_GeForce_RTX_5060,8,
pvt_v2_b0,64,64,fp16,6.541264057159424,False,NVIDIA_GeForce_RTX_5060,8,
pvt_v2_b0,64,64,fp32,10.274703979492188,False,NVIDIA_GeForce_RTX_5060,8,
pvt_v2_b0,128,16,bf16,6.256383895874023,False,NVIDIA_GeForce_RTX_5060,8,
pvt_v2_b0,128,16,fp16,6.066544055938721,False,NVIDIA_GeForce_RTX_5060,8,
pvt_v2_b0,128,16,fp32,9.44760036468506,False,NVIDIA_GeForce_RTX_5060,8,
pvt_v2_b0,128,32,bf16,10.185824394226074,False,NVIDIA_GeForce_RTX_5060,8,
pvt_v2_b0,128,32,fp16,9.982159614562988,False,NVIDIA_GeForce_RTX_5060,8,
pvt_v2_b0,128,32,fp32,17.139568328857422,False,NVIDIA_GeForce_RTX_5060,8,
pvt_v2_b0,128,64,bf16,18.90519905090332,False,NVIDIA_GeForce_RTX_5060,8,
pvt_v2_b0,128,64,fp16,18.67156791687012,False,NVIDIA_GeForce_RTX_5060,8,
pvt_v2_b0,128,64,fp32,31.622528076171875,False,NVIDIA_GeForce_RTX_5060,8,
pvt_v2_b0,224,16,bf16,14.924320220947266,False,NVIDIA_GeForce_RTX_5060,8,
pvt_v2_b0,224,16,fp16,14.669232368469238,False,NVIDIA_GeForce_RTX_5060,8,
pvt_v2_b0,224,16,fp32,25.613279342651367,False,NVIDIA_GeForce_RTX_5060,8,
pvt_v2_b0,224,32,bf16,27.70223999023437,False,NVIDIA_GeForce_RTX_5060,8,
pvt_v2_b0,224,32,fp16,27.457279205322266,False,NVIDIA_GeForce_RTX_5060,8,
pvt_v2_b0,224,32,fp32,47.96294403076172,False,NVIDIA_GeForce_RTX_5060,8,
pvt_v2_b0,224,64,bf16,55.64302444458008,False,NVIDIA_GeForce_RTX_5060,8,
pvt_v2_b0,224,64,fp16,55.429569244384766,False,NVIDIA_GeForce_RTX_5060,8,
pvt_v2_b0,224,64,fp32,92.44185638427734,False,NVIDIA_GeForce_RTX_5060,8,
pvt_v2_b2,64,16,bf16,10.62996768951416,False,NVIDIA_GeForce_RTX_5060,8,
pvt_v2_b2,64,16,fp16,10.33574390411377,False,NVIDIA_GeForce_RTX_5060,8,
pvt_v2_b2,64,16,fp32,15.534223556518556,False,NVIDIA_GeForce_RTX_5060,8,
pvt_v2_b2,64,32,bf16,13.613743782043455,False,NVIDIA_GeForce_RTX_5060,8,
pvt_v2_b2,64,32,fp16,13.283040046691896,False,NVIDIA_GeForce_RTX_5060,8,
pvt_v2_b2,64,32,fp32,23.276079177856445,False,NVIDIA_GeForce_RTX_5060,8,
pvt_v2_b2,64,64,bf16,19.46454429626465,False,NVIDIA_GeForce_RTX_5060,8,
pvt_v2_b2,64,64,fp16,19.16703987121582,False,NVIDIA_GeForce_RTX_5060,8,
pvt_v2_b2,64,64,fp32,39.0384635925293,False,NVIDIA_GeForce_RTX_5060,8,
pvt_v2_b2,128,16,bf16,18.60955238342285,False,NVIDIA_GeForce_RTX_5060,8,
pvt_v2_b2,128,16,fp16,18.666608810424805,False,NVIDIA_GeForce_RTX_5060,8,
pvt_v2_b2,128,16,fp32,34.754337310791016,False,NVIDIA_GeForce_RTX_5060,8,
pvt_v2_b2,128,32,bf16,31.989280700683597,False,NVIDIA_GeForce_RTX_5060,8,
pvt_v2_b2,128,32,fp16,31.323183059692383,False,NVIDIA_GeForce_RTX_5060,8,
pvt_v2_b2,128,32,fp32,59.2534408569336,False,NVIDIA_GeForce_RTX_5060,8,
pvt_v2_b2,128,64,bf16,59.10512161254883,False,NVIDIA_GeForce_RTX_5060,8,
pvt_v2_b2,128,64,fp16,58.424991607666016,False,NVIDIA_GeForce_RTX_5060,8,
pvt_v2_b2,128,64,fp32,110.95950317382812,False,NVIDIA_GeForce_RTX_5060,8,
pvt_v2_b2,224,16,bf16,47.12182235717773,False,NVIDIA_GeForce_RTX_5060,8,
pvt_v2_b2,224,16,fp16,46.253265380859375,False,NVIDIA_GeForce_RTX_5060,8,
pvt_v2_b2,224,16,fp32,89.18148803710938,False,NVIDIA_GeForce_RTX_5060,8,
pvt_v2_b2,224,32,bf16,88.37496185302734,False,NVIDIA_GeForce_RTX_5060,8,
pvt_v2_b2,224,32,fp16,89.67266845703125,False,NVIDIA_GeForce_RTX_5060,8,
pvt_v2_b2,224,32,fp32,170.68138122558594,False,NVIDIA_GeForce_RTX_5060,8,
pvt_v2_b2,224,64,bf16,659.861083984375,False,NVIDIA_GeForce_RTX_5060,8,slow_outlier
pvt_v2_b2,224,64,fp16,933.873779296875,False,NVIDIA_GeForce_RTX_5060,8,slow_outlier
pvt_v2_b2,224,64,fp32,,True,NVIDIA_GeForce_RTX_5060,8,
pvt_v2_b5,64,16,bf16,31.31382369995117,False,NVIDIA_GeForce_RTX_5060,8,
pvt_v2_b5,64,16,fp16,30.35259246826172,False,NVIDIA_GeForce_RTX_5060,8,
pvt_v2_b5,64,16,fp32,47.62534332275391,False,NVIDIA_GeForce_RTX_5060,8,
pvt_v2_b5,64,32,bf16,38.23539352416992,False,NVIDIA_GeForce_RTX_5060,8,
pvt_v2_b5,64,32,fp16,37.49220657348633,False,NVIDIA_GeForce_RTX_5060,8,
pvt_v2_b5,64,32,fp32,67.81687927246094,False,NVIDIA_GeForce_RTX_5060,8,
pvt_v2_b5,64,64,bf16,50.41204833984375,False,NVIDIA_GeForce_RTX_5060,8,
pvt_v2_b5,64,64,fp16,49.81835174560547,False,NVIDIA_GeForce_RTX_5060,8,
pvt_v2_b5,64,64,fp32,104.59494018554688,False,NVIDIA_GeForce_RTX_5060,8,
pvt_v2_b5,128,16,bf16,47.129825592041016,False,NVIDIA_GeForce_RTX_5060,8,
pvt_v2_b5,128,16,fp16,46.50646209716797,False,NVIDIA_GeForce_RTX_5060,8,
pvt_v2_b5,128,16,fp32,90.1719970703125,False,NVIDIA_GeForce_RTX_5060,8,
pvt_v2_b5,128,32,bf16,72.29193878173828,False,NVIDIA_GeForce_RTX_5060,8,
pvt_v2_b5,128,32,fp16,70.74756622314453,False,NVIDIA_GeForce_RTX_5060,8,
pvt_v2_b5,128,32,fp32,136.85479736328125,False,NVIDIA_GeForce_RTX_5060,8,
pvt_v2_b5,128,64,bf16,122.91111755371094,False,NVIDIA_GeForce_RTX_5060,8,
pvt_v2_b5,128,64,fp16,120.49073791503906,False,NVIDIA_GeForce_RTX_5060,8,
pvt_v2_b5,128,64,fp32,,True,NVIDIA_GeForce_RTX_5060,8,
pvt_v2_b5,224,16,bf16,101.35806274414062,False,NVIDIA_GeForce_RTX_5060,8,
pvt_v2_b5,224,16,fp16,99.0167007446289,False,NVIDIA_GeForce_RTX_5060,8,
pvt_v2_b5,224,16,fp32,201.8952178955078,False,NVIDIA_GeForce_RTX_5060,8,
pvt_v2_b5,224,32,bf16,,True,NVIDIA_GeForce_RTX_5060,8,
pvt_v2_b5,224,32,fp16,,True,NVIDIA_GeForce_RTX_5060,8,
pvt_v2_b5,224,32,fp32,,True,NVIDIA_GeForce_RTX_5060,8,
pvt_v2_b5,224,64,bf16,,True,NVIDIA_GeForce_RTX_5060,8,
pvt_v2_b5,224,64,fp16,,True,NVIDIA_GeForce_RTX_5060,8,
pvt_v2_b5,224,64,fp32,,True,NVIDIA_GeForce_RTX_5060,8,
regnety_032,64,16,bf16,11.778016090393066,False,NVIDIA_GeForce_RTX_5060,8,
regnety_032,64,16,fp16,11.655839920043944,False,NVIDIA_GeForce_RTX_5060,8,
regnety_032,64,16,fp32,17.618223190307617,False,NVIDIA_GeForce_RTX_5060,8,
regnety_032,64,32,bf16,15.322768211364746,False,NVIDIA_GeForce_RTX_5060,8,
regnety_032,64,32,fp16,14.804032325744627,False,NVIDIA_GeForce_RTX_5060,8,
regnety_032,64,32,fp32,27.18401527404785,False,NVIDIA_GeForce_RTX_5060,8,
regnety_032,64,64,bf16,24.7073917388916,False,NVIDIA_GeForce_RTX_5060,8,
regnety_032,64,64,fp16,23.02801513671875,False,NVIDIA_GeForce_RTX_5060,8,
regnety_032,64,64,fp32,42.67689514160156,False,NVIDIA_GeForce_RTX_5060,8,
regnety_032,128,16,bf16,22.486223220825195,False,NVIDIA_GeForce_RTX_5060,8,
regnety_032,128,16,fp16,20.517343521118164,False,NVIDIA_GeForce_RTX_5060,8,
regnety_032,128,16,fp32,35.028831481933594,False,NVIDIA_GeForce_RTX_5060,8,
regnety_032,128,32,bf16,33.46161651611328,False,NVIDIA_GeForce_RTX_5060,8,
regnety_032,128,32,fp16,28.98054313659668,False,NVIDIA_GeForce_RTX_5060,8,
regnety_032,128,32,fp32,48.164337158203125,False,NVIDIA_GeForce_RTX_5060,8,
regnety_032,128,64,bf16,77.39151763916016,False,NVIDIA_GeForce_RTX_5060,8,
regnety_032,128,64,fp16,63.21308898925781,False,NVIDIA_GeForce_RTX_5060,8,
regnety_032,128,64,fp32,93.11692810058594,False,NVIDIA_GeForce_RTX_5060,8,
regnety_032,224,16,bf16,54.39790344238281,False,NVIDIA_GeForce_RTX_5060,8,
regnety_032,224,16,fp16,45.20665740966797,False,NVIDIA_GeForce_RTX_5060,8,
regnety_032,224,16,fp32,72.14179229736328,False,NVIDIA_GeForce_RTX_5060,8,
regnety_032,224,32,bf16,91.72357177734376,False,NVIDIA_GeForce_RTX_5060,8,
regnety_032,224,32,fp16,79.56953430175781,False,NVIDIA_GeForce_RTX_5060,8,
regnety_032,224,32,fp32,139.38232421875,False,NVIDIA_GeForce_RTX_5060,8,
regnety_032,224,64,bf16,194.41107177734372,False,NVIDIA_GeForce_RTX_5060,8,
regnety_032,224,64,fp16,171.3667755126953,False,NVIDIA_GeForce_RTX_5060,8,
regnety_032,224,64,fp32,,True,NVIDIA_GeForce_RTX_5060,8,
regnety_080,64,16,bf16,21.261375427246094,False,NVIDIA_GeForce_RTX_5060,8,
regnety_080,64,16,fp16,20.035968780517575,False,NVIDIA_GeForce_RTX_5060,8,
regnety_080,64,16,fp32,29.31716728210449,False,NVIDIA_GeForce_RTX_5060,8,
regnety_080,64,32,bf16,32.55049514770508,False,NVIDIA_GeForce_RTX_5060,8,
regnety_080,64,32,fp16,32.16342544555664,False,NVIDIA_GeForce_RTX_5060,8,
regnety_080,64,32,fp32,41.71227264404297,False,NVIDIA_GeForce_RTX_5060,8,
regnety_080,64,64,bf16,55.69364929199219,False,NVIDIA_GeForce_RTX_5060,8,
regnety_080,64,64,fp16,54.76959991455078,False,NVIDIA_GeForce_RTX_5060,8,
regnety_080,64,64,fp32,94.24591827392578,False,NVIDIA_GeForce_RTX_5060,8,
regnety_080,128,16,bf16,34.88470458984375,False,NVIDIA_GeForce_RTX_5060,8,
regnety_080,128,16,fp16,32.70065689086914,False,NVIDIA_GeForce_RTX_5060,8,
regnety_080,128,16,fp32,48.27302551269531,False,NVIDIA_GeForce_RTX_5060,8,
regnety_080,128,32,bf16,59.57161712646485,False,NVIDIA_GeForce_RTX_5060,8,
regnety_080,128,32,fp16,55.76188659667969,False,NVIDIA_GeForce_RTX_5060,8,
regnety_080,128,32,fp32,80.33460998535156,False,NVIDIA_GeForce_RTX_5060,8,
regnety_080,128,64,bf16,99.73321533203124,False,NVIDIA_GeForce_RTX_5060,8,
regnety_080,128,64,fp16,88.31017303466797,False,NVIDIA_GeForce_RTX_5060,8,
regnety_080,128,64,fp32,230.6537628173828,False,NVIDIA_GeForce_RTX_5060,8,
regnety_080,224,16,bf16,77.97270202636719,False,NVIDIA_GeForce_RTX_5060,8,
regnety_080,224,16,fp16,67.31094360351562,False,NVIDIA_GeForce_RTX_5060,8,
regnety_080,224,16,fp32,125.13377380371094,False,NVIDIA_GeForce_RTX_5060,8,
regnety_080,224,32,bf16,155.51431274414062,False,NVIDIA_GeForce_RTX_5060,8,
regnety_080,224,32,fp16,137.37493896484375,False,NVIDIA_GeForce_RTX_5060,8,
regnety_080,224,32,fp32,,True,NVIDIA_GeForce_RTX_5060,8,
regnety_080,224,64,bf16,,True,NVIDIA_GeForce_RTX_5060,8,
regnety_080,224,64,fp16,,True,NVIDIA_GeForce_RTX_5060,8,
regnety_080,224,64,fp32,,True,NVIDIA_GeForce_RTX_5060,8,
regnety_160,64,16,bf16,47.40225601196289,False,NVIDIA_GeForce_RTX_5060,8,
regnety_160,64,16,fp16,44.90843200683594,False,NVIDIA_GeForce_RTX_5060,8,
regnety_160,64,16,fp32,46.92622375488281,False,NVIDIA_GeForce_RTX_5060,8,
regnety_160,64,32,bf16,68.20903778076172,False,NVIDIA_GeForce_RTX_5060,8,
regnety_160,64,32,fp16,64.78620910644531,False,NVIDIA_GeForce_RTX_5060,8,
regnety_160,64,32,fp32,79.20256042480469,False,NVIDIA_GeForce_RTX_5060,8,
regnety_160,64,64,bf16,110.49578857421876,False,NVIDIA_GeForce_RTX_5060,8,
regnety_160,64,64,fp16,99.95326232910156,False,NVIDIA_GeForce_RTX_5060,8,
regnety_160,64,64,fp32,109.46115112304688,False,NVIDIA_GeForce_RTX_5060,8,
regnety_160,128,16,bf16,64.54259490966797,False,NVIDIA_GeForce_RTX_5060,8,
regnety_160,128,16,fp16,60.95996856689453,False,NVIDIA_GeForce_RTX_5060,8,
regnety_160,128,16,fp32,69.60420989990234,False,NVIDIA_GeForce_RTX_5060,8,
regnety_160,128,32,bf16,107.35391998291016,False,NVIDIA_GeForce_RTX_5060,8,
regnety_160,128,32,fp16,100.46238708496094,False,NVIDIA_GeForce_RTX_5060,8,
regnety_160,128,32,fp32,145.7711944580078,False,NVIDIA_GeForce_RTX_5060,8,
regnety_160,128,64,bf16,1620.0889892578125,False,NVIDIA_GeForce_RTX_5060,8,slow_outlier
regnety_160,128,64,fp16,1607.592529296875,False,NVIDIA_GeForce_RTX_5060,8,slow_outlier
regnety_160,128,64,fp32,,True,NVIDIA_GeForce_RTX_5060,8,
regnety_160,224,16,bf16,130.92640686035156,False,NVIDIA_GeForce_RTX_5060,8,
regnety_160,224,16,fp16,119.54161834716795,False,NVIDIA_GeForce_RTX_5060,8,
regnety_160,224,16,fp32,205.4516448974609,False,NVIDIA_GeForce_RTX_5060,8,
regnety_160,224,32,bf16,,True,NVIDIA_GeForce_RTX_5060,8,
regnety_160,224,32,fp16,,True,NVIDIA_GeForce_RTX_5060,8,
regnety_160,224,32,fp32,,True,NVIDIA_GeForce_RTX_5060,8,
regnety_160,224,64,bf16,,True,NVIDIA_GeForce_RTX_5060,8,
regnety_160,224,64,fp16,,True,NVIDIA_GeForce_RTX_5060,8,
regnety_160,224,64,fp32,,True,NVIDIA_GeForce_RTX_5060,8,
regnety_320,64,16,bf16,67.00484466552734,False,NVIDIA_GeForce_RTX_5060,8,
regnety_320,64,16,fp16,65.04390716552734,False,NVIDIA_GeForce_RTX_5060,8,
regnety_320,64,16,fp32,89.25230407714844,False,NVIDIA_GeForce_RTX_5060,8,
regnety_320,64,32,bf16,93.9727020263672,False,NVIDIA_GeForce_RTX_5060,8,
regnety_320,64,32,fp16,89.76614379882812,False,NVIDIA_GeForce_RTX_5060,8,
regnety_320,64,32,fp32,122.80579376220705,False,NVIDIA_GeForce_RTX_5060,8,
regnety_320,64,64,bf16,154.9302215576172,False,NVIDIA_GeForce_RTX_5060,8,
regnety_320,64,64,fp16,143.17202758789062,False,NVIDIA_GeForce_RTX_5060,8,
regnety_320,64,64,fp32,177.4193572998047,False,NVIDIA_GeForce_RTX_5060,8,
regnety_320,128,16,bf16,90.52422332763672,False,NVIDIA_GeForce_RTX_5060,8,
regnety_320,128,16,fp16,87.13465881347656,False,NVIDIA_GeForce_RTX_5060,8,
regnety_320,128,16,fp32,133.57899475097656,False,NVIDIA_GeForce_RTX_5060,8,
regnety_320,128,32,bf16,153.952392578125,False,NVIDIA_GeForce_RTX_5060,8,
regnety_320,128,32,fp16,147.80731201171875,False,NVIDIA_GeForce_RTX_5060,8,
regnety_320,128,32,fp32,242.96990966796875,False,NVIDIA_GeForce_RTX_5060,8,
regnety_320,128,64,bf16,282.12384033203125,False,NVIDIA_GeForce_RTX_5060,8,
regnety_320,128,64,fp16,271.05328369140625,False,NVIDIA_GeForce_RTX_5060,8,
regnety_320,128,64,fp32,,True,NVIDIA_GeForce_RTX_5060,8,
regnety_320,224,16,bf16,203.07736206054688,False,NVIDIA_GeForce_RTX_5060,8,
regnety_320,224,16,fp16,190.9427947998047,False,NVIDIA_GeForce_RTX_5060,8,
regnety_320,224,16,fp32,,True,NVIDIA_GeForce_RTX_5060,8,
regnety_320,224,32,bf16,,True,NVIDIA_GeForce_RTX_5060,8,
regnety_320,224,32,fp16,,True,NVIDIA_GeForce_RTX_5060,8,
regnety_320,224,32,fp32,,True,NVIDIA_GeForce_RTX_5060,8,
regnety_320,224,64,bf16,,True,NVIDIA_GeForce_RTX_5060,8,
regnety_320,224,64,fp16,,True,NVIDIA_GeForce_RTX_5060,8,
regnety_320,224,64,fp32,,True,NVIDIA_GeForce_RTX_5060,8,
repvgg_a2,64,16,bf16,9.902560234069824,False,NVIDIA_GeForce_RTX_5060,8,
repvgg_a2,64,16,fp16,9.52945613861084,False,NVIDIA_GeForce_RTX_5060,8,
repvgg_a2,64,16,fp32,13.886943817138672,False,NVIDIA_GeForce_RTX_5060,8,
repvgg_a2,64,32,bf16,12.602208137512209,False,NVIDIA_GeForce_RTX_5060,8,
repvgg_a2,64,32,fp16,11.785951614379885,False,NVIDIA_GeForce_RTX_5060,8,
repvgg_a2,64,32,fp32,20.10540771484375,False,NVIDIA_GeForce_RTX_5060,8,
repvgg_a2,64,64,bf16,19.069072723388672,False,NVIDIA_GeForce_RTX_5060,8,
repvgg_a2,64,64,fp16,17.421152114868164,False,NVIDIA_GeForce_RTX_5060,8,
repvgg_a2,64,64,fp32,30.208288192749023,False,NVIDIA_GeForce_RTX_5060,8,
repvgg_a2,128,16,bf16,16.10856056213379,False,NVIDIA_GeForce_RTX_5060,8,
repvgg_a2,128,16,fp16,15.144240379333496,False,NVIDIA_GeForce_RTX_5060,8,
repvgg_a2,128,16,fp32,24.49668884277344,False,NVIDIA_GeForce_RTX_5060,8,
repvgg_a2,128,32,bf16,25.549583435058597,False,NVIDIA_GeForce_RTX_5060,8,
repvgg_a2,128,32,fp16,23.617488861083984,False,NVIDIA_GeForce_RTX_5060,8,
repvgg_a2,128,32,fp32,38.304161071777344,False,NVIDIA_GeForce_RTX_5060,8,
repvgg_a2,128,64,bf16,45.91559982299805,False,NVIDIA_GeForce_RTX_5060,8,
repvgg_a2,128,64,fp16,42.56143951416016,False,NVIDIA_GeForce_RTX_5060,8,
repvgg_a2,128,64,fp32,72.20342254638672,False,NVIDIA_GeForce_RTX_5060,8,
repvgg_a2,224,16,bf16,35.520687103271484,False,NVIDIA_GeForce_RTX_5060,8,
repvgg_a2,224,16,fp16,32.285743713378906,False,NVIDIA_GeForce_RTX_5060,8,
repvgg_a2,224,16,fp32,57.58446502685547,False,NVIDIA_GeForce_RTX_5060,8,
repvgg_a2,224,32,bf16,67.71788787841797,False,NVIDIA_GeForce_RTX_5060,8,
repvgg_a2,224,32,fp16,62.11500930786133,False,NVIDIA_GeForce_RTX_5060,8,
repvgg_a2,224,32,fp32,113.53260803222656,False,NVIDIA_GeForce_RTX_5060,8,
repvgg_a2,224,64,bf16,132.7592315673828,False,NVIDIA_GeForce_RTX_5060,8,
repvgg_a2,224,64,fp16,124.01280212402344,False,NVIDIA_GeForce_RTX_5060,8,
repvgg_a2,224,64,fp32,224.71267700195312,False,NVIDIA_GeForce_RTX_5060,8,
resmlp_24_224,64,16,bf16,9.5164155960083,False,NVIDIA_GeForce_RTX_5060,8,
resmlp_24_224,64,16,fp16,9.34876823425293,False,NVIDIA_GeForce_RTX_5060,8,
resmlp_24_224,64,16,fp32,13.905136108398438,False,NVIDIA_GeForce_RTX_5060,8,
resmlp_24_224,64,32,bf16,11.696784019470217,False,NVIDIA_GeForce_RTX_5060,8,
resmlp_24_224,64,32,fp16,11.558735847473145,False,NVIDIA_GeForce_RTX_5060,8,
resmlp_24_224,64,32,fp32,19.23374366760254,False,NVIDIA_GeForce_RTX_5060,8,
resmlp_24_224,64,64,bf16,15.67470359802246,False,NVIDIA_GeForce_RTX_5060,8,
resmlp_24_224,64,64,fp16,20.201696395874023,False,NVIDIA_GeForce_RTX_5060,8,
resmlp_24_224,64,64,fp32,33.10489654541016,False,NVIDIA_GeForce_RTX_5060,8,
resmlp_24_224,128,16,bf16,16.16756820678711,False,NVIDIA_GeForce_RTX_5060,8,
resmlp_24_224,128,16,fp16,16.07904052734375,False,NVIDIA_GeForce_RTX_5060,8,
resmlp_24_224,128,16,fp32,32.17558288574219,False,NVIDIA_GeForce_RTX_5060,8,
resmlp_24_224,128,32,bf16,25.515600204467773,False,NVIDIA_GeForce_RTX_5060,8,
resmlp_24_224,128,32,fp16,25.371824264526367,False,NVIDIA_GeForce_RTX_5060,8,
resmlp_24_224,128,32,fp32,50.21417617797852,False,NVIDIA_GeForce_RTX_5060,8,
resmlp_24_224,128,64,bf16,44.92715072631836,False,NVIDIA_GeForce_RTX_5060,8,
resmlp_24_224,128,64,fp16,44.3480339050293,False,NVIDIA_GeForce_RTX_5060,8,
resmlp_24_224,128,64,fp32,98.79235076904295,False,NVIDIA_GeForce_RTX_5060,8,
resmlp_24_224,224,16,bf16,38.1671028137207,False,NVIDIA_GeForce_RTX_5060,8,
resmlp_24_224,224,16,fp16,37.90111923217773,False,NVIDIA_GeForce_RTX_5060,8,
resmlp_24_224,224,16,fp32,80.46025848388672,False,NVIDIA_GeForce_RTX_5060,8,
resmlp_24_224,224,32,bf16,76.17088317871094,False,NVIDIA_GeForce_RTX_5060,8,
resmlp_24_224,224,32,fp16,75.55522918701172,False,NVIDIA_GeForce_RTX_5060,8,
resmlp_24_224,224,32,fp32,161.17910766601562,False,NVIDIA_GeForce_RTX_5060,8,
resmlp_24_224,224,64,bf16,163.60488891601562,False,NVIDIA_GeForce_RTX_5060,8,
resmlp_24_224,224,64,fp16,163.37255859375,False,NVIDIA_GeForce_RTX_5060,8,
resmlp_24_224,224,64,fp32,,True,NVIDIA_GeForce_RTX_5060,8,
resnet101,64,16,bf16,18.363679885864254,False,NVIDIA_GeForce_RTX_5060,8,
resnet101,64,16,fp16,16.947904586791992,False,NVIDIA_GeForce_RTX_5060,8,
resnet101,64,16,fp32,25.738256454467773,False,NVIDIA_GeForce_RTX_5060,8,
resnet101,64,32,bf16,27.47508811950684,False,NVIDIA_GeForce_RTX_5060,8,
resnet101,64,32,fp16,24.66247940063477,False,NVIDIA_GeForce_RTX_5060,8,
resnet101,64,32,fp32,41.43767929077149,False,NVIDIA_GeForce_RTX_5060,8,
resnet101,64,64,bf16,46.35603332519531,False,NVIDIA_GeForce_RTX_5060,8,
resnet101,64,64,fp16,40.92087936401367,False,NVIDIA_GeForce_RTX_5060,8,
resnet101,64,64,fp32,69.23343658447266,False,NVIDIA_GeForce_RTX_5060,8,
resnet101,128,16,bf16,29.60892868041992,False,NVIDIA_GeForce_RTX_5060,8,
resnet101,128,16,fp16,24.53215980529785,False,NVIDIA_GeForce_RTX_5060,8,
resnet101,128,16,fp32,38.48361587524414,False,NVIDIA_GeForce_RTX_5060,8,
resnet101,128,32,bf16,49.04523086547852,False,NVIDIA_GeForce_RTX_5060,8,
resnet101,128,32,fp16,41.7619514465332,False,NVIDIA_GeForce_RTX_5060,8,
resnet101,128,32,fp32,71.84062194824219,False,NVIDIA_GeForce_RTX_5060,8,
resnet101,128,64,bf16,91.05166625976562,False,NVIDIA_GeForce_RTX_5060,8,
resnet101,128,64,fp16,79.0362548828125,False,NVIDIA_GeForce_RTX_5060,8,
resnet101,128,64,fp32,129.4220733642578,False,NVIDIA_GeForce_RTX_5060,8,
resnet101,224,16,bf16,62.501953125,False,NVIDIA_GeForce_RTX_5060,8,
resnet101,224,16,fp16,54.73158264160156,False,NVIDIA_GeForce_RTX_5060,8,
resnet101,224,16,fp32,95.54468536376952,False,NVIDIA_GeForce_RTX_5060,8,
resnet101,224,32,bf16,115.80207824707033,False,NVIDIA_GeForce_RTX_5060,8,
resnet101,224,32,fp16,102.94588470458984,False,NVIDIA_GeForce_RTX_5060,8,
resnet101,224,32,fp32,190.8589630126953,False,NVIDIA_GeForce_RTX_5060,8,
resnet101,224,64,bf16,228.98117065429688,False,NVIDIA_GeForce_RTX_5060,8,
resnet101,224,64,fp16,206.2786865234375,False,NVIDIA_GeForce_RTX_5060,8,
resnet101,224,64,fp32,,True,NVIDIA_GeForce_RTX_5060,8,
resnet152,64,16,bf16,26.12444877624512,False,NVIDIA_GeForce_RTX_5060,8,
resnet152,64,16,fp16,24.114303588867188,False,NVIDIA_GeForce_RTX_5060,8,
resnet152,64,16,fp32,35.91075134277344,False,NVIDIA_GeForce_RTX_5060,8,
resnet152,64,32,bf16,39.35044860839844,False,NVIDIA_GeForce_RTX_5060,8,
resnet152,64,32,fp16,35.36827087402344,False,NVIDIA_GeForce_RTX_5060,8,
resnet152,64,32,fp32,58.14641571044922,False,NVIDIA_GeForce_RTX_5060,8,
resnet152,64,64,bf16,67.89071655273438,False,NVIDIA_GeForce_RTX_5060,8,
resnet152,64,64,fp16,60.01572799682617,False,NVIDIA_GeForce_RTX_5060,8,
resnet152,64,64,fp32,95.93753814697266,False,NVIDIA_GeForce_RTX_5060,8,
resnet152,128,16,bf16,42.511375427246094,False,NVIDIA_GeForce_RTX_5060,8,
resnet152,128,16,fp16,34.77587127685547,False,NVIDIA_GeForce_RTX_5060,8,
resnet152,128,16,fp32,53.51772689819336,False,NVIDIA_GeForce_RTX_5060,8,
resnet152,128,32,bf16,70.47689819335938,False,NVIDIA_GeForce_RTX_5060,8,
resnet152,128,32,fp16,60.03289413452149,False,NVIDIA_GeForce_RTX_5060,8,
resnet152,128,32,fp32,101.2718276977539,False,NVIDIA_GeForce_RTX_5060,8,
resnet152,128,64,bf16,130.68435668945312,False,NVIDIA_GeForce_RTX_5060,8,
resnet152,128,64,fp16,112.77916717529295,False,NVIDIA_GeForce_RTX_5060,8,
resnet152,128,64,fp32,179.18246459960938,False,NVIDIA_GeForce_RTX_5060,8,
resnet152,224,16,bf16,88.5997085571289,False,NVIDIA_GeForce_RTX_5060,8,
resnet152,224,16,fp16,76.78950500488281,False,NVIDIA_GeForce_RTX_5060,8,
resnet152,224,16,fp32,133.70684814453125,False,NVIDIA_GeForce_RTX_5060,8,
resnet152,224,32,bf16,163.29470825195312,False,NVIDIA_GeForce_RTX_5060,8,
resnet152,224,32,fp16,144.20982360839844,False,NVIDIA_GeForce_RTX_5060,8,
resnet152,224,32,fp32,,True,NVIDIA_GeForce_RTX_5060,8,
resnet152,224,64,bf16,,True,NVIDIA_GeForce_RTX_5060,8,
resnet152,224,64,fp16,,True,NVIDIA_GeForce_RTX_5060,8,
resnet152,224,64,fp32,,True,NVIDIA_GeForce_RTX_5060,8,
resnet18,64,16,bf16,4.049759864807129,False,NVIDIA_GeForce_RTX_5060,8,
resnet18,64,16,fp16,3.9132800102233887,False,NVIDIA_GeForce_RTX_5060,8,
resnet18,64,16,fp32,6.488448143005371,False,NVIDIA_GeForce_RTX_5060,8,
resnet18,64,32,bf16,4.753312110900879,False,NVIDIA_GeForce_RTX_5060,8,
resnet18,64,32,fp16,4.495791912078857,False,NVIDIA_GeForce_RTX_5060,8,
resnet18,64,32,fp32,9.49465560913086,False,NVIDIA_GeForce_RTX_5060,8,
resnet18,64,64,bf16,6.479328155517578,False,NVIDIA_GeForce_RTX_5060,8,
resnet18,64,64,fp16,6.002031803131104,False,NVIDIA_GeForce_RTX_5060,8,
resnet18,64,64,fp32,16.25716781616211,False,NVIDIA_GeForce_RTX_5060,8,
resnet18,128,16,bf16,6.153503894805908,False,NVIDIA_GeForce_RTX_5060,8,
resnet18,128,16,fp16,5.890480041503906,False,NVIDIA_GeForce_RTX_5060,8,
resnet18,128,16,fp32,9.532256126403809,False,NVIDIA_GeForce_RTX_5060,8,
resnet18,128,32,bf16,10.011856079101562,False,NVIDIA_GeForce_RTX_5060,8,
resnet18,128,32,fp16,9.491151809692385,False,NVIDIA_GeForce_RTX_5060,8,
resnet18,128,32,fp32,14.14572811126709,False,NVIDIA_GeForce_RTX_5060,8,
resnet18,128,64,bf16,16.626432418823242,False,NVIDIA_GeForce_RTX_5060,8,
resnet18,128,64,fp16,15.787504196166992,False,NVIDIA_GeForce_RTX_5060,8,
resnet18,128,64,fp32,29.734272003173828,False,NVIDIA_GeForce_RTX_5060,8,
resnet18,224,16,bf16,13.450655937194824,False,NVIDIA_GeForce_RTX_5060,8,
resnet18,224,16,fp16,12.863519668579102,False,NVIDIA_GeForce_RTX_5060,8,
resnet18,224,16,fp32,20.281103134155277,False,NVIDIA_GeForce_RTX_5060,8,
resnet18,224,32,bf16,24.46836853027344,False,NVIDIA_GeForce_RTX_5060,8,
resnet18,224,32,fp16,23.390623092651367,False,NVIDIA_GeForce_RTX_5060,8,
resnet18,224,32,fp32,40.550689697265625,False,NVIDIA_GeForce_RTX_5060,8,
resnet18,224,64,bf16,49.14984130859375,False,NVIDIA_GeForce_RTX_5060,8,
resnet18,224,64,fp16,46.78955078125,False,NVIDIA_GeForce_RTX_5060,8,
resnet18,224,64,fp32,84.09110260009766,False,NVIDIA_GeForce_RTX_5060,8,
resnet200,64,16,bf16,30.780431747436523,False,NVIDIA_GeForce_RTX_5060,8,
resnet200,64,16,fp16,28.07651138305664,False,NVIDIA_GeForce_RTX_5060,8,
resnet200,64,16,fp32,41.7743034362793,False,NVIDIA_GeForce_RTX_5060,8,
resnet200,64,32,bf16,45.9135856628418,False,NVIDIA_GeForce_RTX_5060,8,
resnet200,64,32,fp16,41.001102447509766,False,NVIDIA_GeForce_RTX_5060,8,
resnet200,64,32,fp32,66.83283233642578,False,NVIDIA_GeForce_RTX_5060,8,
resnet200,64,64,bf16,79.17617797851562,False,NVIDIA_GeForce_RTX_5060,8,
resnet200,64,64,fp16,69.15727996826172,False,NVIDIA_GeForce_RTX_5060,8,
resnet200,64,64,fp32,112.57176208496094,False,NVIDIA_GeForce_RTX_5060,8,
resnet200,128,16,bf16,52.88009643554688,False,NVIDIA_GeForce_RTX_5060,8,
resnet200,128,16,fp16,42.34801483154297,False,NVIDIA_GeForce_RTX_5060,8,
resnet200,128,16,fp32,67.21257781982422,False,NVIDIA_GeForce_RTX_5060,8,
resnet200,128,32,bf16,90.82454681396484,False,NVIDIA_GeForce_RTX_5060,8,
resnet200,128,32,fp16,75.21785736083984,False,NVIDIA_GeForce_RTX_5060,8,
resnet200,128,32,fp32,126.06918334960938,False,NVIDIA_GeForce_RTX_5060,8,
resnet200,128,64,bf16,166.71353149414062,False,NVIDIA_GeForce_RTX_5060,8,
resnet200,128,64,fp16,139.4473114013672,False,NVIDIA_GeForce_RTX_5060,8,
resnet200,128,64,fp32,4049.98046875,False,NVIDIA_GeForce_RTX_5060,8,precision_artifact
resnet200,224,16,bf16,116.7872314453125,False,NVIDIA_GeForce_RTX_5060,8,
resnet200,224,16,fp16,97.68141174316406,False,NVIDIA_GeForce_RTX_5060,8,
resnet200,224,16,fp32,176.57025146484375,False,NVIDIA_GeForce_RTX_5060,8,
resnet200,224,32,bf16,221.5311584472656,False,NVIDIA_GeForce_RTX_5060,8,
resnet200,224,32,fp16,189.0792999267578,False,NVIDIA_GeForce_RTX_5060,8,
resnet200,224,32,fp32,,True,NVIDIA_GeForce_RTX_5060,8,
resnet200,224,64,bf16,,True,NVIDIA_GeForce_RTX_5060,8,
resnet200,224,64,fp16,,True,NVIDIA_GeForce_RTX_5060,8,
resnet200,224,64,fp32,,True,NVIDIA_GeForce_RTX_5060,8,
resnet50,64,16,bf16,9.707023620605469,False,NVIDIA_GeForce_RTX_5060,8,
resnet50,64,16,fp16,8.855119705200195,False,NVIDIA_GeForce_RTX_5060,8,
resnet50,64,16,fp32,14.763104438781738,False,NVIDIA_GeForce_RTX_5060,8,
resnet50,64,32,bf16,13.532655715942385,False,NVIDIA_GeForce_RTX_5060,8,
resnet50,64,32,fp16,11.86467170715332,False,NVIDIA_GeForce_RTX_5060,8,
resnet50,64,32,fp32,22.03550338745117,False,NVIDIA_GeForce_RTX_5060,8,
resnet50,64,64,bf16,22.013696670532227,False,NVIDIA_GeForce_RTX_5060,8,
resnet50,64,64,fp16,18.69438362121582,False,NVIDIA_GeForce_RTX_5060,8,
resnet50,64,64,fp32,39.47275161743164,False,NVIDIA_GeForce_RTX_5060,8,
resnet50,128,16,bf16,16.03366470336914,False,NVIDIA_GeForce_RTX_5060,8,
resnet50,128,16,fp16,13.571791648864746,False,NVIDIA_GeForce_RTX_5060,8,
resnet50,128,16,fp32,23.53545570373535,False,NVIDIA_GeForce_RTX_5060,8,
resnet50,128,32,bf16,26.977088928222656,False,NVIDIA_GeForce_RTX_5060,8,
resnet50,128,32,fp16,22.960975646972656,False,NVIDIA_GeForce_RTX_5060,8,
resnet50,128,32,fp32,42.31846237182617,False,NVIDIA_GeForce_RTX_5060,8,
resnet50,128,64,bf16,51.1099853515625,False,NVIDIA_GeForce_RTX_5060,8,
resnet50,128,64,fp16,43.80974578857422,False,NVIDIA_GeForce_RTX_5060,8,
resnet50,128,64,fp32,82.97984313964844,False,NVIDIA_GeForce_RTX_5060,8,
resnet50,224,16,bf16,37.70455932617188,False,NVIDIA_GeForce_RTX_5060,8,
resnet50,224,16,fp16,32.35843276977539,False,NVIDIA_GeForce_RTX_5060,8,
resnet50,224,16,fp32,59.38959884643555,False,NVIDIA_GeForce_RTX_5060,8,
resnet50,224,32,bf16,72.46638488769531,False,NVIDIA_GeForce_RTX_5060,8,
resnet50,224,32,fp16,63.31329727172852,False,NVIDIA_GeForce_RTX_5060,8,
resnet50,224,32,fp32,118.60460662841795,False,NVIDIA_GeForce_RTX_5060,8,
resnet50,224,64,bf16,144.6858673095703,False,NVIDIA_GeForce_RTX_5060,8,
resnet50,224,64,fp16,129.0314178466797,False,NVIDIA_GeForce_RTX_5060,8,
resnet50,224,64,fp32,,True,NVIDIA_GeForce_RTX_5060,8,
resnext101_64x4d,64,16,bf16,44.83977508544922,False,NVIDIA_GeForce_RTX_5060,8,
resnext101_64x4d,64,16,fp16,40.464542388916016,False,NVIDIA_GeForce_RTX_5060,8,
resnext101_64x4d,64,16,fp32,78.34760284423828,False,NVIDIA_GeForce_RTX_5060,8,
resnext101_64x4d,64,32,bf16,74.68446350097656,False,NVIDIA_GeForce_RTX_5060,8,
resnext101_64x4d,64,32,fp16,64.34712219238281,False,NVIDIA_GeForce_RTX_5060,8,
resnext101_64x4d,64,32,fp32,128.51089477539062,False,NVIDIA_GeForce_RTX_5060,8,
resnext101_64x4d,64,64,bf16,127.06623840332033,False,NVIDIA_GeForce_RTX_5060,8,
resnext101_64x4d,64,64,fp16,110.84593963623048,False,NVIDIA_GeForce_RTX_5060,8,
resnext101_64x4d,64,64,fp32,205.28843688964844,False,NVIDIA_GeForce_RTX_5060,8,
resnext101_64x4d,128,16,bf16,65.34722900390625,False,NVIDIA_GeForce_RTX_5060,8,
resnext101_64x4d,128,16,fp16,55.23064041137695,False,NVIDIA_GeForce_RTX_5060,8,
resnext101_64x4d,128,16,fp32,116.88438415527344,False,NVIDIA_GeForce_RTX_5060,8,
resnext101_64x4d,128,32,bf16,86.98416137695312,False,NVIDIA_GeForce_RTX_5060,8,
resnext101_64x4d,128,32,fp16,67.1351547241211,False,NVIDIA_GeForce_RTX_5060,8,
resnext101_64x4d,128,32,fp32,170.29420471191406,False,NVIDIA_GeForce_RTX_5060,8,
resnext101_64x4d,128,64,bf16,194.69093322753903,False,NVIDIA_GeForce_RTX_5060,8,
resnext101_64x4d,128,64,fp16,160.69407653808594,False,NVIDIA_GeForce_RTX_5060,8,
resnext101_64x4d,128,64,fp32,3382.228515625,False,NVIDIA_GeForce_RTX_5060,8,precision_artifact
resnext101_64x4d,224,16,bf16,148.91220092773438,False,NVIDIA_GeForce_RTX_5060,8,
resnext101_64x4d,224,16,fp16,121.38775634765624,False,NVIDIA_GeForce_RTX_5060,8,
resnext101_64x4d,224,16,fp32,223.9642333984375,False,NVIDIA_GeForce_RTX_5060,8,
resnext101_64x4d,224,32,bf16,246.1300048828125,False,NVIDIA_GeForce_RTX_5060,8,
resnext101_64x4d,224,32,fp16,206.2841033935547,False,NVIDIA_GeForce_RTX_5060,8,
resnext101_64x4d,224,32,fp32,,True,NVIDIA_GeForce_RTX_5060,8,
resnext101_64x4d,224,64,bf16,,True,NVIDIA_GeForce_RTX_5060,8,
resnext101_64x4d,224,64,fp16,,True,NVIDIA_GeForce_RTX_5060,8,
resnext101_64x4d,224,64,fp32,,True,NVIDIA_GeForce_RTX_5060,8,
resnext50_32x4d,64,16,bf16,11.46190357208252,False,NVIDIA_GeForce_RTX_5060,8,
resnext50_32x4d,64,16,fp16,10.079584121704102,False,NVIDIA_GeForce_RTX_5060,8,
resnext50_32x4d,64,16,fp32,20.783727645874023,False,NVIDIA_GeForce_RTX_5060,8,
resnext50_32x4d,64,32,bf16,17.428831100463867,False,NVIDIA_GeForce_RTX_5060,8,
resnext50_32x4d,64,32,fp16,14.498736381530762,False,NVIDIA_GeForce_RTX_5060,8,
resnext50_32x4d,64,32,fp32,33.5819206237793,False,NVIDIA_GeForce_RTX_5060,8,
resnext50_32x4d,64,64,bf16,30.19385528564453,False,NVIDIA_GeForce_RTX_5060,8,
resnext50_32x4d,64,64,fp16,24.44820785522461,False,NVIDIA_GeForce_RTX_5060,8,
resnext50_32x4d,64,64,fp32,53.02876663208008,False,NVIDIA_GeForce_RTX_5060,8,
resnext50_32x4d,128,16,bf16,20.35726356506348,False,NVIDIA_GeForce_RTX_5060,8,
resnext50_32x4d,128,16,fp16,16.412399291992188,False,NVIDIA_GeForce_RTX_5060,8,
resnext50_32x4d,128,16,fp32,38.46995162963867,False,NVIDIA_GeForce_RTX_5060,8,
resnext50_32x4d,128,32,bf16,33.624046325683594,False,NVIDIA_GeForce_RTX_5060,8,
resnext50_32x4d,128,32,fp16,25.61623954772949,False,NVIDIA_GeForce_RTX_5060,8,
resnext50_32x4d,128,32,fp32,60.23476791381836,False,NVIDIA_GeForce_RTX_5060,8,
resnext50_32x4d,128,64,bf16,70.1947021484375,False,NVIDIA_GeForce_RTX_5060,8,
resnext50_32x4d,128,64,fp16,56.027870178222656,False,NVIDIA_GeForce_RTX_5060,8,
resnext50_32x4d,128,64,fp32,109.27999877929688,False,NVIDIA_GeForce_RTX_5060,8,
resnext50_32x4d,224,16,bf16,51.52684783935547,False,NVIDIA_GeForce_RTX_5060,8,
resnext50_32x4d,224,16,fp16,40.21692657470703,False,NVIDIA_GeForce_RTX_5060,8,
resnext50_32x4d,224,16,fp32,82.79500579833984,False,NVIDIA_GeForce_RTX_5060,8,
resnext50_32x4d,224,32,bf16,97.65235137939452,False,NVIDIA_GeForce_RTX_5060,8,
resnext50_32x4d,224,32,fp16,77.50161743164062,False,NVIDIA_GeForce_RTX_5060,8,
resnext50_32x4d,224,32,fp32,162.562255859375,False,NVIDIA_GeForce_RTX_5060,8,
resnext50_32x4d,224,64,bf16,197.1184539794922,False,NVIDIA_GeForce_RTX_5060,8,
resnext50_32x4d,224,64,fp16,168.8834686279297,False,NVIDIA_GeForce_RTX_5060,8,
resnext50_32x4d,224,64,fp32,,True,NVIDIA_GeForce_RTX_5060,8,
swin_base_patch4_window7_224,64,16,bf16,23.28424072265625,False,NVIDIA_GeForce_RTX_5060,8,
swin_base_patch4_window7_224,64,16,fp16,22.84324836730957,False,NVIDIA_GeForce_RTX_5060,8,
swin_base_patch4_window7_224,64,16,fp32,32.1426887512207,False,NVIDIA_GeForce_RTX_5060,8,
swin_base_patch4_window7_224,64,32,bf16,30.80830383300781,False,NVIDIA_GeForce_RTX_5060,8,
swin_base_patch4_window7_224,64,32,fp16,29.957199096679688,False,NVIDIA_GeForce_RTX_5060,8,
swin_base_patch4_window7_224,64,32,fp32,49.42887878417969,False,NVIDIA_GeForce_RTX_5060,8,
swin_base_patch4_window7_224,64,64,bf16,45.5986557006836,False,NVIDIA_GeForce_RTX_5060,8,
swin_base_patch4_window7_224,64,64,fp16,44.50779342651367,False,NVIDIA_GeForce_RTX_5060,8,
swin_base_patch4_window7_224,64,64,fp32,86.29647827148438,False,NVIDIA_GeForce_RTX_5060,8,
swin_base_patch4_window7_224,128,16,bf16,59.65233612060547,False,NVIDIA_GeForce_RTX_5060,8,
swin_base_patch4_window7_224,128,16,fp16,58.014495849609375,False,NVIDIA_GeForce_RTX_5060,8,
swin_base_patch4_window7_224,128,16,fp32,114.76846313476562,False,NVIDIA_GeForce_RTX_5060,8,
swin_base_patch4_window7_224,128,32,bf16,114.35979461669922,False,NVIDIA_GeForce_RTX_5060,8,
swin_base_patch4_window7_224,128,32,fp16,111.27833557128906,False,NVIDIA_GeForce_RTX_5060,8,
swin_base_patch4_window7_224,128,32,fp32,227.85891723632807,False,NVIDIA_GeForce_RTX_5060,8,
swin_base_patch4_window7_224,128,64,bf16,3061.706298828125,False,NVIDIA_GeForce_RTX_5060,8,slow_outlier
swin_base_patch4_window7_224,128,64,fp16,1913.8995361328125,False,NVIDIA_GeForce_RTX_5060,8,slow_outlier
swin_base_patch4_window7_224,128,64,fp32,,True,NVIDIA_GeForce_RTX_5060,8,
swin_base_patch4_window7_224,224,16,bf16,104.6695556640625,False,NVIDIA_GeForce_RTX_5060,8,
swin_base_patch4_window7_224,224,16,fp16,102.31463623046876,False,NVIDIA_GeForce_RTX_5060,8,
swin_base_patch4_window7_224,224,16,fp32,215.47886657714844,False,NVIDIA_GeForce_RTX_5060,8,
swin_base_patch4_window7_224,224,32,bf16,1223.27294921875,False,NVIDIA_GeForce_RTX_5060,8,slow_outlier
swin_base_patch4_window7_224,224,32,fp16,1166.2296142578125,False,NVIDIA_GeForce_RTX_5060,8,slow_outlier
swin_base_patch4_window7_224,224,32,fp32,,True,NVIDIA_GeForce_RTX_5060,8,
swin_base_patch4_window7_224,224,64,bf16,,True,NVIDIA_GeForce_RTX_5060,8,
swin_base_patch4_window7_224,224,64,fp16,,True,NVIDIA_GeForce_RTX_5060,8,
swin_base_patch4_window7_224,224,64,fp32,,True,NVIDIA_GeForce_RTX_5060,8,
swin_tiny_patch4_window7_224,64,16,bf16,9.633392333984377,False,NVIDIA_GeForce_RTX_5060,8,
swin_tiny_patch4_window7_224,64,16,fp16,9.302319526672363,False,NVIDIA_GeForce_RTX_5060,8,
swin_tiny_patch4_window7_224,64,16,fp32,13.032879829406738,False,NVIDIA_GeForce_RTX_5060,8,
swin_tiny_patch4_window7_224,64,32,bf16,13.196208000183104,False,NVIDIA_GeForce_RTX_5060,8,
swin_tiny_patch4_window7_224,64,32,fp16,12.688447952270508,False,NVIDIA_GeForce_RTX_5060,8,
swin_tiny_patch4_window7_224,64,32,fp32,20.07491111755371,False,NVIDIA_GeForce_RTX_5060,8,
swin_tiny_patch4_window7_224,64,64,bf16,20.254432678222656,False,NVIDIA_GeForce_RTX_5060,8,
swin_tiny_patch4_window7_224,64,64,fp16,19.48177528381348,False,NVIDIA_GeForce_RTX_5060,8,
swin_tiny_patch4_window7_224,64,64,fp32,36.58489608764648,False,NVIDIA_GeForce_RTX_5060,8,
swin_tiny_patch4_window7_224,128,16,bf16,21.54684829711914,False,NVIDIA_GeForce_RTX_5060,8,
swin_tiny_patch4_window7_224,128,16,fp16,20.86808013916016,False,NVIDIA_GeForce_RTX_5060,8,
swin_tiny_patch4_window7_224,128,16,fp32,38.25089645385742,False,NVIDIA_GeForce_RTX_5060,8,
swin_tiny_patch4_window7_224,128,32,bf16,40.12664031982422,False,NVIDIA_GeForce_RTX_5060,8,
swin_tiny_patch4_window7_224,128,32,fp16,38.65339279174805,False,NVIDIA_GeForce_RTX_5060,8,
swin_tiny_patch4_window7_224,128,32,fp32,73.64396667480469,False,NVIDIA_GeForce_RTX_5060,8,
swin_tiny_patch4_window7_224,128,64,bf16,83.01129913330078,False,NVIDIA_GeForce_RTX_5060,8,
swin_tiny_patch4_window7_224,128,64,fp16,81.58470153808594,False,NVIDIA_GeForce_RTX_5060,8,
swin_tiny_patch4_window7_224,128,64,fp32,149.98269653320312,False,NVIDIA_GeForce_RTX_5060,8,
swin_tiny_patch4_window7_224,224,16,bf16,43.9135856628418,False,NVIDIA_GeForce_RTX_5060,8,
swin_tiny_patch4_window7_224,224,16,fp16,43.03684616088867,False,NVIDIA_GeForce_RTX_5060,8,
swin_tiny_patch4_window7_224,224,16,fp32,81.09226989746094,False,NVIDIA_GeForce_RTX_5060,8,
swin_tiny_patch4_window7_224,224,32,bf16,88.08174133300781,False,NVIDIA_GeForce_RTX_5060,8,
swin_tiny_patch4_window7_224,224,32,fp16,86.21977233886719,False,NVIDIA_GeForce_RTX_5060,8,
swin_tiny_patch4_window7_224,224,32,fp32,161.20968627929688,False,NVIDIA_GeForce_RTX_5060,8,
swin_tiny_patch4_window7_224,224,64,bf16,182.45852661132807,False,NVIDIA_GeForce_RTX_5060,8,
swin_tiny_patch4_window7_224,224,64,fp16,179.41094970703125,False,NVIDIA_GeForce_RTX_5060,8,
swin_tiny_patch4_window7_224,224,64,fp32,,True,NVIDIA_GeForce_RTX_5060,8,
swinv2_cr_tiny_ns_224,64,16,bf16,10.640687942504885,False,NVIDIA_GeForce_RTX_5060,8,
swinv2_cr_tiny_ns_224,64,16,fp16,10.32652759552002,False,NVIDIA_GeForce_RTX_5060,8,
swinv2_cr_tiny_ns_224,64,16,fp32,13.476143836975098,False,NVIDIA_GeForce_RTX_5060,8,
swinv2_cr_tiny_ns_224,64,32,bf16,14.186400413513184,False,NVIDIA_GeForce_RTX_5060,8,
swinv2_cr_tiny_ns_224,64,32,fp16,13.618800163269045,False,NVIDIA_GeForce_RTX_5060,8,
swinv2_cr_tiny_ns_224,64,32,fp32,19.779935836791992,False,NVIDIA_GeForce_RTX_5060,8,
swinv2_cr_tiny_ns_224,64,64,bf16,20.71640014648437,False,NVIDIA_GeForce_RTX_5060,8,
swinv2_cr_tiny_ns_224,64,64,fp16,19.92511940002441,False,NVIDIA_GeForce_RTX_5060,8,
swinv2_cr_tiny_ns_224,64,64,fp32,34.348350524902344,False,NVIDIA_GeForce_RTX_5060,8,
swinv2_cr_tiny_ns_224,128,16,bf16,19.708511352539062,False,NVIDIA_GeForce_RTX_5060,8,
swinv2_cr_tiny_ns_224,128,16,fp16,19.30299186706543,False,NVIDIA_GeForce_RTX_5060,8,
swinv2_cr_tiny_ns_224,128,16,fp32,33.46247863769531,False,NVIDIA_GeForce_RTX_5060,8,
swinv2_cr_tiny_ns_224,128,32,bf16,34.285118103027344,False,NVIDIA_GeForce_RTX_5060,8,
swinv2_cr_tiny_ns_224,128,32,fp16,33.51142501831055,False,NVIDIA_GeForce_RTX_5060,8,
swinv2_cr_tiny_ns_224,128,32,fp32,60.260929107666016,False,NVIDIA_GeForce_RTX_5060,8,
swinv2_cr_tiny_ns_224,128,64,bf16,68.10408020019531,False,NVIDIA_GeForce_RTX_5060,8,
swinv2_cr_tiny_ns_224,128,64,fp16,67.36763000488281,False,NVIDIA_GeForce_RTX_5060,8,
swinv2_cr_tiny_ns_224,128,64,fp32,121.49301147460938,False,NVIDIA_GeForce_RTX_5060,8,
swinv2_cr_tiny_ns_224,224,16,bf16,59.40691375732422,False,NVIDIA_GeForce_RTX_5060,8,
swinv2_cr_tiny_ns_224,224,16,fp16,58.44188690185547,False,NVIDIA_GeForce_RTX_5060,8,
swinv2_cr_tiny_ns_224,224,16,fp32,94.47801971435548,False,NVIDIA_GeForce_RTX_5060,8,
swinv2_cr_tiny_ns_224,224,32,bf16,122.13136291503906,False,NVIDIA_GeForce_RTX_5060,8,
swinv2_cr_tiny_ns_224,224,32,fp16,120.17937469482422,False,NVIDIA_GeForce_RTX_5060,8,
swinv2_cr_tiny_ns_224,224,32,fp32,189.37925720214844,False,NVIDIA_GeForce_RTX_5060,8,
swinv2_cr_tiny_ns_224,224,64,bf16,,True,NVIDIA_GeForce_RTX_5060,8,
swinv2_cr_tiny_ns_224,224,64,fp16,,True,NVIDIA_GeForce_RTX_5060,8,
swinv2_cr_tiny_ns_224,224,64,fp32,,True,NVIDIA_GeForce_RTX_5060,8,
twins_pcpvt_small,64,16,bf16,10.144543647766112,False,NVIDIA_GeForce_RTX_5060,8,
twins_pcpvt_small,64,16,fp16,9.857392311096191,False,NVIDIA_GeForce_RTX_5060,8,
twins_pcpvt_small,64,16,fp32,13.84545612335205,False,NVIDIA_GeForce_RTX_5060,8,
twins_pcpvt_small,64,32,bf16,12.777695655822754,False,NVIDIA_GeForce_RTX_5060,8,
twins_pcpvt_small,64,32,fp16,12.470895767211914,False,NVIDIA_GeForce_RTX_5060,8,
twins_pcpvt_small,64,32,fp32,20.35636711120605,False,NVIDIA_GeForce_RTX_5060,8,
twins_pcpvt_small,64,64,bf16,17.85550308227539,False,NVIDIA_GeForce_RTX_5060,8,
twins_pcpvt_small,64,64,fp16,17.595359802246094,False,NVIDIA_GeForce_RTX_5060,8,
twins_pcpvt_small,64,64,fp32,34.2151985168457,False,NVIDIA_GeForce_RTX_5060,8,
twins_pcpvt_small,128,16,bf16,16.72902488708496,False,NVIDIA_GeForce_RTX_5060,8,
twins_pcpvt_small,128,16,fp16,16.45065689086914,False,NVIDIA_GeForce_RTX_5060,8,
twins_pcpvt_small,128,16,fp32,30.004304885864254,False,NVIDIA_GeForce_RTX_5060,8,
twins_pcpvt_small,128,32,bf16,27.582239151000977,False,NVIDIA_GeForce_RTX_5060,8,
twins_pcpvt_small,128,32,fp16,27.026351928710938,False,NVIDIA_GeForce_RTX_5060,8,
twins_pcpvt_small,128,32,fp32,50.06155014038086,False,NVIDIA_GeForce_RTX_5060,8,
twins_pcpvt_small,128,64,bf16,49.71548843383789,False,NVIDIA_GeForce_RTX_5060,8,
twins_pcpvt_small,128,64,fp16,49.14763259887695,False,NVIDIA_GeForce_RTX_5060,8,
twins_pcpvt_small,128,64,fp32,92.75526428222656,False,NVIDIA_GeForce_RTX_5060,8,
twins_pcpvt_small,224,16,bf16,40.16487884521485,False,NVIDIA_GeForce_RTX_5060,8,
twins_pcpvt_small,224,16,fp16,39.768367767333984,False,NVIDIA_GeForce_RTX_5060,8,
twins_pcpvt_small,224,16,fp32,75.66345977783203,False,NVIDIA_GeForce_RTX_5060,8,
twins_pcpvt_small,224,32,bf16,74.83692932128906,False,NVIDIA_GeForce_RTX_5060,8,
twins_pcpvt_small,224,32,fp16,74.78409576416016,False,NVIDIA_GeForce_RTX_5060,8,
twins_pcpvt_small,224,32,fp32,142.9183349609375,False,NVIDIA_GeForce_RTX_5060,8,
twins_pcpvt_small,224,64,bf16,150.38352966308594,False,NVIDIA_GeForce_RTX_5060,8,
twins_pcpvt_small,224,64,fp16,149.52996826171875,False,NVIDIA_GeForce_RTX_5060,8,
twins_pcpvt_small,224,64,fp32,,True,NVIDIA_GeForce_RTX_5060,8,
twins_svt_small,64,16,bf16,11.130720138549805,False,NVIDIA_GeForce_RTX_5060,8,
twins_svt_small,64,16,fp16,10.807007789611816,False,NVIDIA_GeForce_RTX_5060,8,
twins_svt_small,64,16,fp32,14.27284812927246,False,NVIDIA_GeForce_RTX_5060,8,
twins_svt_small,64,32,bf16,14.84614372253418,False,NVIDIA_GeForce_RTX_5060,8,
twins_svt_small,64,32,fp16,14.39355182647705,False,NVIDIA_GeForce_RTX_5060,8,
twins_svt_small,64,32,fp32,21.099424362182617,False,NVIDIA_GeForce_RTX_5060,8,
twins_svt_small,64,64,bf16,22.842592239379883,False,NVIDIA_GeForce_RTX_5060,8,
twins_svt_small,64,64,fp16,22.511903762817383,False,NVIDIA_GeForce_RTX_5060,8,
twins_svt_small,64,64,fp32,35.34569549560547,False,NVIDIA_GeForce_RTX_5060,8,
twins_svt_small,128,16,bf16,18.36361694335937,False,NVIDIA_GeForce_RTX_5060,8,
twins_svt_small,128,16,fp16,18.12236785888672,False,NVIDIA_GeForce_RTX_5060,8,
twins_svt_small,128,16,fp32,27.03113555908203,False,NVIDIA_GeForce_RTX_5060,8,
twins_svt_small,128,32,bf16,31.218351364135746,False,NVIDIA_GeForce_RTX_5060,8,
twins_svt_small,128,32,fp16,30.77251243591309,False,NVIDIA_GeForce_RTX_5060,8,
twins_svt_small,128,32,fp32,49.1237907409668,False,NVIDIA_GeForce_RTX_5060,8,
twins_svt_small,128,64,bf16,61.71702575683594,False,NVIDIA_GeForce_RTX_5060,8,
twins_svt_small,128,64,fp16,61.3759994506836,False,NVIDIA_GeForce_RTX_5060,8,
twins_svt_small,128,64,fp32,95.28396606445312,False,NVIDIA_GeForce_RTX_5060,8,
twins_svt_small,224,16,bf16,35.50892639160156,False,NVIDIA_GeForce_RTX_5060,8,
twins_svt_small,224,16,fp16,35.1965446472168,False,NVIDIA_GeForce_RTX_5060,8,
twins_svt_small,224,16,fp32,59.40214538574219,False,NVIDIA_GeForce_RTX_5060,8,
twins_svt_small,224,32,bf16,67.06050872802734,False,NVIDIA_GeForce_RTX_5060,8,
twins_svt_small,224,32,fp16,67.02606201171875,False,NVIDIA_GeForce_RTX_5060,8,
twins_svt_small,224,32,fp32,114.00100708007812,False,NVIDIA_GeForce_RTX_5060,8,
twins_svt_small,224,64,bf16,137.24365234375,False,NVIDIA_GeForce_RTX_5060,8,
twins_svt_small,224,64,fp16,136.70762634277344,False,NVIDIA_GeForce_RTX_5060,8,
twins_svt_small,224,64,fp32,226.66864013671875,False,NVIDIA_GeForce_RTX_5060,8,
vit_base_patch16_224,64,16,bf16,18.13360023498535,False,NVIDIA_GeForce_RTX_5060,8,
vit_base_patch16_224,64,16,fp16,18.10280036926269,False,NVIDIA_GeForce_RTX_5060,8,
vit_base_patch16_224,64,16,fp32,29.298736572265625,False,NVIDIA_GeForce_RTX_5060,8,
vit_base_patch16_224,64,32,bf16,23.431167602539062,False,NVIDIA_GeForce_RTX_5060,8,
vit_base_patch16_224,64,32,fp16,23.371360778808597,False,NVIDIA_GeForce_RTX_5060,8,
vit_base_patch16_224,64,32,fp32,43.67745590209961,False,NVIDIA_GeForce_RTX_5060,8,
vit_base_patch16_224,64,64,bf16,33.64206314086914,False,NVIDIA_GeForce_RTX_5060,8,
vit_base_patch16_224,64,64,fp16,33.47273635864258,False,NVIDIA_GeForce_RTX_5060,8,
vit_base_patch16_224,64,64,fp32,74.18055725097656,False,NVIDIA_GeForce_RTX_5060,8,
vit_base_patch16_224,128,16,bf16,31.23760032653809,False,NVIDIA_GeForce_RTX_5060,8,
vit_base_patch16_224,128,16,fp16,31.16409683227539,False,NVIDIA_GeForce_RTX_5060,8,
vit_base_patch16_224,128,16,fp32,73.59136199951172,False,NVIDIA_GeForce_RTX_5060,8,
vit_base_patch16_224,128,32,bf16,50.95769500732422,False,NVIDIA_GeForce_RTX_5060,8,
vit_base_patch16_224,128,32,fp16,50.85764694213867,False,NVIDIA_GeForce_RTX_5060,8,
vit_base_patch16_224,128,32,fp32,136.26043701171875,False,NVIDIA_GeForce_RTX_5060,8,
vit_base_patch16_224,128,64,bf16,92.7386245727539,False,NVIDIA_GeForce_RTX_5060,8,
vit_base_patch16_224,128,64,fp16,91.359619140625,False,NVIDIA_GeForce_RTX_5060,8,
vit_base_patch16_224,128,64,fp32,261.7597045898437,False,NVIDIA_GeForce_RTX_5060,8,
vit_base_patch16_224,224,16,bf16,72.53424072265625,False,NVIDIA_GeForce_RTX_5060,8,
vit_base_patch16_224,224,16,fp16,71.98502349853516,False,NVIDIA_GeForce_RTX_5060,8,
vit_base_patch16_224,224,16,fp32,207.76678466796875,False,NVIDIA_GeForce_RTX_5060,8,
vit_base_patch16_224,224,32,bf16,139.2677001953125,False,NVIDIA_GeForce_RTX_5060,8,
vit_base_patch16_224,224,32,fp16,137.0236358642578,False,NVIDIA_GeForce_RTX_5060,8,
vit_base_patch16_224,224,32,fp32,399.6745300292969,False,NVIDIA_GeForce_RTX_5060,8,
vit_base_patch16_224,224,64,bf16,272.9364013671875,False,NVIDIA_GeForce_RTX_5060,8,
vit_base_patch16_224,224,64,fp16,268.4285583496094,False,NVIDIA_GeForce_RTX_5060,8,
vit_base_patch16_224,224,64,fp32,,True,NVIDIA_GeForce_RTX_5060,8,
vit_large_patch16_224,64,16,bf16,63.05668640136719,False,NVIDIA_GeForce_RTX_5060,8,
vit_large_patch16_224,64,16,fp16,62.91796875,False,NVIDIA_GeForce_RTX_5060,8,
vit_large_patch16_224,64,16,fp32,95.6773910522461,False,NVIDIA_GeForce_RTX_5060,8,
vit_large_patch16_224,64,32,bf16,79.73937225341797,False,NVIDIA_GeForce_RTX_5060,8,
vit_large_patch16_224,64,32,fp16,79.50470733642578,False,NVIDIA_GeForce_RTX_5060,8,
vit_large_patch16_224,64,32,fp32,145.0523681640625,False,NVIDIA_GeForce_RTX_5060,8,
vit_large_patch16_224,64,64,bf16,114.37124633789062,False,NVIDIA_GeForce_RTX_5060,8,
vit_large_patch16_224,64,64,fp16,114.45601654052734,False,NVIDIA_GeForce_RTX_5060,8,
vit_large_patch16_224,64,64,fp32,248.6504669189453,False,NVIDIA_GeForce_RTX_5060,8,
vit_large_patch16_224,128,16,bf16,106.9704132080078,False,NVIDIA_GeForce_RTX_5060,8,
vit_large_patch16_224,128,16,fp16,107.15443420410156,False,NVIDIA_GeForce_RTX_5060,8,
vit_large_patch16_224,128,16,fp32,248.42364501953125,False,NVIDIA_GeForce_RTX_5060,8,
vit_large_patch16_224,128,32,bf16,4993.97998046875,False,NVIDIA_GeForce_RTX_5060,8,slow_outlier
vit_large_patch16_224,128,32,fp16,5392.84228515625,False,NVIDIA_GeForce_RTX_5060,8,slow_outlier
vit_large_patch16_224,128,32,fp32,,True,NVIDIA_GeForce_RTX_5060,8,
vit_large_patch16_224,128,64,bf16,,True,NVIDIA_GeForce_RTX_5060,8,
vit_large_patch16_224,128,64,fp16,,True,NVIDIA_GeForce_RTX_5060,8,
vit_large_patch16_224,128,64,fp32,,True,NVIDIA_GeForce_RTX_5060,8,
vit_large_patch16_224,224,16,bf16,,True,NVIDIA_GeForce_RTX_5060,8,
vit_large_patch16_224,224,16,fp16,,True,NVIDIA_GeForce_RTX_5060,8,
vit_large_patch16_224,224,16,fp32,,True,NVIDIA_GeForce_RTX_5060,8,
vit_large_patch16_224,224,32,bf16,,True,NVIDIA_GeForce_RTX_5060,8,
vit_large_patch16_224,224,32,fp16,,True,NVIDIA_GeForce_RTX_5060,8,
vit_large_patch16_224,224,32,fp32,,True,NVIDIA_GeForce_RTX_5060,8,
vit_large_patch16_224,224,64,bf16,,True,NVIDIA_GeForce_RTX_5060,8,
vit_large_patch16_224,224,64,fp16,,True,NVIDIA_GeForce_RTX_5060,8,
vit_large_patch16_224,224,64,fp32,,True,NVIDIA_GeForce_RTX_5060,8,
vit_small_patch16_224,64,16,bf16,6.444591999053955,False,NVIDIA_GeForce_RTX_5060,8,
vit_small_patch16_224,64,16,fp16,6.362639904022217,False,NVIDIA_GeForce_RTX_5060,8,
vit_small_patch16_224,64,16,fp32,10.657232284545898,False,NVIDIA_GeForce_RTX_5060,8,
vit_small_patch16_224,64,32,bf16,8.202351570129395,False,NVIDIA_GeForce_RTX_5060,8,
vit_small_patch16_224,64,32,fp16,8.14027214050293,False,NVIDIA_GeForce_RTX_5060,8,
vit_small_patch16_224,64,32,fp32,14.327360153198242,False,NVIDIA_GeForce_RTX_5060,8,
vit_small_patch16_224,64,64,bf16,11.448512077331545,False,NVIDIA_GeForce_RTX_5060,8,
vit_small_patch16_224,64,64,fp16,11.33396816253662,False,NVIDIA_GeForce_RTX_5060,8,
vit_small_patch16_224,64,64,fp32,25.02228736877441,False,NVIDIA_GeForce_RTX_5060,8,
vit_small_patch16_224,128,16,bf16,10.418975830078123,False,NVIDIA_GeForce_RTX_5060,8,
vit_small_patch16_224,128,16,fp16,10.354144096374512,False,NVIDIA_GeForce_RTX_5060,8,
vit_small_patch16_224,128,16,fp32,25.114959716796875,False,NVIDIA_GeForce_RTX_5060,8,
vit_small_patch16_224,128,32,bf16,16.05958366394043,False,NVIDIA_GeForce_RTX_5060,8,
vit_small_patch16_224,128,32,fp16,16.00556755065918,False,NVIDIA_GeForce_RTX_5060,8,
vit_small_patch16_224,128,32,fp32,39.78923034667969,False,NVIDIA_GeForce_RTX_5060,8,
vit_small_patch16_224,128,64,bf16,28.224720001220703,False,NVIDIA_GeForce_RTX_5060,8,
vit_small_patch16_224,128,64,fp16,28.24718475341797,False,NVIDIA_GeForce_RTX_5060,8,
vit_small_patch16_224,128,64,fp32,76.82147216796875,False,NVIDIA_GeForce_RTX_5060,8,
vit_small_patch16_224,224,16,bf16,22.518768310546875,False,NVIDIA_GeForce_RTX_5060,8,
vit_small_patch16_224,224,16,fp16,22.47281646728516,False,NVIDIA_GeForce_RTX_5060,8,
vit_small_patch16_224,224,16,fp32,62.69182586669922,False,NVIDIA_GeForce_RTX_5060,8,
vit_small_patch16_224,224,32,bf16,43.65150451660156,False,NVIDIA_GeForce_RTX_5060,8,
vit_small_patch16_224,224,32,fp16,43.38982391357422,False,NVIDIA_GeForce_RTX_5060,8,
vit_small_patch16_224,224,32,fp32,124.75605010986328,False,NVIDIA_GeForce_RTX_5060,8,
vit_small_patch16_224,224,64,bf16,90.1415023803711,False,NVIDIA_GeForce_RTX_5060,8,
vit_small_patch16_224,224,64,fp16,89.93316650390625,False,NVIDIA_GeForce_RTX_5060,8,
vit_small_patch16_224,224,64,fp32,245.5626983642578,False,NVIDIA_GeForce_RTX_5060,8,
vit_tiny_patch16_224,64,16,bf16,3.3938560485839844,False,NVIDIA_GeForce_RTX_5060,8,
vit_tiny_patch16_224,64,16,fp16,4.081552028656006,False,NVIDIA_GeForce_RTX_5060,8,
vit_tiny_patch16_224,64,16,fp32,4.612031936645508,False,NVIDIA_GeForce_RTX_5060,8,
vit_tiny_patch16_224,64,32,bf16,4.263951778411865,False,NVIDIA_GeForce_RTX_5060,8,
vit_tiny_patch16_224,64,32,fp16,4.069791793823242,False,NVIDIA_GeForce_RTX_5060,8,
vit_tiny_patch16_224,64,32,fp32,6.843232154846191,False,NVIDIA_GeForce_RTX_5060,8,
vit_tiny_patch16_224,64,64,bf16,5.4375200271606445,False,NVIDIA_GeForce_RTX_5060,8,
vit_tiny_patch16_224,64,64,fp16,5.299503803253174,False,NVIDIA_GeForce_RTX_5060,8,
vit_tiny_patch16_224,64,64,fp32,9.462559700012209,False,NVIDIA_GeForce_RTX_5060,8,
vit_tiny_patch16_224,128,16,bf16,4.897359848022461,False,NVIDIA_GeForce_RTX_5060,8,
vit_tiny_patch16_224,128,16,fp16,4.786992073059082,False,NVIDIA_GeForce_RTX_5060,8,
vit_tiny_patch16_224,128,16,fp32,9.712240219116213,False,NVIDIA_GeForce_RTX_5060,8,
vit_tiny_patch16_224,128,32,bf16,7.3787360191345215,False,NVIDIA_GeForce_RTX_5060,8,
vit_tiny_patch16_224,128,32,fp16,7.236239910125732,False,NVIDIA_GeForce_RTX_5060,8,
vit_tiny_patch16_224,128,32,fp32,16.7664794921875,False,NVIDIA_GeForce_RTX_5060,8,
vit_tiny_patch16_224,128,64,bf16,12.23737621307373,False,NVIDIA_GeForce_RTX_5060,8,
vit_tiny_patch16_224,128,64,fp16,11.976911544799805,False,NVIDIA_GeForce_RTX_5060,8,
vit_tiny_patch16_224,128,64,fp32,28.263999938964844,False,NVIDIA_GeForce_RTX_5060,8,
vit_tiny_patch16_224,224,16,bf16,10.121071815490724,False,NVIDIA_GeForce_RTX_5060,8,
vit_tiny_patch16_224,224,16,fp16,9.87224006652832,False,NVIDIA_GeForce_RTX_5060,8,
vit_tiny_patch16_224,224,16,fp32,24.24129676818848,False,NVIDIA_GeForce_RTX_5060,8,
vit_tiny_patch16_224,224,32,bf16,17.70457649230957,False,NVIDIA_GeForce_RTX_5060,8,
vit_tiny_patch16_224,224,32,fp16,17.31342315673828,False,NVIDIA_GeForce_RTX_5060,8,
vit_tiny_patch16_224,224,32,fp32,45.49542236328125,False,NVIDIA_GeForce_RTX_5060,8,
vit_tiny_patch16_224,224,64,bf16,34.40214538574219,False,NVIDIA_GeForce_RTX_5060,8,
vit_tiny_patch16_224,224,64,fp16,34.004478454589844,False,NVIDIA_GeForce_RTX_5060,8,
vit_tiny_patch16_224,224,64,fp32,93.22560119628906,False,NVIDIA_GeForce_RTX_5060,8,
wide_resnet101_2,64,16,bf16,39.98883056640625,False,NVIDIA_GeForce_RTX_5060,8,
wide_resnet101_2,64,16,fp16,38.21958541870117,False,NVIDIA_GeForce_RTX_5060,8,
wide_resnet101_2,64,16,fp32,67.16275024414062,False,NVIDIA_GeForce_RTX_5060,8,
wide_resnet101_2,64,32,bf16,55.5922737121582,False,NVIDIA_GeForce_RTX_5060,8,
wide_resnet101_2,64,32,fp16,51.54767990112305,False,NVIDIA_GeForce_RTX_5060,8,
wide_resnet101_2,64,32,fp32,86.52625274658203,False,NVIDIA_GeForce_RTX_5060,8,
wide_resnet101_2,64,64,bf16,83.2857894897461,False,NVIDIA_GeForce_RTX_5060,8,
wide_resnet101_2,64,64,fp16,75.35174560546875,False,NVIDIA_GeForce_RTX_5060,8,
wide_resnet101_2,64,64,fp32,116.53912353515624,False,NVIDIA_GeForce_RTX_5060,8,
wide_resnet101_2,128,16,bf16,62.97987365722656,False,NVIDIA_GeForce_RTX_5060,8,
wide_resnet101_2,128,16,fp16,58.46388626098633,False,NVIDIA_GeForce_RTX_5060,8,
wide_resnet101_2,128,16,fp32,88.48677062988281,False,NVIDIA_GeForce_RTX_5060,8,
wide_resnet101_2,128,32,bf16,96.48528289794922,False,NVIDIA_GeForce_RTX_5060,8,
wide_resnet101_2,128,32,fp16,85.82904052734375,False,NVIDIA_GeForce_RTX_5060,8,
wide_resnet101_2,128,32,fp32,145.04757690429688,False,NVIDIA_GeForce_RTX_5060,8,
wide_resnet101_2,128,64,bf16,166.75039672851562,False,NVIDIA_GeForce_RTX_5060,8,
wide_resnet101_2,128,64,fp16,152.1303253173828,False,NVIDIA_GeForce_RTX_5060,8,
wide_resnet101_2,128,64,fp32,739.5753784179688,False,NVIDIA_GeForce_RTX_5060,8,slow_outlier
wide_resnet101_2,224,16,bf16,126.68734741210938,False,NVIDIA_GeForce_RTX_5060,8,
wide_resnet101_2,224,16,fp16,115.14348602294922,False,NVIDIA_GeForce_RTX_5060,8,
wide_resnet101_2,224,16,fp32,204.0431060791016,False,NVIDIA_GeForce_RTX_5060,8,
wide_resnet101_2,224,32,bf16,231.77696228027344,False,NVIDIA_GeForce_RTX_5060,8,
wide_resnet101_2,224,32,fp16,212.1612701416016,False,NVIDIA_GeForce_RTX_5060,8,
wide_resnet101_2,224,32,fp32,,True,NVIDIA_GeForce_RTX_5060,8,
wide_resnet101_2,224,64,bf16,,True,NVIDIA_GeForce_RTX_5060,8,
wide_resnet101_2,224,64,fp16,,True,NVIDIA_GeForce_RTX_5060,8,
wide_resnet101_2,224,64,fp32,,True,NVIDIA_GeForce_RTX_5060,8,
xcit_small_12_p16_224,64,16,bf16,11.09267234802246,False,NVIDIA_GeForce_RTX_5060,8,
xcit_small_12_p16_224,64,16,fp16,10.768367767333984,False,NVIDIA_GeForce_RTX_5060,8,
xcit_small_12_p16_224,64,16,fp32,14.363743782043455,False,NVIDIA_GeForce_RTX_5060,8,
xcit_small_12_p16_224,64,32,bf16,14.4760160446167,False,NVIDIA_GeForce_RTX_5060,8,
xcit_small_12_p16_224,64,32,fp16,14.186479568481444,False,NVIDIA_GeForce_RTX_5060,8,
xcit_small_12_p16_224,64,32,fp32,20.099103927612305,False,NVIDIA_GeForce_RTX_5060,8,
xcit_small_12_p16_224,64,64,bf16,20.384735107421875,False,NVIDIA_GeForce_RTX_5060,8,
xcit_small_12_p16_224,64,64,fp16,19.85268783569336,False,NVIDIA_GeForce_RTX_5060,8,
xcit_small_12_p16_224,64,64,fp32,33.22111892700195,False,NVIDIA_GeForce_RTX_5060,8,
xcit_small_12_p16_224,128,16,bf16,19.40158462524414,False,NVIDIA_GeForce_RTX_5060,8,
xcit_small_12_p16_224,128,16,fp16,19.019664764404297,False,NVIDIA_GeForce_RTX_5060,8,
xcit_small_12_p16_224,128,16,fp32,31.792879104614254,False,NVIDIA_GeForce_RTX_5060,8,
xcit_small_12_p16_224,128,32,bf16,31.259519577026367,False,NVIDIA_GeForce_RTX_5060,8,
xcit_small_12_p16_224,128,32,fp16,30.583375930786133,False,NVIDIA_GeForce_RTX_5060,8,
xcit_small_12_p16_224,128,32,fp32,52.44416046142578,False,NVIDIA_GeForce_RTX_5060,8,
xcit_small_12_p16_224,128,64,bf16,56.10382461547852,False,NVIDIA_GeForce_RTX_5060,8,
xcit_small_12_p16_224,128,64,fp16,55.18743896484375,False,NVIDIA_GeForce_RTX_5060,8,
xcit_small_12_p16_224,128,64,fp32,101.0000991821289,False,NVIDIA_GeForce_RTX_5060,8,
xcit_small_12_p16_224,224,16,bf16,45.473758697509766,False,NVIDIA_GeForce_RTX_5060,8,
xcit_small_12_p16_224,224,16,fp16,44.64619064331055,False,NVIDIA_GeForce_RTX_5060,8,
xcit_small_12_p16_224,224,16,fp32,79.54617309570312,False,NVIDIA_GeForce_RTX_5060,8,
xcit_small_12_p16_224,224,32,bf16,90.84441375732422,False,NVIDIA_GeForce_RTX_5060,8,
xcit_small_12_p16_224,224,32,fp16,88.95449829101562,False,NVIDIA_GeForce_RTX_5060,8,
xcit_small_12_p16_224,224,32,fp32,158.99742126464844,False,NVIDIA_GeForce_RTX_5060,8,
xcit_small_12_p16_224,224,64,bf16,194.03518676757807,False,NVIDIA_GeForce_RTX_5060,8,
xcit_small_12_p16_224,224,64,fp16,190.7294921875,False,NVIDIA_GeForce_RTX_5060,8,
xcit_small_12_p16_224,224,64,fp32,,True,NVIDIA_GeForce_RTX_5060,8,
xcit_tiny_12_p16_224,64,16,bf16,7.106575965881348,False,NVIDIA_GeForce_RTX_5060,8,
xcit_tiny_12_p16_224,64,16,fp16,6.874159812927246,False,NVIDIA_GeForce_RTX_5060,8,
xcit_tiny_12_p16_224,64,16,fp32,7.729055881500244,False,NVIDIA_GeForce_RTX_5060,8,
xcit_tiny_12_p16_224,64,32,bf16,9.134960174560549,False,NVIDIA_GeForce_RTX_5060,8,
xcit_tiny_12_p16_224,64,32,fp16,12.789312362670898,False,NVIDIA_GeForce_RTX_5060,8,
xcit_tiny_12_p16_224,64,32,fp32,11.015935897827148,False,NVIDIA_GeForce_RTX_5060,8,
xcit_tiny_12_p16_224,64,64,bf16,11.404399871826172,False,NVIDIA_GeForce_RTX_5060,8,
xcit_tiny_12_p16_224,64,64,fp16,10.95635223388672,False,NVIDIA_GeForce_RTX_5060,8,
xcit_tiny_12_p16_224,64,64,fp32,14.899807929992676,False,NVIDIA_GeForce_RTX_5060,8,
xcit_tiny_12_p16_224,128,16,bf16,11.097583770751951,False,NVIDIA_GeForce_RTX_5060,8,
xcit_tiny_12_p16_224,128,16,fp16,10.690560340881348,False,NVIDIA_GeForce_RTX_5060,8,
xcit_tiny_12_p16_224,128,16,fp32,14.372719764709473,False,NVIDIA_GeForce_RTX_5060,8,
xcit_tiny_12_p16_224,128,32,bf16,16.287071228027344,False,NVIDIA_GeForce_RTX_5060,8,
xcit_tiny_12_p16_224,128,32,fp16,15.882543563842772,False,NVIDIA_GeForce_RTX_5060,8,
xcit_tiny_12_p16_224,128,32,fp32,23.2106876373291,False,NVIDIA_GeForce_RTX_5060,8,
xcit_tiny_12_p16_224,128,64,bf16,27.0739688873291,False,NVIDIA_GeForce_RTX_5060,8,
xcit_tiny_12_p16_224,128,64,fp16,26.29403114318848,False,NVIDIA_GeForce_RTX_5060,8,
xcit_tiny_12_p16_224,128,64,fp32,39.620399475097656,False,NVIDIA_GeForce_RTX_5060,8,
xcit_tiny_12_p16_224,224,16,bf16,22.92915153503418,False,NVIDIA_GeForce_RTX_5060,8,
xcit_tiny_12_p16_224,224,16,fp16,22.33417510986328,False,NVIDIA_GeForce_RTX_5060,8,
xcit_tiny_12_p16_224,224,16,fp32,32.1148796081543,False,NVIDIA_GeForce_RTX_5060,8,
xcit_tiny_12_p16_224,224,32,bf16,41.15014266967773,False,NVIDIA_GeForce_RTX_5060,8,
xcit_tiny_12_p16_224,224,32,fp16,39.98596954345703,False,NVIDIA_GeForce_RTX_5060,8,
xcit_tiny_12_p16_224,224,32,fp32,60.537872314453125,False,NVIDIA_GeForce_RTX_5060,8,
xcit_tiny_12_p16_224,224,64,bf16,82.69939422607422,False,NVIDIA_GeForce_RTX_5060,8,
xcit_tiny_12_p16_224,224,64,fp16,80.28475189208984,False,NVIDIA_GeForce_RTX_5060,8,
xcit_tiny_12_p16_224,224,64,fp32,123.99871826171876,False,NVIDIA_GeForce_RTX_5060,8,
