model,img_size,batch_size,precision,avg_time_ms,oom,gpu,vram_gb,cleanup
beit_large_patch16_224,64,16,bf16,39.88529586791992,False,NVIDIA_GeForce_RTX_3080_Ti,12,
beit_large_patch16_224,64,16,fp16,39.09171295166016,False,NVIDIA_GeForce_RTX_3080_Ti,12,
beit_large_patch16_224,64,16,fp32,133.6345672607422,False,NVIDIA_GeForce_RTX_3080_Ti,12,
beit_large_patch16_224,64,32,bf16,50.06796646118164,False,NVIDIA_GeForce_RTX_3080_Ti,12,
beit_large_patch16_224,64,32,fp16,49.32659149169922,False,NVIDIA_GeForce_RTX_3080_Ti,12,
beit_large_patch16_224,64,32,fp32,85.97811126708984,False,NVIDIA_GeForce_RTX_3080_Ti,12,
beit_large_patch16_224,64,64,bf16,73.28562927246094,False,NVIDIA_GeForce_RTX_3080_Ti,12,
beit_large_patch16_224,64,64,fp16,71.35539245605469,False,NVIDIA_GeForce_RTX_3080_Ti,12,
beit_large_patch16_224,64,64,fp32,144.89488220214844,False,NVIDIA_GeForce_RTX_3080_Ti,12,
beit_large_patch16_224,128,16,bf16,72.9164810180664,False,NVIDIA_GeForce_RTX_3080_Ti,12,
beit_large_patch16_224,128,16,fp16,71.87606048583984,False,NVIDIA_GeForce_RTX_3080_Ti,12,
beit_large_patch16_224,128,16,fp32,146.15040588378906,False,NVIDIA_GeForce_RTX_3080_Ti,12,
beit_large_patch16_224,128,32,bf16,114.4985580444336,False,NVIDIA_GeForce_RTX_3080_Ti,12,
beit_large_patch16_224,128,32,fp16,113.1323699951172,False,NVIDIA_GeForce_RTX_3080_Ti,12,
beit_large_patch16_224,128,32,fp32,258.8016662597656,False,NVIDIA_GeForce_RTX_3080_Ti,12,
beit_large_patch16_224,128,64,bf16,193.43565368652344,False,NVIDIA_GeForce_RTX_3080_Ti,12,
beit_large_patch16_224,128,64,fp16,189.0544586181641,False,NVIDIA_GeForce_RTX_3080_Ti,12,
beit_large_patch16_224,128,64,fp32,,True,NVIDIA_GeForce_RTX_3080_Ti,12,
beit_large_patch16_224,224,16,bf16,163.093505859375,False,NVIDIA_GeForce_RTX_3080_Ti,12,
beit_large_patch16_224,224,16,fp16,158.48089599609375,False,NVIDIA_GeForce_RTX_3080_Ti,12,
beit_large_patch16_224,224,16,fp32,392.4715576171875,False,NVIDIA_GeForce_RTX_3080_Ti,12,
beit_large_patch16_224,224,32,bf16,,True,NVIDIA_GeForce_RTX_3080_Ti,12,
beit_large_patch16_224,224,32,fp16,,True,NVIDIA_GeForce_RTX_3080_Ti,12,
beit_large_patch16_224,224,32,fp32,,True,NVIDIA_GeForce_RTX_3080_Ti,12,
beit_large_patch16_224,224,64,bf16,,True,NVIDIA_GeForce_RTX_3080_Ti,12,
beit_large_patch16_224,224,64,fp16,,True,NVIDIA_GeForce_RTX_3080_Ti,12,
beit_large_patch16_224,224,64,fp32,,True,NVIDIA_GeForce_RTX_3080_Ti,12,
coatnet_0_rw_224,64,16,bf16,7.356927871704102,False,NVIDIA_GeForce_RTX_3080_Ti,12,
coatnet_0_rw_224,64,16,fp16,6.88486385345459,False,NVIDIA_GeForce_RTX_3080_Ti,12,
coatnet_0_rw_224,64,16,fp32,8.351743698120117,False,NVIDIA_GeForce_RTX_3080_Ti,12,
coatnet_0_rw_224,64,32,bf16,9.92255973815918,False,NVIDIA_GeForce_RTX_3080_Ti,12,
coatnet_0_rw_224,64,32,fp16,9.661952018737791,False,NVIDIA_GeForce_RTX_3080_Ti,12,
coatnet_0_rw_224,64,32,fp32,12.57472038269043,False,NVIDIA_GeForce_RTX_3080_Ti,12,
coatnet_0_rw_224,64,64,bf16,14.717439651489258,False,NVIDIA_GeForce_RTX_3080_Ti,12,
coatnet_0_rw_224,64,64,fp16,12.896767616271973,False,NVIDIA_GeForce_RTX_3080_Ti,12,
coatnet_0_rw_224,64,64,fp32,20.793344497680664,False,NVIDIA_GeForce_RTX_3080_Ti,12,
coatnet_0_rw_224,128,16,bf16,14.212096214294434,False,NVIDIA_GeForce_RTX_3080_Ti,12,
coatnet_0_rw_224,128,16,fp16,12.555264472961426,False,NVIDIA_GeForce_RTX_3080_Ti,12,
coatnet_0_rw_224,128,16,fp32,18.920448303222656,False,NVIDIA_GeForce_RTX_3080_Ti,12,
coatnet_0_rw_224,128,32,bf16,23.441919326782227,False,NVIDIA_GeForce_RTX_3080_Ti,12,
coatnet_0_rw_224,128,32,fp16,20.13844871520996,False,NVIDIA_GeForce_RTX_3080_Ti,12,
coatnet_0_rw_224,128,32,fp32,33.743873596191406,False,NVIDIA_GeForce_RTX_3080_Ti,12,
coatnet_0_rw_224,128,64,bf16,42.56768035888672,False,NVIDIA_GeForce_RTX_3080_Ti,12,
coatnet_0_rw_224,128,64,fp16,36.62745666503906,False,NVIDIA_GeForce_RTX_3080_Ti,12,
coatnet_0_rw_224,128,64,fp32,64.73625946044922,False,NVIDIA_GeForce_RTX_3080_Ti,12,
coatnet_0_rw_224,224,16,bf16,36.40571212768555,False,NVIDIA_GeForce_RTX_3080_Ti,12,
coatnet_0_rw_224,224,16,fp16,31.741952896118164,False,NVIDIA_GeForce_RTX_3080_Ti,12,
coatnet_0_rw_224,224,16,fp32,56.52070236206055,False,NVIDIA_GeForce_RTX_3080_Ti,12,
coatnet_0_rw_224,224,32,bf16,65.44588470458984,False,NVIDIA_GeForce_RTX_3080_Ti,12,
coatnet_0_rw_224,224,32,fp16,56.69771194458008,False,NVIDIA_GeForce_RTX_3080_Ti,12,
coatnet_0_rw_224,224,32,fp32,105.91334533691406,False,NVIDIA_GeForce_RTX_3080_Ti,12,
coatnet_0_rw_224,224,64,bf16,124.2117156982422,False,NVIDIA_GeForce_RTX_3080_Ti,12,
coatnet_0_rw_224,224,64,fp16,110.25920104980467,False,NVIDIA_GeForce_RTX_3080_Ti,12,
coatnet_0_rw_224,224,64,fp32,,True,NVIDIA_GeForce_RTX_3080_Ti,12,
coatnet_1_rw_224,64,16,bf16,12.17843246459961,False,NVIDIA_GeForce_RTX_3080_Ti,12,
coatnet_1_rw_224,64,16,fp16,11.218432426452637,False,NVIDIA_GeForce_RTX_3080_Ti,12,
coatnet_1_rw_224,64,16,fp32,13.98311996459961,False,NVIDIA_GeForce_RTX_3080_Ti,12,
coatnet_1_rw_224,64,32,bf16,16.622079849243164,False,NVIDIA_GeForce_RTX_3080_Ti,12,
coatnet_1_rw_224,64,32,fp16,14.99187183380127,False,NVIDIA_GeForce_RTX_3080_Ti,12,
coatnet_1_rw_224,64,32,fp32,21.28126335144043,False,NVIDIA_GeForce_RTX_3080_Ti,12,
coatnet_1_rw_224,64,64,bf16,24.76799964904785,False,NVIDIA_GeForce_RTX_3080_Ti,12,
coatnet_1_rw_224,64,64,fp16,22.105600357055664,False,NVIDIA_GeForce_RTX_3080_Ti,12,
coatnet_1_rw_224,64,64,fp32,35.454463958740234,False,NVIDIA_GeForce_RTX_3080_Ti,12,
coatnet_1_rw_224,128,16,bf16,24.096752166748047,False,NVIDIA_GeForce_RTX_3080_Ti,12,
coatnet_1_rw_224,128,16,fp16,21.538719177246094,False,NVIDIA_GeForce_RTX_3080_Ti,12,
coatnet_1_rw_224,128,16,fp32,32.5847053527832,False,NVIDIA_GeForce_RTX_3080_Ti,12,
coatnet_1_rw_224,128,32,bf16,39.52537536621094,False,NVIDIA_GeForce_RTX_3080_Ti,12,
coatnet_1_rw_224,128,32,fp16,34.50931167602539,False,NVIDIA_GeForce_RTX_3080_Ti,12,
coatnet_1_rw_224,128,32,fp32,58.15756988525391,False,NVIDIA_GeForce_RTX_3080_Ti,12,
coatnet_1_rw_224,128,64,bf16,72.32548522949219,False,NVIDIA_GeForce_RTX_3080_Ti,12,
coatnet_1_rw_224,128,64,fp16,62.924800872802734,False,NVIDIA_GeForce_RTX_3080_Ti,12,
coatnet_1_rw_224,128,64,fp32,112.39373016357422,False,NVIDIA_GeForce_RTX_3080_Ti,12,
coatnet_1_rw_224,224,16,bf16,62.076927185058594,False,NVIDIA_GeForce_RTX_3080_Ti,12,
coatnet_1_rw_224,224,16,fp16,55.70969772338867,False,NVIDIA_GeForce_RTX_3080_Ti,12,
coatnet_1_rw_224,224,16,fp32,100.29261016845705,False,NVIDIA_GeForce_RTX_3080_Ti,12,
coatnet_1_rw_224,224,32,bf16,154.60301208496094,False,NVIDIA_GeForce_RTX_3080_Ti,12,
coatnet_1_rw_224,224,32,fp16,203.3633270263672,False,NVIDIA_GeForce_RTX_3080_Ti,12,
coatnet_1_rw_224,224,32,fp32,4872.0888671875,False,NVIDIA_GeForce_RTX_3080_Ti,12,precision_artifact
coatnet_1_rw_224,224,64,bf16,,True,NVIDIA_GeForce_RTX_3080_Ti,12,
coatnet_1_rw_224,224,64,fp16,,True,NVIDIA_GeForce_RTX_3080_Ti,12,
coatnet_1_rw_224,224,64,fp32,,True,NVIDIA_GeForce_RTX_3080_Ti,12,
coatnet_2_rw_224,64,16,bf16,16.648191452026367,False,NVIDIA_GeForce_RTX_3080_Ti,12,
coatnet_2_rw_224,64,16,fp16,15.48788833618164,False,NVIDIA_GeForce_RTX_3080_Ti,12,
coatnet_2_rw_224,64,16,fp32,20.466175079345703,False,NVIDIA_GeForce_RTX_3080_Ti,12,
coatnet_2_rw_224,64,32,bf16,23.14803123474121,False,NVIDIA_GeForce_RTX_3080_Ti,12,
coatnet_2_rw_224,64,32,fp16,21.375471115112305,False,NVIDIA_GeForce_RTX_3080_Ti,12,
coatnet_2_rw_224,64,32,fp32,30.77631950378418,False,NVIDIA_GeForce_RTX_3080_Ti,12,
coatnet_2_rw_224,64,64,bf16,35.52511978149414,False,NVIDIA_GeForce_RTX_3080_Ti,12,
coatnet_2_rw_224,64,64,fp16,32.79872131347656,False,NVIDIA_GeForce_RTX_3080_Ti,12,
coatnet_2_rw_224,64,64,fp32,52.31563186645508,False,NVIDIA_GeForce_RTX_3080_Ti,12,
coatnet_2_rw_224,128,16,bf16,33.74591827392578,False,NVIDIA_GeForce_RTX_3080_Ti,12,
coatnet_2_rw_224,128,16,fp16,30.814207077026367,False,NVIDIA_GeForce_RTX_3080_Ti,12,
coatnet_2_rw_224,128,16,fp32,49.08796691894531,False,NVIDIA_GeForce_RTX_3080_Ti,12,
coatnet_2_rw_224,128,32,bf16,57.454078674316406,False,NVIDIA_GeForce_RTX_3080_Ti,12,
coatnet_2_rw_224,128,32,fp16,51.79596710205078,False,NVIDIA_GeForce_RTX_3080_Ti,12,
coatnet_2_rw_224,128,32,fp32,105.6911392211914,False,NVIDIA_GeForce_RTX_3080_Ti,12,
coatnet_2_rw_224,128,64,bf16,107.18515014648438,False,NVIDIA_GeForce_RTX_3080_Ti,12,
coatnet_2_rw_224,128,64,fp16,100.25875091552734,False,NVIDIA_GeForce_RTX_3080_Ti,12,
coatnet_2_rw_224,128,64,fp32,736.1878662109375,False,NVIDIA_GeForce_RTX_3080_Ti,12,precision_artifact
coatnet_2_rw_224,224,16,bf16,90.6465301513672,False,NVIDIA_GeForce_RTX_3080_Ti,12,
coatnet_2_rw_224,224,16,fp16,81.87391662597656,False,NVIDIA_GeForce_RTX_3080_Ti,12,
coatnet_2_rw_224,224,16,fp32,153.79661560058594,False,NVIDIA_GeForce_RTX_3080_Ti,12,
coatnet_2_rw_224,224,32,bf16,166.75430297851562,False,NVIDIA_GeForce_RTX_3080_Ti,12,
coatnet_2_rw_224,224,32,fp16,150.62118530273438,False,NVIDIA_GeForce_RTX_3080_Ti,12,
coatnet_2_rw_224,224,32,fp32,,True,NVIDIA_GeForce_RTX_3080_Ti,12,
coatnet_2_rw_224,224,64,bf16,,True,NVIDIA_GeForce_RTX_3080_Ti,12,
coatnet_2_rw_224,224,64,fp16,,True,NVIDIA_GeForce_RTX_3080_Ti,12,
coatnet_2_rw_224,224,64,fp32,,True,NVIDIA_GeForce_RTX_3080_Ti,12,
convnext_base,64,16,bf16,24.348159790039062,False,NVIDIA_GeForce_RTX_3080_Ti,12,
convnext_base,64,16,fp16,24.245248794555664,False,NVIDIA_GeForce_RTX_3080_Ti,12,
convnext_base,64,16,fp32,33.42643356323242,False,NVIDIA_GeForce_RTX_3080_Ti,12,
convnext_base,64,32,bf16,19.634096145629883,False,NVIDIA_GeForce_RTX_3080_Ti,12,
convnext_base,64,32,fp16,19.824127197265625,False,NVIDIA_GeForce_RTX_3080_Ti,12,
convnext_base,64,32,fp32,52.063743591308594,False,NVIDIA_GeForce_RTX_3080_Ti,12,
convnext_base,64,64,bf16,28.34940719604492,False,NVIDIA_GeForce_RTX_3080_Ti,12,
convnext_base,64,64,fp16,28.817359924316406,False,NVIDIA_GeForce_RTX_3080_Ti,12,
convnext_base,64,64,fp32,71.19499206542969,False,NVIDIA_GeForce_RTX_3080_Ti,12,
convnext_base,128,16,bf16,26.617855072021484,False,NVIDIA_GeForce_RTX_3080_Ti,12,
convnext_base,128,16,fp16,27.007999420166016,False,NVIDIA_GeForce_RTX_3080_Ti,12,
convnext_base,128,16,fp32,74.60710144042969,False,NVIDIA_GeForce_RTX_3080_Ti,12,
convnext_base,128,32,bf16,42.682350158691406,False,NVIDIA_GeForce_RTX_3080_Ti,12,
convnext_base,128,32,fp16,42.35212707519531,False,NVIDIA_GeForce_RTX_3080_Ti,12,
convnext_base,128,32,fp32,438.00628662109375,False,NVIDIA_GeForce_RTX_3080_Ti,12,precision_artifact
convnext_base,128,64,bf16,75.51026916503906,False,NVIDIA_GeForce_RTX_3080_Ti,12,
convnext_base,128,64,fp16,74.94656372070312,False,NVIDIA_GeForce_RTX_3080_Ti,12,
convnext_base,128,64,fp32,484.0181884765625,False,NVIDIA_GeForce_RTX_3080_Ti,12,
convnext_base,224,16,bf16,60.436431884765625,False,NVIDIA_GeForce_RTX_3080_Ti,12,
convnext_base,224,16,fp16,59.40119934082031,False,NVIDIA_GeForce_RTX_3080_Ti,12,
convnext_base,224,16,fp32,449.36126708984375,False,NVIDIA_GeForce_RTX_3080_Ti,12,
convnext_base,224,32,bf16,106.63629150390624,False,NVIDIA_GeForce_RTX_3080_Ti,12,
convnext_base,224,32,fp16,105.4366683959961,False,NVIDIA_GeForce_RTX_3080_Ti,12,
convnext_base,224,32,fp32,529.4633178710938,False,NVIDIA_GeForce_RTX_3080_Ti,12,
convnext_base,224,64,bf16,216.60723876953125,False,NVIDIA_GeForce_RTX_3080_Ti,12,
convnext_base,224,64,fp16,6114.16748046875,False,NVIDIA_GeForce_RTX_3080_Ti,12,slow_outlier
convnext_base,224,64,fp32,,True,NVIDIA_GeForce_RTX_3080_Ti,12,
convnext_large,64,16,bf16,27.59270477294922,False,NVIDIA_GeForce_RTX_3080_Ti,12,
convnext_large,64,16,fp16,27.365375518798828,False,NVIDIA_GeForce_RTX_3080_Ti,12,
convnext_large,64,16,fp32,47.82284927368164,False,NVIDIA_GeForce_RTX_3080_Ti,12,
convnext_large,64,32,bf16,36.17689514160156,False,NVIDIA_GeForce_RTX_3080_Ti,12,
convnext_large,64,32,fp16,35.62393569946289,False,NVIDIA_GeForce_RTX_3080_Ti,12,
convnext_large,64,32,fp32,88.88729858398438,False,NVIDIA_GeForce_RTX_3080_Ti,12,
convnext_large,64,64,bf16,53.1701774597168,False,NVIDIA_GeForce_RTX_3080_Ti,12,
convnext_large,64,64,fp16,53.09900665283203,False,NVIDIA_GeForce_RTX_3080_Ti,12,
convnext_large,64,64,fp32,126.26892852783205,False,NVIDIA_GeForce_RTX_3080_Ti,12,
convnext_large,128,16,bf16,50.56358337402344,False,NVIDIA_GeForce_RTX_3080_Ti,12,
convnext_large,128,16,fp16,50.61939239501953,False,NVIDIA_GeForce_RTX_3080_Ti,12,
convnext_large,128,16,fp32,132.35081481933594,False,NVIDIA_GeForce_RTX_3080_Ti,12,
convnext_large,128,32,bf16,79.28883361816406,False,NVIDIA_GeForce_RTX_3080_Ti,12,
convnext_large,128,32,fp16,80.57743835449219,False,NVIDIA_GeForce_RTX_3080_Ti,12,
convnext_large,128,32,fp32,687.119384765625,False,NVIDIA_GeForce_RTX_3080_Ti,12,precision_artifact
convnext_large,128,64,bf16,134.05491638183594,False,NVIDIA_GeForce_RTX_3080_Ti,12,
convnext_large,128,64,fp16,132.87782287597656,False,NVIDIA_GeForce_RTX_3080_Ti,12,
convnext_large,128,64,fp32,848.6773681640625,False,NVIDIA_GeForce_RTX_3080_Ti,12,
convnext_large,224,16,bf16,107.9546890258789,False,NVIDIA_GeForce_RTX_3080_Ti,12,
convnext_large,224,16,fp16,106.89894104003906,False,NVIDIA_GeForce_RTX_3080_Ti,12,
convnext_large,224,16,fp32,753.059814453125,False,NVIDIA_GeForce_RTX_3080_Ti,12,
convnext_large,224,32,bf16,749.7937622070312,False,NVIDIA_GeForce_RTX_3080_Ti,12,slow_outlier
convnext_large,224,32,fp16,501.0548095703125,False,NVIDIA_GeForce_RTX_3080_Ti,12,
convnext_large,224,32,fp32,,True,NVIDIA_GeForce_RTX_3080_Ti,12,
convnext_large,224,64,bf16,,True,NVIDIA_GeForce_RTX_3080_Ti,12,
convnext_large,224,64,fp16,,True,NVIDIA_GeForce_RTX_3080_Ti,12,
convnext_large,224,64,fp32,,True,NVIDIA_GeForce_RTX_3080_Ti,12,
convnext_small,64,16,bf16,12.070768356323242,False,NVIDIA_GeForce_RTX_3080_Ti,12,
convnext_small,64,16,fp16,20.65868759155273,False,NVIDIA_GeForce_RTX_3080_Ti,12,
convnext_small,64,16,fp32,25.516544342041016,False,NVIDIA_GeForce_RTX_3080_Ti,12,
convnext_small,64,32,bf16,14.986111640930176,False,NVIDIA_GeForce_RTX_3080_Ti,12,
convnext_small,64,32,fp16,14.250495910644531,False,NVIDIA_GeForce_RTX_3080_Ti,12,
convnext_small,64,32,fp32,39.76755142211914,False,NVIDIA_GeForce_RTX_3080_Ti,12,
convnext_small,64,64,bf16,20.675935745239254,False,NVIDIA_GeForce_RTX_3080_Ti,12,
convnext_small,64,64,fp16,20.453760147094727,False,NVIDIA_GeForce_RTX_3080_Ti,12,
convnext_small,64,64,fp32,51.593727111816406,False,NVIDIA_GeForce_RTX_3080_Ti,12,
convnext_small,128,16,bf16,19.79033660888672,False,NVIDIA_GeForce_RTX_3080_Ti,12,
convnext_small,128,16,fp16,19.453311920166016,False,NVIDIA_GeForce_RTX_3080_Ti,12,
convnext_small,128,16,fp32,54.10287857055664,False,NVIDIA_GeForce_RTX_3080_Ti,12,
convnext_small,128,32,bf16,30.45171165466309,False,NVIDIA_GeForce_RTX_3080_Ti,12,
convnext_small,128,32,fp16,29.29455947875977,False,NVIDIA_GeForce_RTX_3080_Ti,12,
convnext_small,128,32,fp32,319.4173583984375,False,NVIDIA_GeForce_RTX_3080_Ti,12,precision_artifact
convnext_small,128,64,bf16,53.819854736328125,False,NVIDIA_GeForce_RTX_3080_Ti,12,
convnext_small,128,64,fp16,52.04159927368164,False,NVIDIA_GeForce_RTX_3080_Ti,12,
convnext_small,128,64,fp32,349.1205139160156,False,NVIDIA_GeForce_RTX_3080_Ti,12,
convnext_small,224,16,bf16,42.243072509765625,False,NVIDIA_GeForce_RTX_3080_Ti,12,
convnext_small,224,16,fp16,41.37768173217773,False,NVIDIA_GeForce_RTX_3080_Ti,12,
convnext_small,224,16,fp32,331.40936279296875,False,NVIDIA_GeForce_RTX_3080_Ti,12,precision_artifact
convnext_small,224,32,bf16,72.30054473876953,False,NVIDIA_GeForce_RTX_3080_Ti,12,
convnext_small,224,32,fp16,70.62425231933594,False,NVIDIA_GeForce_RTX_3080_Ti,12,
convnext_small,224,32,fp32,379.4181213378906,False,NVIDIA_GeForce_RTX_3080_Ti,12,
convnext_small,224,64,bf16,135.3185272216797,False,NVIDIA_GeForce_RTX_3080_Ti,12,
convnext_small,224,64,fp16,133.15225219726562,False,NVIDIA_GeForce_RTX_3080_Ti,12,
convnext_small,224,64,fp32,,True,NVIDIA_GeForce_RTX_3080_Ti,12,
convnext_tiny,64,16,bf16,6.642687797546387,False,NVIDIA_GeForce_RTX_3080_Ti,12,
convnext_tiny,64,16,fp16,6.457744121551514,False,NVIDIA_GeForce_RTX_3080_Ti,12,
convnext_tiny,64,16,fp32,13.229056358337402,False,NVIDIA_GeForce_RTX_3080_Ti,12,
convnext_tiny,64,32,bf16,8.398336410522461,False,NVIDIA_GeForce_RTX_3080_Ti,12,
convnext_tiny,64,32,fp16,8.072671890258789,False,NVIDIA_GeForce_RTX_3080_Ti,12,
convnext_tiny,64,32,fp32,31.13420867919922,False,NVIDIA_GeForce_RTX_3080_Ti,12,
convnext_tiny,64,64,bf16,11.801600456237791,False,NVIDIA_GeForce_RTX_3080_Ti,12,
convnext_tiny,64,64,fp16,11.802623748779297,False,NVIDIA_GeForce_RTX_3080_Ti,12,
convnext_tiny,64,64,fp32,35.807743072509766,False,NVIDIA_GeForce_RTX_3080_Ti,12,
convnext_tiny,128,16,bf16,11.384688377380373,False,NVIDIA_GeForce_RTX_3080_Ti,12,
convnext_tiny,128,16,fp16,11.257856369018556,False,NVIDIA_GeForce_RTX_3080_Ti,12,
convnext_tiny,128,16,fp32,35.375614166259766,False,NVIDIA_GeForce_RTX_3080_Ti,12,
convnext_tiny,128,32,bf16,18.078096389770508,False,NVIDIA_GeForce_RTX_3080_Ti,12,
convnext_tiny,128,32,fp16,17.71878433227539,False,NVIDIA_GeForce_RTX_3080_Ti,12,
convnext_tiny,128,32,fp32,123.42323303222656,False,NVIDIA_GeForce_RTX_3080_Ti,12,
convnext_tiny,128,64,bf16,32.271873474121094,False,NVIDIA_GeForce_RTX_3080_Ti,12,
convnext_tiny,128,64,fp16,31.3175048828125,False,NVIDIA_GeForce_RTX_3080_Ti,12,
convnext_tiny,128,64,fp32,147.8681640625,False,NVIDIA_GeForce_RTX_3080_Ti,12,
convnext_tiny,224,16,bf16,25.41004753112793,False,NVIDIA_GeForce_RTX_3080_Ti,12,
convnext_tiny,224,16,fp16,24.748031616210938,False,NVIDIA_GeForce_RTX_3080_Ti,12,
convnext_tiny,224,16,fp32,134.12864685058594,False,NVIDIA_GeForce_RTX_3080_Ti,12,
convnext_tiny,224,32,bf16,42.673152923583984,False,NVIDIA_GeForce_RTX_3080_Ti,12,
convnext_tiny,224,32,fp16,41.99468612670898,False,NVIDIA_GeForce_RTX_3080_Ti,12,
convnext_tiny,224,32,fp32,172.0238037109375,False,NVIDIA_GeForce_RTX_3080_Ti,12,
convnext_tiny,224,64,bf16,80.60108947753906,False,NVIDIA_GeForce_RTX_3080_Ti,12,
convnext_tiny,224,64,fp16,78.82189178466797,False,NVIDIA_GeForce_RTX_3080_Ti,12,
convnext_tiny,224,64,fp32,299.2208251953125,False,NVIDIA_GeForce_RTX_3080_Ti,12,
convnextv2_base,64,16,bf16,20.741567611694336,False,NVIDIA_GeForce_RTX_3080_Ti,12,
convnextv2_base,64,16,fp16,20.82713508605957,False,NVIDIA_GeForce_RTX_3080_Ti,12,
convnextv2_base,64,16,fp32,31.913471221923828,False,NVIDIA_GeForce_RTX_3080_Ti,12,
convnextv2_base,64,32,bf16,29.25454330444336,False,NVIDIA_GeForce_RTX_3080_Ti,12,
convnextv2_base,64,32,fp16,29.494272232055664,False,NVIDIA_GeForce_RTX_3080_Ti,12,
convnextv2_base,64,32,fp32,64.63590240478516,False,NVIDIA_GeForce_RTX_3080_Ti,12,
convnextv2_base,64,64,bf16,47.30521774291992,False,NVIDIA_GeForce_RTX_3080_Ti,12,
convnextv2_base,64,64,fp16,47.68395233154297,False,NVIDIA_GeForce_RTX_3080_Ti,12,
convnextv2_base,64,64,fp32,88.54732513427734,False,NVIDIA_GeForce_RTX_3080_Ti,12,
convnextv2_base,128,16,bf16,45.25516891479492,False,NVIDIA_GeForce_RTX_3080_Ti,12,
convnextv2_base,128,16,fp16,45.608848571777344,False,NVIDIA_GeForce_RTX_3080_Ti,12,
convnextv2_base,128,16,fp32,91.40684509277344,False,NVIDIA_GeForce_RTX_3080_Ti,12,
convnextv2_base,128,32,bf16,78.29708862304688,False,NVIDIA_GeForce_RTX_3080_Ti,12,
convnextv2_base,128,32,fp16,78.08102416992188,False,NVIDIA_GeForce_RTX_3080_Ti,12,
convnextv2_base,128,32,fp32,441.786865234375,False,NVIDIA_GeForce_RTX_3080_Ti,12,
convnextv2_base,128,64,bf16,143.7486114501953,False,NVIDIA_GeForce_RTX_3080_Ti,12,
convnextv2_base,128,64,fp16,143.283203125,False,NVIDIA_GeForce_RTX_3080_Ti,12,
convnextv2_base,128,64,fp32,551.3973999023438,False,NVIDIA_GeForce_RTX_3080_Ti,12,
convnextv2_base,224,16,bf16,112.87654113769533,False,NVIDIA_GeForce_RTX_3080_Ti,12,
convnextv2_base,224,16,fp16,111.59500885009766,False,NVIDIA_GeForce_RTX_3080_Ti,12,
convnextv2_base,224,16,fp32,490.8482666015625,False,NVIDIA_GeForce_RTX_3080_Ti,12,
convnextv2_base,224,32,bf16,217.38743591308597,False,NVIDIA_GeForce_RTX_3080_Ti,12,
convnextv2_base,224,32,fp16,221.9904022216797,False,NVIDIA_GeForce_RTX_3080_Ti,12,
convnextv2_base,224,32,fp32,,True,NVIDIA_GeForce_RTX_3080_Ti,12,
convnextv2_base,224,64,bf16,,True,NVIDIA_GeForce_RTX_3080_Ti,12,
convnextv2_base,224,64,fp16,,True,NVIDIA_GeForce_RTX_3080_Ti,12,
convnextv2_base,224,64,fp32,,True,NVIDIA_GeForce_RTX_3080_Ti,12,
deit_base_patch16_224,64,16,bf16,12.529664039611816,False,NVIDIA_GeForce_RTX_3080_Ti,12,
deit_base_patch16_224,64,16,fp16,12.123135566711426,False,NVIDIA_GeForce_RTX_3080_Ti,12,
deit_base_patch16_224,64,16,fp32,17.89798355102539,False,NVIDIA_GeForce_RTX_3080_Ti,12,
deit_base_patch16_224,64,32,bf16,16.44887924194336,False,NVIDIA_GeForce_RTX_3080_Ti,12,
deit_base_patch16_224,64,32,fp16,15.809951782226562,False,NVIDIA_GeForce_RTX_3080_Ti,12,
deit_base_patch16_224,64,32,fp32,26.706432342529297,False,NVIDIA_GeForce_RTX_3080_Ti,12,
deit_base_patch16_224,64,64,bf16,24.58505630493164,False,NVIDIA_GeForce_RTX_3080_Ti,12,
deit_base_patch16_224,64,64,fp16,24.07828712463379,False,NVIDIA_GeForce_RTX_3080_Ti,12,
deit_base_patch16_224,64,64,fp32,43.91513442993164,False,NVIDIA_GeForce_RTX_3080_Ti,12,
deit_base_patch16_224,128,16,bf16,23.115264892578125,False,NVIDIA_GeForce_RTX_3080_Ti,12,
deit_base_patch16_224,128,16,fp16,22.66419219970703,False,NVIDIA_GeForce_RTX_3080_Ti,12,
deit_base_patch16_224,128,16,fp32,43.65822219848633,False,NVIDIA_GeForce_RTX_3080_Ti,12,
deit_base_patch16_224,128,32,bf16,35.631614685058594,False,NVIDIA_GeForce_RTX_3080_Ti,12,
deit_base_patch16_224,128,32,fp16,36.047359466552734,False,NVIDIA_GeForce_RTX_3080_Ti,12,
deit_base_patch16_224,128,32,fp32,77.9494400024414,False,NVIDIA_GeForce_RTX_3080_Ti,12,
deit_base_patch16_224,128,64,bf16,58.20057678222656,False,NVIDIA_GeForce_RTX_3080_Ti,12,
deit_base_patch16_224,128,64,fp16,57.64086532592773,False,NVIDIA_GeForce_RTX_3080_Ti,12,
deit_base_patch16_224,128,64,fp32,144.8284149169922,False,NVIDIA_GeForce_RTX_3080_Ti,12,
deit_base_patch16_224,224,16,bf16,45.95404815673828,False,NVIDIA_GeForce_RTX_3080_Ti,12,
deit_base_patch16_224,224,16,fp16,45.40569686889648,False,NVIDIA_GeForce_RTX_3080_Ti,12,
deit_base_patch16_224,224,16,fp32,117.19258880615234,False,NVIDIA_GeForce_RTX_3080_Ti,12,
deit_base_patch16_224,224,32,bf16,81.91641235351562,False,NVIDIA_GeForce_RTX_3080_Ti,12,
deit_base_patch16_224,224,32,fp16,80.89036560058594,False,NVIDIA_GeForce_RTX_3080_Ti,12,
deit_base_patch16_224,224,32,fp32,219.6029510498047,False,NVIDIA_GeForce_RTX_3080_Ti,12,
deit_base_patch16_224,224,64,bf16,155.5843505859375,False,NVIDIA_GeForce_RTX_3080_Ti,12,
deit_base_patch16_224,224,64,fp16,150.41932678222656,False,NVIDIA_GeForce_RTX_3080_Ti,12,
deit_base_patch16_224,224,64,fp32,421.865478515625,False,NVIDIA_GeForce_RTX_3080_Ti,12,
deit_small_patch16_224,64,16,bf16,5.4871039390563965,False,NVIDIA_GeForce_RTX_3080_Ti,12,
deit_small_patch16_224,64,16,fp16,5.100512027740479,False,NVIDIA_GeForce_RTX_3080_Ti,12,
deit_small_patch16_224,64,16,fp32,6.956543922424316,False,NVIDIA_GeForce_RTX_3080_Ti,12,
deit_small_patch16_224,64,32,bf16,6.580607891082764,False,NVIDIA_GeForce_RTX_3080_Ti,12,
deit_small_patch16_224,64,32,fp16,6.194687843322754,False,NVIDIA_GeForce_RTX_3080_Ti,12,
deit_small_patch16_224,64,32,fp32,10.11558437347412,False,NVIDIA_GeForce_RTX_3080_Ti,12,
deit_small_patch16_224,64,64,bf16,9.108480453491213,False,NVIDIA_GeForce_RTX_3080_Ti,12,
deit_small_patch16_224,64,64,fp16,8.444416046142578,False,NVIDIA_GeForce_RTX_3080_Ti,12,
deit_small_patch16_224,64,64,fp32,15.55337619781494,False,NVIDIA_GeForce_RTX_3080_Ti,12,
deit_small_patch16_224,128,16,bf16,8.544768333435059,False,NVIDIA_GeForce_RTX_3080_Ti,12,
deit_small_patch16_224,128,16,fp16,7.990784168243408,False,NVIDIA_GeForce_RTX_3080_Ti,12,
deit_small_patch16_224,128,16,fp32,15.972352027893066,False,NVIDIA_GeForce_RTX_3080_Ti,12,
deit_small_patch16_224,128,32,bf16,12.841471672058104,False,NVIDIA_GeForce_RTX_3080_Ti,12,
deit_small_patch16_224,128,32,fp16,12.228544235229492,False,NVIDIA_GeForce_RTX_3080_Ti,12,
deit_small_patch16_224,128,32,fp32,26.06643295288086,False,NVIDIA_GeForce_RTX_3080_Ti,12,
deit_small_patch16_224,128,64,bf16,21.68729591369629,False,NVIDIA_GeForce_RTX_3080_Ti,12,
deit_small_patch16_224,128,64,fp16,20.35456085205078,False,NVIDIA_GeForce_RTX_3080_Ti,12,
deit_small_patch16_224,128,64,fp32,47.783424377441406,False,NVIDIA_GeForce_RTX_3080_Ti,12,
deit_small_patch16_224,224,16,bf16,17.216384887695312,False,NVIDIA_GeForce_RTX_3080_Ti,12,
deit_small_patch16_224,224,16,fp16,16.777727127075195,False,NVIDIA_GeForce_RTX_3080_Ti,12,
deit_small_patch16_224,224,16,fp32,40.48844909667969,False,NVIDIA_GeForce_RTX_3080_Ti,12,
deit_small_patch16_224,224,32,bf16,29.31455993652344,False,NVIDIA_GeForce_RTX_3080_Ti,12,
deit_small_patch16_224,224,32,fp16,28.47385597229004,False,NVIDIA_GeForce_RTX_3080_Ti,12,
deit_small_patch16_224,224,32,fp32,74.54566192626953,False,NVIDIA_GeForce_RTX_3080_Ti,12,
deit_small_patch16_224,224,64,bf16,56.04710388183594,False,NVIDIA_GeForce_RTX_3080_Ti,12,
deit_small_patch16_224,224,64,fp16,54.87001419067383,False,NVIDIA_GeForce_RTX_3080_Ti,12,
deit_small_patch16_224,224,64,fp32,143.5089874267578,False,NVIDIA_GeForce_RTX_3080_Ti,12,
deit_tiny_patch16_224,64,16,bf16,3.3877599239349365,False,NVIDIA_GeForce_RTX_3080_Ti,12,
deit_tiny_patch16_224,64,16,fp16,2.9905920028686523,False,NVIDIA_GeForce_RTX_3080_Ti,12,
deit_tiny_patch16_224,64,16,fp32,3.618175983428955,False,NVIDIA_GeForce_RTX_3080_Ti,12,
deit_tiny_patch16_224,64,32,bf16,4.139520168304443,False,NVIDIA_GeForce_RTX_3080_Ti,12,
deit_tiny_patch16_224,64,32,fp16,3.815936088562012,False,NVIDIA_GeForce_RTX_3080_Ti,12,
deit_tiny_patch16_224,64,32,fp32,5.014912128448486,False,NVIDIA_GeForce_RTX_3080_Ti,12,
deit_tiny_patch16_224,64,64,bf16,5.049344062805176,False,NVIDIA_GeForce_RTX_3080_Ti,12,
deit_tiny_patch16_224,64,64,fp16,4.781055927276611,False,NVIDIA_GeForce_RTX_3080_Ti,12,
deit_tiny_patch16_224,64,64,fp32,7.051119804382324,False,NVIDIA_GeForce_RTX_3080_Ti,12,
deit_tiny_patch16_224,128,16,bf16,4.659711837768555,False,NVIDIA_GeForce_RTX_3080_Ti,12,
deit_tiny_patch16_224,128,16,fp16,4.409247875213623,False,NVIDIA_GeForce_RTX_3080_Ti,12,
deit_tiny_patch16_224,128,16,fp32,7.411664009094238,False,NVIDIA_GeForce_RTX_3080_Ti,12,
deit_tiny_patch16_224,128,32,bf16,6.464000225067139,False,NVIDIA_GeForce_RTX_3080_Ti,12,
deit_tiny_patch16_224,128,32,fp16,6.214144229888916,False,NVIDIA_GeForce_RTX_3080_Ti,12,
deit_tiny_patch16_224,128,32,fp32,11.697664260864258,False,NVIDIA_GeForce_RTX_3080_Ti,12,
deit_tiny_patch16_224,128,64,bf16,10.092032432556152,False,NVIDIA_GeForce_RTX_3080_Ti,12,
deit_tiny_patch16_224,128,64,fp16,10.004480361938477,False,NVIDIA_GeForce_RTX_3080_Ti,12,
deit_tiny_patch16_224,128,64,fp32,20.25062370300293,False,NVIDIA_GeForce_RTX_3080_Ti,12,
deit_tiny_patch16_224,224,16,bf16,8.175616264343262,False,NVIDIA_GeForce_RTX_3080_Ti,12,
deit_tiny_patch16_224,224,16,fp16,7.823359966278076,False,NVIDIA_GeForce_RTX_3080_Ti,12,
deit_tiny_patch16_224,224,16,fp32,17.779712677001953,False,NVIDIA_GeForce_RTX_3080_Ti,12,
deit_tiny_patch16_224,224,32,bf16,14.222335815429688,False,NVIDIA_GeForce_RTX_3080_Ti,12,
deit_tiny_patch16_224,224,32,fp16,13.74499225616455,False,NVIDIA_GeForce_RTX_3080_Ti,12,
deit_tiny_patch16_224,224,32,fp32,30.969343185424805,False,NVIDIA_GeForce_RTX_3080_Ti,12,
deit_tiny_patch16_224,224,64,bf16,27.46009635925293,False,NVIDIA_GeForce_RTX_3080_Ti,12,
deit_tiny_patch16_224,224,64,fp16,25.373151779174805,False,NVIDIA_GeForce_RTX_3080_Ti,12,
deit_tiny_patch16_224,224,64,fp32,58.67264175415039,False,NVIDIA_GeForce_RTX_3080_Ti,12,
densenet121,64,16,bf16,9.60256004333496,False,NVIDIA_GeForce_RTX_3080_Ti,12,
densenet121,64,16,fp16,9.12435245513916,False,NVIDIA_GeForce_RTX_3080_Ti,12,
densenet121,64,16,fp32,10.808832168579102,False,NVIDIA_GeForce_RTX_3080_Ti,12,
densenet121,64,32,bf16,11.875328063964844,False,NVIDIA_GeForce_RTX_3080_Ti,12,
densenet121,64,32,fp16,11.57323169708252,False,NVIDIA_GeForce_RTX_3080_Ti,12,
densenet121,64,32,fp32,14.019071578979492,False,NVIDIA_GeForce_RTX_3080_Ti,12,
densenet121,64,64,bf16,16.770048141479492,False,NVIDIA_GeForce_RTX_3080_Ti,12,
densenet121,64,64,fp16,15.789567947387695,False,NVIDIA_GeForce_RTX_3080_Ti,12,
densenet121,64,64,fp32,20.013568878173828,False,NVIDIA_GeForce_RTX_3080_Ti,12,
densenet121,128,16,bf16,14.59507179260254,False,NVIDIA_GeForce_RTX_3080_Ti,12,
densenet121,128,16,fp16,13.409279823303224,False,NVIDIA_GeForce_RTX_3080_Ti,12,
densenet121,128,16,fp32,17.824256896972656,False,NVIDIA_GeForce_RTX_3080_Ti,12,
densenet121,128,32,bf16,21.320192337036133,False,NVIDIA_GeForce_RTX_3080_Ti,12,
densenet121,128,32,fp16,20.04582405090332,False,NVIDIA_GeForce_RTX_3080_Ti,12,
densenet121,128,32,fp32,32.76646423339844,False,NVIDIA_GeForce_RTX_3080_Ti,12,
densenet121,128,64,bf16,35.242897033691406,False,NVIDIA_GeForce_RTX_3080_Ti,12,
densenet121,128,64,fp16,32.404991149902344,False,NVIDIA_GeForce_RTX_3080_Ti,12,
densenet121,128,64,fp32,51.95264053344727,False,NVIDIA_GeForce_RTX_3080_Ti,12,
densenet121,224,16,bf16,29.882783889770508,False,NVIDIA_GeForce_RTX_3080_Ti,12,
densenet121,224,16,fp16,26.4847354888916,False,NVIDIA_GeForce_RTX_3080_Ti,12,
densenet121,224,16,fp32,41.07059097290039,False,NVIDIA_GeForce_RTX_3080_Ti,12,
densenet121,224,32,bf16,50.27686309814453,False,NVIDIA_GeForce_RTX_3080_Ti,12,
densenet121,224,32,fp16,44.10726547241211,False,NVIDIA_GeForce_RTX_3080_Ti,12,
densenet121,224,32,fp32,76.72013092041016,False,NVIDIA_GeForce_RTX_3080_Ti,12,
densenet121,224,64,bf16,92.9653778076172,False,NVIDIA_GeForce_RTX_3080_Ti,12,
densenet121,224,64,fp16,83.67001342773438,False,NVIDIA_GeForce_RTX_3080_Ti,12,
densenet121,224,64,fp32,202.71405029296875,False,NVIDIA_GeForce_RTX_3080_Ti,12,
dm_nfnet_f1,64,16,bf16,31.86892890930176,False,NVIDIA_GeForce_RTX_3080_Ti,12,
dm_nfnet_f1,64,16,fp16,31.51411247253418,False,NVIDIA_GeForce_RTX_3080_Ti,12,
dm_nfnet_f1,64,16,fp32,41.37369537353516,False,NVIDIA_GeForce_RTX_3080_Ti,12,
dm_nfnet_f1,64,32,bf16,39.83769607543945,False,NVIDIA_GeForce_RTX_3080_Ti,12,
dm_nfnet_f1,64,32,fp16,39.16185760498047,False,NVIDIA_GeForce_RTX_3080_Ti,12,
dm_nfnet_f1,64,32,fp32,50.21891021728516,False,NVIDIA_GeForce_RTX_3080_Ti,12,
dm_nfnet_f1,64,64,bf16,58.42585754394531,False,NVIDIA_GeForce_RTX_3080_Ti,12,
dm_nfnet_f1,64,64,fp16,57.2512321472168,False,NVIDIA_GeForce_RTX_3080_Ti,12,
dm_nfnet_f1,64,64,fp32,74.72486114501953,False,NVIDIA_GeForce_RTX_3080_Ti,12,
dm_nfnet_f1,128,16,bf16,45.07494354248047,False,NVIDIA_GeForce_RTX_3080_Ti,12,
dm_nfnet_f1,128,16,fp16,44.49689483642578,False,NVIDIA_GeForce_RTX_3080_Ti,12,
dm_nfnet_f1,128,16,fp32,60.34022521972656,False,NVIDIA_GeForce_RTX_3080_Ti,12,
dm_nfnet_f1,128,32,bf16,70.30462646484375,False,NVIDIA_GeForce_RTX_3080_Ti,12,
dm_nfnet_f1,128,32,fp16,68.90188598632812,False,NVIDIA_GeForce_RTX_3080_Ti,12,
dm_nfnet_f1,128,32,fp32,109.60537719726562,False,NVIDIA_GeForce_RTX_3080_Ti,12,
dm_nfnet_f1,128,64,bf16,115.80825805664062,False,NVIDIA_GeForce_RTX_3080_Ti,12,
dm_nfnet_f1,128,64,fp16,114.7882080078125,False,NVIDIA_GeForce_RTX_3080_Ti,12,
dm_nfnet_f1,128,64,fp32,194.1692352294922,False,NVIDIA_GeForce_RTX_3080_Ti,12,
dm_nfnet_f1,224,16,bf16,89.98550415039062,False,NVIDIA_GeForce_RTX_3080_Ti,12,
dm_nfnet_f1,224,16,fp16,88.545166015625,False,NVIDIA_GeForce_RTX_3080_Ti,12,
dm_nfnet_f1,224,16,fp32,153.91590881347656,False,NVIDIA_GeForce_RTX_3080_Ti,12,
dm_nfnet_f1,224,32,bf16,157.53164672851562,False,NVIDIA_GeForce_RTX_3080_Ti,12,
dm_nfnet_f1,224,32,fp16,157.90127563476562,False,NVIDIA_GeForce_RTX_3080_Ti,12,
dm_nfnet_f1,224,32,fp32,28702.029296875,False,NVIDIA_GeForce_RTX_3080_Ti,12,precision_artifact
dm_nfnet_f1,224,64,bf16,3848.927734375,False,NVIDIA_GeForce_RTX_3080_Ti,12,slow_outlier
dm_nfnet_f1,224,64,fp16,5141.9638671875,False,NVIDIA_GeForce_RTX_3080_Ti,12,slow_outlier
dm_nfnet_f1,224,64,fp32,,True,NVIDIA_GeForce_RTX_3080_Ti,12,
efficientnet_b0,64,16,bf16,5.7881598472595215,False,NVIDIA_GeForce_RTX_3080_Ti,12,
efficientnet_b0,64,16,fp16,6.130688190460205,False,NVIDIA_GeForce_RTX_3080_Ti,12,
efficientnet_b0,64,16,fp32,5.660672187805176,False,NVIDIA_GeForce_RTX_3080_Ti,12,
efficientnet_b0,64,32,bf16,7.211008071899414,False,NVIDIA_GeForce_RTX_3080_Ti,12,
efficientnet_b0,64,32,fp16,7.270400047302246,False,NVIDIA_GeForce_RTX_3080_Ti,12,
efficientnet_b0,64,32,fp32,7.836559772491455,False,NVIDIA_GeForce_RTX_3080_Ti,12,
efficientnet_b0,64,64,bf16,10.742704391479492,False,NVIDIA_GeForce_RTX_3080_Ti,12,
efficientnet_b0,64,64,fp16,9.937408447265623,False,NVIDIA_GeForce_RTX_3080_Ti,12,
efficientnet_b0,64,64,fp32,11.807231903076172,False,NVIDIA_GeForce_RTX_3080_Ti,12,
efficientnet_b0,128,16,bf16,8.621567726135254,False,NVIDIA_GeForce_RTX_3080_Ti,12,
efficientnet_b0,128,16,fp16,7.528863906860352,False,NVIDIA_GeForce_RTX_3080_Ti,12,
efficientnet_b0,128,16,fp32,9.89475154876709,False,NVIDIA_GeForce_RTX_3080_Ti,12,
efficientnet_b0,128,32,bf16,13.470208168029783,False,NVIDIA_GeForce_RTX_3080_Ti,12,
efficientnet_b0,128,32,fp16,11.145711898803713,False,NVIDIA_GeForce_RTX_3080_Ti,12,
efficientnet_b0,128,32,fp32,15.663104057312012,False,NVIDIA_GeForce_RTX_3080_Ti,12,
efficientnet_b0,128,64,bf16,21.68881607055664,False,NVIDIA_GeForce_RTX_3080_Ti,12,
efficientnet_b0,128,64,fp16,17.261056900024414,False,NVIDIA_GeForce_RTX_3080_Ti,12,
efficientnet_b0,128,64,fp32,28.328800201416016,False,NVIDIA_GeForce_RTX_3080_Ti,12,
efficientnet_b0,224,16,bf16,17.653648376464844,False,NVIDIA_GeForce_RTX_3080_Ti,12,
efficientnet_b0,224,16,fp16,13.780991554260254,False,NVIDIA_GeForce_RTX_3080_Ti,12,
efficientnet_b0,224,16,fp32,21.4783992767334,False,NVIDIA_GeForce_RTX_3080_Ti,12,
efficientnet_b0,224,32,bf16,31.64414405822754,False,NVIDIA_GeForce_RTX_3080_Ti,12,
efficientnet_b0,224,32,fp16,23.818239212036133,False,NVIDIA_GeForce_RTX_3080_Ti,12,
efficientnet_b0,224,32,fp32,40.12339019775391,False,NVIDIA_GeForce_RTX_3080_Ti,12,
efficientnet_b0,224,64,bf16,58.24496078491211,False,NVIDIA_GeForce_RTX_3080_Ti,12,
efficientnet_b0,224,64,fp16,43.164161682128906,False,NVIDIA_GeForce_RTX_3080_Ti,12,
efficientnet_b0,224,64,fp32,76.80255889892578,False,NVIDIA_GeForce_RTX_3080_Ti,12,
efficientnet_b3,64,16,bf16,10.842623710632324,False,NVIDIA_GeForce_RTX_3080_Ti,12,
efficientnet_b3,64,16,fp16,9.786751747131348,False,NVIDIA_GeForce_RTX_3080_Ti,12,
efficientnet_b3,64,16,fp32,10.82470417022705,False,NVIDIA_GeForce_RTX_3080_Ti,12,
efficientnet_b3,64,32,bf16,13.57107162475586,False,NVIDIA_GeForce_RTX_3080_Ti,12,
efficientnet_b3,64,32,fp16,12.908543586730955,False,NVIDIA_GeForce_RTX_3080_Ti,12,
efficientnet_b3,64,32,fp32,15.102911949157717,False,NVIDIA_GeForce_RTX_3080_Ti,12,
efficientnet_b3,64,64,bf16,19.594751358032227,False,NVIDIA_GeForce_RTX_3080_Ti,12,
efficientnet_b3,64,64,fp16,16.555007934570312,False,NVIDIA_GeForce_RTX_3080_Ti,12,
efficientnet_b3,64,64,fp32,24.050687789916992,False,NVIDIA_GeForce_RTX_3080_Ti,12,
efficientnet_b3,128,16,bf16,15.598031997680664,False,NVIDIA_GeForce_RTX_3080_Ti,12,
efficientnet_b3,128,16,fp16,12.752384185791016,False,NVIDIA_GeForce_RTX_3080_Ti,12,
efficientnet_b3,128,16,fp32,18.9771671295166,False,NVIDIA_GeForce_RTX_3080_Ti,12,
efficientnet_b3,128,32,bf16,23.962623596191406,False,NVIDIA_GeForce_RTX_3080_Ti,12,
efficientnet_b3,128,32,fp16,19.561983108520508,False,NVIDIA_GeForce_RTX_3080_Ti,12,
efficientnet_b3,128,32,fp32,30.68160057067871,False,NVIDIA_GeForce_RTX_3080_Ti,12,
efficientnet_b3,128,64,bf16,42.18769454956055,False,NVIDIA_GeForce_RTX_3080_Ti,12,
efficientnet_b3,128,64,fp16,33.15091323852539,False,NVIDIA_GeForce_RTX_3080_Ti,12,
efficientnet_b3,128,64,fp32,56.05311965942383,False,NVIDIA_GeForce_RTX_3080_Ti,12,
efficientnet_b3,224,16,bf16,33.066497802734375,False,NVIDIA_GeForce_RTX_3080_Ti,12,
efficientnet_b3,224,16,fp16,24.69171142578125,False,NVIDIA_GeForce_RTX_3080_Ti,12,
efficientnet_b3,224,16,fp32,42.25791931152344,False,NVIDIA_GeForce_RTX_3080_Ti,12,
efficientnet_b3,224,32,bf16,59.927040100097656,False,NVIDIA_GeForce_RTX_3080_Ti,12,
efficientnet_b3,224,32,fp16,44.50764846801758,False,NVIDIA_GeForce_RTX_3080_Ti,12,
efficientnet_b3,224,32,fp32,79.15007781982422,False,NVIDIA_GeForce_RTX_3080_Ti,12,
efficientnet_b3,224,64,bf16,113.84371185302734,False,NVIDIA_GeForce_RTX_3080_Ti,12,
efficientnet_b3,224,64,fp16,83.62854766845703,False,NVIDIA_GeForce_RTX_3080_Ti,12,
efficientnet_b3,224,64,fp32,,True,NVIDIA_GeForce_RTX_3080_Ti,12,
efficientnet_b5,64,16,bf16,19.105791091918945,False,NVIDIA_GeForce_RTX_3080_Ti,12,
efficientnet_b5,64,16,fp16,17.03936004638672,False,NVIDIA_GeForce_RTX_3080_Ti,12,
efficientnet_b5,64,16,fp32,20.212207794189453,False,NVIDIA_GeForce_RTX_3080_Ti,12,
efficientnet_b5,64,32,bf16,24.653823852539062,False,NVIDIA_GeForce_RTX_3080_Ti,12,
efficientnet_b5,64,32,fp16,21.2750244140625,False,NVIDIA_GeForce_RTX_3080_Ti,12,
efficientnet_b5,64,32,fp32,28.35038375854492,False,NVIDIA_GeForce_RTX_3080_Ti,12,
efficientnet_b5,64,64,bf16,37.51884841918945,False,NVIDIA_GeForce_RTX_3080_Ti,12,
efficientnet_b5,64,64,fp16,30.663679122924805,False,NVIDIA_GeForce_RTX_3080_Ti,12,
efficientnet_b5,64,64,fp32,46.3983039855957,False,NVIDIA_GeForce_RTX_3080_Ti,12,
efficientnet_b5,128,16,bf16,28.214784622192383,False,NVIDIA_GeForce_RTX_3080_Ti,12,
efficientnet_b5,128,16,fp16,22.61350440979004,False,NVIDIA_GeForce_RTX_3080_Ti,12,
efficientnet_b5,128,16,fp32,35.36537551879883,False,NVIDIA_GeForce_RTX_3080_Ti,12,
efficientnet_b5,128,32,bf16,45.325313568115234,False,NVIDIA_GeForce_RTX_3080_Ti,12,
efficientnet_b5,128,32,fp16,35.1723518371582,False,NVIDIA_GeForce_RTX_3080_Ti,12,
efficientnet_b5,128,32,fp32,58.898433685302734,False,NVIDIA_GeForce_RTX_3080_Ti,12,
efficientnet_b5,128,64,bf16,78.47782135009766,False,NVIDIA_GeForce_RTX_3080_Ti,12,
efficientnet_b5,128,64,fp16,60.8430061340332,False,NVIDIA_GeForce_RTX_3080_Ti,12,
efficientnet_b5,128,64,fp32,106.18316650390624,False,NVIDIA_GeForce_RTX_3080_Ti,12,
efficientnet_b5,224,16,bf16,61.5776481628418,False,NVIDIA_GeForce_RTX_3080_Ti,12,
efficientnet_b5,224,16,fp16,47.91603088378906,False,NVIDIA_GeForce_RTX_3080_Ti,12,
efficientnet_b5,224,16,fp32,80.32091522216797,False,NVIDIA_GeForce_RTX_3080_Ti,12,
efficientnet_b5,224,32,bf16,111.17670440673828,False,NVIDIA_GeForce_RTX_3080_Ti,12,
efficientnet_b5,224,32,fp16,79.4229736328125,False,NVIDIA_GeForce_RTX_3080_Ti,12,
efficientnet_b5,224,32,fp32,,True,NVIDIA_GeForce_RTX_3080_Ti,12,
efficientnet_b5,224,64,bf16,,True,NVIDIA_GeForce_RTX_3080_Ti,12,
efficientnet_b5,224,64,fp16,,True,NVIDIA_GeForce_RTX_3080_Ti,12,
efficientnet_b5,224,64,fp32,,True,NVIDIA_GeForce_RTX_3080_Ti,12,
efficientnetv2_l,64,16,bf16,43.072513580322266,False,NVIDIA_GeForce_RTX_3080_Ti,12,
efficientnetv2_l,64,16,fp16,40.5662727355957,False,NVIDIA_GeForce_RTX_3080_Ti,12,
efficientnetv2_l,64,16,fp32,52.06835174560547,False,NVIDIA_GeForce_RTX_3080_Ti,12,
efficientnetv2_l,64,32,bf16,52.16860961914063,False,NVIDIA_GeForce_RTX_3080_Ti,12,
efficientnetv2_l,64,32,fp16,47.69535827636719,False,NVIDIA_GeForce_RTX_3080_Ti,12,
efficientnetv2_l,64,32,fp32,70.27046203613281,False,NVIDIA_GeForce_RTX_3080_Ti,12,
efficientnetv2_l,64,64,bf16,73.62188720703125,False,NVIDIA_GeForce_RTX_3080_Ti,12,
efficientnetv2_l,64,64,fp16,63.36921691894531,False,NVIDIA_GeForce_RTX_3080_Ti,12,
efficientnetv2_l,64,64,fp32,106.85747528076172,False,NVIDIA_GeForce_RTX_3080_Ti,12,
efficientnetv2_l,128,16,bf16,52.86798477172852,False,NVIDIA_GeForce_RTX_3080_Ti,12,
efficientnetv2_l,128,16,fp16,47.49568176269531,False,NVIDIA_GeForce_RTX_3080_Ti,12,
efficientnetv2_l,128,16,fp32,74.94451141357422,False,NVIDIA_GeForce_RTX_3080_Ti,12,
efficientnetv2_l,128,32,bf16,79.75782775878906,False,NVIDIA_GeForce_RTX_3080_Ti,12,
efficientnetv2_l,128,32,fp16,69.3196792602539,False,NVIDIA_GeForce_RTX_3080_Ti,12,
efficientnetv2_l,128,32,fp32,147.60499572753906,False,NVIDIA_GeForce_RTX_3080_Ti,12,
efficientnetv2_l,128,64,bf16,134.19007873535156,False,NVIDIA_GeForce_RTX_3080_Ti,12,
efficientnetv2_l,128,64,fp16,114.92556762695312,False,NVIDIA_GeForce_RTX_3080_Ti,12,
efficientnetv2_l,128,64,fp32,,True,NVIDIA_GeForce_RTX_3080_Ti,12,
efficientnetv2_l,224,16,bf16,106.1739501953125,False,NVIDIA_GeForce_RTX_3080_Ti,12,
efficientnetv2_l,224,16,fp16,86.42253112792969,False,NVIDIA_GeForce_RTX_3080_Ti,12,
efficientnetv2_l,224,16,fp32,6266.84423828125,False,NVIDIA_GeForce_RTX_3080_Ti,12,precision_artifact
efficientnetv2_l,224,32,bf16,2975.531005859375,False,NVIDIA_GeForce_RTX_3080_Ti,12,slow_outlier
efficientnetv2_l,224,32,fp16,2599.837158203125,False,NVIDIA_GeForce_RTX_3080_Ti,12,slow_outlier
efficientnetv2_l,224,32,fp32,,True,NVIDIA_GeForce_RTX_3080_Ti,12,
efficientnetv2_l,224,64,bf16,,True,NVIDIA_GeForce_RTX_3080_Ti,12,
efficientnetv2_l,224,64,fp16,,True,NVIDIA_GeForce_RTX_3080_Ti,12,
efficientnetv2_l,224,64,fp32,,True,NVIDIA_GeForce_RTX_3080_Ti,12,
efficientnetv2_m,64,16,bf16,25.79097557067871,False,NVIDIA_GeForce_RTX_3080_Ti,12,
efficientnetv2_m,64,16,fp16,23.38252830505371,False,NVIDIA_GeForce_RTX_3080_Ti,12,
efficientnetv2_m,64,16,fp32,27.406848907470703,False,NVIDIA_GeForce_RTX_3080_Ti,12,
efficientnetv2_m,64,32,bf16,31.72246360778809,False,NVIDIA_GeForce_RTX_3080_Ti,12,
efficientnetv2_m,64,32,fp16,27.996143341064453,False,NVIDIA_GeForce_RTX_3080_Ti,12,
efficientnetv2_m,64,32,fp32,35.88444900512695,False,NVIDIA_GeForce_RTX_3080_Ti,12,
efficientnetv2_m,64,64,bf16,45.53523254394531,False,NVIDIA_GeForce_RTX_3080_Ti,12,
efficientnetv2_m,64,64,fp16,38.49932861328125,False,NVIDIA_GeForce_RTX_3080_Ti,12,
efficientnetv2_m,64,64,fp32,57.36191940307617,False,NVIDIA_GeForce_RTX_3080_Ti,12,
efficientnetv2_m,128,16,bf16,32.44083023071289,False,NVIDIA_GeForce_RTX_3080_Ti,12,
efficientnetv2_m,128,16,fp16,28.41390419006348,False,NVIDIA_GeForce_RTX_3080_Ti,12,
efficientnetv2_m,128,16,fp32,41.17913436889648,False,NVIDIA_GeForce_RTX_3080_Ti,12,
efficientnetv2_m,128,32,bf16,47.67744064331055,False,NVIDIA_GeForce_RTX_3080_Ti,12,
efficientnetv2_m,128,32,fp16,40.953857421875,False,NVIDIA_GeForce_RTX_3080_Ti,12,
efficientnetv2_m,128,32,fp32,64.38809967041016,False,NVIDIA_GeForce_RTX_3080_Ti,12,
efficientnetv2_m,128,64,bf16,79.97183990478516,False,NVIDIA_GeForce_RTX_3080_Ti,12,
efficientnetv2_m,128,64,fp16,67.884033203125,False,NVIDIA_GeForce_RTX_3080_Ti,12,
efficientnetv2_m,128,64,fp32,113.23596954345705,False,NVIDIA_GeForce_RTX_3080_Ti,12,
efficientnetv2_m,224,16,bf16,61.44091033935547,False,NVIDIA_GeForce_RTX_3080_Ti,12,
efficientnetv2_m,224,16,fp16,48.84479904174805,False,NVIDIA_GeForce_RTX_3080_Ti,12,
efficientnetv2_m,224,16,fp32,81.6911392211914,False,NVIDIA_GeForce_RTX_3080_Ti,12,
efficientnetv2_m,224,32,bf16,104.3660125732422,False,NVIDIA_GeForce_RTX_3080_Ti,12,
efficientnetv2_m,224,32,fp16,84.14820861816406,False,NVIDIA_GeForce_RTX_3080_Ti,12,
efficientnetv2_m,224,32,fp32,1935.47216796875,False,NVIDIA_GeForce_RTX_3080_Ti,12,precision_artifact
efficientnetv2_m,224,64,bf16,728.7381591796875,False,NVIDIA_GeForce_RTX_3080_Ti,12,precision_artifact
efficientnetv2_m,224,64,fp16,198.5310211181641,False,NVIDIA_GeForce_RTX_3080_Ti,12,
efficientnetv2_m,224,64,fp32,,True,NVIDIA_GeForce_RTX_3080_Ti,12,
efficientnetv2_s,64,16,bf16,13.990912437438965,False,NVIDIA_GeForce_RTX_3080_Ti,12,
efficientnetv2_s,64,16,fp16,12.86691188812256,False,NVIDIA_GeForce_RTX_3080_Ti,12,
efficientnetv2_s,64,16,fp32,14.913023948669434,False,NVIDIA_GeForce_RTX_3080_Ti,12,
efficientnetv2_s,64,32,bf16,17.77191925048828,False,NVIDIA_GeForce_RTX_3080_Ti,12,
efficientnetv2_s,64,32,fp16,16.459775924682617,False,NVIDIA_GeForce_RTX_3080_Ti,12,
efficientnetv2_s,64,32,fp32,19.34489631652832,False,NVIDIA_GeForce_RTX_3080_Ti,12,
efficientnetv2_s,64,64,bf16,25.00403213500977,False,NVIDIA_GeForce_RTX_3080_Ti,12,
efficientnetv2_s,64,64,fp16,21.530031204223636,False,NVIDIA_GeForce_RTX_3080_Ti,12,
efficientnetv2_s,64,64,fp32,30.30681610107422,False,NVIDIA_GeForce_RTX_3080_Ti,12,
efficientnetv2_s,128,16,bf16,18.18982315063477,False,NVIDIA_GeForce_RTX_3080_Ti,12,
efficientnetv2_s,128,16,fp16,15.951312065124512,False,NVIDIA_GeForce_RTX_3080_Ti,12,
efficientnetv2_s,128,16,fp32,23.476224899291992,False,NVIDIA_GeForce_RTX_3080_Ti,12,
efficientnetv2_s,128,32,bf16,26.718095779418945,False,NVIDIA_GeForce_RTX_3080_Ti,12,
efficientnetv2_s,128,32,fp16,22.847999572753903,False,NVIDIA_GeForce_RTX_3080_Ti,12,
efficientnetv2_s,128,32,fp32,35.472896575927734,False,NVIDIA_GeForce_RTX_3080_Ti,12,
efficientnetv2_s,128,64,bf16,44.46259307861328,False,NVIDIA_GeForce_RTX_3080_Ti,12,
efficientnetv2_s,128,64,fp16,36.94643020629883,False,NVIDIA_GeForce_RTX_3080_Ti,12,
efficientnetv2_s,128,64,fp32,64.64460754394531,False,NVIDIA_GeForce_RTX_3080_Ti,12,
efficientnetv2_s,224,16,bf16,35.26451110839844,False,NVIDIA_GeForce_RTX_3080_Ti,12,
efficientnetv2_s,224,16,fp16,28.39295959472656,False,NVIDIA_GeForce_RTX_3080_Ti,12,
efficientnetv2_s,224,16,fp32,47.24275207519531,False,NVIDIA_GeForce_RTX_3080_Ti,12,
efficientnetv2_s,224,32,bf16,61.41132736206055,False,NVIDIA_GeForce_RTX_3080_Ti,12,
efficientnetv2_s,224,32,fp16,47.98515319824219,False,NVIDIA_GeForce_RTX_3080_Ti,12,
efficientnetv2_s,224,32,fp32,86.89291381835938,False,NVIDIA_GeForce_RTX_3080_Ti,12,
efficientnetv2_s,224,64,bf16,137.66143798828125,False,NVIDIA_GeForce_RTX_3080_Ti,12,
efficientnetv2_s,224,64,fp16,104.35635375976562,False,NVIDIA_GeForce_RTX_3080_Ti,12,
efficientnetv2_s,224,64,fp32,,True,NVIDIA_GeForce_RTX_3080_Ti,12,
fastvit_t12,64,16,bf16,7.073215961456299,False,NVIDIA_GeForce_RTX_3080_Ti,12,
fastvit_t12,64,16,fp16,7.635456085205078,False,NVIDIA_GeForce_RTX_3080_Ti,12,
fastvit_t12,64,16,fp32,7.249919891357422,False,NVIDIA_GeForce_RTX_3080_Ti,12,
fastvit_t12,64,32,bf16,9.400832176208496,False,NVIDIA_GeForce_RTX_3080_Ti,12,
fastvit_t12,64,32,fp16,9.92409610748291,False,NVIDIA_GeForce_RTX_3080_Ti,12,
fastvit_t12,64,32,fp32,9.783696174621582,False,NVIDIA_GeForce_RTX_3080_Ti,12,
fastvit_t12,64,64,bf16,13.63092803955078,False,NVIDIA_GeForce_RTX_3080_Ti,12,
fastvit_t12,64,64,fp16,13.178879737854004,False,NVIDIA_GeForce_RTX_3080_Ti,12,
fastvit_t12,64,64,fp32,15.564127922058104,False,NVIDIA_GeForce_RTX_3080_Ti,12,
fastvit_t12,128,16,bf16,11.134464263916016,False,NVIDIA_GeForce_RTX_3080_Ti,12,
fastvit_t12,128,16,fp16,10.362367630004885,False,NVIDIA_GeForce_RTX_3080_Ti,12,
fastvit_t12,128,16,fp32,12.402688026428224,False,NVIDIA_GeForce_RTX_3080_Ti,12,
fastvit_t12,128,32,bf16,18.687471389770508,False,NVIDIA_GeForce_RTX_3080_Ti,12,
fastvit_t12,128,32,fp16,16.686479568481445,False,NVIDIA_GeForce_RTX_3080_Ti,12,
fastvit_t12,128,32,fp32,21.3328800201416,False,NVIDIA_GeForce_RTX_3080_Ti,12,
fastvit_t12,128,64,bf16,34.8856315612793,False,NVIDIA_GeForce_RTX_3080_Ti,12,
fastvit_t12,128,64,fp16,30.740991592407227,False,NVIDIA_GeForce_RTX_3080_Ti,12,
fastvit_t12,128,64,fp32,39.123966217041016,False,NVIDIA_GeForce_RTX_3080_Ti,12,
fastvit_t12,224,16,bf16,27.433984756469727,False,NVIDIA_GeForce_RTX_3080_Ti,12,
fastvit_t12,224,16,fp16,24.282623291015625,False,NVIDIA_GeForce_RTX_3080_Ti,12,
fastvit_t12,224,16,fp32,29.85420799255371,False,NVIDIA_GeForce_RTX_3080_Ti,12,
fastvit_t12,224,32,bf16,51.39904022216797,False,NVIDIA_GeForce_RTX_3080_Ti,12,
fastvit_t12,224,32,fp16,45.57209777832031,False,NVIDIA_GeForce_RTX_3080_Ti,12,
fastvit_t12,224,32,fp32,58.15537643432617,False,NVIDIA_GeForce_RTX_3080_Ti,12,
fastvit_t12,224,64,bf16,99.13855743408205,False,NVIDIA_GeForce_RTX_3080_Ti,12,
fastvit_t12,224,64,fp16,89.25337219238281,False,NVIDIA_GeForce_RTX_3080_Ti,12,
fastvit_t12,224,64,fp32,118.5433578491211,False,NVIDIA_GeForce_RTX_3080_Ti,12,
fastvit_t8,64,16,bf16,5.554175853729248,False,NVIDIA_GeForce_RTX_3080_Ti,12,
fastvit_t8,64,16,fp16,5.7635040283203125,False,NVIDIA_GeForce_RTX_3080_Ti,12,
fastvit_t8,64,16,fp32,5.165567874908447,False,NVIDIA_GeForce_RTX_3080_Ti,12,
fastvit_t8,64,32,bf16,6.814208030700684,False,NVIDIA_GeForce_RTX_3080_Ti,12,
fastvit_t8,64,32,fp16,6.456319808959961,False,NVIDIA_GeForce_RTX_3080_Ti,12,
fastvit_t8,64,32,fp32,6.948351860046387,False,NVIDIA_GeForce_RTX_3080_Ti,12,
fastvit_t8,64,64,bf16,10.290111541748049,False,NVIDIA_GeForce_RTX_3080_Ti,12,
fastvit_t8,64,64,fp16,9.296303749084473,False,NVIDIA_GeForce_RTX_3080_Ti,12,
fastvit_t8,64,64,fp32,10.692480087280272,False,NVIDIA_GeForce_RTX_3080_Ti,12,
fastvit_t8,128,16,bf16,8.3471040725708,False,NVIDIA_GeForce_RTX_3080_Ti,12,
fastvit_t8,128,16,fp16,7.667168140411377,False,NVIDIA_GeForce_RTX_3080_Ti,12,
fastvit_t8,128,16,fp32,8.7838716506958,False,NVIDIA_GeForce_RTX_3080_Ti,12,
fastvit_t8,128,32,bf16,13.668864250183104,False,NVIDIA_GeForce_RTX_3080_Ti,12,
fastvit_t8,128,32,fp16,12.36838436126709,False,NVIDIA_GeForce_RTX_3080_Ti,12,
fastvit_t8,128,32,fp32,14.95132827758789,False,NVIDIA_GeForce_RTX_3080_Ti,12,
fastvit_t8,128,64,bf16,24.776559829711918,False,NVIDIA_GeForce_RTX_3080_Ti,12,
fastvit_t8,128,64,fp16,21.930496215820312,False,NVIDIA_GeForce_RTX_3080_Ti,12,
fastvit_t8,128,64,fp32,27.581951141357425,False,NVIDIA_GeForce_RTX_3080_Ti,12,
fastvit_t8,224,16,bf16,19.56385612487793,False,NVIDIA_GeForce_RTX_3080_Ti,12,
fastvit_t8,224,16,fp16,17.335296630859375,False,NVIDIA_GeForce_RTX_3080_Ti,12,
fastvit_t8,224,16,fp32,21.10259246826172,False,NVIDIA_GeForce_RTX_3080_Ti,12,
fastvit_t8,224,32,bf16,36.67289733886719,False,NVIDIA_GeForce_RTX_3080_Ti,12,
fastvit_t8,224,32,fp16,31.96860885620117,False,NVIDIA_GeForce_RTX_3080_Ti,12,
fastvit_t8,224,32,fp32,40.69785690307617,False,NVIDIA_GeForce_RTX_3080_Ti,12,
fastvit_t8,224,64,bf16,70.89971160888672,False,NVIDIA_GeForce_RTX_3080_Ti,12,
fastvit_t8,224,64,fp16,62.26534271240234,False,NVIDIA_GeForce_RTX_3080_Ti,12,
fastvit_t8,224,64,fp32,78.94834899902344,False,NVIDIA_GeForce_RTX_3080_Ti,12,
maxvit_tiny_tf_224,64,16,bf16,15.57913589477539,False,NVIDIA_GeForce_RTX_3080_Ti,12,
maxvit_tiny_tf_224,64,16,fp16,14.749183654785156,False,NVIDIA_GeForce_RTX_3080_Ti,12,
maxvit_tiny_tf_224,64,16,fp32,21.75227165222168,False,NVIDIA_GeForce_RTX_3080_Ti,12,
maxvit_tiny_tf_224,64,32,bf16,21.26028823852539,False,NVIDIA_GeForce_RTX_3080_Ti,12,
maxvit_tiny_tf_224,64,32,fp16,19.89683151245117,False,NVIDIA_GeForce_RTX_3080_Ti,12,
maxvit_tiny_tf_224,64,32,fp32,33.49958419799805,False,NVIDIA_GeForce_RTX_3080_Ti,12,
maxvit_tiny_tf_224,64,64,bf16,31.738880157470703,False,NVIDIA_GeForce_RTX_3080_Ti,12,
maxvit_tiny_tf_224,64,64,fp16,30.134784698486328,False,NVIDIA_GeForce_RTX_3080_Ti,12,
maxvit_tiny_tf_224,64,64,fp32,57.15558242797852,False,NVIDIA_GeForce_RTX_3080_Ti,12,
maxvit_tiny_tf_224,128,16,bf16,25.869823455810547,False,NVIDIA_GeForce_RTX_3080_Ti,12,
maxvit_tiny_tf_224,128,16,fp16,23.81875228881836,False,NVIDIA_GeForce_RTX_3080_Ti,12,
maxvit_tiny_tf_224,128,16,fp32,40.32307052612305,False,NVIDIA_GeForce_RTX_3080_Ti,12,
maxvit_tiny_tf_224,128,32,bf16,42.85542297363281,False,NVIDIA_GeForce_RTX_3080_Ti,12,
maxvit_tiny_tf_224,128,32,fp16,39.04870223999024,False,NVIDIA_GeForce_RTX_3080_Ti,12,
maxvit_tiny_tf_224,128,32,fp32,71.90271759033203,False,NVIDIA_GeForce_RTX_3080_Ti,12,
maxvit_tiny_tf_224,128,64,bf16,77.43436431884766,False,NVIDIA_GeForce_RTX_3080_Ti,12,
maxvit_tiny_tf_224,128,64,fp16,70.73075103759766,False,NVIDIA_GeForce_RTX_3080_Ti,12,
maxvit_tiny_tf_224,128,64,fp32,134.44044494628906,False,NVIDIA_GeForce_RTX_3080_Ti,12,
maxvit_tiny_tf_224,224,16,bf16,59.45087814331055,False,NVIDIA_GeForce_RTX_3080_Ti,12,
maxvit_tiny_tf_224,224,16,fp16,54.12966537475586,False,NVIDIA_GeForce_RTX_3080_Ti,12,
maxvit_tiny_tf_224,224,16,fp32,98.08281707763672,False,NVIDIA_GeForce_RTX_3080_Ti,12,
maxvit_tiny_tf_224,224,32,bf16,106.37312316894533,False,NVIDIA_GeForce_RTX_3080_Ti,12,
maxvit_tiny_tf_224,224,32,fp16,95.9093780517578,False,NVIDIA_GeForce_RTX_3080_Ti,12,
maxvit_tiny_tf_224,224,32,fp32,,True,NVIDIA_GeForce_RTX_3080_Ti,12,
maxvit_tiny_tf_224,224,64,bf16,,True,NVIDIA_GeForce_RTX_3080_Ti,12,
maxvit_tiny_tf_224,224,64,fp16,,True,NVIDIA_GeForce_RTX_3080_Ti,12,
maxvit_tiny_tf_224,224,64,fp32,,True,NVIDIA_GeForce_RTX_3080_Ti,12,
mixer_b16_224,64,16,bf16,11.26860809326172,False,NVIDIA_GeForce_RTX_3080_Ti,12,
mixer_b16_224,64,16,fp16,10.93575954437256,False,NVIDIA_GeForce_RTX_3080_Ti,12,
mixer_b16_224,64,16,fp32,15.41171169281006,False,NVIDIA_GeForce_RTX_3080_Ti,12,
mixer_b16_224,64,32,bf16,15.90272045135498,False,NVIDIA_GeForce_RTX_3080_Ti,12,
mixer_b16_224,64,32,fp16,15.516160011291504,False,NVIDIA_GeForce_RTX_3080_Ti,12,
mixer_b16_224,64,32,fp32,24.88575935363769,False,NVIDIA_GeForce_RTX_3080_Ti,12,
mixer_b16_224,64,64,bf16,24.762880325317383,False,NVIDIA_GeForce_RTX_3080_Ti,12,
mixer_b16_224,64,64,fp16,24.61644744873047,False,NVIDIA_GeForce_RTX_3080_Ti,12,
mixer_b16_224,64,64,fp32,43.058143615722656,False,NVIDIA_GeForce_RTX_3080_Ti,12,
mixer_b16_224,128,16,bf16,18.488319396972656,False,NVIDIA_GeForce_RTX_3080_Ti,12,
mixer_b16_224,128,16,fp16,18.304000854492188,False,NVIDIA_GeForce_RTX_3080_Ti,12,
mixer_b16_224,128,16,fp32,32.61798477172852,False,NVIDIA_GeForce_RTX_3080_Ti,12,
mixer_b16_224,128,32,bf16,29.700096130371094,False,NVIDIA_GeForce_RTX_3080_Ti,12,
mixer_b16_224,128,32,fp16,30.05743980407715,False,NVIDIA_GeForce_RTX_3080_Ti,12,
mixer_b16_224,128,32,fp32,59.61164855957031,False,NVIDIA_GeForce_RTX_3080_Ti,12,
mixer_b16_224,128,64,bf16,51.07656097412109,False,NVIDIA_GeForce_RTX_3080_Ti,12,
mixer_b16_224,128,64,fp16,50.31526565551758,False,NVIDIA_GeForce_RTX_3080_Ti,12,
mixer_b16_224,128,64,fp32,110.87667083740234,False,NVIDIA_GeForce_RTX_3080_Ti,12,
mixer_b16_224,224,16,bf16,38.34572982788086,False,NVIDIA_GeForce_RTX_3080_Ti,12,
mixer_b16_224,224,16,fp16,38.17619323730469,False,NVIDIA_GeForce_RTX_3080_Ti,12,
mixer_b16_224,224,16,fp32,82.11097717285156,False,NVIDIA_GeForce_RTX_3080_Ti,12,
mixer_b16_224,224,32,bf16,68.93106842041016,False,NVIDIA_GeForce_RTX_3080_Ti,12,
mixer_b16_224,224,32,fp16,68.49171447753906,False,NVIDIA_GeForce_RTX_3080_Ti,12,
mixer_b16_224,224,32,fp32,155.03616333007812,False,NVIDIA_GeForce_RTX_3080_Ti,12,
mixer_b16_224,224,64,bf16,130.18316650390625,False,NVIDIA_GeForce_RTX_3080_Ti,12,
mixer_b16_224,224,64,fp16,128.07066345214844,False,NVIDIA_GeForce_RTX_3080_Ti,12,
mixer_b16_224,224,64,fp32,296.0604248046875,False,NVIDIA_GeForce_RTX_3080_Ti,12,
mobilenetv2_100,64,16,bf16,3.3858559131622314,False,NVIDIA_GeForce_RTX_3080_Ti,12,
mobilenetv2_100,64,16,fp16,3.051520109176636,False,NVIDIA_GeForce_RTX_3080_Ti,12,
mobilenetv2_100,64,16,fp32,3.5932159423828125,False,NVIDIA_GeForce_RTX_3080_Ti,12,
mobilenetv2_100,64,32,bf16,4.7027201652526855,False,NVIDIA_GeForce_RTX_3080_Ti,12,
mobilenetv2_100,64,32,fp16,3.9976959228515625,False,NVIDIA_GeForce_RTX_3080_Ti,12,
mobilenetv2_100,64,32,fp32,5.149695873260498,False,NVIDIA_GeForce_RTX_3080_Ti,12,
mobilenetv2_100,64,64,bf16,7.114192008972168,False,NVIDIA_GeForce_RTX_3080_Ti,12,
mobilenetv2_100,64,64,fp16,5.774847984313965,False,NVIDIA_GeForce_RTX_3080_Ti,12,
mobilenetv2_100,64,64,fp32,7.913472175598144,False,NVIDIA_GeForce_RTX_3080_Ti,12,
mobilenetv2_100,128,16,bf16,5.700607776641846,False,NVIDIA_GeForce_RTX_3080_Ti,12,
mobilenetv2_100,128,16,fp16,4.596735954284668,False,NVIDIA_GeForce_RTX_3080_Ti,12,
mobilenetv2_100,128,16,fp32,6.886911869049072,False,NVIDIA_GeForce_RTX_3080_Ti,12,
mobilenetv2_100,128,32,bf16,9.326592445373535,False,NVIDIA_GeForce_RTX_3080_Ti,12,
mobilenetv2_100,128,32,fp16,7.400815963745117,False,NVIDIA_GeForce_RTX_3080_Ti,12,
mobilenetv2_100,128,32,fp32,11.380224227905272,False,NVIDIA_GeForce_RTX_3080_Ti,12,
mobilenetv2_100,128,64,bf16,16.200111389160156,False,NVIDIA_GeForce_RTX_3080_Ti,12,
mobilenetv2_100,128,64,fp16,12.460543632507324,False,NVIDIA_GeForce_RTX_3080_Ti,12,
mobilenetv2_100,128,64,fp32,20.99456024169922,False,NVIDIA_GeForce_RTX_3080_Ti,12,
mobilenetv2_100,224,16,bf16,13.25158405303955,False,NVIDIA_GeForce_RTX_3080_Ti,12,
mobilenetv2_100,224,16,fp16,10.308608055114746,False,NVIDIA_GeForce_RTX_3080_Ti,12,
mobilenetv2_100,224,16,fp32,16.047103881835938,False,NVIDIA_GeForce_RTX_3080_Ti,12,
mobilenetv2_100,224,32,bf16,24.41983985900879,False,NVIDIA_GeForce_RTX_3080_Ti,12,
mobilenetv2_100,224,32,fp16,18.44275283813477,False,NVIDIA_GeForce_RTX_3080_Ti,12,
mobilenetv2_100,224,32,fp32,30.658048629760746,False,NVIDIA_GeForce_RTX_3080_Ti,12,
mobilenetv2_100,224,64,bf16,45.892608642578125,False,NVIDIA_GeForce_RTX_3080_Ti,12,
mobilenetv2_100,224,64,fp16,44.15436935424805,False,NVIDIA_GeForce_RTX_3080_Ti,12,
mobilenetv2_100,224,64,fp32,61.62176132202149,False,NVIDIA_GeForce_RTX_3080_Ti,12,
mobilenetv3_large_100,64,16,bf16,4.156928062438965,False,NVIDIA_GeForce_RTX_3080_Ti,12,
mobilenetv3_large_100,64,16,fp16,6.007728099822998,False,NVIDIA_GeForce_RTX_3080_Ti,12,
mobilenetv3_large_100,64,16,fp32,3.774928092956543,False,NVIDIA_GeForce_RTX_3080_Ti,12,
mobilenetv3_large_100,64,32,bf16,4.782080173492432,False,NVIDIA_GeForce_RTX_3080_Ti,12,
mobilenetv3_large_100,64,32,fp16,4.225423812866211,False,NVIDIA_GeForce_RTX_3080_Ti,12,
mobilenetv3_large_100,64,32,fp32,5.2802557945251465,False,NVIDIA_GeForce_RTX_3080_Ti,12,
mobilenetv3_large_100,64,64,bf16,6.531583786010742,False,NVIDIA_GeForce_RTX_3080_Ti,12,
mobilenetv3_large_100,64,64,fp16,5.519872188568115,False,NVIDIA_GeForce_RTX_3080_Ti,12,
mobilenetv3_large_100,64,64,fp32,6.99289608001709,False,NVIDIA_GeForce_RTX_3080_Ti,12,
mobilenetv3_large_100,128,16,bf16,6.227456092834473,False,NVIDIA_GeForce_RTX_3080_Ti,12,
mobilenetv3_large_100,128,16,fp16,11.276288032531738,False,NVIDIA_GeForce_RTX_3080_Ti,12,
mobilenetv3_large_100,128,16,fp32,6.045184135437012,False,NVIDIA_GeForce_RTX_3080_Ti,12,
mobilenetv3_large_100,128,32,bf16,8.612319946289062,False,NVIDIA_GeForce_RTX_3080_Ti,12,
mobilenetv3_large_100,128,32,fp16,8.038399696350098,False,NVIDIA_GeForce_RTX_3080_Ti,12,
mobilenetv3_large_100,128,32,fp32,9.73414421081543,False,NVIDIA_GeForce_RTX_3080_Ti,12,
mobilenetv3_large_100,128,64,bf16,13.971839904785156,False,NVIDIA_GeForce_RTX_3080_Ti,12,
mobilenetv3_large_100,128,64,fp16,12.017663955688477,False,NVIDIA_GeForce_RTX_3080_Ti,12,
mobilenetv3_large_100,128,64,fp32,16.719871520996094,False,NVIDIA_GeForce_RTX_3080_Ti,12,
mobilenetv3_large_100,224,16,bf16,11.35103988647461,False,NVIDIA_GeForce_RTX_3080_Ti,12,
mobilenetv3_large_100,224,16,fp16,9.767423629760742,False,NVIDIA_GeForce_RTX_3080_Ti,12,
mobilenetv3_large_100,224,16,fp32,12.913488388061523,False,NVIDIA_GeForce_RTX_3080_Ti,12,
mobilenetv3_large_100,224,32,bf16,20.20094490051269,False,NVIDIA_GeForce_RTX_3080_Ti,12,
mobilenetv3_large_100,224,32,fp16,15.356927871704102,False,NVIDIA_GeForce_RTX_3080_Ti,12,
mobilenetv3_large_100,224,32,fp32,24.1474552154541,False,NVIDIA_GeForce_RTX_3080_Ti,12,
mobilenetv3_large_100,224,64,bf16,37.499393463134766,False,NVIDIA_GeForce_RTX_3080_Ti,12,
mobilenetv3_large_100,224,64,fp16,28.525056838989254,False,NVIDIA_GeForce_RTX_3080_Ti,12,
mobilenetv3_large_100,224,64,fp32,45.55315017700195,False,NVIDIA_GeForce_RTX_3080_Ti,12,
mobilenetv3_small_100,64,16,bf16,3.560960054397583,False,NVIDIA_GeForce_RTX_3080_Ti,12,
mobilenetv3_small_100,64,16,fp16,4.506624221801758,False,NVIDIA_GeForce_RTX_3080_Ti,12,
mobilenetv3_small_100,64,16,fp32,2.3940320014953613,False,NVIDIA_GeForce_RTX_3080_Ti,12,
mobilenetv3_small_100,64,32,bf16,4.066783905029297,False,NVIDIA_GeForce_RTX_3080_Ti,12,
mobilenetv3_small_100,64,32,fp16,6.104527950286865,False,NVIDIA_GeForce_RTX_3080_Ti,12,
mobilenetv3_small_100,64,32,fp32,3.2158079147338867,False,NVIDIA_GeForce_RTX_3080_Ti,12,
mobilenetv3_small_100,64,64,bf16,4.92083215713501,False,NVIDIA_GeForce_RTX_3080_Ti,12,
mobilenetv3_small_100,64,64,fp16,6.831024169921875,False,NVIDIA_GeForce_RTX_3080_Ti,12,
mobilenetv3_small_100,64,64,fp32,3.758496046066284,False,NVIDIA_GeForce_RTX_3080_Ti,12,
mobilenetv3_small_100,128,16,bf16,3.398655891418457,False,NVIDIA_GeForce_RTX_3080_Ti,12,
mobilenetv3_small_100,128,16,fp16,3.0151679515838623,False,NVIDIA_GeForce_RTX_3080_Ti,12,
mobilenetv3_small_100,128,16,fp32,3.11244797706604,False,NVIDIA_GeForce_RTX_3080_Ti,12,
mobilenetv3_small_100,128,32,bf16,4.24294376373291,False,NVIDIA_GeForce_RTX_3080_Ti,12,
mobilenetv3_small_100,128,32,fp16,3.603967905044556,False,NVIDIA_GeForce_RTX_3080_Ti,12,
mobilenetv3_small_100,128,32,fp32,4.384111881256104,False,NVIDIA_GeForce_RTX_3080_Ti,12,
mobilenetv3_small_100,128,64,bf16,6.135807991027832,False,NVIDIA_GeForce_RTX_3080_Ti,12,
mobilenetv3_small_100,128,64,fp16,4.9268479347229,False,NVIDIA_GeForce_RTX_3080_Ti,12,
mobilenetv3_small_100,128,64,fp32,6.811567783355713,False,NVIDIA_GeForce_RTX_3080_Ti,12,
mobilenetv3_small_100,224,16,bf16,5.841919898986816,False,NVIDIA_GeForce_RTX_3080_Ti,12,
mobilenetv3_small_100,224,16,fp16,4.54911994934082,False,NVIDIA_GeForce_RTX_3080_Ti,12,
mobilenetv3_small_100,224,16,fp32,5.239295959472656,False,NVIDIA_GeForce_RTX_3080_Ti,12,
mobilenetv3_small_100,224,32,bf16,8.331775665283203,False,NVIDIA_GeForce_RTX_3080_Ti,12,
mobilenetv3_small_100,224,32,fp16,6.895103931427002,False,NVIDIA_GeForce_RTX_3080_Ti,12,
mobilenetv3_small_100,224,32,fp32,9.21292781829834,False,NVIDIA_GeForce_RTX_3080_Ti,12,
mobilenetv3_small_100,224,64,bf16,15.06446361541748,False,NVIDIA_GeForce_RTX_3080_Ti,12,
mobilenetv3_small_100,224,64,fp16,11.152799606323242,False,NVIDIA_GeForce_RTX_3080_Ti,12,
mobilenetv3_small_100,224,64,fp32,17.219072341918945,False,NVIDIA_GeForce_RTX_3080_Ti,12,
mobilevit_s,64,16,bf16,5.636608123779297,False,NVIDIA_GeForce_RTX_3080_Ti,12,
mobilevit_s,64,16,fp16,5.137407779693604,False,NVIDIA_GeForce_RTX_3080_Ti,12,
mobilevit_s,64,16,fp32,6.154128074645996,False,NVIDIA_GeForce_RTX_3080_Ti,12,
mobilevit_s,64,32,bf16,8.046591758728027,False,NVIDIA_GeForce_RTX_3080_Ti,12,
mobilevit_s,64,32,fp16,7.330304145812988,False,NVIDIA_GeForce_RTX_3080_Ti,12,
mobilevit_s,64,32,fp32,9.64185619354248,False,NVIDIA_GeForce_RTX_3080_Ti,12,
mobilevit_s,64,64,bf16,11.875328063964844,False,NVIDIA_GeForce_RTX_3080_Ti,12,
mobilevit_s,64,64,fp16,10.342399597167969,False,NVIDIA_GeForce_RTX_3080_Ti,12,
mobilevit_s,64,64,fp32,16.049663543701172,False,NVIDIA_GeForce_RTX_3080_Ti,12,
mobilevit_s,128,16,bf16,10.01625633239746,False,NVIDIA_GeForce_RTX_3080_Ti,12,
mobilevit_s,128,16,fp16,8.540512084960938,False,NVIDIA_GeForce_RTX_3080_Ti,12,
mobilevit_s,128,16,fp32,13.757439613342283,False,NVIDIA_GeForce_RTX_3080_Ti,12,
mobilevit_s,128,32,bf16,16.90880012512207,False,NVIDIA_GeForce_RTX_3080_Ti,12,
mobilevit_s,128,32,fp16,14.26636791229248,False,NVIDIA_GeForce_RTX_3080_Ti,12,
mobilevit_s,128,32,fp32,24.25446319580078,False,NVIDIA_GeForce_RTX_3080_Ti,12,
mobilevit_s,128,64,bf16,30.88435173034668,False,NVIDIA_GeForce_RTX_3080_Ti,12,
mobilevit_s,128,64,fp16,25.856000900268555,False,NVIDIA_GeForce_RTX_3080_Ti,12,
mobilevit_s,128,64,fp32,44.717567443847656,False,NVIDIA_GeForce_RTX_3080_Ti,12,
mobilevit_s,224,16,bf16,25.307104110717773,False,NVIDIA_GeForce_RTX_3080_Ti,12,
mobilevit_s,224,16,fp16,21.297088623046875,False,NVIDIA_GeForce_RTX_3080_Ti,12,
mobilevit_s,224,16,fp32,38.268367767333984,False,NVIDIA_GeForce_RTX_3080_Ti,12,
mobilevit_s,224,32,bf16,47.07891082763672,False,NVIDIA_GeForce_RTX_3080_Ti,12,
mobilevit_s,224,32,fp16,39.68767929077149,False,NVIDIA_GeForce_RTX_3080_Ti,12,
mobilevit_s,224,32,fp32,73.26464080810547,False,NVIDIA_GeForce_RTX_3080_Ti,12,
mobilevit_s,224,64,bf16,92.8000030517578,False,NVIDIA_GeForce_RTX_3080_Ti,12,
mobilevit_s,224,64,fp16,78.02356719970703,False,NVIDIA_GeForce_RTX_3080_Ti,12,
mobilevit_s,224,64,fp32,385.71826171875,False,NVIDIA_GeForce_RTX_3080_Ti,12,
mobilevit_xs,64,16,bf16,5.905888080596924,False,NVIDIA_GeForce_RTX_3080_Ti,12,
mobilevit_xs,64,16,fp16,5.47379207611084,False,NVIDIA_GeForce_RTX_3080_Ti,12,
mobilevit_xs,64,16,fp32,4.987391948699951,False,NVIDIA_GeForce_RTX_3080_Ti,12,
mobilevit_xs,64,32,bf16,8.142848014831543,False,NVIDIA_GeForce_RTX_3080_Ti,12,
mobilevit_xs,64,32,fp16,7.582208156585693,False,NVIDIA_GeForce_RTX_3080_Ti,12,
mobilevit_xs,64,32,fp32,7.466495990753174,False,NVIDIA_GeForce_RTX_3080_Ti,12,
mobilevit_xs,64,64,bf16,13.219743728637695,False,NVIDIA_GeForce_RTX_3080_Ti,12,
mobilevit_xs,64,64,fp16,12.186623573303224,False,NVIDIA_GeForce_RTX_3080_Ti,12,
mobilevit_xs,64,64,fp32,12.02943992614746,False,NVIDIA_GeForce_RTX_3080_Ti,12,
mobilevit_xs,128,16,bf16,9.567744255065918,False,NVIDIA_GeForce_RTX_3080_Ti,12,
mobilevit_xs,128,16,fp16,8.408063888549805,False,NVIDIA_GeForce_RTX_3080_Ti,12,
mobilevit_xs,128,16,fp32,10.664959907531738,False,NVIDIA_GeForce_RTX_3080_Ti,12,
mobilevit_xs,128,32,bf16,15.69638442993164,False,NVIDIA_GeForce_RTX_3080_Ti,12,
mobilevit_xs,128,32,fp16,13.79379177093506,False,NVIDIA_GeForce_RTX_3080_Ti,12,
mobilevit_xs,128,32,fp32,18.65932846069336,False,NVIDIA_GeForce_RTX_3080_Ti,12,
mobilevit_xs,128,64,bf16,26.20462417602539,False,NVIDIA_GeForce_RTX_3080_Ti,12,
mobilevit_xs,128,64,fp16,22.348800659179688,False,NVIDIA_GeForce_RTX_3080_Ti,12,
mobilevit_xs,128,64,fp32,33.86470413208008,False,NVIDIA_GeForce_RTX_3080_Ti,12,
mobilevit_xs,224,16,bf16,21.081552505493164,False,NVIDIA_GeForce_RTX_3080_Ti,12,
mobilevit_xs,224,16,fp16,18.001279830932617,False,NVIDIA_GeForce_RTX_3080_Ti,12,
mobilevit_xs,224,16,fp32,29.788671493530277,False,NVIDIA_GeForce_RTX_3080_Ti,12,
mobilevit_xs,224,32,bf16,37.591552734375,False,NVIDIA_GeForce_RTX_3080_Ti,12,
mobilevit_xs,224,32,fp16,31.517696380615234,False,NVIDIA_GeForce_RTX_3080_Ti,12,
mobilevit_xs,224,32,fp32,56.76902389526367,False,NVIDIA_GeForce_RTX_3080_Ti,12,
mobilevit_xs,224,64,bf16,72.40806579589844,False,NVIDIA_GeForce_RTX_3080_Ti,12,
mobilevit_xs,224,64,fp16,60.408321380615234,False,NVIDIA_GeForce_RTX_3080_Ti,12,
mobilevit_xs,224,64,fp32,109.49273681640624,False,NVIDIA_GeForce_RTX_3080_Ti,12,
mobilevit_xxs,64,16,bf16,6.854144096374512,False,NVIDIA_GeForce_RTX_3080_Ti,12,
mobilevit_xxs,64,16,fp16,4.393407821655273,False,NVIDIA_GeForce_RTX_3080_Ti,12,
mobilevit_xxs,64,16,fp32,4.050943851470947,False,NVIDIA_GeForce_RTX_3080_Ti,12,
mobilevit_xxs,64,32,bf16,6.370304107666016,False,NVIDIA_GeForce_RTX_3080_Ti,12,
mobilevit_xxs,64,32,fp16,5.996032238006592,False,NVIDIA_GeForce_RTX_3080_Ti,12,
mobilevit_xxs,64,32,fp32,5.455359935760498,False,NVIDIA_GeForce_RTX_3080_Ti,12,
mobilevit_xxs,64,64,bf16,9.538463592529297,False,NVIDIA_GeForce_RTX_3080_Ti,12,
mobilevit_xxs,64,64,fp16,8.927743911743164,False,NVIDIA_GeForce_RTX_3080_Ti,12,
mobilevit_xxs,64,64,fp32,8.201616287231445,False,NVIDIA_GeForce_RTX_3080_Ti,12,
mobilevit_xxs,128,16,bf16,6.529024124145508,False,NVIDIA_GeForce_RTX_3080_Ti,12,
mobilevit_xxs,128,16,fp16,5.931951999664307,False,NVIDIA_GeForce_RTX_3080_Ti,12,
mobilevit_xxs,128,16,fp32,6.711808204650879,False,NVIDIA_GeForce_RTX_3080_Ti,12,
mobilevit_xxs,128,32,bf16,10.15550422668457,False,NVIDIA_GeForce_RTX_3080_Ti,12,
mobilevit_xxs,128,32,fp16,9.07315158843994,False,NVIDIA_GeForce_RTX_3080_Ti,12,
mobilevit_xxs,128,32,fp32,10.721792221069336,False,NVIDIA_GeForce_RTX_3080_Ti,12,
mobilevit_xxs,128,64,bf16,17.269760131835938,False,NVIDIA_GeForce_RTX_3080_Ti,12,
mobilevit_xxs,128,64,fp16,15.160832405090332,False,NVIDIA_GeForce_RTX_3080_Ti,12,
mobilevit_xxs,128,64,fp32,18.59071922302246,False,NVIDIA_GeForce_RTX_3080_Ti,12,
mobilevit_xxs,224,16,bf16,13.27246379852295,False,NVIDIA_GeForce_RTX_3080_Ti,12,
mobilevit_xxs,224,16,fp16,11.486720085144045,False,NVIDIA_GeForce_RTX_3080_Ti,12,
mobilevit_xxs,224,16,fp32,17.64454460144043,False,NVIDIA_GeForce_RTX_3080_Ti,12,
mobilevit_xxs,224,32,bf16,23.706111907958984,False,NVIDIA_GeForce_RTX_3080_Ti,12,
mobilevit_xxs,224,32,fp16,20.26700782775879,False,NVIDIA_GeForce_RTX_3080_Ti,12,
mobilevit_xxs,224,32,fp32,31.404544830322266,False,NVIDIA_GeForce_RTX_3080_Ti,12,
mobilevit_xxs,224,64,bf16,43.093505859375,False,NVIDIA_GeForce_RTX_3080_Ti,12,
mobilevit_xxs,224,64,fp16,36.67660903930664,False,NVIDIA_GeForce_RTX_3080_Ti,12,
mobilevit_xxs,224,64,fp32,60.22502517700195,False,NVIDIA_GeForce_RTX_3080_Ti,12,
mobilevitv2_100,64,16,bf16,5.490687847137451,False,NVIDIA_GeForce_RTX_3080_Ti,12,
mobilevitv2_100,64,16,fp16,5.042175769805908,False,NVIDIA_GeForce_RTX_3080_Ti,12,
mobilevitv2_100,64,16,fp32,5.621664047241211,False,NVIDIA_GeForce_RTX_3080_Ti,12,
mobilevitv2_100,64,32,bf16,7.44652795791626,False,NVIDIA_GeForce_RTX_3080_Ti,12,
mobilevitv2_100,64,32,fp16,6.6611199378967285,False,NVIDIA_GeForce_RTX_3080_Ti,12,
mobilevitv2_100,64,32,fp32,8.838576316833496,False,NVIDIA_GeForce_RTX_3080_Ti,12,
mobilevitv2_100,64,64,bf16,11.595664024353027,False,NVIDIA_GeForce_RTX_3080_Ti,12,
mobilevitv2_100,64,64,fp16,10.133503913879396,False,NVIDIA_GeForce_RTX_3080_Ti,12,
mobilevitv2_100,64,64,fp32,14.20851230621338,False,NVIDIA_GeForce_RTX_3080_Ti,12,
mobilevitv2_100,128,16,bf16,9.41926383972168,False,NVIDIA_GeForce_RTX_3080_Ti,12,
mobilevitv2_100,128,16,fp16,8.089088439941406,False,NVIDIA_GeForce_RTX_3080_Ti,12,
mobilevitv2_100,128,16,fp32,11.191727638244627,False,NVIDIA_GeForce_RTX_3080_Ti,12,
mobilevitv2_100,128,32,bf16,15.24569606781006,False,NVIDIA_GeForce_RTX_3080_Ti,12,
mobilevitv2_100,128,32,fp16,12.999679565429688,False,NVIDIA_GeForce_RTX_3080_Ti,12,
mobilevitv2_100,128,32,fp32,19.78316879272461,False,NVIDIA_GeForce_RTX_3080_Ti,12,
mobilevitv2_100,128,64,bf16,27.127296447753903,False,NVIDIA_GeForce_RTX_3080_Ti,12,
mobilevitv2_100,128,64,fp16,22.83417510986328,False,NVIDIA_GeForce_RTX_3080_Ti,12,
mobilevitv2_100,128,64,fp32,36.18867111206055,False,NVIDIA_GeForce_RTX_3080_Ti,12,
mobilevitv2_100,224,16,bf16,23.279071807861328,False,NVIDIA_GeForce_RTX_3080_Ti,12,
mobilevitv2_100,224,16,fp16,19.77856063842773,False,NVIDIA_GeForce_RTX_3080_Ti,12,
mobilevitv2_100,224,16,fp32,28.775936126708984,False,NVIDIA_GeForce_RTX_3080_Ti,12,
mobilevitv2_100,224,32,bf16,42.19852828979492,False,NVIDIA_GeForce_RTX_3080_Ti,12,
mobilevitv2_100,224,32,fp16,36.19430541992188,False,NVIDIA_GeForce_RTX_3080_Ti,12,
mobilevitv2_100,224,32,fp32,56.93747329711914,False,NVIDIA_GeForce_RTX_3080_Ti,12,
mobilevitv2_100,224,64,bf16,84.55219268798828,False,NVIDIA_GeForce_RTX_3080_Ti,12,
mobilevitv2_100,224,64,fp16,73.3153305053711,False,NVIDIA_GeForce_RTX_3080_Ti,12,
mobilevitv2_100,224,64,fp32,114.04441833496094,False,NVIDIA_GeForce_RTX_3080_Ti,12,
nfnet_l0,64,16,bf16,9.720784187316896,False,NVIDIA_GeForce_RTX_3080_Ti,12,
nfnet_l0,64,16,fp16,9.603919982910156,False,NVIDIA_GeForce_RTX_3080_Ti,12,
nfnet_l0,64,16,fp32,42.94246292114258,False,NVIDIA_GeForce_RTX_3080_Ti,12,
nfnet_l0,64,32,bf16,10.93785572052002,False,NVIDIA_GeForce_RTX_3080_Ti,12,
nfnet_l0,64,32,fp16,10.91430377960205,False,NVIDIA_GeForce_RTX_3080_Ti,12,
nfnet_l0,64,32,fp32,18.96396827697754,False,NVIDIA_GeForce_RTX_3080_Ti,12,
nfnet_l0,64,64,bf16,15.113216400146484,False,NVIDIA_GeForce_RTX_3080_Ti,12,
nfnet_l0,64,64,fp16,14.747136116027832,False,NVIDIA_GeForce_RTX_3080_Ti,12,
nfnet_l0,64,64,fp32,28.746240615844727,False,NVIDIA_GeForce_RTX_3080_Ti,12,
nfnet_l0,128,16,bf16,13.90284824371338,False,NVIDIA_GeForce_RTX_3080_Ti,12,
nfnet_l0,128,16,fp16,13.716480255126951,False,NVIDIA_GeForce_RTX_3080_Ti,12,
nfnet_l0,128,16,fp32,23.221759796142575,False,NVIDIA_GeForce_RTX_3080_Ti,12,
nfnet_l0,128,32,bf16,20.801023483276367,False,NVIDIA_GeForce_RTX_3080_Ti,12,
nfnet_l0,128,32,fp16,20.60748863220215,False,NVIDIA_GeForce_RTX_3080_Ti,12,
nfnet_l0,128,32,fp32,36.09395217895508,False,NVIDIA_GeForce_RTX_3080_Ti,12,
nfnet_l0,128,64,bf16,34.35929489135742,False,NVIDIA_GeForce_RTX_3080_Ti,12,
nfnet_l0,128,64,fp16,33.899009704589844,False,NVIDIA_GeForce_RTX_3080_Ti,12,
nfnet_l0,128,64,fp32,62.70857620239258,False,NVIDIA_GeForce_RTX_3080_Ti,12,
nfnet_l0,224,16,bf16,28.217199325561523,False,NVIDIA_GeForce_RTX_3080_Ti,12,
nfnet_l0,224,16,fp16,27.881471633911133,False,NVIDIA_GeForce_RTX_3080_Ti,12,
nfnet_l0,224,16,fp32,58.21233749389648,False,NVIDIA_GeForce_RTX_3080_Ti,12,
nfnet_l0,224,32,bf16,48.91340637207031,False,NVIDIA_GeForce_RTX_3080_Ti,12,
nfnet_l0,224,32,fp16,48.44390487670898,False,NVIDIA_GeForce_RTX_3080_Ti,12,
nfnet_l0,224,32,fp32,91.5072021484375,False,NVIDIA_GeForce_RTX_3080_Ti,12,
nfnet_l0,224,64,bf16,91.20614624023438,False,NVIDIA_GeForce_RTX_3080_Ti,12,
nfnet_l0,224,64,fp16,90.09101104736328,False,NVIDIA_GeForce_RTX_3080_Ti,12,
nfnet_l0,224,64,fp32,168.5734405517578,False,NVIDIA_GeForce_RTX_3080_Ti,12,
pvt_v2_b0,64,16,bf16,4.0938239097595215,False,NVIDIA_GeForce_RTX_3080_Ti,12,
pvt_v2_b0,64,16,fp16,5.243391990661621,False,NVIDIA_GeForce_RTX_3080_Ti,12,
pvt_v2_b0,64,16,fp32,4.129792213439941,False,NVIDIA_GeForce_RTX_3080_Ti,12,
pvt_v2_b0,64,32,bf16,5.042687892913818,False,NVIDIA_GeForce_RTX_3080_Ti,12,
pvt_v2_b0,64,32,fp16,4.852735996246338,False,NVIDIA_GeForce_RTX_3080_Ti,12,
pvt_v2_b0,64,32,fp32,6.1721601486206055,False,NVIDIA_GeForce_RTX_3080_Ti,12,
pvt_v2_b0,64,64,bf16,6.653952121734619,False,NVIDIA_GeForce_RTX_3080_Ti,12,
pvt_v2_b0,64,64,fp16,11.835904121398926,False,NVIDIA_GeForce_RTX_3080_Ti,12,
pvt_v2_b0,64,64,fp32,9.210368156433104,False,NVIDIA_GeForce_RTX_3080_Ti,12,
pvt_v2_b0,128,16,bf16,5.631487846374512,False,NVIDIA_GeForce_RTX_3080_Ti,12,
pvt_v2_b0,128,16,fp16,8.679424285888672,False,NVIDIA_GeForce_RTX_3080_Ti,12,
pvt_v2_b0,128,16,fp32,7.9067840576171875,False,NVIDIA_GeForce_RTX_3080_Ti,12,
pvt_v2_b0,128,32,bf16,9.453568458557127,False,NVIDIA_GeForce_RTX_3080_Ti,12,
pvt_v2_b0,128,32,fp16,8.431008338928223,False,NVIDIA_GeForce_RTX_3080_Ti,12,
pvt_v2_b0,128,32,fp32,12.596223831176758,False,NVIDIA_GeForce_RTX_3080_Ti,12,
pvt_v2_b0,128,64,bf16,14.264320373535156,False,NVIDIA_GeForce_RTX_3080_Ti,12,
pvt_v2_b0,128,64,fp16,14.153727531433104,False,NVIDIA_GeForce_RTX_3080_Ti,12,
pvt_v2_b0,128,64,fp32,21.94004821777344,False,NVIDIA_GeForce_RTX_3080_Ti,12,
pvt_v2_b0,224,16,bf16,11.513855934143066,False,NVIDIA_GeForce_RTX_3080_Ti,12,
pvt_v2_b0,224,16,fp16,11.495424270629885,False,NVIDIA_GeForce_RTX_3080_Ti,12,
pvt_v2_b0,224,16,fp32,19.01465606689453,False,NVIDIA_GeForce_RTX_3080_Ti,12,
pvt_v2_b0,224,32,bf16,18.093568801879883,False,NVIDIA_GeForce_RTX_3080_Ti,12,
pvt_v2_b0,224,32,fp16,17.796096801757812,False,NVIDIA_GeForce_RTX_3080_Ti,12,
pvt_v2_b0,224,32,fp32,30.58380889892578,False,NVIDIA_GeForce_RTX_3080_Ti,12,
pvt_v2_b0,224,64,bf16,32.69939041137695,False,NVIDIA_GeForce_RTX_3080_Ti,12,
pvt_v2_b0,224,64,fp16,32.68608093261719,False,NVIDIA_GeForce_RTX_3080_Ti,12,
pvt_v2_b0,224,64,fp32,56.67107009887695,False,NVIDIA_GeForce_RTX_3080_Ti,12,
pvt_v2_b2,64,16,bf16,9.145855903625488,False,NVIDIA_GeForce_RTX_3080_Ti,12,
pvt_v2_b2,64,16,fp16,9.90924835205078,False,NVIDIA_GeForce_RTX_3080_Ti,12,
pvt_v2_b2,64,16,fp32,12.107248306274414,False,NVIDIA_GeForce_RTX_3080_Ti,12,
pvt_v2_b2,64,32,bf16,11.652095794677734,False,NVIDIA_GeForce_RTX_3080_Ti,12,
pvt_v2_b2,64,32,fp16,11.34067153930664,False,NVIDIA_GeForce_RTX_3080_Ti,12,
pvt_v2_b2,64,32,fp32,15.475199699401855,False,NVIDIA_GeForce_RTX_3080_Ti,12,
pvt_v2_b2,64,64,bf16,15.981056213378906,False,NVIDIA_GeForce_RTX_3080_Ti,12,
pvt_v2_b2,64,64,fp16,15.837183952331545,False,NVIDIA_GeForce_RTX_3080_Ti,12,
pvt_v2_b2,64,64,fp32,23.666576385498047,False,NVIDIA_GeForce_RTX_3080_Ti,12,
pvt_v2_b2,128,16,bf16,15.10912036895752,False,NVIDIA_GeForce_RTX_3080_Ti,12,
pvt_v2_b2,128,16,fp16,15.006719589233398,False,NVIDIA_GeForce_RTX_3080_Ti,12,
pvt_v2_b2,128,16,fp32,23.3175048828125,False,NVIDIA_GeForce_RTX_3080_Ti,12,
pvt_v2_b2,128,32,bf16,23.42092704772949,False,NVIDIA_GeForce_RTX_3080_Ti,12,
pvt_v2_b2,128,32,fp16,23.004159927368164,False,NVIDIA_GeForce_RTX_3080_Ti,12,
pvt_v2_b2,128,32,fp32,39.12192153930664,False,NVIDIA_GeForce_RTX_3080_Ti,12,
pvt_v2_b2,128,64,bf16,40.39731216430664,False,NVIDIA_GeForce_RTX_3080_Ti,12,
pvt_v2_b2,128,64,fp16,39.72761535644531,False,NVIDIA_GeForce_RTX_3080_Ti,12,
pvt_v2_b2,128,64,fp32,71.56275177001953,False,NVIDIA_GeForce_RTX_3080_Ti,12,
pvt_v2_b2,224,16,bf16,32.87859344482422,False,NVIDIA_GeForce_RTX_3080_Ti,12,
pvt_v2_b2,224,16,fp16,32.319950103759766,False,NVIDIA_GeForce_RTX_3080_Ti,12,
pvt_v2_b2,224,16,fp32,60.94745635986328,False,NVIDIA_GeForce_RTX_3080_Ti,12,
pvt_v2_b2,224,32,bf16,55.924095153808594,False,NVIDIA_GeForce_RTX_3080_Ti,12,
pvt_v2_b2,224,32,fp16,54.302207946777344,False,NVIDIA_GeForce_RTX_3080_Ti,12,
pvt_v2_b2,224,32,fp32,106.5564193725586,False,NVIDIA_GeForce_RTX_3080_Ti,12,
pvt_v2_b2,224,64,bf16,103.77523040771484,False,NVIDIA_GeForce_RTX_3080_Ti,12,
pvt_v2_b2,224,64,fp16,101.41849517822266,False,NVIDIA_GeForce_RTX_3080_Ti,12,
pvt_v2_b2,224,64,fp32,,True,NVIDIA_GeForce_RTX_3080_Ti,12,
pvt_v2_b5,64,16,bf16,27.520511627197266,False,NVIDIA_GeForce_RTX_3080_Ti,12,
pvt_v2_b5,64,16,fp16,52.06412887573242,False,NVIDIA_GeForce_RTX_3080_Ti,12,
pvt_v2_b5,64,16,fp32,141.6248321533203,False,NVIDIA_GeForce_RTX_3080_Ti,12,slow_outlier
pvt_v2_b5,64,32,bf16,34.04390335083008,False,NVIDIA_GeForce_RTX_3080_Ti,12,
pvt_v2_b5,64,32,fp16,32.882686614990234,False,NVIDIA_GeForce_RTX_3080_Ti,12,
pvt_v2_b5,64,32,fp32,41.47246551513672,False,NVIDIA_GeForce_RTX_3080_Ti,12,
pvt_v2_b5,64,64,bf16,44.082176208496094,False,NVIDIA_GeForce_RTX_3080_Ti,12,
pvt_v2_b5,64,64,fp16,43.39046478271485,False,NVIDIA_GeForce_RTX_3080_Ti,12,
pvt_v2_b5,64,64,fp32,60.71142578125,False,NVIDIA_GeForce_RTX_3080_Ti,12,
pvt_v2_b5,128,16,bf16,38.8485107421875,False,NVIDIA_GeForce_RTX_3080_Ti,12,
pvt_v2_b5,128,16,fp16,38.7138557434082,False,NVIDIA_GeForce_RTX_3080_Ti,12,
pvt_v2_b5,128,16,fp32,58.02188873291016,False,NVIDIA_GeForce_RTX_3080_Ti,12,
pvt_v2_b5,128,32,bf16,57.36601638793945,False,NVIDIA_GeForce_RTX_3080_Ti,12,
pvt_v2_b5,128,32,fp16,55.86124801635742,False,NVIDIA_GeForce_RTX_3080_Ti,12,
pvt_v2_b5,128,32,fp32,94.30016326904295,False,NVIDIA_GeForce_RTX_3080_Ti,12,
pvt_v2_b5,128,64,bf16,95.22176361083984,False,NVIDIA_GeForce_RTX_3080_Ti,12,
pvt_v2_b5,128,64,fp16,93.0887222290039,False,NVIDIA_GeForce_RTX_3080_Ti,12,
pvt_v2_b5,128,64,fp32,170.0807647705078,False,NVIDIA_GeForce_RTX_3080_Ti,12,
pvt_v2_b5,224,16,bf16,76.97049713134766,False,NVIDIA_GeForce_RTX_3080_Ti,12,
pvt_v2_b5,224,16,fp16,77.0199966430664,False,NVIDIA_GeForce_RTX_3080_Ti,12,
pvt_v2_b5,224,16,fp32,144.55075073242188,False,NVIDIA_GeForce_RTX_3080_Ti,12,
pvt_v2_b5,224,32,bf16,127.4265594482422,False,NVIDIA_GeForce_RTX_3080_Ti,12,
pvt_v2_b5,224,32,fp16,125.95148468017578,False,NVIDIA_GeForce_RTX_3080_Ti,12,
pvt_v2_b5,224,32,fp32,,True,NVIDIA_GeForce_RTX_3080_Ti,12,
pvt_v2_b5,224,64,bf16,,True,NVIDIA_GeForce_RTX_3080_Ti,12,
pvt_v2_b5,224,64,fp16,,True,NVIDIA_GeForce_RTX_3080_Ti,12,
pvt_v2_b5,224,64,fp32,,True,NVIDIA_GeForce_RTX_3080_Ti,12,
regnety_032,64,16,bf16,9.74998378753662,False,NVIDIA_GeForce_RTX_3080_Ti,12,
regnety_032,64,16,fp16,9.36691188812256,False,NVIDIA_GeForce_RTX_3080_Ti,12,
regnety_032,64,16,fp32,13.212672233581545,False,NVIDIA_GeForce_RTX_3080_Ti,12,
regnety_032,64,32,bf16,12.089344024658203,False,NVIDIA_GeForce_RTX_3080_Ti,12,
regnety_032,64,32,fp16,11.25119972229004,False,NVIDIA_GeForce_RTX_3080_Ti,12,
regnety_032,64,32,fp32,18.921855926513672,False,NVIDIA_GeForce_RTX_3080_Ti,12,
regnety_032,64,64,bf16,16.22871971130371,False,NVIDIA_GeForce_RTX_3080_Ti,12,
regnety_032,64,64,fp16,14.526975631713867,False,NVIDIA_GeForce_RTX_3080_Ti,12,
regnety_032,64,64,fp32,26.66291236877441,False,NVIDIA_GeForce_RTX_3080_Ti,12,
regnety_032,128,16,bf16,14.508543968200684,False,NVIDIA_GeForce_RTX_3080_Ti,12,
regnety_032,128,16,fp16,13.254655838012695,False,NVIDIA_GeForce_RTX_3080_Ti,12,
regnety_032,128,16,fp32,21.581823348999023,False,NVIDIA_GeForce_RTX_3080_Ti,12,
regnety_032,128,32,bf16,22.147071838378903,False,NVIDIA_GeForce_RTX_3080_Ti,12,
regnety_032,128,32,fp16,19.903488159179688,False,NVIDIA_GeForce_RTX_3080_Ti,12,
regnety_032,128,32,fp32,39.46700668334961,False,NVIDIA_GeForce_RTX_3080_Ti,12,
regnety_032,128,64,bf16,39.4516487121582,False,NVIDIA_GeForce_RTX_3080_Ti,12,
regnety_032,128,64,fp16,34.44019317626953,False,NVIDIA_GeForce_RTX_3080_Ti,12,
regnety_032,128,64,fp32,60.92902374267578,False,NVIDIA_GeForce_RTX_3080_Ti,12,
regnety_032,224,16,bf16,31.951824188232425,False,NVIDIA_GeForce_RTX_3080_Ti,12,
regnety_032,224,16,fp16,27.92294311523437,False,NVIDIA_GeForce_RTX_3080_Ti,12,
regnety_032,224,16,fp32,58.605567932128906,False,NVIDIA_GeForce_RTX_3080_Ti,12,
regnety_032,224,32,bf16,56.775535583496094,False,NVIDIA_GeForce_RTX_3080_Ti,12,
regnety_032,224,32,fp16,48.74342346191406,False,NVIDIA_GeForce_RTX_3080_Ti,12,
regnety_032,224,32,fp32,91.80262756347656,False,NVIDIA_GeForce_RTX_3080_Ti,12,
regnety_032,224,64,bf16,104.9835205078125,False,NVIDIA_GeForce_RTX_3080_Ti,12,
regnety_032,224,64,fp16,88.56626892089844,False,NVIDIA_GeForce_RTX_3080_Ti,12,
regnety_032,224,64,fp32,175.0963134765625,False,NVIDIA_GeForce_RTX_3080_Ti,12,
regnety_080,64,16,bf16,14.318592071533203,False,NVIDIA_GeForce_RTX_3080_Ti,12,
regnety_080,64,16,fp16,14.166959762573242,False,NVIDIA_GeForce_RTX_3080_Ti,12,
regnety_080,64,16,fp32,27.234304428100582,False,NVIDIA_GeForce_RTX_3080_Ti,12,
regnety_080,64,32,bf16,20.98124885559082,False,NVIDIA_GeForce_RTX_3080_Ti,12,
regnety_080,64,32,fp16,20.44211196899414,False,NVIDIA_GeForce_RTX_3080_Ti,12,
regnety_080,64,32,fp32,30.791168212890625,False,NVIDIA_GeForce_RTX_3080_Ti,12,
regnety_080,64,64,bf16,20.955135345458984,False,NVIDIA_GeForce_RTX_3080_Ti,12,
regnety_080,64,64,fp16,19.735551834106445,False,NVIDIA_GeForce_RTX_3080_Ti,12,
regnety_080,64,64,fp32,40.58969497680664,False,NVIDIA_GeForce_RTX_3080_Ti,12,
regnety_080,128,16,bf16,18.76838493347168,False,NVIDIA_GeForce_RTX_3080_Ti,12,
regnety_080,128,16,fp16,17.81235122680664,False,NVIDIA_GeForce_RTX_3080_Ti,12,
regnety_080,128,16,fp32,39.20742416381836,False,NVIDIA_GeForce_RTX_3080_Ti,12,
regnety_080,128,32,bf16,30.75071907043457,False,NVIDIA_GeForce_RTX_3080_Ti,12,
regnety_080,128,32,fp16,28.9356632232666,False,NVIDIA_GeForce_RTX_3080_Ti,12,
regnety_080,128,32,fp32,59.015167236328125,False,NVIDIA_GeForce_RTX_3080_Ti,12,
regnety_080,128,64,bf16,54.8197135925293,False,NVIDIA_GeForce_RTX_3080_Ti,12,
regnety_080,128,64,fp16,51.26041412353516,False,NVIDIA_GeForce_RTX_3080_Ti,12,
regnety_080,128,64,fp32,104.66099548339844,False,NVIDIA_GeForce_RTX_3080_Ti,12,
regnety_080,224,16,bf16,46.01651382446289,False,NVIDIA_GeForce_RTX_3080_Ti,12,
regnety_080,224,16,fp16,42.96745681762695,False,NVIDIA_GeForce_RTX_3080_Ti,12,
regnety_080,224,16,fp32,99.26809692382812,False,NVIDIA_GeForce_RTX_3080_Ti,12,
regnety_080,224,32,bf16,79.82182312011719,False,NVIDIA_GeForce_RTX_3080_Ti,12,
regnety_080,224,32,fp16,73.86418914794922,False,NVIDIA_GeForce_RTX_3080_Ti,12,
regnety_080,224,32,fp32,144.2882537841797,False,NVIDIA_GeForce_RTX_3080_Ti,12,
regnety_080,224,64,bf16,149.09849548339844,False,NVIDIA_GeForce_RTX_3080_Ti,12,
regnety_080,224,64,fp16,139.15341186523438,False,NVIDIA_GeForce_RTX_3080_Ti,12,
regnety_080,224,64,fp32,,True,NVIDIA_GeForce_RTX_3080_Ti,12,
regnety_160,64,16,bf16,63.15008163452149,False,NVIDIA_GeForce_RTX_3080_Ti,12,
regnety_160,64,16,fp16,65.64096069335938,False,NVIDIA_GeForce_RTX_3080_Ti,12,
regnety_160,64,16,fp32,40.95265579223633,False,NVIDIA_GeForce_RTX_3080_Ti,12,
regnety_160,64,32,bf16,109.73951721191406,False,NVIDIA_GeForce_RTX_3080_Ti,12,
regnety_160,64,32,fp16,110.43276977539062,False,NVIDIA_GeForce_RTX_3080_Ti,12,
regnety_160,64,32,fp32,42.64484786987305,False,NVIDIA_GeForce_RTX_3080_Ti,12,
regnety_160,64,64,bf16,181.46649169921875,False,NVIDIA_GeForce_RTX_3080_Ti,12,
regnety_160,64,64,fp16,185.9015655517578,False,NVIDIA_GeForce_RTX_3080_Ti,12,
regnety_160,64,64,fp32,67.71199798583984,False,NVIDIA_GeForce_RTX_3080_Ti,12,
regnety_160,128,16,bf16,70.26841735839844,False,NVIDIA_GeForce_RTX_3080_Ti,12,
regnety_160,128,16,fp16,70.69276428222656,False,NVIDIA_GeForce_RTX_3080_Ti,12,
regnety_160,128,16,fp32,50.16107177734375,False,NVIDIA_GeForce_RTX_3080_Ti,12,
regnety_160,128,32,bf16,128.99417114257812,False,NVIDIA_GeForce_RTX_3080_Ti,12,
regnety_160,128,32,fp16,137.8621368408203,False,NVIDIA_GeForce_RTX_3080_Ti,12,
regnety_160,128,32,fp32,89.6363525390625,False,NVIDIA_GeForce_RTX_3080_Ti,12,
regnety_160,128,64,bf16,88.51558685302734,False,NVIDIA_GeForce_RTX_3080_Ti,12,
regnety_160,128,64,fp16,83.43807983398438,False,NVIDIA_GeForce_RTX_3080_Ti,12,
regnety_160,128,64,fp32,168.44851684570312,False,NVIDIA_GeForce_RTX_3080_Ti,12,
regnety_160,224,16,bf16,108.34113311767578,False,NVIDIA_GeForce_RTX_3080_Ti,12,
regnety_160,224,16,fp16,105.60302734375,False,NVIDIA_GeForce_RTX_3080_Ti,12,
regnety_160,224,16,fp32,133.58642578125,False,NVIDIA_GeForce_RTX_3080_Ti,12,
regnety_160,224,32,bf16,142.66876220703125,False,NVIDIA_GeForce_RTX_3080_Ti,12,
regnety_160,224,32,fp16,134.9170684814453,False,NVIDIA_GeForce_RTX_3080_Ti,12,
regnety_160,224,32,fp32,13240.4072265625,False,NVIDIA_GeForce_RTX_3080_Ti,12,precision_artifact
regnety_160,224,64,bf16,1205.707763671875,False,NVIDIA_GeForce_RTX_3080_Ti,12,slow_outlier
regnety_160,224,64,fp16,822.7353515625,False,NVIDIA_GeForce_RTX_3080_Ti,12,slow_outlier
regnety_160,224,64,fp32,,True,NVIDIA_GeForce_RTX_3080_Ti,12,
regnety_320,64,16,bf16,42.74278259277344,False,NVIDIA_GeForce_RTX_3080_Ti,12,
regnety_320,64,16,fp16,46.5689582824707,False,NVIDIA_GeForce_RTX_3080_Ti,12,
regnety_320,64,16,fp32,46.84902572631836,False,NVIDIA_GeForce_RTX_3080_Ti,12,
regnety_320,64,32,bf16,36.55424118041992,False,NVIDIA_GeForce_RTX_3080_Ti,12,
regnety_320,64,32,fp16,36.1634407043457,False,NVIDIA_GeForce_RTX_3080_Ti,12,
regnety_320,64,32,fp32,59.22099304199219,False,NVIDIA_GeForce_RTX_3080_Ti,12,
regnety_320,64,64,bf16,53.48295974731445,False,NVIDIA_GeForce_RTX_3080_Ti,12,
regnety_320,64,64,fp16,53.285377502441406,False,NVIDIA_GeForce_RTX_3080_Ti,12,
regnety_320,64,64,fp32,96.397216796875,False,NVIDIA_GeForce_RTX_3080_Ti,12,
regnety_320,128,16,bf16,48.45209503173828,False,NVIDIA_GeForce_RTX_3080_Ti,12,
regnety_320,128,16,fp16,45.45775985717773,False,NVIDIA_GeForce_RTX_3080_Ti,12,
regnety_320,128,16,fp32,74.13140869140625,False,NVIDIA_GeForce_RTX_3080_Ti,12,
regnety_320,128,32,bf16,77.14969635009766,False,NVIDIA_GeForce_RTX_3080_Ti,12,
regnety_320,128,32,fp16,72.36300659179688,False,NVIDIA_GeForce_RTX_3080_Ti,12,
regnety_320,128,32,fp32,130.26559448242188,False,NVIDIA_GeForce_RTX_3080_Ti,12,
regnety_320,128,64,bf16,137.5114288330078,False,NVIDIA_GeForce_RTX_3080_Ti,12,
regnety_320,128,64,fp16,152.33010864257812,False,NVIDIA_GeForce_RTX_3080_Ti,12,
regnety_320,128,64,fp32,671.2279052734375,False,NVIDIA_GeForce_RTX_3080_Ti,12,slow_outlier
regnety_320,224,16,bf16,112.7726058959961,False,NVIDIA_GeForce_RTX_3080_Ti,12,
regnety_320,224,16,fp16,106.66393280029295,False,NVIDIA_GeForce_RTX_3080_Ti,12,
regnety_320,224,16,fp32,184.7710723876953,False,NVIDIA_GeForce_RTX_3080_Ti,12,
regnety_320,224,32,bf16,200.732666015625,False,NVIDIA_GeForce_RTX_3080_Ti,12,
regnety_320,224,32,fp16,188.727294921875,False,NVIDIA_GeForce_RTX_3080_Ti,12,
regnety_320,224,32,fp32,,True,NVIDIA_GeForce_RTX_3080_Ti,12,
regnety_320,224,64,bf16,,True,NVIDIA_GeForce_RTX_3080_Ti,12,
regnety_320,224,64,fp16,,True,NVIDIA_GeForce_RTX_3080_Ti,12,
regnety_320,224,64,fp32,,True,NVIDIA_GeForce_RTX_3080_Ti,12,
repvgg_a2,64,16,bf16,7.254015922546387,False,NVIDIA_GeForce_RTX_3080_Ti,12,
repvgg_a2,64,16,fp16,7.002624034881592,False,NVIDIA_GeForce_RTX_3080_Ti,12,
repvgg_a2,64,16,fp32,9.245183944702148,False,NVIDIA_GeForce_RTX_3080_Ti,12,
repvgg_a2,64,32,bf16,9.462719917297363,False,NVIDIA_GeForce_RTX_3080_Ti,12,
repvgg_a2,64,32,fp16,8.923583984375,False,NVIDIA_GeForce_RTX_3080_Ti,12,
repvgg_a2,64,32,fp32,11.420672416687012,False,NVIDIA_GeForce_RTX_3080_Ti,12,
repvgg_a2,64,64,bf16,13.68832015991211,False,NVIDIA_GeForce_RTX_3080_Ti,12,
repvgg_a2,64,64,fp16,13.446656227111816,False,NVIDIA_GeForce_RTX_3080_Ti,12,
repvgg_a2,64,64,fp32,17.86777687072754,False,NVIDIA_GeForce_RTX_3080_Ti,12,
repvgg_a2,128,16,bf16,12.105072021484377,False,NVIDIA_GeForce_RTX_3080_Ti,12,
repvgg_a2,128,16,fp16,11.485183715820312,False,NVIDIA_GeForce_RTX_3080_Ti,12,
repvgg_a2,128,16,fp32,16.109968185424805,False,NVIDIA_GeForce_RTX_3080_Ti,12,
repvgg_a2,128,32,bf16,17.761280059814453,False,NVIDIA_GeForce_RTX_3080_Ti,12,
repvgg_a2,128,32,fp16,16.536575317382812,False,NVIDIA_GeForce_RTX_3080_Ti,12,
repvgg_a2,128,32,fp32,26.36083221435547,False,NVIDIA_GeForce_RTX_3080_Ti,12,
repvgg_a2,128,64,bf16,31.803903579711918,False,NVIDIA_GeForce_RTX_3080_Ti,12,
repvgg_a2,128,64,fp16,29.30022430419922,False,NVIDIA_GeForce_RTX_3080_Ti,12,
repvgg_a2,128,64,fp32,48.0870246887207,False,NVIDIA_GeForce_RTX_3080_Ti,12,
repvgg_a2,224,16,bf16,25.23187255859375,False,NVIDIA_GeForce_RTX_3080_Ti,12,
repvgg_a2,224,16,fp16,23.49158477783203,False,NVIDIA_GeForce_RTX_3080_Ti,12,
repvgg_a2,224,16,fp32,35.62803268432617,False,NVIDIA_GeForce_RTX_3080_Ti,12,
repvgg_a2,224,32,bf16,42.83433532714844,False,NVIDIA_GeForce_RTX_3080_Ti,12,
repvgg_a2,224,32,fp16,39.10297775268555,False,NVIDIA_GeForce_RTX_3080_Ti,12,
repvgg_a2,224,32,fp32,69.96685028076172,False,NVIDIA_GeForce_RTX_3080_Ti,12,
repvgg_a2,224,64,bf16,78.73945617675781,False,NVIDIA_GeForce_RTX_3080_Ti,12,
repvgg_a2,224,64,fp16,71.47622680664062,False,NVIDIA_GeForce_RTX_3080_Ti,12,
repvgg_a2,224,64,fp32,131.15025329589844,False,NVIDIA_GeForce_RTX_3080_Ti,12,
resmlp_24_224,64,16,bf16,8.446975708007812,False,NVIDIA_GeForce_RTX_3080_Ti,12,
resmlp_24_224,64,16,fp16,7.985504150390625,False,NVIDIA_GeForce_RTX_3080_Ti,12,
resmlp_24_224,64,16,fp32,9.45751953125,False,NVIDIA_GeForce_RTX_3080_Ti,12,
resmlp_24_224,64,32,bf16,10.066944122314451,False,NVIDIA_GeForce_RTX_3080_Ti,12,
resmlp_24_224,64,32,fp16,9.386927604675291,False,NVIDIA_GeForce_RTX_3080_Ti,12,
resmlp_24_224,64,32,fp32,14.17625617980957,False,NVIDIA_GeForce_RTX_3080_Ti,12,
resmlp_24_224,64,64,bf16,13.026304244995115,False,NVIDIA_GeForce_RTX_3080_Ti,12,
resmlp_24_224,64,64,fp16,12.77132797241211,False,NVIDIA_GeForce_RTX_3080_Ti,12,
resmlp_24_224,64,64,fp32,20.5086727142334,False,NVIDIA_GeForce_RTX_3080_Ti,12,
resmlp_24_224,128,16,bf16,13.148159980773926,False,NVIDIA_GeForce_RTX_3080_Ti,12,
resmlp_24_224,128,16,fp16,12.95359992980957,False,NVIDIA_GeForce_RTX_3080_Ti,12,
resmlp_24_224,128,16,fp32,20.921215057373047,False,NVIDIA_GeForce_RTX_3080_Ti,12,
resmlp_24_224,128,32,bf16,20.76160049438477,False,NVIDIA_GeForce_RTX_3080_Ti,12,
resmlp_24_224,128,32,fp16,19.387392044067383,False,NVIDIA_GeForce_RTX_3080_Ti,12,
resmlp_24_224,128,32,fp32,34.44478225708008,False,NVIDIA_GeForce_RTX_3080_Ti,12,
resmlp_24_224,128,64,bf16,36.87308883666992,False,NVIDIA_GeForce_RTX_3080_Ti,12,
resmlp_24_224,128,64,fp16,35.330047607421875,False,NVIDIA_GeForce_RTX_3080_Ti,12,
resmlp_24_224,128,64,fp32,63.721473693847656,False,NVIDIA_GeForce_RTX_3080_Ti,12,
resmlp_24_224,224,16,bf16,30.131711959838867,False,NVIDIA_GeForce_RTX_3080_Ti,12,
resmlp_24_224,224,16,fp16,29.16556739807129,False,NVIDIA_GeForce_RTX_3080_Ti,12,
resmlp_24_224,224,16,fp32,52.14361572265625,False,NVIDIA_GeForce_RTX_3080_Ti,12,
resmlp_24_224,224,32,bf16,52.21887969970703,False,NVIDIA_GeForce_RTX_3080_Ti,12,
resmlp_24_224,224,32,fp16,51.07148742675781,False,NVIDIA_GeForce_RTX_3080_Ti,12,
resmlp_24_224,224,32,fp32,94.68006134033205,False,NVIDIA_GeForce_RTX_3080_Ti,12,
resmlp_24_224,224,64,bf16,97.37779235839844,False,NVIDIA_GeForce_RTX_3080_Ti,12,
resmlp_24_224,224,64,fp16,95.37484741210938,False,NVIDIA_GeForce_RTX_3080_Ti,12,
resmlp_24_224,224,64,fp32,179.1158905029297,False,NVIDIA_GeForce_RTX_3080_Ti,12,
resnet101,64,16,bf16,13.611007690429688,False,NVIDIA_GeForce_RTX_3080_Ti,12,
resnet101,64,16,fp16,13.008367538452148,False,NVIDIA_GeForce_RTX_3080_Ti,12,
resnet101,64,16,fp32,18.007984161376953,False,NVIDIA_GeForce_RTX_3080_Ti,12,
resnet101,64,32,bf16,17.71571159362793,False,NVIDIA_GeForce_RTX_3080_Ti,12,
resnet101,64,32,fp16,16.392704010009766,False,NVIDIA_GeForce_RTX_3080_Ti,12,
resnet101,64,32,fp32,21.571008682250977,False,NVIDIA_GeForce_RTX_3080_Ti,12,
resnet101,64,64,bf16,20.700159072875977,False,NVIDIA_GeForce_RTX_3080_Ti,12,
resnet101,64,64,fp16,18.01932716369629,False,NVIDIA_GeForce_RTX_3080_Ti,12,
resnet101,64,64,fp32,31.632272720336918,False,NVIDIA_GeForce_RTX_3080_Ti,12,
resnet101,128,16,bf16,17.487775802612305,False,NVIDIA_GeForce_RTX_3080_Ti,12,
resnet101,128,16,fp16,16.00409507751465,False,NVIDIA_GeForce_RTX_3080_Ti,12,
resnet101,128,16,fp32,25.293312072753903,False,NVIDIA_GeForce_RTX_3080_Ti,12,
resnet101,128,32,bf16,27.31673622131348,False,NVIDIA_GeForce_RTX_3080_Ti,12,
resnet101,128,32,fp16,24.568832397460938,False,NVIDIA_GeForce_RTX_3080_Ti,12,
resnet101,128,32,fp32,42.14425659179688,False,NVIDIA_GeForce_RTX_3080_Ti,12,
resnet101,128,64,bf16,47.7757453918457,False,NVIDIA_GeForce_RTX_3080_Ti,12,
resnet101,128,64,fp16,42.1646728515625,False,NVIDIA_GeForce_RTX_3080_Ti,12,
resnet101,128,64,fp32,74.85183715820312,False,NVIDIA_GeForce_RTX_3080_Ti,12,
resnet101,224,16,bf16,39.63033676147461,False,NVIDIA_GeForce_RTX_3080_Ti,12,
resnet101,224,16,fp16,35.81644821166992,False,NVIDIA_GeForce_RTX_3080_Ti,12,
resnet101,224,16,fp32,61.3125114440918,False,NVIDIA_GeForce_RTX_3080_Ti,12,
resnet101,224,32,bf16,68.93312072753906,False,NVIDIA_GeForce_RTX_3080_Ti,12,
resnet101,224,32,fp16,61.54035186767578,False,NVIDIA_GeForce_RTX_3080_Ti,12,
resnet101,224,32,fp32,115.89990234375,False,NVIDIA_GeForce_RTX_3080_Ti,12,
resnet101,224,64,bf16,153.42745971679688,False,NVIDIA_GeForce_RTX_3080_Ti,12,
resnet101,224,64,fp16,143.98976135253906,False,NVIDIA_GeForce_RTX_3080_Ti,12,
resnet101,224,64,fp32,7296.43505859375,False,NVIDIA_GeForce_RTX_3080_Ti,12,precision_artifact
resnet152,64,16,bf16,19.660287857055664,False,NVIDIA_GeForce_RTX_3080_Ti,12,
resnet152,64,16,fp16,18.774015426635746,False,NVIDIA_GeForce_RTX_3080_Ti,12,
resnet152,64,16,fp32,26.83340835571289,False,NVIDIA_GeForce_RTX_3080_Ti,12,
resnet152,64,32,bf16,25.575328826904297,False,NVIDIA_GeForce_RTX_3080_Ti,12,
resnet152,64,32,fp16,23.84332847595215,False,NVIDIA_GeForce_RTX_3080_Ti,12,
resnet152,64,32,fp32,30.516223907470703,False,NVIDIA_GeForce_RTX_3080_Ti,12,
resnet152,64,64,bf16,29.087743759155277,False,NVIDIA_GeForce_RTX_3080_Ti,12,
resnet152,64,64,fp16,25.385984420776367,False,NVIDIA_GeForce_RTX_3080_Ti,12,
resnet152,64,64,fp32,44.605953216552734,False,NVIDIA_GeForce_RTX_3080_Ti,12,
resnet152,128,16,bf16,24.64303970336914,False,NVIDIA_GeForce_RTX_3080_Ti,12,
resnet152,128,16,fp16,22.690223693847656,False,NVIDIA_GeForce_RTX_3080_Ti,12,
resnet152,128,16,fp32,35.520416259765625,False,NVIDIA_GeForce_RTX_3080_Ti,12,
resnet152,128,32,bf16,38.58380889892578,False,NVIDIA_GeForce_RTX_3080_Ti,12,
resnet152,128,32,fp16,34.762752532958984,False,NVIDIA_GeForce_RTX_3080_Ti,12,
resnet152,128,32,fp32,59.81695938110352,False,NVIDIA_GeForce_RTX_3080_Ti,12,
resnet152,128,64,bf16,67.3623046875,False,NVIDIA_GeForce_RTX_3080_Ti,12,
resnet152,128,64,fp16,59.683326721191406,False,NVIDIA_GeForce_RTX_3080_Ti,12,
resnet152,128,64,fp32,106.15654754638672,False,NVIDIA_GeForce_RTX_3080_Ti,12,
resnet152,224,16,bf16,56.03071975708008,False,NVIDIA_GeForce_RTX_3080_Ti,12,
resnet152,224,16,fp16,50.59891128540039,False,NVIDIA_GeForce_RTX_3080_Ti,12,
resnet152,224,16,fp32,87.46121978759766,False,NVIDIA_GeForce_RTX_3080_Ti,12,
resnet152,224,32,bf16,97.98912048339844,False,NVIDIA_GeForce_RTX_3080_Ti,12,
resnet152,224,32,fp16,86.6872329711914,False,NVIDIA_GeForce_RTX_3080_Ti,12,
resnet152,224,32,fp32,164.06732177734375,False,NVIDIA_GeForce_RTX_3080_Ti,12,
resnet152,224,64,bf16,185.9850311279297,False,NVIDIA_GeForce_RTX_3080_Ti,12,
resnet152,224,64,fp16,165.56288146972656,False,NVIDIA_GeForce_RTX_3080_Ti,12,
resnet152,224,64,fp32,,True,NVIDIA_GeForce_RTX_3080_Ti,12,
resnet18,64,16,bf16,2.9071359634399414,False,NVIDIA_GeForce_RTX_3080_Ti,12,
resnet18,64,16,fp16,2.78873610496521,False,NVIDIA_GeForce_RTX_3080_Ti,12,
resnet18,64,16,fp32,3.400576114654541,False,NVIDIA_GeForce_RTX_3080_Ti,12,
resnet18,64,32,bf16,3.489759922027588,False,NVIDIA_GeForce_RTX_3080_Ti,12,
resnet18,64,32,fp16,3.284991979598999,False,NVIDIA_GeForce_RTX_3080_Ti,12,
resnet18,64,32,fp32,4.097536087036133,False,NVIDIA_GeForce_RTX_3080_Ti,12,
resnet18,64,64,bf16,4.727807998657227,False,NVIDIA_GeForce_RTX_3080_Ti,12,
resnet18,64,64,fp16,4.349440097808838,False,NVIDIA_GeForce_RTX_3080_Ti,12,
resnet18,64,64,fp32,5.696512222290039,False,NVIDIA_GeForce_RTX_3080_Ti,12,
resnet18,128,16,bf16,4.289535999298096,False,NVIDIA_GeForce_RTX_3080_Ti,12,
resnet18,128,16,fp16,4.048895835876465,False,NVIDIA_GeForce_RTX_3080_Ti,12,
resnet18,128,16,fp32,5.540863990783691,False,NVIDIA_GeForce_RTX_3080_Ti,12,
resnet18,128,32,bf16,6.536191940307617,False,NVIDIA_GeForce_RTX_3080_Ti,12,
resnet18,128,32,fp16,6.002175807952881,False,NVIDIA_GeForce_RTX_3080_Ti,12,
resnet18,128,32,fp32,8.943615913391113,False,NVIDIA_GeForce_RTX_3080_Ti,12,
resnet18,128,64,bf16,11.099136352539062,False,NVIDIA_GeForce_RTX_3080_Ti,12,
resnet18,128,64,fp16,9.99014377593994,False,NVIDIA_GeForce_RTX_3080_Ti,12,
resnet18,128,64,fp32,15.917488098144531,False,NVIDIA_GeForce_RTX_3080_Ti,12,
resnet18,224,16,bf16,9.074175834655762,False,NVIDIA_GeForce_RTX_3080_Ti,12,
resnet18,224,16,fp16,8.231904029846191,False,NVIDIA_GeForce_RTX_3080_Ti,12,
resnet18,224,16,fp32,13.100543975830078,False,NVIDIA_GeForce_RTX_3080_Ti,12,
resnet18,224,32,bf16,15.977968215942385,False,NVIDIA_GeForce_RTX_3080_Ti,12,
resnet18,224,32,fp16,14.090239524841309,False,NVIDIA_GeForce_RTX_3080_Ti,12,
resnet18,224,32,fp32,24.04300880432129,False,NVIDIA_GeForce_RTX_3080_Ti,12,
resnet18,224,64,bf16,29.842432022094727,False,NVIDIA_GeForce_RTX_3080_Ti,12,
resnet18,224,64,fp16,26.372608184814453,False,NVIDIA_GeForce_RTX_3080_Ti,12,
resnet18,224,64,fp32,46.04620742797852,False,NVIDIA_GeForce_RTX_3080_Ti,12,
resnet200,64,16,bf16,23.491071701049805,False,NVIDIA_GeForce_RTX_3080_Ti,12,
resnet200,64,16,fp16,22.311328887939453,False,NVIDIA_GeForce_RTX_3080_Ti,12,
resnet200,64,16,fp32,30.421920776367188,False,NVIDIA_GeForce_RTX_3080_Ti,12,
resnet200,64,32,bf16,30.89766311645508,False,NVIDIA_GeForce_RTX_3080_Ti,12,
resnet200,64,32,fp16,28.58086395263672,False,NVIDIA_GeForce_RTX_3080_Ti,12,
resnet200,64,32,fp32,36.87116622924805,False,NVIDIA_GeForce_RTX_3080_Ti,12,
resnet200,64,64,bf16,36.28019332885742,False,NVIDIA_GeForce_RTX_3080_Ti,12,
resnet200,64,64,fp16,31.855615615844727,False,NVIDIA_GeForce_RTX_3080_Ti,12,
resnet200,64,64,fp32,55.36094284057617,False,NVIDIA_GeForce_RTX_3080_Ti,12,
resnet200,128,16,bf16,32.35067367553711,False,NVIDIA_GeForce_RTX_3080_Ti,12,
resnet200,128,16,fp16,29.841920852661133,False,NVIDIA_GeForce_RTX_3080_Ti,12,
resnet200,128,16,fp32,45.04268646240234,False,NVIDIA_GeForce_RTX_3080_Ti,12,
resnet200,128,32,bf16,50.935150146484375,False,NVIDIA_GeForce_RTX_3080_Ti,12,
resnet200,128,32,fp16,45.96582412719727,False,NVIDIA_GeForce_RTX_3080_Ti,12,
resnet200,128,32,fp32,78.48550415039062,False,NVIDIA_GeForce_RTX_3080_Ti,12,
resnet200,128,64,bf16,89.6885757446289,False,NVIDIA_GeForce_RTX_3080_Ti,12,
resnet200,128,64,fp16,78.70156860351562,False,NVIDIA_GeForce_RTX_3080_Ti,12,
resnet200,128,64,fp32,141.77587890625,False,NVIDIA_GeForce_RTX_3080_Ti,12,
resnet200,224,16,bf16,73.0987548828125,False,NVIDIA_GeForce_RTX_3080_Ti,12,
resnet200,224,16,fp16,65.294189453125,False,NVIDIA_GeForce_RTX_3080_Ti,12,
resnet200,224,16,fp32,116.34681701660156,False,NVIDIA_GeForce_RTX_3080_Ti,12,
resnet200,224,32,bf16,128.90982055664062,False,NVIDIA_GeForce_RTX_3080_Ti,12,
resnet200,224,32,fp16,113.9956512451172,False,NVIDIA_GeForce_RTX_3080_Ti,12,
resnet200,224,32,fp32,369.2866516113281,False,NVIDIA_GeForce_RTX_3080_Ti,12,
resnet200,224,64,bf16,1833.839599609375,False,NVIDIA_GeForce_RTX_3080_Ti,12,slow_outlier
resnet200,224,64,fp16,1030.1378173828125,False,NVIDIA_GeForce_RTX_3080_Ti,12,slow_outlier
resnet200,224,64,fp32,,True,NVIDIA_GeForce_RTX_3080_Ti,12,
resnet50,64,16,bf16,6.964047908782959,False,NVIDIA_GeForce_RTX_3080_Ti,12,
resnet50,64,16,fp16,6.560256004333496,False,NVIDIA_GeForce_RTX_3080_Ti,12,
resnet50,64,16,fp32,8.922112464904785,False,NVIDIA_GeForce_RTX_3080_Ti,12,
resnet50,64,32,bf16,9.003968238830566,False,NVIDIA_GeForce_RTX_3080_Ti,12,
resnet50,64,32,fp16,8.194560050964355,False,NVIDIA_GeForce_RTX_3080_Ti,12,
resnet50,64,32,fp32,11.898367881774902,False,NVIDIA_GeForce_RTX_3080_Ti,12,
resnet50,64,64,bf16,12.08574390411377,False,NVIDIA_GeForce_RTX_3080_Ti,12,
resnet50,64,64,fp16,10.322943687438965,False,NVIDIA_GeForce_RTX_3080_Ti,12,
resnet50,64,64,fp32,18.16320037841797,False,NVIDIA_GeForce_RTX_3080_Ti,12,
resnet50,128,16,bf16,10.574848175048828,False,NVIDIA_GeForce_RTX_3080_Ti,12,
resnet50,128,16,fp16,9.523712158203123,False,NVIDIA_GeForce_RTX_3080_Ti,12,
resnet50,128,16,fp32,15.143936157226562,False,NVIDIA_GeForce_RTX_3080_Ti,12,
resnet50,128,32,bf16,16.681472778320312,False,NVIDIA_GeForce_RTX_3080_Ti,12,
resnet50,128,32,fp16,14.814720153808594,False,NVIDIA_GeForce_RTX_3080_Ti,12,
resnet50,128,32,fp32,25.307647705078125,False,NVIDIA_GeForce_RTX_3080_Ti,12,
resnet50,128,64,bf16,29.357999801635746,False,NVIDIA_GeForce_RTX_3080_Ti,12,
resnet50,128,64,fp16,25.57798385620117,False,NVIDIA_GeForce_RTX_3080_Ti,12,
resnet50,128,64,fp32,45.60383987426758,False,NVIDIA_GeForce_RTX_3080_Ti,12,
resnet50,224,16,bf16,23.77574348449707,False,NVIDIA_GeForce_RTX_3080_Ti,12,
resnet50,224,16,fp16,21.02169609069824,False,NVIDIA_GeForce_RTX_3080_Ti,12,
resnet50,224,16,fp32,36.341758728027344,False,NVIDIA_GeForce_RTX_3080_Ti,12,
resnet50,224,32,bf16,42.41510391235352,False,NVIDIA_GeForce_RTX_3080_Ti,12,
resnet50,224,32,fp16,37.06111907958984,False,NVIDIA_GeForce_RTX_3080_Ti,12,
resnet50,224,32,fp32,68.70732879638672,False,NVIDIA_GeForce_RTX_3080_Ti,12,
resnet50,224,64,bf16,80.81305694580078,False,NVIDIA_GeForce_RTX_3080_Ti,12,
resnet50,224,64,fp16,71.44290924072266,False,NVIDIA_GeForce_RTX_3080_Ti,12,
resnet50,224,64,fp32,132.4552764892578,False,NVIDIA_GeForce_RTX_3080_Ti,12,
resnext101_64x4d,64,16,bf16,18.21388816833496,False,NVIDIA_GeForce_RTX_3080_Ti,12,
resnext101_64x4d,64,16,fp16,17.398784637451172,False,NVIDIA_GeForce_RTX_3080_Ti,12,
resnext101_64x4d,64,16,fp32,38.72153472900391,False,NVIDIA_GeForce_RTX_3080_Ti,12,
resnext101_64x4d,64,32,bf16,23.05843162536621,False,NVIDIA_GeForce_RTX_3080_Ti,12,
resnext101_64x4d,64,32,fp16,21.16966438293457,False,NVIDIA_GeForce_RTX_3080_Ti,12,
resnext101_64x4d,64,32,fp32,47.24889755249024,False,NVIDIA_GeForce_RTX_3080_Ti,12,
resnext101_64x4d,64,64,bf16,34.102783203125,False,NVIDIA_GeForce_RTX_3080_Ti,12,
resnext101_64x4d,64,64,fp16,29.61041641235352,False,NVIDIA_GeForce_RTX_3080_Ti,12,
resnext101_64x4d,64,64,fp32,93.00991821289062,False,NVIDIA_GeForce_RTX_3080_Ti,12,
resnext101_64x4d,128,16,bf16,29.95302391052246,False,NVIDIA_GeForce_RTX_3080_Ti,12,
resnext101_64x4d,128,16,fp16,27.35095977783203,False,NVIDIA_GeForce_RTX_3080_Ti,12,
resnext101_64x4d,128,16,fp32,79.09990692138672,False,NVIDIA_GeForce_RTX_3080_Ti,12,
resnext101_64x4d,128,32,bf16,49.88723373413086,False,NVIDIA_GeForce_RTX_3080_Ti,12,
resnext101_64x4d,128,32,fp16,46.11328125,False,NVIDIA_GeForce_RTX_3080_Ti,12,
resnext101_64x4d,128,32,fp32,115.73811340332033,False,NVIDIA_GeForce_RTX_3080_Ti,12,
resnext101_64x4d,128,64,bf16,87.80083465576172,False,NVIDIA_GeForce_RTX_3080_Ti,12,
resnext101_64x4d,128,64,fp16,81.6434097290039,False,NVIDIA_GeForce_RTX_3080_Ti,12,
resnext101_64x4d,128,64,fp32,193.7244110107422,False,NVIDIA_GeForce_RTX_3080_Ti,12,
resnext101_64x4d,224,16,bf16,74.06233978271484,False,NVIDIA_GeForce_RTX_3080_Ti,12,
resnext101_64x4d,224,16,fp16,66.9148178100586,False,NVIDIA_GeForce_RTX_3080_Ti,12,
resnext101_64x4d,224,16,fp32,165.0503692626953,False,NVIDIA_GeForce_RTX_3080_Ti,12,
resnext101_64x4d,224,32,bf16,143.9298553466797,False,NVIDIA_GeForce_RTX_3080_Ti,12,
resnext101_64x4d,224,32,fp16,143.00262451171875,False,NVIDIA_GeForce_RTX_3080_Ti,12,
resnext101_64x4d,224,32,fp32,12910.3642578125,False,NVIDIA_GeForce_RTX_3080_Ti,12,precision_artifact
resnext101_64x4d,224,64,bf16,281.112060546875,False,NVIDIA_GeForce_RTX_3080_Ti,12,
resnext101_64x4d,224,64,fp16,417.3987731933594,False,NVIDIA_GeForce_RTX_3080_Ti,12,
resnext101_64x4d,224,64,fp32,,True,NVIDIA_GeForce_RTX_3080_Ti,12,
resnext50_32x4d,64,16,bf16,6.826496124267578,False,NVIDIA_GeForce_RTX_3080_Ti,12,
resnext50_32x4d,64,16,fp16,6.347775936126709,False,NVIDIA_GeForce_RTX_3080_Ti,12,
resnext50_32x4d,64,16,fp32,11.12934398651123,False,NVIDIA_GeForce_RTX_3080_Ti,12,
resnext50_32x4d,64,32,bf16,8.837615966796875,False,NVIDIA_GeForce_RTX_3080_Ti,12,
resnext50_32x4d,64,32,fp16,7.925248146057129,False,NVIDIA_GeForce_RTX_3080_Ti,12,
resnext50_32x4d,64,32,fp32,15.48737621307373,False,NVIDIA_GeForce_RTX_3080_Ti,12,
resnext50_32x4d,64,64,bf16,13.395968437194824,False,NVIDIA_GeForce_RTX_3080_Ti,12,
resnext50_32x4d,64,64,fp16,11.29355239868164,False,NVIDIA_GeForce_RTX_3080_Ti,12,
resnext50_32x4d,64,64,fp32,23.68000030517578,False,NVIDIA_GeForce_RTX_3080_Ti,12,
resnext50_32x4d,128,16,bf16,11.703295707702637,False,NVIDIA_GeForce_RTX_3080_Ti,12,
resnext50_32x4d,128,16,fp16,10.354175567626951,False,NVIDIA_GeForce_RTX_3080_Ti,12,
resnext50_32x4d,128,16,fp32,18.41663932800293,False,NVIDIA_GeForce_RTX_3080_Ti,12,
resnext50_32x4d,128,32,bf16,19.03615951538086,False,NVIDIA_GeForce_RTX_3080_Ti,12,
resnext50_32x4d,128,32,fp16,16.970752716064453,False,NVIDIA_GeForce_RTX_3080_Ti,12,
resnext50_32x4d,128,32,fp32,33.80940628051758,False,NVIDIA_GeForce_RTX_3080_Ti,12,
resnext50_32x4d,128,64,bf16,34.74879837036133,False,NVIDIA_GeForce_RTX_3080_Ti,12,
resnext50_32x4d,128,64,fp16,30.627328872680664,False,NVIDIA_GeForce_RTX_3080_Ti,12,
resnext50_32x4d,128,64,fp32,59.15852737426758,False,NVIDIA_GeForce_RTX_3080_Ti,12,
resnext50_32x4d,224,16,bf16,28.90289688110352,False,NVIDIA_GeForce_RTX_3080_Ti,12,
resnext50_32x4d,224,16,fp16,25.368576049804688,False,NVIDIA_GeForce_RTX_3080_Ti,12,
resnext50_32x4d,224,16,fp32,47.15929412841797,False,NVIDIA_GeForce_RTX_3080_Ti,12,
resnext50_32x4d,224,32,bf16,50.98956680297852,False,NVIDIA_GeForce_RTX_3080_Ti,12,
resnext50_32x4d,224,32,fp16,44.67862319946289,False,NVIDIA_GeForce_RTX_3080_Ti,12,
resnext50_32x4d,224,32,fp32,90.30655670166016,False,NVIDIA_GeForce_RTX_3080_Ti,12,
resnext50_32x4d,224,64,bf16,97.39826965332033,False,NVIDIA_GeForce_RTX_3080_Ti,12,
resnext50_32x4d,224,64,fp16,87.2627182006836,False,NVIDIA_GeForce_RTX_3080_Ti,12,
resnext50_32x4d,224,64,fp32,173.58642578125,False,NVIDIA_GeForce_RTX_3080_Ti,12,
swin_base_patch4_window7_224,64,16,bf16,17.10540771484375,False,NVIDIA_GeForce_RTX_3080_Ti,12,
swin_base_patch4_window7_224,64,16,fp16,16.82164764404297,False,NVIDIA_GeForce_RTX_3080_Ti,12,
swin_base_patch4_window7_224,64,16,fp32,23.39216041564941,False,NVIDIA_GeForce_RTX_3080_Ti,12,
swin_base_patch4_window7_224,64,32,bf16,21.6627197265625,False,NVIDIA_GeForce_RTX_3080_Ti,12,
swin_base_patch4_window7_224,64,32,fp16,21.590015411376957,False,NVIDIA_GeForce_RTX_3080_Ti,12,
swin_base_patch4_window7_224,64,32,fp32,35.67718505859375,False,NVIDIA_GeForce_RTX_3080_Ti,12,
swin_base_patch4_window7_224,64,64,bf16,31.92166328430176,False,NVIDIA_GeForce_RTX_3080_Ti,12,
swin_base_patch4_window7_224,64,64,fp16,31.716352462768555,False,NVIDIA_GeForce_RTX_3080_Ti,12,
swin_base_patch4_window7_224,64,64,fp32,59.12206268310547,False,NVIDIA_GeForce_RTX_3080_Ti,12,
swin_base_patch4_window7_224,128,16,bf16,43.77958297729492,False,NVIDIA_GeForce_RTX_3080_Ti,12,
swin_base_patch4_window7_224,128,16,fp16,42.60444641113281,False,NVIDIA_GeForce_RTX_3080_Ti,12,
swin_base_patch4_window7_224,128,16,fp32,80.901123046875,False,NVIDIA_GeForce_RTX_3080_Ti,12,
swin_base_patch4_window7_224,128,32,bf16,76.18560028076172,False,NVIDIA_GeForce_RTX_3080_Ti,12,
swin_base_patch4_window7_224,128,32,fp16,73.05625915527344,False,NVIDIA_GeForce_RTX_3080_Ti,12,
swin_base_patch4_window7_224,128,32,fp32,149.92332458496094,False,NVIDIA_GeForce_RTX_3080_Ti,12,
swin_base_patch4_window7_224,128,64,bf16,151.48492431640625,False,NVIDIA_GeForce_RTX_3080_Ti,12,
swin_base_patch4_window7_224,128,64,fp16,165.6652374267578,False,NVIDIA_GeForce_RTX_3080_Ti,12,
swin_base_patch4_window7_224,128,64,fp32,281.481201171875,False,NVIDIA_GeForce_RTX_3080_Ti,12,
swin_base_patch4_window7_224,224,16,bf16,73.10540771484375,False,NVIDIA_GeForce_RTX_3080_Ti,12,
swin_base_patch4_window7_224,224,16,fp16,69.6180648803711,False,NVIDIA_GeForce_RTX_3080_Ti,12,
swin_base_patch4_window7_224,224,16,fp32,165.2526092529297,False,NVIDIA_GeForce_RTX_3080_Ti,12,
swin_base_patch4_window7_224,224,32,bf16,129.25234985351562,False,NVIDIA_GeForce_RTX_3080_Ti,12,
swin_base_patch4_window7_224,224,32,fp16,125.1952667236328,False,NVIDIA_GeForce_RTX_3080_Ti,12,
swin_base_patch4_window7_224,224,32,fp32,263.1336975097656,False,NVIDIA_GeForce_RTX_3080_Ti,12,
swin_base_patch4_window7_224,224,64,bf16,,True,NVIDIA_GeForce_RTX_3080_Ti,12,
swin_base_patch4_window7_224,224,64,fp16,,True,NVIDIA_GeForce_RTX_3080_Ti,12,
swin_base_patch4_window7_224,224,64,fp32,,True,NVIDIA_GeForce_RTX_3080_Ti,12,
swin_tiny_patch4_window7_224,64,16,bf16,7.5278401374816895,False,NVIDIA_GeForce_RTX_3080_Ti,12,
swin_tiny_patch4_window7_224,64,16,fp16,7.313407897949219,False,NVIDIA_GeForce_RTX_3080_Ti,12,
swin_tiny_patch4_window7_224,64,16,fp32,10.116000175476074,False,NVIDIA_GeForce_RTX_3080_Ti,12,
swin_tiny_patch4_window7_224,64,32,bf16,10.135040283203123,False,NVIDIA_GeForce_RTX_3080_Ti,12,
swin_tiny_patch4_window7_224,64,32,fp16,9.770496368408203,False,NVIDIA_GeForce_RTX_3080_Ti,12,
swin_tiny_patch4_window7_224,64,32,fp32,15.824895858764648,False,NVIDIA_GeForce_RTX_3080_Ti,12,
swin_tiny_patch4_window7_224,64,64,bf16,15.350272178649902,False,NVIDIA_GeForce_RTX_3080_Ti,12,
swin_tiny_patch4_window7_224,64,64,fp16,15.08454418182373,False,NVIDIA_GeForce_RTX_3080_Ti,12,
swin_tiny_patch4_window7_224,64,64,fp32,26.77081680297852,False,NVIDIA_GeForce_RTX_3080_Ti,12,
swin_tiny_patch4_window7_224,128,16,bf16,16.61947250366211,False,NVIDIA_GeForce_RTX_3080_Ti,12,
swin_tiny_patch4_window7_224,128,16,fp16,16.342863082885742,False,NVIDIA_GeForce_RTX_3080_Ti,12,
swin_tiny_patch4_window7_224,128,16,fp32,29.324159622192383,False,NVIDIA_GeForce_RTX_3080_Ti,12,
swin_tiny_patch4_window7_224,128,32,bf16,28.45335960388184,False,NVIDIA_GeForce_RTX_3080_Ti,12,
swin_tiny_patch4_window7_224,128,32,fp16,27.802623748779297,False,NVIDIA_GeForce_RTX_3080_Ti,12,
swin_tiny_patch4_window7_224,128,32,fp32,53.13009643554688,False,NVIDIA_GeForce_RTX_3080_Ti,12,
swin_tiny_patch4_window7_224,128,64,bf16,52.20044708251953,False,NVIDIA_GeForce_RTX_3080_Ti,12,
swin_tiny_patch4_window7_224,128,64,fp16,50.10780715942383,False,NVIDIA_GeForce_RTX_3080_Ti,12,
swin_tiny_patch4_window7_224,128,64,fp32,100.4774398803711,False,NVIDIA_GeForce_RTX_3080_Ti,12,
swin_tiny_patch4_window7_224,224,16,bf16,30.72870445251465,False,NVIDIA_GeForce_RTX_3080_Ti,12,
swin_tiny_patch4_window7_224,224,16,fp16,30.085119247436523,False,NVIDIA_GeForce_RTX_3080_Ti,12,
swin_tiny_patch4_window7_224,224,16,fp32,56.207855224609375,False,NVIDIA_GeForce_RTX_3080_Ti,12,
swin_tiny_patch4_window7_224,224,32,bf16,54.0129280090332,False,NVIDIA_GeForce_RTX_3080_Ti,12,
swin_tiny_patch4_window7_224,224,32,fp16,52.745216369628906,False,NVIDIA_GeForce_RTX_3080_Ti,12,
swin_tiny_patch4_window7_224,224,32,fp32,104.01280212402344,False,NVIDIA_GeForce_RTX_3080_Ti,12,
swin_tiny_patch4_window7_224,224,64,bf16,102.3057632446289,False,NVIDIA_GeForce_RTX_3080_Ti,12,
swin_tiny_patch4_window7_224,224,64,fp16,100.24806213378906,False,NVIDIA_GeForce_RTX_3080_Ti,12,
swin_tiny_patch4_window7_224,224,64,fp32,201.52012634277344,False,NVIDIA_GeForce_RTX_3080_Ti,12,
swinv2_cr_tiny_ns_224,64,16,bf16,8.715776443481445,False,NVIDIA_GeForce_RTX_3080_Ti,12,
swinv2_cr_tiny_ns_224,64,16,fp16,8.51353645324707,False,NVIDIA_GeForce_RTX_3080_Ti,12,
swinv2_cr_tiny_ns_224,64,16,fp32,10.520064353942873,False,NVIDIA_GeForce_RTX_3080_Ti,12,
swinv2_cr_tiny_ns_224,64,32,bf16,10.982815742492676,False,NVIDIA_GeForce_RTX_3080_Ti,12,
swinv2_cr_tiny_ns_224,64,32,fp16,10.622976303100586,False,NVIDIA_GeForce_RTX_3080_Ti,12,
swinv2_cr_tiny_ns_224,64,32,fp32,15.797247886657717,False,NVIDIA_GeForce_RTX_3080_Ti,12,
swinv2_cr_tiny_ns_224,64,64,bf16,15.841279983520508,False,NVIDIA_GeForce_RTX_3080_Ti,12,
swinv2_cr_tiny_ns_224,64,64,fp16,15.652352333068848,False,NVIDIA_GeForce_RTX_3080_Ti,12,
swinv2_cr_tiny_ns_224,64,64,fp32,26.57931137084961,False,NVIDIA_GeForce_RTX_3080_Ti,12,
swinv2_cr_tiny_ns_224,128,16,bf16,15.542608261108398,False,NVIDIA_GeForce_RTX_3080_Ti,12,
swinv2_cr_tiny_ns_224,128,16,fp16,15.235520362854004,False,NVIDIA_GeForce_RTX_3080_Ti,12,
swinv2_cr_tiny_ns_224,128,16,fp32,23.985088348388672,False,NVIDIA_GeForce_RTX_3080_Ti,12,
swinv2_cr_tiny_ns_224,128,32,bf16,25.50409507751465,False,NVIDIA_GeForce_RTX_3080_Ti,12,
swinv2_cr_tiny_ns_224,128,32,fp16,25.02604866027832,False,NVIDIA_GeForce_RTX_3080_Ti,12,
swinv2_cr_tiny_ns_224,128,32,fp32,42.56460952758789,False,NVIDIA_GeForce_RTX_3080_Ti,12,
swinv2_cr_tiny_ns_224,128,64,bf16,46.342655181884766,False,NVIDIA_GeForce_RTX_3080_Ti,12,
swinv2_cr_tiny_ns_224,128,64,fp16,45.60588836669922,False,NVIDIA_GeForce_RTX_3080_Ti,12,
swinv2_cr_tiny_ns_224,128,64,fp32,78.62271881103516,False,NVIDIA_GeForce_RTX_3080_Ti,12,
swinv2_cr_tiny_ns_224,224,16,bf16,42.90041732788086,False,NVIDIA_GeForce_RTX_3080_Ti,12,
swinv2_cr_tiny_ns_224,224,16,fp16,42.12003326416016,False,NVIDIA_GeForce_RTX_3080_Ti,12,
swinv2_cr_tiny_ns_224,224,16,fp32,64.96051025390625,False,NVIDIA_GeForce_RTX_3080_Ti,12,
swinv2_cr_tiny_ns_224,224,32,bf16,74.8226547241211,False,NVIDIA_GeForce_RTX_3080_Ti,12,
swinv2_cr_tiny_ns_224,224,32,fp16,73.26299285888672,False,NVIDIA_GeForce_RTX_3080_Ti,12,
swinv2_cr_tiny_ns_224,224,32,fp32,119.33900451660156,False,NVIDIA_GeForce_RTX_3080_Ti,12,
swinv2_cr_tiny_ns_224,224,64,bf16,138.4622039794922,False,NVIDIA_GeForce_RTX_3080_Ti,12,
swinv2_cr_tiny_ns_224,224,64,fp16,136.84019470214844,False,NVIDIA_GeForce_RTX_3080_Ti,12,
swinv2_cr_tiny_ns_224,224,64,fp32,3305.524658203125,False,NVIDIA_GeForce_RTX_3080_Ti,12,precision_artifact
twins_pcpvt_small,64,16,bf16,8.40499210357666,False,NVIDIA_GeForce_RTX_3080_Ti,12,
twins_pcpvt_small,64,16,fp16,9.054096221923828,False,NVIDIA_GeForce_RTX_3080_Ti,12,
twins_pcpvt_small,64,16,fp32,10.325504302978516,False,NVIDIA_GeForce_RTX_3080_Ti,12,
twins_pcpvt_small,64,32,bf16,10.398207664489746,False,NVIDIA_GeForce_RTX_3080_Ti,12,
twins_pcpvt_small,64,32,fp16,11.286016464233398,False,NVIDIA_GeForce_RTX_3080_Ti,12,
twins_pcpvt_small,64,32,fp32,13.995519638061523,False,NVIDIA_GeForce_RTX_3080_Ti,12,
twins_pcpvt_small,64,64,bf16,13.828607559204102,False,NVIDIA_GeForce_RTX_3080_Ti,12,
twins_pcpvt_small,64,64,fp16,13.8603515625,False,NVIDIA_GeForce_RTX_3080_Ti,12,
twins_pcpvt_small,64,64,fp32,21.09943962097168,False,NVIDIA_GeForce_RTX_3080_Ti,12,
twins_pcpvt_small,128,16,bf16,13.405695915222168,False,NVIDIA_GeForce_RTX_3080_Ti,12,
twins_pcpvt_small,128,16,fp16,13.438464164733888,False,NVIDIA_GeForce_RTX_3080_Ti,12,
twins_pcpvt_small,128,16,fp32,20.674047470092773,False,NVIDIA_GeForce_RTX_3080_Ti,12,
twins_pcpvt_small,128,32,bf16,20.13644790649414,False,NVIDIA_GeForce_RTX_3080_Ti,12,
twins_pcpvt_small,128,32,fp16,19.85382461547852,False,NVIDIA_GeForce_RTX_3080_Ti,12,
twins_pcpvt_small,128,32,fp32,34.054656982421875,False,NVIDIA_GeForce_RTX_3080_Ti,12,
twins_pcpvt_small,128,64,bf16,33.83756637573242,False,NVIDIA_GeForce_RTX_3080_Ti,12,
twins_pcpvt_small,128,64,fp16,33.569793701171875,False,NVIDIA_GeForce_RTX_3080_Ti,12,
twins_pcpvt_small,128,64,fp32,62.52385711669922,False,NVIDIA_GeForce_RTX_3080_Ti,12,
twins_pcpvt_small,224,16,bf16,28.15027236938477,False,NVIDIA_GeForce_RTX_3080_Ti,12,
twins_pcpvt_small,224,16,fp16,27.846576690673828,False,NVIDIA_GeForce_RTX_3080_Ti,12,
twins_pcpvt_small,224,16,fp32,52.70528030395508,False,NVIDIA_GeForce_RTX_3080_Ti,12,
twins_pcpvt_small,224,32,bf16,46.95857620239258,False,NVIDIA_GeForce_RTX_3080_Ti,12,
twins_pcpvt_small,224,32,fp16,46.009857177734375,False,NVIDIA_GeForce_RTX_3080_Ti,12,
twins_pcpvt_small,224,32,fp32,92.28390502929688,False,NVIDIA_GeForce_RTX_3080_Ti,12,
twins_pcpvt_small,224,64,bf16,85.21369934082031,False,NVIDIA_GeForce_RTX_3080_Ti,12,
twins_pcpvt_small,224,64,fp16,85.36524963378906,False,NVIDIA_GeForce_RTX_3080_Ti,12,
twins_pcpvt_small,224,64,fp32,174.69747924804688,False,NVIDIA_GeForce_RTX_3080_Ti,12,
twins_svt_small,64,16,bf16,9.686528205871582,False,NVIDIA_GeForce_RTX_3080_Ti,12,
twins_svt_small,64,16,fp16,9.334272384643556,False,NVIDIA_GeForce_RTX_3080_Ti,12,
twins_svt_small,64,16,fp32,12.073360443115234,False,NVIDIA_GeForce_RTX_3080_Ti,12,
twins_svt_small,64,32,bf16,13.310976028442385,False,NVIDIA_GeForce_RTX_3080_Ti,12,
twins_svt_small,64,32,fp16,12.77849578857422,False,NVIDIA_GeForce_RTX_3080_Ti,12,
twins_svt_small,64,32,fp32,16.129535675048828,False,NVIDIA_GeForce_RTX_3080_Ti,12,
twins_svt_small,64,64,bf16,19.61113548278809,False,NVIDIA_GeForce_RTX_3080_Ti,12,
twins_svt_small,64,64,fp16,19.52716827392578,False,NVIDIA_GeForce_RTX_3080_Ti,12,
twins_svt_small,64,64,fp32,26.233856201171875,False,NVIDIA_GeForce_RTX_3080_Ti,12,
twins_svt_small,128,16,bf16,16.22015953063965,False,NVIDIA_GeForce_RTX_3080_Ti,12,
twins_svt_small,128,16,fp16,15.97439956665039,False,NVIDIA_GeForce_RTX_3080_Ti,12,
twins_svt_small,128,16,fp32,22.065120697021484,False,NVIDIA_GeForce_RTX_3080_Ti,12,
twins_svt_small,128,32,bf16,26.291711807250977,False,NVIDIA_GeForce_RTX_3080_Ti,12,
twins_svt_small,128,32,fp16,26.05824089050293,False,NVIDIA_GeForce_RTX_3080_Ti,12,
twins_svt_small,128,32,fp32,37.582801818847656,False,NVIDIA_GeForce_RTX_3080_Ti,12,
twins_svt_small,128,64,bf16,46.761985778808594,False,NVIDIA_GeForce_RTX_3080_Ti,12,
twins_svt_small,128,64,fp16,46.558719635009766,False,NVIDIA_GeForce_RTX_3080_Ti,12,
twins_svt_small,128,64,fp32,67.50617980957031,False,NVIDIA_GeForce_RTX_3080_Ti,12,
twins_svt_small,224,16,bf16,28.06681632995605,False,NVIDIA_GeForce_RTX_3080_Ti,12,
twins_svt_small,224,16,fp16,27.47177505493164,False,NVIDIA_GeForce_RTX_3080_Ti,12,
twins_svt_small,224,16,fp32,43.33977508544922,False,NVIDIA_GeForce_RTX_3080_Ti,12,
twins_svt_small,224,32,bf16,48.77705764770508,False,NVIDIA_GeForce_RTX_3080_Ti,12,
twins_svt_small,224,32,fp16,47.98515319824219,False,NVIDIA_GeForce_RTX_3080_Ti,12,
twins_svt_small,224,32,fp32,76.37401580810547,False,NVIDIA_GeForce_RTX_3080_Ti,12,
twins_svt_small,224,64,bf16,88.90521240234375,False,NVIDIA_GeForce_RTX_3080_Ti,12,
twins_svt_small,224,64,fp16,89.25440216064453,False,NVIDIA_GeForce_RTX_3080_Ti,12,
twins_svt_small,224,64,fp32,144.96652221679688,False,NVIDIA_GeForce_RTX_3080_Ti,12,
vit_base_patch16_224,64,16,bf16,16.134143829345703,False,NVIDIA_GeForce_RTX_3080_Ti,12,
vit_base_patch16_224,64,16,fp16,17.844736099243164,False,NVIDIA_GeForce_RTX_3080_Ti,12,
vit_base_patch16_224,64,16,fp32,46.3006706237793,False,NVIDIA_GeForce_RTX_3080_Ti,12,
vit_base_patch16_224,64,32,bf16,16.430591583251953,False,NVIDIA_GeForce_RTX_3080_Ti,12,
vit_base_patch16_224,64,32,fp16,15.718912124633787,False,NVIDIA_GeForce_RTX_3080_Ti,12,
vit_base_patch16_224,64,32,fp32,26.82316780090332,False,NVIDIA_GeForce_RTX_3080_Ti,12,
vit_base_patch16_224,64,64,bf16,24.51857566833496,False,NVIDIA_GeForce_RTX_3080_Ti,12,
vit_base_patch16_224,64,64,fp16,23.96518325805664,False,NVIDIA_GeForce_RTX_3080_Ti,12,
vit_base_patch16_224,64,64,fp32,43.81439971923828,False,NVIDIA_GeForce_RTX_3080_Ti,12,
vit_base_patch16_224,128,16,bf16,23.13360023498535,False,NVIDIA_GeForce_RTX_3080_Ti,12,
vit_base_patch16_224,128,16,fp16,22.65395164489746,False,NVIDIA_GeForce_RTX_3080_Ti,12,
vit_base_patch16_224,128,16,fp32,43.92755126953125,False,NVIDIA_GeForce_RTX_3080_Ti,12,
vit_base_patch16_224,128,32,bf16,35.56351852416992,False,NVIDIA_GeForce_RTX_3080_Ti,12,
vit_base_patch16_224,128,32,fp16,35.95212936401367,False,NVIDIA_GeForce_RTX_3080_Ti,12,
vit_base_patch16_224,128,32,fp32,77.6688003540039,False,NVIDIA_GeForce_RTX_3080_Ti,12,
vit_base_patch16_224,128,64,bf16,58.35468673706055,False,NVIDIA_GeForce_RTX_3080_Ti,12,
vit_base_patch16_224,128,64,fp16,57.66656112670898,False,NVIDIA_GeForce_RTX_3080_Ti,12,
vit_base_patch16_224,128,64,fp32,144.49459838867188,False,NVIDIA_GeForce_RTX_3080_Ti,12,
vit_base_patch16_224,224,16,bf16,45.82144165039063,False,NVIDIA_GeForce_RTX_3080_Ti,12,
vit_base_patch16_224,224,16,fp16,45.54900741577149,False,NVIDIA_GeForce_RTX_3080_Ti,12,
vit_base_patch16_224,224,16,fp32,117.04881286621094,False,NVIDIA_GeForce_RTX_3080_Ti,12,
vit_base_patch16_224,224,32,bf16,82.12675476074219,False,NVIDIA_GeForce_RTX_3080_Ti,12,
vit_base_patch16_224,224,32,fp16,81.25276947021484,False,NVIDIA_GeForce_RTX_3080_Ti,12,
vit_base_patch16_224,224,32,fp32,220.3540496826172,False,NVIDIA_GeForce_RTX_3080_Ti,12,
vit_base_patch16_224,224,64,bf16,155.5404815673828,False,NVIDIA_GeForce_RTX_3080_Ti,12,
vit_base_patch16_224,224,64,fp16,150.52236938476562,False,NVIDIA_GeForce_RTX_3080_Ti,12,
vit_base_patch16_224,224,64,fp32,422.2545776367188,False,NVIDIA_GeForce_RTX_3080_Ti,12,
vit_large_patch16_224,64,16,bf16,38.91390228271485,False,NVIDIA_GeForce_RTX_3080_Ti,12,
vit_large_patch16_224,64,16,fp16,38.315521240234375,False,NVIDIA_GeForce_RTX_3080_Ti,12,
vit_large_patch16_224,64,16,fp32,72.39373016357422,False,NVIDIA_GeForce_RTX_3080_Ti,12,
vit_large_patch16_224,64,32,bf16,49.25998306274414,False,NVIDIA_GeForce_RTX_3080_Ti,12,
vit_large_patch16_224,64,32,fp16,48.6640625,False,NVIDIA_GeForce_RTX_3080_Ti,12,
vit_large_patch16_224,64,32,fp32,83.80313873291016,False,NVIDIA_GeForce_RTX_3080_Ti,12,
vit_large_patch16_224,64,64,bf16,72.78284454345703,False,NVIDIA_GeForce_RTX_3080_Ti,12,
vit_large_patch16_224,64,64,fp16,71.14393615722656,False,NVIDIA_GeForce_RTX_3080_Ti,12,
vit_large_patch16_224,64,64,fp32,141.8250274658203,False,NVIDIA_GeForce_RTX_3080_Ti,12,
vit_large_patch16_224,128,16,bf16,68.7109146118164,False,NVIDIA_GeForce_RTX_3080_Ti,12,
vit_large_patch16_224,128,16,fp16,67.59833526611328,False,NVIDIA_GeForce_RTX_3080_Ti,12,
vit_large_patch16_224,128,16,fp32,140.82354736328125,False,NVIDIA_GeForce_RTX_3080_Ti,12,
vit_large_patch16_224,128,32,bf16,107.66950225830078,False,NVIDIA_GeForce_RTX_3080_Ti,12,
vit_large_patch16_224,128,32,fp16,106.21746826171876,False,NVIDIA_GeForce_RTX_3080_Ti,12,
vit_large_patch16_224,128,32,fp32,251.0902862548828,False,NVIDIA_GeForce_RTX_3080_Ti,12,
vit_large_patch16_224,128,64,bf16,182.74354553222656,False,NVIDIA_GeForce_RTX_3080_Ti,12,
vit_large_patch16_224,128,64,fp16,243.3791656494141,False,NVIDIA_GeForce_RTX_3080_Ti,12,
vit_large_patch16_224,128,64,fp32,18978.599609375,False,NVIDIA_GeForce_RTX_3080_Ti,12,precision_artifact
vit_large_patch16_224,224,16,bf16,147.26605224609375,False,NVIDIA_GeForce_RTX_3080_Ti,12,
vit_large_patch16_224,224,16,fp16,143.3349151611328,False,NVIDIA_GeForce_RTX_3080_Ti,12,
vit_large_patch16_224,224,16,fp32,378.8451843261719,False,NVIDIA_GeForce_RTX_3080_Ti,12,
vit_large_patch16_224,224,32,bf16,7016.96044921875,False,NVIDIA_GeForce_RTX_3080_Ti,12,slow_outlier
vit_large_patch16_224,224,32,fp16,6613.65771484375,False,NVIDIA_GeForce_RTX_3080_Ti,12,slow_outlier
vit_large_patch16_224,224,32,fp32,,True,NVIDIA_GeForce_RTX_3080_Ti,12,
vit_large_patch16_224,224,64,bf16,,True,NVIDIA_GeForce_RTX_3080_Ti,12,
vit_large_patch16_224,224,64,fp16,,True,NVIDIA_GeForce_RTX_3080_Ti,12,
vit_large_patch16_224,224,64,fp32,,True,NVIDIA_GeForce_RTX_3080_Ti,12,
vit_small_patch16_224,64,16,bf16,8.345088005065918,False,NVIDIA_GeForce_RTX_3080_Ti,12,
vit_small_patch16_224,64,16,fp16,5.118847846984863,False,NVIDIA_GeForce_RTX_3080_Ti,12,
vit_small_patch16_224,64,16,fp32,6.965248107910156,False,NVIDIA_GeForce_RTX_3080_Ti,12,
vit_small_patch16_224,64,32,bf16,6.592383861541748,False,NVIDIA_GeForce_RTX_3080_Ti,12,
vit_small_patch16_224,64,32,fp16,6.202367782592773,False,NVIDIA_GeForce_RTX_3080_Ti,12,
vit_small_patch16_224,64,32,fp32,10.119168281555176,False,NVIDIA_GeForce_RTX_3080_Ti,12,
vit_small_patch16_224,64,64,bf16,9.117119789123535,False,NVIDIA_GeForce_RTX_3080_Ti,12,
vit_small_patch16_224,64,64,fp16,8.452095985412598,False,NVIDIA_GeForce_RTX_3080_Ti,12,
vit_small_patch16_224,64,64,fp32,15.400447845458984,False,NVIDIA_GeForce_RTX_3080_Ti,12,
vit_small_patch16_224,128,16,bf16,8.565759658813477,False,NVIDIA_GeForce_RTX_3080_Ti,12,
vit_small_patch16_224,128,16,fp16,7.976960182189941,False,NVIDIA_GeForce_RTX_3080_Ti,12,
vit_small_patch16_224,128,16,fp32,16.046592712402344,False,NVIDIA_GeForce_RTX_3080_Ti,12,
vit_small_patch16_224,128,32,bf16,12.846480369567873,False,NVIDIA_GeForce_RTX_3080_Ti,12,
vit_small_patch16_224,128,32,fp16,12.15278434753418,False,NVIDIA_GeForce_RTX_3080_Ti,12,
vit_small_patch16_224,128,32,fp32,26.12833595275879,False,NVIDIA_GeForce_RTX_3080_Ti,12,
vit_small_patch16_224,128,64,bf16,21.724672317504883,False,NVIDIA_GeForce_RTX_3080_Ti,12,
vit_small_patch16_224,128,64,fp16,20.38630485534668,False,NVIDIA_GeForce_RTX_3080_Ti,12,
vit_small_patch16_224,128,64,fp32,47.74553680419922,False,NVIDIA_GeForce_RTX_3080_Ti,12,
vit_small_patch16_224,224,16,bf16,17.24723243713379,False,NVIDIA_GeForce_RTX_3080_Ti,12,
vit_small_patch16_224,224,16,fp16,16.770048141479492,False,NVIDIA_GeForce_RTX_3080_Ti,12,
vit_small_patch16_224,224,16,fp32,40.17561721801758,False,NVIDIA_GeForce_RTX_3080_Ti,12,
vit_small_patch16_224,224,32,bf16,29.31660842895508,False,NVIDIA_GeForce_RTX_3080_Ti,12,
vit_small_patch16_224,224,32,fp16,28.428800582885746,False,NVIDIA_GeForce_RTX_3080_Ti,12,
vit_small_patch16_224,224,32,fp32,74.9644775390625,False,NVIDIA_GeForce_RTX_3080_Ti,12,
vit_small_patch16_224,224,64,bf16,56.08857727050781,False,NVIDIA_GeForce_RTX_3080_Ti,12,
vit_small_patch16_224,224,64,fp16,54.39993667602539,False,NVIDIA_GeForce_RTX_3080_Ti,12,
vit_small_patch16_224,224,64,fp32,143.5478057861328,False,NVIDIA_GeForce_RTX_3080_Ti,12,
vit_tiny_patch16_224,64,16,bf16,3.3715200424194336,False,NVIDIA_GeForce_RTX_3080_Ti,12,
vit_tiny_patch16_224,64,16,fp16,2.994175910949707,False,NVIDIA_GeForce_RTX_3080_Ti,12,
vit_tiny_patch16_224,64,16,fp32,3.616767883300781,False,NVIDIA_GeForce_RTX_3080_Ti,12,
vit_tiny_patch16_224,64,32,bf16,4.153855800628662,False,NVIDIA_GeForce_RTX_3080_Ti,12,
vit_tiny_patch16_224,64,32,fp16,3.82259202003479,False,NVIDIA_GeForce_RTX_3080_Ti,12,
vit_tiny_patch16_224,64,32,fp32,5.01862382888794,False,NVIDIA_GeForce_RTX_3080_Ti,12,
vit_tiny_patch16_224,64,64,bf16,5.047296047210693,False,NVIDIA_GeForce_RTX_3080_Ti,12,
vit_tiny_patch16_224,64,64,fp16,4.777472019195557,False,NVIDIA_GeForce_RTX_3080_Ti,12,
vit_tiny_patch16_224,64,64,fp32,7.006720066070557,False,NVIDIA_GeForce_RTX_3080_Ti,12,
vit_tiny_patch16_224,128,16,bf16,4.677631855010986,False,NVIDIA_GeForce_RTX_3080_Ti,12,
vit_tiny_patch16_224,128,16,fp16,4.403711795806885,False,NVIDIA_GeForce_RTX_3080_Ti,12,
vit_tiny_patch16_224,128,16,fp32,7.436768054962158,False,NVIDIA_GeForce_RTX_3080_Ti,12,
vit_tiny_patch16_224,128,32,bf16,6.470608234405518,False,NVIDIA_GeForce_RTX_3080_Ti,12,
vit_tiny_patch16_224,128,32,fp16,6.19158411026001,False,NVIDIA_GeForce_RTX_3080_Ti,12,
vit_tiny_patch16_224,128,32,fp32,11.659168243408203,False,NVIDIA_GeForce_RTX_3080_Ti,12,
vit_tiny_patch16_224,128,64,bf16,10.13759994506836,False,NVIDIA_GeForce_RTX_3080_Ti,12,
vit_tiny_patch16_224,128,64,fp16,9.99884796142578,False,NVIDIA_GeForce_RTX_3080_Ti,12,
vit_tiny_patch16_224,128,64,fp32,20.227584838867188,False,NVIDIA_GeForce_RTX_3080_Ti,12,
vit_tiny_patch16_224,224,16,bf16,8.158720016479492,False,NVIDIA_GeForce_RTX_3080_Ti,12,
vit_tiny_patch16_224,224,16,fp16,7.813632011413574,False,NVIDIA_GeForce_RTX_3080_Ti,12,
vit_tiny_patch16_224,224,16,fp32,17.81500816345215,False,NVIDIA_GeForce_RTX_3080_Ti,12,
vit_tiny_patch16_224,224,32,bf16,14.162400245666504,False,NVIDIA_GeForce_RTX_3080_Ti,12,
vit_tiny_patch16_224,224,32,fp16,13.722111701965332,False,NVIDIA_GeForce_RTX_3080_Ti,12,
vit_tiny_patch16_224,224,32,fp32,30.77222442626953,False,NVIDIA_GeForce_RTX_3080_Ti,12,
vit_tiny_patch16_224,224,64,bf16,27.48262405395508,False,NVIDIA_GeForce_RTX_3080_Ti,12,
vit_tiny_patch16_224,224,64,fp16,25.396223068237305,False,NVIDIA_GeForce_RTX_3080_Ti,12,
vit_tiny_patch16_224,224,64,fp32,57.92204666137695,False,NVIDIA_GeForce_RTX_3080_Ti,12,
wide_resnet101_2,64,16,bf16,23.630239486694336,False,NVIDIA_GeForce_RTX_3080_Ti,12,
wide_resnet101_2,64,16,fp16,22.8986873626709,False,NVIDIA_GeForce_RTX_3080_Ti,12,
wide_resnet101_2,64,16,fp32,34.26816177368164,False,NVIDIA_GeForce_RTX_3080_Ti,12,
wide_resnet101_2,64,32,bf16,30.39846420288086,False,NVIDIA_GeForce_RTX_3080_Ti,12,
wide_resnet101_2,64,32,fp16,29.21113586425781,False,NVIDIA_GeForce_RTX_3080_Ti,12,
wide_resnet101_2,64,32,fp32,42.97727966308594,False,NVIDIA_GeForce_RTX_3080_Ti,12,
wide_resnet101_2,64,64,bf16,40.35225677490234,False,NVIDIA_GeForce_RTX_3080_Ti,12,
wide_resnet101_2,64,64,fp16,36.66227340698242,False,NVIDIA_GeForce_RTX_3080_Ti,12,
wide_resnet101_2,64,64,fp32,59.39404678344727,False,NVIDIA_GeForce_RTX_3080_Ti,12,
wide_resnet101_2,128,16,bf16,36.58598327636719,False,NVIDIA_GeForce_RTX_3080_Ti,12,
wide_resnet101_2,128,16,fp16,34.592254638671875,False,NVIDIA_GeForce_RTX_3080_Ti,12,
wide_resnet101_2,128,16,fp32,50.52928161621094,False,NVIDIA_GeForce_RTX_3080_Ti,12,
wide_resnet101_2,128,32,bf16,53.536094665527344,False,NVIDIA_GeForce_RTX_3080_Ti,12,
wide_resnet101_2,128,32,fp16,50.47387313842773,False,NVIDIA_GeForce_RTX_3080_Ti,12,
wide_resnet101_2,128,32,fp32,84.39449310302734,False,NVIDIA_GeForce_RTX_3080_Ti,12,
wide_resnet101_2,128,64,bf16,92.01766204833984,False,NVIDIA_GeForce_RTX_3080_Ti,12,
wide_resnet101_2,128,64,fp16,86.06361389160156,False,NVIDIA_GeForce_RTX_3080_Ti,12,
wide_resnet101_2,128,64,fp32,149.97596740722656,False,NVIDIA_GeForce_RTX_3080_Ti,12,
wide_resnet101_2,224,16,bf16,76.68479919433594,False,NVIDIA_GeForce_RTX_3080_Ti,12,
wide_resnet101_2,224,16,fp16,71.68768310546875,False,NVIDIA_GeForce_RTX_3080_Ti,12,
wide_resnet101_2,224,16,fp32,123.89933013916016,False,NVIDIA_GeForce_RTX_3080_Ti,12,
wide_resnet101_2,224,32,bf16,130.95423889160156,False,NVIDIA_GeForce_RTX_3080_Ti,12,
wide_resnet101_2,224,32,fp16,122.6240005493164,False,NVIDIA_GeForce_RTX_3080_Ti,12,
wide_resnet101_2,224,32,fp32,224.84669494628903,False,NVIDIA_GeForce_RTX_3080_Ti,12,
wide_resnet101_2,224,64,bf16,240.2298889160156,False,NVIDIA_GeForce_RTX_3080_Ti,12,
wide_resnet101_2,224,64,fp16,222.25765991210935,False,NVIDIA_GeForce_RTX_3080_Ti,12,
wide_resnet101_2,224,64,fp32,,True,NVIDIA_GeForce_RTX_3080_Ti,12,
xcit_small_12_p16_224,64,16,bf16,10.62998390197754,False,NVIDIA_GeForce_RTX_3080_Ti,12,
xcit_small_12_p16_224,64,16,fp16,10.037152290344238,False,NVIDIA_GeForce_RTX_3080_Ti,12,
xcit_small_12_p16_224,64,16,fp32,11.392000198364258,False,NVIDIA_GeForce_RTX_3080_Ti,12,
xcit_small_12_p16_224,64,32,bf16,12.800399780273438,False,NVIDIA_GeForce_RTX_3080_Ti,12,
xcit_small_12_p16_224,64,32,fp16,12.067760467529297,False,NVIDIA_GeForce_RTX_3080_Ti,12,
xcit_small_12_p16_224,64,32,fp32,16.73676872253418,False,NVIDIA_GeForce_RTX_3080_Ti,12,
xcit_small_12_p16_224,64,64,bf16,17.140127182006836,False,NVIDIA_GeForce_RTX_3080_Ti,12,
xcit_small_12_p16_224,64,64,fp16,16.489471435546875,False,NVIDIA_GeForce_RTX_3080_Ti,12,
xcit_small_12_p16_224,64,64,fp32,25.85804748535156,False,NVIDIA_GeForce_RTX_3080_Ti,12,
xcit_small_12_p16_224,128,16,bf16,15.652864456176758,False,NVIDIA_GeForce_RTX_3080_Ti,12,
xcit_small_12_p16_224,128,16,fp16,14.920703887939451,False,NVIDIA_GeForce_RTX_3080_Ti,12,
xcit_small_12_p16_224,128,16,fp32,23.19615936279297,False,NVIDIA_GeForce_RTX_3080_Ti,12,
xcit_small_12_p16_224,128,32,bf16,23.89811134338379,False,NVIDIA_GeForce_RTX_3080_Ti,12,
xcit_small_12_p16_224,128,32,fp16,23.114240646362305,False,NVIDIA_GeForce_RTX_3080_Ti,12,
xcit_small_12_p16_224,128,32,fp32,37.10976028442383,False,NVIDIA_GeForce_RTX_3080_Ti,12,
xcit_small_12_p16_224,128,64,bf16,43.467262268066406,False,NVIDIA_GeForce_RTX_3080_Ti,12,
xcit_small_12_p16_224,128,64,fp16,41.92614364624024,False,NVIDIA_GeForce_RTX_3080_Ti,12,
xcit_small_12_p16_224,128,64,fp32,68.30233764648438,False,NVIDIA_GeForce_RTX_3080_Ti,12,
xcit_small_12_p16_224,224,16,bf16,33.29996871948242,False,NVIDIA_GeForce_RTX_3080_Ti,12,
xcit_small_12_p16_224,224,16,fp16,32.74127960205078,False,NVIDIA_GeForce_RTX_3080_Ti,12,
xcit_small_12_p16_224,224,16,fp32,52.84904098510742,False,NVIDIA_GeForce_RTX_3080_Ti,12,
xcit_small_12_p16_224,224,32,bf16,61.28998565673828,False,NVIDIA_GeForce_RTX_3080_Ti,12,
xcit_small_12_p16_224,224,32,fp16,59.630001068115234,False,NVIDIA_GeForce_RTX_3080_Ti,12,
xcit_small_12_p16_224,224,32,fp32,97.97171020507812,False,NVIDIA_GeForce_RTX_3080_Ti,12,
xcit_small_12_p16_224,224,64,bf16,116.04070281982422,False,NVIDIA_GeForce_RTX_3080_Ti,12,
xcit_small_12_p16_224,224,64,fp16,113.37881469726562,False,NVIDIA_GeForce_RTX_3080_Ti,12,
xcit_small_12_p16_224,224,64,fp32,186.99264526367188,False,NVIDIA_GeForce_RTX_3080_Ti,12,
xcit_tiny_12_p16_224,64,16,bf16,7.676415920257568,False,NVIDIA_GeForce_RTX_3080_Ti,12,
xcit_tiny_12_p16_224,64,16,fp16,7.337984085083008,False,NVIDIA_GeForce_RTX_3080_Ti,12,
xcit_tiny_12_p16_224,64,16,fp32,7.193600177764893,False,NVIDIA_GeForce_RTX_3080_Ti,12,
xcit_tiny_12_p16_224,64,32,bf16,9.120176315307615,False,NVIDIA_GeForce_RTX_3080_Ti,12,
xcit_tiny_12_p16_224,64,32,fp16,8.8985595703125,False,NVIDIA_GeForce_RTX_3080_Ti,12,
xcit_tiny_12_p16_224,64,32,fp32,9.760592460632324,False,NVIDIA_GeForce_RTX_3080_Ti,12,
xcit_tiny_12_p16_224,64,64,bf16,10.688511848449709,False,NVIDIA_GeForce_RTX_3080_Ti,12,
xcit_tiny_12_p16_224,64,64,fp16,10.436079978942873,False,NVIDIA_GeForce_RTX_3080_Ti,12,
xcit_tiny_12_p16_224,64,64,fp32,13.285807609558104,False,NVIDIA_GeForce_RTX_3080_Ti,12,
xcit_tiny_12_p16_224,128,16,bf16,10.162176132202148,False,NVIDIA_GeForce_RTX_3080_Ti,12,
xcit_tiny_12_p16_224,128,16,fp16,9.776639938354492,False,NVIDIA_GeForce_RTX_3080_Ti,12,
xcit_tiny_12_p16_224,128,16,fp32,11.887616157531738,False,NVIDIA_GeForce_RTX_3080_Ti,12,
xcit_tiny_12_p16_224,128,32,bf16,13.415936470031738,False,NVIDIA_GeForce_RTX_3080_Ti,12,
xcit_tiny_12_p16_224,128,32,fp16,13.149184226989746,False,NVIDIA_GeForce_RTX_3080_Ti,12,
xcit_tiny_12_p16_224,128,32,fp32,18.083839416503903,False,NVIDIA_GeForce_RTX_3080_Ti,12,
xcit_tiny_12_p16_224,128,64,bf16,21.1885929107666,False,NVIDIA_GeForce_RTX_3080_Ti,12,
xcit_tiny_12_p16_224,128,64,fp16,20.97817611694336,False,NVIDIA_GeForce_RTX_3080_Ti,12,
xcit_tiny_12_p16_224,128,64,fp32,30.668800354003903,False,NVIDIA_GeForce_RTX_3080_Ti,12,
xcit_tiny_12_p16_224,224,16,bf16,17.42795181274414,False,NVIDIA_GeForce_RTX_3080_Ti,12,
xcit_tiny_12_p16_224,224,16,fp16,16.98201560974121,False,NVIDIA_GeForce_RTX_3080_Ti,12,
xcit_tiny_12_p16_224,224,16,fp32,24.26051139831543,False,NVIDIA_GeForce_RTX_3080_Ti,12,
xcit_tiny_12_p16_224,224,32,bf16,30.4532470703125,False,NVIDIA_GeForce_RTX_3080_Ti,12,
xcit_tiny_12_p16_224,224,32,fp16,30.05593681335449,False,NVIDIA_GeForce_RTX_3080_Ti,12,
xcit_tiny_12_p16_224,224,32,fp32,44.561920166015625,False,NVIDIA_GeForce_RTX_3080_Ti,12,
xcit_tiny_12_p16_224,224,64,bf16,59.31315231323242,False,NVIDIA_GeForce_RTX_3080_Ti,12,
xcit_tiny_12_p16_224,224,64,fp16,56.83865737915039,False,NVIDIA_GeForce_RTX_3080_Ti,12,
xcit_tiny_12_p16_224,224,64,fp32,83.38219451904297,False,NVIDIA_GeForce_RTX_3080_Ti,12,
