model,img_size,batch_size,precision,avg_time_ms,oom,gpu,vram_gb,cleanup
beit_large_patch16_224,64,16,bf16,40.31027221679688,False,NVIDIA_GeForce_RTX_4070_Ti_SUPER,16,
beit_large_patch16_224,64,16,fp16,40.22886276245117,False,NVIDIA_GeForce_RTX_4070_Ti_SUPER,16,
beit_large_patch16_224,64,16,fp32,52.72012710571289,False,NVIDIA_GeForce_RTX_4070_Ti_SUPER,16,
beit_large_patch16_224,64,32,bf16,48.4398078918457,False,NVIDIA_GeForce_RTX_4070_Ti_SUPER,16,
beit_large_patch16_224,64,32,fp16,48.068607330322266,False,NVIDIA_GeForce_RTX_4070_Ti_SUPER,16,
beit_large_patch16_224,64,32,fp32,74.37260437011719,False,NVIDIA_GeForce_RTX_4070_Ti_SUPER,16,
beit_large_patch16_224,64,64,bf16,63.96569442749024,False,NVIDIA_GeForce_RTX_4070_Ti_SUPER,16,
beit_large_patch16_224,64,64,fp16,63.6759033203125,False,NVIDIA_GeForce_RTX_4070_Ti_SUPER,16,
beit_large_patch16_224,64,64,fp32,121.76435089111328,False,NVIDIA_GeForce_RTX_4070_Ti_SUPER,16,
beit_large_patch16_224,128,16,bf16,64.1976318359375,False,NVIDIA_GeForce_RTX_4070_Ti_SUPER,16,
beit_large_patch16_224,128,16,fp16,63.96364974975586,False,NVIDIA_GeForce_RTX_4070_Ti_SUPER,16,
beit_large_patch16_224,128,16,fp32,120.18892669677734,False,NVIDIA_GeForce_RTX_4070_Ti_SUPER,16,
beit_large_patch16_224,128,32,bf16,93.65094757080078,False,NVIDIA_GeForce_RTX_4070_Ti_SUPER,16,
beit_large_patch16_224,128,32,fp16,91.10425567626952,False,NVIDIA_GeForce_RTX_4070_Ti_SUPER,16,
beit_large_patch16_224,128,32,fp32,210.3362579345703,False,NVIDIA_GeForce_RTX_4070_Ti_SUPER,16,
beit_large_patch16_224,128,64,bf16,158.2750701904297,False,NVIDIA_GeForce_RTX_4070_Ti_SUPER,16,
beit_large_patch16_224,128,64,fp16,157.4783935546875,False,NVIDIA_GeForce_RTX_4070_Ti_SUPER,16,
beit_large_patch16_224,128,64,fp32,376.3824768066406,False,NVIDIA_GeForce_RTX_4070_Ti_SUPER,16,
beit_large_patch16_224,224,16,bf16,134.96780395507812,False,NVIDIA_GeForce_RTX_4070_Ti_SUPER,16,
beit_large_patch16_224,224,16,fp16,134.3426513671875,False,NVIDIA_GeForce_RTX_4070_Ti_SUPER,16,
beit_large_patch16_224,224,16,fp32,320.1873779296875,False,NVIDIA_GeForce_RTX_4070_Ti_SUPER,16,
beit_large_patch16_224,224,32,bf16,245.0365447998047,False,NVIDIA_GeForce_RTX_4070_Ti_SUPER,16,
beit_large_patch16_224,224,32,fp16,241.85292053222656,False,NVIDIA_GeForce_RTX_4070_Ti_SUPER,16,
beit_large_patch16_224,224,32,fp32,,True,NVIDIA_GeForce_RTX_4070_Ti_SUPER,16,
beit_large_patch16_224,224,64,bf16,,True,NVIDIA_GeForce_RTX_4070_Ti_SUPER,16,
beit_large_patch16_224,224,64,fp16,,True,NVIDIA_GeForce_RTX_4070_Ti_SUPER,16,
beit_large_patch16_224,224,64,fp32,,True,NVIDIA_GeForce_RTX_4070_Ti_SUPER,16,
coatnet_0_rw_224,64,16,bf16,6.467584133148193,False,NVIDIA_GeForce_RTX_4070_Ti_SUPER,16,
coatnet_0_rw_224,64,16,fp16,6.07539176940918,False,NVIDIA_GeForce_RTX_4070_Ti_SUPER,16,
coatnet_0_rw_224,64,16,fp32,6.92633581161499,False,NVIDIA_GeForce_RTX_4070_Ti_SUPER,16,
coatnet_0_rw_224,64,32,bf16,8.203264236450195,False,NVIDIA_GeForce_RTX_4070_Ti_SUPER,16,
coatnet_0_rw_224,64,32,fp16,7.49567985534668,False,NVIDIA_GeForce_RTX_4070_Ti_SUPER,16,
coatnet_0_rw_224,64,32,fp32,9.648639678955078,False,NVIDIA_GeForce_RTX_4070_Ti_SUPER,16,
coatnet_0_rw_224,64,64,bf16,11.988479614257812,False,NVIDIA_GeForce_RTX_4070_Ti_SUPER,16,
coatnet_0_rw_224,64,64,fp16,10.727423667907717,False,NVIDIA_GeForce_RTX_4070_Ti_SUPER,16,
coatnet_0_rw_224,64,64,fp32,15.750144004821776,False,NVIDIA_GeForce_RTX_4070_Ti_SUPER,16,
coatnet_0_rw_224,128,16,bf16,11.455488204956056,False,NVIDIA_GeForce_RTX_4070_Ti_SUPER,16,
coatnet_0_rw_224,128,16,fp16,10.31833553314209,False,NVIDIA_GeForce_RTX_4070_Ti_SUPER,16,
coatnet_0_rw_224,128,16,fp32,14.27609634399414,False,NVIDIA_GeForce_RTX_4070_Ti_SUPER,16,
coatnet_0_rw_224,128,32,bf16,18.58252716064453,False,NVIDIA_GeForce_RTX_4070_Ti_SUPER,16,
coatnet_0_rw_224,128,32,fp16,16.564735412597656,False,NVIDIA_GeForce_RTX_4070_Ti_SUPER,16,
coatnet_0_rw_224,128,32,fp32,27.78009605407715,False,NVIDIA_GeForce_RTX_4070_Ti_SUPER,16,
coatnet_0_rw_224,128,64,bf16,35.68537521362305,False,NVIDIA_GeForce_RTX_4070_Ti_SUPER,16,
coatnet_0_rw_224,128,64,fp16,31.624191284179688,False,NVIDIA_GeForce_RTX_4070_Ti_SUPER,16,
coatnet_0_rw_224,128,64,fp32,57.146366119384766,False,NVIDIA_GeForce_RTX_4070_Ti_SUPER,16,
coatnet_0_rw_224,224,16,bf16,29.788671493530277,False,NVIDIA_GeForce_RTX_4070_Ti_SUPER,16,
coatnet_0_rw_224,224,16,fp16,26.776575088500977,False,NVIDIA_GeForce_RTX_4070_Ti_SUPER,16,
coatnet_0_rw_224,224,16,fp32,49.80223846435547,False,NVIDIA_GeForce_RTX_4070_Ti_SUPER,16,
coatnet_0_rw_224,224,32,bf16,58.80883026123047,False,NVIDIA_GeForce_RTX_4070_Ti_SUPER,16,
coatnet_0_rw_224,224,32,fp16,52.94847869873047,False,NVIDIA_GeForce_RTX_4070_Ti_SUPER,16,
coatnet_0_rw_224,224,32,fp32,100.17024230957033,False,NVIDIA_GeForce_RTX_4070_Ti_SUPER,16,
coatnet_0_rw_224,224,64,bf16,117.11078643798828,False,NVIDIA_GeForce_RTX_4070_Ti_SUPER,16,
coatnet_0_rw_224,224,64,fp16,105.42950439453124,False,NVIDIA_GeForce_RTX_4070_Ti_SUPER,16,
coatnet_0_rw_224,224,64,fp32,205.559814453125,False,NVIDIA_GeForce_RTX_4070_Ti_SUPER,16,
coatnet_1_rw_224,64,16,bf16,10.603008270263672,False,NVIDIA_GeForce_RTX_4070_Ti_SUPER,16,
coatnet_1_rw_224,64,16,fp16,10.018303871154783,False,NVIDIA_GeForce_RTX_4070_Ti_SUPER,16,
coatnet_1_rw_224,64,16,fp32,11.501567840576172,False,NVIDIA_GeForce_RTX_4070_Ti_SUPER,16,
coatnet_1_rw_224,64,32,bf16,13.58028793334961,False,NVIDIA_GeForce_RTX_4070_Ti_SUPER,16,
coatnet_1_rw_224,64,32,fp16,12.545536041259766,False,NVIDIA_GeForce_RTX_4070_Ti_SUPER,16,
coatnet_1_rw_224,64,32,fp32,16.67430305480957,False,NVIDIA_GeForce_RTX_4070_Ti_SUPER,16,
coatnet_1_rw_224,64,64,bf16,20.681215286254883,False,NVIDIA_GeForce_RTX_4070_Ti_SUPER,16,
coatnet_1_rw_224,64,64,fp16,18.967552185058597,False,NVIDIA_GeForce_RTX_4070_Ti_SUPER,16,
coatnet_1_rw_224,64,64,fp32,27.96441650390625,False,NVIDIA_GeForce_RTX_4070_Ti_SUPER,16,
coatnet_1_rw_224,128,16,bf16,19.63520050048828,False,NVIDIA_GeForce_RTX_4070_Ti_SUPER,16,
coatnet_1_rw_224,128,16,fp16,18.090496063232425,False,NVIDIA_GeForce_RTX_4070_Ti_SUPER,16,
coatnet_1_rw_224,128,16,fp32,25.501184463500977,False,NVIDIA_GeForce_RTX_4070_Ti_SUPER,16,
coatnet_1_rw_224,128,32,bf16,32.43315124511719,False,NVIDIA_GeForce_RTX_4070_Ti_SUPER,16,
coatnet_1_rw_224,128,32,fp16,29.61408042907715,False,NVIDIA_GeForce_RTX_4070_Ti_SUPER,16,
coatnet_1_rw_224,128,32,fp32,48.97536087036133,False,NVIDIA_GeForce_RTX_4070_Ti_SUPER,16,
coatnet_1_rw_224,128,64,bf16,61.28742218017578,False,NVIDIA_GeForce_RTX_4070_Ti_SUPER,16,
coatnet_1_rw_224,128,64,fp16,56.17254257202149,False,NVIDIA_GeForce_RTX_4070_Ti_SUPER,16,
coatnet_1_rw_224,128,64,fp32,99.73350524902344,False,NVIDIA_GeForce_RTX_4070_Ti_SUPER,16,
coatnet_1_rw_224,224,16,bf16,52.8430061340332,False,NVIDIA_GeForce_RTX_4070_Ti_SUPER,16,
coatnet_1_rw_224,224,16,fp16,48.68454360961914,False,NVIDIA_GeForce_RTX_4070_Ti_SUPER,16,
coatnet_1_rw_224,224,16,fp32,88.77619171142578,False,NVIDIA_GeForce_RTX_4070_Ti_SUPER,16,
coatnet_1_rw_224,224,32,bf16,101.78457641601562,False,NVIDIA_GeForce_RTX_4070_Ti_SUPER,16,
coatnet_1_rw_224,224,32,fp16,94.1511688232422,False,NVIDIA_GeForce_RTX_4070_Ti_SUPER,16,
coatnet_1_rw_224,224,32,fp32,177.04396057128906,False,NVIDIA_GeForce_RTX_4070_Ti_SUPER,16,
coatnet_1_rw_224,224,64,bf16,201.3506622314453,False,NVIDIA_GeForce_RTX_4070_Ti_SUPER,16,
coatnet_1_rw_224,224,64,fp16,186.16525268554688,False,NVIDIA_GeForce_RTX_4070_Ti_SUPER,16,
coatnet_1_rw_224,224,64,fp32,,True,NVIDIA_GeForce_RTX_4070_Ti_SUPER,16,
coatnet_2_rw_224,64,16,bf16,14.879743576049805,False,NVIDIA_GeForce_RTX_4070_Ti_SUPER,16,
coatnet_2_rw_224,64,16,fp16,14.104063987731934,False,NVIDIA_GeForce_RTX_4070_Ti_SUPER,16,
coatnet_2_rw_224,64,16,fp32,16.716800689697266,False,NVIDIA_GeForce_RTX_4070_Ti_SUPER,16,
coatnet_2_rw_224,64,32,bf16,19.917823791503903,False,NVIDIA_GeForce_RTX_4070_Ti_SUPER,16,
coatnet_2_rw_224,64,32,fp16,18.43199920654297,False,NVIDIA_GeForce_RTX_4070_Ti_SUPER,16,
coatnet_2_rw_224,64,32,fp32,25.12895965576172,False,NVIDIA_GeForce_RTX_4070_Ti_SUPER,16,
coatnet_2_rw_224,64,64,bf16,30.804479598999023,False,NVIDIA_GeForce_RTX_4070_Ti_SUPER,16,
coatnet_2_rw_224,64,64,fp16,28.308992385864254,False,NVIDIA_GeForce_RTX_4070_Ti_SUPER,16,
coatnet_2_rw_224,64,64,fp32,43.32748794555664,False,NVIDIA_GeForce_RTX_4070_Ti_SUPER,16,
coatnet_2_rw_224,128,16,bf16,28.528640747070312,False,NVIDIA_GeForce_RTX_4070_Ti_SUPER,16,
coatnet_2_rw_224,128,16,fp16,26.228736877441406,False,NVIDIA_GeForce_RTX_4070_Ti_SUPER,16,
coatnet_2_rw_224,128,16,fp32,39.72915267944336,False,NVIDIA_GeForce_RTX_4070_Ti_SUPER,16,
coatnet_2_rw_224,128,32,bf16,49.20166397094727,False,NVIDIA_GeForce_RTX_4070_Ti_SUPER,16,
coatnet_2_rw_224,128,32,fp16,44.87731170654297,False,NVIDIA_GeForce_RTX_4070_Ti_SUPER,16,
coatnet_2_rw_224,128,32,fp32,77.95865631103516,False,NVIDIA_GeForce_RTX_4070_Ti_SUPER,16,
coatnet_2_rw_224,128,64,bf16,93.97401428222656,False,NVIDIA_GeForce_RTX_4070_Ti_SUPER,16,
coatnet_2_rw_224,128,64,fp16,86.25202941894531,False,NVIDIA_GeForce_RTX_4070_Ti_SUPER,16,
coatnet_2_rw_224,128,64,fp32,157.6565704345703,False,NVIDIA_GeForce_RTX_4070_Ti_SUPER,16,
coatnet_2_rw_224,224,16,bf16,77.6263656616211,False,NVIDIA_GeForce_RTX_4070_Ti_SUPER,16,
coatnet_2_rw_224,224,16,fp16,72.17254638671875,False,NVIDIA_GeForce_RTX_4070_Ti_SUPER,16,
coatnet_2_rw_224,224,16,fp32,137.2743682861328,False,NVIDIA_GeForce_RTX_4070_Ti_SUPER,16,
coatnet_2_rw_224,224,32,bf16,152.77516174316406,False,NVIDIA_GeForce_RTX_4070_Ti_SUPER,16,
coatnet_2_rw_224,224,32,fp16,141.29714965820312,False,NVIDIA_GeForce_RTX_4070_Ti_SUPER,16,
coatnet_2_rw_224,224,32,fp32,,True,NVIDIA_GeForce_RTX_4070_Ti_SUPER,16,
coatnet_2_rw_224,224,64,bf16,,True,NVIDIA_GeForce_RTX_4070_Ti_SUPER,16,
coatnet_2_rw_224,224,64,fp16,,True,NVIDIA_GeForce_RTX_4070_Ti_SUPER,16,
coatnet_2_rw_224,224,64,fp32,,True,NVIDIA_GeForce_RTX_4070_Ti_SUPER,16,
convnext_base,64,16,bf16,14.01088047027588,False,NVIDIA_GeForce_RTX_4070_Ti_SUPER,16,
convnext_base,64,16,fp16,13.828607559204102,False,NVIDIA_GeForce_RTX_4070_Ti_SUPER,16,
convnext_base,64,16,fp32,18.84211158752441,False,NVIDIA_GeForce_RTX_4070_Ti_SUPER,16,
convnext_base,64,32,bf16,16.975360870361328,False,NVIDIA_GeForce_RTX_4070_Ti_SUPER,16,
convnext_base,64,32,fp16,16.893951416015625,False,NVIDIA_GeForce_RTX_4070_Ti_SUPER,16,
convnext_base,64,32,fp32,28.45849609375,False,NVIDIA_GeForce_RTX_4070_Ti_SUPER,16,
convnext_base,64,64,bf16,22.65651130676269,False,NVIDIA_GeForce_RTX_4070_Ti_SUPER,16,
convnext_base,64,64,fp16,22.53670310974121,False,NVIDIA_GeForce_RTX_4070_Ti_SUPER,16,
convnext_base,64,64,fp32,48.16435241699219,False,NVIDIA_GeForce_RTX_4070_Ti_SUPER,16,
convnext_base,128,16,bf16,21.925376892089844,False,NVIDIA_GeForce_RTX_4070_Ti_SUPER,16,
convnext_base,128,16,fp16,21.813247680664062,False,NVIDIA_GeForce_RTX_4070_Ti_SUPER,16,
convnext_base,128,16,fp32,57.76435089111328,False,NVIDIA_GeForce_RTX_4070_Ti_SUPER,16,
convnext_base,128,32,bf16,33.42643356323242,False,NVIDIA_GeForce_RTX_4070_Ti_SUPER,16,
convnext_base,128,32,fp16,33.3306884765625,False,NVIDIA_GeForce_RTX_4070_Ti_SUPER,16,
convnext_base,128,32,fp32,111.8566436767578,False,NVIDIA_GeForce_RTX_4070_Ti_SUPER,16,
convnext_base,128,64,bf16,58.88460922241211,False,NVIDIA_GeForce_RTX_4070_Ti_SUPER,16,
convnext_base,128,64,fp16,58.60812759399414,False,NVIDIA_GeForce_RTX_4070_Ti_SUPER,16,
convnext_base,128,64,fp32,197.7364501953125,False,NVIDIA_GeForce_RTX_4070_Ti_SUPER,16,
convnext_base,224,16,bf16,47.90886306762695,False,NVIDIA_GeForce_RTX_4070_Ti_SUPER,16,
convnext_base,224,16,fp16,47.404544830322266,False,NVIDIA_GeForce_RTX_4070_Ti_SUPER,16,
convnext_base,224,16,fp32,171.2849884033203,False,NVIDIA_GeForce_RTX_4070_Ti_SUPER,16,
convnext_base,224,32,bf16,84.98636627197266,False,NVIDIA_GeForce_RTX_4070_Ti_SUPER,16,
convnext_base,224,32,fp16,84.68889617919922,False,NVIDIA_GeForce_RTX_4070_Ti_SUPER,16,
convnext_base,224,32,fp32,330.32293701171875,False,NVIDIA_GeForce_RTX_4070_Ti_SUPER,16,
convnext_base,224,64,bf16,172.34994506835938,False,NVIDIA_GeForce_RTX_4070_Ti_SUPER,16,
convnext_base,224,64,fp16,171.76319885253906,False,NVIDIA_GeForce_RTX_4070_Ti_SUPER,16,
convnext_base,224,64,fp32,,True,NVIDIA_GeForce_RTX_4070_Ti_SUPER,16,
convnext_large,64,16,bf16,27.046911239624023,False,NVIDIA_GeForce_RTX_4070_Ti_SUPER,16,
convnext_large,64,16,fp16,26.92812728881836,False,NVIDIA_GeForce_RTX_4070_Ti_SUPER,16,
convnext_large,64,16,fp32,36.76825714111328,False,NVIDIA_GeForce_RTX_4070_Ti_SUPER,16,
convnext_large,64,32,bf16,32.89446258544922,False,NVIDIA_GeForce_RTX_4070_Ti_SUPER,16,
convnext_large,64,32,fp16,32.795135498046875,False,NVIDIA_GeForce_RTX_4070_Ti_SUPER,16,
convnext_large,64,32,fp32,54.83980941772461,False,NVIDIA_GeForce_RTX_4070_Ti_SUPER,16,
convnext_large,64,64,bf16,44.09651184082031,False,NVIDIA_GeForce_RTX_4070_Ti_SUPER,16,
convnext_large,64,64,fp16,43.91219329833984,False,NVIDIA_GeForce_RTX_4070_Ti_SUPER,16,
convnext_large,64,64,fp32,94.8638687133789,False,NVIDIA_GeForce_RTX_4070_Ti_SUPER,16,
convnext_large,128,16,bf16,43.33824157714844,False,NVIDIA_GeForce_RTX_4070_Ti_SUPER,16,
convnext_large,128,16,fp16,43.30188751220703,False,NVIDIA_GeForce_RTX_4070_Ti_SUPER,16,
convnext_large,128,16,fp32,109.3237762451172,False,NVIDIA_GeForce_RTX_4070_Ti_SUPER,16,
convnext_large,128,32,bf16,64.45772552490234,False,NVIDIA_GeForce_RTX_4070_Ti_SUPER,16,
convnext_large,128,32,fp16,64.1761245727539,False,NVIDIA_GeForce_RTX_4070_Ti_SUPER,16,
convnext_large,128,32,fp32,206.96115112304688,False,NVIDIA_GeForce_RTX_4070_Ti_SUPER,16,
convnext_large,128,64,bf16,110.14553833007812,False,NVIDIA_GeForce_RTX_4070_Ti_SUPER,16,
convnext_large,128,64,fp16,109.73081970214844,False,NVIDIA_GeForce_RTX_4070_Ti_SUPER,16,
convnext_large,128,64,fp32,361.6844787597656,False,NVIDIA_GeForce_RTX_4070_Ti_SUPER,16,
convnext_large,224,16,bf16,90.37004852294922,False,NVIDIA_GeForce_RTX_4070_Ti_SUPER,16,
convnext_large,224,16,fp16,89.3301773071289,False,NVIDIA_GeForce_RTX_4070_Ti_SUPER,16,
convnext_large,224,16,fp32,314.25537109375,False,NVIDIA_GeForce_RTX_4070_Ti_SUPER,16,
convnext_large,224,32,bf16,161.75514221191406,False,NVIDIA_GeForce_RTX_4070_Ti_SUPER,16,
convnext_large,224,32,fp16,161.3895721435547,False,NVIDIA_GeForce_RTX_4070_Ti_SUPER,16,
convnext_large,224,32,fp32,7621.99658203125,False,NVIDIA_GeForce_RTX_4070_Ti_SUPER,16,precision_artifact
convnext_large,224,64,bf16,,True,NVIDIA_GeForce_RTX_4070_Ti_SUPER,16,
convnext_large,224,64,fp16,,True,NVIDIA_GeForce_RTX_4070_Ti_SUPER,16,
convnext_large,224,64,fp32,,True,NVIDIA_GeForce_RTX_4070_Ti_SUPER,16,
convnext_small,64,16,bf16,10.44275188446045,False,NVIDIA_GeForce_RTX_4070_Ti_SUPER,16,
convnext_small,64,16,fp16,9.974271774291992,False,NVIDIA_GeForce_RTX_4070_Ti_SUPER,16,
convnext_small,64,16,fp32,13.25004768371582,False,NVIDIA_GeForce_RTX_4070_Ti_SUPER,16,
convnext_small,64,32,bf16,12.44211196899414,False,NVIDIA_GeForce_RTX_4070_Ti_SUPER,16,
convnext_small,64,32,fp16,12.416511535644531,False,NVIDIA_GeForce_RTX_4070_Ti_SUPER,16,
convnext_small,64,32,fp32,19.018239974975582,False,NVIDIA_GeForce_RTX_4070_Ti_SUPER,16,
convnext_small,64,64,bf16,16.52070426940918,False,NVIDIA_GeForce_RTX_4070_Ti_SUPER,16,
convnext_small,64,64,fp16,16.474624633789062,False,NVIDIA_GeForce_RTX_4070_Ti_SUPER,16,
convnext_small,64,64,fp32,30.95398330688477,False,NVIDIA_GeForce_RTX_4070_Ti_SUPER,16,
convnext_small,128,16,bf16,15.99897575378418,False,NVIDIA_GeForce_RTX_4070_Ti_SUPER,16,
convnext_small,128,16,fp16,15.919615745544434,False,NVIDIA_GeForce_RTX_4070_Ti_SUPER,16,
convnext_small,128,16,fp32,37.10003280639648,False,NVIDIA_GeForce_RTX_4070_Ti_SUPER,16,
convnext_small,128,32,bf16,23.80544090270996,False,NVIDIA_GeForce_RTX_4070_Ti_SUPER,16,
convnext_small,128,32,fp16,23.68051147460937,False,NVIDIA_GeForce_RTX_4070_Ti_SUPER,16,
convnext_small,128,32,fp32,69.8414077758789,False,NVIDIA_GeForce_RTX_4070_Ti_SUPER,16,
convnext_small,128,64,bf16,41.21343994140625,False,NVIDIA_GeForce_RTX_4070_Ti_SUPER,16,
convnext_small,128,64,fp16,41.00505447387695,False,NVIDIA_GeForce_RTX_4070_Ti_SUPER,16,
convnext_small,128,64,fp32,135.86431884765625,False,NVIDIA_GeForce_RTX_4070_Ti_SUPER,16,
convnext_small,224,16,bf16,33.330177307128906,False,NVIDIA_GeForce_RTX_4070_Ti_SUPER,16,
convnext_small,224,16,fp16,33.08287811279297,False,NVIDIA_GeForce_RTX_4070_Ti_SUPER,16,
convnext_small,224,16,fp32,118.14246368408205,False,NVIDIA_GeForce_RTX_4070_Ti_SUPER,16,
convnext_small,224,32,bf16,60.08063888549805,False,NVIDIA_GeForce_RTX_4070_Ti_SUPER,16,
convnext_small,224,32,fp16,59.81388854980469,False,NVIDIA_GeForce_RTX_4070_Ti_SUPER,16,
convnext_small,224,32,fp32,230.2412872314453,False,NVIDIA_GeForce_RTX_4070_Ti_SUPER,16,
convnext_small,224,64,bf16,115.82771301269533,False,NVIDIA_GeForce_RTX_4070_Ti_SUPER,16,
convnext_small,224,64,fp16,115.41145324707033,False,NVIDIA_GeForce_RTX_4070_Ti_SUPER,16,
convnext_small,224,64,fp32,442.2272033691406,False,NVIDIA_GeForce_RTX_4070_Ti_SUPER,16,
convnext_tiny,64,16,bf16,5.62227201461792,False,NVIDIA_GeForce_RTX_4070_Ti_SUPER,16,
convnext_tiny,64,16,fp16,5.586431980133057,False,NVIDIA_GeForce_RTX_4070_Ti_SUPER,16,
convnext_tiny,64,16,fp32,7.756800174713135,False,NVIDIA_GeForce_RTX_4070_Ti_SUPER,16,
convnext_tiny,64,32,bf16,6.968832015991211,False,NVIDIA_GeForce_RTX_4070_Ti_SUPER,16,
convnext_tiny,64,32,fp16,6.930431842803955,False,NVIDIA_GeForce_RTX_4070_Ti_SUPER,16,
convnext_tiny,64,32,fp32,11.507712364196776,False,NVIDIA_GeForce_RTX_4070_Ti_SUPER,16,
convnext_tiny,64,64,bf16,9.515520095825195,False,NVIDIA_GeForce_RTX_4070_Ti_SUPER,16,
convnext_tiny,64,64,fp16,9.471487998962402,False,NVIDIA_GeForce_RTX_4070_Ti_SUPER,16,
convnext_tiny,64,64,fp32,18.985984802246094,False,NVIDIA_GeForce_RTX_4070_Ti_SUPER,16,
convnext_tiny,128,16,bf16,9.166336059570312,False,NVIDIA_GeForce_RTX_4070_Ti_SUPER,16,
convnext_tiny,128,16,fp16,9.125887870788574,False,NVIDIA_GeForce_RTX_4070_Ti_SUPER,16,
convnext_tiny,128,16,fp32,21.600255966186523,False,NVIDIA_GeForce_RTX_4070_Ti_SUPER,16,
convnext_tiny,128,32,bf16,14.099967956542969,False,NVIDIA_GeForce_RTX_4070_Ti_SUPER,16,
convnext_tiny,128,32,fp16,14.023167610168455,False,NVIDIA_GeForce_RTX_4070_Ti_SUPER,16,
convnext_tiny,128,32,fp32,40.588287353515625,False,NVIDIA_GeForce_RTX_4070_Ti_SUPER,16,
convnext_tiny,128,64,bf16,25.142784118652344,False,NVIDIA_GeForce_RTX_4070_Ti_SUPER,16,
convnext_tiny,128,64,fp16,25.0250244140625,False,NVIDIA_GeForce_RTX_4070_Ti_SUPER,16,
convnext_tiny,128,64,fp32,80.54271697998047,False,NVIDIA_GeForce_RTX_4070_Ti_SUPER,16,
convnext_tiny,224,16,bf16,19.856895446777344,False,NVIDIA_GeForce_RTX_4070_Ti_SUPER,16,
convnext_tiny,224,16,fp16,19.78316879272461,False,NVIDIA_GeForce_RTX_4070_Ti_SUPER,16,
convnext_tiny,224,16,fp32,67.67462158203125,False,NVIDIA_GeForce_RTX_4070_Ti_SUPER,16,
convnext_tiny,224,32,bf16,37.03859329223633,False,NVIDIA_GeForce_RTX_4070_Ti_SUPER,16,
convnext_tiny,224,32,fp16,37.01145553588867,False,NVIDIA_GeForce_RTX_4070_Ti_SUPER,16,
convnext_tiny,224,32,fp32,133.359619140625,False,NVIDIA_GeForce_RTX_4070_Ti_SUPER,16,
convnext_tiny,224,64,bf16,73.4197769165039,False,NVIDIA_GeForce_RTX_4070_Ti_SUPER,16,
convnext_tiny,224,64,fp16,73.07212829589844,False,NVIDIA_GeForce_RTX_4070_Ti_SUPER,16,
convnext_tiny,224,64,fp32,245.1287078857422,False,NVIDIA_GeForce_RTX_4070_Ti_SUPER,16,
convnextv2_base,64,16,bf16,16.984575271606445,False,NVIDIA_GeForce_RTX_4070_Ti_SUPER,16,
convnextv2_base,64,16,fp16,16.908287048339844,False,NVIDIA_GeForce_RTX_4070_Ti_SUPER,16,
convnextv2_base,64,16,fp32,21.58336067199707,False,NVIDIA_GeForce_RTX_4070_Ti_SUPER,16,
convnextv2_base,64,32,bf16,22.3057918548584,False,NVIDIA_GeForce_RTX_4070_Ti_SUPER,16,
convnextv2_base,64,32,fp16,22.213632583618164,False,NVIDIA_GeForce_RTX_4070_Ti_SUPER,16,
convnextv2_base,64,32,fp32,33.45151901245117,False,NVIDIA_GeForce_RTX_4070_Ti_SUPER,16,
convnextv2_base,64,64,bf16,34.68083190917969,False,NVIDIA_GeForce_RTX_4070_Ti_SUPER,16,
convnextv2_base,64,64,fp16,34.59481430053711,False,NVIDIA_GeForce_RTX_4070_Ti_SUPER,16,
convnextv2_base,64,64,fp32,60.0714225769043,False,NVIDIA_GeForce_RTX_4070_Ti_SUPER,16,
convnextv2_base,128,16,bf16,33.77203369140625,False,NVIDIA_GeForce_RTX_4070_Ti_SUPER,16,
convnextv2_base,128,16,fp16,33.60563278198242,False,NVIDIA_GeForce_RTX_4070_Ti_SUPER,16,
convnextv2_base,128,16,fp32,69.4835205078125,False,NVIDIA_GeForce_RTX_4070_Ti_SUPER,16,
convnextv2_base,128,32,bf16,63.82387161254883,False,NVIDIA_GeForce_RTX_4070_Ti_SUPER,16,
convnextv2_base,128,32,fp16,63.61753463745117,False,NVIDIA_GeForce_RTX_4070_Ti_SUPER,16,
convnextv2_base,128,32,fp32,141.21728515625,False,NVIDIA_GeForce_RTX_4070_Ti_SUPER,16,
convnextv2_base,128,64,bf16,137.2789764404297,False,NVIDIA_GeForce_RTX_4070_Ti_SUPER,16,
convnextv2_base,128,64,fp16,136.97689819335938,False,NVIDIA_GeForce_RTX_4070_Ti_SUPER,16,
convnextv2_base,128,64,fp32,272.35943603515625,False,NVIDIA_GeForce_RTX_4070_Ti_SUPER,16,
convnextv2_base,224,16,bf16,103.19564819335938,False,NVIDIA_GeForce_RTX_4070_Ti_SUPER,16,
convnextv2_base,224,16,fp16,102.76966094970705,False,NVIDIA_GeForce_RTX_4070_Ti_SUPER,16,
convnextv2_base,224,16,fp32,225.48838806152344,False,NVIDIA_GeForce_RTX_4070_Ti_SUPER,16,
convnextv2_base,224,32,bf16,217.31686401367188,False,NVIDIA_GeForce_RTX_4070_Ti_SUPER,16,
convnextv2_base,224,32,fp16,217.03884887695312,False,NVIDIA_GeForce_RTX_4070_Ti_SUPER,16,
convnextv2_base,224,32,fp32,457.9962768554688,False,NVIDIA_GeForce_RTX_4070_Ti_SUPER,16,
convnextv2_base,224,64,bf16,,True,NVIDIA_GeForce_RTX_4070_Ti_SUPER,16,
convnextv2_base,224,64,fp16,,True,NVIDIA_GeForce_RTX_4070_Ti_SUPER,16,
convnextv2_base,224,64,fp32,,True,NVIDIA_GeForce_RTX_4070_Ti_SUPER,16,
deit_base_patch16_224,64,16,bf16,11.65721607208252,False,NVIDIA_GeForce_RTX_4070_Ti_SUPER,16,
deit_base_patch16_224,64,16,fp16,11.670016288757324,False,NVIDIA_GeForce_RTX_4070_Ti_SUPER,16,
deit_base_patch16_224,64,16,fp32,16.070655822753906,False,NVIDIA_GeForce_RTX_4070_Ti_SUPER,16,
deit_base_patch16_224,64,32,bf16,14.599679946899414,False,NVIDIA_GeForce_RTX_4070_Ti_SUPER,16,
deit_base_patch16_224,64,32,fp16,14.552063941955566,False,NVIDIA_GeForce_RTX_4070_Ti_SUPER,16,
deit_base_patch16_224,64,32,fp32,22.87718391418457,False,NVIDIA_GeForce_RTX_4070_Ti_SUPER,16,
deit_base_patch16_224,64,64,bf16,20.28544044494629,False,NVIDIA_GeForce_RTX_4070_Ti_SUPER,16,
deit_base_patch16_224,64,64,fp16,20.21683120727539,False,NVIDIA_GeForce_RTX_4070_Ti_SUPER,16,
deit_base_patch16_224,64,64,fp32,37.0775032043457,False,NVIDIA_GeForce_RTX_4070_Ti_SUPER,16,
deit_base_patch16_224,128,16,bf16,19.01568031311035,False,NVIDIA_GeForce_RTX_4070_Ti_SUPER,16,
deit_base_patch16_224,128,16,fp16,18.949119567871094,False,NVIDIA_GeForce_RTX_4070_Ti_SUPER,16,
deit_base_patch16_224,128,16,fp32,37.03654479980469,False,NVIDIA_GeForce_RTX_4070_Ti_SUPER,16,
deit_base_patch16_224,128,32,bf16,28.081151962280277,False,NVIDIA_GeForce_RTX_4070_Ti_SUPER,16,
deit_base_patch16_224,128,32,fp16,27.75142478942871,False,NVIDIA_GeForce_RTX_4070_Ti_SUPER,16,
deit_base_patch16_224,128,32,fp32,61.51577758789063,False,NVIDIA_GeForce_RTX_4070_Ti_SUPER,16,
deit_base_patch16_224,128,64,bf16,45.6545295715332,False,NVIDIA_GeForce_RTX_4070_Ti_SUPER,16,
deit_base_patch16_224,128,64,fp16,45.209598541259766,False,NVIDIA_GeForce_RTX_4070_Ti_SUPER,16,
deit_base_patch16_224,128,64,fp32,112.20531463623048,False,NVIDIA_GeForce_RTX_4070_Ti_SUPER,16,
deit_base_patch16_224,224,16,bf16,37.820926666259766,False,NVIDIA_GeForce_RTX_4070_Ti_SUPER,16,
deit_base_patch16_224,224,16,fp16,37.59360122680664,False,NVIDIA_GeForce_RTX_4070_Ti_SUPER,16,
deit_base_patch16_224,224,16,fp32,94.9591064453125,False,NVIDIA_GeForce_RTX_4070_Ti_SUPER,16,
deit_base_patch16_224,224,32,bf16,68.42623901367188,False,NVIDIA_GeForce_RTX_4070_Ti_SUPER,16,
deit_base_patch16_224,224,32,fp16,68.07807922363281,False,NVIDIA_GeForce_RTX_4070_Ti_SUPER,16,
deit_base_patch16_224,224,32,fp32,184.03482055664065,False,NVIDIA_GeForce_RTX_4070_Ti_SUPER,16,
deit_base_patch16_224,224,64,bf16,135.1173095703125,False,NVIDIA_GeForce_RTX_4070_Ti_SUPER,16,
deit_base_patch16_224,224,64,fp16,134.43788146972656,False,NVIDIA_GeForce_RTX_4070_Ti_SUPER,16,
deit_base_patch16_224,224,64,fp32,350.5848388671875,False,NVIDIA_GeForce_RTX_4070_Ti_SUPER,16,
deit_small_patch16_224,64,16,bf16,4.413440227508545,False,NVIDIA_GeForce_RTX_4070_Ti_SUPER,16,
deit_small_patch16_224,64,16,fp16,4.414463996887207,False,NVIDIA_GeForce_RTX_4070_Ti_SUPER,16,
deit_small_patch16_224,64,16,fp32,5.754879951477051,False,NVIDIA_GeForce_RTX_4070_Ti_SUPER,16,
deit_small_patch16_224,64,32,bf16,5.311999797821045,False,NVIDIA_GeForce_RTX_4070_Ti_SUPER,16,
deit_small_patch16_224,64,32,fp16,5.297152042388916,False,NVIDIA_GeForce_RTX_4070_Ti_SUPER,16,
deit_small_patch16_224,64,32,fp32,8.135168075561523,False,NVIDIA_GeForce_RTX_4070_Ti_SUPER,16,
deit_small_patch16_224,64,64,bf16,7.297535896301269,False,NVIDIA_GeForce_RTX_4070_Ti_SUPER,16,
deit_small_patch16_224,64,64,fp16,7.265791893005371,False,NVIDIA_GeForce_RTX_4070_Ti_SUPER,16,
deit_small_patch16_224,64,64,fp32,12.528127670288086,False,NVIDIA_GeForce_RTX_4070_Ti_SUPER,16,
deit_small_patch16_224,128,16,bf16,6.7691521644592285,False,NVIDIA_GeForce_RTX_4070_Ti_SUPER,16,
deit_small_patch16_224,128,16,fp16,6.757887840270996,False,NVIDIA_GeForce_RTX_4070_Ti_SUPER,16,
deit_small_patch16_224,128,16,fp32,12.615167617797852,False,NVIDIA_GeForce_RTX_4070_Ti_SUPER,16,
deit_small_patch16_224,128,32,bf16,9.944064140319824,False,NVIDIA_GeForce_RTX_4070_Ti_SUPER,16,
deit_small_patch16_224,128,32,fp16,9.695232391357422,False,NVIDIA_GeForce_RTX_4070_Ti_SUPER,16,
deit_small_patch16_224,128,32,fp32,20.42472076416016,False,NVIDIA_GeForce_RTX_4070_Ti_SUPER,16,
deit_small_patch16_224,128,64,bf16,16.0184326171875,False,NVIDIA_GeForce_RTX_4070_Ti_SUPER,16,
deit_small_patch16_224,128,64,fp16,15.90783977508545,False,NVIDIA_GeForce_RTX_4070_Ti_SUPER,16,
deit_small_patch16_224,128,64,fp32,36.18150329589844,False,NVIDIA_GeForce_RTX_4070_Ti_SUPER,16,
deit_small_patch16_224,224,16,bf16,13.315584182739258,False,NVIDIA_GeForce_RTX_4070_Ti_SUPER,16,
deit_small_patch16_224,224,16,fp16,13.25107192993164,False,NVIDIA_GeForce_RTX_4070_Ti_SUPER,16,
deit_small_patch16_224,224,16,fp32,31.453184127807617,False,NVIDIA_GeForce_RTX_4070_Ti_SUPER,16,
deit_small_patch16_224,224,32,bf16,23.49465560913086,False,NVIDIA_GeForce_RTX_4070_Ti_SUPER,16,
deit_small_patch16_224,224,32,fp16,23.6943359375,False,NVIDIA_GeForce_RTX_4070_Ti_SUPER,16,
deit_small_patch16_224,224,32,fp32,59.15494537353516,False,NVIDIA_GeForce_RTX_4070_Ti_SUPER,16,
deit_small_patch16_224,224,64,bf16,44.32281494140625,False,NVIDIA_GeForce_RTX_4070_Ti_SUPER,16,
deit_small_patch16_224,224,64,fp16,43.93113708496094,False,NVIDIA_GeForce_RTX_4070_Ti_SUPER,16,
deit_small_patch16_224,224,64,fp32,118.9027862548828,False,NVIDIA_GeForce_RTX_4070_Ti_SUPER,16,
deit_tiny_patch16_224,64,16,bf16,2.356735944747925,False,NVIDIA_GeForce_RTX_4070_Ti_SUPER,16,
deit_tiny_patch16_224,64,16,fp16,2.274303913116455,False,NVIDIA_GeForce_RTX_4070_Ti_SUPER,16,
deit_tiny_patch16_224,64,16,fp32,2.713088035583496,False,NVIDIA_GeForce_RTX_4070_Ti_SUPER,16,
deit_tiny_patch16_224,64,32,bf16,2.8569600582122803,False,NVIDIA_GeForce_RTX_4070_Ti_SUPER,16,
deit_tiny_patch16_224,64,32,fp16,2.8190720081329346,False,NVIDIA_GeForce_RTX_4070_Ti_SUPER,16,
deit_tiny_patch16_224,64,32,fp32,3.703808069229126,False,NVIDIA_GeForce_RTX_4070_Ti_SUPER,16,
deit_tiny_patch16_224,64,64,bf16,3.4539520740509038,False,NVIDIA_GeForce_RTX_4070_Ti_SUPER,16,
deit_tiny_patch16_224,64,64,fp16,3.44268798828125,False,NVIDIA_GeForce_RTX_4070_Ti_SUPER,16,
deit_tiny_patch16_224,64,64,fp32,5.222911834716797,False,NVIDIA_GeForce_RTX_4070_Ti_SUPER,16,
deit_tiny_patch16_224,128,16,bf16,3.2122879028320312,False,NVIDIA_GeForce_RTX_4070_Ti_SUPER,16,
deit_tiny_patch16_224,128,16,fp16,3.2092161178588867,False,NVIDIA_GeForce_RTX_4070_Ti_SUPER,16,
deit_tiny_patch16_224,128,16,fp32,5.2894721031188965,False,NVIDIA_GeForce_RTX_4070_Ti_SUPER,16,
deit_tiny_patch16_224,128,32,bf16,4.684288024902344,False,NVIDIA_GeForce_RTX_4070_Ti_SUPER,16,
deit_tiny_patch16_224,128,32,fp16,4.6781439781188965,False,NVIDIA_GeForce_RTX_4070_Ti_SUPER,16,
deit_tiny_patch16_224,128,32,fp32,8.241151809692383,False,NVIDIA_GeForce_RTX_4070_Ti_SUPER,16,
deit_tiny_patch16_224,128,64,bf16,6.941696166992188,False,NVIDIA_GeForce_RTX_4070_Ti_SUPER,16,
deit_tiny_patch16_224,128,64,fp16,6.903295993804932,False,NVIDIA_GeForce_RTX_4070_Ti_SUPER,16,
deit_tiny_patch16_224,128,64,fp32,14.514687538146973,False,NVIDIA_GeForce_RTX_4070_Ti_SUPER,16,
deit_tiny_patch16_224,224,16,bf16,6.290431976318359,False,NVIDIA_GeForce_RTX_4070_Ti_SUPER,16,
deit_tiny_patch16_224,224,16,fp16,6.277120113372803,False,NVIDIA_GeForce_RTX_4070_Ti_SUPER,16,
deit_tiny_patch16_224,224,16,fp32,12.494336128234863,False,NVIDIA_GeForce_RTX_4070_Ti_SUPER,16,
deit_tiny_patch16_224,224,32,bf16,10.472448348999023,False,NVIDIA_GeForce_RTX_4070_Ti_SUPER,16,
deit_tiny_patch16_224,224,32,fp16,10.41100788116455,False,NVIDIA_GeForce_RTX_4070_Ti_SUPER,16,
deit_tiny_patch16_224,224,32,fp32,23.153663635253903,False,NVIDIA_GeForce_RTX_4070_Ti_SUPER,16,
deit_tiny_patch16_224,224,64,bf16,18.71104049682617,False,NVIDIA_GeForce_RTX_4070_Ti_SUPER,16,
deit_tiny_patch16_224,224,64,fp16,18.53286361694336,False,NVIDIA_GeForce_RTX_4070_Ti_SUPER,16,
deit_tiny_patch16_224,224,64,fp32,45.437950134277344,False,NVIDIA_GeForce_RTX_4070_Ti_SUPER,16,
densenet121,64,16,bf16,7.115776062011719,False,NVIDIA_GeForce_RTX_4070_Ti_SUPER,16,
densenet121,64,16,fp16,7.24838399887085,False,NVIDIA_GeForce_RTX_4070_Ti_SUPER,16,
densenet121,64,16,fp32,7.6175360679626465,False,NVIDIA_GeForce_RTX_4070_Ti_SUPER,16,
densenet121,64,32,bf16,8.763903617858887,False,NVIDIA_GeForce_RTX_4070_Ti_SUPER,16,
densenet121,64,32,fp16,9.12230396270752,False,NVIDIA_GeForce_RTX_4070_Ti_SUPER,16,
densenet121,64,32,fp32,10.044927597045898,False,NVIDIA_GeForce_RTX_4070_Ti_SUPER,16,
densenet121,64,64,bf16,12.509183883666992,False,NVIDIA_GeForce_RTX_4070_Ti_SUPER,16,
densenet121,64,64,fp16,11.529215812683104,False,NVIDIA_GeForce_RTX_4070_Ti_SUPER,16,
densenet121,64,64,fp32,15.012351989746094,False,NVIDIA_GeForce_RTX_4070_Ti_SUPER,16,
densenet121,128,16,bf16,9.950207710266112,False,NVIDIA_GeForce_RTX_4070_Ti_SUPER,16,
densenet121,128,16,fp16,9.240575790405272,False,NVIDIA_GeForce_RTX_4070_Ti_SUPER,16,
densenet121,128,16,fp32,12.027392387390137,False,NVIDIA_GeForce_RTX_4070_Ti_SUPER,16,
densenet121,128,32,bf16,14.964223861694336,False,NVIDIA_GeForce_RTX_4070_Ti_SUPER,16,
densenet121,128,32,fp16,13.84499168395996,False,NVIDIA_GeForce_RTX_4070_Ti_SUPER,16,
densenet121,128,32,fp32,21.5413761138916,False,NVIDIA_GeForce_RTX_4070_Ti_SUPER,16,
densenet121,128,64,bf16,26.74073600769043,False,NVIDIA_GeForce_RTX_4070_Ti_SUPER,16,
densenet121,128,64,fp16,23.74297523498535,False,NVIDIA_GeForce_RTX_4070_Ti_SUPER,16,
densenet121,128,64,fp32,44.92236709594727,False,NVIDIA_GeForce_RTX_4070_Ti_SUPER,16,
densenet121,224,16,bf16,20.64179229736328,False,NVIDIA_GeForce_RTX_4070_Ti_SUPER,16,
densenet121,224,16,fp16,18.375680923461918,False,NVIDIA_GeForce_RTX_4070_Ti_SUPER,16,
densenet121,224,16,fp32,32.35942459106445,False,NVIDIA_GeForce_RTX_4070_Ti_SUPER,16,
densenet121,224,32,bf16,40.37273788452149,False,NVIDIA_GeForce_RTX_4070_Ti_SUPER,16,
densenet121,224,32,fp16,36.04377746582031,False,NVIDIA_GeForce_RTX_4070_Ti_SUPER,16,
densenet121,224,32,fp32,70.37696075439453,False,NVIDIA_GeForce_RTX_4070_Ti_SUPER,16,
densenet121,224,64,bf16,84.46822357177734,False,NVIDIA_GeForce_RTX_4070_Ti_SUPER,16,
densenet121,224,64,fp16,75.10934448242188,False,NVIDIA_GeForce_RTX_4070_Ti_SUPER,16,
densenet121,224,64,fp32,150.3390655517578,False,NVIDIA_GeForce_RTX_4070_Ti_SUPER,16,
dm_nfnet_f1,64,16,bf16,33.74028778076172,False,NVIDIA_GeForce_RTX_4070_Ti_SUPER,16,
dm_nfnet_f1,64,16,fp16,34.43094253540039,False,NVIDIA_GeForce_RTX_4070_Ti_SUPER,16,
dm_nfnet_f1,64,16,fp32,39.52827072143555,False,NVIDIA_GeForce_RTX_4070_Ti_SUPER,16,
dm_nfnet_f1,64,32,bf16,48.03782272338867,False,NVIDIA_GeForce_RTX_4070_Ti_SUPER,16,
dm_nfnet_f1,64,32,fp16,48.08848190307617,False,NVIDIA_GeForce_RTX_4070_Ti_SUPER,16,
dm_nfnet_f1,64,32,fp32,51.84000015258789,False,NVIDIA_GeForce_RTX_4070_Ti_SUPER,16,
dm_nfnet_f1,64,64,bf16,39.057376861572266,False,NVIDIA_GeForce_RTX_4070_Ti_SUPER,16,
dm_nfnet_f1,64,64,fp16,39.1383056640625,False,NVIDIA_GeForce_RTX_4070_Ti_SUPER,16,
dm_nfnet_f1,64,64,fp32,78.5054702758789,False,NVIDIA_GeForce_RTX_4070_Ti_SUPER,16,
dm_nfnet_f1,128,16,bf16,43.501007080078125,False,NVIDIA_GeForce_RTX_4070_Ti_SUPER,16,
dm_nfnet_f1,128,16,fp16,43.7918701171875,False,NVIDIA_GeForce_RTX_4070_Ti_SUPER,16,
dm_nfnet_f1,128,16,fp32,56.880638122558594,False,NVIDIA_GeForce_RTX_4070_Ti_SUPER,16,
dm_nfnet_f1,128,32,bf16,68.0074691772461,False,NVIDIA_GeForce_RTX_4070_Ti_SUPER,16,
dm_nfnet_f1,128,32,fp16,68.18510437011719,False,NVIDIA_GeForce_RTX_4070_Ti_SUPER,16,
dm_nfnet_f1,128,32,fp32,96.5923843383789,False,NVIDIA_GeForce_RTX_4070_Ti_SUPER,16,
dm_nfnet_f1,128,64,bf16,83.94188690185547,False,NVIDIA_GeForce_RTX_4070_Ti_SUPER,16,
dm_nfnet_f1,128,64,fp16,83.62649536132812,False,NVIDIA_GeForce_RTX_4070_Ti_SUPER,16,
dm_nfnet_f1,128,64,fp32,181.3463897705078,False,NVIDIA_GeForce_RTX_4070_Ti_SUPER,16,
dm_nfnet_f1,224,16,bf16,75.58656311035156,False,NVIDIA_GeForce_RTX_4070_Ti_SUPER,16,
dm_nfnet_f1,224,16,fp16,75.08121490478516,False,NVIDIA_GeForce_RTX_4070_Ti_SUPER,16,
dm_nfnet_f1,224,16,fp32,137.07212829589844,False,NVIDIA_GeForce_RTX_4070_Ti_SUPER,16,
dm_nfnet_f1,224,32,bf16,143.03334045410156,False,NVIDIA_GeForce_RTX_4070_Ti_SUPER,16,
dm_nfnet_f1,224,32,fp16,142.0436553955078,False,NVIDIA_GeForce_RTX_4070_Ti_SUPER,16,
dm_nfnet_f1,224,32,fp32,273.0137634277344,False,NVIDIA_GeForce_RTX_4070_Ti_SUPER,16,
dm_nfnet_f1,224,64,bf16,249.86767578125,False,NVIDIA_GeForce_RTX_4070_Ti_SUPER,16,
dm_nfnet_f1,224,64,fp16,248.25656127929688,False,NVIDIA_GeForce_RTX_4070_Ti_SUPER,16,
dm_nfnet_f1,224,64,fp32,,True,NVIDIA_GeForce_RTX_4070_Ti_SUPER,16,
efficientnet_b0,64,16,bf16,4.998144149780273,False,NVIDIA_GeForce_RTX_4070_Ti_SUPER,16,
efficientnet_b0,64,16,fp16,4.640768051147461,False,NVIDIA_GeForce_RTX_4070_Ti_SUPER,16,
efficientnet_b0,64,16,fp32,4.490240097045898,False,NVIDIA_GeForce_RTX_4070_Ti_SUPER,16,
efficientnet_b0,64,32,bf16,6.452223777770996,False,NVIDIA_GeForce_RTX_4070_Ti_SUPER,16,
efficientnet_b0,64,32,fp16,5.715456008911133,False,NVIDIA_GeForce_RTX_4070_Ti_SUPER,16,
efficientnet_b0,64,32,fp32,5.853184223175049,False,NVIDIA_GeForce_RTX_4070_Ti_SUPER,16,
efficientnet_b0,64,64,bf16,8.787967681884766,False,NVIDIA_GeForce_RTX_4070_Ti_SUPER,16,
efficientnet_b0,64,64,fp16,7.733248233795166,False,NVIDIA_GeForce_RTX_4070_Ti_SUPER,16,
efficientnet_b0,64,64,fp32,8.839167594909668,False,NVIDIA_GeForce_RTX_4070_Ti_SUPER,16,
efficientnet_b0,128,16,bf16,7.096320152282715,False,NVIDIA_GeForce_RTX_4070_Ti_SUPER,16,
efficientnet_b0,128,16,fp16,6.535168170928955,False,NVIDIA_GeForce_RTX_4070_Ti_SUPER,16,
efficientnet_b0,128,16,fp32,6.867455959320068,False,NVIDIA_GeForce_RTX_4070_Ti_SUPER,16,
efficientnet_b0,128,32,bf16,10.952704429626465,False,NVIDIA_GeForce_RTX_4070_Ti_SUPER,16,
efficientnet_b0,128,32,fp16,9.757184028625488,False,NVIDIA_GeForce_RTX_4070_Ti_SUPER,16,
efficientnet_b0,128,32,fp32,11.611136436462402,False,NVIDIA_GeForce_RTX_4070_Ti_SUPER,16,
efficientnet_b0,128,64,bf16,17.162752151489258,False,NVIDIA_GeForce_RTX_4070_Ti_SUPER,16,
efficientnet_b0,128,64,fp16,13.812735557556152,False,NVIDIA_GeForce_RTX_4070_Ti_SUPER,16,
efficientnet_b0,128,64,fp32,23.79212760925293,False,NVIDIA_GeForce_RTX_4070_Ti_SUPER,16,
efficientnet_b0,224,16,bf16,12.997119903564451,False,NVIDIA_GeForce_RTX_4070_Ti_SUPER,16,
efficientnet_b0,224,16,fp16,10.475520133972168,False,NVIDIA_GeForce_RTX_4070_Ti_SUPER,16,
efficientnet_b0,224,16,fp32,17.24723243713379,False,NVIDIA_GeForce_RTX_4070_Ti_SUPER,16,
efficientnet_b0,224,32,bf16,24.83456039428711,False,NVIDIA_GeForce_RTX_4070_Ti_SUPER,16,
efficientnet_b0,224,32,fp16,19.20716857910156,False,NVIDIA_GeForce_RTX_4070_Ti_SUPER,16,
efficientnet_b0,224,32,fp32,36.30643081665039,False,NVIDIA_GeForce_RTX_4070_Ti_SUPER,16,
efficientnet_b0,224,64,bf16,51.61779022216797,False,NVIDIA_GeForce_RTX_4070_Ti_SUPER,16,
efficientnet_b0,224,64,fp16,40.25804901123047,False,NVIDIA_GeForce_RTX_4070_Ti_SUPER,16,
efficientnet_b0,224,64,fp32,76.81791687011719,False,NVIDIA_GeForce_RTX_4070_Ti_SUPER,16,
efficientnet_b3,64,16,bf16,9.257984161376951,False,NVIDIA_GeForce_RTX_4070_Ti_SUPER,16,
efficientnet_b3,64,16,fp16,8.536576271057129,False,NVIDIA_GeForce_RTX_4070_Ti_SUPER,16,
efficientnet_b3,64,16,fp32,8.921600341796875,False,NVIDIA_GeForce_RTX_4070_Ti_SUPER,16,
efficientnet_b3,64,32,bf16,11.779071807861328,False,NVIDIA_GeForce_RTX_4070_Ti_SUPER,16,
efficientnet_b3,64,32,fp16,10.52569580078125,False,NVIDIA_GeForce_RTX_4070_Ti_SUPER,16,
efficientnet_b3,64,32,fp32,11.92089557647705,False,NVIDIA_GeForce_RTX_4070_Ti_SUPER,16,
efficientnet_b3,64,64,bf16,16.81920051574707,False,NVIDIA_GeForce_RTX_4070_Ti_SUPER,16,
efficientnet_b3,64,64,fp16,14.631936073303224,False,NVIDIA_GeForce_RTX_4070_Ti_SUPER,16,
efficientnet_b3,64,64,fp32,18.34239959716797,False,NVIDIA_GeForce_RTX_4070_Ti_SUPER,16,
efficientnet_b3,128,16,bf16,13.010432243347168,False,NVIDIA_GeForce_RTX_4070_Ti_SUPER,16,
efficientnet_b3,128,16,fp16,11.092991828918455,False,NVIDIA_GeForce_RTX_4070_Ti_SUPER,16,
efficientnet_b3,128,16,fp32,14.000127792358398,False,NVIDIA_GeForce_RTX_4070_Ti_SUPER,16,
efficientnet_b3,128,32,bf16,20.13695907592773,False,NVIDIA_GeForce_RTX_4070_Ti_SUPER,16,
efficientnet_b3,128,32,fp16,16.758272171020508,False,NVIDIA_GeForce_RTX_4070_Ti_SUPER,16,
efficientnet_b3,128,32,fp32,24.216064453125,False,NVIDIA_GeForce_RTX_4070_Ti_SUPER,16,
efficientnet_b3,128,64,bf16,33.69011306762695,False,NVIDIA_GeForce_RTX_4070_Ti_SUPER,16,
efficientnet_b3,128,64,fp16,27.066368103027344,False,NVIDIA_GeForce_RTX_4070_Ti_SUPER,16,
efficientnet_b3,128,64,fp32,49.4463996887207,False,NVIDIA_GeForce_RTX_4070_Ti_SUPER,16,
efficientnet_b3,224,16,bf16,24.925695419311523,False,NVIDIA_GeForce_RTX_4070_Ti_SUPER,16,
efficientnet_b3,224,16,fp16,18.835968017578125,False,NVIDIA_GeForce_RTX_4070_Ti_SUPER,16,
efficientnet_b3,224,16,fp32,35.664894104003906,False,NVIDIA_GeForce_RTX_4070_Ti_SUPER,16,
efficientnet_b3,224,32,bf16,49.27027130126953,False,NVIDIA_GeForce_RTX_4070_Ti_SUPER,16,
efficientnet_b3,224,32,fp16,37.60025787353516,False,NVIDIA_GeForce_RTX_4070_Ti_SUPER,16,
efficientnet_b3,224,32,fp32,74.09458923339844,False,NVIDIA_GeForce_RTX_4070_Ti_SUPER,16,
efficientnet_b3,224,64,bf16,99.9889907836914,False,NVIDIA_GeForce_RTX_4070_Ti_SUPER,16,
efficientnet_b3,224,64,fp16,78.04518127441406,False,NVIDIA_GeForce_RTX_4070_Ti_SUPER,16,
efficientnet_b3,224,64,fp32,156.08370971679688,False,NVIDIA_GeForce_RTX_4070_Ti_SUPER,16,
efficientnet_b5,64,16,bf16,16.276992797851562,False,NVIDIA_GeForce_RTX_4070_Ti_SUPER,16,
efficientnet_b5,64,16,fp16,14.830592155456545,False,NVIDIA_GeForce_RTX_4070_Ti_SUPER,16,
efficientnet_b5,64,16,fp32,17.33580780029297,False,NVIDIA_GeForce_RTX_4070_Ti_SUPER,16,
efficientnet_b5,64,32,bf16,20.93670463562012,False,NVIDIA_GeForce_RTX_4070_Ti_SUPER,16,
efficientnet_b5,64,32,fp16,18.307071685791016,False,NVIDIA_GeForce_RTX_4070_Ti_SUPER,16,
efficientnet_b5,64,32,fp32,23.28268814086914,False,NVIDIA_GeForce_RTX_4070_Ti_SUPER,16,
efficientnet_b5,64,64,bf16,30.69286346435547,False,NVIDIA_GeForce_RTX_4070_Ti_SUPER,16,
efficientnet_b5,64,64,fp16,25.739776611328125,False,NVIDIA_GeForce_RTX_4070_Ti_SUPER,16,
efficientnet_b5,64,64,fp32,35.98438262939453,False,NVIDIA_GeForce_RTX_4070_Ti_SUPER,16,
efficientnet_b5,128,16,bf16,22.65497589111328,False,NVIDIA_GeForce_RTX_4070_Ti_SUPER,16,
efficientnet_b5,128,16,fp16,18.572799682617188,False,NVIDIA_GeForce_RTX_4070_Ti_SUPER,16,
efficientnet_b5,128,16,fp32,26.49139213562012,False,NVIDIA_GeForce_RTX_4070_Ti_SUPER,16,
efficientnet_b5,128,32,bf16,34.79859161376953,False,NVIDIA_GeForce_RTX_4070_Ti_SUPER,16,
efficientnet_b5,128,32,fp16,27.65465545654297,False,NVIDIA_GeForce_RTX_4070_Ti_SUPER,16,
efficientnet_b5,128,32,fp32,46.50035095214844,False,NVIDIA_GeForce_RTX_4070_Ti_SUPER,16,
efficientnet_b5,128,64,bf16,63.61190414428711,False,NVIDIA_GeForce_RTX_4070_Ti_SUPER,16,
efficientnet_b5,128,64,fp16,50.24051284790039,False,NVIDIA_GeForce_RTX_4070_Ti_SUPER,16,
efficientnet_b5,128,64,fp32,94.91712188720705,False,NVIDIA_GeForce_RTX_4070_Ti_SUPER,16,
efficientnet_b5,224,16,bf16,46.28326416015625,False,NVIDIA_GeForce_RTX_4070_Ti_SUPER,16,
efficientnet_b5,224,16,fp16,34.62809753417969,False,NVIDIA_GeForce_RTX_4070_Ti_SUPER,16,
efficientnet_b5,224,16,fp32,67.54354858398438,False,NVIDIA_GeForce_RTX_4070_Ti_SUPER,16,
efficientnet_b5,224,32,bf16,92.0780792236328,False,NVIDIA_GeForce_RTX_4070_Ti_SUPER,16,
efficientnet_b5,224,32,fp16,69.2305908203125,False,NVIDIA_GeForce_RTX_4070_Ti_SUPER,16,
efficientnet_b5,224,32,fp32,141.09951782226562,False,NVIDIA_GeForce_RTX_4070_Ti_SUPER,16,
efficientnet_b5,224,64,bf16,188.02227783203125,False,NVIDIA_GeForce_RTX_4070_Ti_SUPER,16,
efficientnet_b5,224,64,fp16,144.0184326171875,False,NVIDIA_GeForce_RTX_4070_Ti_SUPER,16,
efficientnet_b5,224,64,fp32,,True,NVIDIA_GeForce_RTX_4070_Ti_SUPER,16,
efficientnetv2_l,64,16,bf16,38.090240478515625,False,NVIDIA_GeForce_RTX_4070_Ti_SUPER,16,
efficientnetv2_l,64,16,fp16,37.285888671875,False,NVIDIA_GeForce_RTX_4070_Ti_SUPER,16,
efficientnetv2_l,64,16,fp32,49.47711944580078,False,NVIDIA_GeForce_RTX_4070_Ti_SUPER,16,
efficientnetv2_l,64,32,bf16,47.04921722412109,False,NVIDIA_GeForce_RTX_4070_Ti_SUPER,16,
efficientnetv2_l,64,32,fp16,44.12364959716797,False,NVIDIA_GeForce_RTX_4070_Ti_SUPER,16,
efficientnetv2_l,64,32,fp32,64.40550231933594,False,NVIDIA_GeForce_RTX_4070_Ti_SUPER,16,
efficientnetv2_l,64,64,bf16,62.14144134521485,False,NVIDIA_GeForce_RTX_4070_Ti_SUPER,16,
efficientnetv2_l,64,64,fp16,55.20742416381836,False,NVIDIA_GeForce_RTX_4070_Ti_SUPER,16,
efficientnetv2_l,64,64,fp32,90.9332504272461,False,NVIDIA_GeForce_RTX_4070_Ti_SUPER,16,
efficientnetv2_l,128,16,bf16,48.27494430541992,False,NVIDIA_GeForce_RTX_4070_Ti_SUPER,16,
efficientnetv2_l,128,16,fp16,44.7119369506836,False,NVIDIA_GeForce_RTX_4070_Ti_SUPER,16,
efficientnetv2_l,128,16,fp32,62.59455871582031,False,NVIDIA_GeForce_RTX_4070_Ti_SUPER,16,
efficientnetv2_l,128,32,bf16,68.48255920410156,False,NVIDIA_GeForce_RTX_4070_Ti_SUPER,16,
efficientnetv2_l,128,32,fp16,60.74726486206055,False,NVIDIA_GeForce_RTX_4070_Ti_SUPER,16,
efficientnetv2_l,128,32,fp32,94.60991668701172,False,NVIDIA_GeForce_RTX_4070_Ti_SUPER,16,
efficientnetv2_l,128,64,bf16,113.7623062133789,False,NVIDIA_GeForce_RTX_4070_Ti_SUPER,16,
efficientnetv2_l,128,64,fp16,97.54163360595705,False,NVIDIA_GeForce_RTX_4070_Ti_SUPER,16,
efficientnetv2_l,128,64,fp32,169.68243408203125,False,NVIDIA_GeForce_RTX_4070_Ti_SUPER,16,
efficientnetv2_l,224,16,bf16,81.6153564453125,False,NVIDIA_GeForce_RTX_4070_Ti_SUPER,16,
efficientnetv2_l,224,16,fp16,66.89894104003906,False,NVIDIA_GeForce_RTX_4070_Ti_SUPER,16,
efficientnetv2_l,224,16,fp32,120.0732192993164,False,NVIDIA_GeForce_RTX_4070_Ti_SUPER,16,
efficientnetv2_l,224,32,bf16,147.4319305419922,False,NVIDIA_GeForce_RTX_4070_Ti_SUPER,16,
efficientnetv2_l,224,32,fp16,119.87097930908205,False,NVIDIA_GeForce_RTX_4070_Ti_SUPER,16,
efficientnetv2_l,224,32,fp32,,True,NVIDIA_GeForce_RTX_4070_Ti_SUPER,16,
efficientnetv2_l,224,64,bf16,,True,NVIDIA_GeForce_RTX_4070_Ti_SUPER,16,
efficientnetv2_l,224,64,fp16,,True,NVIDIA_GeForce_RTX_4070_Ti_SUPER,16,
efficientnetv2_l,224,64,fp32,,True,NVIDIA_GeForce_RTX_4070_Ti_SUPER,16,
efficientnetv2_m,64,16,bf16,23.07379150390625,False,NVIDIA_GeForce_RTX_4070_Ti_SUPER,16,
efficientnetv2_m,64,16,fp16,21.511680603027344,False,NVIDIA_GeForce_RTX_4070_Ti_SUPER,16,
efficientnetv2_m,64,16,fp32,25.25132751464844,False,NVIDIA_GeForce_RTX_4070_Ti_SUPER,16,
efficientnetv2_m,64,32,bf16,29.112831115722656,False,NVIDIA_GeForce_RTX_4070_Ti_SUPER,16,
efficientnetv2_m,64,32,fp16,26.177536010742188,False,NVIDIA_GeForce_RTX_4070_Ti_SUPER,16,
efficientnetv2_m,64,32,fp32,32.310272216796875,False,NVIDIA_GeForce_RTX_4070_Ti_SUPER,16,
efficientnetv2_m,64,64,bf16,39.680511474609375,False,NVIDIA_GeForce_RTX_4070_Ti_SUPER,16,
efficientnetv2_m,64,64,fp16,34.261505126953125,False,NVIDIA_GeForce_RTX_4070_Ti_SUPER,16,
efficientnetv2_m,64,64,fp32,46.96934509277344,False,NVIDIA_GeForce_RTX_4070_Ti_SUPER,16,
efficientnetv2_m,128,16,bf16,29.030912399291992,False,NVIDIA_GeForce_RTX_4070_Ti_SUPER,16,
efficientnetv2_m,128,16,fp16,26.06540870666504,False,NVIDIA_GeForce_RTX_4070_Ti_SUPER,16,
efficientnetv2_m,128,16,fp32,32.83967971801758,False,NVIDIA_GeForce_RTX_4070_Ti_SUPER,16,
efficientnetv2_m,128,32,bf16,40.44953536987305,False,NVIDIA_GeForce_RTX_4070_Ti_SUPER,16,
efficientnetv2_m,128,32,fp16,35.01055908203125,False,NVIDIA_GeForce_RTX_4070_Ti_SUPER,16,
efficientnetv2_m,128,32,fp32,49.74335861206055,False,NVIDIA_GeForce_RTX_4070_Ti_SUPER,16,
efficientnetv2_m,128,64,bf16,61.968894958496094,False,NVIDIA_GeForce_RTX_4070_Ti_SUPER,16,
efficientnetv2_m,128,64,fp16,52.21836853027344,False,NVIDIA_GeForce_RTX_4070_Ti_SUPER,16,
efficientnetv2_m,128,64,fp32,88.3763198852539,False,NVIDIA_GeForce_RTX_4070_Ti_SUPER,16,
efficientnetv2_m,224,16,bf16,46.03289413452149,False,NVIDIA_GeForce_RTX_4070_Ti_SUPER,16,
efficientnetv2_m,224,16,fp16,36.940799713134766,False,NVIDIA_GeForce_RTX_4070_Ti_SUPER,16,
efficientnetv2_m,224,16,fp32,62.79628753662109,False,NVIDIA_GeForce_RTX_4070_Ti_SUPER,16,
efficientnetv2_m,224,32,bf16,80.7557144165039,False,NVIDIA_GeForce_RTX_4070_Ti_SUPER,16,
efficientnetv2_m,224,32,fp16,63.929344177246094,False,NVIDIA_GeForce_RTX_4070_Ti_SUPER,16,
efficientnetv2_m,224,32,fp32,123.48313903808594,False,NVIDIA_GeForce_RTX_4070_Ti_SUPER,16,
efficientnetv2_m,224,64,bf16,159.95802307128906,False,NVIDIA_GeForce_RTX_4070_Ti_SUPER,16,
efficientnetv2_m,224,64,fp16,128.3240966796875,False,NVIDIA_GeForce_RTX_4070_Ti_SUPER,16,
efficientnetv2_m,224,64,fp32,,True,NVIDIA_GeForce_RTX_4070_Ti_SUPER,16,
efficientnetv2_s,64,16,bf16,12.481023788452148,False,NVIDIA_GeForce_RTX_4070_Ti_SUPER,16,
efficientnetv2_s,64,16,fp16,11.950592041015623,False,NVIDIA_GeForce_RTX_4070_Ti_SUPER,16,
efficientnetv2_s,64,16,fp32,12.859392166137695,False,NVIDIA_GeForce_RTX_4070_Ti_SUPER,16,
efficientnetv2_s,64,32,bf16,15.011839866638184,False,NVIDIA_GeForce_RTX_4070_Ti_SUPER,16,
efficientnetv2_s,64,32,fp16,13.821439743041992,False,NVIDIA_GeForce_RTX_4070_Ti_SUPER,16,
efficientnetv2_s,64,32,fp32,16.334848403930664,False,NVIDIA_GeForce_RTX_4070_Ti_SUPER,16,
efficientnetv2_s,64,64,bf16,20.66022491455078,False,NVIDIA_GeForce_RTX_4070_Ti_SUPER,16,
efficientnetv2_s,64,64,fp16,18.6296329498291,False,NVIDIA_GeForce_RTX_4070_Ti_SUPER,16,
efficientnetv2_s,64,64,fp32,22.60428810119629,False,NVIDIA_GeForce_RTX_4070_Ti_SUPER,16,
efficientnetv2_s,128,16,bf16,15.932415962219238,False,NVIDIA_GeForce_RTX_4070_Ti_SUPER,16,
efficientnetv2_s,128,16,fp16,14.316543579101562,False,NVIDIA_GeForce_RTX_4070_Ti_SUPER,16,
efficientnetv2_s,128,16,fp32,17.572351455688477,False,NVIDIA_GeForce_RTX_4070_Ti_SUPER,16,
efficientnetv2_s,128,32,bf16,21.87529563903809,False,NVIDIA_GeForce_RTX_4070_Ti_SUPER,16,
efficientnetv2_s,128,32,fp16,18.78118324279785,False,NVIDIA_GeForce_RTX_4070_Ti_SUPER,16,
efficientnetv2_s,128,32,fp32,26.679807662963867,False,NVIDIA_GeForce_RTX_4070_Ti_SUPER,16,
efficientnetv2_s,128,64,bf16,34.77248001098633,False,NVIDIA_GeForce_RTX_4070_Ti_SUPER,16,
efficientnetv2_s,128,64,fp16,28.799999237060547,False,NVIDIA_GeForce_RTX_4070_Ti_SUPER,16,
efficientnetv2_s,128,64,fp32,47.30163192749024,False,NVIDIA_GeForce_RTX_4070_Ti_SUPER,16,
efficientnetv2_s,224,16,bf16,26.708480834960938,False,NVIDIA_GeForce_RTX_4070_Ti_SUPER,16,
efficientnetv2_s,224,16,fp16,21.627904891967773,False,NVIDIA_GeForce_RTX_4070_Ti_SUPER,16,
efficientnetv2_s,224,16,fp32,34.90099334716797,False,NVIDIA_GeForce_RTX_4070_Ti_SUPER,16,
efficientnetv2_s,224,32,bf16,47.67180633544922,False,NVIDIA_GeForce_RTX_4070_Ti_SUPER,16,
efficientnetv2_s,224,32,fp16,38.02521514892578,False,NVIDIA_GeForce_RTX_4070_Ti_SUPER,16,
efficientnetv2_s,224,32,fp32,69.15174102783203,False,NVIDIA_GeForce_RTX_4070_Ti_SUPER,16,
efficientnetv2_s,224,64,bf16,96.5734405517578,False,NVIDIA_GeForce_RTX_4070_Ti_SUPER,16,
efficientnetv2_s,224,64,fp16,78.84288024902344,False,NVIDIA_GeForce_RTX_4070_Ti_SUPER,16,
efficientnetv2_s,224,64,fp32,149.0636749267578,False,NVIDIA_GeForce_RTX_4070_Ti_SUPER,16,
fastvit_t12,64,16,bf16,5.644288063049316,False,NVIDIA_GeForce_RTX_4070_Ti_SUPER,16,
fastvit_t12,64,16,fp16,5.3632001876831055,False,NVIDIA_GeForce_RTX_4070_Ti_SUPER,16,
fastvit_t12,64,16,fp32,5.429247856140137,False,NVIDIA_GeForce_RTX_4070_Ti_SUPER,16,
fastvit_t12,64,32,bf16,7.234560012817383,False,NVIDIA_GeForce_RTX_4070_Ti_SUPER,16,
fastvit_t12,64,32,fp16,6.713344097137451,False,NVIDIA_GeForce_RTX_4070_Ti_SUPER,16,
fastvit_t12,64,32,fp32,7.48748779296875,False,NVIDIA_GeForce_RTX_4070_Ti_SUPER,16,
fastvit_t12,64,64,bf16,10.896896362304688,False,NVIDIA_GeForce_RTX_4070_Ti_SUPER,16,
fastvit_t12,64,64,fp16,9.90822410583496,False,NVIDIA_GeForce_RTX_4070_Ti_SUPER,16,
fastvit_t12,64,64,fp32,11.487232208251951,False,NVIDIA_GeForce_RTX_4070_Ti_SUPER,16,
fastvit_t12,128,16,bf16,8.626175880432129,False,NVIDIA_GeForce_RTX_4070_Ti_SUPER,16,
fastvit_t12,128,16,fp16,8.398336410522461,False,NVIDIA_GeForce_RTX_4070_Ti_SUPER,16,
fastvit_t12,128,16,fp32,9.084927558898926,False,NVIDIA_GeForce_RTX_4070_Ti_SUPER,16,
fastvit_t12,128,32,bf16,14.105600357055664,False,NVIDIA_GeForce_RTX_4070_Ti_SUPER,16,
fastvit_t12,128,32,fp16,13.210111618041992,False,NVIDIA_GeForce_RTX_4070_Ti_SUPER,16,
fastvit_t12,128,32,fp32,16.365055084228516,False,NVIDIA_GeForce_RTX_4070_Ti_SUPER,16,
fastvit_t12,128,64,bf16,27.29727935791016,False,NVIDIA_GeForce_RTX_4070_Ti_SUPER,16,
fastvit_t12,128,64,fp16,24.76595115661621,False,NVIDIA_GeForce_RTX_4070_Ti_SUPER,16,
fastvit_t12,128,64,fp32,31.828479766845703,False,NVIDIA_GeForce_RTX_4070_Ti_SUPER,16,
fastvit_t12,224,16,bf16,19.549184799194336,False,NVIDIA_GeForce_RTX_4070_Ti_SUPER,16,
fastvit_t12,224,16,fp16,17.287168502807617,False,NVIDIA_GeForce_RTX_4070_Ti_SUPER,16,
fastvit_t12,224,16,fp32,22.839296340942383,False,NVIDIA_GeForce_RTX_4070_Ti_SUPER,16,
fastvit_t12,224,32,bf16,39.07379150390625,False,NVIDIA_GeForce_RTX_4070_Ti_SUPER,16,
fastvit_t12,224,32,fp16,34.9747200012207,False,NVIDIA_GeForce_RTX_4070_Ti_SUPER,16,
fastvit_t12,224,32,fp32,49.450496673583984,False,NVIDIA_GeForce_RTX_4070_Ti_SUPER,16,
fastvit_t12,224,64,bf16,84.25113677978516,False,NVIDIA_GeForce_RTX_4070_Ti_SUPER,16,
fastvit_t12,224,64,fp16,76.07347106933594,False,NVIDIA_GeForce_RTX_4070_Ti_SUPER,16,
fastvit_t12,224,64,fp32,108.25164794921876,False,NVIDIA_GeForce_RTX_4070_Ti_SUPER,16,
fastvit_t8,64,16,bf16,4.975615978240967,False,NVIDIA_GeForce_RTX_4070_Ti_SUPER,16,
fastvit_t8,64,16,fp16,4.194816112518311,False,NVIDIA_GeForce_RTX_4070_Ti_SUPER,16,
fastvit_t8,64,16,fp32,3.9423999786376953,False,NVIDIA_GeForce_RTX_4070_Ti_SUPER,16,
fastvit_t8,64,32,bf16,5.606400012969971,False,NVIDIA_GeForce_RTX_4070_Ti_SUPER,16,
fastvit_t8,64,32,fp16,5.196288108825684,False,NVIDIA_GeForce_RTX_4070_Ti_SUPER,16,
fastvit_t8,64,32,fp32,5.092864036560059,False,NVIDIA_GeForce_RTX_4070_Ti_SUPER,16,
fastvit_t8,64,64,bf16,7.731200218200684,False,NVIDIA_GeForce_RTX_4070_Ti_SUPER,16,
fastvit_t8,64,64,fp16,6.93503999710083,False,NVIDIA_GeForce_RTX_4070_Ti_SUPER,16,
fastvit_t8,64,64,fp32,7.500800132751465,False,NVIDIA_GeForce_RTX_4070_Ti_SUPER,16,
fastvit_t8,128,16,bf16,6.43993616104126,False,NVIDIA_GeForce_RTX_4070_Ti_SUPER,16,
fastvit_t8,128,16,fp16,6.181375980377197,False,NVIDIA_GeForce_RTX_4070_Ti_SUPER,16,
fastvit_t8,128,16,fp32,6.300159931182861,False,NVIDIA_GeForce_RTX_4070_Ti_SUPER,16,
fastvit_t8,128,32,bf16,9.94918441772461,False,NVIDIA_GeForce_RTX_4070_Ti_SUPER,16,
fastvit_t8,128,32,fp16,8.892928123474121,False,NVIDIA_GeForce_RTX_4070_Ti_SUPER,16,
fastvit_t8,128,32,fp32,10.470399856567385,False,NVIDIA_GeForce_RTX_4070_Ti_SUPER,16,
fastvit_t8,128,64,bf16,18.43507194519043,False,NVIDIA_GeForce_RTX_4070_Ti_SUPER,16,
fastvit_t8,128,64,fp16,16.59187126159668,False,NVIDIA_GeForce_RTX_4070_Ti_SUPER,16,
fastvit_t8,128,64,fp32,20.78054428100586,False,NVIDIA_GeForce_RTX_4070_Ti_SUPER,16,
fastvit_t8,224,16,bf16,13.841407775878906,False,NVIDIA_GeForce_RTX_4070_Ti_SUPER,16,
fastvit_t8,224,16,fp16,12.156415939331056,False,NVIDIA_GeForce_RTX_4070_Ti_SUPER,16,
fastvit_t8,224,16,fp32,15.378944396972656,False,NVIDIA_GeForce_RTX_4070_Ti_SUPER,16,
fastvit_t8,224,32,bf16,27.0960636138916,False,NVIDIA_GeForce_RTX_4070_Ti_SUPER,16,
fastvit_t8,224,32,fp16,24.01535987854004,False,NVIDIA_GeForce_RTX_4070_Ti_SUPER,16,
fastvit_t8,224,32,fp32,32.595455169677734,False,NVIDIA_GeForce_RTX_4070_Ti_SUPER,16,
fastvit_t8,224,64,bf16,57.81657409667969,False,NVIDIA_GeForce_RTX_4070_Ti_SUPER,16,
fastvit_t8,224,64,fp16,51.38124847412109,False,NVIDIA_GeForce_RTX_4070_Ti_SUPER,16,
fastvit_t8,224,64,fp32,72.44338989257812,False,NVIDIA_GeForce_RTX_4070_Ti_SUPER,16,
maxvit_tiny_tf_224,64,16,bf16,12.742655754089355,False,NVIDIA_GeForce_RTX_4070_Ti_SUPER,16,
maxvit_tiny_tf_224,64,16,fp16,12.210687637329102,False,NVIDIA_GeForce_RTX_4070_Ti_SUPER,16,
maxvit_tiny_tf_224,64,16,fp32,17.20217514038086,False,NVIDIA_GeForce_RTX_4070_Ti_SUPER,16,
maxvit_tiny_tf_224,64,32,bf16,16.888832092285156,False,NVIDIA_GeForce_RTX_4070_Ti_SUPER,16,
maxvit_tiny_tf_224,64,32,fp16,16.0184326171875,False,NVIDIA_GeForce_RTX_4070_Ti_SUPER,16,
maxvit_tiny_tf_224,64,32,fp32,26.58252716064453,False,NVIDIA_GeForce_RTX_4070_Ti_SUPER,16,
maxvit_tiny_tf_224,64,64,bf16,25.688064575195312,False,NVIDIA_GeForce_RTX_4070_Ti_SUPER,16,
maxvit_tiny_tf_224,64,64,fp16,24.04198455810547,False,NVIDIA_GeForce_RTX_4070_Ti_SUPER,16,
maxvit_tiny_tf_224,64,64,fp32,45.7973747253418,False,NVIDIA_GeForce_RTX_4070_Ti_SUPER,16,
maxvit_tiny_tf_224,128,16,bf16,20.854272842407227,False,NVIDIA_GeForce_RTX_4070_Ti_SUPER,16,
maxvit_tiny_tf_224,128,16,fp16,19.596288681030277,False,NVIDIA_GeForce_RTX_4070_Ti_SUPER,16,
maxvit_tiny_tf_224,128,16,fp32,31.802879333496094,False,NVIDIA_GeForce_RTX_4070_Ti_SUPER,16,
maxvit_tiny_tf_224,128,32,bf16,34.87129592895508,False,NVIDIA_GeForce_RTX_4070_Ti_SUPER,16,
maxvit_tiny_tf_224,128,32,fp16,32.567806243896484,False,NVIDIA_GeForce_RTX_4070_Ti_SUPER,16,
maxvit_tiny_tf_224,128,32,fp32,58.99264144897461,False,NVIDIA_GeForce_RTX_4070_Ti_SUPER,16,
maxvit_tiny_tf_224,128,64,bf16,65.82937622070312,False,NVIDIA_GeForce_RTX_4070_Ti_SUPER,16,
maxvit_tiny_tf_224,128,64,fp16,61.69343948364258,False,NVIDIA_GeForce_RTX_4070_Ti_SUPER,16,
maxvit_tiny_tf_224,128,64,fp32,117.33350372314452,False,NVIDIA_GeForce_RTX_4070_Ti_SUPER,16,
maxvit_tiny_tf_224,224,16,bf16,48.72243118286133,False,NVIDIA_GeForce_RTX_4070_Ti_SUPER,16,
maxvit_tiny_tf_224,224,16,fp16,45.24031829833984,False,NVIDIA_GeForce_RTX_4070_Ti_SUPER,16,
maxvit_tiny_tf_224,224,16,fp32,82.9332504272461,False,NVIDIA_GeForce_RTX_4070_Ti_SUPER,16,
maxvit_tiny_tf_224,224,32,bf16,94.34162902832033,False,NVIDIA_GeForce_RTX_4070_Ti_SUPER,16,
maxvit_tiny_tf_224,224,32,fp16,88.22681427001953,False,NVIDIA_GeForce_RTX_4070_Ti_SUPER,16,
maxvit_tiny_tf_224,224,32,fp32,166.1475830078125,False,NVIDIA_GeForce_RTX_4070_Ti_SUPER,16,
maxvit_tiny_tf_224,224,64,bf16,192.36659240722656,False,NVIDIA_GeForce_RTX_4070_Ti_SUPER,16,
maxvit_tiny_tf_224,224,64,fp16,181.31712341308597,False,NVIDIA_GeForce_RTX_4070_Ti_SUPER,16,
maxvit_tiny_tf_224,224,64,fp32,,True,NVIDIA_GeForce_RTX_4070_Ti_SUPER,16,
mixer_b16_224,64,16,bf16,9.614336013793944,False,NVIDIA_GeForce_RTX_4070_Ti_SUPER,16,
mixer_b16_224,64,16,fp16,9.479680061340332,False,NVIDIA_GeForce_RTX_4070_Ti_SUPER,16,
mixer_b16_224,64,16,fp32,13.553152084350586,False,NVIDIA_GeForce_RTX_4070_Ti_SUPER,16,
mixer_b16_224,64,32,bf16,13.817343711853027,False,NVIDIA_GeForce_RTX_4070_Ti_SUPER,16,
mixer_b16_224,64,32,fp16,13.652992248535156,False,NVIDIA_GeForce_RTX_4070_Ti_SUPER,16,
mixer_b16_224,64,32,fp32,22.74713516235352,False,NVIDIA_GeForce_RTX_4070_Ti_SUPER,16,
mixer_b16_224,64,64,bf16,21.830656051635746,False,NVIDIA_GeForce_RTX_4070_Ti_SUPER,16,
mixer_b16_224,64,64,fp16,21.64172744750977,False,NVIDIA_GeForce_RTX_4070_Ti_SUPER,16,
mixer_b16_224,64,64,fp32,42.83750534057617,False,NVIDIA_GeForce_RTX_4070_Ti_SUPER,16,
mixer_b16_224,128,16,bf16,15.507967948913574,False,NVIDIA_GeForce_RTX_4070_Ti_SUPER,16,
mixer_b16_224,128,16,fp16,15.423040390014648,False,NVIDIA_GeForce_RTX_4070_Ti_SUPER,16,
mixer_b16_224,128,16,fp32,27.496959686279297,False,NVIDIA_GeForce_RTX_4070_Ti_SUPER,16,
mixer_b16_224,128,32,bf16,23.863807678222656,False,NVIDIA_GeForce_RTX_4070_Ti_SUPER,16,
mixer_b16_224,128,32,fp16,23.74604797363281,False,NVIDIA_GeForce_RTX_4070_Ti_SUPER,16,
mixer_b16_224,128,32,fp32,48.2083854675293,False,NVIDIA_GeForce_RTX_4070_Ti_SUPER,16,
mixer_b16_224,128,64,bf16,41.717247009277344,False,NVIDIA_GeForce_RTX_4070_Ti_SUPER,16,
mixer_b16_224,128,64,fp16,41.48940658569336,False,NVIDIA_GeForce_RTX_4070_Ti_SUPER,16,
mixer_b16_224,128,64,fp32,92.58751678466795,False,NVIDIA_GeForce_RTX_4070_Ti_SUPER,16,
mixer_b16_224,224,16,bf16,31.405567169189453,False,NVIDIA_GeForce_RTX_4070_Ti_SUPER,16,
mixer_b16_224,224,16,fp16,31.040512084960938,False,NVIDIA_GeForce_RTX_4070_Ti_SUPER,16,
mixer_b16_224,224,16,fp32,67.98745727539062,False,NVIDIA_GeForce_RTX_4070_Ti_SUPER,16,
mixer_b16_224,224,32,bf16,56.648704528808594,False,NVIDIA_GeForce_RTX_4070_Ti_SUPER,16,
mixer_b16_224,224,32,fp16,56.39731216430664,False,NVIDIA_GeForce_RTX_4070_Ti_SUPER,16,
mixer_b16_224,224,32,fp32,127.64979553222656,False,NVIDIA_GeForce_RTX_4070_Ti_SUPER,16,
mixer_b16_224,224,64,bf16,116.8911361694336,False,NVIDIA_GeForce_RTX_4070_Ti_SUPER,16,
mixer_b16_224,224,64,fp16,116.26956939697266,False,NVIDIA_GeForce_RTX_4070_Ti_SUPER,16,
mixer_b16_224,224,64,fp32,254.3431701660156,False,NVIDIA_GeForce_RTX_4070_Ti_SUPER,16,
mobilenetv2_100,64,16,bf16,3.1539199352264404,False,NVIDIA_GeForce_RTX_4070_Ti_SUPER,16,
mobilenetv2_100,64,16,fp16,2.8001279830932617,False,NVIDIA_GeForce_RTX_4070_Ti_SUPER,16,
mobilenetv2_100,64,16,fp32,2.7402238845825195,False,NVIDIA_GeForce_RTX_4070_Ti_SUPER,16,
mobilenetv2_100,64,32,bf16,4.221439838409424,False,NVIDIA_GeForce_RTX_4070_Ti_SUPER,16,
mobilenetv2_100,64,32,fp16,3.525631904602051,False,NVIDIA_GeForce_RTX_4070_Ti_SUPER,16,
mobilenetv2_100,64,32,fp32,3.782144069671631,False,NVIDIA_GeForce_RTX_4070_Ti_SUPER,16,
mobilenetv2_100,64,64,bf16,5.856768131256104,False,NVIDIA_GeForce_RTX_4070_Ti_SUPER,16,
mobilenetv2_100,64,64,fp16,4.851200103759766,False,NVIDIA_GeForce_RTX_4070_Ti_SUPER,16,
mobilenetv2_100,64,64,fp32,5.880320072174072,False,NVIDIA_GeForce_RTX_4070_Ti_SUPER,16,
mobilenetv2_100,128,16,bf16,4.692480087280273,False,NVIDIA_GeForce_RTX_4070_Ti_SUPER,16,
mobilenetv2_100,128,16,fp16,3.9040000438690186,False,NVIDIA_GeForce_RTX_4070_Ti_SUPER,16,
mobilenetv2_100,128,16,fp32,4.745215892791748,False,NVIDIA_GeForce_RTX_4070_Ti_SUPER,16,
mobilenetv2_100,128,32,bf16,7.576064109802246,False,NVIDIA_GeForce_RTX_4070_Ti_SUPER,16,
mobilenetv2_100,128,32,fp16,6.213119983673096,False,NVIDIA_GeForce_RTX_4070_Ti_SUPER,16,
mobilenetv2_100,128,32,fp32,8.49459171295166,False,NVIDIA_GeForce_RTX_4070_Ti_SUPER,16,
mobilenetv2_100,128,64,bf16,12.934656143188477,False,NVIDIA_GeForce_RTX_4070_Ti_SUPER,16,
mobilenetv2_100,128,64,fp16,10.324480056762695,False,NVIDIA_GeForce_RTX_4070_Ti_SUPER,16,
mobilenetv2_100,128,64,fp32,17.960960388183594,False,NVIDIA_GeForce_RTX_4070_Ti_SUPER,16,
mobilenetv2_100,224,16,bf16,9.688063621520996,False,NVIDIA_GeForce_RTX_4070_Ti_SUPER,16,
mobilenetv2_100,224,16,fp16,7.549439907073975,False,NVIDIA_GeForce_RTX_4070_Ti_SUPER,16,
mobilenetv2_100,224,16,fp32,13.118975639343262,False,NVIDIA_GeForce_RTX_4070_Ti_SUPER,16,
mobilenetv2_100,224,32,bf16,19.308544158935547,False,NVIDIA_GeForce_RTX_4070_Ti_SUPER,16,
mobilenetv2_100,224,32,fp16,15.21407985687256,False,NVIDIA_GeForce_RTX_4070_Ti_SUPER,16,
mobilenetv2_100,224,32,fp32,28.01919937133789,False,NVIDIA_GeForce_RTX_4070_Ti_SUPER,16,
mobilenetv2_100,224,64,bf16,39.84947204589844,False,NVIDIA_GeForce_RTX_4070_Ti_SUPER,16,
mobilenetv2_100,224,64,fp16,31.38662338256836,False,NVIDIA_GeForce_RTX_4070_Ti_SUPER,16,
mobilenetv2_100,224,64,fp32,59.46214294433594,False,NVIDIA_GeForce_RTX_4070_Ti_SUPER,16,
mobilenetv3_large_100,64,16,bf16,3.7073919773101807,False,NVIDIA_GeForce_RTX_4070_Ti_SUPER,16,
mobilenetv3_large_100,64,16,fp16,3.3756160736083984,False,NVIDIA_GeForce_RTX_4070_Ti_SUPER,16,
mobilenetv3_large_100,64,16,fp32,2.8047358989715576,False,NVIDIA_GeForce_RTX_4070_Ti_SUPER,16,
mobilenetv3_large_100,64,32,bf16,5.036032199859619,False,NVIDIA_GeForce_RTX_4070_Ti_SUPER,16,
mobilenetv3_large_100,64,32,fp16,4.399104118347168,False,NVIDIA_GeForce_RTX_4070_Ti_SUPER,16,
mobilenetv3_large_100,64,32,fp32,3.725311994552612,False,NVIDIA_GeForce_RTX_4070_Ti_SUPER,16,
mobilenetv3_large_100,64,64,bf16,5.979135990142822,False,NVIDIA_GeForce_RTX_4070_Ti_SUPER,16,
mobilenetv3_large_100,64,64,fp16,5.044223785400391,False,NVIDIA_GeForce_RTX_4070_Ti_SUPER,16,
mobilenetv3_large_100,64,64,fp32,5.388800144195557,False,NVIDIA_GeForce_RTX_4070_Ti_SUPER,16,
mobilenetv3_large_100,128,16,bf16,5.163008213043213,False,NVIDIA_GeForce_RTX_4070_Ti_SUPER,16,
mobilenetv3_large_100,128,16,fp16,8.632831573486328,False,NVIDIA_GeForce_RTX_4070_Ti_SUPER,16,
mobilenetv3_large_100,128,16,fp32,4.179967880249023,False,NVIDIA_GeForce_RTX_4070_Ti_SUPER,16,
mobilenetv3_large_100,128,32,bf16,7.887360095977783,False,NVIDIA_GeForce_RTX_4070_Ti_SUPER,16,
mobilenetv3_large_100,128,32,fp16,6.648320198059082,False,NVIDIA_GeForce_RTX_4070_Ti_SUPER,16,
mobilenetv3_large_100,128,32,fp32,6.713856220245361,False,NVIDIA_GeForce_RTX_4070_Ti_SUPER,16,
mobilenetv3_large_100,128,64,bf16,11.089407920837402,False,NVIDIA_GeForce_RTX_4070_Ti_SUPER,16,
mobilenetv3_large_100,128,64,fp16,8.950271606445312,False,NVIDIA_GeForce_RTX_4070_Ti_SUPER,16,
mobilenetv3_large_100,128,64,fp32,12.353535652160645,False,NVIDIA_GeForce_RTX_4070_Ti_SUPER,16,
mobilenetv3_large_100,224,16,bf16,8.763392448425293,False,NVIDIA_GeForce_RTX_4070_Ti_SUPER,16,
mobilenetv3_large_100,224,16,fp16,7.223296165466309,False,NVIDIA_GeForce_RTX_4070_Ti_SUPER,16,
mobilenetv3_large_100,224,16,fp32,9.516544342041016,False,NVIDIA_GeForce_RTX_4070_Ti_SUPER,16,
mobilenetv3_large_100,224,32,bf16,15.733247756958008,False,NVIDIA_GeForce_RTX_4070_Ti_SUPER,16,
mobilenetv3_large_100,224,32,fp16,12.262911796569824,False,NVIDIA_GeForce_RTX_4070_Ti_SUPER,16,
mobilenetv3_large_100,224,32,fp32,18.92198371887207,False,NVIDIA_GeForce_RTX_4070_Ti_SUPER,16,
mobilenetv3_large_100,224,64,bf16,29.85420799255371,False,NVIDIA_GeForce_RTX_4070_Ti_SUPER,16,
mobilenetv3_large_100,224,64,fp16,22.77222442626953,False,NVIDIA_GeForce_RTX_4070_Ti_SUPER,16,
mobilenetv3_large_100,224,64,fp32,41.68703842163086,False,NVIDIA_GeForce_RTX_4070_Ti_SUPER,16,
mobilenetv3_small_100,64,16,bf16,2.923520088195801,False,NVIDIA_GeForce_RTX_4070_Ti_SUPER,16,
mobilenetv3_small_100,64,16,fp16,2.1043200492858887,False,NVIDIA_GeForce_RTX_4070_Ti_SUPER,16,
mobilenetv3_small_100,64,16,fp32,1.703935980796814,False,NVIDIA_GeForce_RTX_4070_Ti_SUPER,16,
mobilenetv3_small_100,64,32,bf16,3.7790720462799072,False,NVIDIA_GeForce_RTX_4070_Ti_SUPER,16,
mobilenetv3_small_100,64,32,fp16,3.466752052307129,False,NVIDIA_GeForce_RTX_4070_Ti_SUPER,16,
mobilenetv3_small_100,64,32,fp32,2.7156479358673096,False,NVIDIA_GeForce_RTX_4070_Ti_SUPER,16,
mobilenetv3_small_100,64,64,bf16,3.314687967300415,False,NVIDIA_GeForce_RTX_4070_Ti_SUPER,16,
mobilenetv3_small_100,64,64,fp16,2.810879945755005,False,NVIDIA_GeForce_RTX_4070_Ti_SUPER,16,
mobilenetv3_small_100,64,64,fp32,3.600383996963501,False,NVIDIA_GeForce_RTX_4070_Ti_SUPER,16,
mobilenetv3_small_100,128,16,bf16,2.8984320163726807,False,NVIDIA_GeForce_RTX_4070_Ti_SUPER,16,
mobilenetv3_small_100,128,16,fp16,2.426367998123169,False,NVIDIA_GeForce_RTX_4070_Ti_SUPER,16,
mobilenetv3_small_100,128,16,fp32,2.205183982849121,False,NVIDIA_GeForce_RTX_4070_Ti_SUPER,16,
mobilenetv3_small_100,128,32,bf16,4.028927803039551,False,NVIDIA_GeForce_RTX_4070_Ti_SUPER,16,
mobilenetv3_small_100,128,32,fp16,3.3423359394073486,False,NVIDIA_GeForce_RTX_4070_Ti_SUPER,16,
mobilenetv3_small_100,128,32,fp32,2.995199918746948,False,NVIDIA_GeForce_RTX_4070_Ti_SUPER,16,
mobilenetv3_small_100,128,64,bf16,5.174784183502197,False,NVIDIA_GeForce_RTX_4070_Ti_SUPER,16,
mobilenetv3_small_100,128,64,fp16,4.0570878982543945,False,NVIDIA_GeForce_RTX_4070_Ti_SUPER,16,
mobilenetv3_small_100,128,64,fp32,4.717055797576904,False,NVIDIA_GeForce_RTX_4070_Ti_SUPER,16,
mobilenetv3_small_100,224,16,bf16,4.15283203125,False,NVIDIA_GeForce_RTX_4070_Ti_SUPER,16,
mobilenetv3_small_100,224,16,fp16,3.28601598739624,False,NVIDIA_GeForce_RTX_4070_Ti_SUPER,16,
mobilenetv3_small_100,224,16,fp32,3.857408046722412,False,NVIDIA_GeForce_RTX_4070_Ti_SUPER,16,
mobilenetv3_small_100,224,32,bf16,6.792704105377197,False,NVIDIA_GeForce_RTX_4070_Ti_SUPER,16,
mobilenetv3_small_100,224,32,fp16,5.652991771697998,False,NVIDIA_GeForce_RTX_4070_Ti_SUPER,16,
mobilenetv3_small_100,224,32,fp32,6.750720024108887,False,NVIDIA_GeForce_RTX_4070_Ti_SUPER,16,
mobilenetv3_small_100,224,64,bf16,11.6428804397583,False,NVIDIA_GeForce_RTX_4070_Ti_SUPER,16,
mobilenetv3_small_100,224,64,fp16,8.284159660339355,False,NVIDIA_GeForce_RTX_4070_Ti_SUPER,16,
mobilenetv3_small_100,224,64,fp32,13.37600040435791,False,NVIDIA_GeForce_RTX_4070_Ti_SUPER,16,
mobilevit_s,64,16,bf16,4.29260778427124,False,NVIDIA_GeForce_RTX_4070_Ti_SUPER,16,
mobilevit_s,64,16,fp16,3.95417594909668,False,NVIDIA_GeForce_RTX_4070_Ti_SUPER,16,
mobilevit_s,64,16,fp32,4.580863952636719,False,NVIDIA_GeForce_RTX_4070_Ti_SUPER,16,
mobilevit_s,64,32,bf16,5.981184005737305,False,NVIDIA_GeForce_RTX_4070_Ti_SUPER,16,
mobilevit_s,64,32,fp16,5.462016105651856,False,NVIDIA_GeForce_RTX_4070_Ti_SUPER,16,
mobilevit_s,64,32,fp32,6.944767951965332,False,NVIDIA_GeForce_RTX_4070_Ti_SUPER,16,
mobilevit_s,64,64,bf16,9.025535583496094,False,NVIDIA_GeForce_RTX_4070_Ti_SUPER,16,
mobilevit_s,64,64,fp16,8.120320320129395,False,NVIDIA_GeForce_RTX_4070_Ti_SUPER,16,
mobilevit_s,64,64,fp32,11.596799850463867,False,NVIDIA_GeForce_RTX_4070_Ti_SUPER,16,
mobilevit_s,128,16,bf16,7.526400089263916,False,NVIDIA_GeForce_RTX_4070_Ti_SUPER,16,
mobilevit_s,128,16,fp16,6.43891191482544,False,NVIDIA_GeForce_RTX_4070_Ti_SUPER,16,
mobilevit_s,128,16,fp32,9.352704048156738,False,NVIDIA_GeForce_RTX_4070_Ti_SUPER,16,
mobilevit_s,128,32,bf16,12.916735649108888,False,NVIDIA_GeForce_RTX_4070_Ti_SUPER,16,
mobilevit_s,128,32,fp16,11.186688423156738,False,NVIDIA_GeForce_RTX_4070_Ti_SUPER,16,
mobilevit_s,128,32,fp32,19.39967918395996,False,NVIDIA_GeForce_RTX_4070_Ti_SUPER,16,
mobilevit_s,128,64,bf16,25.46124839782715,False,NVIDIA_GeForce_RTX_4070_Ti_SUPER,16,
mobilevit_s,128,64,fp16,21.938175201416016,False,NVIDIA_GeForce_RTX_4070_Ti_SUPER,16,
mobilevit_s,128,64,fp32,40.679935455322266,False,NVIDIA_GeForce_RTX_4070_Ti_SUPER,16,
mobilevit_s,224,16,bf16,19.9418888092041,False,NVIDIA_GeForce_RTX_4070_Ti_SUPER,16,
mobilevit_s,224,16,fp16,17.470975875854492,False,NVIDIA_GeForce_RTX_4070_Ti_SUPER,16,
mobilevit_s,224,16,fp32,33.278465270996094,False,NVIDIA_GeForce_RTX_4070_Ti_SUPER,16,
mobilevit_s,224,32,bf16,41.75462341308594,False,NVIDIA_GeForce_RTX_4070_Ti_SUPER,16,
mobilevit_s,224,32,fp16,36.77695846557617,False,NVIDIA_GeForce_RTX_4070_Ti_SUPER,16,
mobilevit_s,224,32,fp32,67.79955291748047,False,NVIDIA_GeForce_RTX_4070_Ti_SUPER,16,
mobilevit_s,224,64,bf16,83.36589050292969,False,NVIDIA_GeForce_RTX_4070_Ti_SUPER,16,
mobilevit_s,224,64,fp16,73.25593566894531,False,NVIDIA_GeForce_RTX_4070_Ti_SUPER,16,
mobilevit_s,224,64,fp32,138.21286010742188,False,NVIDIA_GeForce_RTX_4070_Ti_SUPER,16,
mobilevit_xs,64,16,bf16,3.77292799949646,False,NVIDIA_GeForce_RTX_4070_Ti_SUPER,16,
mobilevit_xs,64,16,fp16,3.4160640239715576,False,NVIDIA_GeForce_RTX_4070_Ti_SUPER,16,
mobilevit_xs,64,16,fp32,3.693567991256714,False,NVIDIA_GeForce_RTX_4070_Ti_SUPER,16,
mobilevit_xs,64,32,bf16,5.178368091583252,False,NVIDIA_GeForce_RTX_4070_Ti_SUPER,16,
mobilevit_xs,64,32,fp16,4.621823787689209,False,NVIDIA_GeForce_RTX_4070_Ti_SUPER,16,
mobilevit_xs,64,32,fp32,5.282303810119629,False,NVIDIA_GeForce_RTX_4070_Ti_SUPER,16,
mobilevit_xs,64,64,bf16,7.881216049194336,False,NVIDIA_GeForce_RTX_4070_Ti_SUPER,16,
mobilevit_xs,64,64,fp16,6.972415924072266,False,NVIDIA_GeForce_RTX_4070_Ti_SUPER,16,
mobilevit_xs,64,64,fp32,8.770048141479492,False,NVIDIA_GeForce_RTX_4070_Ti_SUPER,16,
mobilevit_xs,128,16,bf16,6.502399921417236,False,NVIDIA_GeForce_RTX_4070_Ti_SUPER,16,
mobilevit_xs,128,16,fp16,5.57260799407959,False,NVIDIA_GeForce_RTX_4070_Ti_SUPER,16,
mobilevit_xs,128,16,fp32,7.383039951324463,False,NVIDIA_GeForce_RTX_4070_Ti_SUPER,16,
mobilevit_xs,128,32,bf16,10.902015686035156,False,NVIDIA_GeForce_RTX_4070_Ti_SUPER,16,
mobilevit_xs,128,32,fp16,9.382399559020996,False,NVIDIA_GeForce_RTX_4070_Ti_SUPER,16,
mobilevit_xs,128,32,fp32,14.775808334350586,False,NVIDIA_GeForce_RTX_4070_Ti_SUPER,16,
mobilevit_xs,128,64,bf16,19.947519302368164,False,NVIDIA_GeForce_RTX_4070_Ti_SUPER,16,
mobilevit_xs,128,64,fp16,17.30611228942871,False,NVIDIA_GeForce_RTX_4070_Ti_SUPER,16,
mobilevit_xs,128,64,fp32,31.58220863342285,False,NVIDIA_GeForce_RTX_4070_Ti_SUPER,16,
mobilevit_xs,224,16,bf16,15.567872047424316,False,NVIDIA_GeForce_RTX_4070_Ti_SUPER,16,
mobilevit_xs,224,16,fp16,13.53164768218994,False,NVIDIA_GeForce_RTX_4070_Ti_SUPER,16,
mobilevit_xs,224,16,fp32,26.02342414855957,False,NVIDIA_GeForce_RTX_4070_Ti_SUPER,16,
mobilevit_xs,224,32,bf16,32.44236755371094,False,NVIDIA_GeForce_RTX_4070_Ti_SUPER,16,
mobilevit_xs,224,32,fp16,28.206079483032227,False,NVIDIA_GeForce_RTX_4070_Ti_SUPER,16,
mobilevit_xs,224,32,fp32,53.517311096191406,False,NVIDIA_GeForce_RTX_4070_Ti_SUPER,16,
mobilevit_xs,224,64,bf16,64.66150665283203,False,NVIDIA_GeForce_RTX_4070_Ti_SUPER,16,
mobilevit_xs,224,64,fp16,56.21862411499024,False,NVIDIA_GeForce_RTX_4070_Ti_SUPER,16,
mobilevit_xs,224,64,fp32,108.7790069580078,False,NVIDIA_GeForce_RTX_4070_Ti_SUPER,16,
mobilevit_xxs,64,16,bf16,3.11244797706604,False,NVIDIA_GeForce_RTX_4070_Ti_SUPER,16,
mobilevit_xxs,64,16,fp16,2.8487679958343506,False,NVIDIA_GeForce_RTX_4070_Ti_SUPER,16,
mobilevit_xxs,64,16,fp32,3.0848000049591064,False,NVIDIA_GeForce_RTX_4070_Ti_SUPER,16,
mobilevit_xxs,64,32,bf16,4.179456233978272,False,NVIDIA_GeForce_RTX_4070_Ti_SUPER,16,
mobilevit_xxs,64,32,fp16,3.750911951065064,False,NVIDIA_GeForce_RTX_4070_Ti_SUPER,16,
mobilevit_xxs,64,32,fp32,4.20147180557251,False,NVIDIA_GeForce_RTX_4070_Ti_SUPER,16,
mobilevit_xxs,64,64,bf16,5.956096172332764,False,NVIDIA_GeForce_RTX_4070_Ti_SUPER,16,
mobilevit_xxs,64,64,fp16,5.298687934875488,False,NVIDIA_GeForce_RTX_4070_Ti_SUPER,16,
mobilevit_xxs,64,64,fp32,6.217728137969971,False,NVIDIA_GeForce_RTX_4070_Ti_SUPER,16,
mobilevit_xxs,128,16,bf16,4.727295875549316,False,NVIDIA_GeForce_RTX_4070_Ti_SUPER,16,
mobilevit_xxs,128,16,fp16,4.014080047607422,False,NVIDIA_GeForce_RTX_4070_Ti_SUPER,16,
mobilevit_xxs,128,16,fp32,4.620800018310547,False,NVIDIA_GeForce_RTX_4070_Ti_SUPER,16,
mobilevit_xxs,128,32,bf16,7.051263809204102,False,NVIDIA_GeForce_RTX_4070_Ti_SUPER,16,
mobilevit_xxs,128,32,fp16,5.992959976196289,False,NVIDIA_GeForce_RTX_4070_Ti_SUPER,16,
mobilevit_xxs,128,32,fp32,7.238656044006348,False,NVIDIA_GeForce_RTX_4070_Ti_SUPER,16,
mobilevit_xxs,128,64,bf16,11.258367538452148,False,NVIDIA_GeForce_RTX_4070_Ti_SUPER,16,
mobilevit_xxs,128,64,fp16,9.496576309204102,False,NVIDIA_GeForce_RTX_4070_Ti_SUPER,16,
mobilevit_xxs,128,64,fp32,13.717503547668455,False,NVIDIA_GeForce_RTX_4070_Ti_SUPER,16,
mobilevit_xxs,224,16,bf16,9.159168243408203,False,NVIDIA_GeForce_RTX_4070_Ti_SUPER,16,
mobilevit_xxs,224,16,fp16,7.809023857116699,False,NVIDIA_GeForce_RTX_4070_Ti_SUPER,16,
mobilevit_xxs,224,16,fp32,12.5414400100708,False,NVIDIA_GeForce_RTX_4070_Ti_SUPER,16,
mobilevit_xxs,224,32,bf16,17.036800384521484,False,NVIDIA_GeForce_RTX_4070_Ti_SUPER,16,
mobilevit_xxs,224,32,fp16,14.205439567565918,False,NVIDIA_GeForce_RTX_4070_Ti_SUPER,16,
mobilevit_xxs,224,32,fp32,25.03936004638672,False,NVIDIA_GeForce_RTX_4070_Ti_SUPER,16,
mobilevit_xxs,224,64,bf16,33.238014221191406,False,NVIDIA_GeForce_RTX_4070_Ti_SUPER,16,
mobilevit_xxs,224,64,fp16,27.876863479614254,False,NVIDIA_GeForce_RTX_4070_Ti_SUPER,16,
mobilevit_xxs,224,64,fp32,52.60851287841797,False,NVIDIA_GeForce_RTX_4070_Ti_SUPER,16,
mobilevitv2_100,64,16,bf16,4.647424221038818,False,NVIDIA_GeForce_RTX_4070_Ti_SUPER,16,
mobilevitv2_100,64,16,fp16,4.312575817108154,False,NVIDIA_GeForce_RTX_4070_Ti_SUPER,16,
mobilevitv2_100,64,16,fp32,3.975680112838745,False,NVIDIA_GeForce_RTX_4070_Ti_SUPER,16,
mobilevitv2_100,64,32,bf16,5.818880081176758,False,NVIDIA_GeForce_RTX_4070_Ti_SUPER,16,
mobilevitv2_100,64,32,fp16,5.228032112121582,False,NVIDIA_GeForce_RTX_4070_Ti_SUPER,16,
mobilevitv2_100,64,32,fp32,5.777408123016357,False,NVIDIA_GeForce_RTX_4070_Ti_SUPER,16,
mobilevitv2_100,64,64,bf16,8.373248100280762,False,NVIDIA_GeForce_RTX_4070_Ti_SUPER,16,
mobilevitv2_100,64,64,fp16,7.351808071136475,False,NVIDIA_GeForce_RTX_4070_Ti_SUPER,16,
mobilevitv2_100,64,64,fp32,9.622015953063965,False,NVIDIA_GeForce_RTX_4070_Ti_SUPER,16,
mobilevitv2_100,128,16,bf16,7.080959796905518,False,NVIDIA_GeForce_RTX_4070_Ti_SUPER,16,
mobilevitv2_100,128,16,fp16,6.040063858032227,False,NVIDIA_GeForce_RTX_4070_Ti_SUPER,16,
mobilevitv2_100,128,16,fp32,7.696896076202393,False,NVIDIA_GeForce_RTX_4070_Ti_SUPER,16,
mobilevitv2_100,128,32,bf16,11.769344329833984,False,NVIDIA_GeForce_RTX_4070_Ti_SUPER,16,
mobilevitv2_100,128,32,fp16,10.00601577758789,False,NVIDIA_GeForce_RTX_4070_Ti_SUPER,16,
mobilevitv2_100,128,32,fp32,15.910400390625,False,NVIDIA_GeForce_RTX_4070_Ti_SUPER,16,
mobilevitv2_100,128,64,bf16,23.62726402282715,False,NVIDIA_GeForce_RTX_4070_Ti_SUPER,16,
mobilevitv2_100,128,64,fp16,20.3187198638916,False,NVIDIA_GeForce_RTX_4070_Ti_SUPER,16,
mobilevitv2_100,128,64,fp32,33.61433410644531,False,NVIDIA_GeForce_RTX_4070_Ti_SUPER,16,
mobilevitv2_100,224,16,bf16,18.229248046875,False,NVIDIA_GeForce_RTX_4070_Ti_SUPER,16,
mobilevitv2_100,224,16,fp16,15.625215530395508,False,NVIDIA_GeForce_RTX_4070_Ti_SUPER,16,
mobilevitv2_100,224,16,fp32,25.77663993835449,False,NVIDIA_GeForce_RTX_4070_Ti_SUPER,16,
mobilevitv2_100,224,32,bf16,37.68217468261719,False,NVIDIA_GeForce_RTX_4070_Ti_SUPER,16,
mobilevitv2_100,224,32,fp16,32.985599517822266,False,NVIDIA_GeForce_RTX_4070_Ti_SUPER,16,
mobilevitv2_100,224,32,fp32,53.20703887939453,False,NVIDIA_GeForce_RTX_4070_Ti_SUPER,16,
mobilevitv2_100,224,64,bf16,76.82559967041016,False,NVIDIA_GeForce_RTX_4070_Ti_SUPER,16,
mobilevitv2_100,224,64,fp16,67.378173828125,False,NVIDIA_GeForce_RTX_4070_Ti_SUPER,16,
mobilevitv2_100,224,64,fp32,110.6846694946289,False,NVIDIA_GeForce_RTX_4070_Ti_SUPER,16,
nfnet_l0,64,16,bf16,10.589183807373049,False,NVIDIA_GeForce_RTX_4070_Ti_SUPER,16,
nfnet_l0,64,16,fp16,10.885120391845703,False,NVIDIA_GeForce_RTX_4070_Ti_SUPER,16,
nfnet_l0,64,16,fp32,11.411456108093262,False,NVIDIA_GeForce_RTX_4070_Ti_SUPER,16,
nfnet_l0,64,32,bf16,14.56383991241455,False,NVIDIA_GeForce_RTX_4070_Ti_SUPER,16,
nfnet_l0,64,32,fp16,14.67801570892334,False,NVIDIA_GeForce_RTX_4070_Ti_SUPER,16,
nfnet_l0,64,32,fp32,15.449088096618652,False,NVIDIA_GeForce_RTX_4070_Ti_SUPER,16,
nfnet_l0,64,64,bf16,13.469696044921877,False,NVIDIA_GeForce_RTX_4070_Ti_SUPER,16,
nfnet_l0,64,64,fp16,13.156352043151855,False,NVIDIA_GeForce_RTX_4070_Ti_SUPER,16,
nfnet_l0,64,64,fp32,22.200319290161133,False,NVIDIA_GeForce_RTX_4070_Ti_SUPER,16,
nfnet_l0,128,16,bf16,13.524991989135742,False,NVIDIA_GeForce_RTX_4070_Ti_SUPER,16,
nfnet_l0,128,16,fp16,13.575823783874512,False,NVIDIA_GeForce_RTX_4070_Ti_SUPER,16,
nfnet_l0,128,16,fp32,18.395647048950195,False,NVIDIA_GeForce_RTX_4070_Ti_SUPER,16,
nfnet_l0,128,32,bf16,21.398656845092773,False,NVIDIA_GeForce_RTX_4070_Ti_SUPER,16,
nfnet_l0,128,32,fp16,21.367807388305664,False,NVIDIA_GeForce_RTX_4070_Ti_SUPER,16,
nfnet_l0,128,32,fp32,29.78611183166504,False,NVIDIA_GeForce_RTX_4070_Ti_SUPER,16,
nfnet_l0,128,64,bf16,28.624895095825195,False,NVIDIA_GeForce_RTX_4070_Ti_SUPER,16,
nfnet_l0,128,64,fp16,27.910144805908203,False,NVIDIA_GeForce_RTX_4070_Ti_SUPER,16,
nfnet_l0,128,64,fp32,62.41024017333984,False,NVIDIA_GeForce_RTX_4070_Ti_SUPER,16,
nfnet_l0,224,16,bf16,22.96849632263184,False,NVIDIA_GeForce_RTX_4070_Ti_SUPER,16,
nfnet_l0,224,16,fp16,23.30019187927246,False,NVIDIA_GeForce_RTX_4070_Ti_SUPER,16,
nfnet_l0,224,16,fp32,44.8460807800293,False,NVIDIA_GeForce_RTX_4070_Ti_SUPER,16,
nfnet_l0,224,32,bf16,45.21318435668945,False,NVIDIA_GeForce_RTX_4070_Ti_SUPER,16,
nfnet_l0,224,32,fp16,44.787841796875,False,NVIDIA_GeForce_RTX_4070_Ti_SUPER,16,
nfnet_l0,224,32,fp32,81.05165100097656,False,NVIDIA_GeForce_RTX_4070_Ti_SUPER,16,
nfnet_l0,224,64,bf16,86.0400619506836,False,NVIDIA_GeForce_RTX_4070_Ti_SUPER,16,
nfnet_l0,224,64,fp16,84.50881958007812,False,NVIDIA_GeForce_RTX_4070_Ti_SUPER,16,
nfnet_l0,224,64,fp32,177.79190063476562,False,NVIDIA_GeForce_RTX_4070_Ti_SUPER,16,
pvt_v2_b0,64,16,bf16,4.743167877197266,False,NVIDIA_GeForce_RTX_4070_Ti_SUPER,16,
pvt_v2_b0,64,16,fp16,2.610176086425781,False,NVIDIA_GeForce_RTX_4070_Ti_SUPER,16,
pvt_v2_b0,64,16,fp32,3.1544320583343506,False,NVIDIA_GeForce_RTX_4070_Ti_SUPER,16,
pvt_v2_b0,64,32,bf16,4.688384056091309,False,NVIDIA_GeForce_RTX_4070_Ti_SUPER,16,
pvt_v2_b0,64,32,fp16,3.1846399307250977,False,NVIDIA_GeForce_RTX_4070_Ti_SUPER,16,
pvt_v2_b0,64,32,fp32,4.323840141296387,False,NVIDIA_GeForce_RTX_4070_Ti_SUPER,16,
pvt_v2_b0,64,64,bf16,4.411392211914063,False,NVIDIA_GeForce_RTX_4070_Ti_SUPER,16,
pvt_v2_b0,64,64,fp16,4.40934419631958,False,NVIDIA_GeForce_RTX_4070_Ti_SUPER,16,
pvt_v2_b0,64,64,fp32,6.253568172454834,False,NVIDIA_GeForce_RTX_4070_Ti_SUPER,16,
pvt_v2_b0,128,16,bf16,6.911488056182861,False,NVIDIA_GeForce_RTX_4070_Ti_SUPER,16,
pvt_v2_b0,128,16,fp16,4.164608001708984,False,NVIDIA_GeForce_RTX_4070_Ti_SUPER,16,
pvt_v2_b0,128,16,fp32,5.948927879333496,False,NVIDIA_GeForce_RTX_4070_Ti_SUPER,16,
pvt_v2_b0,128,32,bf16,6.669312000274658,False,NVIDIA_GeForce_RTX_4070_Ti_SUPER,16,
pvt_v2_b0,128,32,fp16,6.354944229125977,False,NVIDIA_GeForce_RTX_4070_Ti_SUPER,16,
pvt_v2_b0,128,32,fp32,9.74028778076172,False,NVIDIA_GeForce_RTX_4070_Ti_SUPER,16,
pvt_v2_b0,128,64,bf16,11.384832382202148,False,NVIDIA_GeForce_RTX_4070_Ti_SUPER,16,
pvt_v2_b0,128,64,fp16,10.83033561706543,False,NVIDIA_GeForce_RTX_4070_Ti_SUPER,16,
pvt_v2_b0,128,64,fp32,17.785856246948242,False,NVIDIA_GeForce_RTX_4070_Ti_SUPER,16,
pvt_v2_b0,224,16,bf16,9.343999862670898,False,NVIDIA_GeForce_RTX_4070_Ti_SUPER,16,
pvt_v2_b0,224,16,fp16,8.80179214477539,False,NVIDIA_GeForce_RTX_4070_Ti_SUPER,16,
pvt_v2_b0,224,16,fp32,14.952960014343262,False,NVIDIA_GeForce_RTX_4070_Ti_SUPER,16,
pvt_v2_b0,224,32,bf16,15.225855827331545,False,NVIDIA_GeForce_RTX_4070_Ti_SUPER,16,
pvt_v2_b0,224,32,fp16,14.362624168395996,False,NVIDIA_GeForce_RTX_4070_Ti_SUPER,16,
pvt_v2_b0,224,32,fp32,25.65171241760254,False,NVIDIA_GeForce_RTX_4070_Ti_SUPER,16,
pvt_v2_b0,224,64,bf16,31.5996150970459,False,NVIDIA_GeForce_RTX_4070_Ti_SUPER,16,
pvt_v2_b0,224,64,fp16,29.16608047485352,False,NVIDIA_GeForce_RTX_4070_Ti_SUPER,16,
pvt_v2_b0,224,64,fp32,50.12428665161133,False,NVIDIA_GeForce_RTX_4070_Ti_SUPER,16,
pvt_v2_b2,64,16,bf16,7.239168167114258,False,NVIDIA_GeForce_RTX_4070_Ti_SUPER,16,
pvt_v2_b2,64,16,fp16,7.303167819976807,False,NVIDIA_GeForce_RTX_4070_Ti_SUPER,16,
pvt_v2_b2,64,16,fp32,9.259519577026367,False,NVIDIA_GeForce_RTX_4070_Ti_SUPER,16,
pvt_v2_b2,64,32,bf16,8.869888305664062,False,NVIDIA_GeForce_RTX_4070_Ti_SUPER,16,
pvt_v2_b2,64,32,fp16,8.936960220336914,False,NVIDIA_GeForce_RTX_4070_Ti_SUPER,16,
pvt_v2_b2,64,32,fp32,12.591103553771973,False,NVIDIA_GeForce_RTX_4070_Ti_SUPER,16,
pvt_v2_b2,64,64,bf16,12.75648021697998,False,NVIDIA_GeForce_RTX_4070_Ti_SUPER,16,
pvt_v2_b2,64,64,fp16,12.799488067626951,False,NVIDIA_GeForce_RTX_4070_Ti_SUPER,16,
pvt_v2_b2,64,64,fp32,19.26655960083008,False,NVIDIA_GeForce_RTX_4070_Ti_SUPER,16,
pvt_v2_b2,128,16,bf16,12.354559898376465,False,NVIDIA_GeForce_RTX_4070_Ti_SUPER,16,
pvt_v2_b2,128,16,fp16,11.8220796585083,False,NVIDIA_GeForce_RTX_4070_Ti_SUPER,16,
pvt_v2_b2,128,16,fp32,18.81702423095703,False,NVIDIA_GeForce_RTX_4070_Ti_SUPER,16,
pvt_v2_b2,128,32,bf16,18.33932876586914,False,NVIDIA_GeForce_RTX_4070_Ti_SUPER,16,
pvt_v2_b2,128,32,fp16,18.301952362060547,False,NVIDIA_GeForce_RTX_4070_Ti_SUPER,16,
pvt_v2_b2,128,32,fp32,32.14284896850586,False,NVIDIA_GeForce_RTX_4070_Ti_SUPER,16,
pvt_v2_b2,128,64,bf16,33.79353713989258,False,NVIDIA_GeForce_RTX_4070_Ti_SUPER,16,
pvt_v2_b2,128,64,fp16,33.6286735534668,False,NVIDIA_GeForce_RTX_4070_Ti_SUPER,16,
pvt_v2_b2,128,64,fp32,60.45030212402344,False,NVIDIA_GeForce_RTX_4070_Ti_SUPER,16,
pvt_v2_b2,224,16,bf16,26.564607620239254,False,NVIDIA_GeForce_RTX_4070_Ti_SUPER,16,
pvt_v2_b2,224,16,fp16,26.38796806335449,False,NVIDIA_GeForce_RTX_4070_Ti_SUPER,16,
pvt_v2_b2,224,16,fp32,49.7336311340332,False,NVIDIA_GeForce_RTX_4070_Ti_SUPER,16,
pvt_v2_b2,224,32,bf16,48.82022476196289,False,NVIDIA_GeForce_RTX_4070_Ti_SUPER,16,
pvt_v2_b2,224,32,fp16,48.11417770385742,False,NVIDIA_GeForce_RTX_4070_Ti_SUPER,16,
pvt_v2_b2,224,32,fp32,91.22510528564452,False,NVIDIA_GeForce_RTX_4070_Ti_SUPER,16,
pvt_v2_b2,224,64,bf16,98.9137954711914,False,NVIDIA_GeForce_RTX_4070_Ti_SUPER,16,
pvt_v2_b2,224,64,fp16,96.38400268554688,False,NVIDIA_GeForce_RTX_4070_Ti_SUPER,16,
pvt_v2_b2,224,64,fp32,178.8206024169922,False,NVIDIA_GeForce_RTX_4070_Ti_SUPER,16,
pvt_v2_b5,64,16,bf16,21.630512237548828,False,NVIDIA_GeForce_RTX_4070_Ti_SUPER,16,
pvt_v2_b5,64,16,fp16,21.95353507995605,False,NVIDIA_GeForce_RTX_4070_Ti_SUPER,16,
pvt_v2_b5,64,16,fp32,27.087871551513672,False,NVIDIA_GeForce_RTX_4070_Ti_SUPER,16,
pvt_v2_b5,64,32,bf16,25.583616256713867,False,NVIDIA_GeForce_RTX_4070_Ti_SUPER,16,
pvt_v2_b5,64,32,fp16,26.02188873291016,False,NVIDIA_GeForce_RTX_4070_Ti_SUPER,16,
pvt_v2_b5,64,32,fp32,35.36742401123047,False,NVIDIA_GeForce_RTX_4070_Ti_SUPER,16,
pvt_v2_b5,64,64,bf16,35.47903823852539,False,NVIDIA_GeForce_RTX_4070_Ti_SUPER,16,
pvt_v2_b5,64,64,fp16,35.85843276977539,False,NVIDIA_GeForce_RTX_4070_Ti_SUPER,16,
pvt_v2_b5,64,64,fp32,51.15494537353516,False,NVIDIA_GeForce_RTX_4070_Ti_SUPER,16,
pvt_v2_b5,128,16,bf16,31.29651260375977,False,NVIDIA_GeForce_RTX_4070_Ti_SUPER,16,
pvt_v2_b5,128,16,fp16,31.82694435119629,False,NVIDIA_GeForce_RTX_4070_Ti_SUPER,16,
pvt_v2_b5,128,16,fp32,48.95027160644531,False,NVIDIA_GeForce_RTX_4070_Ti_SUPER,16,
pvt_v2_b5,128,32,bf16,43.95929718017578,False,NVIDIA_GeForce_RTX_4070_Ti_SUPER,16,
pvt_v2_b5,128,32,fp16,44.448768615722656,False,NVIDIA_GeForce_RTX_4070_Ti_SUPER,16,
pvt_v2_b5,128,32,fp32,76.77235412597656,False,NVIDIA_GeForce_RTX_4070_Ti_SUPER,16,
pvt_v2_b5,128,64,bf16,72.27238464355469,False,NVIDIA_GeForce_RTX_4070_Ti_SUPER,16,
pvt_v2_b5,128,64,fp16,72.59033966064453,False,NVIDIA_GeForce_RTX_4070_Ti_SUPER,16,
pvt_v2_b5,128,64,fp32,132.9039306640625,False,NVIDIA_GeForce_RTX_4070_Ti_SUPER,16,
pvt_v2_b5,224,16,bf16,57.81964874267578,False,NVIDIA_GeForce_RTX_4070_Ti_SUPER,16,
pvt_v2_b5,224,16,fp16,57.68038558959961,False,NVIDIA_GeForce_RTX_4070_Ti_SUPER,16,
pvt_v2_b5,224,16,fp32,109.81734466552734,False,NVIDIA_GeForce_RTX_4070_Ti_SUPER,16,
pvt_v2_b5,224,32,bf16,98.5528335571289,False,NVIDIA_GeForce_RTX_4070_Ti_SUPER,16,
pvt_v2_b5,224,32,fp16,98.33881378173828,False,NVIDIA_GeForce_RTX_4070_Ti_SUPER,16,
pvt_v2_b5,224,32,fp32,238.9319610595703,False,NVIDIA_GeForce_RTX_4070_Ti_SUPER,16,
pvt_v2_b5,224,64,bf16,197.17990112304688,False,NVIDIA_GeForce_RTX_4070_Ti_SUPER,16,
pvt_v2_b5,224,64,fp16,194.98291015625,False,NVIDIA_GeForce_RTX_4070_Ti_SUPER,16,
pvt_v2_b5,224,64,fp32,,True,NVIDIA_GeForce_RTX_4070_Ti_SUPER,16,
regnety_032,64,16,bf16,8.71833610534668,False,NVIDIA_GeForce_RTX_4070_Ti_SUPER,16,
regnety_032,64,16,fp16,8.49612808227539,False,NVIDIA_GeForce_RTX_4070_Ti_SUPER,16,
regnety_032,64,16,fp32,9.78171157836914,False,NVIDIA_GeForce_RTX_4070_Ti_SUPER,16,
regnety_032,64,32,bf16,10.825728416442873,False,NVIDIA_GeForce_RTX_4070_Ti_SUPER,16,
regnety_032,64,32,fp16,10.117631912231444,False,NVIDIA_GeForce_RTX_4070_Ti_SUPER,16,
regnety_032,64,32,fp32,13.942272186279297,False,NVIDIA_GeForce_RTX_4070_Ti_SUPER,16,
regnety_032,64,64,bf16,13.99398422241211,False,NVIDIA_GeForce_RTX_4070_Ti_SUPER,16,
regnety_032,64,64,fp16,12.386816024780272,False,NVIDIA_GeForce_RTX_4070_Ti_SUPER,16,
regnety_032,64,64,fp32,21.597183227539062,False,NVIDIA_GeForce_RTX_4070_Ti_SUPER,16,
regnety_032,128,16,bf16,12.179455757141112,False,NVIDIA_GeForce_RTX_4070_Ti_SUPER,16,
regnety_032,128,16,fp16,11.07097625732422,False,NVIDIA_GeForce_RTX_4070_Ti_SUPER,16,
regnety_032,128,16,fp32,17.959423065185547,False,NVIDIA_GeForce_RTX_4070_Ti_SUPER,16,
regnety_032,128,32,bf16,17.977855682373047,False,NVIDIA_GeForce_RTX_4070_Ti_SUPER,16,
regnety_032,128,32,fp16,15.873536109924316,False,NVIDIA_GeForce_RTX_4070_Ti_SUPER,16,
regnety_032,128,32,fp32,27.745792388916016,False,NVIDIA_GeForce_RTX_4070_Ti_SUPER,16,
regnety_032,128,64,bf16,31.357440948486328,False,NVIDIA_GeForce_RTX_4070_Ti_SUPER,16,
regnety_032,128,64,fp16,26.874496459960938,False,NVIDIA_GeForce_RTX_4070_Ti_SUPER,16,
regnety_032,128,64,fp32,53.7262077331543,False,NVIDIA_GeForce_RTX_4070_Ti_SUPER,16,
regnety_032,224,16,bf16,25.08799934387207,False,NVIDIA_GeForce_RTX_4070_Ti_SUPER,16,
regnety_032,224,16,fp16,22.716928482055664,False,NVIDIA_GeForce_RTX_4070_Ti_SUPER,16,
regnety_032,224,16,fp32,43.99204635620117,False,NVIDIA_GeForce_RTX_4070_Ti_SUPER,16,
regnety_032,224,32,bf16,44.686336517333984,False,NVIDIA_GeForce_RTX_4070_Ti_SUPER,16,
regnety_032,224,32,fp16,39.42924880981445,False,NVIDIA_GeForce_RTX_4070_Ti_SUPER,16,
regnety_032,224,32,fp32,78.93659210205078,False,NVIDIA_GeForce_RTX_4070_Ti_SUPER,16,
regnety_032,224,64,bf16,90.94348907470705,False,NVIDIA_GeForce_RTX_4070_Ti_SUPER,16,
regnety_032,224,64,fp16,79.9605941772461,False,NVIDIA_GeForce_RTX_4070_Ti_SUPER,16,
regnety_032,224,64,fp32,171.30636596679688,False,NVIDIA_GeForce_RTX_4070_Ti_SUPER,16,
regnety_080,64,16,bf16,14.222847938537598,False,NVIDIA_GeForce_RTX_4070_Ti_SUPER,16,
regnety_080,64,16,fp16,13.875200271606444,False,NVIDIA_GeForce_RTX_4070_Ti_SUPER,16,
regnety_080,64,16,fp32,15.280096054077148,False,NVIDIA_GeForce_RTX_4070_Ti_SUPER,16,
regnety_080,64,32,bf16,19.19487953186035,False,NVIDIA_GeForce_RTX_4070_Ti_SUPER,16,
regnety_080,64,32,fp16,18.44223976135254,False,NVIDIA_GeForce_RTX_4070_Ti_SUPER,16,
regnety_080,64,32,fp32,21.321727752685547,False,NVIDIA_GeForce_RTX_4070_Ti_SUPER,16,
regnety_080,64,64,bf16,28.127744674682617,False,NVIDIA_GeForce_RTX_4070_Ti_SUPER,16,
regnety_080,64,64,fp16,26.44121551513672,False,NVIDIA_GeForce_RTX_4070_Ti_SUPER,16,
regnety_080,64,64,fp32,36.17115020751953,False,NVIDIA_GeForce_RTX_4070_Ti_SUPER,16,
regnety_080,128,16,bf16,18.09971237182617,False,NVIDIA_GeForce_RTX_4070_Ti_SUPER,16,
regnety_080,128,16,fp16,17.45408058166504,False,NVIDIA_GeForce_RTX_4070_Ti_SUPER,16,
regnety_080,128,16,fp32,30.91814422607422,False,NVIDIA_GeForce_RTX_4070_Ti_SUPER,16,
regnety_080,128,32,bf16,29.72876739501953,False,NVIDIA_GeForce_RTX_4070_Ti_SUPER,16,
regnety_080,128,32,fp16,28.388351440429688,False,NVIDIA_GeForce_RTX_4070_Ti_SUPER,16,
regnety_080,128,32,fp32,48.39884948730469,False,NVIDIA_GeForce_RTX_4070_Ti_SUPER,16,
regnety_080,128,64,bf16,44.51686477661133,False,NVIDIA_GeForce_RTX_4070_Ti_SUPER,16,
regnety_080,128,64,fp16,44.029441833496094,False,NVIDIA_GeForce_RTX_4070_Ti_SUPER,16,
regnety_080,128,64,fp32,101.99449920654295,False,NVIDIA_GeForce_RTX_4070_Ti_SUPER,16,
regnety_080,224,16,bf16,34.98854446411133,False,NVIDIA_GeForce_RTX_4070_Ti_SUPER,16,
regnety_080,224,16,fp16,32.83046340942383,False,NVIDIA_GeForce_RTX_4070_Ti_SUPER,16,
regnety_080,224,16,fp32,76.58904266357422,False,NVIDIA_GeForce_RTX_4070_Ti_SUPER,16,
regnety_080,224,32,bf16,70.71231842041016,False,NVIDIA_GeForce_RTX_4070_Ti_SUPER,16,
regnety_080,224,32,fp16,66.4110107421875,False,NVIDIA_GeForce_RTX_4070_Ti_SUPER,16,
regnety_080,224,32,fp32,131.0873565673828,False,NVIDIA_GeForce_RTX_4070_Ti_SUPER,16,
regnety_080,224,64,bf16,147.3623046875,False,NVIDIA_GeForce_RTX_4070_Ti_SUPER,16,
regnety_080,224,64,fp16,139.20204162597656,False,NVIDIA_GeForce_RTX_4070_Ti_SUPER,16,
regnety_080,224,64,fp32,426.6051025390625,False,NVIDIA_GeForce_RTX_4070_Ti_SUPER,16,
regnety_160,64,16,bf16,18.841087341308597,False,NVIDIA_GeForce_RTX_4070_Ti_SUPER,16,
regnety_160,64,16,fp16,17.726463317871094,False,NVIDIA_GeForce_RTX_4070_Ti_SUPER,16,
regnety_160,64,16,fp32,27.671039581298828,False,NVIDIA_GeForce_RTX_4070_Ti_SUPER,16,
regnety_160,64,32,bf16,23.03539276123047,False,NVIDIA_GeForce_RTX_4070_Ti_SUPER,16,
regnety_160,64,32,fp16,20.972543716430664,False,NVIDIA_GeForce_RTX_4070_Ti_SUPER,16,
regnety_160,64,32,fp32,39.99846267700195,False,NVIDIA_GeForce_RTX_4070_Ti_SUPER,16,
regnety_160,64,64,bf16,33.01171112060547,False,NVIDIA_GeForce_RTX_4070_Ti_SUPER,16,
regnety_160,64,64,fp16,30.709760665893555,False,NVIDIA_GeForce_RTX_4070_Ti_SUPER,16,
regnety_160,64,64,fp32,64.48588562011719,False,NVIDIA_GeForce_RTX_4070_Ti_SUPER,16,
regnety_160,128,16,bf16,29.922304153442383,False,NVIDIA_GeForce_RTX_4070_Ti_SUPER,16,
regnety_160,128,16,fp16,28.78668785095215,False,NVIDIA_GeForce_RTX_4070_Ti_SUPER,16,
regnety_160,128,16,fp32,45.66374588012695,False,NVIDIA_GeForce_RTX_4070_Ti_SUPER,16,
regnety_160,128,32,bf16,44.75750350952149,False,NVIDIA_GeForce_RTX_4070_Ti_SUPER,16,
regnety_160,128,32,fp16,44.0263671875,False,NVIDIA_GeForce_RTX_4070_Ti_SUPER,16,
regnety_160,128,32,fp32,76.46924591064453,False,NVIDIA_GeForce_RTX_4070_Ti_SUPER,16,
regnety_160,128,64,bf16,76.0785903930664,False,NVIDIA_GeForce_RTX_4070_Ti_SUPER,16,
regnety_160,128,64,fp16,72.83712005615234,False,NVIDIA_GeForce_RTX_4070_Ti_SUPER,16,
regnety_160,128,64,fp32,157.0186309814453,False,NVIDIA_GeForce_RTX_4070_Ti_SUPER,16,
regnety_160,224,16,bf16,61.41747283935547,False,NVIDIA_GeForce_RTX_4070_Ti_SUPER,16,
regnety_160,224,16,fp16,58.8666877746582,False,NVIDIA_GeForce_RTX_4070_Ti_SUPER,16,
regnety_160,224,16,fp32,123.95008087158205,False,NVIDIA_GeForce_RTX_4070_Ti_SUPER,16,
regnety_160,224,32,bf16,110.82393646240234,False,NVIDIA_GeForce_RTX_4070_Ti_SUPER,16,
regnety_160,224,32,fp16,105.81964874267578,False,NVIDIA_GeForce_RTX_4070_Ti_SUPER,16,
regnety_160,224,32,fp32,242.34906005859372,False,NVIDIA_GeForce_RTX_4070_Ti_SUPER,16,
regnety_160,224,64,bf16,232.35379028320312,False,NVIDIA_GeForce_RTX_4070_Ti_SUPER,16,
regnety_160,224,64,fp16,223.57862854003903,False,NVIDIA_GeForce_RTX_4070_Ti_SUPER,16,
regnety_160,224,64,fp32,,True,NVIDIA_GeForce_RTX_4070_Ti_SUPER,16,
regnety_320,64,16,bf16,28.77132797241211,False,NVIDIA_GeForce_RTX_4070_Ti_SUPER,16,
regnety_320,64,16,fp16,27.428863525390625,False,NVIDIA_GeForce_RTX_4070_Ti_SUPER,16,
regnety_320,64,16,fp32,40.4771842956543,False,NVIDIA_GeForce_RTX_4070_Ti_SUPER,16,
regnety_320,64,32,bf16,34.459136962890625,False,NVIDIA_GeForce_RTX_4070_Ti_SUPER,16,
regnety_320,64,32,fp16,31.898624420166016,False,NVIDIA_GeForce_RTX_4070_Ti_SUPER,16,
regnety_320,64,32,fp32,49.53358459472656,False,NVIDIA_GeForce_RTX_4070_Ti_SUPER,16,
regnety_320,64,64,bf16,45.182464599609375,False,NVIDIA_GeForce_RTX_4070_Ti_SUPER,16,
regnety_320,64,64,fp16,42.96140670776367,False,NVIDIA_GeForce_RTX_4070_Ti_SUPER,16,
regnety_320,64,64,fp32,78.44403076171875,False,NVIDIA_GeForce_RTX_4070_Ti_SUPER,16,
regnety_320,128,16,bf16,42.2369270324707,False,NVIDIA_GeForce_RTX_4070_Ti_SUPER,16,
regnety_320,128,16,fp16,41.091583251953125,False,NVIDIA_GeForce_RTX_4070_Ti_SUPER,16,
regnety_320,128,16,fp32,61.17529678344727,False,NVIDIA_GeForce_RTX_4070_Ti_SUPER,16,
regnety_320,128,32,bf16,64.37580871582031,False,NVIDIA_GeForce_RTX_4070_Ti_SUPER,16,
regnety_320,128,32,fp16,62.25920104980469,False,NVIDIA_GeForce_RTX_4070_Ti_SUPER,16,
regnety_320,128,32,fp32,110.22695922851562,False,NVIDIA_GeForce_RTX_4070_Ti_SUPER,16,
regnety_320,128,64,bf16,115.8882064819336,False,NVIDIA_GeForce_RTX_4070_Ti_SUPER,16,
regnety_320,128,64,fp16,112.72652435302734,False,NVIDIA_GeForce_RTX_4070_Ti_SUPER,16,
regnety_320,128,64,fp32,212.67100524902344,False,NVIDIA_GeForce_RTX_4070_Ti_SUPER,16,
regnety_320,224,16,bf16,93.359619140625,False,NVIDIA_GeForce_RTX_4070_Ti_SUPER,16,
regnety_320,224,16,fp16,90.4791030883789,False,NVIDIA_GeForce_RTX_4070_Ti_SUPER,16,
regnety_320,224,16,fp32,169.05369567871094,False,NVIDIA_GeForce_RTX_4070_Ti_SUPER,16,
regnety_320,224,32,bf16,179.31520080566406,False,NVIDIA_GeForce_RTX_4070_Ti_SUPER,16,
regnety_320,224,32,fp16,172.62387084960938,False,NVIDIA_GeForce_RTX_4070_Ti_SUPER,16,
regnety_320,224,32,fp32,334.87615966796875,False,NVIDIA_GeForce_RTX_4070_Ti_SUPER,16,
regnety_320,224,64,bf16,355.3182678222656,False,NVIDIA_GeForce_RTX_4070_Ti_SUPER,16,
regnety_320,224,64,fp16,341.1409912109375,False,NVIDIA_GeForce_RTX_4070_Ti_SUPER,16,
regnety_320,224,64,fp32,,True,NVIDIA_GeForce_RTX_4070_Ti_SUPER,16,
repvgg_a2,64,16,bf16,6.684160232543945,False,NVIDIA_GeForce_RTX_4070_Ti_SUPER,16,
repvgg_a2,64,16,fp16,6.496767997741699,False,NVIDIA_GeForce_RTX_4070_Ti_SUPER,16,
repvgg_a2,64,16,fp32,8.350720405578613,False,NVIDIA_GeForce_RTX_4070_Ti_SUPER,16,
repvgg_a2,64,32,bf16,7.856639862060547,False,NVIDIA_GeForce_RTX_4070_Ti_SUPER,16,
repvgg_a2,64,32,fp16,7.400447845458984,False,NVIDIA_GeForce_RTX_4070_Ti_SUPER,16,
repvgg_a2,64,32,fp32,9.508352279663086,False,NVIDIA_GeForce_RTX_4070_Ti_SUPER,16,
repvgg_a2,64,64,bf16,10.663935661315918,False,NVIDIA_GeForce_RTX_4070_Ti_SUPER,16,
repvgg_a2,64,64,fp16,9.855999946594238,False,NVIDIA_GeForce_RTX_4070_Ti_SUPER,16,
repvgg_a2,64,64,fp32,12.64793586730957,False,NVIDIA_GeForce_RTX_4070_Ti_SUPER,16,
repvgg_a2,128,16,bf16,9.50937557220459,False,NVIDIA_GeForce_RTX_4070_Ti_SUPER,16,
repvgg_a2,128,16,fp16,9.061375617980955,False,NVIDIA_GeForce_RTX_4070_Ti_SUPER,16,
repvgg_a2,128,16,fp32,13.072896003723145,False,NVIDIA_GeForce_RTX_4070_Ti_SUPER,16,
repvgg_a2,128,32,bf16,13.86956787109375,False,NVIDIA_GeForce_RTX_4070_Ti_SUPER,16,
repvgg_a2,128,32,fp16,13.16044807434082,False,NVIDIA_GeForce_RTX_4070_Ti_SUPER,16,
repvgg_a2,128,32,fp32,20.6115837097168,False,NVIDIA_GeForce_RTX_4070_Ti_SUPER,16,
repvgg_a2,128,64,bf16,24.50943946838379,False,NVIDIA_GeForce_RTX_4070_Ti_SUPER,16,
repvgg_a2,128,64,fp16,22.906879425048828,False,NVIDIA_GeForce_RTX_4070_Ti_SUPER,16,
repvgg_a2,128,64,fp32,40.1448974609375,False,NVIDIA_GeForce_RTX_4070_Ti_SUPER,16,
repvgg_a2,224,16,bf16,18.801664352416992,False,NVIDIA_GeForce_RTX_4070_Ti_SUPER,16,
repvgg_a2,224,16,fp16,17.795072555541992,False,NVIDIA_GeForce_RTX_4070_Ti_SUPER,16,
repvgg_a2,224,16,fp32,32.38502502441406,False,NVIDIA_GeForce_RTX_4070_Ti_SUPER,16,
repvgg_a2,224,32,bf16,34.36441421508789,False,NVIDIA_GeForce_RTX_4070_Ti_SUPER,16,
repvgg_a2,224,32,fp16,32.519168853759766,False,NVIDIA_GeForce_RTX_4070_Ti_SUPER,16,
repvgg_a2,224,32,fp32,61.881343841552734,False,NVIDIA_GeForce_RTX_4070_Ti_SUPER,16,
repvgg_a2,224,64,bf16,66.95782470703125,False,NVIDIA_GeForce_RTX_4070_Ti_SUPER,16,
repvgg_a2,224,64,fp16,63.1992301940918,False,NVIDIA_GeForce_RTX_4070_Ti_SUPER,16,
repvgg_a2,224,64,fp32,124.46412658691406,False,NVIDIA_GeForce_RTX_4070_Ti_SUPER,16,
resmlp_24_224,64,16,bf16,9.183232307434082,False,NVIDIA_GeForce_RTX_4070_Ti_SUPER,16,
resmlp_24_224,64,16,fp16,9.155072212219238,False,NVIDIA_GeForce_RTX_4070_Ti_SUPER,16,
resmlp_24_224,64,16,fp32,8.3307523727417,False,NVIDIA_GeForce_RTX_4070_Ti_SUPER,16,
resmlp_24_224,64,32,bf16,8.226304054260254,False,NVIDIA_GeForce_RTX_4070_Ti_SUPER,16,
resmlp_24_224,64,32,fp16,8.158207893371582,False,NVIDIA_GeForce_RTX_4070_Ti_SUPER,16,
resmlp_24_224,64,32,fp32,10.653696060180664,False,NVIDIA_GeForce_RTX_4070_Ti_SUPER,16,
resmlp_24_224,64,64,bf16,10.65727996826172,False,NVIDIA_GeForce_RTX_4070_Ti_SUPER,16,
resmlp_24_224,64,64,fp16,10.566656112670898,False,NVIDIA_GeForce_RTX_4070_Ti_SUPER,16,
resmlp_24_224,64,64,fp32,15.080960273742676,False,NVIDIA_GeForce_RTX_4070_Ti_SUPER,16,
resmlp_24_224,128,16,bf16,11.041279792785645,False,NVIDIA_GeForce_RTX_4070_Ti_SUPER,16,
resmlp_24_224,128,16,fp16,10.969599723815918,False,NVIDIA_GeForce_RTX_4070_Ti_SUPER,16,
resmlp_24_224,128,16,fp32,15.537664413452148,False,NVIDIA_GeForce_RTX_4070_Ti_SUPER,16,
resmlp_24_224,128,32,bf16,15.988736152648926,False,NVIDIA_GeForce_RTX_4070_Ti_SUPER,16,
resmlp_24_224,128,32,fp16,15.845888137817385,False,NVIDIA_GeForce_RTX_4070_Ti_SUPER,16,
resmlp_24_224,128,32,fp32,26.12019157409668,False,NVIDIA_GeForce_RTX_4070_Ti_SUPER,16,
resmlp_24_224,128,64,bf16,26.822656631469727,False,NVIDIA_GeForce_RTX_4070_Ti_SUPER,16,
resmlp_24_224,128,64,fp16,26.55129623413086,False,NVIDIA_GeForce_RTX_4070_Ti_SUPER,16,
resmlp_24_224,128,64,fp32,48.44390487670898,False,NVIDIA_GeForce_RTX_4070_Ti_SUPER,16,
resmlp_24_224,224,16,bf16,22.98419189453125,False,NVIDIA_GeForce_RTX_4070_Ti_SUPER,16,
resmlp_24_224,224,16,fp16,22.881792068481445,False,NVIDIA_GeForce_RTX_4070_Ti_SUPER,16,
resmlp_24_224,224,16,fp32,40.659454345703125,False,NVIDIA_GeForce_RTX_4070_Ti_SUPER,16,
resmlp_24_224,224,32,bf16,40.4956169128418,False,NVIDIA_GeForce_RTX_4070_Ti_SUPER,16,
resmlp_24_224,224,32,fp16,40.37478256225586,False,NVIDIA_GeForce_RTX_4070_Ti_SUPER,16,
resmlp_24_224,224,32,fp32,75.59321594238281,False,NVIDIA_GeForce_RTX_4070_Ti_SUPER,16,
resmlp_24_224,224,64,bf16,79.73426818847656,False,NVIDIA_GeForce_RTX_4070_Ti_SUPER,16,
resmlp_24_224,224,64,fp16,79.36051177978516,False,NVIDIA_GeForce_RTX_4070_Ti_SUPER,16,
resmlp_24_224,224,64,fp32,153.2241973876953,False,NVIDIA_GeForce_RTX_4070_Ti_SUPER,16,
resnet101,64,16,bf16,11.498496055603027,False,NVIDIA_GeForce_RTX_4070_Ti_SUPER,16,
resnet101,64,16,fp16,11.080703735351562,False,NVIDIA_GeForce_RTX_4070_Ti_SUPER,16,
resnet101,64,16,fp32,14.69696044921875,False,NVIDIA_GeForce_RTX_4070_Ti_SUPER,16,
resnet101,64,32,bf16,13.279232025146484,False,NVIDIA_GeForce_RTX_4070_Ti_SUPER,16,
resnet101,64,32,fp16,12.328960418701172,False,NVIDIA_GeForce_RTX_4070_Ti_SUPER,16,
resnet101,64,32,fp32,18.776575088500977,False,NVIDIA_GeForce_RTX_4070_Ti_SUPER,16,
resnet101,64,64,bf16,18.295808792114254,False,NVIDIA_GeForce_RTX_4070_Ti_SUPER,16,
resnet101,64,64,fp16,16.216575622558594,False,NVIDIA_GeForce_RTX_4070_Ti_SUPER,16,
resnet101,64,64,fp32,25.126399993896484,False,NVIDIA_GeForce_RTX_4070_Ti_SUPER,16,
resnet101,128,16,bf16,15.186944007873535,False,NVIDIA_GeForce_RTX_4070_Ti_SUPER,16,
resnet101,128,16,fp16,14.156288146972656,False,NVIDIA_GeForce_RTX_4070_Ti_SUPER,16,
resnet101,128,16,fp32,20.025856018066406,False,NVIDIA_GeForce_RTX_4070_Ti_SUPER,16,
resnet101,128,32,bf16,23.498239517211918,False,NVIDIA_GeForce_RTX_4070_Ti_SUPER,16,
resnet101,128,32,fp16,21.388288497924805,False,NVIDIA_GeForce_RTX_4070_Ti_SUPER,16,
resnet101,128,32,fp32,35.2988166809082,False,NVIDIA_GeForce_RTX_4070_Ti_SUPER,16,
resnet101,128,64,bf16,42.1473274230957,False,NVIDIA_GeForce_RTX_4070_Ti_SUPER,16,
resnet101,128,64,fp16,38.46553421020508,False,NVIDIA_GeForce_RTX_4070_Ti_SUPER,16,
resnet101,128,64,fp32,66.4632339477539,False,NVIDIA_GeForce_RTX_4070_Ti_SUPER,16,
resnet101,224,16,bf16,29.755903244018555,False,NVIDIA_GeForce_RTX_4070_Ti_SUPER,16,
resnet101,224,16,fp16,27.200511932373047,False,NVIDIA_GeForce_RTX_4070_Ti_SUPER,16,
resnet101,224,16,fp32,49.617919921875,False,NVIDIA_GeForce_RTX_4070_Ti_SUPER,16,
resnet101,224,32,bf16,57.06190490722656,False,NVIDIA_GeForce_RTX_4070_Ti_SUPER,16,
resnet101,224,32,fp16,52.24089431762695,False,NVIDIA_GeForce_RTX_4070_Ti_SUPER,16,
resnet101,224,32,fp32,100.96742248535156,False,NVIDIA_GeForce_RTX_4070_Ti_SUPER,16,
resnet101,224,64,bf16,115.61779022216795,False,NVIDIA_GeForce_RTX_4070_Ti_SUPER,16,
resnet101,224,64,fp16,104.65229034423828,False,NVIDIA_GeForce_RTX_4070_Ti_SUPER,16,
resnet101,224,64,fp32,208.7475128173828,False,NVIDIA_GeForce_RTX_4070_Ti_SUPER,16,
resnet152,64,16,bf16,16.47667121887207,False,NVIDIA_GeForce_RTX_4070_Ti_SUPER,16,
resnet152,64,16,fp16,15.862784385681152,False,NVIDIA_GeForce_RTX_4070_Ti_SUPER,16,
resnet152,64,16,fp32,20.79078483581543,False,NVIDIA_GeForce_RTX_4070_Ti_SUPER,16,
resnet152,64,32,bf16,18.969087600708008,False,NVIDIA_GeForce_RTX_4070_Ti_SUPER,16,
resnet152,64,32,fp16,17.605632781982422,False,NVIDIA_GeForce_RTX_4070_Ti_SUPER,16,
resnet152,64,32,fp32,26.716672897338867,False,NVIDIA_GeForce_RTX_4070_Ti_SUPER,16,
resnet152,64,64,bf16,26.274816513061523,False,NVIDIA_GeForce_RTX_4070_Ti_SUPER,16,
resnet152,64,64,fp16,23.2806396484375,False,NVIDIA_GeForce_RTX_4070_Ti_SUPER,16,
resnet152,64,64,fp32,35.55379104614258,False,NVIDIA_GeForce_RTX_4070_Ti_SUPER,16,
resnet152,128,16,bf16,21.630464553833008,False,NVIDIA_GeForce_RTX_4070_Ti_SUPER,16,
resnet152,128,16,fp16,20.197376251220703,False,NVIDIA_GeForce_RTX_4070_Ti_SUPER,16,
resnet152,128,16,fp32,28.25574493408203,False,NVIDIA_GeForce_RTX_4070_Ti_SUPER,16,
resnet152,128,32,bf16,33.450496673583984,False,NVIDIA_GeForce_RTX_4070_Ti_SUPER,16,
resnet152,128,32,fp16,30.461952209472656,False,NVIDIA_GeForce_RTX_4070_Ti_SUPER,16,
resnet152,128,32,fp32,49.75411224365234,False,NVIDIA_GeForce_RTX_4070_Ti_SUPER,16,
resnet152,128,64,bf16,59.610111236572266,False,NVIDIA_GeForce_RTX_4070_Ti_SUPER,16,
resnet152,128,64,fp16,54.39334487915039,False,NVIDIA_GeForce_RTX_4070_Ti_SUPER,16,
resnet152,128,64,fp32,92.57318115234376,False,NVIDIA_GeForce_RTX_4070_Ti_SUPER,16,
resnet152,224,16,bf16,41.97939300537109,False,NVIDIA_GeForce_RTX_4070_Ti_SUPER,16,
resnet152,224,16,fp16,38.33036804199219,False,NVIDIA_GeForce_RTX_4070_Ti_SUPER,16,
resnet152,224,16,fp32,69.08159637451172,False,NVIDIA_GeForce_RTX_4070_Ti_SUPER,16,
resnet152,224,32,bf16,79.38304138183594,False,NVIDIA_GeForce_RTX_4070_Ti_SUPER,16,
resnet152,224,32,fp16,72.7040023803711,False,NVIDIA_GeForce_RTX_4070_Ti_SUPER,16,
resnet152,224,32,fp32,141.08621215820312,False,NVIDIA_GeForce_RTX_4070_Ti_SUPER,16,
resnet152,224,64,bf16,160.92568969726562,False,NVIDIA_GeForce_RTX_4070_Ti_SUPER,16,
resnet152,224,64,fp16,145.670654296875,False,NVIDIA_GeForce_RTX_4070_Ti_SUPER,16,
resnet152,224,64,fp32,293.7937927246094,False,NVIDIA_GeForce_RTX_4070_Ti_SUPER,16,
resnet18,64,16,bf16,2.4488959312438965,False,NVIDIA_GeForce_RTX_4070_Ti_SUPER,16,
resnet18,64,16,fp16,2.368511915206909,False,NVIDIA_GeForce_RTX_4070_Ti_SUPER,16,
resnet18,64,16,fp32,3.4754559993743896,False,NVIDIA_GeForce_RTX_4070_Ti_SUPER,16,
resnet18,64,32,bf16,2.809855937957764,False,NVIDIA_GeForce_RTX_4070_Ti_SUPER,16,
resnet18,64,32,fp16,2.6659839153289795,False,NVIDIA_GeForce_RTX_4070_Ti_SUPER,16,
resnet18,64,32,fp32,3.8686718940734863,False,NVIDIA_GeForce_RTX_4070_Ti_SUPER,16,
resnet18,64,64,bf16,3.856384038925171,False,NVIDIA_GeForce_RTX_4070_Ti_SUPER,16,
resnet18,64,64,fp16,3.5783679485321045,False,NVIDIA_GeForce_RTX_4070_Ti_SUPER,16,
resnet18,64,64,fp32,5.145088195800781,False,NVIDIA_GeForce_RTX_4070_Ti_SUPER,16,
resnet18,128,16,bf16,3.5691521167755127,False,NVIDIA_GeForce_RTX_4070_Ti_SUPER,16,
resnet18,128,16,fp16,3.398655891418457,False,NVIDIA_GeForce_RTX_4070_Ti_SUPER,16,
resnet18,128,16,fp32,4.477952003479004,False,NVIDIA_GeForce_RTX_4070_Ti_SUPER,16,
resnet18,128,32,bf16,5.036032199859619,False,NVIDIA_GeForce_RTX_4070_Ti_SUPER,16,
resnet18,128,32,fp16,4.695040225982666,False,NVIDIA_GeForce_RTX_4070_Ti_SUPER,16,
resnet18,128,32,fp32,7.47980785369873,False,NVIDIA_GeForce_RTX_4070_Ti_SUPER,16,
resnet18,128,64,bf16,8.790016174316406,False,NVIDIA_GeForce_RTX_4070_Ti_SUPER,16,
resnet18,128,64,fp16,8.220159530639648,False,NVIDIA_GeForce_RTX_4070_Ti_SUPER,16,
resnet18,128,64,fp32,13.543423652648926,False,NVIDIA_GeForce_RTX_4070_Ti_SUPER,16,
resnet18,224,16,bf16,7.068160057067871,False,NVIDIA_GeForce_RTX_4070_Ti_SUPER,16,
resnet18,224,16,fp16,6.503935813903809,False,NVIDIA_GeForce_RTX_4070_Ti_SUPER,16,
resnet18,224,16,fp32,11.101696014404297,False,NVIDIA_GeForce_RTX_4070_Ti_SUPER,16,
resnet18,224,32,bf16,13.06879997253418,False,NVIDIA_GeForce_RTX_4070_Ti_SUPER,16,
resnet18,224,32,fp16,12.019712448120115,False,NVIDIA_GeForce_RTX_4070_Ti_SUPER,16,
resnet18,224,32,fp32,20.258304595947266,False,NVIDIA_GeForce_RTX_4070_Ti_SUPER,16,
resnet18,224,64,bf16,26.27891159057617,False,NVIDIA_GeForce_RTX_4070_Ti_SUPER,16,
resnet18,224,64,fp16,22.765567779541016,False,NVIDIA_GeForce_RTX_4070_Ti_SUPER,16,
resnet18,224,64,fp32,42.33164978027344,False,NVIDIA_GeForce_RTX_4070_Ti_SUPER,16,
resnet200,64,16,bf16,19.47545623779297,False,NVIDIA_GeForce_RTX_4070_Ti_SUPER,16,
resnet200,64,16,fp16,18.564607620239254,False,NVIDIA_GeForce_RTX_4070_Ti_SUPER,16,
resnet200,64,16,fp32,24.28518486022949,False,NVIDIA_GeForce_RTX_4070_Ti_SUPER,16,
resnet200,64,32,bf16,22.72972869873047,False,NVIDIA_GeForce_RTX_4070_Ti_SUPER,16,
resnet200,64,32,fp16,20.98124885559082,False,NVIDIA_GeForce_RTX_4070_Ti_SUPER,16,
resnet200,64,32,fp32,31.427583694458008,False,NVIDIA_GeForce_RTX_4070_Ti_SUPER,16,
resnet200,64,64,bf16,32.884735107421875,False,NVIDIA_GeForce_RTX_4070_Ti_SUPER,16,
resnet200,64,64,fp16,28.962303161621094,False,NVIDIA_GeForce_RTX_4070_Ti_SUPER,16,
resnet200,64,64,fp32,43.17951965332031,False,NVIDIA_GeForce_RTX_4070_Ti_SUPER,16,
resnet200,128,16,bf16,26.559999465942383,False,NVIDIA_GeForce_RTX_4070_Ti_SUPER,16,
resnet200,128,16,fp16,24.52326393127441,False,NVIDIA_GeForce_RTX_4070_Ti_SUPER,16,
resnet200,128,16,fp32,34.557952880859375,False,NVIDIA_GeForce_RTX_4070_Ti_SUPER,16,
resnet200,128,32,bf16,42.52928161621094,False,NVIDIA_GeForce_RTX_4070_Ti_SUPER,16,
resnet200,128,32,fp16,38.307838439941406,False,NVIDIA_GeForce_RTX_4070_Ti_SUPER,16,
resnet200,128,32,fp32,62.56998443603516,False,NVIDIA_GeForce_RTX_4070_Ti_SUPER,16,
resnet200,128,64,bf16,76.18508911132812,False,NVIDIA_GeForce_RTX_4070_Ti_SUPER,16,
resnet200,128,64,fp16,68.46361541748047,False,NVIDIA_GeForce_RTX_4070_Ti_SUPER,16,
resnet200,128,64,fp32,121.53804779052734,False,NVIDIA_GeForce_RTX_4070_Ti_SUPER,16,
resnet200,224,16,bf16,54.66982269287109,False,NVIDIA_GeForce_RTX_4070_Ti_SUPER,16,
resnet200,224,16,fp16,49.01529693603516,False,NVIDIA_GeForce_RTX_4070_Ti_SUPER,16,
resnet200,224,16,fp32,90.63680267333984,False,NVIDIA_GeForce_RTX_4070_Ti_SUPER,16,
resnet200,224,32,bf16,105.03116607666016,False,NVIDIA_GeForce_RTX_4070_Ti_SUPER,16,
resnet200,224,32,fp16,94.36109161376952,False,NVIDIA_GeForce_RTX_4070_Ti_SUPER,16,
resnet200,224,32,fp32,190.22592163085935,False,NVIDIA_GeForce_RTX_4070_Ti_SUPER,16,
resnet200,224,64,bf16,218.71923828125,False,NVIDIA_GeForce_RTX_4070_Ti_SUPER,16,
resnet200,224,64,fp16,196.55833435058597,False,NVIDIA_GeForce_RTX_4070_Ti_SUPER,16,
resnet200,224,64,fp32,,True,NVIDIA_GeForce_RTX_4070_Ti_SUPER,16,
resnet50,64,16,bf16,5.974016189575195,False,NVIDIA_GeForce_RTX_4070_Ti_SUPER,16,
resnet50,64,16,fp16,5.710336208343506,False,NVIDIA_GeForce_RTX_4070_Ti_SUPER,16,
resnet50,64,16,fp32,7.891456127166748,False,NVIDIA_GeForce_RTX_4070_Ti_SUPER,16,
resnet50,64,32,bf16,7.086080074310303,False,NVIDIA_GeForce_RTX_4070_Ti_SUPER,16,
resnet50,64,32,fp16,6.541312217712402,False,NVIDIA_GeForce_RTX_4070_Ti_SUPER,16,
resnet50,64,32,fp32,10.100735664367676,False,NVIDIA_GeForce_RTX_4070_Ti_SUPER,16,
resnet50,64,64,bf16,10.074111938476562,False,NVIDIA_GeForce_RTX_4070_Ti_SUPER,16,
resnet50,64,64,fp16,8.886783599853516,False,NVIDIA_GeForce_RTX_4070_Ti_SUPER,16,
resnet50,64,64,fp32,14.06719970703125,False,NVIDIA_GeForce_RTX_4070_Ti_SUPER,16,
resnet50,128,16,bf16,8.373248100280762,False,NVIDIA_GeForce_RTX_4070_Ti_SUPER,16,
resnet50,128,16,fp16,7.7117438316345215,False,NVIDIA_GeForce_RTX_4070_Ti_SUPER,16,
resnet50,128,16,fp32,11.35206413269043,False,NVIDIA_GeForce_RTX_4070_Ti_SUPER,16,
resnet50,128,32,bf16,13.330431938171388,False,NVIDIA_GeForce_RTX_4070_Ti_SUPER,16,
resnet50,128,32,fp16,12.055551528930664,False,NVIDIA_GeForce_RTX_4070_Ti_SUPER,16,
resnet50,128,32,fp32,20.77132797241211,False,NVIDIA_GeForce_RTX_4070_Ti_SUPER,16,
resnet50,128,64,bf16,24.62873649597168,False,NVIDIA_GeForce_RTX_4070_Ti_SUPER,16,
resnet50,128,64,fp16,22.3953914642334,False,NVIDIA_GeForce_RTX_4070_Ti_SUPER,16,
resnet50,128,64,fp32,41.48121643066406,False,NVIDIA_GeForce_RTX_4070_Ti_SUPER,16,
resnet50,224,16,bf16,18.02188873291016,False,NVIDIA_GeForce_RTX_4070_Ti_SUPER,16,
resnet50,224,16,fp16,16.199167251586914,False,NVIDIA_GeForce_RTX_4070_Ti_SUPER,16,
resnet50,224,16,fp32,30.90176010131836,False,NVIDIA_GeForce_RTX_4070_Ti_SUPER,16,
resnet50,224,32,bf16,35.90399932861328,False,NVIDIA_GeForce_RTX_4070_Ti_SUPER,16,
resnet50,224,32,fp16,32.61491012573242,False,NVIDIA_GeForce_RTX_4070_Ti_SUPER,16,
resnet50,224,32,fp32,64.39679718017578,False,NVIDIA_GeForce_RTX_4070_Ti_SUPER,16,
resnet50,224,64,bf16,75.16979217529297,False,NVIDIA_GeForce_RTX_4070_Ti_SUPER,16,
resnet50,224,64,fp16,67.47647857666016,False,NVIDIA_GeForce_RTX_4070_Ti_SUPER,16,
resnet50,224,64,fp32,132.96588134765625,False,NVIDIA_GeForce_RTX_4070_Ti_SUPER,16,
resnext101_64x4d,64,16,bf16,18.04697608947754,False,NVIDIA_GeForce_RTX_4070_Ti_SUPER,16,
resnext101_64x4d,64,16,fp16,17.468416213989258,False,NVIDIA_GeForce_RTX_4070_Ti_SUPER,16,
resnext101_64x4d,64,16,fp32,27.109376907348636,False,NVIDIA_GeForce_RTX_4070_Ti_SUPER,16,
resnext101_64x4d,64,32,bf16,21.689855575561523,False,NVIDIA_GeForce_RTX_4070_Ti_SUPER,16,
resnext101_64x4d,64,32,fp16,20.32076835632324,False,NVIDIA_GeForce_RTX_4070_Ti_SUPER,16,
resnext101_64x4d,64,32,fp32,42.12531280517578,False,NVIDIA_GeForce_RTX_4070_Ti_SUPER,16,
resnext101_64x4d,64,64,bf16,30.579200744628903,False,NVIDIA_GeForce_RTX_4070_Ti_SUPER,16,
resnext101_64x4d,64,64,fp16,27.31929588317871,False,NVIDIA_GeForce_RTX_4070_Ti_SUPER,16,
resnext101_64x4d,64,64,fp32,65.2257308959961,False,NVIDIA_GeForce_RTX_4070_Ti_SUPER,16,
resnext101_64x4d,128,16,bf16,24.015871047973636,False,NVIDIA_GeForce_RTX_4070_Ti_SUPER,16,
resnext101_64x4d,128,16,fp16,22.95244789123535,False,NVIDIA_GeForce_RTX_4070_Ti_SUPER,16,
resnext101_64x4d,128,16,fp32,48.919551849365234,False,NVIDIA_GeForce_RTX_4070_Ti_SUPER,16,
resnext101_64x4d,128,32,bf16,39.318016052246094,False,NVIDIA_GeForce_RTX_4070_Ti_SUPER,16,
resnext101_64x4d,128,32,fp16,38.59404754638672,False,NVIDIA_GeForce_RTX_4070_Ti_SUPER,16,
resnext101_64x4d,128,32,fp32,82.33113861083984,False,NVIDIA_GeForce_RTX_4070_Ti_SUPER,16,
resnext101_64x4d,128,64,bf16,71.23661041259766,False,NVIDIA_GeForce_RTX_4070_Ti_SUPER,16,
resnext101_64x4d,128,64,fp16,66.00038146972656,False,NVIDIA_GeForce_RTX_4070_Ti_SUPER,16,
resnext101_64x4d,128,64,fp32,180.5214691162109,False,NVIDIA_GeForce_RTX_4070_Ti_SUPER,16,
resnext101_64x4d,224,16,bf16,55.5683822631836,False,NVIDIA_GeForce_RTX_4070_Ti_SUPER,16,
resnext101_64x4d,224,16,fp16,52.21478271484375,False,NVIDIA_GeForce_RTX_4070_Ti_SUPER,16,
resnext101_64x4d,224,16,fp32,126.00985717773438,False,NVIDIA_GeForce_RTX_4070_Ti_SUPER,16,
resnext101_64x4d,224,32,bf16,114.54822540283205,False,NVIDIA_GeForce_RTX_4070_Ti_SUPER,16,
resnext101_64x4d,224,32,fp16,106.8748779296875,False,NVIDIA_GeForce_RTX_4070_Ti_SUPER,16,
resnext101_64x4d,224,32,fp32,222.5269775390625,False,NVIDIA_GeForce_RTX_4070_Ti_SUPER,16,
resnext101_64x4d,224,64,bf16,232.9190368652344,False,NVIDIA_GeForce_RTX_4070_Ti_SUPER,16,
resnext101_64x4d,224,64,fp16,215.4081268310547,False,NVIDIA_GeForce_RTX_4070_Ti_SUPER,16,
resnext101_64x4d,224,64,fp32,,True,NVIDIA_GeForce_RTX_4070_Ti_SUPER,16,
resnext50_32x4d,64,16,bf16,6.467072010040283,False,NVIDIA_GeForce_RTX_4070_Ti_SUPER,16,
resnext50_32x4d,64,16,fp16,6.222335815429688,False,NVIDIA_GeForce_RTX_4070_Ti_SUPER,16,
resnext50_32x4d,64,16,fp32,8.625663757324219,False,NVIDIA_GeForce_RTX_4070_Ti_SUPER,16,
resnext50_32x4d,64,32,bf16,8.675328254699707,False,NVIDIA_GeForce_RTX_4070_Ti_SUPER,16,
resnext50_32x4d,64,32,fp16,8.22323226928711,False,NVIDIA_GeForce_RTX_4070_Ti_SUPER,16,
resnext50_32x4d,64,32,fp32,13.06009578704834,False,NVIDIA_GeForce_RTX_4070_Ti_SUPER,16,
resnext50_32x4d,64,64,bf16,13.9617280960083,False,NVIDIA_GeForce_RTX_4070_Ti_SUPER,16,
resnext50_32x4d,64,64,fp16,12.55116844177246,False,NVIDIA_GeForce_RTX_4070_Ti_SUPER,16,
resnext50_32x4d,64,64,fp32,19.62803268432617,False,NVIDIA_GeForce_RTX_4070_Ti_SUPER,16,
resnext50_32x4d,128,16,bf16,9.455615997314451,False,NVIDIA_GeForce_RTX_4070_Ti_SUPER,16,
resnext50_32x4d,128,16,fp16,8.674304008483887,False,NVIDIA_GeForce_RTX_4070_Ti_SUPER,16,
resnext50_32x4d,128,16,fp32,15.0763521194458,False,NVIDIA_GeForce_RTX_4070_Ti_SUPER,16,
resnext50_32x4d,128,32,bf16,15.690239906311035,False,NVIDIA_GeForce_RTX_4070_Ti_SUPER,16,
resnext50_32x4d,128,32,fp16,14.492159843444824,False,NVIDIA_GeForce_RTX_4070_Ti_SUPER,16,
resnext50_32x4d,128,32,fp32,27.25222396850586,False,NVIDIA_GeForce_RTX_4070_Ti_SUPER,16,
resnext50_32x4d,128,64,bf16,29.822975158691406,False,NVIDIA_GeForce_RTX_4070_Ti_SUPER,16,
resnext50_32x4d,128,64,fp16,27.643903732299805,False,NVIDIA_GeForce_RTX_4070_Ti_SUPER,16,
resnext50_32x4d,128,64,fp32,57.95123291015625,False,NVIDIA_GeForce_RTX_4070_Ti_SUPER,16,
resnext50_32x4d,224,16,bf16,20.6376953125,False,NVIDIA_GeForce_RTX_4070_Ti_SUPER,16,
resnext50_32x4d,224,16,fp16,18.90457534790039,False,NVIDIA_GeForce_RTX_4070_Ti_SUPER,16,
resnext50_32x4d,224,16,fp32,43.57427215576172,False,NVIDIA_GeForce_RTX_4070_Ti_SUPER,16,
resnext50_32x4d,224,32,bf16,43.68076705932617,False,NVIDIA_GeForce_RTX_4070_Ti_SUPER,16,
resnext50_32x4d,224,32,fp16,39.70867156982422,False,NVIDIA_GeForce_RTX_4070_Ti_SUPER,16,
resnext50_32x4d,224,32,fp32,88.45209503173828,False,NVIDIA_GeForce_RTX_4070_Ti_SUPER,16,
resnext50_32x4d,224,64,bf16,93.88288116455078,False,NVIDIA_GeForce_RTX_4070_Ti_SUPER,16,
resnext50_32x4d,224,64,fp16,84.88294219970703,False,NVIDIA_GeForce_RTX_4070_Ti_SUPER,16,
resnext50_32x4d,224,64,fp32,179.89222717285156,False,NVIDIA_GeForce_RTX_4070_Ti_SUPER,16,
swin_base_patch4_window7_224,64,16,bf16,15.127552032470703,False,NVIDIA_GeForce_RTX_4070_Ti_SUPER,16,
swin_base_patch4_window7_224,64,16,fp16,15.030271530151367,False,NVIDIA_GeForce_RTX_4070_Ti_SUPER,16,
swin_base_patch4_window7_224,64,16,fp32,19.424768447875977,False,NVIDIA_GeForce_RTX_4070_Ti_SUPER,16,
swin_base_patch4_window7_224,64,32,bf16,18.54156875610352,False,NVIDIA_GeForce_RTX_4070_Ti_SUPER,16,
swin_base_patch4_window7_224,64,32,fp16,18.44223976135254,False,NVIDIA_GeForce_RTX_4070_Ti_SUPER,16,
swin_base_patch4_window7_224,64,32,fp32,28.045312881469727,False,NVIDIA_GeForce_RTX_4070_Ti_SUPER,16,
swin_base_patch4_window7_224,64,64,bf16,25.74336051940918,False,NVIDIA_GeForce_RTX_4070_Ti_SUPER,16,
swin_base_patch4_window7_224,64,64,fp16,25.59846305847168,False,NVIDIA_GeForce_RTX_4070_Ti_SUPER,16,
swin_base_patch4_window7_224,64,64,fp32,47.07379150390625,False,NVIDIA_GeForce_RTX_4070_Ti_SUPER,16,
swin_base_patch4_window7_224,128,16,bf16,33.4837760925293,False,NVIDIA_GeForce_RTX_4070_Ti_SUPER,16,
swin_base_patch4_window7_224,128,16,fp16,33.164798736572266,False,NVIDIA_GeForce_RTX_4070_Ti_SUPER,16,
swin_base_patch4_window7_224,128,16,fp32,62.56691360473633,False,NVIDIA_GeForce_RTX_4070_Ti_SUPER,16,
swin_base_patch4_window7_224,128,32,bf16,56.26931381225586,False,NVIDIA_GeForce_RTX_4070_Ti_SUPER,16,
swin_base_patch4_window7_224,128,32,fp16,55.71635055541992,False,NVIDIA_GeForce_RTX_4070_Ti_SUPER,16,
swin_base_patch4_window7_224,128,32,fp32,116.21324920654295,False,NVIDIA_GeForce_RTX_4070_Ti_SUPER,16,
swin_base_patch4_window7_224,128,64,bf16,114.6096649169922,False,NVIDIA_GeForce_RTX_4070_Ti_SUPER,16,
swin_base_patch4_window7_224,128,64,fp16,113.39008331298828,False,NVIDIA_GeForce_RTX_4070_Ti_SUPER,16,
swin_base_patch4_window7_224,128,64,fp32,236.7144927978516,False,NVIDIA_GeForce_RTX_4070_Ti_SUPER,16,
swin_base_patch4_window7_224,224,16,bf16,55.78459167480469,False,NVIDIA_GeForce_RTX_4070_Ti_SUPER,16,
swin_base_patch4_window7_224,224,16,fp16,55.009376525878906,False,NVIDIA_GeForce_RTX_4070_Ti_SUPER,16,
swin_base_patch4_window7_224,224,16,fp32,111.84690856933594,False,NVIDIA_GeForce_RTX_4070_Ti_SUPER,16,
swin_base_patch4_window7_224,224,32,bf16,104.02867126464844,False,NVIDIA_GeForce_RTX_4070_Ti_SUPER,16,
swin_base_patch4_window7_224,224,32,fp16,103.32466888427734,False,NVIDIA_GeForce_RTX_4070_Ti_SUPER,16,
swin_base_patch4_window7_224,224,32,fp32,215.1787567138672,False,NVIDIA_GeForce_RTX_4070_Ti_SUPER,16,
swin_base_patch4_window7_224,224,64,bf16,217.19091796875,False,NVIDIA_GeForce_RTX_4070_Ti_SUPER,16,
swin_base_patch4_window7_224,224,64,fp16,215.5371551513672,False,NVIDIA_GeForce_RTX_4070_Ti_SUPER,16,
swin_base_patch4_window7_224,224,64,fp32,,True,NVIDIA_GeForce_RTX_4070_Ti_SUPER,16,
swin_tiny_patch4_window7_224,64,16,bf16,6.383615970611572,False,NVIDIA_GeForce_RTX_4070_Ti_SUPER,16,
swin_tiny_patch4_window7_224,64,16,fp16,6.311423778533936,False,NVIDIA_GeForce_RTX_4070_Ti_SUPER,16,
swin_tiny_patch4_window7_224,64,16,fp32,8.300031661987305,False,NVIDIA_GeForce_RTX_4070_Ti_SUPER,16,
swin_tiny_patch4_window7_224,64,32,bf16,8.146431922912598,False,NVIDIA_GeForce_RTX_4070_Ti_SUPER,16,
swin_tiny_patch4_window7_224,64,32,fp16,8.070655822753906,False,NVIDIA_GeForce_RTX_4070_Ti_SUPER,16,
swin_tiny_patch4_window7_224,64,32,fp32,12.314623832702637,False,NVIDIA_GeForce_RTX_4070_Ti_SUPER,16,
swin_tiny_patch4_window7_224,64,64,bf16,11.761664390563965,False,NVIDIA_GeForce_RTX_4070_Ti_SUPER,16,
swin_tiny_patch4_window7_224,64,64,fp16,11.646976470947266,False,NVIDIA_GeForce_RTX_4070_Ti_SUPER,16,
swin_tiny_patch4_window7_224,64,64,fp32,20.379135131835938,False,NVIDIA_GeForce_RTX_4070_Ti_SUPER,16,
swin_tiny_patch4_window7_224,128,16,bf16,12.825599670410156,False,NVIDIA_GeForce_RTX_4070_Ti_SUPER,16,
swin_tiny_patch4_window7_224,128,16,fp16,12.699135780334473,False,NVIDIA_GeForce_RTX_4070_Ti_SUPER,16,
swin_tiny_patch4_window7_224,128,16,fp32,21.918720245361328,False,NVIDIA_GeForce_RTX_4070_Ti_SUPER,16,
swin_tiny_patch4_window7_224,128,32,bf16,21.17068862915039,False,NVIDIA_GeForce_RTX_4070_Ti_SUPER,16,
swin_tiny_patch4_window7_224,128,32,fp16,20.92339134216309,False,NVIDIA_GeForce_RTX_4070_Ti_SUPER,16,
swin_tiny_patch4_window7_224,128,32,fp32,40.52275085449219,False,NVIDIA_GeForce_RTX_4070_Ti_SUPER,16,
swin_tiny_patch4_window7_224,128,64,bf16,41.728511810302734,False,NVIDIA_GeForce_RTX_4070_Ti_SUPER,16,
swin_tiny_patch4_window7_224,128,64,fp16,41.132545471191406,False,NVIDIA_GeForce_RTX_4070_Ti_SUPER,16,
swin_tiny_patch4_window7_224,128,64,fp32,82.29427337646484,False,NVIDIA_GeForce_RTX_4070_Ti_SUPER,16,
swin_tiny_patch4_window7_224,224,16,bf16,23.34310340881348,False,NVIDIA_GeForce_RTX_4070_Ti_SUPER,16,
swin_tiny_patch4_window7_224,224,16,fp16,23.10400009155273,False,NVIDIA_GeForce_RTX_4070_Ti_SUPER,16,
swin_tiny_patch4_window7_224,224,16,fp32,43.8364143371582,False,NVIDIA_GeForce_RTX_4070_Ti_SUPER,16,
swin_tiny_patch4_window7_224,224,32,bf16,45.835262298583984,False,NVIDIA_GeForce_RTX_4070_Ti_SUPER,16,
swin_tiny_patch4_window7_224,224,32,fp16,45.53830337524414,False,NVIDIA_GeForce_RTX_4070_Ti_SUPER,16,
swin_tiny_patch4_window7_224,224,32,fp32,87.83462524414062,False,NVIDIA_GeForce_RTX_4070_Ti_SUPER,16,
swin_tiny_patch4_window7_224,224,64,bf16,94.54745483398438,False,NVIDIA_GeForce_RTX_4070_Ti_SUPER,16,
swin_tiny_patch4_window7_224,224,64,fp16,93.99091339111328,False,NVIDIA_GeForce_RTX_4070_Ti_SUPER,16,
swin_tiny_patch4_window7_224,224,64,fp32,177.46739196777344,False,NVIDIA_GeForce_RTX_4070_Ti_SUPER,16,
swinv2_cr_tiny_ns_224,64,16,bf16,7.233535766601562,False,NVIDIA_GeForce_RTX_4070_Ti_SUPER,16,
swinv2_cr_tiny_ns_224,64,16,fp16,7.1736321449279785,False,NVIDIA_GeForce_RTX_4070_Ti_SUPER,16,
swinv2_cr_tiny_ns_224,64,16,fp32,8.779264450073242,False,NVIDIA_GeForce_RTX_4070_Ti_SUPER,16,
swinv2_cr_tiny_ns_224,64,32,bf16,8.859647750854492,False,NVIDIA_GeForce_RTX_4070_Ti_SUPER,16,
swinv2_cr_tiny_ns_224,64,32,fp16,8.762880325317383,False,NVIDIA_GeForce_RTX_4070_Ti_SUPER,16,
swinv2_cr_tiny_ns_224,64,32,fp32,12.570112228393556,False,NVIDIA_GeForce_RTX_4070_Ti_SUPER,16,
swinv2_cr_tiny_ns_224,64,64,bf16,12.318719863891602,False,NVIDIA_GeForce_RTX_4070_Ti_SUPER,16,
swinv2_cr_tiny_ns_224,64,64,fp16,12.125696182250977,False,NVIDIA_GeForce_RTX_4070_Ti_SUPER,16,
swinv2_cr_tiny_ns_224,64,64,fp32,19.90604782104492,False,NVIDIA_GeForce_RTX_4070_Ti_SUPER,16,
swinv2_cr_tiny_ns_224,128,16,bf16,11.930624008178713,False,NVIDIA_GeForce_RTX_4070_Ti_SUPER,16,
swinv2_cr_tiny_ns_224,128,16,fp16,11.900927543640137,False,NVIDIA_GeForce_RTX_4070_Ti_SUPER,16,
swinv2_cr_tiny_ns_224,128,16,fp32,17.75052833557129,False,NVIDIA_GeForce_RTX_4070_Ti_SUPER,16,
swinv2_cr_tiny_ns_224,128,32,bf16,18.67059135437012,False,NVIDIA_GeForce_RTX_4070_Ti_SUPER,16,
swinv2_cr_tiny_ns_224,128,32,fp16,18.672128677368164,False,NVIDIA_GeForce_RTX_4070_Ti_SUPER,16,
swinv2_cr_tiny_ns_224,128,32,fp32,31.29497528076172,False,NVIDIA_GeForce_RTX_4070_Ti_SUPER,16,
swinv2_cr_tiny_ns_224,128,64,bf16,34.4345588684082,False,NVIDIA_GeForce_RTX_4070_Ti_SUPER,16,
swinv2_cr_tiny_ns_224,128,64,fp16,34.46732711791992,False,NVIDIA_GeForce_RTX_4070_Ti_SUPER,16,
swinv2_cr_tiny_ns_224,128,64,fp32,61.30534362792969,False,NVIDIA_GeForce_RTX_4070_Ti_SUPER,16,
swinv2_cr_tiny_ns_224,224,16,bf16,30.72921562194824,False,NVIDIA_GeForce_RTX_4070_Ti_SUPER,16,
swinv2_cr_tiny_ns_224,224,16,fp16,30.41587257385254,False,NVIDIA_GeForce_RTX_4070_Ti_SUPER,16,
swinv2_cr_tiny_ns_224,224,16,fp32,50.66035079956055,False,NVIDIA_GeForce_RTX_4070_Ti_SUPER,16,
swinv2_cr_tiny_ns_224,224,32,bf16,63.041534423828125,False,NVIDIA_GeForce_RTX_4070_Ti_SUPER,16,
swinv2_cr_tiny_ns_224,224,32,fp16,62.69030380249024,False,NVIDIA_GeForce_RTX_4070_Ti_SUPER,16,
swinv2_cr_tiny_ns_224,224,32,fp32,102.12761688232422,False,NVIDIA_GeForce_RTX_4070_Ti_SUPER,16,
swinv2_cr_tiny_ns_224,224,64,bf16,133.7400360107422,False,NVIDIA_GeForce_RTX_4070_Ti_SUPER,16,
swinv2_cr_tiny_ns_224,224,64,fp16,133.0462646484375,False,NVIDIA_GeForce_RTX_4070_Ti_SUPER,16,
swinv2_cr_tiny_ns_224,224,64,fp32,209.7049560546875,False,NVIDIA_GeForce_RTX_4070_Ti_SUPER,16,
twins_pcpvt_small,64,16,bf16,10.805248260498049,False,NVIDIA_GeForce_RTX_4070_Ti_SUPER,16,
twins_pcpvt_small,64,16,fp16,6.9811201095581055,False,NVIDIA_GeForce_RTX_4070_Ti_SUPER,16,
twins_pcpvt_small,64,16,fp32,8.302080154418945,False,NVIDIA_GeForce_RTX_4070_Ti_SUPER,16,
twins_pcpvt_small,64,32,bf16,8.182784080505371,False,NVIDIA_GeForce_RTX_4070_Ti_SUPER,16,
twins_pcpvt_small,64,32,fp16,8.399359703063965,False,NVIDIA_GeForce_RTX_4070_Ti_SUPER,16,
twins_pcpvt_small,64,32,fp32,11.233280181884766,False,NVIDIA_GeForce_RTX_4070_Ti_SUPER,16,
twins_pcpvt_small,64,64,bf16,11.654656410217283,False,NVIDIA_GeForce_RTX_4070_Ti_SUPER,16,
twins_pcpvt_small,64,64,fp16,11.581952095031738,False,NVIDIA_GeForce_RTX_4070_Ti_SUPER,16,
twins_pcpvt_small,64,64,fp32,17.03424072265625,False,NVIDIA_GeForce_RTX_4070_Ti_SUPER,16,
twins_pcpvt_small,128,16,bf16,10.83033561706543,False,NVIDIA_GeForce_RTX_4070_Ti_SUPER,16,
twins_pcpvt_small,128,16,fp16,10.7325439453125,False,NVIDIA_GeForce_RTX_4070_Ti_SUPER,16,
twins_pcpvt_small,128,16,fp32,16.549375534057617,False,NVIDIA_GeForce_RTX_4070_Ti_SUPER,16,
twins_pcpvt_small,128,32,bf16,16.052736282348633,False,NVIDIA_GeForce_RTX_4070_Ti_SUPER,16,
twins_pcpvt_small,128,32,fp16,15.96723175048828,False,NVIDIA_GeForce_RTX_4070_Ti_SUPER,16,
twins_pcpvt_small,128,32,fp32,26.987520217895508,False,NVIDIA_GeForce_RTX_4070_Ti_SUPER,16,
twins_pcpvt_small,128,64,bf16,28.35507202148437,False,NVIDIA_GeForce_RTX_4070_Ti_SUPER,16,
twins_pcpvt_small,128,64,fp16,28.23577690124512,False,NVIDIA_GeForce_RTX_4070_Ti_SUPER,16,
twins_pcpvt_small,128,64,fp32,49.38035202026367,False,NVIDIA_GeForce_RTX_4070_Ti_SUPER,16,
twins_pcpvt_small,224,16,bf16,22.905855178833008,False,NVIDIA_GeForce_RTX_4070_Ti_SUPER,16,
twins_pcpvt_small,224,16,fp16,22.790143966674805,False,NVIDIA_GeForce_RTX_4070_Ti_SUPER,16,
twins_pcpvt_small,224,16,fp32,41.049598693847656,False,NVIDIA_GeForce_RTX_4070_Ti_SUPER,16,
twins_pcpvt_small,224,32,bf16,40.215553283691406,False,NVIDIA_GeForce_RTX_4070_Ti_SUPER,16,
twins_pcpvt_small,224,32,fp16,40.04556655883789,False,NVIDIA_GeForce_RTX_4070_Ti_SUPER,16,
twins_pcpvt_small,224,32,fp32,74.63321685791016,False,NVIDIA_GeForce_RTX_4070_Ti_SUPER,16,
twins_pcpvt_small,224,64,bf16,80.47206115722656,False,NVIDIA_GeForce_RTX_4070_Ti_SUPER,16,
twins_pcpvt_small,224,64,fp16,80.3056640625,False,NVIDIA_GeForce_RTX_4070_Ti_SUPER,16,
twins_pcpvt_small,224,64,fp32,145.5267791748047,False,NVIDIA_GeForce_RTX_4070_Ti_SUPER,16,
twins_svt_small,64,16,bf16,7.685120105743408,False,NVIDIA_GeForce_RTX_4070_Ti_SUPER,16,
twins_svt_small,64,16,fp16,7.62828779220581,False,NVIDIA_GeForce_RTX_4070_Ti_SUPER,16,
twins_svt_small,64,16,fp32,8.61030387878418,False,NVIDIA_GeForce_RTX_4070_Ti_SUPER,16,
twins_svt_small,64,32,bf16,10.15500831604004,False,NVIDIA_GeForce_RTX_4070_Ti_SUPER,16,
twins_svt_small,64,32,fp16,10.166784286499023,False,NVIDIA_GeForce_RTX_4070_Ti_SUPER,16,
twins_svt_small,64,32,fp32,12.200448036193848,False,NVIDIA_GeForce_RTX_4070_Ti_SUPER,16,
twins_svt_small,64,64,bf16,15.340031623840332,False,NVIDIA_GeForce_RTX_4070_Ti_SUPER,16,
twins_svt_small,64,64,fp16,15.277567863464355,False,NVIDIA_GeForce_RTX_4070_Ti_SUPER,16,
twins_svt_small,64,64,fp32,19.4334716796875,False,NVIDIA_GeForce_RTX_4070_Ti_SUPER,16,
twins_svt_small,128,16,bf16,12.425215721130373,False,NVIDIA_GeForce_RTX_4070_Ti_SUPER,16,
twins_svt_small,128,16,fp16,12.355584144592283,False,NVIDIA_GeForce_RTX_4070_Ti_SUPER,16,
twins_svt_small,128,16,fp32,16.188928604125977,False,NVIDIA_GeForce_RTX_4070_Ti_SUPER,16,
twins_svt_small,128,32,bf16,19.93062400817871,False,NVIDIA_GeForce_RTX_4070_Ti_SUPER,16,
twins_svt_small,128,32,fp16,19.878400802612305,False,NVIDIA_GeForce_RTX_4070_Ti_SUPER,16,
twins_svt_small,128,32,fp32,27.327999114990234,False,NVIDIA_GeForce_RTX_4070_Ti_SUPER,16,
twins_svt_small,128,64,bf16,37.46611022949219,False,NVIDIA_GeForce_RTX_4070_Ti_SUPER,16,
twins_svt_small,128,64,fp16,37.409793853759766,False,NVIDIA_GeForce_RTX_4070_Ti_SUPER,16,
twins_svt_small,128,64,fp32,53.19987106323242,False,NVIDIA_GeForce_RTX_4070_Ti_SUPER,16,
twins_svt_small,224,16,bf16,21.57772827148437,False,NVIDIA_GeForce_RTX_4070_Ti_SUPER,16,
twins_svt_small,224,16,fp16,21.39289665222168,False,NVIDIA_GeForce_RTX_4070_Ti_SUPER,16,
twins_svt_small,224,16,fp32,32.97536087036133,False,NVIDIA_GeForce_RTX_4070_Ti_SUPER,16,
twins_svt_small,224,32,bf16,38.6431999206543,False,NVIDIA_GeForce_RTX_4070_Ti_SUPER,16,
twins_svt_small,224,32,fp16,38.62835311889648,False,NVIDIA_GeForce_RTX_4070_Ti_SUPER,16,
twins_svt_small,224,32,fp32,61.31046295166016,False,NVIDIA_GeForce_RTX_4070_Ti_SUPER,16,
twins_svt_small,224,64,bf16,78.4716796875,False,NVIDIA_GeForce_RTX_4070_Ti_SUPER,16,
twins_svt_small,224,64,fp16,78.3272933959961,False,NVIDIA_GeForce_RTX_4070_Ti_SUPER,16,
twins_svt_small,224,64,fp32,125.0022430419922,False,NVIDIA_GeForce_RTX_4070_Ti_SUPER,16,
vit_base_patch16_224,64,16,bf16,11.6495361328125,False,NVIDIA_GeForce_RTX_4070_Ti_SUPER,16,
vit_base_patch16_224,64,16,fp16,11.66643238067627,False,NVIDIA_GeForce_RTX_4070_Ti_SUPER,16,
vit_base_patch16_224,64,16,fp32,16.062976837158203,False,NVIDIA_GeForce_RTX_4070_Ti_SUPER,16,
vit_base_patch16_224,64,32,bf16,14.5863676071167,False,NVIDIA_GeForce_RTX_4070_Ti_SUPER,16,
vit_base_patch16_224,64,32,fp16,14.548992156982422,False,NVIDIA_GeForce_RTX_4070_Ti_SUPER,16,
vit_base_patch16_224,64,32,fp32,22.817279815673828,False,NVIDIA_GeForce_RTX_4070_Ti_SUPER,16,
vit_base_patch16_224,64,64,bf16,20.27110481262207,False,NVIDIA_GeForce_RTX_4070_Ti_SUPER,16,
vit_base_patch16_224,64,64,fp16,20.20863914489746,False,NVIDIA_GeForce_RTX_4070_Ti_SUPER,16,
vit_base_patch16_224,64,64,fp32,37.05344009399414,False,NVIDIA_GeForce_RTX_4070_Ti_SUPER,16,
vit_base_patch16_224,128,16,bf16,19.012096405029297,False,NVIDIA_GeForce_RTX_4070_Ti_SUPER,16,
vit_base_patch16_224,128,16,fp16,18.95884895324707,False,NVIDIA_GeForce_RTX_4070_Ti_SUPER,16,
vit_base_patch16_224,128,16,fp32,36.80409622192383,False,NVIDIA_GeForce_RTX_4070_Ti_SUPER,16,
vit_base_patch16_224,128,32,bf16,28.101119995117188,False,NVIDIA_GeForce_RTX_4070_Ti_SUPER,16,
vit_base_patch16_224,128,32,fp16,27.751935958862305,False,NVIDIA_GeForce_RTX_4070_Ti_SUPER,16,
vit_base_patch16_224,128,32,fp32,61.5203857421875,False,NVIDIA_GeForce_RTX_4070_Ti_SUPER,16,
vit_base_patch16_224,128,64,bf16,45.55571365356445,False,NVIDIA_GeForce_RTX_4070_Ti_SUPER,16,
vit_base_patch16_224,128,64,fp16,45.27667236328125,False,NVIDIA_GeForce_RTX_4070_Ti_SUPER,16,
vit_base_patch16_224,128,64,fp32,112.6830062866211,False,NVIDIA_GeForce_RTX_4070_Ti_SUPER,16,
vit_base_patch16_224,224,16,bf16,37.82553482055664,False,NVIDIA_GeForce_RTX_4070_Ti_SUPER,16,
vit_base_patch16_224,224,16,fp16,37.57619094848633,False,NVIDIA_GeForce_RTX_4070_Ti_SUPER,16,
vit_base_patch16_224,224,16,fp32,94.69900512695312,False,NVIDIA_GeForce_RTX_4070_Ti_SUPER,16,
vit_base_patch16_224,224,32,bf16,68.5511703491211,False,NVIDIA_GeForce_RTX_4070_Ti_SUPER,16,
vit_base_patch16_224,224,32,fp16,68.14412689208984,False,NVIDIA_GeForce_RTX_4070_Ti_SUPER,16,
vit_base_patch16_224,224,32,fp32,183.0548553466797,False,NVIDIA_GeForce_RTX_4070_Ti_SUPER,16,
vit_base_patch16_224,224,64,bf16,135.088134765625,False,NVIDIA_GeForce_RTX_4070_Ti_SUPER,16,
vit_base_patch16_224,224,64,fp16,134.31756591796875,False,NVIDIA_GeForce_RTX_4070_Ti_SUPER,16,
vit_base_patch16_224,224,64,fp32,350.84698486328125,False,NVIDIA_GeForce_RTX_4070_Ti_SUPER,16,
vit_large_patch16_224,64,16,bf16,39.4152946472168,False,NVIDIA_GeForce_RTX_4070_Ti_SUPER,16,
vit_large_patch16_224,64,16,fp16,39.37945556640625,False,NVIDIA_GeForce_RTX_4070_Ti_SUPER,16,
vit_large_patch16_224,64,16,fp32,51.35564804077149,False,NVIDIA_GeForce_RTX_4070_Ti_SUPER,16,
vit_large_patch16_224,64,32,bf16,47.98720169067383,False,NVIDIA_GeForce_RTX_4070_Ti_SUPER,16,
vit_large_patch16_224,64,32,fp16,47.72710418701172,False,NVIDIA_GeForce_RTX_4070_Ti_SUPER,16,
vit_large_patch16_224,64,32,fp32,72.77721405029297,False,NVIDIA_GeForce_RTX_4070_Ti_SUPER,16,
vit_large_patch16_224,64,64,bf16,64.36505889892578,False,NVIDIA_GeForce_RTX_4070_Ti_SUPER,16,
vit_large_patch16_224,64,64,fp16,64.2508773803711,False,NVIDIA_GeForce_RTX_4070_Ti_SUPER,16,
vit_large_patch16_224,64,64,fp32,119.17874908447266,False,NVIDIA_GeForce_RTX_4070_Ti_SUPER,16,
vit_large_patch16_224,128,16,bf16,61.15327835083008,False,NVIDIA_GeForce_RTX_4070_Ti_SUPER,16,
vit_large_patch16_224,128,16,fp16,61.00428771972656,False,NVIDIA_GeForce_RTX_4070_Ti_SUPER,16,
vit_large_patch16_224,128,16,fp32,117.60435485839844,False,NVIDIA_GeForce_RTX_4070_Ti_SUPER,16,
vit_large_patch16_224,128,32,bf16,89.65478515625,False,NVIDIA_GeForce_RTX_4070_Ti_SUPER,16,
vit_large_patch16_224,128,32,fp16,87.14752197265625,False,NVIDIA_GeForce_RTX_4070_Ti_SUPER,16,
vit_large_patch16_224,128,32,fp32,207.10400390625,False,NVIDIA_GeForce_RTX_4070_Ti_SUPER,16,
vit_large_patch16_224,128,64,bf16,152.0430145263672,False,NVIDIA_GeForce_RTX_4070_Ti_SUPER,16,
vit_large_patch16_224,128,64,fp16,151.56582641601562,False,NVIDIA_GeForce_RTX_4070_Ti_SUPER,16,
vit_large_patch16_224,128,64,fp32,369.8954162597656,False,NVIDIA_GeForce_RTX_4070_Ti_SUPER,16,
vit_large_patch16_224,224,16,bf16,124.45132446289062,False,NVIDIA_GeForce_RTX_4070_Ti_SUPER,16,
vit_large_patch16_224,224,16,fp16,124.0453109741211,False,NVIDIA_GeForce_RTX_4070_Ti_SUPER,16,
vit_large_patch16_224,224,16,fp32,311.3948059082031,False,NVIDIA_GeForce_RTX_4070_Ti_SUPER,16,
vit_large_patch16_224,224,32,bf16,223.43679809570312,False,NVIDIA_GeForce_RTX_4070_Ti_SUPER,16,
vit_large_patch16_224,224,32,fp16,220.3811798095703,False,NVIDIA_GeForce_RTX_4070_Ti_SUPER,16,
vit_large_patch16_224,224,32,fp32,3552.724365234375,False,NVIDIA_GeForce_RTX_4070_Ti_SUPER,16,precision_artifact
vit_large_patch16_224,224,64,bf16,,True,NVIDIA_GeForce_RTX_4070_Ti_SUPER,16,
vit_large_patch16_224,224,64,fp16,,True,NVIDIA_GeForce_RTX_4070_Ti_SUPER,16,
vit_large_patch16_224,224,64,fp32,,True,NVIDIA_GeForce_RTX_4070_Ti_SUPER,16,
vit_small_patch16_224,64,16,bf16,4.406271934509277,False,NVIDIA_GeForce_RTX_4070_Ti_SUPER,16,
vit_small_patch16_224,64,16,fp16,4.407296180725098,False,NVIDIA_GeForce_RTX_4070_Ti_SUPER,16,
vit_small_patch16_224,64,16,fp32,5.740543842315674,False,NVIDIA_GeForce_RTX_4070_Ti_SUPER,16,
vit_small_patch16_224,64,32,bf16,5.307392120361328,False,NVIDIA_GeForce_RTX_4070_Ti_SUPER,16,
vit_small_patch16_224,64,32,fp16,5.293568134307861,False,NVIDIA_GeForce_RTX_4070_Ti_SUPER,16,
vit_small_patch16_224,64,32,fp32,8.134143829345703,False,NVIDIA_GeForce_RTX_4070_Ti_SUPER,16,
vit_small_patch16_224,64,64,bf16,7.288832187652588,False,NVIDIA_GeForce_RTX_4070_Ti_SUPER,16,
vit_small_patch16_224,64,64,fp16,7.270400047302246,False,NVIDIA_GeForce_RTX_4070_Ti_SUPER,16,
vit_small_patch16_224,64,64,fp32,12.513792037963867,False,NVIDIA_GeForce_RTX_4070_Ti_SUPER,16,
vit_small_patch16_224,128,16,bf16,6.767615795135498,False,NVIDIA_GeForce_RTX_4070_Ti_SUPER,16,
vit_small_patch16_224,128,16,fp16,6.754303932189941,False,NVIDIA_GeForce_RTX_4070_Ti_SUPER,16,
vit_small_patch16_224,128,16,fp32,12.560383796691896,False,NVIDIA_GeForce_RTX_4070_Ti_SUPER,16,
vit_small_patch16_224,128,32,bf16,9.934847831726074,False,NVIDIA_GeForce_RTX_4070_Ti_SUPER,16,
vit_small_patch16_224,128,32,fp16,9.68447971343994,False,NVIDIA_GeForce_RTX_4070_Ti_SUPER,16,
vit_small_patch16_224,128,32,fp32,20.3427848815918,False,NVIDIA_GeForce_RTX_4070_Ti_SUPER,16,
vit_small_patch16_224,128,64,bf16,16.009727478027344,False,NVIDIA_GeForce_RTX_4070_Ti_SUPER,16,
vit_small_patch16_224,128,64,fp16,15.903231620788574,False,NVIDIA_GeForce_RTX_4070_Ti_SUPER,16,
vit_small_patch16_224,128,64,fp32,36.16204833984375,False,NVIDIA_GeForce_RTX_4070_Ti_SUPER,16,
vit_small_patch16_224,224,16,bf16,13.338111877441406,False,NVIDIA_GeForce_RTX_4070_Ti_SUPER,16,
vit_small_patch16_224,224,16,fp16,13.280768394470217,False,NVIDIA_GeForce_RTX_4070_Ti_SUPER,16,
vit_small_patch16_224,224,16,fp32,31.361536026000977,False,NVIDIA_GeForce_RTX_4070_Ti_SUPER,16,
vit_small_patch16_224,224,32,bf16,23.49977684020996,False,NVIDIA_GeForce_RTX_4070_Ti_SUPER,16,
vit_small_patch16_224,224,32,fp16,23.28832054138184,False,NVIDIA_GeForce_RTX_4070_Ti_SUPER,16,
vit_small_patch16_224,224,32,fp32,59.07916641235352,False,NVIDIA_GeForce_RTX_4070_Ti_SUPER,16,
vit_small_patch16_224,224,64,bf16,44.21068954467773,False,NVIDIA_GeForce_RTX_4070_Ti_SUPER,16,
vit_small_patch16_224,224,64,fp16,43.9024658203125,False,NVIDIA_GeForce_RTX_4070_Ti_SUPER,16,
vit_small_patch16_224,224,64,fp32,118.86540985107422,False,NVIDIA_GeForce_RTX_4070_Ti_SUPER,16,
vit_tiny_patch16_224,64,16,bf16,2.3562240600585938,False,NVIDIA_GeForce_RTX_4070_Ti_SUPER,16,
vit_tiny_patch16_224,64,16,fp16,2.2717440128326416,False,NVIDIA_GeForce_RTX_4070_Ti_SUPER,16,
vit_tiny_patch16_224,64,16,fp32,2.7007999420166016,False,NVIDIA_GeForce_RTX_4070_Ti_SUPER,16,
vit_tiny_patch16_224,64,32,bf16,2.846719980239868,False,NVIDIA_GeForce_RTX_4070_Ti_SUPER,16,
vit_tiny_patch16_224,64,32,fp16,2.810368061065674,False,NVIDIA_GeForce_RTX_4070_Ti_SUPER,16,
vit_tiny_patch16_224,64,32,fp32,3.691008090972901,False,NVIDIA_GeForce_RTX_4070_Ti_SUPER,16,
vit_tiny_patch16_224,64,64,bf16,3.446784019470215,False,NVIDIA_GeForce_RTX_4070_Ti_SUPER,16,
vit_tiny_patch16_224,64,64,fp16,3.4350080490112305,False,NVIDIA_GeForce_RTX_4070_Ti_SUPER,16,
vit_tiny_patch16_224,64,64,fp32,5.21011209487915,False,NVIDIA_GeForce_RTX_4070_Ti_SUPER,16,
vit_tiny_patch16_224,128,16,bf16,3.2071681022644043,False,NVIDIA_GeForce_RTX_4070_Ti_SUPER,16,
vit_tiny_patch16_224,128,16,fp16,3.207679986953736,False,NVIDIA_GeForce_RTX_4070_Ti_SUPER,16,
vit_tiny_patch16_224,128,16,fp32,5.273087978363037,False,NVIDIA_GeForce_RTX_4070_Ti_SUPER,16,
vit_tiny_patch16_224,128,32,bf16,4.674560070037842,False,NVIDIA_GeForce_RTX_4070_Ti_SUPER,16,
vit_tiny_patch16_224,128,32,fp16,4.666880130767822,False,NVIDIA_GeForce_RTX_4070_Ti_SUPER,16,
vit_tiny_patch16_224,128,32,fp32,8.19865608215332,False,NVIDIA_GeForce_RTX_4070_Ti_SUPER,16,
vit_tiny_patch16_224,128,64,bf16,6.927872180938721,False,NVIDIA_GeForce_RTX_4070_Ti_SUPER,16,
vit_tiny_patch16_224,128,64,fp16,6.88588809967041,False,NVIDIA_GeForce_RTX_4070_Ti_SUPER,16,
vit_tiny_patch16_224,128,64,fp32,14.419455528259276,False,NVIDIA_GeForce_RTX_4070_Ti_SUPER,16,
vit_tiny_patch16_224,224,16,bf16,6.2740478515625,False,NVIDIA_GeForce_RTX_4070_Ti_SUPER,16,
vit_tiny_patch16_224,224,16,fp16,6.255616188049316,False,NVIDIA_GeForce_RTX_4070_Ti_SUPER,16,
vit_tiny_patch16_224,224,16,fp32,12.472319602966309,False,NVIDIA_GeForce_RTX_4070_Ti_SUPER,16,
vit_tiny_patch16_224,224,32,bf16,10.4268798828125,False,NVIDIA_GeForce_RTX_4070_Ti_SUPER,16,
vit_tiny_patch16_224,224,32,fp16,10.382335662841797,False,NVIDIA_GeForce_RTX_4070_Ti_SUPER,16,
vit_tiny_patch16_224,224,32,fp32,23.12396812438965,False,NVIDIA_GeForce_RTX_4070_Ti_SUPER,16,
vit_tiny_patch16_224,224,64,bf16,18.69363212585449,False,NVIDIA_GeForce_RTX_4070_Ti_SUPER,16,
vit_tiny_patch16_224,224,64,fp16,18.525184631347656,False,NVIDIA_GeForce_RTX_4070_Ti_SUPER,16,
vit_tiny_patch16_224,224,64,fp32,45.56953430175781,False,NVIDIA_GeForce_RTX_4070_Ti_SUPER,16,
wide_resnet101_2,64,16,bf16,23.772159576416016,False,NVIDIA_GeForce_RTX_4070_Ti_SUPER,16,
wide_resnet101_2,64,16,fp16,24.4454402923584,False,NVIDIA_GeForce_RTX_4070_Ti_SUPER,16,
wide_resnet101_2,64,16,fp32,29.18707275390625,False,NVIDIA_GeForce_RTX_4070_Ti_SUPER,16,
wide_resnet101_2,64,32,bf16,30.28992080688477,False,NVIDIA_GeForce_RTX_4070_Ti_SUPER,16,
wide_resnet101_2,64,32,fp16,30.310400009155277,False,NVIDIA_GeForce_RTX_4070_Ti_SUPER,16,
wide_resnet101_2,64,32,fp32,38.45017623901367,False,NVIDIA_GeForce_RTX_4070_Ti_SUPER,16,
wide_resnet101_2,64,64,bf16,46.37337493896485,False,NVIDIA_GeForce_RTX_4070_Ti_SUPER,16,
wide_resnet101_2,64,64,fp16,44.12416076660156,False,NVIDIA_GeForce_RTX_4070_Ti_SUPER,16,
wide_resnet101_2,64,64,fp32,49.74028778076172,False,NVIDIA_GeForce_RTX_4070_Ti_SUPER,16,
wide_resnet101_2,128,16,bf16,32.50739288330078,False,NVIDIA_GeForce_RTX_4070_Ti_SUPER,16,
wide_resnet101_2,128,16,fp16,31.403520584106445,False,NVIDIA_GeForce_RTX_4070_Ti_SUPER,16,
wide_resnet101_2,128,16,fp32,41.65273666381836,False,NVIDIA_GeForce_RTX_4070_Ti_SUPER,16,
wide_resnet101_2,128,32,bf16,50.07155227661133,False,NVIDIA_GeForce_RTX_4070_Ti_SUPER,16,
wide_resnet101_2,128,32,fp16,48.21247863769531,False,NVIDIA_GeForce_RTX_4070_Ti_SUPER,16,
wide_resnet101_2,128,32,fp32,68.97357177734375,False,NVIDIA_GeForce_RTX_4070_Ti_SUPER,16,
wide_resnet101_2,128,64,bf16,83.30598449707031,False,NVIDIA_GeForce_RTX_4070_Ti_SUPER,16,
wide_resnet101_2,128,64,fp16,80.11315155029297,False,NVIDIA_GeForce_RTX_4070_Ti_SUPER,16,
wide_resnet101_2,128,64,fp32,126.59200286865234,False,NVIDIA_GeForce_RTX_4070_Ti_SUPER,16,
wide_resnet101_2,224,16,bf16,63.79622268676758,False,NVIDIA_GeForce_RTX_4070_Ti_SUPER,16,
wide_resnet101_2,224,16,fp16,61.058048248291016,False,NVIDIA_GeForce_RTX_4070_Ti_SUPER,16,
wide_resnet101_2,224,16,fp32,110.0615692138672,False,NVIDIA_GeForce_RTX_4070_Ti_SUPER,16,
wide_resnet101_2,224,32,bf16,116.21017456054688,False,NVIDIA_GeForce_RTX_4070_Ti_SUPER,16,
wide_resnet101_2,224,32,fp16,111.03437042236328,False,NVIDIA_GeForce_RTX_4070_Ti_SUPER,16,
wide_resnet101_2,224,32,fp32,199.35487365722656,False,NVIDIA_GeForce_RTX_4070_Ti_SUPER,16,
wide_resnet101_2,224,64,bf16,214.2904357910156,False,NVIDIA_GeForce_RTX_4070_Ti_SUPER,16,
wide_resnet101_2,224,64,fp16,202.78579711914065,False,NVIDIA_GeForce_RTX_4070_Ti_SUPER,16,
wide_resnet101_2,224,64,fp32,395.6085815429688,False,NVIDIA_GeForce_RTX_4070_Ti_SUPER,16,
xcit_small_12_p16_224,64,16,bf16,8.20736026763916,False,NVIDIA_GeForce_RTX_4070_Ti_SUPER,16,
xcit_small_12_p16_224,64,16,fp16,8.094207763671875,False,NVIDIA_GeForce_RTX_4070_Ti_SUPER,16,
xcit_small_12_p16_224,64,16,fp32,9.515520095825195,False,NVIDIA_GeForce_RTX_4070_Ti_SUPER,16,
xcit_small_12_p16_224,64,32,bf16,9.975296020507812,False,NVIDIA_GeForce_RTX_4070_Ti_SUPER,16,
xcit_small_12_p16_224,64,32,fp16,9.788928031921388,False,NVIDIA_GeForce_RTX_4070_Ti_SUPER,16,
xcit_small_12_p16_224,64,32,fp32,12.972543716430664,False,NVIDIA_GeForce_RTX_4070_Ti_SUPER,16,
xcit_small_12_p16_224,64,64,bf16,13.033984184265137,False,NVIDIA_GeForce_RTX_4070_Ti_SUPER,16,
xcit_small_12_p16_224,64,64,fp16,12.689408302307127,False,NVIDIA_GeForce_RTX_4070_Ti_SUPER,16,
xcit_small_12_p16_224,64,64,fp32,18.966527938842773,False,NVIDIA_GeForce_RTX_4070_Ti_SUPER,16,
xcit_small_12_p16_224,128,16,bf16,12.775936126708984,False,NVIDIA_GeForce_RTX_4070_Ti_SUPER,16,
xcit_small_12_p16_224,128,16,fp16,12.507648468017578,False,NVIDIA_GeForce_RTX_4070_Ti_SUPER,16,
xcit_small_12_p16_224,128,16,fp32,17.393152236938477,False,NVIDIA_GeForce_RTX_4070_Ti_SUPER,16,
xcit_small_12_p16_224,128,32,bf16,18.69414329528809,False,NVIDIA_GeForce_RTX_4070_Ti_SUPER,16,
xcit_small_12_p16_224,128,32,fp16,18.4453125,False,NVIDIA_GeForce_RTX_4070_Ti_SUPER,16,
xcit_small_12_p16_224,128,32,fp32,28.650495529174805,False,NVIDIA_GeForce_RTX_4070_Ti_SUPER,16,
xcit_small_12_p16_224,128,64,bf16,31.39174461364746,False,NVIDIA_GeForce_RTX_4070_Ti_SUPER,16,
xcit_small_12_p16_224,128,64,fp16,30.97753524780273,False,NVIDIA_GeForce_RTX_4070_Ti_SUPER,16,
xcit_small_12_p16_224,128,64,fp32,51.74016189575195,False,NVIDIA_GeForce_RTX_4070_Ti_SUPER,16,
xcit_small_12_p16_224,224,16,bf16,26.447359085083008,False,NVIDIA_GeForce_RTX_4070_Ti_SUPER,16,
xcit_small_12_p16_224,224,16,fp16,26.01113510131836,False,NVIDIA_GeForce_RTX_4070_Ti_SUPER,16,
xcit_small_12_p16_224,224,16,fp32,41.4837760925293,False,NVIDIA_GeForce_RTX_4070_Ti_SUPER,16,
xcit_small_12_p16_224,224,32,bf16,48.04608154296875,False,NVIDIA_GeForce_RTX_4070_Ti_SUPER,16,
xcit_small_12_p16_224,224,32,fp16,47.170047760009766,False,NVIDIA_GeForce_RTX_4070_Ti_SUPER,16,
xcit_small_12_p16_224,224,32,fp32,77.9520034790039,False,NVIDIA_GeForce_RTX_4070_Ti_SUPER,16,
xcit_small_12_p16_224,224,64,bf16,98.03366088867188,False,NVIDIA_GeForce_RTX_4070_Ti_SUPER,16,
xcit_small_12_p16_224,224,64,fp16,96.40704345703124,False,NVIDIA_GeForce_RTX_4070_Ti_SUPER,16,
xcit_small_12_p16_224,224,64,fp32,163.16006469726562,False,NVIDIA_GeForce_RTX_4070_Ti_SUPER,16,
xcit_tiny_12_p16_224,64,16,bf16,5.719552040100098,False,NVIDIA_GeForce_RTX_4070_Ti_SUPER,16,
xcit_tiny_12_p16_224,64,16,fp16,5.478400230407715,False,NVIDIA_GeForce_RTX_4070_Ti_SUPER,16,
xcit_tiny_12_p16_224,64,16,fp32,5.6151041984558105,False,NVIDIA_GeForce_RTX_4070_Ti_SUPER,16,
xcit_tiny_12_p16_224,64,32,bf16,6.816256046295166,False,NVIDIA_GeForce_RTX_4070_Ti_SUPER,16,
xcit_tiny_12_p16_224,64,32,fp16,6.492159843444824,False,NVIDIA_GeForce_RTX_4070_Ti_SUPER,16,
xcit_tiny_12_p16_224,64,32,fp32,7.539199829101562,False,NVIDIA_GeForce_RTX_4070_Ti_SUPER,16,
xcit_tiny_12_p16_224,64,64,bf16,8.158720016479492,False,NVIDIA_GeForce_RTX_4070_Ti_SUPER,16,
xcit_tiny_12_p16_224,64,64,fp16,7.699967861175537,False,NVIDIA_GeForce_RTX_4070_Ti_SUPER,16,
xcit_tiny_12_p16_224,64,64,fp32,9.936384201049805,False,NVIDIA_GeForce_RTX_4070_Ti_SUPER,16,
xcit_tiny_12_p16_224,128,16,bf16,7.997951984405518,False,NVIDIA_GeForce_RTX_4070_Ti_SUPER,16,
xcit_tiny_12_p16_224,128,16,fp16,7.529471874237059,False,NVIDIA_GeForce_RTX_4070_Ti_SUPER,16,
xcit_tiny_12_p16_224,128,16,fp32,9.1212797164917,False,NVIDIA_GeForce_RTX_4070_Ti_SUPER,16,
xcit_tiny_12_p16_224,128,32,bf16,10.44377613067627,False,NVIDIA_GeForce_RTX_4070_Ti_SUPER,16,
xcit_tiny_12_p16_224,128,32,fp16,10.01523208618164,False,NVIDIA_GeForce_RTX_4070_Ti_SUPER,16,
xcit_tiny_12_p16_224,128,32,fp32,13.498368263244627,False,NVIDIA_GeForce_RTX_4070_Ti_SUPER,16,
xcit_tiny_12_p16_224,128,64,bf16,15.639039993286133,False,NVIDIA_GeForce_RTX_4070_Ti_SUPER,16,
xcit_tiny_12_p16_224,128,64,fp16,15.097855567932127,False,NVIDIA_GeForce_RTX_4070_Ti_SUPER,16,
xcit_tiny_12_p16_224,128,64,fp32,22.23923110961914,False,NVIDIA_GeForce_RTX_4070_Ti_SUPER,16,
xcit_tiny_12_p16_224,224,16,bf16,13.685248374938965,False,NVIDIA_GeForce_RTX_4070_Ti_SUPER,16,
xcit_tiny_12_p16_224,224,16,fp16,13.370368003845217,False,NVIDIA_GeForce_RTX_4070_Ti_SUPER,16,
xcit_tiny_12_p16_224,224,16,fp32,18.186752319335938,False,NVIDIA_GeForce_RTX_4070_Ti_SUPER,16,
xcit_tiny_12_p16_224,224,32,bf16,23.16390419006348,False,NVIDIA_GeForce_RTX_4070_Ti_SUPER,16,
xcit_tiny_12_p16_224,224,32,fp16,22.544384002685547,False,NVIDIA_GeForce_RTX_4070_Ti_SUPER,16,
xcit_tiny_12_p16_224,224,32,fp32,32.7562255859375,False,NVIDIA_GeForce_RTX_4070_Ti_SUPER,16,
xcit_tiny_12_p16_224,224,64,bf16,44.00076675415039,False,NVIDIA_GeForce_RTX_4070_Ti_SUPER,16,
xcit_tiny_12_p16_224,224,64,fp16,42.552833557128906,False,NVIDIA_GeForce_RTX_4070_Ti_SUPER,16,
xcit_tiny_12_p16_224,224,64,fp32,63.43577575683594,False,NVIDIA_GeForce_RTX_4070_Ti_SUPER,16,
