model,img_size,batch_size,precision,avg_time_ms,oom,gpu,vram_gb,cleanup
beit_large_patch16_224,64,16,bf16,31.774799346923828,False,NVIDIA_GeForce_RTX_5070_Ti,16,
beit_large_patch16_224,64,16,fp16,31.634143829345703,False,NVIDIA_GeForce_RTX_5070_Ti,16,
beit_large_patch16_224,64,16,fp32,46.35182571411133,False,NVIDIA_GeForce_RTX_5070_Ti,16,
beit_large_patch16_224,64,32,bf16,39.23419189453125,False,NVIDIA_GeForce_RTX_5070_Ti,16,
beit_large_patch16_224,64,32,fp16,39.02334213256836,False,NVIDIA_GeForce_RTX_5070_Ti,16,
beit_large_patch16_224,64,32,fp32,67.43119812011719,False,NVIDIA_GeForce_RTX_5070_Ti,16,
beit_large_patch16_224,64,64,bf16,51.37446212768555,False,NVIDIA_GeForce_RTX_5070_Ti,16,
beit_large_patch16_224,64,64,fp16,51.03195190429688,False,NVIDIA_GeForce_RTX_5070_Ti,16,
beit_large_patch16_224,64,64,fp32,107.5796356201172,False,NVIDIA_GeForce_RTX_5070_Ti,16,
beit_large_patch16_224,128,16,bf16,51.635040283203125,False,NVIDIA_GeForce_RTX_5070_Ti,16,
beit_large_patch16_224,128,16,fp16,51.42275238037109,False,NVIDIA_GeForce_RTX_5070_Ti,16,
beit_large_patch16_224,128,16,fp32,107.79108428955078,False,NVIDIA_GeForce_RTX_5070_Ti,16,
beit_large_patch16_224,128,32,bf16,79.2123031616211,False,NVIDIA_GeForce_RTX_5070_Ti,16,
beit_large_patch16_224,128,32,fp16,78.86910247802734,False,NVIDIA_GeForce_RTX_5070_Ti,16,
beit_large_patch16_224,128,32,fp32,183.14190673828125,False,NVIDIA_GeForce_RTX_5070_Ti,16,
beit_large_patch16_224,128,64,bf16,138.73594665527344,False,NVIDIA_GeForce_RTX_5070_Ti,16,
beit_large_patch16_224,128,64,fp16,138.0924835205078,False,NVIDIA_GeForce_RTX_5070_Ti,16,
beit_large_patch16_224,128,64,fp32,349.8236694335937,False,NVIDIA_GeForce_RTX_5070_Ti,16,
beit_large_patch16_224,224,16,bf16,115.10928344726562,False,NVIDIA_GeForce_RTX_5070_Ti,16,
beit_large_patch16_224,224,16,fp16,114.6171646118164,False,NVIDIA_GeForce_RTX_5070_Ti,16,
beit_large_patch16_224,224,16,fp32,287.7618103027344,False,NVIDIA_GeForce_RTX_5070_Ti,16,
beit_large_patch16_224,224,32,bf16,212.94883728027344,False,NVIDIA_GeForce_RTX_5070_Ti,16,
beit_large_patch16_224,224,32,fp16,211.6010589599609,False,NVIDIA_GeForce_RTX_5070_Ti,16,
beit_large_patch16_224,224,32,fp32,,True,NVIDIA_GeForce_RTX_5070_Ti,16,
beit_large_patch16_224,224,64,bf16,,True,NVIDIA_GeForce_RTX_5070_Ti,16,
beit_large_patch16_224,224,64,fp16,,True,NVIDIA_GeForce_RTX_5070_Ti,16,
beit_large_patch16_224,224,64,fp32,,True,NVIDIA_GeForce_RTX_5070_Ti,16,
coatnet_0_rw_224,64,16,bf16,6.284800052642822,False,NVIDIA_GeForce_RTX_5070_Ti,16,
coatnet_0_rw_224,64,16,fp16,5.5442399978637695,False,NVIDIA_GeForce_RTX_5070_Ti,16,
coatnet_0_rw_224,64,16,fp32,6.332128047943115,False,NVIDIA_GeForce_RTX_5070_Ti,16,
coatnet_0_rw_224,64,32,bf16,7.535920143127441,False,NVIDIA_GeForce_RTX_5070_Ti,16,
coatnet_0_rw_224,64,32,fp16,6.734608173370361,False,NVIDIA_GeForce_RTX_5070_Ti,16,
coatnet_0_rw_224,64,32,fp32,8.992735862731934,False,NVIDIA_GeForce_RTX_5070_Ti,16,
coatnet_0_rw_224,64,64,bf16,10.885919570922852,False,NVIDIA_GeForce_RTX_5070_Ti,16,
coatnet_0_rw_224,64,64,fp16,9.50115203857422,False,NVIDIA_GeForce_RTX_5070_Ti,16,
coatnet_0_rw_224,64,64,fp32,14.30196762084961,False,NVIDIA_GeForce_RTX_5070_Ti,16,
coatnet_0_rw_224,128,16,bf16,10.739664077758787,False,NVIDIA_GeForce_RTX_5070_Ti,16,
coatnet_0_rw_224,128,16,fp16,9.139391899108888,False,NVIDIA_GeForce_RTX_5070_Ti,16,
coatnet_0_rw_224,128,16,fp32,13.015791893005373,False,NVIDIA_GeForce_RTX_5070_Ti,16,
coatnet_0_rw_224,128,32,bf16,16.779632568359375,False,NVIDIA_GeForce_RTX_5070_Ti,16,
coatnet_0_rw_224,128,32,fp16,14.180015563964844,False,NVIDIA_GeForce_RTX_5070_Ti,16,
coatnet_0_rw_224,128,32,fp32,24.83358383178711,False,NVIDIA_GeForce_RTX_5070_Ti,16,
coatnet_0_rw_224,128,64,bf16,31.301536560058597,False,NVIDIA_GeForce_RTX_5070_Ti,16,
coatnet_0_rw_224,128,64,fp16,26.486879348754883,False,NVIDIA_GeForce_RTX_5070_Ti,16,
coatnet_0_rw_224,128,64,fp32,49.916385650634766,False,NVIDIA_GeForce_RTX_5070_Ti,16,
coatnet_0_rw_224,224,16,bf16,27.8286247253418,False,NVIDIA_GeForce_RTX_5070_Ti,16,
coatnet_0_rw_224,224,16,fp16,22.82708740234375,False,NVIDIA_GeForce_RTX_5070_Ti,16,
coatnet_0_rw_224,224,16,fp32,43.39443206787109,False,NVIDIA_GeForce_RTX_5070_Ti,16,
coatnet_0_rw_224,224,32,bf16,52.3380012512207,False,NVIDIA_GeForce_RTX_5070_Ti,16,
coatnet_0_rw_224,224,32,fp16,45.050575256347656,False,NVIDIA_GeForce_RTX_5070_Ti,16,
coatnet_0_rw_224,224,32,fp32,86.51985931396484,False,NVIDIA_GeForce_RTX_5070_Ti,16,
coatnet_0_rw_224,224,64,bf16,105.31488037109376,False,NVIDIA_GeForce_RTX_5070_Ti,16,
coatnet_0_rw_224,224,64,fp16,91.67950439453124,False,NVIDIA_GeForce_RTX_5070_Ti,16,
coatnet_0_rw_224,224,64,fp32,174.81195068359375,False,NVIDIA_GeForce_RTX_5070_Ti,16,
coatnet_1_rw_224,64,16,bf16,10.185423851013184,False,NVIDIA_GeForce_RTX_5070_Ti,16,
coatnet_1_rw_224,64,16,fp16,9.123215675354004,False,NVIDIA_GeForce_RTX_5070_Ti,16,
coatnet_1_rw_224,64,16,fp32,10.458111763000488,False,NVIDIA_GeForce_RTX_5070_Ti,16,
coatnet_1_rw_224,64,32,bf16,12.673376083374023,False,NVIDIA_GeForce_RTX_5070_Ti,16,
coatnet_1_rw_224,64,32,fp16,11.44215965270996,False,NVIDIA_GeForce_RTX_5070_Ti,16,
coatnet_1_rw_224,64,32,fp32,15.47812843322754,False,NVIDIA_GeForce_RTX_5070_Ti,16,
coatnet_1_rw_224,64,64,bf16,18.71721649169922,False,NVIDIA_GeForce_RTX_5070_Ti,16,
coatnet_1_rw_224,64,64,fp16,16.554399490356445,False,NVIDIA_GeForce_RTX_5070_Ti,16,
coatnet_1_rw_224,64,64,fp32,24.782079696655277,False,NVIDIA_GeForce_RTX_5070_Ti,16,
coatnet_1_rw_224,128,16,bf16,18.589920043945312,False,NVIDIA_GeForce_RTX_5070_Ti,16,
coatnet_1_rw_224,128,16,fp16,15.86790370941162,False,NVIDIA_GeForce_RTX_5070_Ti,16,
coatnet_1_rw_224,128,16,fp32,22.958192825317383,False,NVIDIA_GeForce_RTX_5070_Ti,16,
coatnet_1_rw_224,128,32,bf16,29.313215255737305,False,NVIDIA_GeForce_RTX_5070_Ti,16,
coatnet_1_rw_224,128,32,fp16,25.24627113342285,False,NVIDIA_GeForce_RTX_5070_Ti,16,
coatnet_1_rw_224,128,32,fp32,43.63761520385742,False,NVIDIA_GeForce_RTX_5070_Ti,16,
coatnet_1_rw_224,128,64,bf16,53.620384216308594,False,NVIDIA_GeForce_RTX_5070_Ti,16,
coatnet_1_rw_224,128,64,fp16,46.615264892578125,False,NVIDIA_GeForce_RTX_5070_Ti,16,
coatnet_1_rw_224,128,64,fp32,86.59912109375,False,NVIDIA_GeForce_RTX_5070_Ti,16,
coatnet_1_rw_224,224,16,bf16,49.55291366577149,False,NVIDIA_GeForce_RTX_5070_Ti,16,
coatnet_1_rw_224,224,16,fp16,41.05121612548828,False,NVIDIA_GeForce_RTX_5070_Ti,16,
coatnet_1_rw_224,224,16,fp32,77.2116928100586,False,NVIDIA_GeForce_RTX_5070_Ti,16,
coatnet_1_rw_224,224,32,bf16,90.7273406982422,False,NVIDIA_GeForce_RTX_5070_Ti,16,
coatnet_1_rw_224,224,32,fp16,80.64942169189453,False,NVIDIA_GeForce_RTX_5070_Ti,16,
coatnet_1_rw_224,224,32,fp32,152.8220977783203,False,NVIDIA_GeForce_RTX_5070_Ti,16,
coatnet_1_rw_224,224,64,bf16,181.30665588378903,False,NVIDIA_GeForce_RTX_5070_Ti,16,
coatnet_1_rw_224,224,64,fp16,163.52413940429688,False,NVIDIA_GeForce_RTX_5070_Ti,16,
coatnet_1_rw_224,224,64,fp32,,True,NVIDIA_GeForce_RTX_5070_Ti,16,
coatnet_2_rw_224,64,16,bf16,13.275407791137695,False,NVIDIA_GeForce_RTX_5070_Ti,16,
coatnet_2_rw_224,64,16,fp16,12.119647979736328,False,NVIDIA_GeForce_RTX_5070_Ti,16,
coatnet_2_rw_224,64,16,fp32,14.88212776184082,False,NVIDIA_GeForce_RTX_5070_Ti,16,
coatnet_2_rw_224,64,32,bf16,17.66561508178711,False,NVIDIA_GeForce_RTX_5070_Ti,16,
coatnet_2_rw_224,64,32,fp16,15.855487823486328,False,NVIDIA_GeForce_RTX_5070_Ti,16,
coatnet_2_rw_224,64,32,fp32,22.86382484436035,False,NVIDIA_GeForce_RTX_5070_Ti,16,
coatnet_2_rw_224,64,64,bf16,27.880783081054688,False,NVIDIA_GeForce_RTX_5070_Ti,16,
coatnet_2_rw_224,64,64,fp16,24.51766395568848,False,NVIDIA_GeForce_RTX_5070_Ti,16,
coatnet_2_rw_224,64,64,fp32,38.07102584838867,False,NVIDIA_GeForce_RTX_5070_Ti,16,
coatnet_2_rw_224,128,16,bf16,27.138671875,False,NVIDIA_GeForce_RTX_5070_Ti,16,
coatnet_2_rw_224,128,16,fp16,22.61729621887207,False,NVIDIA_GeForce_RTX_5070_Ti,16,
coatnet_2_rw_224,128,16,fp32,35.678096771240234,False,NVIDIA_GeForce_RTX_5070_Ti,16,
coatnet_2_rw_224,128,32,bf16,44.9399528503418,False,NVIDIA_GeForce_RTX_5070_Ti,16,
coatnet_2_rw_224,128,32,fp16,38.4469108581543,False,NVIDIA_GeForce_RTX_5070_Ti,16,
coatnet_2_rw_224,128,32,fp32,69.24816131591797,False,NVIDIA_GeForce_RTX_5070_Ti,16,
coatnet_2_rw_224,128,64,bf16,84.78876495361328,False,NVIDIA_GeForce_RTX_5070_Ti,16,
coatnet_2_rw_224,128,64,fp16,74.44542694091797,False,NVIDIA_GeForce_RTX_5070_Ti,16,
coatnet_2_rw_224,128,64,fp32,132.67938232421875,False,NVIDIA_GeForce_RTX_5070_Ti,16,
coatnet_2_rw_224,224,16,bf16,72.13938903808594,False,NVIDIA_GeForce_RTX_5070_Ti,16,
coatnet_2_rw_224,224,16,fp16,62.58348846435547,False,NVIDIA_GeForce_RTX_5070_Ti,16,
coatnet_2_rw_224,224,16,fp32,116.24642944335938,False,NVIDIA_GeForce_RTX_5070_Ti,16,
coatnet_2_rw_224,224,32,bf16,140.22903442382812,False,NVIDIA_GeForce_RTX_5070_Ti,16,
coatnet_2_rw_224,224,32,fp16,123.71025848388672,False,NVIDIA_GeForce_RTX_5070_Ti,16,
coatnet_2_rw_224,224,32,fp32,,True,NVIDIA_GeForce_RTX_5070_Ti,16,
coatnet_2_rw_224,224,64,bf16,,True,NVIDIA_GeForce_RTX_5070_Ti,16,
coatnet_2_rw_224,224,64,fp16,,True,NVIDIA_GeForce_RTX_5070_Ti,16,
coatnet_2_rw_224,224,64,fp32,,True,NVIDIA_GeForce_RTX_5070_Ti,16,
convnext_base,64,16,bf16,12.191807746887209,False,NVIDIA_GeForce_RTX_5070_Ti,16,
convnext_base,64,16,fp16,12.118559837341309,False,NVIDIA_GeForce_RTX_5070_Ti,16,
convnext_base,64,16,fp32,17.64241600036621,False,NVIDIA_GeForce_RTX_5070_Ti,16,
convnext_base,64,32,bf16,14.712287902832031,False,NVIDIA_GeForce_RTX_5070_Ti,16,
convnext_base,64,32,fp16,14.617487907409668,False,NVIDIA_GeForce_RTX_5070_Ti,16,
convnext_base,64,32,fp32,25.271583557128903,False,NVIDIA_GeForce_RTX_5070_Ti,16,
convnext_base,64,64,bf16,19.48758316040039,False,NVIDIA_GeForce_RTX_5070_Ti,16,
convnext_base,64,64,fp16,19.36534309387207,False,NVIDIA_GeForce_RTX_5070_Ti,16,
convnext_base,64,64,fp32,41.576847076416016,False,NVIDIA_GeForce_RTX_5070_Ti,16,
convnext_base,128,16,bf16,19.00529670715332,False,NVIDIA_GeForce_RTX_5070_Ti,16,
convnext_base,128,16,fp16,18.879392623901367,False,NVIDIA_GeForce_RTX_5070_Ti,16,
convnext_base,128,16,fp32,46.00328063964844,False,NVIDIA_GeForce_RTX_5070_Ti,16,
convnext_base,128,32,bf16,29.09783935546875,False,NVIDIA_GeForce_RTX_5070_Ti,16,
convnext_base,128,32,fp16,28.937744140625,False,NVIDIA_GeForce_RTX_5070_Ti,16,
convnext_base,128,32,fp32,86.13502502441406,False,NVIDIA_GeForce_RTX_5070_Ti,16,
convnext_base,128,64,bf16,50.61467361450195,False,NVIDIA_GeForce_RTX_5070_Ti,16,
convnext_base,128,64,fp16,50.42622375488281,False,NVIDIA_GeForce_RTX_5070_Ti,16,
convnext_base,128,64,fp32,174.5133819580078,False,NVIDIA_GeForce_RTX_5070_Ti,16,
convnext_base,224,16,bf16,40.515472412109375,False,NVIDIA_GeForce_RTX_5070_Ti,16,
convnext_base,224,16,fp16,40.30905532836914,False,NVIDIA_GeForce_RTX_5070_Ti,16,
convnext_base,224,16,fp32,148.3863983154297,False,NVIDIA_GeForce_RTX_5070_Ti,16,
convnext_base,224,32,bf16,74.3743667602539,False,NVIDIA_GeForce_RTX_5070_Ti,16,
convnext_base,224,32,fp16,73.96372985839844,False,NVIDIA_GeForce_RTX_5070_Ti,16,
convnext_base,224,32,fp32,303.32879638671875,False,NVIDIA_GeForce_RTX_5070_Ti,16,
convnext_base,224,64,bf16,148.53091430664062,False,NVIDIA_GeForce_RTX_5070_Ti,16,
convnext_base,224,64,fp16,147.18470764160156,False,NVIDIA_GeForce_RTX_5070_Ti,16,
convnext_base,224,64,fp32,,True,NVIDIA_GeForce_RTX_5070_Ti,16,
convnext_large,64,16,bf16,21.96353530883789,False,NVIDIA_GeForce_RTX_5070_Ti,16,
convnext_large,64,16,fp16,21.8155517578125,False,NVIDIA_GeForce_RTX_5070_Ti,16,
convnext_large,64,16,fp32,32.36684799194336,False,NVIDIA_GeForce_RTX_5070_Ti,16,
convnext_large,64,32,bf16,26.61899185180664,False,NVIDIA_GeForce_RTX_5070_Ti,16,
convnext_large,64,32,fp16,26.510400772094727,False,NVIDIA_GeForce_RTX_5070_Ti,16,
convnext_large,64,32,fp32,48.015743255615234,False,NVIDIA_GeForce_RTX_5070_Ti,16,
convnext_large,64,64,bf16,35.90812683105469,False,NVIDIA_GeForce_RTX_5070_Ti,16,
convnext_large,64,64,fp16,35.73847961425781,False,NVIDIA_GeForce_RTX_5070_Ti,16,
convnext_large,64,64,fp32,80.14441680908203,False,NVIDIA_GeForce_RTX_5070_Ti,16,
convnext_large,128,16,bf16,35.49214553833008,False,NVIDIA_GeForce_RTX_5070_Ti,16,
convnext_large,128,16,fp16,35.34632110595703,False,NVIDIA_GeForce_RTX_5070_Ti,16,
convnext_large,128,16,fp32,89.8591537475586,False,NVIDIA_GeForce_RTX_5070_Ti,16,
convnext_large,128,32,bf16,54.09444808959961,False,NVIDIA_GeForce_RTX_5070_Ti,16,
convnext_large,128,32,fp16,53.78595352172852,False,NVIDIA_GeForce_RTX_5070_Ti,16,
convnext_large,128,32,fp32,170.37806701660156,False,NVIDIA_GeForce_RTX_5070_Ti,16,
convnext_large,128,64,bf16,94.77040100097656,False,NVIDIA_GeForce_RTX_5070_Ti,16,
convnext_large,128,64,fp16,94.08169555664062,False,NVIDIA_GeForce_RTX_5070_Ti,16,
convnext_large,128,64,fp32,332.1422119140625,False,NVIDIA_GeForce_RTX_5070_Ti,16,
convnext_large,224,16,bf16,76.03855895996094,False,NVIDIA_GeForce_RTX_5070_Ti,16,
convnext_large,224,16,fp16,75.59563446044922,False,NVIDIA_GeForce_RTX_5070_Ti,16,
convnext_large,224,16,fp32,281.5420837402344,False,NVIDIA_GeForce_RTX_5070_Ti,16,
convnext_large,224,32,bf16,142.02978515625,False,NVIDIA_GeForce_RTX_5070_Ti,16,
convnext_large,224,32,fp16,141.05909729003906,False,NVIDIA_GeForce_RTX_5070_Ti,16,
convnext_large,224,32,fp32,578.9755249023438,False,NVIDIA_GeForce_RTX_5070_Ti,16,
convnext_large,224,64,bf16,,True,NVIDIA_GeForce_RTX_5070_Ti,16,
convnext_large,224,64,fp16,,True,NVIDIA_GeForce_RTX_5070_Ti,16,
convnext_large,224,64,fp32,,True,NVIDIA_GeForce_RTX_5070_Ti,16,
convnext_small,64,16,bf16,11.716704368591309,False,NVIDIA_GeForce_RTX_5070_Ti,16,
convnext_small,64,16,fp16,11.556367874145508,False,NVIDIA_GeForce_RTX_5070_Ti,16,
convnext_small,64,16,fp32,13.27672004699707,False,NVIDIA_GeForce_RTX_5070_Ti,16,
convnext_small,64,32,bf16,15.70019245147705,False,NVIDIA_GeForce_RTX_5070_Ti,16,
convnext_small,64,32,fp16,15.573087692260742,False,NVIDIA_GeForce_RTX_5070_Ti,16,
convnext_small,64,32,fp32,19.421039581298828,False,NVIDIA_GeForce_RTX_5070_Ti,16,
convnext_small,64,64,bf16,23.542064666748047,False,NVIDIA_GeForce_RTX_5070_Ti,16,
convnext_small,64,64,fp16,23.466367721557617,False,NVIDIA_GeForce_RTX_5070_Ti,16,
convnext_small,64,64,fp32,29.760032653808597,False,NVIDIA_GeForce_RTX_5070_Ti,16,
convnext_small,128,16,bf16,13.920607566833496,False,NVIDIA_GeForce_RTX_5070_Ti,16,
convnext_small,128,16,fp16,13.826671600341797,False,NVIDIA_GeForce_RTX_5070_Ti,16,
convnext_small,128,16,fp32,33.620689392089844,False,NVIDIA_GeForce_RTX_5070_Ti,16,
convnext_small,128,32,bf16,20.55276870727539,False,NVIDIA_GeForce_RTX_5070_Ti,16,
convnext_small,128,32,fp16,20.35296058654785,False,NVIDIA_GeForce_RTX_5070_Ti,16,
convnext_small,128,32,fp32,62.42870330810547,False,NVIDIA_GeForce_RTX_5070_Ti,16,
convnext_small,128,64,bf16,35.01878356933594,False,NVIDIA_GeForce_RTX_5070_Ti,16,
convnext_small,128,64,fp16,34.8807373046875,False,NVIDIA_GeForce_RTX_5070_Ti,16,
convnext_small,128,64,fp32,124.05620574951172,False,NVIDIA_GeForce_RTX_5070_Ti,16,
convnext_small,224,16,bf16,28.66975975036621,False,NVIDIA_GeForce_RTX_5070_Ti,16,
convnext_small,224,16,fp16,28.41758346557617,False,NVIDIA_GeForce_RTX_5070_Ti,16,
convnext_small,224,16,fp32,103.39444732666016,False,NVIDIA_GeForce_RTX_5070_Ti,16,
convnext_small,224,32,bf16,50.36897659301758,False,NVIDIA_GeForce_RTX_5070_Ti,16,
convnext_small,224,32,fp16,50.20670318603516,False,NVIDIA_GeForce_RTX_5070_Ti,16,
convnext_small,224,32,fp32,206.9436492919922,False,NVIDIA_GeForce_RTX_5070_Ti,16,
convnext_small,224,64,bf16,99.4871826171875,False,NVIDIA_GeForce_RTX_5070_Ti,16,
convnext_small,224,64,fp16,99.02130889892578,False,NVIDIA_GeForce_RTX_5070_Ti,16,
convnext_small,224,64,fp32,424.2537536621094,False,NVIDIA_GeForce_RTX_5070_Ti,16,
convnext_tiny,64,16,bf16,7.3683037757873535,False,NVIDIA_GeForce_RTX_5070_Ti,16,
convnext_tiny,64,16,fp16,7.288144111633301,False,NVIDIA_GeForce_RTX_5070_Ti,16,
convnext_tiny,64,16,fp32,7.6088480949401855,False,NVIDIA_GeForce_RTX_5070_Ti,16,
convnext_tiny,64,32,bf16,10.908720016479492,False,NVIDIA_GeForce_RTX_5070_Ti,16,
convnext_tiny,64,32,fp16,10.8264799118042,False,NVIDIA_GeForce_RTX_5070_Ti,16,
convnext_tiny,64,32,fp32,11.480879783630373,False,NVIDIA_GeForce_RTX_5070_Ti,16,
convnext_tiny,64,64,bf16,17.499792098999023,False,NVIDIA_GeForce_RTX_5070_Ti,16,
convnext_tiny,64,64,fp16,17.409215927124023,False,NVIDIA_GeForce_RTX_5070_Ti,16,
convnext_tiny,64,64,fp32,18.79230308532715,False,NVIDIA_GeForce_RTX_5070_Ti,16,
convnext_tiny,128,16,bf16,8.03656005859375,False,NVIDIA_GeForce_RTX_5070_Ti,16,
convnext_tiny,128,16,fp16,7.971119880676269,False,NVIDIA_GeForce_RTX_5070_Ti,16,
convnext_tiny,128,16,fp32,20.837024688720703,False,NVIDIA_GeForce_RTX_5070_Ti,16,
convnext_tiny,128,32,bf16,12.33732795715332,False,NVIDIA_GeForce_RTX_5070_Ti,16,
convnext_tiny,128,32,fp16,12.180480003356934,False,NVIDIA_GeForce_RTX_5070_Ti,16,
convnext_tiny,128,32,fp32,39.83689498901367,False,NVIDIA_GeForce_RTX_5070_Ti,16,
convnext_tiny,128,64,bf16,21.65928077697754,False,NVIDIA_GeForce_RTX_5070_Ti,16,
convnext_tiny,128,64,fp16,21.582223892211918,False,NVIDIA_GeForce_RTX_5070_Ti,16,
convnext_tiny,128,64,fp32,80.08243560791016,False,NVIDIA_GeForce_RTX_5070_Ti,16,
convnext_tiny,224,16,bf16,17.519136428833008,False,NVIDIA_GeForce_RTX_5070_Ti,16,
convnext_tiny,224,16,fp16,17.272544860839844,False,NVIDIA_GeForce_RTX_5070_Ti,16,
convnext_tiny,224,16,fp32,64.33948516845703,False,NVIDIA_GeForce_RTX_5070_Ti,16,
convnext_tiny,224,32,bf16,31.40830421447754,False,NVIDIA_GeForce_RTX_5070_Ti,16,
convnext_tiny,224,32,fp16,31.305503845214844,False,NVIDIA_GeForce_RTX_5070_Ti,16,
convnext_tiny,224,32,fp32,130.41224670410156,False,NVIDIA_GeForce_RTX_5070_Ti,16,
convnext_tiny,224,64,bf16,62.587249755859375,False,NVIDIA_GeForce_RTX_5070_Ti,16,
convnext_tiny,224,64,fp16,62.418975830078125,False,NVIDIA_GeForce_RTX_5070_Ti,16,
convnext_tiny,224,64,fp32,263.7026672363281,False,NVIDIA_GeForce_RTX_5070_Ti,16,
convnextv2_base,64,16,bf16,15.2433443069458,False,NVIDIA_GeForce_RTX_5070_Ti,16,
convnextv2_base,64,16,fp16,15.18564796447754,False,NVIDIA_GeForce_RTX_5070_Ti,16,
convnextv2_base,64,16,fp32,20.279136657714844,False,NVIDIA_GeForce_RTX_5070_Ti,16,
convnextv2_base,64,32,bf16,19.67830467224121,False,NVIDIA_GeForce_RTX_5070_Ti,16,
convnextv2_base,64,32,fp16,19.59947204589844,False,NVIDIA_GeForce_RTX_5070_Ti,16,
convnextv2_base,64,32,fp32,29.656543731689453,False,NVIDIA_GeForce_RTX_5070_Ti,16,
convnextv2_base,64,64,bf16,29.58188819885254,False,NVIDIA_GeForce_RTX_5070_Ti,16,
convnextv2_base,64,64,fp16,29.43115234375,False,NVIDIA_GeForce_RTX_5070_Ti,16,
convnextv2_base,64,64,fp32,50.81022262573242,False,NVIDIA_GeForce_RTX_5070_Ti,16,
convnextv2_base,128,16,bf16,29.052207946777344,False,NVIDIA_GeForce_RTX_5070_Ti,16,
convnextv2_base,128,16,fp16,28.931535720825195,False,NVIDIA_GeForce_RTX_5070_Ti,16,
convnextv2_base,128,16,fp32,54.99153518676758,False,NVIDIA_GeForce_RTX_5070_Ti,16,
convnextv2_base,128,32,bf16,53.06739044189453,False,NVIDIA_GeForce_RTX_5070_Ti,16,
convnextv2_base,128,32,fp16,52.87227249145508,False,NVIDIA_GeForce_RTX_5070_Ti,16,
convnextv2_base,128,32,fp32,109.85836791992188,False,NVIDIA_GeForce_RTX_5070_Ti,16,
convnextv2_base,128,64,bf16,111.45040130615234,False,NVIDIA_GeForce_RTX_5070_Ti,16,
convnextv2_base,128,64,fp16,111.05030059814452,False,NVIDIA_GeForce_RTX_5070_Ti,16,
convnextv2_base,128,64,fp32,233.15415954589844,False,NVIDIA_GeForce_RTX_5070_Ti,16,
convnextv2_base,224,16,bf16,82.71430206298828,False,NVIDIA_GeForce_RTX_5070_Ti,16,
convnextv2_base,224,16,fp16,82.4881591796875,False,NVIDIA_GeForce_RTX_5070_Ti,16,
convnextv2_base,224,16,fp32,189.80172729492188,False,NVIDIA_GeForce_RTX_5070_Ti,16,
convnextv2_base,224,32,bf16,176.56124877929688,False,NVIDIA_GeForce_RTX_5070_Ti,16,
convnextv2_base,224,32,fp16,176.0002899169922,False,NVIDIA_GeForce_RTX_5070_Ti,16,
convnextv2_base,224,32,fp32,402.5726318359375,False,NVIDIA_GeForce_RTX_5070_Ti,16,
convnextv2_base,224,64,bf16,,True,NVIDIA_GeForce_RTX_5070_Ti,16,
convnextv2_base,224,64,fp16,,True,NVIDIA_GeForce_RTX_5070_Ti,16,
convnextv2_base,224,64,fp32,,True,NVIDIA_GeForce_RTX_5070_Ti,16,
deit_base_patch16_224,64,16,bf16,9.592464447021484,False,NVIDIA_GeForce_RTX_5070_Ti,16,
deit_base_patch16_224,64,16,fp16,9.577263832092283,False,NVIDIA_GeForce_RTX_5070_Ti,16,
deit_base_patch16_224,64,16,fp32,14.97651195526123,False,NVIDIA_GeForce_RTX_5070_Ti,16,
deit_base_patch16_224,64,32,bf16,11.904576301574709,False,NVIDIA_GeForce_RTX_5070_Ti,16,
deit_base_patch16_224,64,32,fp16,11.868240356445312,False,NVIDIA_GeForce_RTX_5070_Ti,16,
deit_base_patch16_224,64,32,fp32,20.774639129638672,False,NVIDIA_GeForce_RTX_5070_Ti,16,
deit_base_patch16_224,64,64,bf16,16.291120529174805,False,NVIDIA_GeForce_RTX_5070_Ti,16,
deit_base_patch16_224,64,64,fp16,16.18992042541504,False,NVIDIA_GeForce_RTX_5070_Ti,16,
deit_base_patch16_224,64,64,fp32,32.58012771606445,False,NVIDIA_GeForce_RTX_5070_Ti,16,
deit_base_patch16_224,128,16,bf16,15.261919975280762,False,NVIDIA_GeForce_RTX_5070_Ti,16,
deit_base_patch16_224,128,16,fp16,15.245391845703123,False,NVIDIA_GeForce_RTX_5070_Ti,16,
deit_base_patch16_224,128,16,fp32,32.54790496826172,False,NVIDIA_GeForce_RTX_5070_Ti,16,
deit_base_patch16_224,128,32,bf16,22.88204765319824,False,NVIDIA_GeForce_RTX_5070_Ti,16,
deit_base_patch16_224,128,32,fp16,22.763391494750977,False,NVIDIA_GeForce_RTX_5070_Ti,16,
deit_base_patch16_224,128,32,fp32,56.163665771484375,False,NVIDIA_GeForce_RTX_5070_Ti,16,
deit_base_patch16_224,128,64,bf16,39.72819137573242,False,NVIDIA_GeForce_RTX_5070_Ti,16,
deit_base_patch16_224,128,64,fp16,39.58019256591797,False,NVIDIA_GeForce_RTX_5070_Ti,16,
deit_base_patch16_224,128,64,fp32,103.93780517578124,False,NVIDIA_GeForce_RTX_5070_Ti,16,
deit_base_patch16_224,224,16,bf16,31.44996833801269,False,NVIDIA_GeForce_RTX_5070_Ti,16,
deit_base_patch16_224,224,16,fp16,31.398832321166992,False,NVIDIA_GeForce_RTX_5070_Ti,16,
deit_base_patch16_224,224,16,fp32,86.45323181152344,False,NVIDIA_GeForce_RTX_5070_Ti,16,
deit_base_patch16_224,224,32,bf16,58.415775299072266,False,NVIDIA_GeForce_RTX_5070_Ti,16,
deit_base_patch16_224,224,32,fp16,58.05830383300781,False,NVIDIA_GeForce_RTX_5070_Ti,16,
deit_base_patch16_224,224,32,fp32,165.96624755859375,False,NVIDIA_GeForce_RTX_5070_Ti,16,
deit_base_patch16_224,224,64,bf16,116.3476333618164,False,NVIDIA_GeForce_RTX_5070_Ti,16,
deit_base_patch16_224,224,64,fp16,115.65691375732422,False,NVIDIA_GeForce_RTX_5070_Ti,16,
deit_base_patch16_224,224,64,fp32,323.6654052734375,False,NVIDIA_GeForce_RTX_5070_Ti,16,
deit_small_patch16_224,64,16,bf16,4.1626877784729,False,NVIDIA_GeForce_RTX_5070_Ti,16,
deit_small_patch16_224,64,16,fp16,4.089888095855713,False,NVIDIA_GeForce_RTX_5070_Ti,16,
deit_small_patch16_224,64,16,fp32,6.249248027801514,False,NVIDIA_GeForce_RTX_5070_Ti,16,
deit_small_patch16_224,64,32,bf16,4.882400035858154,False,NVIDIA_GeForce_RTX_5070_Ti,16,
deit_small_patch16_224,64,32,fp16,4.854063987731934,False,NVIDIA_GeForce_RTX_5070_Ti,16,
deit_small_patch16_224,64,32,fp32,8.209504127502441,False,NVIDIA_GeForce_RTX_5070_Ti,16,
deit_small_patch16_224,64,64,bf16,6.527935981750488,False,NVIDIA_GeForce_RTX_5070_Ti,16,
deit_small_patch16_224,64,64,fp16,6.496352195739746,False,NVIDIA_GeForce_RTX_5070_Ti,16,
deit_small_patch16_224,64,64,fp32,11.409855842590332,False,NVIDIA_GeForce_RTX_5070_Ti,16,
deit_small_patch16_224,128,16,bf16,6.111487865447998,False,NVIDIA_GeForce_RTX_5070_Ti,16,
deit_small_patch16_224,128,16,fp16,6.096127986907959,False,NVIDIA_GeForce_RTX_5070_Ti,16,
deit_small_patch16_224,128,16,fp32,11.442336082458496,False,NVIDIA_GeForce_RTX_5070_Ti,16,
deit_small_patch16_224,128,32,bf16,8.29094409942627,False,NVIDIA_GeForce_RTX_5070_Ti,16,
deit_small_patch16_224,128,32,fp16,8.274335861206055,False,NVIDIA_GeForce_RTX_5070_Ti,16,
deit_small_patch16_224,128,32,fp32,18.75639915466309,False,NVIDIA_GeForce_RTX_5070_Ti,16,
deit_small_patch16_224,128,64,bf16,13.382464408874512,False,NVIDIA_GeForce_RTX_5070_Ti,16,
deit_small_patch16_224,128,64,fp16,13.362319946289062,False,NVIDIA_GeForce_RTX_5070_Ti,16,
deit_small_patch16_224,128,64,fp32,33.4091682434082,False,NVIDIA_GeForce_RTX_5070_Ti,16,
deit_small_patch16_224,224,16,bf16,11.268848419189451,False,NVIDIA_GeForce_RTX_5070_Ti,16,
deit_small_patch16_224,224,16,fp16,11.224687576293944,False,NVIDIA_GeForce_RTX_5070_Ti,16,
deit_small_patch16_224,224,16,fp32,28.44265556335449,False,NVIDIA_GeForce_RTX_5070_Ti,16,
deit_small_patch16_224,224,32,bf16,19.18132781982422,False,NVIDIA_GeForce_RTX_5070_Ti,16,
deit_small_patch16_224,224,32,fp16,19.167951583862305,False,NVIDIA_GeForce_RTX_5070_Ti,16,
deit_small_patch16_224,224,32,fp32,52.63345718383789,False,NVIDIA_GeForce_RTX_5070_Ti,16,
deit_small_patch16_224,224,64,bf16,37.89654541015625,False,NVIDIA_GeForce_RTX_5070_Ti,16,
deit_small_patch16_224,224,64,fp16,37.87492752075195,False,NVIDIA_GeForce_RTX_5070_Ti,16,
deit_small_patch16_224,224,64,fp32,105.9098892211914,False,NVIDIA_GeForce_RTX_5070_Ti,16,
deit_tiny_patch16_224,64,16,bf16,2.488656044006348,False,NVIDIA_GeForce_RTX_5070_Ti,16,
deit_tiny_patch16_224,64,16,fp16,2.377984046936035,False,NVIDIA_GeForce_RTX_5070_Ti,16,
deit_tiny_patch16_224,64,16,fp32,2.983311891555786,False,NVIDIA_GeForce_RTX_5070_Ti,16,
deit_tiny_patch16_224,64,32,bf16,2.9813120365142822,False,NVIDIA_GeForce_RTX_5070_Ti,16,
deit_tiny_patch16_224,64,32,fp16,2.877232074737549,False,NVIDIA_GeForce_RTX_5070_Ti,16,
deit_tiny_patch16_224,64,32,fp32,4.109407901763916,False,NVIDIA_GeForce_RTX_5070_Ti,16,
deit_tiny_patch16_224,64,64,bf16,3.53387188911438,False,NVIDIA_GeForce_RTX_5070_Ti,16,
deit_tiny_patch16_224,64,64,fp16,3.52728009223938,False,NVIDIA_GeForce_RTX_5070_Ti,16,
deit_tiny_patch16_224,64,64,fp32,5.294191837310791,False,NVIDIA_GeForce_RTX_5070_Ti,16,
deit_tiny_patch16_224,128,16,bf16,3.3879520893096924,False,NVIDIA_GeForce_RTX_5070_Ti,16,
deit_tiny_patch16_224,128,16,fp16,3.3109920024871826,False,NVIDIA_GeForce_RTX_5070_Ti,16,
deit_tiny_patch16_224,128,16,fp32,5.555136203765869,False,NVIDIA_GeForce_RTX_5070_Ti,16,
deit_tiny_patch16_224,128,32,bf16,4.385280132293701,False,NVIDIA_GeForce_RTX_5070_Ti,16,
deit_tiny_patch16_224,128,32,fp16,4.334720134735107,False,NVIDIA_GeForce_RTX_5070_Ti,16,
deit_tiny_patch16_224,128,32,fp32,8.170751571655273,False,NVIDIA_GeForce_RTX_5070_Ti,16,
deit_tiny_patch16_224,128,64,bf16,6.445856094360352,False,NVIDIA_GeForce_RTX_5070_Ti,16,
deit_tiny_patch16_224,128,64,fp16,6.370751857757568,False,NVIDIA_GeForce_RTX_5070_Ti,16,
deit_tiny_patch16_224,128,64,fp32,13.5272798538208,False,NVIDIA_GeForce_RTX_5070_Ti,16,
deit_tiny_patch16_224,224,16,bf16,5.679632186889648,False,NVIDIA_GeForce_RTX_5070_Ti,16,
deit_tiny_patch16_224,224,16,fp16,5.63646411895752,False,NVIDIA_GeForce_RTX_5070_Ti,16,
deit_tiny_patch16_224,224,16,fp32,11.823904037475586,False,NVIDIA_GeForce_RTX_5070_Ti,16,
deit_tiny_patch16_224,224,32,bf16,8.910431861877441,False,NVIDIA_GeForce_RTX_5070_Ti,16,
deit_tiny_patch16_224,224,32,fp16,8.809264183044434,False,NVIDIA_GeForce_RTX_5070_Ti,16,
deit_tiny_patch16_224,224,32,fp32,21.617408752441406,False,NVIDIA_GeForce_RTX_5070_Ti,16,
deit_tiny_patch16_224,224,64,bf16,16.103647232055664,False,NVIDIA_GeForce_RTX_5070_Ti,16,
deit_tiny_patch16_224,224,64,fp16,16.047199249267578,False,NVIDIA_GeForce_RTX_5070_Ti,16,
deit_tiny_patch16_224,224,64,fp32,41.40929412841797,False,NVIDIA_GeForce_RTX_5070_Ti,16,
densenet121,64,16,bf16,8.306624412536621,False,NVIDIA_GeForce_RTX_5070_Ti,16,
densenet121,64,16,fp16,8.439663887023926,False,NVIDIA_GeForce_RTX_5070_Ti,16,
densenet121,64,16,fp32,7.555263996124268,False,NVIDIA_GeForce_RTX_5070_Ti,16,
densenet121,64,32,bf16,10.870351791381836,False,NVIDIA_GeForce_RTX_5070_Ti,16,
densenet121,64,32,fp16,11.30675220489502,False,NVIDIA_GeForce_RTX_5070_Ti,16,
densenet121,64,32,fp32,9.461584091186523,False,NVIDIA_GeForce_RTX_5070_Ti,16,
densenet121,64,64,bf16,16.398303985595703,False,NVIDIA_GeForce_RTX_5070_Ti,16,
densenet121,64,64,fp16,14.60484790802002,False,NVIDIA_GeForce_RTX_5070_Ti,16,
densenet121,64,64,fp32,15.581104278564451,False,NVIDIA_GeForce_RTX_5070_Ti,16,
densenet121,128,16,bf16,11.678352355957031,False,NVIDIA_GeForce_RTX_5070_Ti,16,
densenet121,128,16,fp16,10.442319869995115,False,NVIDIA_GeForce_RTX_5070_Ti,16,
densenet121,128,16,fp32,11.583999633789062,False,NVIDIA_GeForce_RTX_5070_Ti,16,
densenet121,128,32,bf16,17.170927047729492,False,NVIDIA_GeForce_RTX_5070_Ti,16,
densenet121,128,32,fp16,15.131423950195312,False,NVIDIA_GeForce_RTX_5070_Ti,16,
densenet121,128,32,fp32,19.310447692871094,False,NVIDIA_GeForce_RTX_5070_Ti,16,
densenet121,128,64,bf16,28.34836769104004,False,NVIDIA_GeForce_RTX_5070_Ti,16,
densenet121,128,64,fp16,23.48431968688965,False,NVIDIA_GeForce_RTX_5070_Ti,16,
densenet121,128,64,fp32,42.70512008666992,False,NVIDIA_GeForce_RTX_5070_Ti,16,
densenet121,224,16,bf16,20.61676788330078,False,NVIDIA_GeForce_RTX_5070_Ti,16,
densenet121,224,16,fp16,17.4204158782959,False,NVIDIA_GeForce_RTX_5070_Ti,16,
densenet121,224,16,fp32,29.067087173461918,False,NVIDIA_GeForce_RTX_5070_Ti,16,
densenet121,224,32,bf16,38.46720123291016,False,NVIDIA_GeForce_RTX_5070_Ti,16,
densenet121,224,32,fp16,32.44510269165039,False,NVIDIA_GeForce_RTX_5070_Ti,16,
densenet121,224,32,fp32,59.62284851074219,False,NVIDIA_GeForce_RTX_5070_Ti,16,
densenet121,224,64,bf16,76.07809448242188,False,NVIDIA_GeForce_RTX_5070_Ti,16,
densenet121,224,64,fp16,65.47718048095703,False,NVIDIA_GeForce_RTX_5070_Ti,16,
densenet121,224,64,fp32,124.94465637207033,False,NVIDIA_GeForce_RTX_5070_Ti,16,
dm_nfnet_f1,64,16,bf16,24.277263641357425,False,NVIDIA_GeForce_RTX_5070_Ti,16,
dm_nfnet_f1,64,16,fp16,23.499120712280277,False,NVIDIA_GeForce_RTX_5070_Ti,16,
dm_nfnet_f1,64,16,fp32,41.909934997558594,False,NVIDIA_GeForce_RTX_5070_Ti,16,
dm_nfnet_f1,64,32,bf16,30.626224517822266,False,NVIDIA_GeForce_RTX_5070_Ti,16,
dm_nfnet_f1,64,32,fp16,30.012815475463867,False,NVIDIA_GeForce_RTX_5070_Ti,16,
dm_nfnet_f1,64,32,fp32,59.52230453491211,False,NVIDIA_GeForce_RTX_5070_Ti,16,
dm_nfnet_f1,64,64,bf16,43.74299240112305,False,NVIDIA_GeForce_RTX_5070_Ti,16,
dm_nfnet_f1,64,64,fp16,42.57183837890625,False,NVIDIA_GeForce_RTX_5070_Ti,16,
dm_nfnet_f1,64,64,fp32,83.00569915771484,False,NVIDIA_GeForce_RTX_5070_Ti,16,
dm_nfnet_f1,128,16,bf16,36.36939239501953,False,NVIDIA_GeForce_RTX_5070_Ti,16,
dm_nfnet_f1,128,16,fp16,32.278560638427734,False,NVIDIA_GeForce_RTX_5070_Ti,16,
dm_nfnet_f1,128,16,fp32,52.94721603393555,False,NVIDIA_GeForce_RTX_5070_Ti,16,
dm_nfnet_f1,128,32,bf16,51.40711975097656,False,NVIDIA_GeForce_RTX_5070_Ti,16,
dm_nfnet_f1,128,32,fp16,48.726688385009766,False,NVIDIA_GeForce_RTX_5070_Ti,16,
dm_nfnet_f1,128,32,fp32,87.54217529296875,False,NVIDIA_GeForce_RTX_5070_Ti,16,
dm_nfnet_f1,128,64,bf16,77.2589111328125,False,NVIDIA_GeForce_RTX_5070_Ti,16,
dm_nfnet_f1,128,64,fp16,74.00878143310547,False,NVIDIA_GeForce_RTX_5070_Ti,16,
dm_nfnet_f1,128,64,fp32,136.8426055908203,False,NVIDIA_GeForce_RTX_5070_Ti,16,
dm_nfnet_f1,224,16,bf16,62.62480163574219,False,NVIDIA_GeForce_RTX_5070_Ti,16,
dm_nfnet_f1,224,16,fp16,58.89158248901367,False,NVIDIA_GeForce_RTX_5070_Ti,16,
dm_nfnet_f1,224,16,fp32,105.65103912353516,False,NVIDIA_GeForce_RTX_5070_Ti,16,
dm_nfnet_f1,224,32,bf16,112.66986846923828,False,NVIDIA_GeForce_RTX_5070_Ti,16,
dm_nfnet_f1,224,32,fp16,108.37556457519533,False,NVIDIA_GeForce_RTX_5070_Ti,16,
dm_nfnet_f1,224,32,fp32,215.2084045410156,False,NVIDIA_GeForce_RTX_5070_Ti,16,
dm_nfnet_f1,224,64,bf16,221.5608062744141,False,NVIDIA_GeForce_RTX_5070_Ti,16,
dm_nfnet_f1,224,64,fp16,214.8080291748047,False,NVIDIA_GeForce_RTX_5070_Ti,16,
dm_nfnet_f1,224,64,fp32,,True,NVIDIA_GeForce_RTX_5070_Ti,16,
efficientnet_b0,64,16,bf16,4.431215763092041,False,NVIDIA_GeForce_RTX_5070_Ti,16,
efficientnet_b0,64,16,fp16,4.015664100646973,False,NVIDIA_GeForce_RTX_5070_Ti,16,
efficientnet_b0,64,16,fp32,4.4912638664245605,False,NVIDIA_GeForce_RTX_5070_Ti,16,
efficientnet_b0,64,32,bf16,5.755087852478027,False,NVIDIA_GeForce_RTX_5070_Ti,16,
efficientnet_b0,64,32,fp16,5.776991844177246,False,NVIDIA_GeForce_RTX_5070_Ti,16,
efficientnet_b0,64,32,fp32,6.087503910064697,False,NVIDIA_GeForce_RTX_5070_Ti,16,
efficientnet_b0,64,64,bf16,8.135919570922852,False,NVIDIA_GeForce_RTX_5070_Ti,16,
efficientnet_b0,64,64,fp16,6.8947038650512695,False,NVIDIA_GeForce_RTX_5070_Ti,16,
efficientnet_b0,64,64,fp32,9.550127983093262,False,NVIDIA_GeForce_RTX_5070_Ti,16,
efficientnet_b0,128,16,bf16,6.308512210845947,False,NVIDIA_GeForce_RTX_5070_Ti,16,
efficientnet_b0,128,16,fp16,6.359871864318848,False,NVIDIA_GeForce_RTX_5070_Ti,16,
efficientnet_b0,128,16,fp32,6.660655975341797,False,NVIDIA_GeForce_RTX_5070_Ti,16,
efficientnet_b0,128,32,bf16,9.663887977600098,False,NVIDIA_GeForce_RTX_5070_Ti,16,
efficientnet_b0,128,32,fp16,7.810495853424072,False,NVIDIA_GeForce_RTX_5070_Ti,16,
efficientnet_b0,128,32,fp32,11.37497615814209,False,NVIDIA_GeForce_RTX_5070_Ti,16,
efficientnet_b0,128,64,bf16,17.275232315063477,False,NVIDIA_GeForce_RTX_5070_Ti,16,
efficientnet_b0,128,64,fp16,13.853440284729004,False,NVIDIA_GeForce_RTX_5070_Ti,16,
efficientnet_b0,128,64,fp32,22.444223403930664,False,NVIDIA_GeForce_RTX_5070_Ti,16,
efficientnet_b0,224,16,bf16,12.44655990600586,False,NVIDIA_GeForce_RTX_5070_Ti,16,
efficientnet_b0,224,16,fp16,9.507792472839355,False,NVIDIA_GeForce_RTX_5070_Ti,16,
efficientnet_b0,224,16,fp32,15.5797119140625,False,NVIDIA_GeForce_RTX_5070_Ti,16,
efficientnet_b0,224,32,bf16,23.33100891113281,False,NVIDIA_GeForce_RTX_5070_Ti,16,
efficientnet_b0,224,32,fp16,17.44820785522461,False,NVIDIA_GeForce_RTX_5070_Ti,16,
efficientnet_b0,224,32,fp32,31.26206398010254,False,NVIDIA_GeForce_RTX_5070_Ti,16,
efficientnet_b0,224,64,bf16,47.94911956787109,False,NVIDIA_GeForce_RTX_5070_Ti,16,
efficientnet_b0,224,64,fp16,36.15980911254883,False,NVIDIA_GeForce_RTX_5070_Ti,16,
efficientnet_b0,224,64,fp32,65.54585266113281,False,NVIDIA_GeForce_RTX_5070_Ti,16,
efficientnet_b3,64,16,bf16,8.701199531555176,False,NVIDIA_GeForce_RTX_5070_Ti,16,
efficientnet_b3,64,16,fp16,7.609615802764893,False,NVIDIA_GeForce_RTX_5070_Ti,16,
efficientnet_b3,64,16,fp32,8.987232208251953,False,NVIDIA_GeForce_RTX_5070_Ti,16,
efficientnet_b3,64,32,bf16,11.110223770141602,False,NVIDIA_GeForce_RTX_5070_Ti,16,
efficientnet_b3,64,32,fp16,9.35308837890625,False,NVIDIA_GeForce_RTX_5070_Ti,16,
efficientnet_b3,64,32,fp32,12.541024208068848,False,NVIDIA_GeForce_RTX_5070_Ti,16,
efficientnet_b3,64,64,bf16,15.919695854187012,False,NVIDIA_GeForce_RTX_5070_Ti,16,
efficientnet_b3,64,64,fp16,13.179136276245115,False,NVIDIA_GeForce_RTX_5070_Ti,16,
efficientnet_b3,64,64,fp32,21.15081596374512,False,NVIDIA_GeForce_RTX_5070_Ti,16,
efficientnet_b3,128,16,bf16,12.483967781066896,False,NVIDIA_GeForce_RTX_5070_Ti,16,
efficientnet_b3,128,16,fp16,10.229056358337402,False,NVIDIA_GeForce_RTX_5070_Ti,16,
efficientnet_b3,128,16,fp32,13.290271759033203,False,NVIDIA_GeForce_RTX_5070_Ti,16,
efficientnet_b3,128,32,bf16,19.199695587158203,False,NVIDIA_GeForce_RTX_5070_Ti,16,
efficientnet_b3,128,32,fp16,15.364800453186035,False,NVIDIA_GeForce_RTX_5070_Ti,16,
efficientnet_b3,128,32,fp32,23.096336364746094,False,NVIDIA_GeForce_RTX_5070_Ti,16,
efficientnet_b3,128,64,bf16,34.86377716064453,False,NVIDIA_GeForce_RTX_5070_Ti,16,
efficientnet_b3,128,64,fp16,27.573087692260746,False,NVIDIA_GeForce_RTX_5070_Ti,16,
efficientnet_b3,128,64,fp32,46.44638442993164,False,NVIDIA_GeForce_RTX_5070_Ti,16,
efficientnet_b3,224,16,bf16,24.42622375488281,False,NVIDIA_GeForce_RTX_5070_Ti,16,
efficientnet_b3,224,16,fp16,18.17340850830078,False,NVIDIA_GeForce_RTX_5070_Ti,16,
efficientnet_b3,224,16,fp32,31.748544692993164,False,NVIDIA_GeForce_RTX_5070_Ti,16,
efficientnet_b3,224,32,bf16,46.05353546142578,False,NVIDIA_GeForce_RTX_5070_Ti,16,
efficientnet_b3,224,32,fp16,33.80033493041992,False,NVIDIA_GeForce_RTX_5070_Ti,16,
efficientnet_b3,224,32,fp32,63.677982330322266,False,NVIDIA_GeForce_RTX_5070_Ti,16,
efficientnet_b3,224,64,bf16,93.4587860107422,False,NVIDIA_GeForce_RTX_5070_Ti,16,
efficientnet_b3,224,64,fp16,70.0946273803711,False,NVIDIA_GeForce_RTX_5070_Ti,16,
efficientnet_b3,224,64,fp32,133.34471130371094,False,NVIDIA_GeForce_RTX_5070_Ti,16,
efficientnet_b5,64,16,bf16,15.23703956604004,False,NVIDIA_GeForce_RTX_5070_Ti,16,
efficientnet_b5,64,16,fp16,13.581727981567385,False,NVIDIA_GeForce_RTX_5070_Ti,16,
efficientnet_b5,64,16,fp32,16.575071334838867,False,NVIDIA_GeForce_RTX_5070_Ti,16,
efficientnet_b5,64,32,bf16,20.04537582397461,False,NVIDIA_GeForce_RTX_5070_Ti,16,
efficientnet_b5,64,32,fp16,16.966495513916016,False,NVIDIA_GeForce_RTX_5070_Ti,16,
efficientnet_b5,64,32,fp32,26.548383712768555,False,NVIDIA_GeForce_RTX_5070_Ti,16,
efficientnet_b5,64,64,bf16,30.46286392211914,False,NVIDIA_GeForce_RTX_5070_Ti,16,
efficientnet_b5,64,64,fp16,24.844816207885746,False,NVIDIA_GeForce_RTX_5070_Ti,16,
efficientnet_b5,64,64,fp32,42.30380630493164,False,NVIDIA_GeForce_RTX_5070_Ti,16,
efficientnet_b5,128,16,bf16,21.931455612182617,False,NVIDIA_GeForce_RTX_5070_Ti,16,
efficientnet_b5,128,16,fp16,17.39588737487793,False,NVIDIA_GeForce_RTX_5070_Ti,16,
efficientnet_b5,128,16,fp32,24.842256546020508,False,NVIDIA_GeForce_RTX_5070_Ti,16,
efficientnet_b5,128,32,bf16,34.21577453613281,False,NVIDIA_GeForce_RTX_5070_Ti,16,
efficientnet_b5,128,32,fp16,26.522384643554688,False,NVIDIA_GeForce_RTX_5070_Ti,16,
efficientnet_b5,128,32,fp32,46.26638412475586,False,NVIDIA_GeForce_RTX_5070_Ti,16,
efficientnet_b5,128,64,bf16,63.45846557617188,False,NVIDIA_GeForce_RTX_5070_Ti,16,
efficientnet_b5,128,64,fp16,48.36848068237305,False,NVIDIA_GeForce_RTX_5070_Ti,16,
efficientnet_b5,128,64,fp32,89.85078430175781,False,NVIDIA_GeForce_RTX_5070_Ti,16,
efficientnet_b5,224,16,bf16,44.240142822265625,False,NVIDIA_GeForce_RTX_5070_Ti,16,
efficientnet_b5,224,16,fp16,31.9411678314209,False,NVIDIA_GeForce_RTX_5070_Ti,16,
efficientnet_b5,224,16,fp32,60.53230285644531,False,NVIDIA_GeForce_RTX_5070_Ti,16,
efficientnet_b5,224,32,bf16,86.35326385498047,False,NVIDIA_GeForce_RTX_5070_Ti,16,
efficientnet_b5,224,32,fp16,61.16998291015625,False,NVIDIA_GeForce_RTX_5070_Ti,16,
efficientnet_b5,224,32,fp32,121.81976318359376,False,NVIDIA_GeForce_RTX_5070_Ti,16,
efficientnet_b5,224,64,bf16,176.14633178710938,False,NVIDIA_GeForce_RTX_5070_Ti,16,
efficientnet_b5,224,64,fp16,126.9524154663086,False,NVIDIA_GeForce_RTX_5070_Ti,16,
efficientnet_b5,224,64,fp32,,True,NVIDIA_GeForce_RTX_5070_Ti,16,
efficientnetv2_l,64,16,bf16,35.715728759765625,False,NVIDIA_GeForce_RTX_5070_Ti,16,
efficientnetv2_l,64,16,fp16,33.03031921386719,False,NVIDIA_GeForce_RTX_5070_Ti,16,
efficientnetv2_l,64,16,fp32,43.80900955200195,False,NVIDIA_GeForce_RTX_5070_Ti,16,
efficientnetv2_l,64,32,bf16,45.01279830932617,False,NVIDIA_GeForce_RTX_5070_Ti,16,
efficientnetv2_l,64,32,fp16,39.883697509765625,False,NVIDIA_GeForce_RTX_5070_Ti,16,
efficientnetv2_l,64,32,fp32,65.73238372802734,False,NVIDIA_GeForce_RTX_5070_Ti,16,
efficientnetv2_l,64,64,bf16,69.85041809082031,False,NVIDIA_GeForce_RTX_5070_Ti,16,
efficientnetv2_l,64,64,fp16,59.34356689453125,False,NVIDIA_GeForce_RTX_5070_Ti,16,
efficientnetv2_l,64,64,fp32,108.09305572509766,False,NVIDIA_GeForce_RTX_5070_Ti,16,
efficientnetv2_l,128,16,bf16,47.67972946166992,False,NVIDIA_GeForce_RTX_5070_Ti,16,
efficientnetv2_l,128,16,fp16,42.24054336547852,False,NVIDIA_GeForce_RTX_5070_Ti,16,
efficientnetv2_l,128,16,fp32,55.70188903808594,False,NVIDIA_GeForce_RTX_5070_Ti,16,
efficientnetv2_l,128,32,bf16,73.35348510742188,False,NVIDIA_GeForce_RTX_5070_Ti,16,
efficientnetv2_l,128,32,fp16,64.29682922363281,False,NVIDIA_GeForce_RTX_5070_Ti,16,
efficientnetv2_l,128,32,fp32,93.39176177978516,False,NVIDIA_GeForce_RTX_5070_Ti,16,
efficientnetv2_l,128,64,bf16,132.2079315185547,False,NVIDIA_GeForce_RTX_5070_Ti,16,
efficientnetv2_l,128,64,fp16,114.57884979248048,False,NVIDIA_GeForce_RTX_5070_Ti,16,
efficientnetv2_l,128,64,fp32,167.45037841796875,False,NVIDIA_GeForce_RTX_5070_Ti,16,
efficientnetv2_l,224,16,bf16,78.64867401123047,False,NVIDIA_GeForce_RTX_5070_Ti,16,
efficientnetv2_l,224,16,fp16,64.16366577148438,False,NVIDIA_GeForce_RTX_5070_Ti,16,
efficientnetv2_l,224,16,fp32,105.68329620361328,False,NVIDIA_GeForce_RTX_5070_Ti,16,
efficientnetv2_l,224,32,bf16,142.51370239257812,False,NVIDIA_GeForce_RTX_5070_Ti,16,
efficientnetv2_l,224,32,fp16,114.90654754638672,False,NVIDIA_GeForce_RTX_5070_Ti,16,
efficientnetv2_l,224,32,fp32,,True,NVIDIA_GeForce_RTX_5070_Ti,16,
efficientnetv2_l,224,64,bf16,,True,NVIDIA_GeForce_RTX_5070_Ti,16,
efficientnetv2_l,224,64,fp16,,True,NVIDIA_GeForce_RTX_5070_Ti,16,
efficientnetv2_l,224,64,fp32,,True,NVIDIA_GeForce_RTX_5070_Ti,16,
efficientnetv2_m,64,16,bf16,21.05779266357422,False,NVIDIA_GeForce_RTX_5070_Ti,16,
efficientnetv2_m,64,16,fp16,19.058895111083984,False,NVIDIA_GeForce_RTX_5070_Ti,16,
efficientnetv2_m,64,16,fp32,23.34996795654297,False,NVIDIA_GeForce_RTX_5070_Ti,16,
efficientnetv2_m,64,32,bf16,26.22723197937012,False,NVIDIA_GeForce_RTX_5070_Ti,16,
efficientnetv2_m,64,32,fp16,22.799903869628903,False,NVIDIA_GeForce_RTX_5070_Ti,16,
efficientnetv2_m,64,32,fp32,38.85539245605469,False,NVIDIA_GeForce_RTX_5070_Ti,16,
efficientnetv2_m,64,64,bf16,38.51433563232422,False,NVIDIA_GeForce_RTX_5070_Ti,16,
efficientnetv2_m,64,64,fp16,32.11542510986328,False,NVIDIA_GeForce_RTX_5070_Ti,16,
efficientnetv2_m,64,64,fp32,59.7832145690918,False,NVIDIA_GeForce_RTX_5070_Ti,16,
efficientnetv2_m,128,16,bf16,26.30115127563477,False,NVIDIA_GeForce_RTX_5070_Ti,16,
efficientnetv2_m,128,16,fp16,23.08897590637207,False,NVIDIA_GeForce_RTX_5070_Ti,16,
efficientnetv2_m,128,16,fp32,30.44041633605957,False,NVIDIA_GeForce_RTX_5070_Ti,16,
efficientnetv2_m,128,32,bf16,37.87150573730469,False,NVIDIA_GeForce_RTX_5070_Ti,16,
efficientnetv2_m,128,32,fp16,32.52656173706055,False,NVIDIA_GeForce_RTX_5070_Ti,16,
efficientnetv2_m,128,32,fp32,53.275760650634766,False,NVIDIA_GeForce_RTX_5070_Ti,16,
efficientnetv2_m,128,64,bf16,64.81822204589844,False,NVIDIA_GeForce_RTX_5070_Ti,16,
efficientnetv2_m,128,64,fp16,53.52628707885742,False,NVIDIA_GeForce_RTX_5070_Ti,16,
efficientnetv2_m,128,64,fp32,94.35279846191406,False,NVIDIA_GeForce_RTX_5070_Ti,16,
efficientnetv2_m,224,16,bf16,44.29582214355469,False,NVIDIA_GeForce_RTX_5070_Ti,16,
efficientnetv2_m,224,16,fp16,36.83364868164063,False,NVIDIA_GeForce_RTX_5070_Ti,16,
efficientnetv2_m,224,16,fp32,57.276832580566406,False,NVIDIA_GeForce_RTX_5070_Ti,16,
efficientnetv2_m,224,32,bf16,77.55661010742188,False,NVIDIA_GeForce_RTX_5070_Ti,16,
efficientnetv2_m,224,32,fp16,61.22238540649414,False,NVIDIA_GeForce_RTX_5070_Ti,16,
efficientnetv2_m,224,32,fp32,109.52086639404295,False,NVIDIA_GeForce_RTX_5070_Ti,16,
efficientnetv2_m,224,64,bf16,151.8577423095703,False,NVIDIA_GeForce_RTX_5070_Ti,16,
efficientnetv2_m,224,64,fp16,120.20368194580078,False,NVIDIA_GeForce_RTX_5070_Ti,16,
efficientnetv2_m,224,64,fp32,,True,NVIDIA_GeForce_RTX_5070_Ti,16,
efficientnetv2_s,64,16,bf16,11.16055965423584,False,NVIDIA_GeForce_RTX_5070_Ti,16,
efficientnetv2_s,64,16,fp16,10.16204833984375,False,NVIDIA_GeForce_RTX_5070_Ti,16,
efficientnetv2_s,64,16,fp32,12.707247734069824,False,NVIDIA_GeForce_RTX_5070_Ti,16,
efficientnetv2_s,64,32,bf16,13.842592239379885,False,NVIDIA_GeForce_RTX_5070_Ti,16,
efficientnetv2_s,64,32,fp16,12.359248161315918,False,NVIDIA_GeForce_RTX_5070_Ti,16,
efficientnetv2_s,64,32,fp32,17.581743240356445,False,NVIDIA_GeForce_RTX_5070_Ti,16,
efficientnetv2_s,64,64,bf16,20.015647888183597,False,NVIDIA_GeForce_RTX_5070_Ti,16,
efficientnetv2_s,64,64,fp16,16.95412826538086,False,NVIDIA_GeForce_RTX_5070_Ti,16,
efficientnetv2_s,64,64,fp32,31.790096282958984,False,NVIDIA_GeForce_RTX_5070_Ti,16,
efficientnetv2_s,128,16,bf16,14.68654441833496,False,NVIDIA_GeForce_RTX_5070_Ti,16,
efficientnetv2_s,128,16,fp16,12.932000160217283,False,NVIDIA_GeForce_RTX_5070_Ti,16,
efficientnetv2_s,128,16,fp32,16.444591522216797,False,NVIDIA_GeForce_RTX_5070_Ti,16,
efficientnetv2_s,128,32,bf16,21.74249649047852,False,NVIDIA_GeForce_RTX_5070_Ti,16,
efficientnetv2_s,128,32,fp16,18.543840408325195,False,NVIDIA_GeForce_RTX_5070_Ti,16,
efficientnetv2_s,128,32,fp32,26.63100814819336,False,NVIDIA_GeForce_RTX_5070_Ti,16,
efficientnetv2_s,128,64,bf16,38.98633575439453,False,NVIDIA_GeForce_RTX_5070_Ti,16,
efficientnetv2_s,128,64,fp16,32.881744384765625,False,NVIDIA_GeForce_RTX_5070_Ti,16,
efficientnetv2_s,128,64,fp32,53.53958511352539,False,NVIDIA_GeForce_RTX_5070_Ti,16,
efficientnetv2_s,224,16,bf16,25.063615798950195,False,NVIDIA_GeForce_RTX_5070_Ti,16,
efficientnetv2_s,224,16,fp16,20.29867172241211,False,NVIDIA_GeForce_RTX_5070_Ti,16,
efficientnetv2_s,224,16,fp32,32.3096809387207,False,NVIDIA_GeForce_RTX_5070_Ti,16,
efficientnetv2_s,224,32,bf16,43.73104095458984,False,NVIDIA_GeForce_RTX_5070_Ti,16,
efficientnetv2_s,224,32,fp16,34.47488021850586,False,NVIDIA_GeForce_RTX_5070_Ti,16,
efficientnetv2_s,224,32,fp32,62.662017822265625,False,NVIDIA_GeForce_RTX_5070_Ti,16,
efficientnetv2_s,224,64,bf16,86.77986907958984,False,NVIDIA_GeForce_RTX_5070_Ti,16,
efficientnetv2_s,224,64,fp16,68.88848114013672,False,NVIDIA_GeForce_RTX_5070_Ti,16,
efficientnetv2_s,224,64,fp32,134.27391052246094,False,NVIDIA_GeForce_RTX_5070_Ti,16,
fastvit_t12,64,16,bf16,5.51855993270874,False,NVIDIA_GeForce_RTX_5070_Ti,16,
fastvit_t12,64,16,fp16,5.991199970245361,False,NVIDIA_GeForce_RTX_5070_Ti,16,
fastvit_t12,64,16,fp32,5.655888080596924,False,NVIDIA_GeForce_RTX_5070_Ti,16,
fastvit_t12,64,32,bf16,7.254335880279541,False,NVIDIA_GeForce_RTX_5070_Ti,16,
fastvit_t12,64,32,fp16,7.685232162475586,False,NVIDIA_GeForce_RTX_5070_Ti,16,
fastvit_t12,64,32,fp32,8.164511680603027,False,NVIDIA_GeForce_RTX_5070_Ti,16,
fastvit_t12,64,64,bf16,11.321999549865724,False,NVIDIA_GeForce_RTX_5070_Ti,16,
fastvit_t12,64,64,fp16,10.070048332214355,False,NVIDIA_GeForce_RTX_5070_Ti,16,
fastvit_t12,64,64,fp32,13.467535972595217,False,NVIDIA_GeForce_RTX_5070_Ti,16,
fastvit_t12,128,16,bf16,8.513968467712402,False,NVIDIA_GeForce_RTX_5070_Ti,16,
fastvit_t12,128,16,fp16,7.51913595199585,False,NVIDIA_GeForce_RTX_5070_Ti,16,
fastvit_t12,128,16,fp32,8.66215991973877,False,NVIDIA_GeForce_RTX_5070_Ti,16,
fastvit_t12,128,32,bf16,13.437871932983398,False,NVIDIA_GeForce_RTX_5070_Ti,16,
fastvit_t12,128,32,fp16,11.793503761291504,False,NVIDIA_GeForce_RTX_5070_Ti,16,
fastvit_t12,128,32,fp32,15.462271690368652,False,NVIDIA_GeForce_RTX_5070_Ti,16,
fastvit_t12,128,64,bf16,25.161888122558597,False,NVIDIA_GeForce_RTX_5070_Ti,16,
fastvit_t12,128,64,fp16,22.213680267333984,False,NVIDIA_GeForce_RTX_5070_Ti,16,
fastvit_t12,128,64,fp32,30.037504196166992,False,NVIDIA_GeForce_RTX_5070_Ti,16,
fastvit_t12,224,16,bf16,18.947040557861328,False,NVIDIA_GeForce_RTX_5070_Ti,16,
fastvit_t12,224,16,fp16,16.340208053588867,False,NVIDIA_GeForce_RTX_5070_Ti,16,
fastvit_t12,224,16,fp32,20.896352767944336,False,NVIDIA_GeForce_RTX_5070_Ti,16,
fastvit_t12,224,32,bf16,36.672481536865234,False,NVIDIA_GeForce_RTX_5070_Ti,16,
fastvit_t12,224,32,fp16,31.85086441040039,False,NVIDIA_GeForce_RTX_5070_Ti,16,
fastvit_t12,224,32,fp32,43.118446350097656,False,NVIDIA_GeForce_RTX_5070_Ti,16,
fastvit_t12,224,64,bf16,76.06782531738281,False,NVIDIA_GeForce_RTX_5070_Ti,16,
fastvit_t12,224,64,fp16,67.15003204345703,False,NVIDIA_GeForce_RTX_5070_Ti,16,
fastvit_t12,224,64,fp32,92.3602523803711,False,NVIDIA_GeForce_RTX_5070_Ti,16,
fastvit_t8,64,16,bf16,4.149375915527344,False,NVIDIA_GeForce_RTX_5070_Ti,16,
fastvit_t8,64,16,fp16,3.804975986480713,False,NVIDIA_GeForce_RTX_5070_Ti,16,
fastvit_t8,64,16,fp32,4.002416133880615,False,NVIDIA_GeForce_RTX_5070_Ti,16,
fastvit_t8,64,32,bf16,5.341599941253662,False,NVIDIA_GeForce_RTX_5070_Ti,16,
fastvit_t8,64,32,fp16,4.796800136566162,False,NVIDIA_GeForce_RTX_5070_Ti,16,
fastvit_t8,64,32,fp32,5.4206719398498535,False,NVIDIA_GeForce_RTX_5070_Ti,16,
fastvit_t8,64,64,bf16,7.818272113800049,False,NVIDIA_GeForce_RTX_5070_Ti,16,
fastvit_t8,64,64,fp16,6.8169121742248535,False,NVIDIA_GeForce_RTX_5070_Ti,16,
fastvit_t8,64,64,fp32,8.884448051452637,False,NVIDIA_GeForce_RTX_5070_Ti,16,
fastvit_t8,128,16,bf16,6.448080062866211,False,NVIDIA_GeForce_RTX_5070_Ti,16,
fastvit_t8,128,16,fp16,5.734975814819336,False,NVIDIA_GeForce_RTX_5070_Ti,16,
fastvit_t8,128,16,fp32,6.157711982727051,False,NVIDIA_GeForce_RTX_5070_Ti,16,
fastvit_t8,128,32,bf16,10.031904220581056,False,NVIDIA_GeForce_RTX_5070_Ti,16,
fastvit_t8,128,32,fp16,8.793567657470703,False,NVIDIA_GeForce_RTX_5070_Ti,16,
fastvit_t8,128,32,fp32,10.461919784545898,False,NVIDIA_GeForce_RTX_5070_Ti,16,
fastvit_t8,128,64,bf16,18.44923210144043,False,NVIDIA_GeForce_RTX_5070_Ti,16,
fastvit_t8,128,64,fp16,16.200368881225586,False,NVIDIA_GeForce_RTX_5070_Ti,16,
fastvit_t8,128,64,fp32,20.02630424499512,False,NVIDIA_GeForce_RTX_5070_Ti,16,
fastvit_t8,224,16,bf16,13.71288013458252,False,NVIDIA_GeForce_RTX_5070_Ti,16,
fastvit_t8,224,16,fp16,11.801568031311035,False,NVIDIA_GeForce_RTX_5070_Ti,16,
fastvit_t8,224,16,fp32,14.768511772155762,False,NVIDIA_GeForce_RTX_5070_Ti,16,
fastvit_t8,224,32,bf16,25.84227180480957,False,NVIDIA_GeForce_RTX_5070_Ti,16,
fastvit_t8,224,32,fp16,22.553024291992188,False,NVIDIA_GeForce_RTX_5070_Ti,16,
fastvit_t8,224,32,fp32,29.70639991760254,False,NVIDIA_GeForce_RTX_5070_Ti,16,
fastvit_t8,224,64,bf16,53.80140686035156,False,NVIDIA_GeForce_RTX_5070_Ti,16,
fastvit_t8,224,64,fp16,47.42595291137695,False,NVIDIA_GeForce_RTX_5070_Ti,16,
fastvit_t8,224,64,fp32,63.46934509277344,False,NVIDIA_GeForce_RTX_5070_Ti,16,
maxvit_tiny_tf_224,64,16,bf16,12.653424263000488,False,NVIDIA_GeForce_RTX_5070_Ti,16,
maxvit_tiny_tf_224,64,16,fp16,11.972864151000977,False,NVIDIA_GeForce_RTX_5070_Ti,16,
maxvit_tiny_tf_224,64,16,fp32,16.228239059448242,False,NVIDIA_GeForce_RTX_5070_Ti,16,
maxvit_tiny_tf_224,64,32,bf16,17.22318458557129,False,NVIDIA_GeForce_RTX_5070_Ti,16,
maxvit_tiny_tf_224,64,32,fp16,16.1048641204834,False,NVIDIA_GeForce_RTX_5070_Ti,16,
maxvit_tiny_tf_224,64,32,fp32,24.98801612854004,False,NVIDIA_GeForce_RTX_5070_Ti,16,
maxvit_tiny_tf_224,64,64,bf16,26.708160400390625,False,NVIDIA_GeForce_RTX_5070_Ti,16,
maxvit_tiny_tf_224,64,64,fp16,24.66771125793457,False,NVIDIA_GeForce_RTX_5070_Ti,16,
maxvit_tiny_tf_224,64,64,fp32,43.56407928466797,False,NVIDIA_GeForce_RTX_5070_Ti,16,
maxvit_tiny_tf_224,128,16,bf16,20.516159057617188,False,NVIDIA_GeForce_RTX_5070_Ti,16,
maxvit_tiny_tf_224,128,16,fp16,18.7729606628418,False,NVIDIA_GeForce_RTX_5070_Ti,16,
maxvit_tiny_tf_224,128,16,fp32,28.69688034057617,False,NVIDIA_GeForce_RTX_5070_Ti,16,
maxvit_tiny_tf_224,128,32,bf16,33.32524871826172,False,NVIDIA_GeForce_RTX_5070_Ti,16,
maxvit_tiny_tf_224,128,32,fp16,30.56583976745605,False,NVIDIA_GeForce_RTX_5070_Ti,16,
maxvit_tiny_tf_224,128,32,fp32,52.18377685546875,False,NVIDIA_GeForce_RTX_5070_Ti,16,
maxvit_tiny_tf_224,128,64,bf16,61.83158493041992,False,NVIDIA_GeForce_RTX_5070_Ti,16,
maxvit_tiny_tf_224,128,64,fp16,56.64601516723633,False,NVIDIA_GeForce_RTX_5070_Ti,16,
maxvit_tiny_tf_224,128,64,fp32,103.25950622558594,False,NVIDIA_GeForce_RTX_5070_Ti,16,
maxvit_tiny_tf_224,224,16,bf16,45.8256950378418,False,NVIDIA_GeForce_RTX_5070_Ti,16,
maxvit_tiny_tf_224,224,16,fp16,41.7993278503418,False,NVIDIA_GeForce_RTX_5070_Ti,16,
maxvit_tiny_tf_224,224,16,fp32,72.08783721923828,False,NVIDIA_GeForce_RTX_5070_Ti,16,
maxvit_tiny_tf_224,224,32,bf16,86.4859390258789,False,NVIDIA_GeForce_RTX_5070_Ti,16,
maxvit_tiny_tf_224,224,32,fp16,79.47459411621094,False,NVIDIA_GeForce_RTX_5070_Ti,16,
maxvit_tiny_tf_224,224,32,fp32,142.53924560546875,False,NVIDIA_GeForce_RTX_5070_Ti,16,
maxvit_tiny_tf_224,224,64,bf16,173.32765197753906,False,NVIDIA_GeForce_RTX_5070_Ti,16,
maxvit_tiny_tf_224,224,64,fp16,160.6243133544922,False,NVIDIA_GeForce_RTX_5070_Ti,16,
maxvit_tiny_tf_224,224,64,fp32,,True,NVIDIA_GeForce_RTX_5070_Ti,16,
mixer_b16_224,64,16,bf16,7.974976062774658,False,NVIDIA_GeForce_RTX_5070_Ti,16,
mixer_b16_224,64,16,fp16,7.887375831604004,False,NVIDIA_GeForce_RTX_5070_Ti,16,
mixer_b16_224,64,16,fp32,11.681983947753906,False,NVIDIA_GeForce_RTX_5070_Ti,16,
mixer_b16_224,64,32,bf16,10.618767738342283,False,NVIDIA_GeForce_RTX_5070_Ti,16,
mixer_b16_224,64,32,fp16,10.435471534729004,False,NVIDIA_GeForce_RTX_5070_Ti,16,
mixer_b16_224,64,32,fp32,19.116256713867188,False,NVIDIA_GeForce_RTX_5070_Ti,16,
mixer_b16_224,64,64,bf16,16.684703826904297,False,NVIDIA_GeForce_RTX_5070_Ti,16,
mixer_b16_224,64,64,fp16,16.391904830932617,False,NVIDIA_GeForce_RTX_5070_Ti,16,
mixer_b16_224,64,64,fp32,37.531471252441406,False,NVIDIA_GeForce_RTX_5070_Ti,16,
mixer_b16_224,128,16,bf16,12.640576362609863,False,NVIDIA_GeForce_RTX_5070_Ti,16,
mixer_b16_224,128,16,fp16,12.541168212890623,False,NVIDIA_GeForce_RTX_5070_Ti,16,
mixer_b16_224,128,16,fp32,23.30681610107422,False,NVIDIA_GeForce_RTX_5070_Ti,16,
mixer_b16_224,128,32,bf16,19.698144912719727,False,NVIDIA_GeForce_RTX_5070_Ti,16,
mixer_b16_224,128,32,fp16,19.540624618530277,False,NVIDIA_GeForce_RTX_5070_Ti,16,
mixer_b16_224,128,32,fp32,43.4458236694336,False,NVIDIA_GeForce_RTX_5070_Ti,16,
mixer_b16_224,128,64,bf16,35.23419189453125,False,NVIDIA_GeForce_RTX_5070_Ti,16,
mixer_b16_224,128,64,fp16,34.85953521728516,False,NVIDIA_GeForce_RTX_5070_Ti,16,
mixer_b16_224,128,64,fp32,85.88683319091797,False,NVIDIA_GeForce_RTX_5070_Ti,16,
mixer_b16_224,224,16,bf16,27.46446418762207,False,NVIDIA_GeForce_RTX_5070_Ti,16,
mixer_b16_224,224,16,fp16,27.352975845336918,False,NVIDIA_GeForce_RTX_5070_Ti,16,
mixer_b16_224,224,16,fp32,63.12972640991211,False,NVIDIA_GeForce_RTX_5070_Ti,16,
mixer_b16_224,224,32,bf16,51.158782958984375,False,NVIDIA_GeForce_RTX_5070_Ti,16,
mixer_b16_224,224,32,fp16,51.06300735473633,False,NVIDIA_GeForce_RTX_5070_Ti,16,
mixer_b16_224,224,32,fp32,121.4453125,False,NVIDIA_GeForce_RTX_5070_Ti,16,
mixer_b16_224,224,64,bf16,101.17337799072266,False,NVIDIA_GeForce_RTX_5070_Ti,16,
mixer_b16_224,224,64,fp16,100.73761749267578,False,NVIDIA_GeForce_RTX_5070_Ti,16,
mixer_b16_224,224,64,fp32,236.66966247558597,False,NVIDIA_GeForce_RTX_5070_Ti,16,
mobilenetv2_100,64,16,bf16,2.6645760536193848,False,NVIDIA_GeForce_RTX_5070_Ti,16,
mobilenetv2_100,64,16,fp16,2.2841920852661133,False,NVIDIA_GeForce_RTX_5070_Ti,16,
mobilenetv2_100,64,16,fp32,2.8459360599517822,False,NVIDIA_GeForce_RTX_5070_Ti,16,
mobilenetv2_100,64,32,bf16,3.518271923065185,False,NVIDIA_GeForce_RTX_5070_Ti,16,
mobilenetv2_100,64,32,fp16,2.870896100997925,False,NVIDIA_GeForce_RTX_5070_Ti,16,
mobilenetv2_100,64,32,fp32,3.954655885696411,False,NVIDIA_GeForce_RTX_5070_Ti,16,
mobilenetv2_100,64,64,bf16,5.160336017608643,False,NVIDIA_GeForce_RTX_5070_Ti,16,
mobilenetv2_100,64,64,fp16,4.04315185546875,False,NVIDIA_GeForce_RTX_5070_Ti,16,
mobilenetv2_100,64,64,fp32,6.126944065093994,False,NVIDIA_GeForce_RTX_5070_Ti,16,
mobilenetv2_100,128,16,bf16,4.181647777557373,False,NVIDIA_GeForce_RTX_5070_Ti,16,
mobilenetv2_100,128,16,fp16,3.3466238975524902,False,NVIDIA_GeForce_RTX_5070_Ti,16,
mobilenetv2_100,128,16,fp32,4.43561601638794,False,NVIDIA_GeForce_RTX_5070_Ti,16,
mobilenetv2_100,128,32,bf16,6.66099214553833,False,NVIDIA_GeForce_RTX_5070_Ti,16,
mobilenetv2_100,128,32,fp16,5.151360034942627,False,NVIDIA_GeForce_RTX_5070_Ti,16,
mobilenetv2_100,128,32,fp32,7.973199844360352,False,NVIDIA_GeForce_RTX_5070_Ti,16,
mobilenetv2_100,128,64,bf16,12.279775619506836,False,NVIDIA_GeForce_RTX_5070_Ti,16,
mobilenetv2_100,128,64,fp16,9.677583694458008,False,NVIDIA_GeForce_RTX_5070_Ti,16,
mobilenetv2_100,128,64,fp32,16.183504104614258,False,NVIDIA_GeForce_RTX_5070_Ti,16,
mobilenetv2_100,224,16,bf16,9.247599601745604,False,NVIDIA_GeForce_RTX_5070_Ti,16,
mobilenetv2_100,224,16,fp16,9.042160034179688,False,NVIDIA_GeForce_RTX_5070_Ti,16,
mobilenetv2_100,224,16,fp32,11.494159698486328,False,NVIDIA_GeForce_RTX_5070_Ti,16,
mobilenetv2_100,224,32,bf16,17.846607208251953,False,NVIDIA_GeForce_RTX_5070_Ti,16,
mobilenetv2_100,224,32,fp16,13.720319747924805,False,NVIDIA_GeForce_RTX_5070_Ti,16,
mobilenetv2_100,224,32,fp32,24.01062393188477,False,NVIDIA_GeForce_RTX_5070_Ti,16,
mobilenetv2_100,224,64,bf16,37.4200325012207,False,NVIDIA_GeForce_RTX_5070_Ti,16,
mobilenetv2_100,224,64,fp16,28.972368240356445,False,NVIDIA_GeForce_RTX_5070_Ti,16,
mobilenetv2_100,224,64,fp32,49.97903823852539,False,NVIDIA_GeForce_RTX_5070_Ti,16,
mobilenetv3_large_100,64,16,bf16,3.06060791015625,False,NVIDIA_GeForce_RTX_5070_Ti,16,
mobilenetv3_large_100,64,16,fp16,2.7339038848876958,False,NVIDIA_GeForce_RTX_5070_Ti,16,
mobilenetv3_large_100,64,16,fp32,2.976768016815185,False,NVIDIA_GeForce_RTX_5070_Ti,16,
mobilenetv3_large_100,64,32,bf16,3.883375883102417,False,NVIDIA_GeForce_RTX_5070_Ti,16,
mobilenetv3_large_100,64,32,fp16,3.3646240234375,False,NVIDIA_GeForce_RTX_5070_Ti,16,
mobilenetv3_large_100,64,32,fp32,4.21833610534668,False,NVIDIA_GeForce_RTX_5070_Ti,16,
mobilenetv3_large_100,64,64,bf16,5.263631820678711,False,NVIDIA_GeForce_RTX_5070_Ti,16,
mobilenetv3_large_100,64,64,fp16,4.383327960968018,False,NVIDIA_GeForce_RTX_5070_Ti,16,
mobilenetv3_large_100,64,64,fp32,5.59227180480957,False,NVIDIA_GeForce_RTX_5070_Ti,16,
mobilenetv3_large_100,128,16,bf16,4.250976085662842,False,NVIDIA_GeForce_RTX_5070_Ti,16,
mobilenetv3_large_100,128,16,fp16,4.207712173461914,False,NVIDIA_GeForce_RTX_5070_Ti,16,
mobilenetv3_large_100,128,16,fp32,4.29252815246582,False,NVIDIA_GeForce_RTX_5070_Ti,16,
mobilenetv3_large_100,128,32,bf16,6.3757758140563965,False,NVIDIA_GeForce_RTX_5070_Ti,16,
mobilenetv3_large_100,128,32,fp16,5.24180793762207,False,NVIDIA_GeForce_RTX_5070_Ti,16,
mobilenetv3_large_100,128,32,fp32,7.047215938568115,False,NVIDIA_GeForce_RTX_5070_Ti,16,
mobilenetv3_large_100,128,64,bf16,10.539392471313477,False,NVIDIA_GeForce_RTX_5070_Ti,16,
mobilenetv3_large_100,128,64,fp16,8.60364818572998,False,NVIDIA_GeForce_RTX_5070_Ti,16,
mobilenetv3_large_100,128,64,fp32,12.00550365447998,False,NVIDIA_GeForce_RTX_5070_Ti,16,
mobilenetv3_large_100,224,16,bf16,8.25432014465332,False,NVIDIA_GeForce_RTX_5070_Ti,16,
mobilenetv3_large_100,224,16,fp16,7.638944149017334,False,NVIDIA_GeForce_RTX_5070_Ti,16,
mobilenetv3_large_100,224,16,fp32,9.16921615600586,False,NVIDIA_GeForce_RTX_5070_Ti,16,
mobilenetv3_large_100,224,32,bf16,14.504159927368164,False,NVIDIA_GeForce_RTX_5070_Ti,16,
mobilenetv3_large_100,224,32,fp16,10.987584114074709,False,NVIDIA_GeForce_RTX_5070_Ti,16,
mobilenetv3_large_100,224,32,fp32,17.486495971679688,False,NVIDIA_GeForce_RTX_5070_Ti,16,
mobilenetv3_large_100,224,64,bf16,29.227184295654297,False,NVIDIA_GeForce_RTX_5070_Ti,16,
mobilenetv3_large_100,224,64,fp16,22.63462448120117,False,NVIDIA_GeForce_RTX_5070_Ti,16,
mobilenetv3_large_100,224,64,fp32,36.97702407836914,False,NVIDIA_GeForce_RTX_5070_Ti,16,
mobilenetv3_small_100,64,16,bf16,1.8586399555206297,False,NVIDIA_GeForce_RTX_5070_Ti,16,
mobilenetv3_small_100,64,16,fp16,1.7345279455184937,False,NVIDIA_GeForce_RTX_5070_Ti,16,
mobilenetv3_small_100,64,16,fp32,1.887503981590271,False,NVIDIA_GeForce_RTX_5070_Ti,16,
mobilenetv3_small_100,64,32,bf16,2.428447961807251,False,NVIDIA_GeForce_RTX_5070_Ti,16,
mobilenetv3_small_100,64,32,fp16,2.06712007522583,False,NVIDIA_GeForce_RTX_5070_Ti,16,
mobilenetv3_small_100,64,32,fp32,2.920416116714477,False,NVIDIA_GeForce_RTX_5070_Ti,16,
mobilenetv3_small_100,64,64,bf16,3.115999937057495,False,NVIDIA_GeForce_RTX_5070_Ti,16,
mobilenetv3_small_100,64,64,fp16,2.705888032913208,False,NVIDIA_GeForce_RTX_5070_Ti,16,
mobilenetv3_small_100,64,64,fp32,3.000591993331909,False,NVIDIA_GeForce_RTX_5070_Ti,16,
mobilenetv3_small_100,128,16,bf16,2.5962560176849365,False,NVIDIA_GeForce_RTX_5070_Ti,16,
mobilenetv3_small_100,128,16,fp16,2.5238559246063232,False,NVIDIA_GeForce_RTX_5070_Ti,16,
mobilenetv3_small_100,128,16,fp32,2.4431040287017822,False,NVIDIA_GeForce_RTX_5070_Ti,16,
mobilenetv3_small_100,128,32,bf16,3.4684479236602783,False,NVIDIA_GeForce_RTX_5070_Ti,16,
mobilenetv3_small_100,128,32,fp16,3.232800006866455,False,NVIDIA_GeForce_RTX_5070_Ti,16,
mobilenetv3_small_100,128,32,fp32,3.291872024536133,False,NVIDIA_GeForce_RTX_5070_Ti,16,
mobilenetv3_small_100,128,64,bf16,4.764175891876221,False,NVIDIA_GeForce_RTX_5070_Ti,16,
mobilenetv3_small_100,128,64,fp16,3.7926719188690186,False,NVIDIA_GeForce_RTX_5070_Ti,16,
mobilenetv3_small_100,128,64,fp32,4.895103931427002,False,NVIDIA_GeForce_RTX_5070_Ti,16,
mobilenetv3_small_100,224,16,bf16,3.986671924591065,False,NVIDIA_GeForce_RTX_5070_Ti,16,
mobilenetv3_small_100,224,16,fp16,3.5072479248046875,False,NVIDIA_GeForce_RTX_5070_Ti,16,
mobilenetv3_small_100,224,16,fp32,3.872431993484497,False,NVIDIA_GeForce_RTX_5070_Ti,16,
mobilenetv3_small_100,224,32,bf16,6.278384208679199,False,NVIDIA_GeForce_RTX_5070_Ti,16,
mobilenetv3_small_100,224,32,fp16,4.639296054840088,False,NVIDIA_GeForce_RTX_5070_Ti,16,
mobilenetv3_small_100,224,32,fp32,6.697824001312256,False,NVIDIA_GeForce_RTX_5070_Ti,16,
mobilenetv3_small_100,224,64,bf16,11.552800178527832,False,NVIDIA_GeForce_RTX_5070_Ti,16,
mobilenetv3_small_100,224,64,fp16,8.558783531188965,False,NVIDIA_GeForce_RTX_5070_Ti,16,
mobilenetv3_small_100,224,64,fp32,12.59216022491455,False,NVIDIA_GeForce_RTX_5070_Ti,16,
mobilevit_s,64,16,bf16,4.194079875946045,False,NVIDIA_GeForce_RTX_5070_Ti,16,
mobilevit_s,64,16,fp16,3.755295991897583,False,NVIDIA_GeForce_RTX_5070_Ti,16,
mobilevit_s,64,16,fp32,4.754576206207275,False,NVIDIA_GeForce_RTX_5070_Ti,16,
mobilevit_s,64,32,bf16,5.655055999755859,False,NVIDIA_GeForce_RTX_5070_Ti,16,
mobilevit_s,64,32,fp16,4.929327964782715,False,NVIDIA_GeForce_RTX_5070_Ti,16,
mobilevit_s,64,32,fp32,6.925407886505127,False,NVIDIA_GeForce_RTX_5070_Ti,16,
mobilevit_s,64,64,bf16,8.45019245147705,False,NVIDIA_GeForce_RTX_5070_Ti,16,
mobilevit_s,64,64,fp16,7.238736152648926,False,NVIDIA_GeForce_RTX_5070_Ti,16,
mobilevit_s,64,64,fp32,11.387904167175291,False,NVIDIA_GeForce_RTX_5070_Ti,16,
mobilevit_s,128,16,bf16,7.201072216033936,False,NVIDIA_GeForce_RTX_5070_Ti,16,
mobilevit_s,128,16,fp16,6.025407791137695,False,NVIDIA_GeForce_RTX_5070_Ti,16,
mobilevit_s,128,16,fp32,8.971887588500977,False,NVIDIA_GeForce_RTX_5070_Ti,16,
mobilevit_s,128,32,bf16,11.731760025024414,False,NVIDIA_GeForce_RTX_5070_Ti,16,
mobilevit_s,128,32,fp16,9.734880447387695,False,NVIDIA_GeForce_RTX_5070_Ti,16,
mobilevit_s,128,32,fp32,17.312047958374023,False,NVIDIA_GeForce_RTX_5070_Ti,16,
mobilevit_s,128,64,bf16,23.09060859680176,False,NVIDIA_GeForce_RTX_5070_Ti,16,
mobilevit_s,128,64,fp16,19.32454490661621,False,NVIDIA_GeForce_RTX_5070_Ti,16,
mobilevit_s,128,64,fp32,35.161041259765625,False,NVIDIA_GeForce_RTX_5070_Ti,16,
mobilevit_s,224,16,bf16,18.81515121459961,False,NVIDIA_GeForce_RTX_5070_Ti,16,
mobilevit_s,224,16,fp16,15.833760261535645,False,NVIDIA_GeForce_RTX_5070_Ti,16,
mobilevit_s,224,16,fp32,29.392927169799805,False,NVIDIA_GeForce_RTX_5070_Ti,16,
mobilevit_s,224,32,bf16,38.623809814453125,False,NVIDIA_GeForce_RTX_5070_Ti,16,
mobilevit_s,224,32,fp16,32.37798309326172,False,NVIDIA_GeForce_RTX_5070_Ti,16,
mobilevit_s,224,32,fp32,59.25028610229492,False,NVIDIA_GeForce_RTX_5070_Ti,16,
mobilevit_s,224,64,bf16,78.08487701416016,False,NVIDIA_GeForce_RTX_5070_Ti,16,
mobilevit_s,224,64,fp16,66.1578598022461,False,NVIDIA_GeForce_RTX_5070_Ti,16,
mobilevit_s,224,64,fp32,119.11576080322266,False,NVIDIA_GeForce_RTX_5070_Ti,16,
mobilevit_xs,64,16,bf16,3.6234240531921382,False,NVIDIA_GeForce_RTX_5070_Ti,16,
mobilevit_xs,64,16,fp16,3.4084479808807373,False,NVIDIA_GeForce_RTX_5070_Ti,16,
mobilevit_xs,64,16,fp32,3.75380802154541,False,NVIDIA_GeForce_RTX_5070_Ti,16,
mobilevit_xs,64,32,bf16,4.816207885742188,False,NVIDIA_GeForce_RTX_5070_Ti,16,
mobilevit_xs,64,32,fp16,4.514272212982178,False,NVIDIA_GeForce_RTX_5070_Ti,16,
mobilevit_xs,64,32,fp32,5.074831962585449,False,NVIDIA_GeForce_RTX_5070_Ti,16,
mobilevit_xs,64,64,bf16,7.088687896728516,False,NVIDIA_GeForce_RTX_5070_Ti,16,
mobilevit_xs,64,64,fp16,6.446671962738037,False,NVIDIA_GeForce_RTX_5070_Ti,16,
mobilevit_xs,64,64,fp32,8.029279708862305,False,NVIDIA_GeForce_RTX_5070_Ti,16,
mobilevit_xs,128,16,bf16,6.030672073364258,False,NVIDIA_GeForce_RTX_5070_Ti,16,
mobilevit_xs,128,16,fp16,5.302735805511475,False,NVIDIA_GeForce_RTX_5070_Ti,16,
mobilevit_xs,128,16,fp32,6.946720123291016,False,NVIDIA_GeForce_RTX_5070_Ti,16,
mobilevit_xs,128,32,bf16,9.751983642578123,False,NVIDIA_GeForce_RTX_5070_Ti,16,
mobilevit_xs,128,32,fp16,8.500191688537598,False,NVIDIA_GeForce_RTX_5070_Ti,16,
mobilevit_xs,128,32,fp32,13.05577564239502,False,NVIDIA_GeForce_RTX_5070_Ti,16,
mobilevit_xs,128,64,bf16,18.563312530517575,False,NVIDIA_GeForce_RTX_5070_Ti,16,
mobilevit_xs,128,64,fp16,15.923808097839355,False,NVIDIA_GeForce_RTX_5070_Ti,16,
mobilevit_xs,128,64,fp32,27.04462432861328,False,NVIDIA_GeForce_RTX_5070_Ti,16,
mobilevit_xs,224,16,bf16,14.784208297729492,False,NVIDIA_GeForce_RTX_5070_Ti,16,
mobilevit_xs,224,16,fp16,12.53876781463623,False,NVIDIA_GeForce_RTX_5070_Ti,16,
mobilevit_xs,224,16,fp32,22.590784072875977,False,NVIDIA_GeForce_RTX_5070_Ti,16,
mobilevit_xs,224,32,bf16,29.84203147888184,False,NVIDIA_GeForce_RTX_5070_Ti,16,
mobilevit_xs,224,32,fp16,24.930400848388672,False,NVIDIA_GeForce_RTX_5070_Ti,16,
mobilevit_xs,224,32,fp32,45.62809753417969,False,NVIDIA_GeForce_RTX_5070_Ti,16,
mobilevit_xs,224,64,bf16,60.36248016357422,False,NVIDIA_GeForce_RTX_5070_Ti,16,
mobilevit_xs,224,64,fp16,50.84156799316406,False,NVIDIA_GeForce_RTX_5070_Ti,16,
mobilevit_xs,224,64,fp32,91.77156829833984,False,NVIDIA_GeForce_RTX_5070_Ti,16,
mobilevit_xxs,64,16,bf16,3.0325279235839844,False,NVIDIA_GeForce_RTX_5070_Ti,16,
mobilevit_xxs,64,16,fp16,2.857872009277344,False,NVIDIA_GeForce_RTX_5070_Ti,16,
mobilevit_xxs,64,16,fp32,3.1692800521850586,False,NVIDIA_GeForce_RTX_5070_Ti,16,
mobilevit_xxs,64,32,bf16,4.052080154418945,False,NVIDIA_GeForce_RTX_5070_Ti,16,
mobilevit_xxs,64,32,fp16,3.8108160495758057,False,NVIDIA_GeForce_RTX_5070_Ti,16,
mobilevit_xxs,64,32,fp32,4.312607765197754,False,NVIDIA_GeForce_RTX_5070_Ti,16,
mobilevit_xxs,64,64,bf16,5.446944236755371,False,NVIDIA_GeForce_RTX_5070_Ti,16,
mobilevit_xxs,64,64,fp16,5.07755184173584,False,NVIDIA_GeForce_RTX_5070_Ti,16,
mobilevit_xxs,64,64,fp32,5.977680206298828,False,NVIDIA_GeForce_RTX_5070_Ti,16,
mobilevit_xxs,128,16,bf16,4.484127998352051,False,NVIDIA_GeForce_RTX_5070_Ti,16,
mobilevit_xxs,128,16,fp16,4.018303871154785,False,NVIDIA_GeForce_RTX_5070_Ti,16,
mobilevit_xxs,128,16,fp32,4.631680011749268,False,NVIDIA_GeForce_RTX_5070_Ti,16,
mobilevit_xxs,128,32,bf16,6.559184074401856,False,NVIDIA_GeForce_RTX_5070_Ti,16,
mobilevit_xxs,128,32,fp16,5.8193440437316895,False,NVIDIA_GeForce_RTX_5070_Ti,16,
mobilevit_xxs,128,32,fp32,6.994048118591309,False,NVIDIA_GeForce_RTX_5070_Ti,16,
mobilevit_xxs,128,64,bf16,10.75872039794922,False,NVIDIA_GeForce_RTX_5070_Ti,16,
mobilevit_xxs,128,64,fp16,9.25318431854248,False,NVIDIA_GeForce_RTX_5070_Ti,16,
mobilevit_xxs,128,64,fp32,12.848272323608398,False,NVIDIA_GeForce_RTX_5070_Ti,16,
mobilevit_xxs,224,16,bf16,9.072400093078612,False,NVIDIA_GeForce_RTX_5070_Ti,16,
mobilevit_xxs,224,16,fp16,7.887551784515381,False,NVIDIA_GeForce_RTX_5070_Ti,16,
mobilevit_xxs,224,16,fp32,11.9934720993042,False,NVIDIA_GeForce_RTX_5070_Ti,16,
mobilevit_xxs,224,32,bf16,16.2316951751709,False,NVIDIA_GeForce_RTX_5070_Ti,16,
mobilevit_xxs,224,32,fp16,13.8745756149292,False,NVIDIA_GeForce_RTX_5070_Ti,16,
mobilevit_xxs,224,32,fp32,23.075952529907227,False,NVIDIA_GeForce_RTX_5070_Ti,16,
mobilevit_xxs,224,64,bf16,33.07080078125,False,NVIDIA_GeForce_RTX_5070_Ti,16,
mobilevit_xxs,224,64,fp16,28.10492706298828,False,NVIDIA_GeForce_RTX_5070_Ti,16,
mobilevit_xxs,224,64,fp32,46.811649322509766,False,NVIDIA_GeForce_RTX_5070_Ti,16,
mobilevitv2_100,64,16,bf16,4.003647804260254,False,NVIDIA_GeForce_RTX_5070_Ti,16,
mobilevitv2_100,64,16,fp16,3.535248041152954,False,NVIDIA_GeForce_RTX_5070_Ti,16,
mobilevitv2_100,64,16,fp32,3.830111980438232,False,NVIDIA_GeForce_RTX_5070_Ti,16,
mobilevitv2_100,64,32,bf16,5.285376071929932,False,NVIDIA_GeForce_RTX_5070_Ti,16,
mobilevitv2_100,64,32,fp16,4.530399799346924,False,NVIDIA_GeForce_RTX_5070_Ti,16,
mobilevitv2_100,64,32,fp32,5.933824062347412,False,NVIDIA_GeForce_RTX_5070_Ti,16,
mobilevitv2_100,64,64,bf16,7.9402079582214355,False,NVIDIA_GeForce_RTX_5070_Ti,16,
mobilevitv2_100,64,64,fp16,6.665664196014404,False,NVIDIA_GeForce_RTX_5070_Ti,16,
mobilevitv2_100,64,64,fp32,9.777872085571287,False,NVIDIA_GeForce_RTX_5070_Ti,16,
mobilevitv2_100,128,16,bf16,6.825168132781982,False,NVIDIA_GeForce_RTX_5070_Ti,16,
mobilevitv2_100,128,16,fp16,5.587088108062744,False,NVIDIA_GeForce_RTX_5070_Ti,16,
mobilevitv2_100,128,16,fp32,7.344304084777832,False,NVIDIA_GeForce_RTX_5070_Ti,16,
mobilevitv2_100,128,32,bf16,10.937088012695312,False,NVIDIA_GeForce_RTX_5070_Ti,16,
mobilevitv2_100,128,32,fp16,8.710368156433105,False,NVIDIA_GeForce_RTX_5070_Ti,16,
mobilevitv2_100,128,32,fp32,14.306608200073242,False,NVIDIA_GeForce_RTX_5070_Ti,16,
mobilevitv2_100,128,64,bf16,21.54355239868164,False,NVIDIA_GeForce_RTX_5070_Ti,16,
mobilevitv2_100,128,64,fp16,17.15020751953125,False,NVIDIA_GeForce_RTX_5070_Ti,16,
mobilevitv2_100,128,64,fp32,29.161760330200195,False,NVIDIA_GeForce_RTX_5070_Ti,16,
mobilevitv2_100,224,16,bf16,17.846656799316406,False,NVIDIA_GeForce_RTX_5070_Ti,16,
mobilevitv2_100,224,16,fp16,14.280816078186035,False,NVIDIA_GeForce_RTX_5070_Ti,16,
mobilevitv2_100,224,16,fp32,23.028783798217773,False,NVIDIA_GeForce_RTX_5070_Ti,16,
mobilevitv2_100,224,32,bf16,35.609310150146484,False,NVIDIA_GeForce_RTX_5070_Ti,16,
mobilevitv2_100,224,32,fp16,28.8571834564209,False,NVIDIA_GeForce_RTX_5070_Ti,16,
mobilevitv2_100,224,32,fp32,46.458831787109375,False,NVIDIA_GeForce_RTX_5070_Ti,16,
mobilevitv2_100,224,64,bf16,71.0624008178711,False,NVIDIA_GeForce_RTX_5070_Ti,16,
mobilevitv2_100,224,64,fp16,58.36299133300781,False,NVIDIA_GeForce_RTX_5070_Ti,16,
mobilevitv2_100,224,64,fp32,94.3031234741211,False,NVIDIA_GeForce_RTX_5070_Ti,16,
nfnet_l0,64,16,bf16,8.475248336791992,False,NVIDIA_GeForce_RTX_5070_Ti,16,
nfnet_l0,64,16,fp16,8.047760009765625,False,NVIDIA_GeForce_RTX_5070_Ti,16,
nfnet_l0,64,16,fp32,11.639280319213867,False,NVIDIA_GeForce_RTX_5070_Ti,16,
nfnet_l0,64,32,bf16,10.630319595336914,False,NVIDIA_GeForce_RTX_5070_Ti,16,
nfnet_l0,64,32,fp16,10.458288192749023,False,NVIDIA_GeForce_RTX_5070_Ti,16,
nfnet_l0,64,32,fp32,17.621200561523438,False,NVIDIA_GeForce_RTX_5070_Ti,16,
nfnet_l0,64,64,bf16,15.903120040893556,False,NVIDIA_GeForce_RTX_5070_Ti,16,
nfnet_l0,64,64,fp16,15.464847564697266,False,NVIDIA_GeForce_RTX_5070_Ti,16,
nfnet_l0,64,64,fp32,27.93366432189941,False,NVIDIA_GeForce_RTX_5070_Ti,16,
nfnet_l0,128,16,bf16,11.705280303955078,False,NVIDIA_GeForce_RTX_5070_Ti,16,
nfnet_l0,128,16,fp16,10.59175968170166,False,NVIDIA_GeForce_RTX_5070_Ti,16,
nfnet_l0,128,16,fp32,16.183616638183594,False,NVIDIA_GeForce_RTX_5070_Ti,16,
nfnet_l0,128,32,bf16,17.252864837646484,False,NVIDIA_GeForce_RTX_5070_Ti,16,
nfnet_l0,128,32,fp16,16.204160690307617,False,NVIDIA_GeForce_RTX_5070_Ti,16,
nfnet_l0,128,32,fp32,26.31540870666504,False,NVIDIA_GeForce_RTX_5070_Ti,16,
nfnet_l0,128,64,bf16,30.60927963256836,False,NVIDIA_GeForce_RTX_5070_Ti,16,
nfnet_l0,128,64,fp16,28.976463317871094,False,NVIDIA_GeForce_RTX_5070_Ti,16,
nfnet_l0,128,64,fp32,53.6629753112793,False,NVIDIA_GeForce_RTX_5070_Ti,16,
nfnet_l0,224,16,bf16,20.06376075744629,False,NVIDIA_GeForce_RTX_5070_Ti,16,
nfnet_l0,224,16,fp16,19.03215980529785,False,NVIDIA_GeForce_RTX_5070_Ti,16,
nfnet_l0,224,16,fp32,34.53611373901367,False,NVIDIA_GeForce_RTX_5070_Ti,16,
nfnet_l0,224,32,bf16,37.41723251342773,False,NVIDIA_GeForce_RTX_5070_Ti,16,
nfnet_l0,224,32,fp16,35.58998489379883,False,NVIDIA_GeForce_RTX_5070_Ti,16,
nfnet_l0,224,32,fp32,70.82816314697266,False,NVIDIA_GeForce_RTX_5070_Ti,16,
nfnet_l0,224,64,bf16,74.83000183105469,False,NVIDIA_GeForce_RTX_5070_Ti,16,
nfnet_l0,224,64,fp16,71.83363342285156,False,NVIDIA_GeForce_RTX_5070_Ti,16,
nfnet_l0,224,64,fp32,144.87294006347656,False,NVIDIA_GeForce_RTX_5070_Ti,16,
pvt_v2_b0,64,16,bf16,2.7068960666656494,False,NVIDIA_GeForce_RTX_5070_Ti,16,
pvt_v2_b0,64,16,fp16,3.07097601890564,False,NVIDIA_GeForce_RTX_5070_Ti,16,
pvt_v2_b0,64,16,fp32,3.0399839878082275,False,NVIDIA_GeForce_RTX_5070_Ti,16,
pvt_v2_b0,64,32,bf16,3.409775972366333,False,NVIDIA_GeForce_RTX_5070_Ti,16,
pvt_v2_b0,64,32,fp16,3.2544639110565186,False,NVIDIA_GeForce_RTX_5070_Ti,16,
pvt_v2_b0,64,32,fp32,4.041168212890625,False,NVIDIA_GeForce_RTX_5070_Ti,16,
pvt_v2_b0,64,64,bf16,4.91596794128418,False,NVIDIA_GeForce_RTX_5070_Ti,16,
pvt_v2_b0,64,64,fp16,4.24399995803833,False,NVIDIA_GeForce_RTX_5070_Ti,16,
pvt_v2_b0,64,64,fp32,5.564320087432861,False,NVIDIA_GeForce_RTX_5070_Ti,16,
pvt_v2_b0,128,16,bf16,4.167456150054932,False,NVIDIA_GeForce_RTX_5070_Ti,16,
pvt_v2_b0,128,16,fp16,4.677008152008057,False,NVIDIA_GeForce_RTX_5070_Ti,16,
pvt_v2_b0,128,16,fp32,5.498784065246582,False,NVIDIA_GeForce_RTX_5070_Ti,16,
pvt_v2_b0,128,32,bf16,5.968239784240723,False,NVIDIA_GeForce_RTX_5070_Ti,16,
pvt_v2_b0,128,32,fp16,5.889247894287109,False,NVIDIA_GeForce_RTX_5070_Ti,16,
pvt_v2_b0,128,32,fp32,8.649279594421387,False,NVIDIA_GeForce_RTX_5070_Ti,16,
pvt_v2_b0,128,64,bf16,9.881711959838867,False,NVIDIA_GeForce_RTX_5070_Ti,16,
pvt_v2_b0,128,64,fp16,9.750304222106934,False,NVIDIA_GeForce_RTX_5070_Ti,16,
pvt_v2_b0,128,64,fp32,15.392736434936523,False,NVIDIA_GeForce_RTX_5070_Ti,16,
pvt_v2_b0,224,16,bf16,8.231295585632324,False,NVIDIA_GeForce_RTX_5070_Ti,16,
pvt_v2_b0,224,16,fp16,8.123472213745117,False,NVIDIA_GeForce_RTX_5070_Ti,16,
pvt_v2_b0,224,16,fp32,13.659760475158691,False,NVIDIA_GeForce_RTX_5070_Ti,16,
pvt_v2_b0,224,32,bf16,13.264016151428224,False,NVIDIA_GeForce_RTX_5070_Ti,16,
pvt_v2_b0,224,32,fp16,13.17576026916504,False,NVIDIA_GeForce_RTX_5070_Ti,16,
pvt_v2_b0,224,32,fp32,22.647056579589844,False,NVIDIA_GeForce_RTX_5070_Ti,16,
pvt_v2_b0,224,64,bf16,25.83662414550781,False,NVIDIA_GeForce_RTX_5070_Ti,16,
pvt_v2_b0,224,64,fp16,25.6899356842041,False,NVIDIA_GeForce_RTX_5070_Ti,16,
pvt_v2_b0,224,64,fp32,43.42257690429688,False,NVIDIA_GeForce_RTX_5070_Ti,16,
pvt_v2_b2,64,16,bf16,7.392384052276611,False,NVIDIA_GeForce_RTX_5070_Ti,16,
pvt_v2_b2,64,16,fp16,8.737919807434082,False,NVIDIA_GeForce_RTX_5070_Ti,16,
pvt_v2_b2,64,16,fp32,9.36676788330078,False,NVIDIA_GeForce_RTX_5070_Ti,16,
pvt_v2_b2,64,32,bf16,8.484800338745117,False,NVIDIA_GeForce_RTX_5070_Ti,16,
pvt_v2_b2,64,32,fp16,8.328960418701172,False,NVIDIA_GeForce_RTX_5070_Ti,16,
pvt_v2_b2,64,32,fp32,12.321279525756836,False,NVIDIA_GeForce_RTX_5070_Ti,16,
pvt_v2_b2,64,64,bf16,11.237343788146973,False,NVIDIA_GeForce_RTX_5070_Ti,16,
pvt_v2_b2,64,64,fp16,11.044992446899414,False,NVIDIA_GeForce_RTX_5070_Ti,16,
pvt_v2_b2,64,64,fp32,18.953903198242188,False,NVIDIA_GeForce_RTX_5070_Ti,16,
pvt_v2_b2,128,16,bf16,11.02079963684082,False,NVIDIA_GeForce_RTX_5070_Ti,16,
pvt_v2_b2,128,16,fp16,10.817888259887695,False,NVIDIA_GeForce_RTX_5070_Ti,16,
pvt_v2_b2,128,16,fp32,17.59552001953125,False,NVIDIA_GeForce_RTX_5070_Ti,16,
pvt_v2_b2,128,32,bf16,16.357616424560547,False,NVIDIA_GeForce_RTX_5070_Ti,16,
pvt_v2_b2,128,32,fp16,16.118656158447266,False,NVIDIA_GeForce_RTX_5070_Ti,16,
pvt_v2_b2,128,32,fp32,28.4879207611084,False,NVIDIA_GeForce_RTX_5070_Ti,16,
pvt_v2_b2,128,64,bf16,28.48936080932617,False,NVIDIA_GeForce_RTX_5070_Ti,16,
pvt_v2_b2,128,64,fp16,28.28524780273437,False,NVIDIA_GeForce_RTX_5070_Ti,16,
pvt_v2_b2,128,64,fp32,52.25374221801758,False,NVIDIA_GeForce_RTX_5070_Ti,16,
pvt_v2_b2,224,16,bf16,23.452512741088867,False,NVIDIA_GeForce_RTX_5070_Ti,16,
pvt_v2_b2,224,16,fp16,23.27609634399414,False,NVIDIA_GeForce_RTX_5070_Ti,16,
pvt_v2_b2,224,16,fp32,43.87535858154297,False,NVIDIA_GeForce_RTX_5070_Ti,16,
pvt_v2_b2,224,32,bf16,40.87478256225586,False,NVIDIA_GeForce_RTX_5070_Ti,16,
pvt_v2_b2,224,32,fp16,41.79792022705078,False,NVIDIA_GeForce_RTX_5070_Ti,16,
pvt_v2_b2,224,32,fp32,78.21437072753906,False,NVIDIA_GeForce_RTX_5070_Ti,16,
pvt_v2_b2,224,64,bf16,80.03150177001953,False,NVIDIA_GeForce_RTX_5070_Ti,16,
pvt_v2_b2,224,64,fp16,80.31444549560547,False,NVIDIA_GeForce_RTX_5070_Ti,16,
pvt_v2_b2,224,64,fp32,147.8619842529297,False,NVIDIA_GeForce_RTX_5070_Ti,16,
pvt_v2_b5,64,16,bf16,22.470783233642575,False,NVIDIA_GeForce_RTX_5070_Ti,16,
pvt_v2_b5,64,16,fp16,21.90243148803711,False,NVIDIA_GeForce_RTX_5070_Ti,16,
pvt_v2_b5,64,16,fp32,29.547168731689453,False,NVIDIA_GeForce_RTX_5070_Ti,16,
pvt_v2_b5,64,32,bf16,24.715072631835938,False,NVIDIA_GeForce_RTX_5070_Ti,16,
pvt_v2_b5,64,32,fp16,24.11359977722168,False,NVIDIA_GeForce_RTX_5070_Ti,16,
pvt_v2_b5,64,32,fp32,37.45001602172852,False,NVIDIA_GeForce_RTX_5070_Ti,16,
pvt_v2_b5,64,64,bf16,31.25212860107422,False,NVIDIA_GeForce_RTX_5070_Ti,16,
pvt_v2_b5,64,64,fp16,30.603872299194336,False,NVIDIA_GeForce_RTX_5070_Ti,16,
pvt_v2_b5,64,64,fp32,53.19721603393555,False,NVIDIA_GeForce_RTX_5070_Ti,16,
pvt_v2_b5,128,16,bf16,30.06347274780273,False,NVIDIA_GeForce_RTX_5070_Ti,16,
pvt_v2_b5,128,16,fp16,29.43484878540039,False,NVIDIA_GeForce_RTX_5070_Ti,16,
pvt_v2_b5,128,16,fp32,47.72774505615234,False,NVIDIA_GeForce_RTX_5070_Ti,16,
pvt_v2_b5,128,32,bf16,39.67329788208008,False,NVIDIA_GeForce_RTX_5070_Ti,16,
pvt_v2_b5,128,32,fp16,39.33020782470703,False,NVIDIA_GeForce_RTX_5070_Ti,16,
pvt_v2_b5,128,32,fp32,67.39217376708984,False,NVIDIA_GeForce_RTX_5070_Ti,16,
pvt_v2_b5,128,64,bf16,59.77036666870117,False,NVIDIA_GeForce_RTX_5070_Ti,16,
pvt_v2_b5,128,64,fp16,59.40260696411133,False,NVIDIA_GeForce_RTX_5070_Ti,16,
pvt_v2_b5,128,64,fp32,114.9302215576172,False,NVIDIA_GeForce_RTX_5070_Ti,16,
pvt_v2_b5,224,16,bf16,52.10457611083984,False,NVIDIA_GeForce_RTX_5070_Ti,16,
pvt_v2_b5,224,16,fp16,51.76350402832031,False,NVIDIA_GeForce_RTX_5070_Ti,16,
pvt_v2_b5,224,16,fp32,98.53636932373048,False,NVIDIA_GeForce_RTX_5070_Ti,16,
pvt_v2_b5,224,32,bf16,83.2857437133789,False,NVIDIA_GeForce_RTX_5070_Ti,16,
pvt_v2_b5,224,32,fp16,89.50794982910156,False,NVIDIA_GeForce_RTX_5070_Ti,16,
pvt_v2_b5,224,32,fp32,174.16151428222656,False,NVIDIA_GeForce_RTX_5070_Ti,16,
pvt_v2_b5,224,64,bf16,160.24365234375,False,NVIDIA_GeForce_RTX_5070_Ti,16,
pvt_v2_b5,224,64,fp16,161.21115112304688,False,NVIDIA_GeForce_RTX_5070_Ti,16,
pvt_v2_b5,224,64,fp32,,True,NVIDIA_GeForce_RTX_5070_Ti,16,
regnety_032,64,16,bf16,7.445792198181152,False,NVIDIA_GeForce_RTX_5070_Ti,16,
regnety_032,64,16,fp16,7.4937920570373535,False,NVIDIA_GeForce_RTX_5070_Ti,16,
regnety_032,64,16,fp32,10.073344230651855,False,NVIDIA_GeForce_RTX_5070_Ti,16,
regnety_032,64,32,bf16,9.162704467773438,False,NVIDIA_GeForce_RTX_5070_Ti,16,
regnety_032,64,32,fp16,8.725647926330566,False,NVIDIA_GeForce_RTX_5070_Ti,16,
regnety_032,64,32,fp32,13.838239669799805,False,NVIDIA_GeForce_RTX_5070_Ti,16,
regnety_032,64,64,bf16,13.494720458984377,False,NVIDIA_GeForce_RTX_5070_Ti,16,
regnety_032,64,64,fp16,12.774751663208008,False,NVIDIA_GeForce_RTX_5070_Ti,16,
regnety_032,64,64,fp32,20.9445915222168,False,NVIDIA_GeForce_RTX_5070_Ti,16,
regnety_032,128,16,bf16,12.289183616638184,False,NVIDIA_GeForce_RTX_5070_Ti,16,
regnety_032,128,16,fp16,11.396575927734377,False,NVIDIA_GeForce_RTX_5070_Ti,16,
regnety_032,128,16,fp32,17.391328811645508,False,NVIDIA_GeForce_RTX_5070_Ti,16,
regnety_032,128,32,bf16,17.0240478515625,False,NVIDIA_GeForce_RTX_5070_Ti,16,
regnety_032,128,32,fp16,15.1080961227417,False,NVIDIA_GeForce_RTX_5070_Ti,16,
regnety_032,128,32,fp32,22.67417526245117,False,NVIDIA_GeForce_RTX_5070_Ti,16,
regnety_032,128,64,bf16,35.75392150878906,False,NVIDIA_GeForce_RTX_5070_Ti,16,
regnety_032,128,64,fp16,29.576335906982425,False,NVIDIA_GeForce_RTX_5070_Ti,16,
regnety_032,128,64,fp32,41.16454315185547,False,NVIDIA_GeForce_RTX_5070_Ti,16,
regnety_032,224,16,bf16,26.012672424316406,False,NVIDIA_GeForce_RTX_5070_Ti,16,
regnety_032,224,16,fp16,22.407936096191406,False,NVIDIA_GeForce_RTX_5070_Ti,16,
regnety_032,224,16,fp32,31.769407272338867,False,NVIDIA_GeForce_RTX_5070_Ti,16,
regnety_032,224,32,bf16,41.43608093261719,False,NVIDIA_GeForce_RTX_5070_Ti,16,
regnety_032,224,32,fp16,35.943729400634766,False,NVIDIA_GeForce_RTX_5070_Ti,16,
regnety_032,224,32,fp32,60.083377838134766,False,NVIDIA_GeForce_RTX_5070_Ti,16,
regnety_032,224,64,bf16,84.85211181640625,False,NVIDIA_GeForce_RTX_5070_Ti,16,
regnety_032,224,64,fp16,74.42031860351562,False,NVIDIA_GeForce_RTX_5070_Ti,16,
regnety_032,224,64,fp32,129.66900634765625,False,NVIDIA_GeForce_RTX_5070_Ti,16,
regnety_080,64,16,bf16,11.292767524719238,False,NVIDIA_GeForce_RTX_5070_Ti,16,
regnety_080,64,16,fp16,10.77403163909912,False,NVIDIA_GeForce_RTX_5070_Ti,16,
regnety_080,64,16,fp32,14.410783767700195,False,NVIDIA_GeForce_RTX_5070_Ti,16,
regnety_080,64,32,bf16,16.654767990112305,False,NVIDIA_GeForce_RTX_5070_Ti,16,
regnety_080,64,32,fp16,16.419551849365234,False,NVIDIA_GeForce_RTX_5070_Ti,16,
regnety_080,64,32,fp32,19.8255672454834,False,NVIDIA_GeForce_RTX_5070_Ti,16,
regnety_080,64,64,bf16,27.49064064025879,False,NVIDIA_GeForce_RTX_5070_Ti,16,
regnety_080,64,64,fp16,26.85207939147949,False,NVIDIA_GeForce_RTX_5070_Ti,16,
regnety_080,64,64,fp32,40.13742446899414,False,NVIDIA_GeForce_RTX_5070_Ti,16,
regnety_080,128,16,bf16,20.124271392822266,False,NVIDIA_GeForce_RTX_5070_Ti,16,
regnety_080,128,16,fp16,15.451855659484863,False,NVIDIA_GeForce_RTX_5070_Ti,16,
regnety_080,128,16,fp32,21.654415130615234,False,NVIDIA_GeForce_RTX_5070_Ti,16,
regnety_080,128,32,bf16,30.072975158691406,False,NVIDIA_GeForce_RTX_5070_Ti,16,
regnety_080,128,32,fp16,27.082000732421875,False,NVIDIA_GeForce_RTX_5070_Ti,16,
regnety_080,128,32,fp32,34.78630447387695,False,NVIDIA_GeForce_RTX_5070_Ti,16,
regnety_080,128,64,bf16,44.59137725830078,False,NVIDIA_GeForce_RTX_5070_Ti,16,
regnety_080,128,64,fp16,39.73476791381836,False,NVIDIA_GeForce_RTX_5070_Ti,16,
regnety_080,128,64,fp32,96.89729309082033,False,NVIDIA_GeForce_RTX_5070_Ti,16,
regnety_080,224,16,bf16,34.69527816772461,False,NVIDIA_GeForce_RTX_5070_Ti,16,
regnety_080,224,16,fp16,30.591472625732425,False,NVIDIA_GeForce_RTX_5070_Ti,16,
regnety_080,224,16,fp32,54.215633392333984,False,NVIDIA_GeForce_RTX_5070_Ti,16,
regnety_080,224,32,bf16,67.6368637084961,False,NVIDIA_GeForce_RTX_5070_Ti,16,
regnety_080,224,32,fp16,59.94510269165039,False,NVIDIA_GeForce_RTX_5070_Ti,16,
regnety_080,224,32,fp32,112.22748565673828,False,NVIDIA_GeForce_RTX_5070_Ti,16,
regnety_080,224,64,bf16,134.82752990722656,False,NVIDIA_GeForce_RTX_5070_Ti,16,
regnety_080,224,64,fp16,119.87344360351562,False,NVIDIA_GeForce_RTX_5070_Ti,16,
regnety_080,224,64,fp32,2079.711181640625,False,NVIDIA_GeForce_RTX_5070_Ti,16,precision_artifact
regnety_160,64,16,bf16,22.2304801940918,False,NVIDIA_GeForce_RTX_5070_Ti,16,
regnety_160,64,16,fp16,21.460351943969727,False,NVIDIA_GeForce_RTX_5070_Ti,16,
regnety_160,64,16,fp32,23.07884788513184,False,NVIDIA_GeForce_RTX_5070_Ti,16,
regnety_160,64,32,bf16,32.97529602050781,False,NVIDIA_GeForce_RTX_5070_Ti,16,
regnety_160,64,32,fp16,31.28743934631348,False,NVIDIA_GeForce_RTX_5070_Ti,16,
regnety_160,64,32,fp32,36.71926498413086,False,NVIDIA_GeForce_RTX_5070_Ti,16,
regnety_160,64,64,bf16,52.57273483276367,False,NVIDIA_GeForce_RTX_5070_Ti,16,
regnety_160,64,64,fp16,48.26881790161133,False,NVIDIA_GeForce_RTX_5070_Ti,16,
regnety_160,64,64,fp32,48.57321548461914,False,NVIDIA_GeForce_RTX_5070_Ti,16,
regnety_160,128,16,bf16,31.88755226135254,False,NVIDIA_GeForce_RTX_5070_Ti,16,
regnety_160,128,16,fp16,29.96417617797852,False,NVIDIA_GeForce_RTX_5070_Ti,16,
regnety_160,128,16,fp32,31.389856338500977,False,NVIDIA_GeForce_RTX_5070_Ti,16,
regnety_160,128,32,bf16,55.12675094604492,False,NVIDIA_GeForce_RTX_5070_Ti,16,
regnety_160,128,32,fp16,47.52519989013672,False,NVIDIA_GeForce_RTX_5070_Ti,16,
regnety_160,128,32,fp32,63.1912956237793,False,NVIDIA_GeForce_RTX_5070_Ti,16,
regnety_160,128,64,bf16,89.65385437011719,False,NVIDIA_GeForce_RTX_5070_Ti,16,
regnety_160,128,64,fp16,82.97792053222656,False,NVIDIA_GeForce_RTX_5070_Ti,16,
regnety_160,128,64,fp32,113.0627212524414,False,NVIDIA_GeForce_RTX_5070_Ti,16,
regnety_160,224,16,bf16,59.5191535949707,False,NVIDIA_GeForce_RTX_5070_Ti,16,
regnety_160,224,16,fp16,54.072513580322266,False,NVIDIA_GeForce_RTX_5070_Ti,16,
regnety_160,224,16,fp32,89.26252746582031,False,NVIDIA_GeForce_RTX_5070_Ti,16,
regnety_160,224,32,bf16,104.88448333740234,False,NVIDIA_GeForce_RTX_5070_Ti,16,
regnety_160,224,32,fp16,95.08777618408205,False,NVIDIA_GeForce_RTX_5070_Ti,16,
regnety_160,224,32,fp32,178.10592651367188,False,NVIDIA_GeForce_RTX_5070_Ti,16,
regnety_160,224,64,bf16,207.06956481933597,False,NVIDIA_GeForce_RTX_5070_Ti,16,
regnety_160,224,64,fp16,191.14630126953125,False,NVIDIA_GeForce_RTX_5070_Ti,16,
regnety_160,224,64,fp32,,True,NVIDIA_GeForce_RTX_5070_Ti,16,
regnety_320,64,16,bf16,33.13435363769531,False,NVIDIA_GeForce_RTX_5070_Ti,16,
regnety_320,64,16,fp16,31.67950439453125,False,NVIDIA_GeForce_RTX_5070_Ti,16,
regnety_320,64,16,fp32,41.87249755859375,False,NVIDIA_GeForce_RTX_5070_Ti,16,
regnety_320,64,32,bf16,46.398719787597656,False,NVIDIA_GeForce_RTX_5070_Ti,16,
regnety_320,64,32,fp16,44.1204948425293,False,NVIDIA_GeForce_RTX_5070_Ti,16,
regnety_320,64,32,fp32,50.22270584106445,False,NVIDIA_GeForce_RTX_5070_Ti,16,
regnety_320,64,64,bf16,74.39823913574219,False,NVIDIA_GeForce_RTX_5070_Ti,16,
regnety_320,64,64,fp16,68.58582305908203,False,NVIDIA_GeForce_RTX_5070_Ti,16,
regnety_320,64,64,fp32,78.47824096679688,False,NVIDIA_GeForce_RTX_5070_Ti,16,
regnety_320,128,16,bf16,48.10588836669922,False,NVIDIA_GeForce_RTX_5070_Ti,16,
regnety_320,128,16,fp16,41.48616027832031,False,NVIDIA_GeForce_RTX_5070_Ti,16,
regnety_320,128,16,fp32,59.13321685791016,False,NVIDIA_GeForce_RTX_5070_Ti,16,
regnety_320,128,32,bf16,77.00784301757812,False,NVIDIA_GeForce_RTX_5070_Ti,16,
regnety_320,128,32,fp16,67.35707092285156,False,NVIDIA_GeForce_RTX_5070_Ti,16,
regnety_320,128,32,fp32,96.22454071044922,False,NVIDIA_GeForce_RTX_5070_Ti,16,
regnety_320,128,64,bf16,125.94542694091795,False,NVIDIA_GeForce_RTX_5070_Ti,16,
regnety_320,128,64,fp16,120.6610107421875,False,NVIDIA_GeForce_RTX_5070_Ti,16,
regnety_320,128,64,fp32,185.2727203369141,False,NVIDIA_GeForce_RTX_5070_Ti,16,
regnety_320,224,16,bf16,88.46729278564453,False,NVIDIA_GeForce_RTX_5070_Ti,16,
regnety_320,224,16,fp16,83.68341064453125,False,NVIDIA_GeForce_RTX_5070_Ti,16,
regnety_320,224,16,fp32,148.5360870361328,False,NVIDIA_GeForce_RTX_5070_Ti,16,
regnety_320,224,32,bf16,158.7315216064453,False,NVIDIA_GeForce_RTX_5070_Ti,16,
regnety_320,224,32,fp16,150.09808349609375,False,NVIDIA_GeForce_RTX_5070_Ti,16,
regnety_320,224,32,fp32,294.5254211425781,False,NVIDIA_GeForce_RTX_5070_Ti,16,
regnety_320,224,64,bf16,309.8290100097656,False,NVIDIA_GeForce_RTX_5070_Ti,16,
regnety_320,224,64,fp16,295.7618713378906,False,NVIDIA_GeForce_RTX_5070_Ti,16,
regnety_320,224,64,fp32,,True,NVIDIA_GeForce_RTX_5070_Ti,16,
repvgg_a2,64,16,bf16,5.570879936218262,False,NVIDIA_GeForce_RTX_5070_Ti,16,
repvgg_a2,64,16,fp16,5.268223762512207,False,NVIDIA_GeForce_RTX_5070_Ti,16,
repvgg_a2,64,16,fp32,7.345439910888672,False,NVIDIA_GeForce_RTX_5070_Ti,16,
repvgg_a2,64,32,bf16,6.742464065551758,False,NVIDIA_GeForce_RTX_5070_Ti,16,
repvgg_a2,64,32,fp16,6.217887878417969,False,NVIDIA_GeForce_RTX_5070_Ti,16,
repvgg_a2,64,32,fp32,9.662128448486328,False,NVIDIA_GeForce_RTX_5070_Ti,16,
repvgg_a2,64,64,bf16,9.29368019104004,False,NVIDIA_GeForce_RTX_5070_Ti,16,
repvgg_a2,64,64,fp16,8.379728317260742,False,NVIDIA_GeForce_RTX_5070_Ti,16,
repvgg_a2,64,64,fp32,14.406224250793455,False,NVIDIA_GeForce_RTX_5070_Ti,16,
repvgg_a2,128,16,bf16,8.297552108764648,False,NVIDIA_GeForce_RTX_5070_Ti,16,
repvgg_a2,128,16,fp16,7.680304050445557,False,NVIDIA_GeForce_RTX_5070_Ti,16,
repvgg_a2,128,16,fp32,11.455599784851074,False,NVIDIA_GeForce_RTX_5070_Ti,16,
repvgg_a2,128,32,bf16,12.506223678588867,False,NVIDIA_GeForce_RTX_5070_Ti,16,
repvgg_a2,128,32,fp16,11.462240219116213,False,NVIDIA_GeForce_RTX_5070_Ti,16,
repvgg_a2,128,32,fp32,17.37713623046875,False,NVIDIA_GeForce_RTX_5070_Ti,16,
repvgg_a2,128,64,bf16,20.76324844360352,False,NVIDIA_GeForce_RTX_5070_Ti,16,
repvgg_a2,128,64,fp16,19.0041446685791,False,NVIDIA_GeForce_RTX_5070_Ti,16,
repvgg_a2,128,64,fp32,32.39313507080078,False,NVIDIA_GeForce_RTX_5070_Ti,16,
repvgg_a2,224,16,bf16,17.20631980895996,False,NVIDIA_GeForce_RTX_5070_Ti,16,
repvgg_a2,224,16,fp16,15.906047821044922,False,NVIDIA_GeForce_RTX_5070_Ti,16,
repvgg_a2,224,16,fp32,25.469951629638672,False,NVIDIA_GeForce_RTX_5070_Ti,16,
repvgg_a2,224,32,bf16,30.388351440429688,False,NVIDIA_GeForce_RTX_5070_Ti,16,
repvgg_a2,224,32,fp16,28.013999938964844,False,NVIDIA_GeForce_RTX_5070_Ti,16,
repvgg_a2,224,32,fp32,49.26784133911133,False,NVIDIA_GeForce_RTX_5070_Ti,16,
repvgg_a2,224,64,bf16,59.157745361328125,False,NVIDIA_GeForce_RTX_5070_Ti,16,
repvgg_a2,224,64,fp16,54.517391204833984,False,NVIDIA_GeForce_RTX_5070_Ti,16,
repvgg_a2,224,64,fp32,98.60137939453124,False,NVIDIA_GeForce_RTX_5070_Ti,16,
resmlp_24_224,64,16,bf16,6.681136131286621,False,NVIDIA_GeForce_RTX_5070_Ti,16,
resmlp_24_224,64,16,fp16,6.5748162269592285,False,NVIDIA_GeForce_RTX_5070_Ti,16,
resmlp_24_224,64,16,fp32,8.934880256652832,False,NVIDIA_GeForce_RTX_5070_Ti,16,
resmlp_24_224,64,32,bf16,7.461008071899414,False,NVIDIA_GeForce_RTX_5070_Ti,16,
resmlp_24_224,64,32,fp16,7.434671878814697,False,NVIDIA_GeForce_RTX_5070_Ti,16,
resmlp_24_224,64,32,fp32,12.25657558441162,False,NVIDIA_GeForce_RTX_5070_Ti,16,
resmlp_24_224,64,64,bf16,9.49459171295166,False,NVIDIA_GeForce_RTX_5070_Ti,16,
resmlp_24_224,64,64,fp16,9.422975540161133,False,NVIDIA_GeForce_RTX_5070_Ti,16,
resmlp_24_224,64,64,fp32,16.348560333251953,False,NVIDIA_GeForce_RTX_5070_Ti,16,
resmlp_24_224,128,16,bf16,9.771231651306152,False,NVIDIA_GeForce_RTX_5070_Ti,16,
resmlp_24_224,128,16,fp16,9.736368179321287,False,NVIDIA_GeForce_RTX_5070_Ti,16,
resmlp_24_224,128,16,fp32,15.126895904541016,False,NVIDIA_GeForce_RTX_5070_Ti,16,
resmlp_24_224,128,32,bf16,13.870960235595703,False,NVIDIA_GeForce_RTX_5070_Ti,16,
resmlp_24_224,128,32,fp16,13.80179214477539,False,NVIDIA_GeForce_RTX_5070_Ti,16,
resmlp_24_224,128,32,fp32,23.800432205200195,False,NVIDIA_GeForce_RTX_5070_Ti,16,
resmlp_24_224,128,64,bf16,22.51819229125977,False,NVIDIA_GeForce_RTX_5070_Ti,16,
resmlp_24_224,128,64,fp16,22.43155288696289,False,NVIDIA_GeForce_RTX_5070_Ti,16,
resmlp_24_224,128,64,fp32,43.66153717041016,False,NVIDIA_GeForce_RTX_5070_Ti,16,
resmlp_24_224,224,16,bf16,19.88100814819336,False,NVIDIA_GeForce_RTX_5070_Ti,16,
resmlp_24_224,224,16,fp16,19.75358390808105,False,NVIDIA_GeForce_RTX_5070_Ti,16,
resmlp_24_224,224,16,fp32,36.84465789794922,False,NVIDIA_GeForce_RTX_5070_Ti,16,
resmlp_24_224,224,32,bf16,34.51676940917969,False,NVIDIA_GeForce_RTX_5070_Ti,16,
resmlp_24_224,224,32,fp16,34.325199127197266,False,NVIDIA_GeForce_RTX_5070_Ti,16,
resmlp_24_224,224,32,fp32,68.69091033935547,False,NVIDIA_GeForce_RTX_5070_Ti,16,
resmlp_24_224,224,64,bf16,67.29334259033203,False,NVIDIA_GeForce_RTX_5070_Ti,16,
resmlp_24_224,224,64,fp16,67.02811431884766,False,NVIDIA_GeForce_RTX_5070_Ti,16,
resmlp_24_224,224,64,fp32,139.23504638671875,False,NVIDIA_GeForce_RTX_5070_Ti,16,
resnet101,64,16,bf16,10.134943962097168,False,NVIDIA_GeForce_RTX_5070_Ti,16,
resnet101,64,16,fp16,9.452799797058104,False,NVIDIA_GeForce_RTX_5070_Ti,16,
resnet101,64,16,fp32,14.527791976928713,False,NVIDIA_GeForce_RTX_5070_Ti,16,
resnet101,64,32,bf16,12.947440147399902,False,NVIDIA_GeForce_RTX_5070_Ti,16,
resnet101,64,32,fp16,11.638447761535645,False,NVIDIA_GeForce_RTX_5070_Ti,16,
resnet101,64,32,fp32,20.043855667114254,False,NVIDIA_GeForce_RTX_5070_Ti,16,
resnet101,64,64,bf16,21.78919982910156,False,NVIDIA_GeForce_RTX_5070_Ti,16,
resnet101,64,64,fp16,18.89080047607422,False,NVIDIA_GeForce_RTX_5070_Ti,16,
resnet101,64,64,fp32,31.88548851013184,False,NVIDIA_GeForce_RTX_5070_Ti,16,
resnet101,128,16,bf16,14.974255561828612,False,NVIDIA_GeForce_RTX_5070_Ti,16,
resnet101,128,16,fp16,12.613712310791016,False,NVIDIA_GeForce_RTX_5070_Ti,16,
resnet101,128,16,fp32,18.865455627441406,False,NVIDIA_GeForce_RTX_5070_Ti,16,
resnet101,128,32,bf16,22.332687377929688,False,NVIDIA_GeForce_RTX_5070_Ti,16,
resnet101,128,32,fp16,19.13188743591309,False,NVIDIA_GeForce_RTX_5070_Ti,16,
resnet101,128,32,fp32,32.89779281616211,False,NVIDIA_GeForce_RTX_5070_Ti,16,
resnet101,128,64,bf16,41.7119369506836,False,NVIDIA_GeForce_RTX_5070_Ti,16,
resnet101,128,64,fp16,35.67366409301758,False,NVIDIA_GeForce_RTX_5070_Ti,16,
resnet101,128,64,fp32,57.62583923339844,False,NVIDIA_GeForce_RTX_5070_Ti,16,
resnet101,224,16,bf16,28.47537612915039,False,NVIDIA_GeForce_RTX_5070_Ti,16,
resnet101,224,16,fp16,24.70539283752441,False,NVIDIA_GeForce_RTX_5070_Ti,16,
resnet101,224,16,fp32,40.95652770996094,False,NVIDIA_GeForce_RTX_5070_Ti,16,
resnet101,224,32,bf16,52.67327880859375,False,NVIDIA_GeForce_RTX_5070_Ti,16,
resnet101,224,32,fp16,45.62252807617188,False,NVIDIA_GeForce_RTX_5070_Ti,16,
resnet101,224,32,fp32,81.52526092529297,False,NVIDIA_GeForce_RTX_5070_Ti,16,
resnet101,224,64,bf16,104.92961883544922,False,NVIDIA_GeForce_RTX_5070_Ti,16,
resnet101,224,64,fp16,92.332275390625,False,NVIDIA_GeForce_RTX_5070_Ti,16,
resnet101,224,64,fp32,175.66659545898438,False,NVIDIA_GeForce_RTX_5070_Ti,16,
resnet152,64,16,bf16,14.469951629638672,False,NVIDIA_GeForce_RTX_5070_Ti,16,
resnet152,64,16,fp16,13.55339241027832,False,NVIDIA_GeForce_RTX_5070_Ti,16,
resnet152,64,16,fp32,20.422895431518555,False,NVIDIA_GeForce_RTX_5070_Ti,16,
resnet152,64,32,bf16,18.585472106933597,False,NVIDIA_GeForce_RTX_5070_Ti,16,
resnet152,64,32,fp16,16.745119094848633,False,NVIDIA_GeForce_RTX_5070_Ti,16,
resnet152,64,32,fp32,28.228256225585938,False,NVIDIA_GeForce_RTX_5070_Ti,16,
resnet152,64,64,bf16,31.82035255432129,False,NVIDIA_GeForce_RTX_5070_Ti,16,
resnet152,64,64,fp16,27.73932838439941,False,NVIDIA_GeForce_RTX_5070_Ti,16,
resnet152,64,64,fp32,44.605712890625,False,NVIDIA_GeForce_RTX_5070_Ti,16,
resnet152,128,16,bf16,21.54033660888672,False,NVIDIA_GeForce_RTX_5070_Ti,16,
resnet152,128,16,fp16,18.05414390563965,False,NVIDIA_GeForce_RTX_5070_Ti,16,
resnet152,128,16,fp32,26.340591430664062,False,NVIDIA_GeForce_RTX_5070_Ti,16,
resnet152,128,32,bf16,32.319297790527344,False,NVIDIA_GeForce_RTX_5070_Ti,16,
resnet152,128,32,fp16,27.656831741333008,False,NVIDIA_GeForce_RTX_5070_Ti,16,
resnet152,128,32,fp32,46.293678283691406,False,NVIDIA_GeForce_RTX_5070_Ti,16,
resnet152,128,64,bf16,59.92955017089844,False,NVIDIA_GeForce_RTX_5070_Ti,16,
resnet152,128,64,fp16,51.0813102722168,False,NVIDIA_GeForce_RTX_5070_Ti,16,
resnet152,128,64,fp32,79.49476623535156,False,NVIDIA_GeForce_RTX_5070_Ti,16,
resnet152,224,16,bf16,40.4361457824707,False,NVIDIA_GeForce_RTX_5070_Ti,16,
resnet152,224,16,fp16,34.86110305786133,False,NVIDIA_GeForce_RTX_5070_Ti,16,
resnet152,224,16,fp32,56.62182235717773,False,NVIDIA_GeForce_RTX_5070_Ti,16,
resnet152,224,32,bf16,73.64437103271484,False,NVIDIA_GeForce_RTX_5070_Ti,16,
resnet152,224,32,fp16,63.58148956298828,False,NVIDIA_GeForce_RTX_5070_Ti,16,
resnet152,224,32,fp32,113.7332992553711,False,NVIDIA_GeForce_RTX_5070_Ti,16,
resnet152,224,64,bf16,146.8944091796875,False,NVIDIA_GeForce_RTX_5070_Ti,16,
resnet152,224,64,fp16,128.69873046875,False,NVIDIA_GeForce_RTX_5070_Ti,16,
resnet152,224,64,fp32,957.3331909179688,False,NVIDIA_GeForce_RTX_5070_Ti,16,precision_artifact
resnet18,64,16,bf16,2.278223991394043,False,NVIDIA_GeForce_RTX_5070_Ti,16,
resnet18,64,16,fp16,2.182528018951416,False,NVIDIA_GeForce_RTX_5070_Ti,16,
resnet18,64,16,fp32,3.461344003677368,False,NVIDIA_GeForce_RTX_5070_Ti,16,
resnet18,64,32,bf16,2.580303907394409,False,NVIDIA_GeForce_RTX_5070_Ti,16,
resnet18,64,32,fp16,2.409071922302246,False,NVIDIA_GeForce_RTX_5070_Ti,16,
resnet18,64,32,fp32,4.664303779602051,False,NVIDIA_GeForce_RTX_5070_Ti,16,
resnet18,64,64,bf16,3.369935989379883,False,NVIDIA_GeForce_RTX_5070_Ti,16,
resnet18,64,64,fp16,3.062335968017578,False,NVIDIA_GeForce_RTX_5070_Ti,16,
resnet18,64,64,fp32,7.373280048370361,False,NVIDIA_GeForce_RTX_5070_Ti,16,
resnet18,128,16,bf16,3.201744079589844,False,NVIDIA_GeForce_RTX_5070_Ti,16,
resnet18,128,16,fp16,3.01908802986145,False,NVIDIA_GeForce_RTX_5070_Ti,16,
resnet18,128,16,fp32,4.609375953674316,False,NVIDIA_GeForce_RTX_5070_Ti,16,
resnet18,128,32,bf16,5.214704036712647,False,NVIDIA_GeForce_RTX_5070_Ti,16,
resnet18,128,32,fp16,4.873583793640137,False,NVIDIA_GeForce_RTX_5070_Ti,16,
resnet18,128,32,fp32,6.533167839050293,False,NVIDIA_GeForce_RTX_5070_Ti,16,
resnet18,128,64,bf16,7.931104183197021,False,NVIDIA_GeForce_RTX_5070_Ti,16,
resnet18,128,64,fp16,7.346992015838623,False,NVIDIA_GeForce_RTX_5070_Ti,16,
resnet18,128,64,fp32,13.04708766937256,False,NVIDIA_GeForce_RTX_5070_Ti,16,
resnet18,224,16,bf16,6.6206560134887695,False,NVIDIA_GeForce_RTX_5070_Ti,16,
resnet18,224,16,fp16,6.165135860443115,False,NVIDIA_GeForce_RTX_5070_Ti,16,
resnet18,224,16,fp32,9.1976957321167,False,NVIDIA_GeForce_RTX_5070_Ti,16,
resnet18,224,32,bf16,11.831088066101074,False,NVIDIA_GeForce_RTX_5070_Ti,16,
resnet18,224,32,fp16,10.947376251220703,False,NVIDIA_GeForce_RTX_5070_Ti,16,
resnet18,224,32,fp32,17.589296340942383,False,NVIDIA_GeForce_RTX_5070_Ti,16,
resnet18,224,64,bf16,23.005840301513672,False,NVIDIA_GeForce_RTX_5070_Ti,16,
resnet18,224,64,fp16,21.3111515045166,False,NVIDIA_GeForce_RTX_5070_Ti,16,
resnet18,224,64,fp32,37.71228790283203,False,NVIDIA_GeForce_RTX_5070_Ti,16,
resnet200,64,16,bf16,17.263200759887695,False,NVIDIA_GeForce_RTX_5070_Ti,16,
resnet200,64,16,fp16,15.974672317504885,False,NVIDIA_GeForce_RTX_5070_Ti,16,
resnet200,64,16,fp32,23.62171173095703,False,NVIDIA_GeForce_RTX_5070_Ti,16,
resnet200,64,32,bf16,22.18387222290039,False,NVIDIA_GeForce_RTX_5070_Ti,16,
resnet200,64,32,fp16,19.894256591796875,False,NVIDIA_GeForce_RTX_5070_Ti,16,
resnet200,64,32,fp32,32.8165283203125,False,NVIDIA_GeForce_RTX_5070_Ti,16,
resnet200,64,64,bf16,37.44131088256836,False,NVIDIA_GeForce_RTX_5070_Ti,16,
resnet200,64,64,fp16,32.39231872558594,False,NVIDIA_GeForce_RTX_5070_Ti,16,
resnet200,64,64,fp32,52.370113372802734,False,NVIDIA_GeForce_RTX_5070_Ti,16,
resnet200,128,16,bf16,26.60024070739746,False,NVIDIA_GeForce_RTX_5070_Ti,16,
resnet200,128,16,fp16,22.180992126464844,False,NVIDIA_GeForce_RTX_5070_Ti,16,
resnet200,128,16,fp32,32.468448638916016,False,NVIDIA_GeForce_RTX_5070_Ti,16,
resnet200,128,32,bf16,43.01182556152344,False,NVIDIA_GeForce_RTX_5070_Ti,16,
resnet200,128,32,fp16,36.26377487182617,False,NVIDIA_GeForce_RTX_5070_Ti,16,
resnet200,128,32,fp32,56.88908767700195,False,NVIDIA_GeForce_RTX_5070_Ti,16,
resnet200,128,64,bf16,75.94459533691406,False,NVIDIA_GeForce_RTX_5070_Ti,16,
resnet200,128,64,fp16,63.131473541259766,False,NVIDIA_GeForce_RTX_5070_Ti,16,
resnet200,128,64,fp32,103.42835235595705,False,NVIDIA_GeForce_RTX_5070_Ti,16,
resnet200,224,16,bf16,53.98633575439453,False,NVIDIA_GeForce_RTX_5070_Ti,16,
resnet200,224,16,fp16,44.03927993774414,False,NVIDIA_GeForce_RTX_5070_Ti,16,
resnet200,224,16,fp32,73.73854064941406,False,NVIDIA_GeForce_RTX_5070_Ti,16,
resnet200,224,32,bf16,98.79068756103516,False,NVIDIA_GeForce_RTX_5070_Ti,16,
resnet200,224,32,fp16,82.29156494140625,False,NVIDIA_GeForce_RTX_5070_Ti,16,
resnet200,224,32,fp32,153.84373474121094,False,NVIDIA_GeForce_RTX_5070_Ti,16,
resnet200,224,64,bf16,201.1598358154297,False,NVIDIA_GeForce_RTX_5070_Ti,16,
resnet200,224,64,fp16,172.9239959716797,False,NVIDIA_GeForce_RTX_5070_Ti,16,
resnet200,224,64,fp32,,True,NVIDIA_GeForce_RTX_5070_Ti,16,
resnet50,64,16,bf16,5.345808029174805,False,NVIDIA_GeForce_RTX_5070_Ti,16,
resnet50,64,16,fp16,4.905295848846436,False,NVIDIA_GeForce_RTX_5070_Ti,16,
resnet50,64,16,fp32,7.872303962707519,False,NVIDIA_GeForce_RTX_5070_Ti,16,
resnet50,64,32,bf16,6.7564802169799805,False,NVIDIA_GeForce_RTX_5070_Ti,16,
resnet50,64,32,fp16,5.95692777633667,False,NVIDIA_GeForce_RTX_5070_Ti,16,
resnet50,64,32,fp32,10.845135688781738,False,NVIDIA_GeForce_RTX_5070_Ti,16,
resnet50,64,64,bf16,10.56004810333252,False,NVIDIA_GeForce_RTX_5070_Ti,16,
resnet50,64,64,fp16,8.882752418518066,False,NVIDIA_GeForce_RTX_5070_Ti,16,
resnet50,64,64,fp32,17.848928451538086,False,NVIDIA_GeForce_RTX_5070_Ti,16,
resnet50,128,16,bf16,8.071231842041016,False,NVIDIA_GeForce_RTX_5070_Ti,16,
resnet50,128,16,fp16,6.861743927001953,False,NVIDIA_GeForce_RTX_5070_Ti,16,
resnet50,128,16,fp32,11.078319549560549,False,NVIDIA_GeForce_RTX_5070_Ti,16,
resnet50,128,32,bf16,12.69164752960205,False,NVIDIA_GeForce_RTX_5070_Ti,16,
resnet50,128,32,fp16,10.741711616516112,False,NVIDIA_GeForce_RTX_5070_Ti,16,
resnet50,128,32,fp32,18.86030387878418,False,NVIDIA_GeForce_RTX_5070_Ti,16,
resnet50,128,64,bf16,23.01129531860352,False,NVIDIA_GeForce_RTX_5070_Ti,16,
resnet50,128,64,fp16,19.563247680664062,False,NVIDIA_GeForce_RTX_5070_Ti,16,
resnet50,128,64,fp32,36.70094299316406,False,NVIDIA_GeForce_RTX_5070_Ti,16,
resnet50,224,16,bf16,17.31671905517578,False,NVIDIA_GeForce_RTX_5070_Ti,16,
resnet50,224,16,fp16,14.487615585327148,False,NVIDIA_GeForce_RTX_5070_Ti,16,
resnet50,224,16,fp32,25.80496025085449,False,NVIDIA_GeForce_RTX_5070_Ti,16,
resnet50,224,32,bf16,33.29292678833008,False,NVIDIA_GeForce_RTX_5070_Ti,16,
resnet50,224,32,fp16,28.347999572753903,False,NVIDIA_GeForce_RTX_5070_Ti,16,
resnet50,224,32,fp32,52.494911193847656,False,NVIDIA_GeForce_RTX_5070_Ti,16,
resnet50,224,64,bf16,67.86774444580078,False,NVIDIA_GeForce_RTX_5070_Ti,16,
resnet50,224,64,fp16,58.941871643066406,False,NVIDIA_GeForce_RTX_5070_Ti,16,
resnet50,224,64,fp32,110.56531524658205,False,NVIDIA_GeForce_RTX_5070_Ti,16,
resnext101_64x4d,64,16,bf16,21.95795249938965,False,NVIDIA_GeForce_RTX_5070_Ti,16,
resnext101_64x4d,64,16,fp16,20.078128814697266,False,NVIDIA_GeForce_RTX_5070_Ti,16,
resnext101_64x4d,64,16,fp32,38.306671142578125,False,NVIDIA_GeForce_RTX_5070_Ti,16,
resnext101_64x4d,64,32,bf16,35.72951889038086,False,NVIDIA_GeForce_RTX_5070_Ti,16,
resnext101_64x4d,64,32,fp16,31.14910316467285,False,NVIDIA_GeForce_RTX_5070_Ti,16,
resnext101_64x4d,64,32,fp32,56.84668731689453,False,NVIDIA_GeForce_RTX_5070_Ti,16,
resnext101_64x4d,64,64,bf16,61.8779182434082,False,NVIDIA_GeForce_RTX_5070_Ti,16,
resnext101_64x4d,64,64,fp16,53.90304183959961,False,NVIDIA_GeForce_RTX_5070_Ti,16,
resnext101_64x4d,64,64,fp32,89.88136291503906,False,NVIDIA_GeForce_RTX_5070_Ti,16,
resnext101_64x4d,128,16,bf16,30.724336624145508,False,NVIDIA_GeForce_RTX_5070_Ti,16,
resnext101_64x4d,128,16,fp16,24.745872497558597,False,NVIDIA_GeForce_RTX_5070_Ti,16,
resnext101_64x4d,128,16,fp32,53.34807968139648,False,NVIDIA_GeForce_RTX_5070_Ti,16,
resnext101_64x4d,128,32,bf16,45.81721496582031,False,NVIDIA_GeForce_RTX_5070_Ti,16,
resnext101_64x4d,128,32,fp16,29.67967987060547,False,NVIDIA_GeForce_RTX_5070_Ti,16,
resnext101_64x4d,128,32,fp32,72.92976379394531,False,NVIDIA_GeForce_RTX_5070_Ti,16,
resnext101_64x4d,128,64,bf16,83.01089477539062,False,NVIDIA_GeForce_RTX_5070_Ti,16,
resnext101_64x4d,128,64,fp16,67.28441619873047,False,NVIDIA_GeForce_RTX_5070_Ti,16,
resnext101_64x4d,128,64,fp32,120.51348876953124,False,NVIDIA_GeForce_RTX_5070_Ti,16,
resnext101_64x4d,224,16,bf16,62.27588653564453,False,NVIDIA_GeForce_RTX_5070_Ti,16,
resnext101_64x4d,224,16,fp16,50.21710586547852,False,NVIDIA_GeForce_RTX_5070_Ti,16,
resnext101_64x4d,224,16,fp32,96.76433563232422,False,NVIDIA_GeForce_RTX_5070_Ti,16,
resnext101_64x4d,224,32,bf16,109.74787139892578,False,NVIDIA_GeForce_RTX_5070_Ti,16,
resnext101_64x4d,224,32,fp16,90.14049530029295,False,NVIDIA_GeForce_RTX_5070_Ti,16,
resnext101_64x4d,224,32,fp32,191.31832885742188,False,NVIDIA_GeForce_RTX_5070_Ti,16,
resnext101_64x4d,224,64,bf16,220.00814819335935,False,NVIDIA_GeForce_RTX_5070_Ti,16,
resnext101_64x4d,224,64,fp16,187.77603149414065,False,NVIDIA_GeForce_RTX_5070_Ti,16,
resnext101_64x4d,224,64,fp32,,True,NVIDIA_GeForce_RTX_5070_Ti,16,
resnext50_32x4d,64,16,bf16,5.985136032104492,False,NVIDIA_GeForce_RTX_5070_Ti,16,
resnext50_32x4d,64,16,fp16,5.4136481285095215,False,NVIDIA_GeForce_RTX_5070_Ti,16,
resnext50_32x4d,64,16,fp32,10.205663681030272,False,NVIDIA_GeForce_RTX_5070_Ti,16,
resnext50_32x4d,64,32,bf16,8.621487617492676,False,NVIDIA_GeForce_RTX_5070_Ti,16,
resnext50_32x4d,64,32,fp16,7.322735786437988,False,NVIDIA_GeForce_RTX_5070_Ti,16,
resnext50_32x4d,64,32,fp32,14.621423721313477,False,NVIDIA_GeForce_RTX_5070_Ti,16,
resnext50_32x4d,64,64,bf16,14.27619171142578,False,NVIDIA_GeForce_RTX_5070_Ti,16,
resnext50_32x4d,64,64,fp16,11.64748764038086,False,NVIDIA_GeForce_RTX_5070_Ti,16,
resnext50_32x4d,64,64,fp32,21.7107048034668,False,NVIDIA_GeForce_RTX_5070_Ti,16,
resnext50_32x4d,128,16,bf16,10.165311813354492,False,NVIDIA_GeForce_RTX_5070_Ti,16,
resnext50_32x4d,128,16,fp16,7.85975980758667,False,NVIDIA_GeForce_RTX_5070_Ti,16,
resnext50_32x4d,128,16,fp32,16.21855926513672,False,NVIDIA_GeForce_RTX_5070_Ti,16,
resnext50_32x4d,128,32,bf16,15.488944053649902,False,NVIDIA_GeForce_RTX_5070_Ti,16,
resnext50_32x4d,128,32,fp16,11.628255844116213,False,NVIDIA_GeForce_RTX_5070_Ti,16,
resnext50_32x4d,128,32,fp32,25.106111526489254,False,NVIDIA_GeForce_RTX_5070_Ti,16,
resnext50_32x4d,128,64,bf16,31.106943130493164,False,NVIDIA_GeForce_RTX_5070_Ti,16,
resnext50_32x4d,128,64,fp16,24.267295837402344,False,NVIDIA_GeForce_RTX_5070_Ti,16,
resnext50_32x4d,128,64,fp32,46.84447860717773,False,NVIDIA_GeForce_RTX_5070_Ti,16,
resnext50_32x4d,224,16,bf16,22.811359405517575,False,NVIDIA_GeForce_RTX_5070_Ti,16,
resnext50_32x4d,224,16,fp16,17.264480590820312,False,NVIDIA_GeForce_RTX_5070_Ti,16,
resnext50_32x4d,224,16,fp32,35.403663635253906,False,NVIDIA_GeForce_RTX_5070_Ti,16,
resnext50_32x4d,224,32,bf16,43.16915130615234,False,NVIDIA_GeForce_RTX_5070_Ti,16,
resnext50_32x4d,224,32,fp16,33.82175827026367,False,NVIDIA_GeForce_RTX_5070_Ti,16,
resnext50_32x4d,224,32,fp32,71.55831909179688,False,NVIDIA_GeForce_RTX_5070_Ti,16,
resnext50_32x4d,224,64,bf16,89.3174057006836,False,NVIDIA_GeForce_RTX_5070_Ti,16,
resnext50_32x4d,224,64,fp16,72.55976104736328,False,NVIDIA_GeForce_RTX_5070_Ti,16,
resnext50_32x4d,224,64,fp32,144.67320251464844,False,NVIDIA_GeForce_RTX_5070_Ti,16,
swin_base_patch4_window7_224,64,16,bf16,13.614912033081056,False,NVIDIA_GeForce_RTX_5070_Ti,16,
swin_base_patch4_window7_224,64,16,fp16,13.453536033630373,False,NVIDIA_GeForce_RTX_5070_Ti,16,
swin_base_patch4_window7_224,64,16,fp32,17.326047897338867,False,NVIDIA_GeForce_RTX_5070_Ti,16,
swin_base_patch4_window7_224,64,32,bf16,16.22870445251465,False,NVIDIA_GeForce_RTX_5070_Ti,16,
swin_base_patch4_window7_224,64,32,fp16,16.06679916381836,False,NVIDIA_GeForce_RTX_5070_Ti,16,
swin_base_patch4_window7_224,64,32,fp32,23.98481559753418,False,NVIDIA_GeForce_RTX_5070_Ti,16,
swin_base_patch4_window7_224,64,64,bf16,22.40219116210937,False,NVIDIA_GeForce_RTX_5070_Ti,16,
swin_base_patch4_window7_224,64,64,fp16,22.18974494934082,False,NVIDIA_GeForce_RTX_5070_Ti,16,
swin_base_patch4_window7_224,64,64,fp32,38.0482063293457,False,NVIDIA_GeForce_RTX_5070_Ti,16,
swin_base_patch4_window7_224,128,16,bf16,28.631711959838867,False,NVIDIA_GeForce_RTX_5070_Ti,16,
swin_base_patch4_window7_224,128,16,fp16,28.210224151611328,False,NVIDIA_GeForce_RTX_5070_Ti,16,
swin_base_patch4_window7_224,128,16,fp32,48.67630386352539,False,NVIDIA_GeForce_RTX_5070_Ti,16,
swin_base_patch4_window7_224,128,32,bf16,48.35961532592773,False,NVIDIA_GeForce_RTX_5070_Ti,16,
swin_base_patch4_window7_224,128,32,fp16,47.450382232666016,False,NVIDIA_GeForce_RTX_5070_Ti,16,
swin_base_patch4_window7_224,128,32,fp32,90.51203155517578,False,NVIDIA_GeForce_RTX_5070_Ti,16,
swin_base_patch4_window7_224,128,64,bf16,97.5481948852539,False,NVIDIA_GeForce_RTX_5070_Ti,16,
swin_base_patch4_window7_224,128,64,fp16,96.07044982910156,False,NVIDIA_GeForce_RTX_5070_Ti,16,
swin_base_patch4_window7_224,128,64,fp32,185.0214080810547,False,NVIDIA_GeForce_RTX_5070_Ti,16,
swin_base_patch4_window7_224,224,16,bf16,46.73779296875,False,NVIDIA_GeForce_RTX_5070_Ti,16,
swin_base_patch4_window7_224,224,16,fp16,46.198543548583984,False,NVIDIA_GeForce_RTX_5070_Ti,16,
swin_base_patch4_window7_224,224,16,fp32,89.19519805908203,False,NVIDIA_GeForce_RTX_5070_Ti,16,
swin_base_patch4_window7_224,224,32,bf16,88.61905670166016,False,NVIDIA_GeForce_RTX_5070_Ti,16,
swin_base_patch4_window7_224,224,32,fp16,87.56478118896484,False,NVIDIA_GeForce_RTX_5070_Ti,16,
swin_base_patch4_window7_224,224,32,fp32,177.54202270507812,False,NVIDIA_GeForce_RTX_5070_Ti,16,
swin_base_patch4_window7_224,224,64,bf16,182.86875915527344,False,NVIDIA_GeForce_RTX_5070_Ti,16,
swin_base_patch4_window7_224,224,64,fp16,181.0160217285156,False,NVIDIA_GeForce_RTX_5070_Ti,16,
swin_base_patch4_window7_224,224,64,fp32,,True,NVIDIA_GeForce_RTX_5070_Ti,16,
swin_tiny_patch4_window7_224,64,16,bf16,5.960480213165283,False,NVIDIA_GeForce_RTX_5070_Ti,16,
swin_tiny_patch4_window7_224,64,16,fp16,5.812943935394287,False,NVIDIA_GeForce_RTX_5070_Ti,16,
swin_tiny_patch4_window7_224,64,16,fp32,7.571040153503418,False,NVIDIA_GeForce_RTX_5070_Ti,16,
swin_tiny_patch4_window7_224,64,32,bf16,7.563680171966553,False,NVIDIA_GeForce_RTX_5070_Ti,16,
swin_tiny_patch4_window7_224,64,32,fp16,7.3646721839904785,False,NVIDIA_GeForce_RTX_5070_Ti,16,
swin_tiny_patch4_window7_224,64,32,fp32,10.697423934936523,False,NVIDIA_GeForce_RTX_5070_Ti,16,
swin_tiny_patch4_window7_224,64,64,bf16,10.443568229675291,False,NVIDIA_GeForce_RTX_5070_Ti,16,
swin_tiny_patch4_window7_224,64,64,fp16,10.241951942443848,False,NVIDIA_GeForce_RTX_5070_Ti,16,
swin_tiny_patch4_window7_224,64,64,fp32,16.769487380981445,False,NVIDIA_GeForce_RTX_5070_Ti,16,
swin_tiny_patch4_window7_224,128,16,bf16,11.317744255065918,False,NVIDIA_GeForce_RTX_5070_Ti,16,
swin_tiny_patch4_window7_224,128,16,fp16,11.130191802978516,False,NVIDIA_GeForce_RTX_5070_Ti,16,
swin_tiny_patch4_window7_224,128,16,fp32,17.80112075805664,False,NVIDIA_GeForce_RTX_5070_Ti,16,
swin_tiny_patch4_window7_224,128,32,bf16,18.350496292114254,False,NVIDIA_GeForce_RTX_5070_Ti,16,
swin_tiny_patch4_window7_224,128,32,fp16,17.95180892944336,False,NVIDIA_GeForce_RTX_5070_Ti,16,
swin_tiny_patch4_window7_224,128,32,fp32,31.694480895996094,False,NVIDIA_GeForce_RTX_5070_Ti,16,
swin_tiny_patch4_window7_224,128,64,bf16,35.30009460449219,False,NVIDIA_GeForce_RTX_5070_Ti,16,
swin_tiny_patch4_window7_224,128,64,fp16,34.71598434448242,False,NVIDIA_GeForce_RTX_5070_Ti,16,
swin_tiny_patch4_window7_224,128,64,fp32,64.41072082519531,False,NVIDIA_GeForce_RTX_5070_Ti,16,
swin_tiny_patch4_window7_224,224,16,bf16,20.30183982849121,False,NVIDIA_GeForce_RTX_5070_Ti,16,
swin_tiny_patch4_window7_224,224,16,fp16,19.93464088439941,False,NVIDIA_GeForce_RTX_5070_Ti,16,
swin_tiny_patch4_window7_224,224,16,fp32,35.2769775390625,False,NVIDIA_GeForce_RTX_5070_Ti,16,
swin_tiny_patch4_window7_224,224,32,bf16,38.44540786743164,False,NVIDIA_GeForce_RTX_5070_Ti,16,
swin_tiny_patch4_window7_224,224,32,fp16,38.00886535644531,False,NVIDIA_GeForce_RTX_5070_Ti,16,
swin_tiny_patch4_window7_224,224,32,fp32,69.36032104492188,False,NVIDIA_GeForce_RTX_5070_Ti,16,
swin_tiny_patch4_window7_224,224,64,bf16,78.89360046386719,False,NVIDIA_GeForce_RTX_5070_Ti,16,
swin_tiny_patch4_window7_224,224,64,fp16,78.45252990722656,False,NVIDIA_GeForce_RTX_5070_Ti,16,
swin_tiny_patch4_window7_224,224,64,fp32,140.35179138183594,False,NVIDIA_GeForce_RTX_5070_Ti,16,
swinv2_cr_tiny_ns_224,64,16,bf16,6.910863876342773,False,NVIDIA_GeForce_RTX_5070_Ti,16,
swinv2_cr_tiny_ns_224,64,16,fp16,6.77780818939209,False,NVIDIA_GeForce_RTX_5070_Ti,16,
swinv2_cr_tiny_ns_224,64,16,fp32,8.033040046691895,False,NVIDIA_GeForce_RTX_5070_Ti,16,
swinv2_cr_tiny_ns_224,64,32,bf16,8.40011215209961,False,NVIDIA_GeForce_RTX_5070_Ti,16,
swinv2_cr_tiny_ns_224,64,32,fp16,8.237744331359863,False,NVIDIA_GeForce_RTX_5070_Ti,16,
swinv2_cr_tiny_ns_224,64,32,fp32,10.980015754699709,False,NVIDIA_GeForce_RTX_5070_Ti,16,
swinv2_cr_tiny_ns_224,64,64,bf16,11.184399604797363,False,NVIDIA_GeForce_RTX_5070_Ti,16,
swinv2_cr_tiny_ns_224,64,64,fp16,11.026080131530762,False,NVIDIA_GeForce_RTX_5070_Ti,16,
swinv2_cr_tiny_ns_224,64,64,fp32,16.45599937438965,False,NVIDIA_GeForce_RTX_5070_Ti,16,
swinv2_cr_tiny_ns_224,128,16,bf16,10.902144432067873,False,NVIDIA_GeForce_RTX_5070_Ti,16,
swinv2_cr_tiny_ns_224,128,16,fp16,10.831536293029783,False,NVIDIA_GeForce_RTX_5070_Ti,16,
swinv2_cr_tiny_ns_224,128,16,fp32,16.091583251953125,False,NVIDIA_GeForce_RTX_5070_Ti,16,
swinv2_cr_tiny_ns_224,128,32,bf16,16.65243148803711,False,NVIDIA_GeForce_RTX_5070_Ti,16,
swinv2_cr_tiny_ns_224,128,32,fp16,16.54902458190918,False,NVIDIA_GeForce_RTX_5070_Ti,16,
swinv2_cr_tiny_ns_224,128,32,fp32,27.482223510742188,False,NVIDIA_GeForce_RTX_5070_Ti,16,
swinv2_cr_tiny_ns_224,128,64,bf16,29.879375457763672,False,NVIDIA_GeForce_RTX_5070_Ti,16,
swinv2_cr_tiny_ns_224,128,64,fp16,29.84416007995605,False,NVIDIA_GeForce_RTX_5070_Ti,16,
swinv2_cr_tiny_ns_224,128,64,fp32,51.96928024291992,False,NVIDIA_GeForce_RTX_5070_Ti,16,
swinv2_cr_tiny_ns_224,224,16,bf16,26.8065128326416,False,NVIDIA_GeForce_RTX_5070_Ti,16,
swinv2_cr_tiny_ns_224,224,16,fp16,26.37945556640625,False,NVIDIA_GeForce_RTX_5070_Ti,16,
swinv2_cr_tiny_ns_224,224,16,fp32,41.133296966552734,False,NVIDIA_GeForce_RTX_5070_Ti,16,
swinv2_cr_tiny_ns_224,224,32,bf16,52.63230514526367,False,NVIDIA_GeForce_RTX_5070_Ti,16,
swinv2_cr_tiny_ns_224,224,32,fp16,52.08603286743164,False,NVIDIA_GeForce_RTX_5070_Ti,16,
swinv2_cr_tiny_ns_224,224,32,fp32,81.23155212402344,False,NVIDIA_GeForce_RTX_5070_Ti,16,
swinv2_cr_tiny_ns_224,224,64,bf16,110.94940948486328,False,NVIDIA_GeForce_RTX_5070_Ti,16,
swinv2_cr_tiny_ns_224,224,64,fp16,110.4061279296875,False,NVIDIA_GeForce_RTX_5070_Ti,16,
swinv2_cr_tiny_ns_224,224,64,fp32,166.2770538330078,False,NVIDIA_GeForce_RTX_5070_Ti,16,
twins_pcpvt_small,64,16,bf16,7.061232089996338,False,NVIDIA_GeForce_RTX_5070_Ti,16,
twins_pcpvt_small,64,16,fp16,6.900479793548584,False,NVIDIA_GeForce_RTX_5070_Ti,16,
twins_pcpvt_small,64,16,fp32,8.525888442993164,False,NVIDIA_GeForce_RTX_5070_Ti,16,
twins_pcpvt_small,64,32,bf16,8.026111602783203,False,NVIDIA_GeForce_RTX_5070_Ti,16,
twins_pcpvt_small,64,32,fp16,7.852672100067139,False,NVIDIA_GeForce_RTX_5070_Ti,16,
twins_pcpvt_small,64,32,fp32,11.125311851501465,False,NVIDIA_GeForce_RTX_5070_Ti,16,
twins_pcpvt_small,64,64,bf16,10.59280014038086,False,NVIDIA_GeForce_RTX_5070_Ti,16,
twins_pcpvt_small,64,64,fp16,10.391216278076172,False,NVIDIA_GeForce_RTX_5070_Ti,16,
twins_pcpvt_small,64,64,fp32,17.035120010375977,False,NVIDIA_GeForce_RTX_5070_Ti,16,
twins_pcpvt_small,128,16,bf16,10.274959564208984,False,NVIDIA_GeForce_RTX_5070_Ti,16,
twins_pcpvt_small,128,16,fp16,10.093343734741213,False,NVIDIA_GeForce_RTX_5070_Ti,16,
twins_pcpvt_small,128,16,fp32,15.631263732910156,False,NVIDIA_GeForce_RTX_5070_Ti,16,
twins_pcpvt_small,128,32,bf16,14.695216178894045,False,NVIDIA_GeForce_RTX_5070_Ti,16,
twins_pcpvt_small,128,32,fp16,14.49824047088623,False,NVIDIA_GeForce_RTX_5070_Ti,16,
twins_pcpvt_small,128,32,fp32,24.453807830810547,False,NVIDIA_GeForce_RTX_5070_Ti,16,
twins_pcpvt_small,128,64,bf16,24.54166412353516,False,NVIDIA_GeForce_RTX_5070_Ti,16,
twins_pcpvt_small,128,64,fp16,24.41094398498535,False,NVIDIA_GeForce_RTX_5070_Ti,16,
twins_pcpvt_small,128,64,fp32,43.835391998291016,False,NVIDIA_GeForce_RTX_5070_Ti,16,
twins_pcpvt_small,224,16,bf16,20.73004722595215,False,NVIDIA_GeForce_RTX_5070_Ti,16,
twins_pcpvt_small,224,16,fp16,20.613216400146484,False,NVIDIA_GeForce_RTX_5070_Ti,16,
twins_pcpvt_small,224,16,fp32,37.44276809692383,False,NVIDIA_GeForce_RTX_5070_Ti,16,
twins_pcpvt_small,224,32,bf16,34.96828842163086,False,NVIDIA_GeForce_RTX_5070_Ti,16,
twins_pcpvt_small,224,32,fp16,35.31574249267578,False,NVIDIA_GeForce_RTX_5070_Ti,16,
twins_pcpvt_small,224,32,fp32,65.64852905273438,False,NVIDIA_GeForce_RTX_5070_Ti,16,
twins_pcpvt_small,224,64,bf16,67.83618927001953,False,NVIDIA_GeForce_RTX_5070_Ti,16,
twins_pcpvt_small,224,64,fp16,67.67169952392578,False,NVIDIA_GeForce_RTX_5070_Ti,16,
twins_pcpvt_small,224,64,fp32,121.31814575195312,False,NVIDIA_GeForce_RTX_5070_Ti,16,
twins_svt_small,64,16,bf16,7.31006383895874,False,NVIDIA_GeForce_RTX_5070_Ti,16,
twins_svt_small,64,16,fp16,7.165359973907471,False,NVIDIA_GeForce_RTX_5070_Ti,16,
twins_svt_small,64,16,fp32,8.196368217468262,False,NVIDIA_GeForce_RTX_5070_Ti,16,
twins_svt_small,64,32,bf16,8.992783546447754,False,NVIDIA_GeForce_RTX_5070_Ti,16,
twins_svt_small,64,32,fp16,8.863311767578125,False,NVIDIA_GeForce_RTX_5070_Ti,16,
twins_svt_small,64,32,fp32,11.375136375427246,False,NVIDIA_GeForce_RTX_5070_Ti,16,
twins_svt_small,64,64,bf16,12.316335678100586,False,NVIDIA_GeForce_RTX_5070_Ti,16,
twins_svt_small,64,64,fp16,12.193344116210938,False,NVIDIA_GeForce_RTX_5070_Ti,16,
twins_svt_small,64,64,fp32,17.39031982421875,False,NVIDIA_GeForce_RTX_5070_Ti,16,
twins_svt_small,128,16,bf16,10.72163200378418,False,NVIDIA_GeForce_RTX_5070_Ti,16,
twins_svt_small,128,16,fp16,10.62992000579834,False,NVIDIA_GeForce_RTX_5070_Ti,16,
twins_svt_small,128,16,fp32,14.019087791442873,False,NVIDIA_GeForce_RTX_5070_Ti,16,
twins_svt_small,128,32,bf16,15.9343843460083,False,NVIDIA_GeForce_RTX_5070_Ti,16,
twins_svt_small,128,32,fp16,15.821248054504396,False,NVIDIA_GeForce_RTX_5070_Ti,16,
twins_svt_small,128,32,fp32,22.72823905944824,False,NVIDIA_GeForce_RTX_5070_Ti,16,
twins_svt_small,128,64,bf16,27.701040267944336,False,NVIDIA_GeForce_RTX_5070_Ti,16,
twins_svt_small,128,64,fp16,27.59940719604492,False,NVIDIA_GeForce_RTX_5070_Ti,16,
twins_svt_small,128,64,fp32,41.316993713378906,False,NVIDIA_GeForce_RTX_5070_Ti,16,
twins_svt_small,224,16,bf16,17.964384078979492,False,NVIDIA_GeForce_RTX_5070_Ti,16,
twins_svt_small,224,16,fp16,17.904224395751953,False,NVIDIA_GeForce_RTX_5070_Ti,16,
twins_svt_small,224,16,fp32,27.801328659057617,False,NVIDIA_GeForce_RTX_5070_Ti,16,
twins_svt_small,224,32,bf16,30.898624420166016,False,NVIDIA_GeForce_RTX_5070_Ti,16,
twins_svt_small,224,32,fp16,31.05806350708008,False,NVIDIA_GeForce_RTX_5070_Ti,16,
twins_svt_small,224,32,fp32,50.08155059814453,False,NVIDIA_GeForce_RTX_5070_Ti,16,
twins_svt_small,224,64,bf16,60.83585739135742,False,NVIDIA_GeForce_RTX_5070_Ti,16,
twins_svt_small,224,64,fp16,60.82942581176758,False,NVIDIA_GeForce_RTX_5070_Ti,16,
twins_svt_small,224,64,fp32,97.60536193847656,False,NVIDIA_GeForce_RTX_5070_Ti,16,
vit_base_patch16_224,64,16,bf16,9.595871925354004,False,NVIDIA_GeForce_RTX_5070_Ti,16,
vit_base_patch16_224,64,16,fp16,9.580479621887209,False,NVIDIA_GeForce_RTX_5070_Ti,16,
vit_base_patch16_224,64,16,fp32,14.965904235839844,False,NVIDIA_GeForce_RTX_5070_Ti,16,
vit_base_patch16_224,64,32,bf16,11.908191680908203,False,NVIDIA_GeForce_RTX_5070_Ti,16,
vit_base_patch16_224,64,32,fp16,11.868687629699709,False,NVIDIA_GeForce_RTX_5070_Ti,16,
vit_base_patch16_224,64,32,fp32,20.80699157714844,False,NVIDIA_GeForce_RTX_5070_Ti,16,
vit_base_patch16_224,64,64,bf16,16.277135848999023,False,NVIDIA_GeForce_RTX_5070_Ti,16,
vit_base_patch16_224,64,64,fp16,16.203136444091797,False,NVIDIA_GeForce_RTX_5070_Ti,16,
vit_base_patch16_224,64,64,fp32,32.65311813354492,False,NVIDIA_GeForce_RTX_5070_Ti,16,
vit_base_patch16_224,128,16,bf16,15.26846408843994,False,NVIDIA_GeForce_RTX_5070_Ti,16,
vit_base_patch16_224,128,16,fp16,15.267312049865724,False,NVIDIA_GeForce_RTX_5070_Ti,16,
vit_base_patch16_224,128,16,fp32,32.61222457885742,False,NVIDIA_GeForce_RTX_5070_Ti,16,
vit_base_patch16_224,128,32,bf16,22.916671752929688,False,NVIDIA_GeForce_RTX_5070_Ti,16,
vit_base_patch16_224,128,32,fp16,22.79955291748047,False,NVIDIA_GeForce_RTX_5070_Ti,16,
vit_base_patch16_224,128,32,fp32,56.2861442565918,False,NVIDIA_GeForce_RTX_5070_Ti,16,
vit_base_patch16_224,128,64,bf16,39.75201416015625,False,NVIDIA_GeForce_RTX_5070_Ti,16,
vit_base_patch16_224,128,64,fp16,39.59852981567383,False,NVIDIA_GeForce_RTX_5070_Ti,16,
vit_base_patch16_224,128,64,fp32,105.80512237548828,False,NVIDIA_GeForce_RTX_5070_Ti,16,
vit_base_patch16_224,224,16,bf16,31.45212745666504,False,NVIDIA_GeForce_RTX_5070_Ti,16,
vit_base_patch16_224,224,16,fp16,31.42284774780273,False,NVIDIA_GeForce_RTX_5070_Ti,16,
vit_base_patch16_224,224,16,fp32,86.65904235839844,False,NVIDIA_GeForce_RTX_5070_Ti,16,
vit_base_patch16_224,224,32,bf16,58.43030548095703,False,NVIDIA_GeForce_RTX_5070_Ti,16,
vit_base_patch16_224,224,32,fp16,58.086368560791016,False,NVIDIA_GeForce_RTX_5070_Ti,16,
vit_base_patch16_224,224,32,fp32,166.09051513671875,False,NVIDIA_GeForce_RTX_5070_Ti,16,
vit_base_patch16_224,224,64,bf16,116.3342742919922,False,NVIDIA_GeForce_RTX_5070_Ti,16,
vit_base_patch16_224,224,64,fp16,115.65857696533205,False,NVIDIA_GeForce_RTX_5070_Ti,16,
vit_base_patch16_224,224,64,fp32,323.456787109375,False,NVIDIA_GeForce_RTX_5070_Ti,16,
vit_large_patch16_224,64,16,bf16,30.792224884033203,False,NVIDIA_GeForce_RTX_5070_Ti,16,
vit_large_patch16_224,64,16,fp16,30.654783248901367,False,NVIDIA_GeForce_RTX_5070_Ti,16,
vit_large_patch16_224,64,16,fp32,45.08196640014648,False,NVIDIA_GeForce_RTX_5070_Ti,16,
vit_large_patch16_224,64,32,bf16,38.17470550537109,False,NVIDIA_GeForce_RTX_5070_Ti,16,
vit_large_patch16_224,64,32,fp16,38.07254409790039,False,NVIDIA_GeForce_RTX_5070_Ti,16,
vit_large_patch16_224,64,32,fp32,65.864990234375,False,NVIDIA_GeForce_RTX_5070_Ti,16,
vit_large_patch16_224,64,64,bf16,50.821903228759766,False,NVIDIA_GeForce_RTX_5070_Ti,16,
vit_large_patch16_224,64,64,fp16,50.53144073486328,False,NVIDIA_GeForce_RTX_5070_Ti,16,
vit_large_patch16_224,64,64,fp32,105.8351821899414,False,NVIDIA_GeForce_RTX_5070_Ti,16,
vit_large_patch16_224,128,16,bf16,48.13859176635742,False,NVIDIA_GeForce_RTX_5070_Ti,16,
vit_large_patch16_224,128,16,fp16,47.96006393432617,False,NVIDIA_GeForce_RTX_5070_Ti,16,
vit_large_patch16_224,128,16,fp32,105.81998443603516,False,NVIDIA_GeForce_RTX_5070_Ti,16,
vit_large_patch16_224,128,32,bf16,74.1812515258789,False,NVIDIA_GeForce_RTX_5070_Ti,16,
vit_large_patch16_224,128,32,fp16,73.8990249633789,False,NVIDIA_GeForce_RTX_5070_Ti,16,
vit_large_patch16_224,128,32,fp32,180.01121520996094,False,NVIDIA_GeForce_RTX_5070_Ti,16,
vit_large_patch16_224,128,64,bf16,131.30198669433594,False,NVIDIA_GeForce_RTX_5070_Ti,16,
vit_large_patch16_224,128,64,fp16,130.8322296142578,False,NVIDIA_GeForce_RTX_5070_Ti,16,
vit_large_patch16_224,128,64,fp32,343.2524719238281,False,NVIDIA_GeForce_RTX_5070_Ti,16,
vit_large_patch16_224,224,16,bf16,103.53582763671876,False,NVIDIA_GeForce_RTX_5070_Ti,16,
vit_large_patch16_224,224,16,fp16,103.1409912109375,False,NVIDIA_GeForce_RTX_5070_Ti,16,
vit_large_patch16_224,224,16,fp32,281.2938232421875,False,NVIDIA_GeForce_RTX_5070_Ti,16,
vit_large_patch16_224,224,32,bf16,189.95257568359372,False,NVIDIA_GeForce_RTX_5070_Ti,16,
vit_large_patch16_224,224,32,fp16,188.76101684570312,False,NVIDIA_GeForce_RTX_5070_Ti,16,
vit_large_patch16_224,224,32,fp32,9825.7255859375,False,NVIDIA_GeForce_RTX_5070_Ti,16,precision_artifact
vit_large_patch16_224,224,64,bf16,,True,NVIDIA_GeForce_RTX_5070_Ti,16,
vit_large_patch16_224,224,64,fp16,,True,NVIDIA_GeForce_RTX_5070_Ti,16,
vit_large_patch16_224,224,64,fp32,,True,NVIDIA_GeForce_RTX_5070_Ti,16,
vit_small_patch16_224,64,16,bf16,4.159647941589356,False,NVIDIA_GeForce_RTX_5070_Ti,16,
vit_small_patch16_224,64,16,fp16,4.087920188903809,False,NVIDIA_GeForce_RTX_5070_Ti,16,
vit_small_patch16_224,64,16,fp32,6.249199867248535,False,NVIDIA_GeForce_RTX_5070_Ti,16,
vit_small_patch16_224,64,32,bf16,4.878191947937012,False,NVIDIA_GeForce_RTX_5070_Ti,16,
vit_small_patch16_224,64,32,fp16,4.840447902679443,False,NVIDIA_GeForce_RTX_5070_Ti,16,
vit_small_patch16_224,64,32,fp32,8.207551956176758,False,NVIDIA_GeForce_RTX_5070_Ti,16,
vit_small_patch16_224,64,64,bf16,6.530479907989502,False,NVIDIA_GeForce_RTX_5070_Ti,16,
vit_small_patch16_224,64,64,fp16,6.4964799880981445,False,NVIDIA_GeForce_RTX_5070_Ti,16,
vit_small_patch16_224,64,64,fp32,11.41539192199707,False,NVIDIA_GeForce_RTX_5070_Ti,16,
vit_small_patch16_224,128,16,bf16,6.1046881675720215,False,NVIDIA_GeForce_RTX_5070_Ti,16,
vit_small_patch16_224,128,16,fp16,6.0990400314331055,False,NVIDIA_GeForce_RTX_5070_Ti,16,
vit_small_patch16_224,128,16,fp32,11.438480377197266,False,NVIDIA_GeForce_RTX_5070_Ti,16,
vit_small_patch16_224,128,32,bf16,8.286527633666992,False,NVIDIA_GeForce_RTX_5070_Ti,16,
vit_small_patch16_224,128,32,fp16,8.270879745483398,False,NVIDIA_GeForce_RTX_5070_Ti,16,
vit_small_patch16_224,128,32,fp32,18.72062492370605,False,NVIDIA_GeForce_RTX_5070_Ti,16,
vit_small_patch16_224,128,64,bf16,13.36956787109375,False,NVIDIA_GeForce_RTX_5070_Ti,16,
vit_small_patch16_224,128,64,fp16,13.339183807373049,False,NVIDIA_GeForce_RTX_5070_Ti,16,
vit_small_patch16_224,128,64,fp32,33.39225769042969,False,NVIDIA_GeForce_RTX_5070_Ti,16,
vit_small_patch16_224,224,16,bf16,11.267871856689451,False,NVIDIA_GeForce_RTX_5070_Ti,16,
vit_small_patch16_224,224,16,fp16,11.219679832458496,False,NVIDIA_GeForce_RTX_5070_Ti,16,
vit_small_patch16_224,224,16,fp32,28.42708778381348,False,NVIDIA_GeForce_RTX_5070_Ti,16,
vit_small_patch16_224,224,32,bf16,19.149568557739254,False,NVIDIA_GeForce_RTX_5070_Ti,16,
vit_small_patch16_224,224,32,fp16,19.15376091003418,False,NVIDIA_GeForce_RTX_5070_Ti,16,
vit_small_patch16_224,224,32,fp32,52.540000915527344,False,NVIDIA_GeForce_RTX_5070_Ti,16,
vit_small_patch16_224,224,64,bf16,37.88951873779297,False,NVIDIA_GeForce_RTX_5070_Ti,16,
vit_small_patch16_224,224,64,fp16,37.85201644897461,False,NVIDIA_GeForce_RTX_5070_Ti,16,
vit_small_patch16_224,224,64,fp32,105.74380493164062,False,NVIDIA_GeForce_RTX_5070_Ti,16,
vit_tiny_patch16_224,64,16,bf16,2.488800048828125,False,NVIDIA_GeForce_RTX_5070_Ti,16,
vit_tiny_patch16_224,64,16,fp16,2.377504110336304,False,NVIDIA_GeForce_RTX_5070_Ti,16,
vit_tiny_patch16_224,64,16,fp32,2.976191997528076,False,NVIDIA_GeForce_RTX_5070_Ti,16,
vit_tiny_patch16_224,64,32,bf16,2.9803199768066406,False,NVIDIA_GeForce_RTX_5070_Ti,16,
vit_tiny_patch16_224,64,32,fp16,2.871488094329834,False,NVIDIA_GeForce_RTX_5070_Ti,16,
vit_tiny_patch16_224,64,32,fp32,4.106448173522949,False,NVIDIA_GeForce_RTX_5070_Ti,16,
vit_tiny_patch16_224,64,64,bf16,3.531023979187012,False,NVIDIA_GeForce_RTX_5070_Ti,16,
vit_tiny_patch16_224,64,64,fp16,3.522736072540283,False,NVIDIA_GeForce_RTX_5070_Ti,16,
vit_tiny_patch16_224,64,64,fp32,5.290927886962891,False,NVIDIA_GeForce_RTX_5070_Ti,16,
vit_tiny_patch16_224,128,16,bf16,3.386064052581787,False,NVIDIA_GeForce_RTX_5070_Ti,16,
vit_tiny_patch16_224,128,16,fp16,3.314879894256592,False,NVIDIA_GeForce_RTX_5070_Ti,16,
vit_tiny_patch16_224,128,16,fp32,5.542992115020752,False,NVIDIA_GeForce_RTX_5070_Ti,16,
vit_tiny_patch16_224,128,32,bf16,4.379727840423584,False,NVIDIA_GeForce_RTX_5070_Ti,16,
vit_tiny_patch16_224,128,32,fp16,4.339903831481934,False,NVIDIA_GeForce_RTX_5070_Ti,16,
vit_tiny_patch16_224,128,32,fp32,8.175151824951172,False,NVIDIA_GeForce_RTX_5070_Ti,16,
vit_tiny_patch16_224,128,64,bf16,6.440735816955566,False,NVIDIA_GeForce_RTX_5070_Ti,16,
vit_tiny_patch16_224,128,64,fp16,6.370272159576416,False,NVIDIA_GeForce_RTX_5070_Ti,16,
vit_tiny_patch16_224,128,64,fp32,13.511152267456056,False,NVIDIA_GeForce_RTX_5070_Ti,16,
vit_tiny_patch16_224,224,16,bf16,5.673279762268066,False,NVIDIA_GeForce_RTX_5070_Ti,16,
vit_tiny_patch16_224,224,16,fp16,5.629487991333008,False,NVIDIA_GeForce_RTX_5070_Ti,16,
vit_tiny_patch16_224,224,16,fp32,11.81980800628662,False,NVIDIA_GeForce_RTX_5070_Ti,16,
vit_tiny_patch16_224,224,32,bf16,8.920495986938477,False,NVIDIA_GeForce_RTX_5070_Ti,16,
vit_tiny_patch16_224,224,32,fp16,8.82367992401123,False,NVIDIA_GeForce_RTX_5070_Ti,16,
vit_tiny_patch16_224,224,32,fp32,21.600736618041992,False,NVIDIA_GeForce_RTX_5070_Ti,16,
vit_tiny_patch16_224,224,64,bf16,16.115903854370117,False,NVIDIA_GeForce_RTX_5070_Ti,16,
vit_tiny_patch16_224,224,64,fp16,16.0557918548584,False,NVIDIA_GeForce_RTX_5070_Ti,16,
vit_tiny_patch16_224,224,64,fp32,41.40643310546875,False,NVIDIA_GeForce_RTX_5070_Ti,16,
wide_resnet101_2,64,16,bf16,19.81865692138672,False,NVIDIA_GeForce_RTX_5070_Ti,16,
wide_resnet101_2,64,16,fp16,19.034847259521484,False,NVIDIA_GeForce_RTX_5070_Ti,16,
wide_resnet101_2,64,16,fp32,33.42720031738281,False,NVIDIA_GeForce_RTX_5070_Ti,16,
wide_resnet101_2,64,32,bf16,26.87454414367676,False,NVIDIA_GeForce_RTX_5070_Ti,16,
wide_resnet101_2,64,32,fp16,24.96183967590332,False,NVIDIA_GeForce_RTX_5070_Ti,16,
wide_resnet101_2,64,32,fp32,41.21446228027344,False,NVIDIA_GeForce_RTX_5070_Ti,16,
wide_resnet101_2,64,64,bf16,39.00654220581055,False,NVIDIA_GeForce_RTX_5070_Ti,16,
wide_resnet101_2,64,64,fp16,35.04857635498047,False,NVIDIA_GeForce_RTX_5070_Ti,16,
wide_resnet101_2,64,64,fp32,53.216064453125,False,NVIDIA_GeForce_RTX_5070_Ti,16,
wide_resnet101_2,128,16,bf16,30.96630477905273,False,NVIDIA_GeForce_RTX_5070_Ti,16,
wide_resnet101_2,128,16,fp16,26.60856056213379,False,NVIDIA_GeForce_RTX_5070_Ti,16,
wide_resnet101_2,128,16,fp32,41.545536041259766,False,NVIDIA_GeForce_RTX_5070_Ti,16,
wide_resnet101_2,128,32,bf16,44.31412887573242,False,NVIDIA_GeForce_RTX_5070_Ti,16,
wide_resnet101_2,128,32,fp16,38.898223876953125,False,NVIDIA_GeForce_RTX_5070_Ti,16,
wide_resnet101_2,128,32,fp32,65.39288330078125,False,NVIDIA_GeForce_RTX_5070_Ti,16,
wide_resnet101_2,128,64,bf16,77.58966064453125,False,NVIDIA_GeForce_RTX_5070_Ti,16,
wide_resnet101_2,128,64,fp16,69.38426971435547,False,NVIDIA_GeForce_RTX_5070_Ti,16,
wide_resnet101_2,128,64,fp32,115.21304321289062,False,NVIDIA_GeForce_RTX_5070_Ti,16,
wide_resnet101_2,224,16,bf16,56.42131042480469,False,NVIDIA_GeForce_RTX_5070_Ti,16,
wide_resnet101_2,224,16,fp16,50.502384185791016,False,NVIDIA_GeForce_RTX_5070_Ti,16,
wide_resnet101_2,224,16,fp32,90.77986907958984,False,NVIDIA_GeForce_RTX_5070_Ti,16,
wide_resnet101_2,224,32,bf16,105.63617706298828,False,NVIDIA_GeForce_RTX_5070_Ti,16,
wide_resnet101_2,224,32,fp16,95.96590423583984,False,NVIDIA_GeForce_RTX_5070_Ti,16,
wide_resnet101_2,224,32,fp32,173.66448974609375,False,NVIDIA_GeForce_RTX_5070_Ti,16,
wide_resnet101_2,224,64,bf16,196.51031494140625,False,NVIDIA_GeForce_RTX_5070_Ti,16,
wide_resnet101_2,224,64,fp16,179.38299560546875,False,NVIDIA_GeForce_RTX_5070_Ti,16,
wide_resnet101_2,224,64,fp32,1279.8372802734375,False,NVIDIA_GeForce_RTX_5070_Ti,16,precision_artifact
xcit_small_12_p16_224,64,16,bf16,8.81713581085205,False,NVIDIA_GeForce_RTX_5070_Ti,16,
xcit_small_12_p16_224,64,16,fp16,8.05065631866455,False,NVIDIA_GeForce_RTX_5070_Ti,16,
xcit_small_12_p16_224,64,16,fp32,9.366975784301758,False,NVIDIA_GeForce_RTX_5070_Ti,16,
xcit_small_12_p16_224,64,32,bf16,9.487008094787598,False,NVIDIA_GeForce_RTX_5070_Ti,16,
xcit_small_12_p16_224,64,32,fp16,9.268447875976562,False,NVIDIA_GeForce_RTX_5070_Ti,16,
xcit_small_12_p16_224,64,32,fp32,12.464384078979492,False,NVIDIA_GeForce_RTX_5070_Ti,16,
xcit_small_12_p16_224,64,64,bf16,12.091856002807615,False,NVIDIA_GeForce_RTX_5070_Ti,16,
xcit_small_12_p16_224,64,64,fp16,11.728079795837402,False,NVIDIA_GeForce_RTX_5070_Ti,16,
xcit_small_12_p16_224,64,64,fp32,16.80518341064453,False,NVIDIA_GeForce_RTX_5070_Ti,16,
xcit_small_12_p16_224,128,16,bf16,11.928303718566896,False,NVIDIA_GeForce_RTX_5070_Ti,16,
xcit_small_12_p16_224,128,16,fp16,11.596927642822266,False,NVIDIA_GeForce_RTX_5070_Ti,16,
xcit_small_12_p16_224,128,16,fp32,16.52672004699707,False,NVIDIA_GeForce_RTX_5070_Ti,16,
xcit_small_12_p16_224,128,32,bf16,16.956335067749023,False,NVIDIA_GeForce_RTX_5070_Ti,16,
xcit_small_12_p16_224,128,32,fp16,16.7159366607666,False,NVIDIA_GeForce_RTX_5070_Ti,16,
xcit_small_12_p16_224,128,32,fp32,25.76150321960449,False,NVIDIA_GeForce_RTX_5070_Ti,16,
xcit_small_12_p16_224,128,64,bf16,27.668384552001957,False,NVIDIA_GeForce_RTX_5070_Ti,16,
xcit_small_12_p16_224,128,64,fp16,27.21468734741211,False,NVIDIA_GeForce_RTX_5070_Ti,16,
xcit_small_12_p16_224,128,64,fp32,45.89527893066406,False,NVIDIA_GeForce_RTX_5070_Ti,16,
xcit_small_12_p16_224,224,16,bf16,24.061376571655277,False,NVIDIA_GeForce_RTX_5070_Ti,16,
xcit_small_12_p16_224,224,16,fp16,23.62268829345703,False,NVIDIA_GeForce_RTX_5070_Ti,16,
xcit_small_12_p16_224,224,16,fp32,37.66471862792969,False,NVIDIA_GeForce_RTX_5070_Ti,16,
xcit_small_12_p16_224,224,32,bf16,42.34076690673828,False,NVIDIA_GeForce_RTX_5070_Ti,16,
xcit_small_12_p16_224,224,32,fp16,41.6204948425293,False,NVIDIA_GeForce_RTX_5070_Ti,16,
xcit_small_12_p16_224,224,32,fp32,69.73883056640625,False,NVIDIA_GeForce_RTX_5070_Ti,16,
xcit_small_12_p16_224,224,64,bf16,85.50196838378906,False,NVIDIA_GeForce_RTX_5070_Ti,16,
xcit_small_12_p16_224,224,64,fp16,83.66726684570312,False,NVIDIA_GeForce_RTX_5070_Ti,16,
xcit_small_12_p16_224,224,64,fp32,141.2642364501953,False,NVIDIA_GeForce_RTX_5070_Ti,16,
xcit_tiny_12_p16_224,64,16,bf16,5.996719837188721,False,NVIDIA_GeForce_RTX_5070_Ti,16,
xcit_tiny_12_p16_224,64,16,fp16,5.818912029266357,False,NVIDIA_GeForce_RTX_5070_Ti,16,
xcit_tiny_12_p16_224,64,16,fp32,5.7012481689453125,False,NVIDIA_GeForce_RTX_5070_Ti,16,
xcit_tiny_12_p16_224,64,32,bf16,7.158192157745361,False,NVIDIA_GeForce_RTX_5070_Ti,16,
xcit_tiny_12_p16_224,64,32,fp16,6.889152050018311,False,NVIDIA_GeForce_RTX_5070_Ti,16,
xcit_tiny_12_p16_224,64,32,fp32,7.473536014556885,False,NVIDIA_GeForce_RTX_5070_Ti,16,
xcit_tiny_12_p16_224,64,64,bf16,8.05134391784668,False,NVIDIA_GeForce_RTX_5070_Ti,16,
xcit_tiny_12_p16_224,64,64,fp16,7.668975830078125,False,NVIDIA_GeForce_RTX_5070_Ti,16,
xcit_tiny_12_p16_224,64,64,fp32,9.124095916748049,False,NVIDIA_GeForce_RTX_5070_Ti,16,
xcit_tiny_12_p16_224,128,16,bf16,8.013343811035156,False,NVIDIA_GeForce_RTX_5070_Ti,16,
xcit_tiny_12_p16_224,128,16,fp16,7.664688110351562,False,NVIDIA_GeForce_RTX_5070_Ti,16,
xcit_tiny_12_p16_224,128,16,fp32,9.061375617980955,False,NVIDIA_GeForce_RTX_5070_Ti,16,
xcit_tiny_12_p16_224,128,32,bf16,10.305855751037598,False,NVIDIA_GeForce_RTX_5070_Ti,16,
xcit_tiny_12_p16_224,128,32,fp16,10.042415618896484,False,NVIDIA_GeForce_RTX_5070_Ti,16,
xcit_tiny_12_p16_224,128,32,fp32,13.141728401184082,False,NVIDIA_GeForce_RTX_5070_Ti,16,
xcit_tiny_12_p16_224,128,64,bf16,15.292863845825195,False,NVIDIA_GeForce_RTX_5070_Ti,16,
xcit_tiny_12_p16_224,128,64,fp16,14.929727554321287,False,NVIDIA_GeForce_RTX_5070_Ti,16,
xcit_tiny_12_p16_224,128,64,fp32,20.4859676361084,False,NVIDIA_GeForce_RTX_5070_Ti,16,
xcit_tiny_12_p16_224,224,16,bf16,13.910863876342772,False,NVIDIA_GeForce_RTX_5070_Ti,16,
xcit_tiny_12_p16_224,224,16,fp16,13.577695846557615,False,NVIDIA_GeForce_RTX_5070_Ti,16,
xcit_tiny_12_p16_224,224,16,fp32,17.66035270690918,False,NVIDIA_GeForce_RTX_5070_Ti,16,
xcit_tiny_12_p16_224,224,32,bf16,22.52327919006348,False,NVIDIA_GeForce_RTX_5070_Ti,16,
xcit_tiny_12_p16_224,224,32,fp16,21.930927276611328,False,NVIDIA_GeForce_RTX_5070_Ti,16,
xcit_tiny_12_p16_224,224,32,fp32,30.73303985595703,False,NVIDIA_GeForce_RTX_5070_Ti,16,
xcit_tiny_12_p16_224,224,64,bf16,40.21831893920898,False,NVIDIA_GeForce_RTX_5070_Ti,16,
xcit_tiny_12_p16_224,224,64,fp16,39.134254455566406,False,NVIDIA_GeForce_RTX_5070_Ti,16,
xcit_tiny_12_p16_224,224,64,fp32,57.80395126342773,False,NVIDIA_GeForce_RTX_5070_Ti,16,
