model,img_size,batch_size,precision,avg_time_ms,oom,gpu,vram_gb,cleanup
beit_large_patch16_224,64,16,bf16,54.62271881103516,False,NVIDIA_GeForce_RTX_4070,12,
beit_large_patch16_224,64,16,fp16,54.58124923706055,False,NVIDIA_GeForce_RTX_4070,12,
beit_large_patch16_224,64,16,fp32,76.600830078125,False,NVIDIA_GeForce_RTX_4070,12,
beit_large_patch16_224,64,32,bf16,67.63520050048828,False,NVIDIA_GeForce_RTX_4070,12,
beit_large_patch16_224,64,32,fp16,67.21126556396484,False,NVIDIA_GeForce_RTX_4070,12,
beit_large_patch16_224,64,32,fp32,111.0645751953125,False,NVIDIA_GeForce_RTX_4070,12,
beit_large_patch16_224,64,64,bf16,90.2128677368164,False,NVIDIA_GeForce_RTX_4070,12,
beit_large_patch16_224,64,64,fp16,88.79615783691406,False,NVIDIA_GeForce_RTX_4070,12,
beit_large_patch16_224,64,64,fp32,181.8603515625,False,NVIDIA_GeForce_RTX_4070,12,
beit_large_patch16_224,128,16,bf16,90.13606262207033,False,NVIDIA_GeForce_RTX_4070,12,
beit_large_patch16_224,128,16,fp16,88.34815979003906,False,NVIDIA_GeForce_RTX_4070,12,
beit_large_patch16_224,128,16,fp32,180.2659912109375,False,NVIDIA_GeForce_RTX_4070,12,
beit_large_patch16_224,128,32,bf16,135.8172149658203,False,NVIDIA_GeForce_RTX_4070,12,
beit_large_patch16_224,128,32,fp16,135.49107360839844,False,NVIDIA_GeForce_RTX_4070,12,
beit_large_patch16_224,128,32,fp32,311.3605041503906,False,NVIDIA_GeForce_RTX_4070,12,
beit_large_patch16_224,128,64,bf16,238.5450439453125,False,NVIDIA_GeForce_RTX_4070,12,
beit_large_patch16_224,128,64,fp16,237.7671813964844,False,NVIDIA_GeForce_RTX_4070,12,
beit_large_patch16_224,128,64,fp32,,True,NVIDIA_GeForce_RTX_4070,12,
beit_large_patch16_224,224,16,bf16,196.347900390625,False,NVIDIA_GeForce_RTX_4070,12,
beit_large_patch16_224,224,16,fp16,195.6295623779297,False,NVIDIA_GeForce_RTX_4070,12,
beit_large_patch16_224,224,16,fp32,469.2510681152344,False,NVIDIA_GeForce_RTX_4070,12,
beit_large_patch16_224,224,32,bf16,,True,NVIDIA_GeForce_RTX_4070,12,
beit_large_patch16_224,224,32,fp16,,True,NVIDIA_GeForce_RTX_4070,12,
beit_large_patch16_224,224,32,fp32,,True,NVIDIA_GeForce_RTX_4070,12,
beit_large_patch16_224,224,64,bf16,,True,NVIDIA_GeForce_RTX_4070,12,
beit_large_patch16_224,224,64,fp16,,True,NVIDIA_GeForce_RTX_4070,12,
beit_large_patch16_224,224,64,fp32,,True,NVIDIA_GeForce_RTX_4070,12,
coatnet_0_rw_224,64,16,bf16,9.012736320495604,False,NVIDIA_GeForce_RTX_4070,12,
coatnet_0_rw_224,64,16,fp16,8.407039642333984,False,NVIDIA_GeForce_RTX_4070,12,
coatnet_0_rw_224,64,16,fp32,9.248767852783203,False,NVIDIA_GeForce_RTX_4070,12,
coatnet_0_rw_224,64,32,bf16,11.906047821044922,False,NVIDIA_GeForce_RTX_4070,12,
coatnet_0_rw_224,64,32,fp16,10.887167930603027,False,NVIDIA_GeForce_RTX_4070,12,
coatnet_0_rw_224,64,32,fp32,13.243904113769531,False,NVIDIA_GeForce_RTX_4070,12,
coatnet_0_rw_224,64,64,bf16,16.563199996948242,False,NVIDIA_GeForce_RTX_4070,12,
coatnet_0_rw_224,64,64,fp16,14.735872268676758,False,NVIDIA_GeForce_RTX_4070,12,
coatnet_0_rw_224,64,64,fp32,22.58964729309082,False,NVIDIA_GeForce_RTX_4070,12,
coatnet_0_rw_224,128,16,bf16,15.458304405212402,False,NVIDIA_GeForce_RTX_4070,12,
coatnet_0_rw_224,128,16,fp16,13.992959976196287,False,NVIDIA_GeForce_RTX_4070,12,
coatnet_0_rw_224,128,16,fp32,20.726783752441406,False,NVIDIA_GeForce_RTX_4070,12,
coatnet_0_rw_224,128,32,bf16,26.547712326049805,False,NVIDIA_GeForce_RTX_4070,12,
coatnet_0_rw_224,128,32,fp16,23.3308162689209,False,NVIDIA_GeForce_RTX_4070,12,
coatnet_0_rw_224,128,32,fp32,41.44844818115234,False,NVIDIA_GeForce_RTX_4070,12,
coatnet_0_rw_224,128,64,bf16,51.55942535400391,False,NVIDIA_GeForce_RTX_4070,12,
coatnet_0_rw_224,128,64,fp16,45.64019012451172,False,NVIDIA_GeForce_RTX_4070,12,
coatnet_0_rw_224,128,64,fp32,84.21068572998047,False,NVIDIA_GeForce_RTX_4070,12,
coatnet_0_rw_224,224,16,bf16,42.37670516967773,False,NVIDIA_GeForce_RTX_4070,12,
coatnet_0_rw_224,224,16,fp16,37.579776763916016,False,NVIDIA_GeForce_RTX_4070,12,
coatnet_0_rw_224,224,16,fp32,71.97235107421875,False,NVIDIA_GeForce_RTX_4070,12,
coatnet_0_rw_224,224,32,bf16,84.06425476074219,False,NVIDIA_GeForce_RTX_4070,12,
coatnet_0_rw_224,224,32,fp16,75.11859130859375,False,NVIDIA_GeForce_RTX_4070,12,
coatnet_0_rw_224,224,32,fp32,145.18528747558594,False,NVIDIA_GeForce_RTX_4070,12,
coatnet_0_rw_224,224,64,bf16,170.23744201660156,False,NVIDIA_GeForce_RTX_4070,12,
coatnet_0_rw_224,224,64,fp16,152.14950561523438,False,NVIDIA_GeForce_RTX_4070,12,
coatnet_0_rw_224,224,64,fp32,,True,NVIDIA_GeForce_RTX_4070,12,
coatnet_1_rw_224,64,16,bf16,13.612544059753418,False,NVIDIA_GeForce_RTX_4070,12,
coatnet_1_rw_224,64,16,fp16,12.661248207092283,False,NVIDIA_GeForce_RTX_4070,12,
coatnet_1_rw_224,64,16,fp32,15.18233585357666,False,NVIDIA_GeForce_RTX_4070,12,
coatnet_1_rw_224,64,32,bf16,18.40537643432617,False,NVIDIA_GeForce_RTX_4070,12,
coatnet_1_rw_224,64,32,fp16,16.997888565063477,False,NVIDIA_GeForce_RTX_4070,12,
coatnet_1_rw_224,64,32,fp32,22.88025665283203,False,NVIDIA_GeForce_RTX_4070,12,
coatnet_1_rw_224,64,64,bf16,28.91315269470215,False,NVIDIA_GeForce_RTX_4070,12,
coatnet_1_rw_224,64,64,fp16,26.54156875610352,False,NVIDIA_GeForce_RTX_4070,12,
coatnet_1_rw_224,64,64,fp32,39.79212951660156,False,NVIDIA_GeForce_RTX_4070,12,
coatnet_1_rw_224,128,16,bf16,27.09862327575684,False,NVIDIA_GeForce_RTX_4070,12,
coatnet_1_rw_224,128,16,fp16,24.79974365234375,False,NVIDIA_GeForce_RTX_4070,12,
coatnet_1_rw_224,128,16,fp32,36.94489669799805,False,NVIDIA_GeForce_RTX_4070,12,
coatnet_1_rw_224,128,32,bf16,45.9156494140625,False,NVIDIA_GeForce_RTX_4070,12,
coatnet_1_rw_224,128,32,fp16,41.93945693969727,False,NVIDIA_GeForce_RTX_4070,12,
coatnet_1_rw_224,128,32,fp32,72.43929290771484,False,NVIDIA_GeForce_RTX_4070,12,
coatnet_1_rw_224,128,64,bf16,88.20889282226562,False,NVIDIA_GeForce_RTX_4070,12,
coatnet_1_rw_224,128,64,fp16,80.62156677246094,False,NVIDIA_GeForce_RTX_4070,12,
coatnet_1_rw_224,128,64,fp32,145.48326110839844,False,NVIDIA_GeForce_RTX_4070,12,
coatnet_1_rw_224,224,16,bf16,73.68038177490234,False,NVIDIA_GeForce_RTX_4070,12,
coatnet_1_rw_224,224,16,fp16,67.69407653808594,False,NVIDIA_GeForce_RTX_4070,12,
coatnet_1_rw_224,224,16,fp32,128.8258514404297,False,NVIDIA_GeForce_RTX_4070,12,
coatnet_1_rw_224,224,32,bf16,145.2349395751953,False,NVIDIA_GeForce_RTX_4070,12,
coatnet_1_rw_224,224,32,fp16,133.32684326171875,False,NVIDIA_GeForce_RTX_4070,12,
coatnet_1_rw_224,224,32,fp32,489.5098876953125,False,NVIDIA_GeForce_RTX_4070,12,
coatnet_1_rw_224,224,64,bf16,,True,NVIDIA_GeForce_RTX_4070,12,
coatnet_1_rw_224,224,64,fp16,,True,NVIDIA_GeForce_RTX_4070,12,
coatnet_1_rw_224,224,64,fp32,,True,NVIDIA_GeForce_RTX_4070,12,
coatnet_2_rw_224,64,16,bf16,19.540992736816406,False,NVIDIA_GeForce_RTX_4070,12,
coatnet_2_rw_224,64,16,fp16,18.43456077575684,False,NVIDIA_GeForce_RTX_4070,12,
coatnet_2_rw_224,64,16,fp32,22.77887916564941,False,NVIDIA_GeForce_RTX_4070,12,
coatnet_2_rw_224,64,32,bf16,27.255807876586918,False,NVIDIA_GeForce_RTX_4070,12,
coatnet_2_rw_224,64,32,fp16,25.25542449951172,False,NVIDIA_GeForce_RTX_4070,12,
coatnet_2_rw_224,64,32,fp32,35.41657638549805,False,NVIDIA_GeForce_RTX_4070,12,
coatnet_2_rw_224,64,64,bf16,43.24198532104492,False,NVIDIA_GeForce_RTX_4070,12,
coatnet_2_rw_224,64,64,fp16,39.68716812133789,False,NVIDIA_GeForce_RTX_4070,12,
coatnet_2_rw_224,64,64,fp32,62.99801635742188,False,NVIDIA_GeForce_RTX_4070,12,
coatnet_2_rw_224,128,16,bf16,39.89503860473633,False,NVIDIA_GeForce_RTX_4070,12,
coatnet_2_rw_224,128,16,fp16,36.65561676025391,False,NVIDIA_GeForce_RTX_4070,12,
coatnet_2_rw_224,128,16,fp32,57.89184188842773,False,NVIDIA_GeForce_RTX_4070,12,
coatnet_2_rw_224,128,32,bf16,69.8572769165039,False,NVIDIA_GeForce_RTX_4070,12,
coatnet_2_rw_224,128,32,fp16,64.03890991210938,False,NVIDIA_GeForce_RTX_4070,12,
coatnet_2_rw_224,128,32,fp32,112.63641357421876,False,NVIDIA_GeForce_RTX_4070,12,
coatnet_2_rw_224,128,64,bf16,137.90106201171875,False,NVIDIA_GeForce_RTX_4070,12,
coatnet_2_rw_224,128,64,fp16,126.4563217163086,False,NVIDIA_GeForce_RTX_4070,12,
coatnet_2_rw_224,128,64,fp32,284.4083251953125,False,NVIDIA_GeForce_RTX_4070,12,
coatnet_2_rw_224,224,16,bf16,114.05773162841795,False,NVIDIA_GeForce_RTX_4070,12,
coatnet_2_rw_224,224,16,fp16,104.80178833007812,False,NVIDIA_GeForce_RTX_4070,12,
coatnet_2_rw_224,224,16,fp32,198.71539306640625,False,NVIDIA_GeForce_RTX_4070,12,
coatnet_2_rw_224,224,32,bf16,223.37741088867188,False,NVIDIA_GeForce_RTX_4070,12,
coatnet_2_rw_224,224,32,fp16,206.00575256347656,False,NVIDIA_GeForce_RTX_4070,12,
coatnet_2_rw_224,224,32,fp32,,True,NVIDIA_GeForce_RTX_4070,12,
coatnet_2_rw_224,224,64,bf16,,True,NVIDIA_GeForce_RTX_4070,12,
coatnet_2_rw_224,224,64,fp16,,True,NVIDIA_GeForce_RTX_4070,12,
coatnet_2_rw_224,224,64,fp32,,True,NVIDIA_GeForce_RTX_4070,12,
convnext_base,64,16,bf16,18.61580848693848,False,NVIDIA_GeForce_RTX_4070,12,
convnext_base,64,16,fp16,18.53593635559082,False,NVIDIA_GeForce_RTX_4070,12,
convnext_base,64,16,fp32,26.03264045715332,False,NVIDIA_GeForce_RTX_4070,12,
convnext_base,64,32,bf16,23.059968948364254,False,NVIDIA_GeForce_RTX_4070,12,
convnext_base,64,32,fp16,23.012863159179688,False,NVIDIA_GeForce_RTX_4070,12,
convnext_base,64,32,fp32,42.68390274047852,False,NVIDIA_GeForce_RTX_4070,12,
convnext_base,64,64,bf16,32.03635025024414,False,NVIDIA_GeForce_RTX_4070,12,
convnext_base,64,64,fp16,31.81875228881836,False,NVIDIA_GeForce_RTX_4070,12,
convnext_base,64,64,fp32,74.60095977783203,False,NVIDIA_GeForce_RTX_4070,12,
convnext_base,128,16,bf16,31.33286476135254,False,NVIDIA_GeForce_RTX_4070,12,
convnext_base,128,16,fp16,31.059968948364254,False,NVIDIA_GeForce_RTX_4070,12,
convnext_base,128,16,fp32,88.24729919433594,False,NVIDIA_GeForce_RTX_4070,12,
convnext_base,128,32,bf16,48.2790412902832,False,NVIDIA_GeForce_RTX_4070,12,
convnext_base,128,32,fp16,48.03276824951172,False,NVIDIA_GeForce_RTX_4070,12,
convnext_base,128,32,fp32,168.92518615722656,False,NVIDIA_GeForce_RTX_4070,12,
convnext_base,128,64,bf16,85.78508758544922,False,NVIDIA_GeForce_RTX_4070,12,
convnext_base,128,64,fp16,85.16505432128906,False,NVIDIA_GeForce_RTX_4070,12,
convnext_base,128,64,fp32,298.3598022460937,False,NVIDIA_GeForce_RTX_4070,12,
convnext_base,224,16,bf16,68.16973114013672,False,NVIDIA_GeForce_RTX_4070,12,
convnext_base,224,16,fp16,67.8466567993164,False,NVIDIA_GeForce_RTX_4070,12,
convnext_base,224,16,fp32,254.3365173339844,False,NVIDIA_GeForce_RTX_4070,12,
convnext_base,224,32,bf16,127.34566497802734,False,NVIDIA_GeForce_RTX_4070,12,
convnext_base,224,32,fp16,127.0676498413086,False,NVIDIA_GeForce_RTX_4070,12,
convnext_base,224,32,fp32,498.5989074707031,False,NVIDIA_GeForce_RTX_4070,12,
convnext_base,224,64,bf16,259.36895751953125,False,NVIDIA_GeForce_RTX_4070,12,
convnext_base,224,64,fp16,258.919921875,False,NVIDIA_GeForce_RTX_4070,12,
convnext_base,224,64,fp32,,True,NVIDIA_GeForce_RTX_4070,12,
convnext_large,64,16,bf16,37.66425704956055,False,NVIDIA_GeForce_RTX_4070,12,
convnext_large,64,16,fp16,37.6258544921875,False,NVIDIA_GeForce_RTX_4070,12,
convnext_large,64,16,fp32,52.6484489440918,False,NVIDIA_GeForce_RTX_4070,12,
convnext_large,64,32,bf16,46.37644958496094,False,NVIDIA_GeForce_RTX_4070,12,
convnext_large,64,32,fp16,46.2817268371582,False,NVIDIA_GeForce_RTX_4070,12,
convnext_large,64,32,fp32,80.75059509277344,False,NVIDIA_GeForce_RTX_4070,12,
convnext_large,64,64,bf16,62.23052978515625,False,NVIDIA_GeForce_RTX_4070,12,
convnext_large,64,64,fp16,62.16038513183594,False,NVIDIA_GeForce_RTX_4070,12,
convnext_large,64,64,fp32,140.7626190185547,False,NVIDIA_GeForce_RTX_4070,12,
convnext_large,128,16,bf16,61.14918518066406,False,NVIDIA_GeForce_RTX_4070,12,
convnext_large,128,16,fp16,60.65151977539063,False,NVIDIA_GeForce_RTX_4070,12,
convnext_large,128,16,fp32,161.2252197265625,False,NVIDIA_GeForce_RTX_4070,12,
convnext_large,128,32,bf16,93.41081237792967,False,NVIDIA_GeForce_RTX_4070,12,
convnext_large,128,32,fp16,93.02323150634766,False,NVIDIA_GeForce_RTX_4070,12,
convnext_large,128,32,fp32,301.4691772460937,False,NVIDIA_GeForce_RTX_4070,12,
convnext_large,128,64,bf16,163.58604431152344,False,NVIDIA_GeForce_RTX_4070,12,
convnext_large,128,64,fp16,162.9644775390625,False,NVIDIA_GeForce_RTX_4070,12,
convnext_large,128,64,fp32,3884.8388671875,False,NVIDIA_GeForce_RTX_4070,12,precision_artifact
convnext_large,224,16,bf16,130.4918975830078,False,NVIDIA_GeForce_RTX_4070,12,
convnext_large,224,16,fp16,129.33888244628906,False,NVIDIA_GeForce_RTX_4070,12,
convnext_large,224,16,fp32,457.94866943359375,False,NVIDIA_GeForce_RTX_4070,12,
convnext_large,224,32,bf16,241.66604614257807,False,NVIDIA_GeForce_RTX_4070,12,
convnext_large,224,32,fp16,241.52114868164065,False,NVIDIA_GeForce_RTX_4070,12,
convnext_large,224,32,fp32,,True,NVIDIA_GeForce_RTX_4070,12,
convnext_large,224,64,bf16,,True,NVIDIA_GeForce_RTX_4070,12,
convnext_large,224,64,fp16,,True,NVIDIA_GeForce_RTX_4070,12,
convnext_large,224,64,fp32,,True,NVIDIA_GeForce_RTX_4070,12,
convnext_small,64,16,bf16,12.53990364074707,False,NVIDIA_GeForce_RTX_4070,12,
convnext_small,64,16,fp16,12.606975555419922,False,NVIDIA_GeForce_RTX_4070,12,
convnext_small,64,16,fp32,18.10585594177246,False,NVIDIA_GeForce_RTX_4070,12,
convnext_small,64,32,bf16,16.29849624633789,False,NVIDIA_GeForce_RTX_4070,12,
convnext_small,64,32,fp16,16.0,False,NVIDIA_GeForce_RTX_4070,12,
convnext_small,64,32,fp32,26.82521629333496,False,NVIDIA_GeForce_RTX_4070,12,
convnext_small,64,64,bf16,22.051328659057617,False,NVIDIA_GeForce_RTX_4070,12,
convnext_small,64,64,fp16,21.82195281982422,False,NVIDIA_GeForce_RTX_4070,12,
convnext_small,64,64,fp32,46.59609603881836,False,NVIDIA_GeForce_RTX_4070,12,
convnext_small,128,16,bf16,21.28947257995605,False,NVIDIA_GeForce_RTX_4070,12,
convnext_small,128,16,fp16,21.1333122253418,False,NVIDIA_GeForce_RTX_4070,12,
convnext_small,128,16,fp32,55.388160705566406,False,NVIDIA_GeForce_RTX_4070,12,
convnext_small,128,32,bf16,33.49043273925781,False,NVIDIA_GeForce_RTX_4070,12,
convnext_small,128,32,fp16,33.195518493652344,False,NVIDIA_GeForce_RTX_4070,12,
convnext_small,128,32,fp32,108.61106872558594,False,NVIDIA_GeForce_RTX_4070,12,
convnext_small,128,64,bf16,58.66035079956055,False,NVIDIA_GeForce_RTX_4070,12,
convnext_small,128,64,fp16,58.4192008972168,False,NVIDIA_GeForce_RTX_4070,12,
convnext_small,128,64,fp32,204.54757690429688,False,NVIDIA_GeForce_RTX_4070,12,
convnext_small,224,16,bf16,45.88236618041992,False,NVIDIA_GeForce_RTX_4070,12,
convnext_small,224,16,fp16,45.90028762817383,False,NVIDIA_GeForce_RTX_4070,12,
convnext_small,224,16,fp32,173.6268768310547,False,NVIDIA_GeForce_RTX_4070,12,
convnext_small,224,32,bf16,84.42316436767578,False,NVIDIA_GeForce_RTX_4070,12,
convnext_small,224,32,fp16,83.85485076904297,False,NVIDIA_GeForce_RTX_4070,12,
convnext_small,224,32,fp32,342.5694580078125,False,NVIDIA_GeForce_RTX_4070,12,
convnext_small,224,64,bf16,171.7340087890625,False,NVIDIA_GeForce_RTX_4070,12,
convnext_small,224,64,fp16,170.78732299804688,False,NVIDIA_GeForce_RTX_4070,12,
convnext_small,224,64,fp32,,True,NVIDIA_GeForce_RTX_4070,12,
convnext_tiny,64,16,bf16,6.927872180938721,False,NVIDIA_GeForce_RTX_4070,12,
convnext_tiny,64,16,fp16,6.9370880126953125,False,NVIDIA_GeForce_RTX_4070,12,
convnext_tiny,64,16,fp32,10.687999725341797,False,NVIDIA_GeForce_RTX_4070,12,
convnext_tiny,64,32,bf16,9.195008277893066,False,NVIDIA_GeForce_RTX_4070,12,
convnext_tiny,64,32,fp16,9.168895721435549,False,NVIDIA_GeForce_RTX_4070,12,
convnext_tiny,64,32,fp32,16.497663497924805,False,NVIDIA_GeForce_RTX_4070,12,
convnext_tiny,64,64,bf16,12.614144325256348,False,NVIDIA_GeForce_RTX_4070,12,
convnext_tiny,64,64,fp16,12.502016067504885,False,NVIDIA_GeForce_RTX_4070,12,
convnext_tiny,64,64,fp32,28.730880737304688,False,NVIDIA_GeForce_RTX_4070,12,
convnext_tiny,128,16,bf16,12.1779203414917,False,NVIDIA_GeForce_RTX_4070,12,
convnext_tiny,128,16,fp16,12.07040023803711,False,NVIDIA_GeForce_RTX_4070,12,
convnext_tiny,128,16,fp32,32.30873489379883,False,NVIDIA_GeForce_RTX_4070,12,
convnext_tiny,128,32,bf16,19.54047966003418,False,NVIDIA_GeForce_RTX_4070,12,
convnext_tiny,128,32,fp16,19.495424270629883,False,NVIDIA_GeForce_RTX_4070,12,
convnext_tiny,128,32,fp32,62.48704147338867,False,NVIDIA_GeForce_RTX_4070,12,
convnext_tiny,128,64,bf16,36.05299377441406,False,NVIDIA_GeForce_RTX_4070,12,
convnext_tiny,128,64,fp16,35.835391998291016,False,NVIDIA_GeForce_RTX_4070,12,
convnext_tiny,128,64,fp32,122.25279998779295,False,NVIDIA_GeForce_RTX_4070,12,
convnext_tiny,224,16,bf16,27.72275161743164,False,NVIDIA_GeForce_RTX_4070,12,
convnext_tiny,224,16,fp16,27.63468742370605,False,NVIDIA_GeForce_RTX_4070,12,
convnext_tiny,224,16,fp32,100.67916870117188,False,NVIDIA_GeForce_RTX_4070,12,
convnext_tiny,224,32,bf16,52.75494384765625,False,NVIDIA_GeForce_RTX_4070,12,
convnext_tiny,224,32,fp16,52.43648147583008,False,NVIDIA_GeForce_RTX_4070,12,
convnext_tiny,224,32,fp32,200.60415649414065,False,NVIDIA_GeForce_RTX_4070,12,
convnext_tiny,224,64,bf16,106.68185424804688,False,NVIDIA_GeForce_RTX_4070,12,
convnext_tiny,224,64,fp16,106.0346908569336,False,NVIDIA_GeForce_RTX_4070,12,
convnext_tiny,224,64,fp32,377.2584838867188,False,NVIDIA_GeForce_RTX_4070,12,
convnextv2_base,64,16,bf16,22.459392547607425,False,NVIDIA_GeForce_RTX_4070,12,
convnextv2_base,64,16,fp16,22.315519332885746,False,NVIDIA_GeForce_RTX_4070,12,
convnextv2_base,64,16,fp32,29.424640655517575,False,NVIDIA_GeForce_RTX_4070,12,
convnextv2_base,64,32,bf16,31.130624771118164,False,NVIDIA_GeForce_RTX_4070,12,
convnextv2_base,64,32,fp16,31.003135681152344,False,NVIDIA_GeForce_RTX_4070,12,
convnextv2_base,64,32,fp32,50.41049575805664,False,NVIDIA_GeForce_RTX_4070,12,
convnextv2_base,64,64,bf16,51.28140640258789,False,NVIDIA_GeForce_RTX_4070,12,
convnextv2_base,64,64,fp16,51.18412780761719,False,NVIDIA_GeForce_RTX_4070,12,
convnextv2_base,64,64,fp32,93.5895004272461,False,NVIDIA_GeForce_RTX_4070,12,
convnextv2_base,128,16,bf16,49.80531311035156,False,NVIDIA_GeForce_RTX_4070,12,
convnextv2_base,128,16,fp16,49.58975982666016,False,NVIDIA_GeForce_RTX_4070,12,
convnextv2_base,128,16,fp32,106.46272277832033,False,NVIDIA_GeForce_RTX_4070,12,
convnextv2_base,128,32,bf16,97.62355041503906,False,NVIDIA_GeForce_RTX_4070,12,
convnextv2_base,128,32,fp16,97.37420654296876,False,NVIDIA_GeForce_RTX_4070,12,
convnextv2_base,128,32,fp32,217.13714599609372,False,NVIDIA_GeForce_RTX_4070,12,
convnextv2_base,128,64,bf16,205.0483245849609,False,NVIDIA_GeForce_RTX_4070,12,
convnextv2_base,128,64,fp16,204.6561279296875,False,NVIDIA_GeForce_RTX_4070,12,
convnextv2_base,128,64,fp32,412.073974609375,False,NVIDIA_GeForce_RTX_4070,12,
convnextv2_base,224,16,bf16,153.10540771484375,False,NVIDIA_GeForce_RTX_4070,12,
convnextv2_base,224,16,fp16,152.94924926757812,False,NVIDIA_GeForce_RTX_4070,12,
convnextv2_base,224,16,fp32,336.20684814453125,False,NVIDIA_GeForce_RTX_4070,12,
convnextv2_base,224,32,bf16,316.0253295898437,False,NVIDIA_GeForce_RTX_4070,12,
convnextv2_base,224,32,fp16,315.49029541015625,False,NVIDIA_GeForce_RTX_4070,12,
convnextv2_base,224,32,fp32,,True,NVIDIA_GeForce_RTX_4070,12,
convnextv2_base,224,64,bf16,,True,NVIDIA_GeForce_RTX_4070,12,
convnextv2_base,224,64,fp16,,True,NVIDIA_GeForce_RTX_4070,12,
convnextv2_base,224,64,fp32,,True,NVIDIA_GeForce_RTX_4070,12,
deit_base_patch16_224,64,16,bf16,16.446975708007812,False,NVIDIA_GeForce_RTX_4070,12,
deit_base_patch16_224,64,16,fp16,16.313343048095703,False,NVIDIA_GeForce_RTX_4070,12,
deit_base_patch16_224,64,16,fp32,22.147584915161133,False,NVIDIA_GeForce_RTX_4070,12,
deit_base_patch16_224,64,32,bf16,20.30387115478516,False,NVIDIA_GeForce_RTX_4070,12,
deit_base_patch16_224,64,32,fp16,20.20403289794922,False,NVIDIA_GeForce_RTX_4070,12,
deit_base_patch16_224,64,32,fp32,32.876033782958984,False,NVIDIA_GeForce_RTX_4070,12,
deit_base_patch16_224,64,64,bf16,27.82771110534668,False,NVIDIA_GeForce_RTX_4070,12,
deit_base_patch16_224,64,64,fp16,27.80620765686035,False,NVIDIA_GeForce_RTX_4070,12,
deit_base_patch16_224,64,64,fp32,53.31916809082031,False,NVIDIA_GeForce_RTX_4070,12,
deit_base_patch16_224,128,16,bf16,26.236928939819336,False,NVIDIA_GeForce_RTX_4070,12,
deit_base_patch16_224,128,16,fp16,26.058752059936523,False,NVIDIA_GeForce_RTX_4070,12,
deit_base_patch16_224,128,16,fp32,53.46867370605469,False,NVIDIA_GeForce_RTX_4070,12,
deit_base_patch16_224,128,32,bf16,39.58323287963867,False,NVIDIA_GeForce_RTX_4070,12,
deit_base_patch16_224,128,32,fp16,39.49107360839844,False,NVIDIA_GeForce_RTX_4070,12,
deit_base_patch16_224,128,32,fp32,91.10221099853516,False,NVIDIA_GeForce_RTX_4070,12,
deit_base_patch16_224,128,64,bf16,69.64838409423828,False,NVIDIA_GeForce_RTX_4070,12,
deit_base_patch16_224,128,64,fp16,69.26284790039062,False,NVIDIA_GeForce_RTX_4070,12,
deit_base_patch16_224,128,64,fp32,174.59507751464844,False,NVIDIA_GeForce_RTX_4070,12,
deit_base_patch16_224,224,16,bf16,54.46246337890625,False,NVIDIA_GeForce_RTX_4070,12,
deit_base_patch16_224,224,16,fp16,54.21772766113281,False,NVIDIA_GeForce_RTX_4070,12,
deit_base_patch16_224,224,16,fp32,141.4835205078125,False,NVIDIA_GeForce_RTX_4070,12,
deit_base_patch16_224,224,32,bf16,102.36978912353516,False,NVIDIA_GeForce_RTX_4070,12,
deit_base_patch16_224,224,32,fp16,102.3825912475586,False,NVIDIA_GeForce_RTX_4070,12,
deit_base_patch16_224,224,32,fp32,274.5011291503906,False,NVIDIA_GeForce_RTX_4070,12,
deit_base_patch16_224,224,64,bf16,198.171142578125,False,NVIDIA_GeForce_RTX_4070,12,
deit_base_patch16_224,224,64,fp16,196.8829498291016,False,NVIDIA_GeForce_RTX_4070,12,
deit_base_patch16_224,224,64,fp32,522.7340698242188,False,NVIDIA_GeForce_RTX_4070,12,
deit_small_patch16_224,64,16,bf16,5.367807865142822,False,NVIDIA_GeForce_RTX_4070,12,
deit_small_patch16_224,64,16,fp16,5.350912094116211,False,NVIDIA_GeForce_RTX_4070,12,
deit_small_patch16_224,64,16,fp32,7.233535766601562,False,NVIDIA_GeForce_RTX_4070,12,
deit_small_patch16_224,64,32,bf16,6.8382720947265625,False,NVIDIA_GeForce_RTX_4070,12,
deit_small_patch16_224,64,32,fp16,6.795263767242432,False,NVIDIA_GeForce_RTX_4070,12,
deit_small_patch16_224,64,32,fp32,10.655232429504396,False,NVIDIA_GeForce_RTX_4070,12,
deit_small_patch16_224,64,64,bf16,9.775615692138672,False,NVIDIA_GeForce_RTX_4070,12,
deit_small_patch16_224,64,64,fp16,9.772543907165527,False,NVIDIA_GeForce_RTX_4070,12,
deit_small_patch16_224,64,64,fp32,16.749055862426758,False,NVIDIA_GeForce_RTX_4070,12,
deit_small_patch16_224,128,16,bf16,9.138175964355469,False,NVIDIA_GeForce_RTX_4070,12,
deit_small_patch16_224,128,16,fp16,9.110527992248535,False,NVIDIA_GeForce_RTX_4070,12,
deit_small_patch16_224,128,16,fp32,17.10950469970703,False,NVIDIA_GeForce_RTX_4070,12,
deit_small_patch16_224,128,32,bf16,13.505023956298828,False,NVIDIA_GeForce_RTX_4070,12,
deit_small_patch16_224,128,32,fp16,13.545472145080566,False,NVIDIA_GeForce_RTX_4070,12,
deit_small_patch16_224,128,32,fp32,29.512704849243164,False,NVIDIA_GeForce_RTX_4070,12,
deit_small_patch16_224,128,64,bf16,22.51201629638672,False,NVIDIA_GeForce_RTX_4070,12,
deit_small_patch16_224,128,64,fp16,22.346752166748047,False,NVIDIA_GeForce_RTX_4070,12,
deit_small_patch16_224,128,64,fp32,53.48966217041016,False,NVIDIA_GeForce_RTX_4070,12,
deit_small_patch16_224,224,16,bf16,18.363391876220703,False,NVIDIA_GeForce_RTX_4070,12,
deit_small_patch16_224,224,16,fp16,18.321407318115234,False,NVIDIA_GeForce_RTX_4070,12,
deit_small_patch16_224,224,16,fp32,45.88441467285156,False,NVIDIA_GeForce_RTX_4070,12,
deit_small_patch16_224,224,32,bf16,33.1228141784668,False,NVIDIA_GeForce_RTX_4070,12,
deit_small_patch16_224,224,32,fp16,32.787967681884766,False,NVIDIA_GeForce_RTX_4070,12,
deit_small_patch16_224,224,32,fp32,86.9560317993164,False,NVIDIA_GeForce_RTX_4070,12,
deit_small_patch16_224,224,64,bf16,66.47551727294922,False,NVIDIA_GeForce_RTX_4070,12,
deit_small_patch16_224,224,64,fp16,65.71878051757812,False,NVIDIA_GeForce_RTX_4070,12,
deit_small_patch16_224,224,64,fp32,177.30303955078125,False,NVIDIA_GeForce_RTX_4070,12,
deit_tiny_patch16_224,64,16,bf16,5.123072147369385,False,NVIDIA_GeForce_RTX_4070,12,
deit_tiny_patch16_224,64,16,fp16,2.61734390258789,False,NVIDIA_GeForce_RTX_4070,12,
deit_tiny_patch16_224,64,16,fp32,3.2532479763031006,False,NVIDIA_GeForce_RTX_4070,12,
deit_tiny_patch16_224,64,32,bf16,3.251199960708618,False,NVIDIA_GeForce_RTX_4070,12,
deit_tiny_patch16_224,64,32,fp16,3.3674240112304688,False,NVIDIA_GeForce_RTX_4070,12,
deit_tiny_patch16_224,64,32,fp32,5.67142391204834,False,NVIDIA_GeForce_RTX_4070,12,
deit_tiny_patch16_224,64,64,bf16,6.270976066589356,False,NVIDIA_GeForce_RTX_4070,12,
deit_tiny_patch16_224,64,64,fp16,4.278783798217773,False,NVIDIA_GeForce_RTX_4070,12,
deit_tiny_patch16_224,64,64,fp32,6.773759841918945,False,NVIDIA_GeForce_RTX_4070,12,
deit_tiny_patch16_224,128,16,bf16,3.977216005325317,False,NVIDIA_GeForce_RTX_4070,12,
deit_tiny_patch16_224,128,16,fp16,3.9592959880828857,False,NVIDIA_GeForce_RTX_4070,12,
deit_tiny_patch16_224,128,16,fp32,8.253952026367188,False,NVIDIA_GeForce_RTX_4070,12,
deit_tiny_patch16_224,128,32,bf16,8.51968002319336,False,NVIDIA_GeForce_RTX_4070,12,
deit_tiny_patch16_224,128,32,fp16,5.8818559646606445,False,NVIDIA_GeForce_RTX_4070,12,
deit_tiny_patch16_224,128,32,fp32,11.55072021484375,False,NVIDIA_GeForce_RTX_4070,12,
deit_tiny_patch16_224,128,64,bf16,9.612799644470217,False,NVIDIA_GeForce_RTX_4070,12,
deit_tiny_patch16_224,128,64,fp16,9.515007972717283,False,NVIDIA_GeForce_RTX_4070,12,
deit_tiny_patch16_224,128,64,fp32,20.883455276489254,False,NVIDIA_GeForce_RTX_4070,12,
deit_tiny_patch16_224,224,16,bf16,7.948800086975098,False,NVIDIA_GeForce_RTX_4070,12,
deit_tiny_patch16_224,224,16,fp16,7.898623943328857,False,NVIDIA_GeForce_RTX_4070,12,
deit_tiny_patch16_224,224,16,fp32,18.496511459350582,False,NVIDIA_GeForce_RTX_4070,12,
deit_tiny_patch16_224,224,32,bf16,13.913087844848633,False,NVIDIA_GeForce_RTX_4070,12,
deit_tiny_patch16_224,224,32,fp16,13.828607559204102,False,NVIDIA_GeForce_RTX_4070,12,
deit_tiny_patch16_224,224,32,fp32,33.80377578735352,False,NVIDIA_GeForce_RTX_4070,12,
deit_tiny_patch16_224,224,64,bf16,25.85958480834961,False,NVIDIA_GeForce_RTX_4070,12,
deit_tiny_patch16_224,224,64,fp16,26.38028717041016,False,NVIDIA_GeForce_RTX_4070,12,
deit_tiny_patch16_224,224,64,fp32,66.69209289550781,False,NVIDIA_GeForce_RTX_4070,12,
densenet121,64,16,bf16,8.422911643981934,False,NVIDIA_GeForce_RTX_4070,12,
densenet121,64,16,fp16,9.800704002380373,False,NVIDIA_GeForce_RTX_4070,12,
densenet121,64,16,fp32,10.383872032165527,False,NVIDIA_GeForce_RTX_4070,12,
densenet121,64,32,bf16,10.94758415222168,False,NVIDIA_GeForce_RTX_4070,12,
densenet121,64,32,fp16,11.455488204956056,False,NVIDIA_GeForce_RTX_4070,12,
densenet121,64,32,fp32,13.30022430419922,False,NVIDIA_GeForce_RTX_4070,12,
densenet121,64,64,bf16,16.697856903076172,False,NVIDIA_GeForce_RTX_4070,12,
densenet121,64,64,fp16,15.981056213378906,False,NVIDIA_GeForce_RTX_4070,12,
densenet121,64,64,fp32,20.247039794921875,False,NVIDIA_GeForce_RTX_4070,12,
densenet121,128,16,bf16,12.43289566040039,False,NVIDIA_GeForce_RTX_4070,12,
densenet121,128,16,fp16,12.13696002960205,False,NVIDIA_GeForce_RTX_4070,12,
densenet121,128,16,fp32,16.58880043029785,False,NVIDIA_GeForce_RTX_4070,12,
densenet121,128,32,bf16,20.279296875,False,NVIDIA_GeForce_RTX_4070,12,
densenet121,128,32,fp16,19.179519653320312,False,NVIDIA_GeForce_RTX_4070,12,
densenet121,128,32,fp32,31.277055740356445,False,NVIDIA_GeForce_RTX_4070,12,
densenet121,128,64,bf16,38.5269775390625,False,NVIDIA_GeForce_RTX_4070,12,
densenet121,128,64,fp16,34.436607360839844,False,NVIDIA_GeForce_RTX_4070,12,
densenet121,128,64,fp32,66.67469024658203,False,NVIDIA_GeForce_RTX_4070,12,
densenet121,224,16,bf16,28.80614471435547,False,NVIDIA_GeForce_RTX_4070,12,
densenet121,224,16,fp16,26.35929679870605,False,NVIDIA_GeForce_RTX_4070,12,
densenet121,224,16,fp32,48.6563835144043,False,NVIDIA_GeForce_RTX_4070,12,
densenet121,224,32,bf16,59.52870559692383,False,NVIDIA_GeForce_RTX_4070,12,
densenet121,224,32,fp16,53.80096054077149,False,NVIDIA_GeForce_RTX_4070,12,
densenet121,224,32,fp32,104.27954864501952,False,NVIDIA_GeForce_RTX_4070,12,
densenet121,224,64,bf16,121.70035552978516,False,NVIDIA_GeForce_RTX_4070,12,
densenet121,224,64,fp16,109.36524963378906,False,NVIDIA_GeForce_RTX_4070,12,
densenet121,224,64,fp32,218.57228088378903,False,NVIDIA_GeForce_RTX_4070,12,
dm_nfnet_f1,64,16,bf16,46.024208068847656,False,NVIDIA_GeForce_RTX_4070,12,
dm_nfnet_f1,64,16,fp16,46.30112075805664,False,NVIDIA_GeForce_RTX_4070,12,
dm_nfnet_f1,64,16,fp32,54.07078552246094,False,NVIDIA_GeForce_RTX_4070,12,
dm_nfnet_f1,64,32,bf16,65.00521850585938,False,NVIDIA_GeForce_RTX_4070,12,
dm_nfnet_f1,64,32,fp16,64.80804443359375,False,NVIDIA_GeForce_RTX_4070,12,
dm_nfnet_f1,64,32,fp32,72.8054428100586,False,NVIDIA_GeForce_RTX_4070,12,
dm_nfnet_f1,64,64,bf16,54.16312026977539,False,NVIDIA_GeForce_RTX_4070,12,
dm_nfnet_f1,64,64,fp16,54.03023910522461,False,NVIDIA_GeForce_RTX_4070,12,
dm_nfnet_f1,64,64,fp32,113.90771484375,False,NVIDIA_GeForce_RTX_4070,12,
dm_nfnet_f1,128,16,bf16,60.53171157836914,False,NVIDIA_GeForce_RTX_4070,12,
dm_nfnet_f1,128,16,fp16,60.86305618286133,False,NVIDIA_GeForce_RTX_4070,12,
dm_nfnet_f1,128,16,fp32,80.93086242675781,False,NVIDIA_GeForce_RTX_4070,12,
dm_nfnet_f1,128,32,bf16,95.6967544555664,False,NVIDIA_GeForce_RTX_4070,12,
dm_nfnet_f1,128,32,fp16,94.8517608642578,False,NVIDIA_GeForce_RTX_4070,12,
dm_nfnet_f1,128,32,fp32,144.3968048095703,False,NVIDIA_GeForce_RTX_4070,12,
dm_nfnet_f1,128,64,bf16,124.69554901123048,False,NVIDIA_GeForce_RTX_4070,12,
dm_nfnet_f1,128,64,fp16,122.90354919433594,False,NVIDIA_GeForce_RTX_4070,12,
dm_nfnet_f1,128,64,fp32,272.71832275390625,False,NVIDIA_GeForce_RTX_4070,12,
dm_nfnet_f1,224,16,bf16,109.92691040039062,False,NVIDIA_GeForce_RTX_4070,12,
dm_nfnet_f1,224,16,fp16,108.9126434326172,False,NVIDIA_GeForce_RTX_4070,12,
dm_nfnet_f1,224,16,fp32,207.1157684326172,False,NVIDIA_GeForce_RTX_4070,12,
dm_nfnet_f1,224,32,bf16,209.5687713623047,False,NVIDIA_GeForce_RTX_4070,12,
dm_nfnet_f1,224,32,fp16,207.7209625244141,False,NVIDIA_GeForce_RTX_4070,12,
dm_nfnet_f1,224,32,fp32,2015.4019775390625,False,NVIDIA_GeForce_RTX_4070,12,precision_artifact
dm_nfnet_f1,224,64,bf16,367.5509643554688,False,NVIDIA_GeForce_RTX_4070,12,
dm_nfnet_f1,224,64,fp16,366.5648498535156,False,NVIDIA_GeForce_RTX_4070,12,
dm_nfnet_f1,224,64,fp32,,True,NVIDIA_GeForce_RTX_4070,12,
efficientnet_b0,64,16,bf16,5.854720115661621,False,NVIDIA_GeForce_RTX_4070,12,
efficientnet_b0,64,16,fp16,6.073344230651856,False,NVIDIA_GeForce_RTX_4070,12,
efficientnet_b0,64,16,fp32,6.121471881866455,False,NVIDIA_GeForce_RTX_4070,12,
efficientnet_b0,64,32,bf16,8.168959617614746,False,NVIDIA_GeForce_RTX_4070,12,
efficientnet_b0,64,32,fp16,7.870463848114014,False,NVIDIA_GeForce_RTX_4070,12,
efficientnet_b0,64,32,fp32,7.820799827575684,False,NVIDIA_GeForce_RTX_4070,12,
efficientnet_b0,64,64,bf16,11.44985580444336,False,NVIDIA_GeForce_RTX_4070,12,
efficientnet_b0,64,64,fp16,10.269184112548828,False,NVIDIA_GeForce_RTX_4070,12,
efficientnet_b0,64,64,fp32,12.003840446472168,False,NVIDIA_GeForce_RTX_4070,12,
efficientnet_b0,128,16,bf16,9.10028839111328,False,NVIDIA_GeForce_RTX_4070,12,
efficientnet_b0,128,16,fp16,8.691200256347656,False,NVIDIA_GeForce_RTX_4070,12,
efficientnet_b0,128,16,fp32,9.391615867614746,False,NVIDIA_GeForce_RTX_4070,12,
efficientnet_b0,128,32,bf16,14.665216445922852,False,NVIDIA_GeForce_RTX_4070,12,
efficientnet_b0,128,32,fp16,12.47590446472168,False,NVIDIA_GeForce_RTX_4070,12,
efficientnet_b0,128,32,fp32,16.880640029907227,False,NVIDIA_GeForce_RTX_4070,12,
efficientnet_b0,128,64,bf16,24.35174369812012,False,NVIDIA_GeForce_RTX_4070,12,
efficientnet_b0,128,64,fp16,19.496448516845703,False,NVIDIA_GeForce_RTX_4070,12,
efficientnet_b0,128,64,fp32,35.03257751464844,False,NVIDIA_GeForce_RTX_4070,12,
efficientnet_b0,224,16,bf16,17.988096237182617,False,NVIDIA_GeForce_RTX_4070,12,
efficientnet_b0,224,16,fp16,13.726207733154297,False,NVIDIA_GeForce_RTX_4070,12,
efficientnet_b0,224,16,fp32,25.654783248901367,False,NVIDIA_GeForce_RTX_4070,12,
efficientnet_b0,224,32,bf16,35.90860748291016,False,NVIDIA_GeForce_RTX_4070,12,
efficientnet_b0,224,32,fp16,27.668479919433597,False,NVIDIA_GeForce_RTX_4070,12,
efficientnet_b0,224,32,fp32,53.2495346069336,False,NVIDIA_GeForce_RTX_4070,12,
efficientnet_b0,224,64,bf16,74.30502319335938,False,NVIDIA_GeForce_RTX_4070,12,
efficientnet_b0,224,64,fp16,57.81196975708008,False,NVIDIA_GeForce_RTX_4070,12,
efficientnet_b0,224,64,fp32,111.9477767944336,False,NVIDIA_GeForce_RTX_4070,12,
efficientnet_b3,64,16,bf16,11.620351791381836,False,NVIDIA_GeForce_RTX_4070,12,
efficientnet_b3,64,16,fp16,10.51088047027588,False,NVIDIA_GeForce_RTX_4070,12,
efficientnet_b3,64,16,fp32,12.725248336791992,False,NVIDIA_GeForce_RTX_4070,12,
efficientnet_b3,64,32,bf16,14.963199615478516,False,NVIDIA_GeForce_RTX_4070,12,
efficientnet_b3,64,32,fp16,13.423616409301758,False,NVIDIA_GeForce_RTX_4070,12,
efficientnet_b3,64,32,fp32,16.256000518798828,False,NVIDIA_GeForce_RTX_4070,12,
efficientnet_b3,64,64,bf16,22.675968170166016,False,NVIDIA_GeForce_RTX_4070,12,
efficientnet_b3,64,64,fp16,19.645952224731445,False,NVIDIA_GeForce_RTX_4070,12,
efficientnet_b3,64,64,fp32,25.579008102416992,False,NVIDIA_GeForce_RTX_4070,12,
efficientnet_b3,128,16,bf16,17.35628890991211,False,NVIDIA_GeForce_RTX_4070,12,
efficientnet_b3,128,16,fp16,14.48755168914795,False,NVIDIA_GeForce_RTX_4070,12,
efficientnet_b3,128,16,fp32,19.333120346069336,False,NVIDIA_GeForce_RTX_4070,12,
efficientnet_b3,128,32,bf16,27.99001693725586,False,NVIDIA_GeForce_RTX_4070,12,
efficientnet_b3,128,32,fp16,22.906879425048828,False,NVIDIA_GeForce_RTX_4070,12,
efficientnet_b3,128,32,fp32,35.26860809326172,False,NVIDIA_GeForce_RTX_4070,12,
efficientnet_b3,128,64,bf16,48.81459045410156,False,NVIDIA_GeForce_RTX_4070,12,
efficientnet_b3,128,64,fp16,38.33907318115234,False,NVIDIA_GeForce_RTX_4070,12,
efficientnet_b3,128,64,fp32,72.11878204345703,False,NVIDIA_GeForce_RTX_4070,12,
efficientnet_b3,224,16,bf16,35.68486404418945,False,NVIDIA_GeForce_RTX_4070,12,
efficientnet_b3,224,16,fp16,26.48371124267578,False,NVIDIA_GeForce_RTX_4070,12,
efficientnet_b3,224,16,fp32,52.265472412109375,False,NVIDIA_GeForce_RTX_4070,12,
efficientnet_b3,224,32,bf16,71.5489273071289,False,NVIDIA_GeForce_RTX_4070,12,
efficientnet_b3,224,32,fp16,54.30579376220703,False,NVIDIA_GeForce_RTX_4070,12,
efficientnet_b3,224,32,fp32,109.06623840332033,False,NVIDIA_GeForce_RTX_4070,12,
efficientnet_b3,224,64,bf16,146.3705596923828,False,NVIDIA_GeForce_RTX_4070,12,
efficientnet_b3,224,64,fp16,112.92518615722656,False,NVIDIA_GeForce_RTX_4070,12,
efficientnet_b3,224,64,fp32,,True,NVIDIA_GeForce_RTX_4070,12,
efficientnet_b5,64,16,bf16,20.758527755737305,False,NVIDIA_GeForce_RTX_4070,12,
efficientnet_b5,64,16,fp16,18.94144058227539,False,NVIDIA_GeForce_RTX_4070,12,
efficientnet_b5,64,16,fp32,23.07428741455078,False,NVIDIA_GeForce_RTX_4070,12,
efficientnet_b5,64,32,bf16,27.750911712646484,False,NVIDIA_GeForce_RTX_4070,12,
efficientnet_b5,64,32,fp16,24.22323226928711,False,NVIDIA_GeForce_RTX_4070,12,
efficientnet_b5,64,32,fp32,32.03532791137695,False,NVIDIA_GeForce_RTX_4070,12,
efficientnet_b5,64,64,bf16,42.0398063659668,False,NVIDIA_GeForce_RTX_4070,12,
efficientnet_b5,64,64,fp16,35.204097747802734,False,NVIDIA_GeForce_RTX_4070,12,
efficientnet_b5,64,64,fp32,50.96345520019531,False,NVIDIA_GeForce_RTX_4070,12,
efficientnet_b5,128,16,bf16,30.35750389099121,False,NVIDIA_GeForce_RTX_4070,12,
efficientnet_b5,128,16,fp16,24.453632354736328,False,NVIDIA_GeForce_RTX_4070,12,
efficientnet_b5,128,16,fp32,37.44307327270508,False,NVIDIA_GeForce_RTX_4070,12,
efficientnet_b5,128,32,bf16,49.330177307128906,False,NVIDIA_GeForce_RTX_4070,12,
efficientnet_b5,128,32,fp16,38.82342529296875,False,NVIDIA_GeForce_RTX_4070,12,
efficientnet_b5,128,32,fp32,68.45747375488281,False,NVIDIA_GeForce_RTX_4070,12,
efficientnet_b5,128,64,bf16,91.89427185058594,False,NVIDIA_GeForce_RTX_4070,12,
efficientnet_b5,128,64,fp16,71.8730239868164,False,NVIDIA_GeForce_RTX_4070,12,
efficientnet_b5,128,64,fp32,139.36282348632812,False,NVIDIA_GeForce_RTX_4070,12,
efficientnet_b5,224,16,bf16,67.2010269165039,False,NVIDIA_GeForce_RTX_4070,12,
efficientnet_b5,224,16,fp16,49.84422302246094,False,NVIDIA_GeForce_RTX_4070,12,
efficientnet_b5,224,16,fp32,99.4524154663086,False,NVIDIA_GeForce_RTX_4070,12,
efficientnet_b5,224,32,bf16,133.5326690673828,False,NVIDIA_GeForce_RTX_4070,12,
efficientnet_b5,224,32,fp16,100.16563415527344,False,NVIDIA_GeForce_RTX_4070,12,
efficientnet_b5,224,32,fp32,,True,NVIDIA_GeForce_RTX_4070,12,
efficientnet_b5,224,64,bf16,,True,NVIDIA_GeForce_RTX_4070,12,
efficientnet_b5,224,64,fp16,,True,NVIDIA_GeForce_RTX_4070,12,
efficientnet_b5,224,64,fp32,,True,NVIDIA_GeForce_RTX_4070,12,
efficientnetv2_l,64,16,bf16,49.271297454833984,False,NVIDIA_GeForce_RTX_4070,12,
efficientnetv2_l,64,16,fp16,47.858177185058594,False,NVIDIA_GeForce_RTX_4070,12,
efficientnetv2_l,64,16,fp32,66.33113861083984,False,NVIDIA_GeForce_RTX_4070,12,
efficientnetv2_l,64,32,bf16,62.00729751586914,False,NVIDIA_GeForce_RTX_4070,12,
efficientnetv2_l,64,32,fp16,58.228736877441406,False,NVIDIA_GeForce_RTX_4070,12,
efficientnetv2_l,64,32,fp32,87.66770935058594,False,NVIDIA_GeForce_RTX_4070,12,
efficientnetv2_l,64,64,bf16,83.57734680175781,False,NVIDIA_GeForce_RTX_4070,12,
efficientnetv2_l,64,64,fp16,74.34393310546875,False,NVIDIA_GeForce_RTX_4070,12,
efficientnetv2_l,64,64,fp32,129.3368377685547,False,NVIDIA_GeForce_RTX_4070,12,
efficientnetv2_l,128,16,bf16,64.50125122070312,False,NVIDIA_GeForce_RTX_4070,12,
efficientnetv2_l,128,16,fp16,59.810302734375,False,NVIDIA_GeForce_RTX_4070,12,
efficientnetv2_l,128,16,fp32,86.32422637939453,False,NVIDIA_GeForce_RTX_4070,12,
efficientnetv2_l,128,32,bf16,95.7834243774414,False,NVIDIA_GeForce_RTX_4070,12,
efficientnetv2_l,128,32,fp16,85.45126342773438,False,NVIDIA_GeForce_RTX_4070,12,
efficientnetv2_l,128,32,fp32,136.24627685546875,False,NVIDIA_GeForce_RTX_4070,12,
efficientnetv2_l,128,64,bf16,161.9261474609375,False,NVIDIA_GeForce_RTX_4070,12,
efficientnetv2_l,128,64,fp16,138.9117431640625,False,NVIDIA_GeForce_RTX_4070,12,
efficientnetv2_l,128,64,fp32,,True,NVIDIA_GeForce_RTX_4070,12,
efficientnetv2_l,224,16,bf16,116.72370910644533,False,NVIDIA_GeForce_RTX_4070,12,
efficientnetv2_l,224,16,fp16,95.41273498535156,False,NVIDIA_GeForce_RTX_4070,12,
efficientnetv2_l,224,16,fp32,1500.703369140625,False,NVIDIA_GeForce_RTX_4070,12,precision_artifact
efficientnetv2_l,224,32,bf16,507.54046630859375,False,NVIDIA_GeForce_RTX_4070,12,precision_artifact
efficientnetv2_l,224,32,fp16,176.2186279296875,False,NVIDIA_GeForce_RTX_4070,12,
efficientnetv2_l,224,32,fp32,,True,NVIDIA_GeForce_RTX_4070,12,
efficientnetv2_l,224,64,bf16,,True,NVIDIA_GeForce_RTX_4070,12,
efficientnetv2_l,224,64,fp16,,True,NVIDIA_GeForce_RTX_4070,12,
efficientnetv2_l,224,64,fp32,,True,NVIDIA_GeForce_RTX_4070,12,
efficientnetv2_m,64,16,bf16,29.510143280029297,False,NVIDIA_GeForce_RTX_4070,12,
efficientnetv2_m,64,16,fp16,27.47750473022461,False,NVIDIA_GeForce_RTX_4070,12,
efficientnetv2_m,64,16,fp32,33.617408752441406,False,NVIDIA_GeForce_RTX_4070,12,
efficientnetv2_m,64,32,bf16,38.02316665649414,False,NVIDIA_GeForce_RTX_4070,12,
efficientnetv2_m,64,32,fp16,34.23078536987305,False,NVIDIA_GeForce_RTX_4070,12,
efficientnetv2_m,64,32,fp32,44.22092819213867,False,NVIDIA_GeForce_RTX_4070,12,
efficientnetv2_m,64,64,bf16,54.01446533203125,False,NVIDIA_GeForce_RTX_4070,12,
efficientnetv2_m,64,64,fp16,45.97657775878906,False,NVIDIA_GeForce_RTX_4070,12,
efficientnetv2_m,64,64,fp32,64.53350067138672,False,NVIDIA_GeForce_RTX_4070,12,
efficientnetv2_m,128,16,bf16,38.50751876831055,False,NVIDIA_GeForce_RTX_4070,12,
efficientnetv2_m,128,16,fp16,34.590206146240234,False,NVIDIA_GeForce_RTX_4070,12,
efficientnetv2_m,128,16,fp32,44.86348724365234,False,NVIDIA_GeForce_RTX_4070,12,
efficientnetv2_m,128,32,bf16,56.24729537963867,False,NVIDIA_GeForce_RTX_4070,12,
efficientnetv2_m,128,32,fp16,48.7454719543457,False,NVIDIA_GeForce_RTX_4070,12,
efficientnetv2_m,128,32,fp32,70.01599884033203,False,NVIDIA_GeForce_RTX_4070,12,
efficientnetv2_m,128,64,bf16,87.604736328125,False,NVIDIA_GeForce_RTX_4070,12,
efficientnetv2_m,128,64,fp16,73.1304931640625,False,NVIDIA_GeForce_RTX_4070,12,
efficientnetv2_m,128,64,fp32,128.39935302734375,False,NVIDIA_GeForce_RTX_4070,12,
efficientnetv2_m,224,16,bf16,65.03884887695312,False,NVIDIA_GeForce_RTX_4070,12,
efficientnetv2_m,224,16,fp16,51.920894622802734,False,NVIDIA_GeForce_RTX_4070,12,
efficientnetv2_m,224,16,fp32,91.15033721923828,False,NVIDIA_GeForce_RTX_4070,12,
efficientnetv2_m,224,32,bf16,117.63814544677734,False,NVIDIA_GeForce_RTX_4070,12,
efficientnetv2_m,224,32,fp16,92.99967956542967,False,NVIDIA_GeForce_RTX_4070,12,
efficientnetv2_m,224,32,fp32,187.6899871826172,False,NVIDIA_GeForce_RTX_4070,12,
efficientnetv2_m,224,64,bf16,238.4911346435547,False,NVIDIA_GeForce_RTX_4070,12,
efficientnetv2_m,224,64,fp16,192.2652130126953,False,NVIDIA_GeForce_RTX_4070,12,
efficientnetv2_m,224,64,fp32,,True,NVIDIA_GeForce_RTX_4070,12,
efficientnetv2_s,64,16,bf16,15.31443214416504,False,NVIDIA_GeForce_RTX_4070,12,
efficientnetv2_s,64,16,fp16,14.782464027404783,False,NVIDIA_GeForce_RTX_4070,12,
efficientnetv2_s,64,16,fp32,16.872447967529297,False,NVIDIA_GeForce_RTX_4070,12,
efficientnetv2_s,64,32,bf16,19.04025650024414,False,NVIDIA_GeForce_RTX_4070,12,
efficientnetv2_s,64,32,fp16,17.641984939575195,False,NVIDIA_GeForce_RTX_4070,12,
efficientnetv2_s,64,32,fp32,21.99500846862793,False,NVIDIA_GeForce_RTX_4070,12,
efficientnetv2_s,64,64,bf16,27.50886344909668,False,NVIDIA_GeForce_RTX_4070,12,
efficientnetv2_s,64,64,fp16,24.876544952392575,False,NVIDIA_GeForce_RTX_4070,12,
efficientnetv2_s,64,64,fp32,31.100927352905277,False,NVIDIA_GeForce_RTX_4070,12,
efficientnetv2_s,128,16,bf16,20.55423927307129,False,NVIDIA_GeForce_RTX_4070,12,
efficientnetv2_s,128,16,fp16,18.28812789916992,False,NVIDIA_GeForce_RTX_4070,12,
efficientnetv2_s,128,16,fp32,24.045568466186523,False,NVIDIA_GeForce_RTX_4070,12,
efficientnetv2_s,128,32,bf16,29.777040481567383,False,NVIDIA_GeForce_RTX_4070,12,
efficientnetv2_s,128,32,fp16,25.359872817993164,False,NVIDIA_GeForce_RTX_4070,12,
efficientnetv2_s,128,32,fp32,37.82144165039063,False,NVIDIA_GeForce_RTX_4070,12,
efficientnetv2_s,128,64,bf16,49.21446228027344,False,NVIDIA_GeForce_RTX_4070,12,
efficientnetv2_s,128,64,fp16,41.064064025878906,False,NVIDIA_GeForce_RTX_4070,12,
efficientnetv2_s,128,64,fp32,69.85472106933594,False,NVIDIA_GeForce_RTX_4070,12,
efficientnetv2_s,224,16,bf16,37.23878479003906,False,NVIDIA_GeForce_RTX_4070,12,
efficientnetv2_s,224,16,fp16,30.011903762817383,False,NVIDIA_GeForce_RTX_4070,12,
efficientnetv2_s,224,16,fp32,51.57939147949219,False,NVIDIA_GeForce_RTX_4070,12,
efficientnetv2_s,224,32,bf16,70.0400619506836,False,NVIDIA_GeForce_RTX_4070,12,
efficientnetv2_s,224,32,fp16,55.99385452270508,False,NVIDIA_GeForce_RTX_4070,12,
efficientnetv2_s,224,32,fp32,104.93746948242188,False,NVIDIA_GeForce_RTX_4070,12,
efficientnetv2_s,224,64,bf16,143.32415771484375,False,NVIDIA_GeForce_RTX_4070,12,
efficientnetv2_s,224,64,fp16,117.5199966430664,False,NVIDIA_GeForce_RTX_4070,12,
efficientnetv2_s,224,64,fp32,,True,NVIDIA_GeForce_RTX_4070,12,
fastvit_t12,64,16,bf16,7.090176105499268,False,NVIDIA_GeForce_RTX_4070,12,
fastvit_t12,64,16,fp16,7.23967981338501,False,NVIDIA_GeForce_RTX_4070,12,
fastvit_t12,64,16,fp32,6.923264026641846,False,NVIDIA_GeForce_RTX_4070,12,
fastvit_t12,64,32,bf16,9.43462371826172,False,NVIDIA_GeForce_RTX_4070,12,
fastvit_t12,64,32,fp16,9.397760391235352,False,NVIDIA_GeForce_RTX_4070,12,
fastvit_t12,64,32,fp32,10.189311981201172,False,NVIDIA_GeForce_RTX_4070,12,
fastvit_t12,64,64,bf16,14.536704063415527,False,NVIDIA_GeForce_RTX_4070,12,
fastvit_t12,64,64,fp16,13.355008125305176,False,NVIDIA_GeForce_RTX_4070,12,
fastvit_t12,64,64,fp32,16.257535934448242,False,NVIDIA_GeForce_RTX_4070,12,
fastvit_t12,128,16,bf16,11.610624313354492,False,NVIDIA_GeForce_RTX_4070,12,
fastvit_t12,128,16,fp16,10.74073600769043,False,NVIDIA_GeForce_RTX_4070,12,
fastvit_t12,128,16,fp32,12.55731201171875,False,NVIDIA_GeForce_RTX_4070,12,
fastvit_t12,128,32,bf16,20.1267204284668,False,NVIDIA_GeForce_RTX_4070,12,
fastvit_t12,128,32,fp16,18.59071922302246,False,NVIDIA_GeForce_RTX_4070,12,
fastvit_t12,128,32,fp32,23.69587135314941,False,NVIDIA_GeForce_RTX_4070,12,
fastvit_t12,128,64,bf16,39.65849685668945,False,NVIDIA_GeForce_RTX_4070,12,
fastvit_t12,128,64,fp16,36.38476943969727,False,NVIDIA_GeForce_RTX_4070,12,
fastvit_t12,128,64,fp32,47.47110366821289,False,NVIDIA_GeForce_RTX_4070,12,
fastvit_t12,224,16,bf16,28.19430351257324,False,NVIDIA_GeForce_RTX_4070,12,
fastvit_t12,224,16,fp16,25.479808807373047,False,NVIDIA_GeForce_RTX_4070,12,
fastvit_t12,224,16,fp32,34.72332763671875,False,NVIDIA_GeForce_RTX_4070,12,
fastvit_t12,224,32,bf16,57.89030456542969,False,NVIDIA_GeForce_RTX_4070,12,
fastvit_t12,224,32,fp16,51.94496154785156,False,NVIDIA_GeForce_RTX_4070,12,
fastvit_t12,224,32,fp32,74.68646240234375,False,NVIDIA_GeForce_RTX_4070,12,
fastvit_t12,224,64,bf16,123.83334350585938,False,NVIDIA_GeForce_RTX_4070,12,
fastvit_t12,224,64,fp16,113.53446197509766,False,NVIDIA_GeForce_RTX_4070,12,
fastvit_t12,224,64,fp32,159.8868408203125,False,NVIDIA_GeForce_RTX_4070,12,
fastvit_t8,64,16,bf16,5.537280082702637,False,NVIDIA_GeForce_RTX_4070,12,
fastvit_t8,64,16,fp16,5.281280040740967,False,NVIDIA_GeForce_RTX_4070,12,
fastvit_t8,64,16,fp32,5.491199970245361,False,NVIDIA_GeForce_RTX_4070,12,
fastvit_t8,64,32,bf16,7.038464069366455,False,NVIDIA_GeForce_RTX_4070,12,
fastvit_t8,64,32,fp16,7.672832012176514,False,NVIDIA_GeForce_RTX_4070,12,
fastvit_t8,64,32,fp32,6.589951992034912,False,NVIDIA_GeForce_RTX_4070,12,
fastvit_t8,64,64,bf16,10.132991790771484,False,NVIDIA_GeForce_RTX_4070,12,
fastvit_t8,64,64,fp16,9.545215606689451,False,NVIDIA_GeForce_RTX_4070,12,
fastvit_t8,64,64,fp32,10.2543363571167,False,NVIDIA_GeForce_RTX_4070,12,
fastvit_t8,128,16,bf16,8.42188835144043,False,NVIDIA_GeForce_RTX_4070,12,
fastvit_t8,128,16,fp16,7.762944221496582,False,NVIDIA_GeForce_RTX_4070,12,
fastvit_t8,128,16,fp32,8.751615524291992,False,NVIDIA_GeForce_RTX_4070,12,
fastvit_t8,128,32,bf16,13.471232414245604,False,NVIDIA_GeForce_RTX_4070,12,
fastvit_t8,128,32,fp16,12.16921615600586,False,NVIDIA_GeForce_RTX_4070,12,
fastvit_t8,128,32,fp32,15.070719718933104,False,NVIDIA_GeForce_RTX_4070,12,
fastvit_t8,128,64,bf16,26.32703971862793,False,NVIDIA_GeForce_RTX_4070,12,
fastvit_t8,128,64,fp16,23.89401626586914,False,NVIDIA_GeForce_RTX_4070,12,
fastvit_t8,128,64,fp32,30.77017593383789,False,NVIDIA_GeForce_RTX_4070,12,
fastvit_t8,224,16,bf16,19.291648864746094,False,NVIDIA_GeForce_RTX_4070,12,
fastvit_t8,224,16,fp16,17.32966423034668,False,NVIDIA_GeForce_RTX_4070,12,
fastvit_t8,224,16,fp32,22.58739280700684,False,NVIDIA_GeForce_RTX_4070,12,
fastvit_t8,224,32,bf16,39.08915328979492,False,NVIDIA_GeForce_RTX_4070,12,
fastvit_t8,224,32,fp16,35.033599853515625,False,NVIDIA_GeForce_RTX_4070,12,
fastvit_t8,224,32,fp32,49.64249420166016,False,NVIDIA_GeForce_RTX_4070,12,
fastvit_t8,224,64,bf16,84.35660552978516,False,NVIDIA_GeForce_RTX_4070,12,
fastvit_t8,224,64,fp16,76.37554931640625,False,NVIDIA_GeForce_RTX_4070,12,
fastvit_t8,224,64,fp32,107.54764556884766,False,NVIDIA_GeForce_RTX_4070,12,
maxvit_tiny_tf_224,64,16,bf16,16.16383934020996,False,NVIDIA_GeForce_RTX_4070,12,
maxvit_tiny_tf_224,64,16,fp16,15.241215705871582,False,NVIDIA_GeForce_RTX_4070,12,
maxvit_tiny_tf_224,64,16,fp32,22.948352813720703,False,NVIDIA_GeForce_RTX_4070,12,
maxvit_tiny_tf_224,64,32,bf16,22.102527618408203,False,NVIDIA_GeForce_RTX_4070,12,
maxvit_tiny_tf_224,64,32,fp16,20.86297607421875,False,NVIDIA_GeForce_RTX_4070,12,
maxvit_tiny_tf_224,64,32,fp32,36.88755035400391,False,NVIDIA_GeForce_RTX_4070,12,
maxvit_tiny_tf_224,64,64,bf16,35.32697677612305,False,NVIDIA_GeForce_RTX_4070,12,
maxvit_tiny_tf_224,64,64,fp16,33.227264404296875,False,NVIDIA_GeForce_RTX_4070,12,
maxvit_tiny_tf_224,64,64,fp32,65.5447006225586,False,NVIDIA_GeForce_RTX_4070,12,
maxvit_tiny_tf_224,128,16,bf16,28.55423927307129,False,NVIDIA_GeForce_RTX_4070,12,
maxvit_tiny_tf_224,128,16,fp16,26.852367401123047,False,NVIDIA_GeForce_RTX_4070,12,
maxvit_tiny_tf_224,128,16,fp32,44.80460739135742,False,NVIDIA_GeForce_RTX_4070,12,
maxvit_tiny_tf_224,128,32,bf16,49.0511360168457,False,NVIDIA_GeForce_RTX_4070,12,
maxvit_tiny_tf_224,128,32,fp16,46.04467010498047,False,NVIDIA_GeForce_RTX_4070,12,
maxvit_tiny_tf_224,128,32,fp32,85.47071838378906,False,NVIDIA_GeForce_RTX_4070,12,
maxvit_tiny_tf_224,128,64,bf16,94.60070037841795,False,NVIDIA_GeForce_RTX_4070,12,
maxvit_tiny_tf_224,128,64,fp16,88.4316177368164,False,NVIDIA_GeForce_RTX_4070,12,
maxvit_tiny_tf_224,128,64,fp32,171.55020141601562,False,NVIDIA_GeForce_RTX_4070,12,
maxvit_tiny_tf_224,224,16,bf16,69.4840316772461,False,NVIDIA_GeForce_RTX_4070,12,
maxvit_tiny_tf_224,224,16,fp16,64.42189025878906,False,NVIDIA_GeForce_RTX_4070,12,
maxvit_tiny_tf_224,224,16,fp32,120.42189025878906,False,NVIDIA_GeForce_RTX_4070,12,
maxvit_tiny_tf_224,224,32,bf16,136.56320190429688,False,NVIDIA_GeForce_RTX_4070,12,
maxvit_tiny_tf_224,224,32,fp16,127.94316864013672,False,NVIDIA_GeForce_RTX_4070,12,
maxvit_tiny_tf_224,224,32,fp32,,True,NVIDIA_GeForce_RTX_4070,12,
maxvit_tiny_tf_224,224,64,bf16,,True,NVIDIA_GeForce_RTX_4070,12,
maxvit_tiny_tf_224,224,64,fp16,,True,NVIDIA_GeForce_RTX_4070,12,
maxvit_tiny_tf_224,224,64,fp32,,True,NVIDIA_GeForce_RTX_4070,12,
mixer_b16_224,64,16,bf16,13.520383834838867,False,NVIDIA_GeForce_RTX_4070,12,
mixer_b16_224,64,16,fp16,13.504511833190918,False,NVIDIA_GeForce_RTX_4070,12,
mixer_b16_224,64,16,fp32,19.116544723510746,False,NVIDIA_GeForce_RTX_4070,12,
mixer_b16_224,64,32,bf16,19.536895751953125,False,NVIDIA_GeForce_RTX_4070,12,
mixer_b16_224,64,32,fp16,19.189760208129883,False,NVIDIA_GeForce_RTX_4070,12,
mixer_b16_224,64,32,fp32,33.59743881225586,False,NVIDIA_GeForce_RTX_4070,12,
mixer_b16_224,64,64,bf16,31.6441593170166,False,NVIDIA_GeForce_RTX_4070,12,
mixer_b16_224,64,64,fp16,31.544832229614254,False,NVIDIA_GeForce_RTX_4070,12,
mixer_b16_224,64,64,fp32,62.74662399291992,False,NVIDIA_GeForce_RTX_4070,12,
mixer_b16_224,128,16,bf16,21.65247917175293,False,NVIDIA_GeForce_RTX_4070,12,
mixer_b16_224,128,16,fp16,21.48863983154297,False,NVIDIA_GeForce_RTX_4070,12,
mixer_b16_224,128,16,fp32,40.19814300537109,False,NVIDIA_GeForce_RTX_4070,12,
mixer_b16_224,128,32,bf16,34.30451202392578,False,NVIDIA_GeForce_RTX_4070,12,
mixer_b16_224,128,32,fp16,34.24051284790039,False,NVIDIA_GeForce_RTX_4070,12,
mixer_b16_224,128,32,fp32,71.55455780029297,False,NVIDIA_GeForce_RTX_4070,12,
mixer_b16_224,128,64,bf16,62.59097671508789,False,NVIDIA_GeForce_RTX_4070,12,
mixer_b16_224,128,64,fp16,62.34009552001953,False,NVIDIA_GeForce_RTX_4070,12,
mixer_b16_224,128,64,fp32,140.02688598632812,False,NVIDIA_GeForce_RTX_4070,12,
mixer_b16_224,224,16,bf16,45.27667236328125,False,NVIDIA_GeForce_RTX_4070,12,
mixer_b16_224,224,16,fp16,44.75596618652344,False,NVIDIA_GeForce_RTX_4070,12,
mixer_b16_224,224,16,fp32,99.8128662109375,False,NVIDIA_GeForce_RTX_4070,12,
mixer_b16_224,224,32,bf16,85.61971282958984,False,NVIDIA_GeForce_RTX_4070,12,
mixer_b16_224,224,32,fp16,85.31763458251953,False,NVIDIA_GeForce_RTX_4070,12,
mixer_b16_224,224,32,fp32,197.40415954589844,False,NVIDIA_GeForce_RTX_4070,12,
mixer_b16_224,224,64,bf16,173.19935607910156,False,NVIDIA_GeForce_RTX_4070,12,
mixer_b16_224,224,64,fp16,172.33766174316406,False,NVIDIA_GeForce_RTX_4070,12,
mixer_b16_224,224,64,fp32,386.3034973144531,False,NVIDIA_GeForce_RTX_4070,12,
mobilenetv2_100,64,16,bf16,4.788735866546631,False,NVIDIA_GeForce_RTX_4070,12,
mobilenetv2_100,64,16,fp16,5.171711921691895,False,NVIDIA_GeForce_RTX_4070,12,
mobilenetv2_100,64,16,fp32,3.4047999382019043,False,NVIDIA_GeForce_RTX_4070,12,
mobilenetv2_100,64,32,bf16,5.185535907745361,False,NVIDIA_GeForce_RTX_4070,12,
mobilenetv2_100,64,32,fp16,4.295167922973633,False,NVIDIA_GeForce_RTX_4070,12,
mobilenetv2_100,64,32,fp32,4.886015892028809,False,NVIDIA_GeForce_RTX_4070,12,
mobilenetv2_100,64,64,bf16,7.715839862823486,False,NVIDIA_GeForce_RTX_4070,12,
mobilenetv2_100,64,64,fp16,6.115839958190918,False,NVIDIA_GeForce_RTX_4070,12,
mobilenetv2_100,64,64,fp32,8.239104270935059,False,NVIDIA_GeForce_RTX_4070,12,
mobilenetv2_100,128,16,bf16,5.836287975311279,False,NVIDIA_GeForce_RTX_4070,12,
mobilenetv2_100,128,16,fp16,4.817920207977295,False,NVIDIA_GeForce_RTX_4070,12,
mobilenetv2_100,128,16,fp32,6.337535858154297,False,NVIDIA_GeForce_RTX_4070,12,
mobilenetv2_100,128,32,bf16,10.391039848327637,False,NVIDIA_GeForce_RTX_4070,12,
mobilenetv2_100,128,32,fp16,8.458239555358887,False,NVIDIA_GeForce_RTX_4070,12,
mobilenetv2_100,128,32,fp32,12.248576164245604,False,NVIDIA_GeForce_RTX_4070,12,
mobilenetv2_100,128,64,bf16,18.293760299682617,False,NVIDIA_GeForce_RTX_4070,12,
mobilenetv2_100,128,64,fp16,14.29145622253418,False,NVIDIA_GeForce_RTX_4070,12,
mobilenetv2_100,128,64,fp32,26.50931167602539,False,NVIDIA_GeForce_RTX_4070,12,
mobilenetv2_100,224,16,bf16,13.370368003845217,False,NVIDIA_GeForce_RTX_4070,12,
mobilenetv2_100,224,16,fp16,10.23027229309082,False,NVIDIA_GeForce_RTX_4070,12,
mobilenetv2_100,224,16,fp32,19.463680267333984,False,NVIDIA_GeForce_RTX_4070,12,
mobilenetv2_100,224,32,bf16,27.86816024780273,False,NVIDIA_GeForce_RTX_4070,12,
mobilenetv2_100,224,32,fp16,21.89414405822754,False,NVIDIA_GeForce_RTX_4070,12,
mobilenetv2_100,224,32,fp32,40.49049758911133,False,NVIDIA_GeForce_RTX_4070,12,
mobilenetv2_100,224,64,bf16,56.58265686035156,False,NVIDIA_GeForce_RTX_4070,12,
mobilenetv2_100,224,64,fp16,44.22553634643555,False,NVIDIA_GeForce_RTX_4070,12,
mobilenetv2_100,224,64,fp32,86.00729370117188,False,NVIDIA_GeForce_RTX_4070,12,
mobilenetv3_large_100,64,16,bf16,4.850175857543945,False,NVIDIA_GeForce_RTX_4070,12,
mobilenetv3_large_100,64,16,fp16,4.40780782699585,False,NVIDIA_GeForce_RTX_4070,12,
mobilenetv3_large_100,64,16,fp32,3.3853440284729004,False,NVIDIA_GeForce_RTX_4070,12,
mobilenetv3_large_100,64,32,bf16,6.088191986083984,False,NVIDIA_GeForce_RTX_4070,12,
mobilenetv3_large_100,64,32,fp16,5.879807949066162,False,NVIDIA_GeForce_RTX_4070,12,
mobilenetv3_large_100,64,32,fp32,4.651519775390625,False,NVIDIA_GeForce_RTX_4070,12,
mobilenetv3_large_100,64,64,bf16,7.7414398193359375,False,NVIDIA_GeForce_RTX_4070,12,
mobilenetv3_large_100,64,64,fp16,7.035903930664063,False,NVIDIA_GeForce_RTX_4070,12,
mobilenetv3_large_100,64,64,fp32,7.3666558265686035,False,NVIDIA_GeForce_RTX_4070,12,
mobilenetv3_large_100,128,16,bf16,6.254591941833496,False,NVIDIA_GeForce_RTX_4070,12,
mobilenetv3_large_100,128,16,fp16,5.987328052520752,False,NVIDIA_GeForce_RTX_4070,12,
mobilenetv3_large_100,128,16,fp32,5.336575984954834,False,NVIDIA_GeForce_RTX_4070,12,
mobilenetv3_large_100,128,32,bf16,10.283007621765137,False,NVIDIA_GeForce_RTX_4070,12,
mobilenetv3_large_100,128,32,fp16,9.819135665893556,False,NVIDIA_GeForce_RTX_4070,12,
mobilenetv3_large_100,128,32,fp32,9.292799949645996,False,NVIDIA_GeForce_RTX_4070,12,
mobilenetv3_large_100,128,64,bf16,14.45580768585205,False,NVIDIA_GeForce_RTX_4070,12,
mobilenetv3_large_100,128,64,fp16,12.073984146118164,False,NVIDIA_GeForce_RTX_4070,12,
mobilenetv3_large_100,128,64,fp32,17.92665672302246,False,NVIDIA_GeForce_RTX_4070,12,
mobilenetv3_large_100,224,16,bf16,11.493887901306152,False,NVIDIA_GeForce_RTX_4070,12,
mobilenetv3_large_100,224,16,fp16,9.42591953277588,False,NVIDIA_GeForce_RTX_4070,12,
mobilenetv3_large_100,224,16,fp32,13.137920379638672,False,NVIDIA_GeForce_RTX_4070,12,
mobilenetv3_large_100,224,32,bf16,21.40006446838379,False,NVIDIA_GeForce_RTX_4070,12,
mobilenetv3_large_100,224,32,fp16,16.59494400024414,False,NVIDIA_GeForce_RTX_4070,12,
mobilenetv3_large_100,224,32,fp32,27.813888549804688,False,NVIDIA_GeForce_RTX_4070,12,
mobilenetv3_large_100,224,64,bf16,41.46432113647461,False,NVIDIA_GeForce_RTX_4070,12,
mobilenetv3_large_100,224,64,fp16,32.20991897583008,False,NVIDIA_GeForce_RTX_4070,12,
mobilenetv3_large_100,224,64,fp32,60.5030403137207,False,NVIDIA_GeForce_RTX_4070,12,
mobilenetv3_small_100,64,16,bf16,2.850303888320923,False,NVIDIA_GeForce_RTX_4070,12,
mobilenetv3_small_100,64,16,fp16,9.744383811950684,False,NVIDIA_GeForce_RTX_4070,12,
mobilenetv3_small_100,64,16,fp32,5.631999969482422,False,NVIDIA_GeForce_RTX_4070,12,
mobilenetv3_small_100,64,32,bf16,3.792896032333374,False,NVIDIA_GeForce_RTX_4070,12,
mobilenetv3_small_100,64,32,fp16,3.383296012878418,False,NVIDIA_GeForce_RTX_4070,12,
mobilenetv3_small_100,64,32,fp32,4.8163838386535645,False,NVIDIA_GeForce_RTX_4070,12,
mobilenetv3_small_100,64,64,bf16,3.9193599224090576,False,NVIDIA_GeForce_RTX_4070,12,
mobilenetv3_small_100,64,64,fp16,6.756864070892334,False,NVIDIA_GeForce_RTX_4070,12,
mobilenetv3_small_100,64,64,fp32,3.49020791053772,False,NVIDIA_GeForce_RTX_4070,12,
mobilenetv3_small_100,128,16,bf16,3.7068800926208496,False,NVIDIA_GeForce_RTX_4070,12,
mobilenetv3_small_100,128,16,fp16,3.152895927429199,False,NVIDIA_GeForce_RTX_4070,12,
mobilenetv3_small_100,128,16,fp32,2.578432083129883,False,NVIDIA_GeForce_RTX_4070,12,
mobilenetv3_small_100,128,32,bf16,5.361663818359375,False,NVIDIA_GeForce_RTX_4070,12,
mobilenetv3_small_100,128,32,fp16,4.465151786804199,False,NVIDIA_GeForce_RTX_4070,12,
mobilenetv3_small_100,128,32,fp32,4.019711971282959,False,NVIDIA_GeForce_RTX_4070,12,
mobilenetv3_small_100,128,64,bf16,7.0456318855285645,False,NVIDIA_GeForce_RTX_4070,12,
mobilenetv3_small_100,128,64,fp16,5.624320030212402,False,NVIDIA_GeForce_RTX_4070,12,
mobilenetv3_small_100,128,64,fp32,6.251520156860352,False,NVIDIA_GeForce_RTX_4070,12,
mobilenetv3_small_100,224,16,bf16,5.659647941589356,False,NVIDIA_GeForce_RTX_4070,12,
mobilenetv3_small_100,224,16,fp16,4.426752090454102,False,NVIDIA_GeForce_RTX_4070,12,
mobilenetv3_small_100,224,16,fp32,4.827648162841797,False,NVIDIA_GeForce_RTX_4070,12,
mobilenetv3_small_100,224,32,bf16,8.994815826416016,False,NVIDIA_GeForce_RTX_4070,12,
mobilenetv3_small_100,224,32,fp16,7.349760055541992,False,NVIDIA_GeForce_RTX_4070,12,
mobilenetv3_small_100,224,32,fp32,9.49350357055664,False,NVIDIA_GeForce_RTX_4070,12,
mobilenetv3_small_100,224,64,bf16,15.28934383392334,False,NVIDIA_GeForce_RTX_4070,12,
mobilenetv3_small_100,224,64,fp16,11.090432167053224,False,NVIDIA_GeForce_RTX_4070,12,
mobilenetv3_small_100,224,64,fp32,19.107839584350582,False,NVIDIA_GeForce_RTX_4070,12,
mobilevit_s,64,16,bf16,5.693439960479736,False,NVIDIA_GeForce_RTX_4070,12,
mobilevit_s,64,16,fp16,8.324095726013184,False,NVIDIA_GeForce_RTX_4070,12,
mobilevit_s,64,16,fp32,5.697535991668701,False,NVIDIA_GeForce_RTX_4070,12,
mobilevit_s,64,32,bf16,7.370240211486816,False,NVIDIA_GeForce_RTX_4070,12,
mobilevit_s,64,32,fp16,7.733759880065918,False,NVIDIA_GeForce_RTX_4070,12,
mobilevit_s,64,32,fp32,9.307647705078123,False,NVIDIA_GeForce_RTX_4070,12,
mobilevit_s,64,64,bf16,11.889151573181152,False,NVIDIA_GeForce_RTX_4070,12,
mobilevit_s,64,64,fp16,11.16160011291504,False,NVIDIA_GeForce_RTX_4070,12,
mobilevit_s,64,64,fp32,16.655359268188477,False,NVIDIA_GeForce_RTX_4070,12,
mobilevit_s,128,16,bf16,9.822208404541016,False,NVIDIA_GeForce_RTX_4070,12,
mobilevit_s,128,16,fp16,9.424384117126465,False,NVIDIA_GeForce_RTX_4070,12,
mobilevit_s,128,16,fp32,13.45945644378662,False,NVIDIA_GeForce_RTX_4070,12,
mobilevit_s,128,32,bf16,17.853439331054688,False,NVIDIA_GeForce_RTX_4070,12,
mobilevit_s,128,32,fp16,15.735296249389648,False,NVIDIA_GeForce_RTX_4070,12,
mobilevit_s,128,32,fp32,28.207616806030277,False,NVIDIA_GeForce_RTX_4070,12,
mobilevit_s,128,64,bf16,36.1262092590332,False,NVIDIA_GeForce_RTX_4070,12,
mobilevit_s,128,64,fp16,31.367679595947266,False,NVIDIA_GeForce_RTX_4070,12,
mobilevit_s,128,64,fp32,59.00543975830078,False,NVIDIA_GeForce_RTX_4070,12,
mobilevit_s,224,16,bf16,28.01766395568848,False,NVIDIA_GeForce_RTX_4070,12,
mobilevit_s,224,16,fp16,24.51046371459961,False,NVIDIA_GeForce_RTX_4070,12,
mobilevit_s,224,16,fp32,47.76038360595703,False,NVIDIA_GeForce_RTX_4070,12,
mobilevit_s,224,32,bf16,57.89952087402344,False,NVIDIA_GeForce_RTX_4070,12,
mobilevit_s,224,32,fp16,50.89587020874024,False,NVIDIA_GeForce_RTX_4070,12,
mobilevit_s,224,32,fp32,97.21102142333984,False,NVIDIA_GeForce_RTX_4070,12,
mobilevit_s,224,64,bf16,114.70182037353516,False,NVIDIA_GeForce_RTX_4070,12,
mobilevit_s,224,64,fp16,101.6104965209961,False,NVIDIA_GeForce_RTX_4070,12,
mobilevit_s,224,64,fp32,197.4466552734375,False,NVIDIA_GeForce_RTX_4070,12,
mobilevit_xs,64,16,bf16,5.539840221405029,False,NVIDIA_GeForce_RTX_4070,12,
mobilevit_xs,64,16,fp16,6.763519763946533,False,NVIDIA_GeForce_RTX_4070,12,
mobilevit_xs,64,16,fp32,4.375040054321289,False,NVIDIA_GeForce_RTX_4070,12,
mobilevit_xs,64,32,bf16,6.260735988616943,False,NVIDIA_GeForce_RTX_4070,12,
mobilevit_xs,64,32,fp16,5.599232196807861,False,NVIDIA_GeForce_RTX_4070,12,
mobilevit_xs,64,32,fp32,6.702591896057129,False,NVIDIA_GeForce_RTX_4070,12,
mobilevit_xs,64,64,bf16,10.380288124084473,False,NVIDIA_GeForce_RTX_4070,12,
mobilevit_xs,64,64,fp16,9.240575790405272,False,NVIDIA_GeForce_RTX_4070,12,
mobilevit_xs,64,64,fp32,12.203007698059082,False,NVIDIA_GeForce_RTX_4070,12,
mobilevit_xs,128,16,bf16,8.451071739196777,False,NVIDIA_GeForce_RTX_4070,12,
mobilevit_xs,128,16,fp16,8.030719757080078,False,NVIDIA_GeForce_RTX_4070,12,
mobilevit_xs,128,16,fp32,10.129471778869627,False,NVIDIA_GeForce_RTX_4070,12,
mobilevit_xs,128,32,bf16,14.765567779541016,False,NVIDIA_GeForce_RTX_4070,12,
mobilevit_xs,128,32,fp16,12.97152042388916,False,NVIDIA_GeForce_RTX_4070,12,
mobilevit_xs,128,32,fp32,21.366783142089844,False,NVIDIA_GeForce_RTX_4070,12,
mobilevit_xs,128,64,bf16,28.48102378845215,False,NVIDIA_GeForce_RTX_4070,12,
mobilevit_xs,128,64,fp16,24.771072387695312,False,NVIDIA_GeForce_RTX_4070,12,
mobilevit_xs,128,64,fp32,44.96537780761719,False,NVIDIA_GeForce_RTX_4070,12,
mobilevit_xs,224,16,bf16,21.426687240600582,False,NVIDIA_GeForce_RTX_4070,12,
mobilevit_xs,224,16,fp16,18.785791397094727,False,NVIDIA_GeForce_RTX_4070,12,
mobilevit_xs,224,16,fp32,37.16403198242188,False,NVIDIA_GeForce_RTX_4070,12,
mobilevit_xs,224,32,bf16,45.48915100097656,False,NVIDIA_GeForce_RTX_4070,12,
mobilevit_xs,224,32,fp16,39.09324645996094,False,NVIDIA_GeForce_RTX_4070,12,
mobilevit_xs,224,32,fp32,76.14463806152344,False,NVIDIA_GeForce_RTX_4070,12,
mobilevit_xs,224,64,bf16,89.6522216796875,False,NVIDIA_GeForce_RTX_4070,12,
mobilevit_xs,224,64,fp16,78.45990753173828,False,NVIDIA_GeForce_RTX_4070,12,
mobilevit_xs,224,64,fp32,153.89337158203125,False,NVIDIA_GeForce_RTX_4070,12,
mobilevit_xxs,64,16,bf16,3.9429121017456055,False,NVIDIA_GeForce_RTX_4070,12,
mobilevit_xxs,64,16,fp16,3.6177918910980233,False,NVIDIA_GeForce_RTX_4070,12,
mobilevit_xxs,64,16,fp32,3.490816116333008,False,NVIDIA_GeForce_RTX_4070,12,
mobilevit_xxs,64,32,bf16,5.455359935760498,False,NVIDIA_GeForce_RTX_4070,12,
mobilevit_xxs,64,32,fp16,4.9443840980529785,False,NVIDIA_GeForce_RTX_4070,12,
mobilevit_xxs,64,32,fp32,5.646848201751709,False,NVIDIA_GeForce_RTX_4070,12,
mobilevit_xxs,64,64,bf16,8.258048057556152,False,NVIDIA_GeForce_RTX_4070,12,
mobilevit_xxs,64,64,fp16,7.3963518142700195,False,NVIDIA_GeForce_RTX_4070,12,
mobilevit_xxs,64,64,fp32,8.1080322265625,False,NVIDIA_GeForce_RTX_4070,12,
mobilevit_xxs,128,16,bf16,6.03545618057251,False,NVIDIA_GeForce_RTX_4070,12,
mobilevit_xxs,128,16,fp16,5.175807952880859,False,NVIDIA_GeForce_RTX_4070,12,
mobilevit_xxs,128,16,fp32,5.496319770812988,False,NVIDIA_GeForce_RTX_4070,12,
mobilevit_xxs,128,32,bf16,8.649215698242188,False,NVIDIA_GeForce_RTX_4070,12,
mobilevit_xxs,128,32,fp16,8.432127952575684,False,NVIDIA_GeForce_RTX_4070,12,
mobilevit_xxs,128,32,fp32,9.659903526306152,False,NVIDIA_GeForce_RTX_4070,12,
mobilevit_xxs,128,64,bf16,14.418944358825684,False,NVIDIA_GeForce_RTX_4070,12,
mobilevit_xxs,128,64,fp16,12.47539234161377,False,NVIDIA_GeForce_RTX_4070,12,
mobilevit_xxs,128,64,fp32,19.11347198486328,False,NVIDIA_GeForce_RTX_4070,12,
mobilevit_xxs,224,16,bf16,11.291647911071776,False,NVIDIA_GeForce_RTX_4070,12,
mobilevit_xxs,224,16,fp16,10.226176261901855,False,NVIDIA_GeForce_RTX_4070,12,
mobilevit_xxs,224,16,fp32,16.970239639282227,False,NVIDIA_GeForce_RTX_4070,12,
mobilevit_xxs,224,32,bf16,22.04774475097656,False,NVIDIA_GeForce_RTX_4070,12,
mobilevit_xxs,224,32,fp16,18.652671813964844,False,NVIDIA_GeForce_RTX_4070,12,
mobilevit_xxs,224,32,fp32,35.11347198486328,False,NVIDIA_GeForce_RTX_4070,12,
mobilevit_xxs,224,64,bf16,43.98387145996094,False,NVIDIA_GeForce_RTX_4070,12,
mobilevit_xxs,224,64,fp16,37.48454284667969,False,NVIDIA_GeForce_RTX_4070,12,
mobilevit_xxs,224,64,fp32,73.35321807861328,False,NVIDIA_GeForce_RTX_4070,12,
mobilevitv2_100,64,16,bf16,5.192704200744629,False,NVIDIA_GeForce_RTX_4070,12,
mobilevitv2_100,64,16,fp16,4.800000190734863,False,NVIDIA_GeForce_RTX_4070,12,
mobilevitv2_100,64,16,fp32,4.893184185028076,False,NVIDIA_GeForce_RTX_4070,12,
mobilevitv2_100,64,32,bf16,6.834688186645508,False,NVIDIA_GeForce_RTX_4070,12,
mobilevitv2_100,64,32,fp16,6.144512176513672,False,NVIDIA_GeForce_RTX_4070,12,
mobilevitv2_100,64,32,fp32,7.403520107269287,False,NVIDIA_GeForce_RTX_4070,12,
mobilevitv2_100,64,64,bf16,10.74841594696045,False,NVIDIA_GeForce_RTX_4070,12,
mobilevitv2_100,64,64,fp16,9.42080020904541,False,NVIDIA_GeForce_RTX_4070,12,
mobilevitv2_100,64,64,fp32,13.713919639587402,False,NVIDIA_GeForce_RTX_4070,12,
mobilevitv2_100,128,16,bf16,9.111040115356444,False,NVIDIA_GeForce_RTX_4070,12,
mobilevitv2_100,128,16,fp16,8.571904182434082,False,NVIDIA_GeForce_RTX_4070,12,
mobilevitv2_100,128,16,fp32,11.164671897888184,False,NVIDIA_GeForce_RTX_4070,12,
mobilevitv2_100,128,32,bf16,16.28825569152832,False,NVIDIA_GeForce_RTX_4070,12,
mobilevitv2_100,128,32,fp16,13.829631805419922,False,NVIDIA_GeForce_RTX_4070,12,
mobilevitv2_100,128,32,fp32,23.140352249145508,False,NVIDIA_GeForce_RTX_4070,12,
mobilevitv2_100,128,64,bf16,33.35116958618164,False,NVIDIA_GeForce_RTX_4070,12,
mobilevitv2_100,128,64,fp16,28.636159896850582,False,NVIDIA_GeForce_RTX_4070,12,
mobilevitv2_100,128,64,fp32,48.487422943115234,False,NVIDIA_GeForce_RTX_4070,12,
mobilevitv2_100,224,16,bf16,25.709056854248047,False,NVIDIA_GeForce_RTX_4070,12,
mobilevitv2_100,224,16,fp16,21.826047897338867,False,NVIDIA_GeForce_RTX_4070,12,
mobilevitv2_100,224,16,fp32,37.34681701660156,False,NVIDIA_GeForce_RTX_4070,12,
mobilevitv2_100,224,32,bf16,52.68172836303711,False,NVIDIA_GeForce_RTX_4070,12,
mobilevitv2_100,224,32,fp16,45.928958892822266,False,NVIDIA_GeForce_RTX_4070,12,
mobilevitv2_100,224,32,fp32,76.25472259521484,False,NVIDIA_GeForce_RTX_4070,12,
mobilevitv2_100,224,64,bf16,105.81145477294922,False,NVIDIA_GeForce_RTX_4070,12,
mobilevitv2_100,224,64,fp16,93.92588806152344,False,NVIDIA_GeForce_RTX_4070,12,
mobilevitv2_100,224,64,fp32,158.56845092773438,False,NVIDIA_GeForce_RTX_4070,12,
nfnet_l0,64,16,bf16,13.865983963012695,False,NVIDIA_GeForce_RTX_4070,12,
nfnet_l0,64,16,fp16,14.124032020568848,False,NVIDIA_GeForce_RTX_4070,12,
nfnet_l0,64,16,fp32,15.138303756713867,False,NVIDIA_GeForce_RTX_4070,12,
nfnet_l0,64,32,bf16,19.576831817626957,False,NVIDIA_GeForce_RTX_4070,12,
nfnet_l0,64,32,fp16,19.555328369140625,False,NVIDIA_GeForce_RTX_4070,12,
nfnet_l0,64,32,fp32,20.741119384765625,False,NVIDIA_GeForce_RTX_4070,12,
nfnet_l0,64,64,bf16,17.81760025024414,False,NVIDIA_GeForce_RTX_4070,12,
nfnet_l0,64,64,fp16,17.518592834472656,False,NVIDIA_GeForce_RTX_4070,12,
nfnet_l0,64,64,fp32,30.77324867248535,False,NVIDIA_GeForce_RTX_4070,12,
nfnet_l0,128,16,bf16,18.22003173828125,False,NVIDIA_GeForce_RTX_4070,12,
nfnet_l0,128,16,fp16,18.52364730834961,False,NVIDIA_GeForce_RTX_4070,12,
nfnet_l0,128,16,fp32,25.762815475463867,False,NVIDIA_GeForce_RTX_4070,12,
nfnet_l0,128,32,bf16,30.13529586791992,False,NVIDIA_GeForce_RTX_4070,12,
nfnet_l0,128,32,fp16,29.67608070373535,False,NVIDIA_GeForce_RTX_4070,12,
nfnet_l0,128,32,fp32,43.868160247802734,False,NVIDIA_GeForce_RTX_4070,12,
nfnet_l0,128,64,bf16,42.149375915527344,False,NVIDIA_GeForce_RTX_4070,12,
nfnet_l0,128,64,fp16,40.687103271484375,False,NVIDIA_GeForce_RTX_4070,12,
nfnet_l0,128,64,fp32,93.29203033447266,False,NVIDIA_GeForce_RTX_4070,12,
nfnet_l0,224,16,bf16,34.228736877441406,False,NVIDIA_GeForce_RTX_4070,12,
nfnet_l0,224,16,fp16,34.01932907104492,False,NVIDIA_GeForce_RTX_4070,12,
nfnet_l0,224,16,fp32,67.22052764892578,False,NVIDIA_GeForce_RTX_4070,12,
nfnet_l0,224,32,bf16,67.94038391113281,False,NVIDIA_GeForce_RTX_4070,12,
nfnet_l0,224,32,fp16,66.69055938720703,False,NVIDIA_GeForce_RTX_4070,12,
nfnet_l0,224,32,fp32,118.97293090820312,False,NVIDIA_GeForce_RTX_4070,12,
nfnet_l0,224,64,bf16,125.7891845703125,False,NVIDIA_GeForce_RTX_4070,12,
nfnet_l0,224,64,fp16,123.65055847167967,False,NVIDIA_GeForce_RTX_4070,12,
nfnet_l0,224,64,fp32,255.89144897460935,False,NVIDIA_GeForce_RTX_4070,12,
pvt_v2_b0,64,16,bf16,3.2030720710754395,False,NVIDIA_GeForce_RTX_4070,12,
pvt_v2_b0,64,16,fp16,3.181567907333374,False,NVIDIA_GeForce_RTX_4070,12,
pvt_v2_b0,64,16,fp32,3.9915521144866943,False,NVIDIA_GeForce_RTX_4070,12,
pvt_v2_b0,64,32,bf16,4.063231945037842,False,NVIDIA_GeForce_RTX_4070,12,
pvt_v2_b0,64,32,fp16,3.916336059570313,False,NVIDIA_GeForce_RTX_4070,12,
pvt_v2_b0,64,32,fp32,5.701632022857666,False,NVIDIA_GeForce_RTX_4070,12,
pvt_v2_b0,64,64,bf16,5.223423957824707,False,NVIDIA_GeForce_RTX_4070,12,
pvt_v2_b0,64,64,fp16,5.853695869445801,False,NVIDIA_GeForce_RTX_4070,12,
pvt_v2_b0,64,64,fp32,9.042431831359863,False,NVIDIA_GeForce_RTX_4070,12,
pvt_v2_b0,128,16,bf16,5.627903938293457,False,NVIDIA_GeForce_RTX_4070,12,
pvt_v2_b0,128,16,fp16,5.463551998138428,False,NVIDIA_GeForce_RTX_4070,12,
pvt_v2_b0,128,16,fp32,7.94316816329956,False,NVIDIA_GeForce_RTX_4070,12,
pvt_v2_b0,128,32,bf16,8.488448143005371,False,NVIDIA_GeForce_RTX_4070,12,
pvt_v2_b0,128,32,fp16,9.0316801071167,False,NVIDIA_GeForce_RTX_4070,12,
pvt_v2_b0,128,32,fp32,12.56447982788086,False,NVIDIA_GeForce_RTX_4070,12,
pvt_v2_b0,128,64,bf16,15.386624336242676,False,NVIDIA_GeForce_RTX_4070,12,
pvt_v2_b0,128,64,fp16,14.772735595703123,False,NVIDIA_GeForce_RTX_4070,12,
pvt_v2_b0,128,64,fp32,24.499711990356445,False,NVIDIA_GeForce_RTX_4070,12,
pvt_v2_b0,224,16,bf16,12.024831771850586,False,NVIDIA_GeForce_RTX_4070,12,
pvt_v2_b0,224,16,fp16,12.063232421875,False,NVIDIA_GeForce_RTX_4070,12,
pvt_v2_b0,224,16,fp32,19.51897621154785,False,NVIDIA_GeForce_RTX_4070,12,
pvt_v2_b0,224,32,bf16,21.426176071166992,False,NVIDIA_GeForce_RTX_4070,12,
pvt_v2_b0,224,32,fp16,20.118528366088867,False,NVIDIA_GeForce_RTX_4070,12,
pvt_v2_b0,224,32,fp32,35.50374221801758,False,NVIDIA_GeForce_RTX_4070,12,
pvt_v2_b0,224,64,bf16,45.7625617980957,False,NVIDIA_GeForce_RTX_4070,12,
pvt_v2_b0,224,64,fp16,42.35417556762695,False,NVIDIA_GeForce_RTX_4070,12,
pvt_v2_b0,224,64,fp32,71.02668762207031,False,NVIDIA_GeForce_RTX_4070,12,
pvt_v2_b2,64,16,bf16,9.120256423950195,False,NVIDIA_GeForce_RTX_4070,12,
pvt_v2_b2,64,16,fp16,9.682944297790527,False,NVIDIA_GeForce_RTX_4070,12,
pvt_v2_b2,64,16,fp32,11.516927719116213,False,NVIDIA_GeForce_RTX_4070,12,
pvt_v2_b2,64,32,bf16,11.082240104675291,False,NVIDIA_GeForce_RTX_4070,12,
pvt_v2_b2,64,32,fp16,11.296768188476562,False,NVIDIA_GeForce_RTX_4070,12,
pvt_v2_b2,64,32,fp32,16.684032440185547,False,NVIDIA_GeForce_RTX_4070,12,
pvt_v2_b2,64,64,bf16,16.452096939086914,False,NVIDIA_GeForce_RTX_4070,12,
pvt_v2_b2,64,64,fp16,16.854015350341797,False,NVIDIA_GeForce_RTX_4070,12,
pvt_v2_b2,64,64,fp32,26.28812789916992,False,NVIDIA_GeForce_RTX_4070,12,
pvt_v2_b2,128,16,bf16,15.286784172058104,False,NVIDIA_GeForce_RTX_4070,12,
pvt_v2_b2,128,16,fp16,15.4137601852417,False,NVIDIA_GeForce_RTX_4070,12,
pvt_v2_b2,128,16,fp32,25.289215087890625,False,NVIDIA_GeForce_RTX_4070,12,
pvt_v2_b2,128,32,bf16,25.27129554748535,False,NVIDIA_GeForce_RTX_4070,12,
pvt_v2_b2,128,32,fp16,25.148927688598636,False,NVIDIA_GeForce_RTX_4070,12,
pvt_v2_b2,128,32,fp32,45.63558578491211,False,NVIDIA_GeForce_RTX_4070,12,
pvt_v2_b2,128,64,bf16,47.03334426879883,False,NVIDIA_GeForce_RTX_4070,12,
pvt_v2_b2,128,64,fp16,46.67647933959961,False,NVIDIA_GeForce_RTX_4070,12,
pvt_v2_b2,128,64,fp32,85.8439712524414,False,NVIDIA_GeForce_RTX_4070,12,
pvt_v2_b2,224,16,bf16,37.33196640014648,False,NVIDIA_GeForce_RTX_4070,12,
pvt_v2_b2,224,16,fp16,36.8460807800293,False,NVIDIA_GeForce_RTX_4070,12,
pvt_v2_b2,224,16,fp32,68.61312103271484,False,NVIDIA_GeForce_RTX_4070,12,
pvt_v2_b2,224,32,bf16,70.53311920166016,False,NVIDIA_GeForce_RTX_4070,12,
pvt_v2_b2,224,32,fp16,69.40108489990234,False,NVIDIA_GeForce_RTX_4070,12,
pvt_v2_b2,224,32,fp32,130.4857635498047,False,NVIDIA_GeForce_RTX_4070,12,
pvt_v2_b2,224,64,bf16,143.88633728027344,False,NVIDIA_GeForce_RTX_4070,12,
pvt_v2_b2,224,64,fp16,140.57626342773438,False,NVIDIA_GeForce_RTX_4070,12,
pvt_v2_b2,224,64,fp32,,True,NVIDIA_GeForce_RTX_4070,12,
pvt_v2_b5,64,16,bf16,25.819744110107425,False,NVIDIA_GeForce_RTX_4070,12,
pvt_v2_b5,64,16,fp16,26.47398376464844,False,NVIDIA_GeForce_RTX_4070,12,
pvt_v2_b5,64,16,fp32,33.5359992980957,False,NVIDIA_GeForce_RTX_4070,12,
pvt_v2_b5,64,32,bf16,31.46291160583496,False,NVIDIA_GeForce_RTX_4070,12,
pvt_v2_b5,64,32,fp16,32.2795524597168,False,NVIDIA_GeForce_RTX_4070,12,
pvt_v2_b5,64,32,fp32,46.1665267944336,False,NVIDIA_GeForce_RTX_4070,12,
pvt_v2_b5,64,64,bf16,44.27212905883789,False,NVIDIA_GeForce_RTX_4070,12,
pvt_v2_b5,64,64,fp16,45.05855941772461,False,NVIDIA_GeForce_RTX_4070,12,
pvt_v2_b5,64,64,fp32,67.109375,False,NVIDIA_GeForce_RTX_4070,12,
pvt_v2_b5,128,16,bf16,38.68057632446289,False,NVIDIA_GeForce_RTX_4070,12,
pvt_v2_b5,128,16,fp16,39.39737701416016,False,NVIDIA_GeForce_RTX_4070,12,
pvt_v2_b5,128,16,fp32,62.67494583129883,False,NVIDIA_GeForce_RTX_4070,12,
pvt_v2_b5,128,32,bf16,57.38854217529297,False,NVIDIA_GeForce_RTX_4070,12,
pvt_v2_b5,128,32,fp16,58.28761672973633,False,NVIDIA_GeForce_RTX_4070,12,
pvt_v2_b5,128,32,fp32,103.12960052490234,False,NVIDIA_GeForce_RTX_4070,12,
pvt_v2_b5,128,64,bf16,98.45555114746094,False,NVIDIA_GeForce_RTX_4070,12,
pvt_v2_b5,128,64,fp16,99.1098861694336,False,NVIDIA_GeForce_RTX_4070,12,
pvt_v2_b5,128,64,fp32,186.5226287841797,False,NVIDIA_GeForce_RTX_4070,12,
pvt_v2_b5,224,16,bf16,80.18431854248047,False,NVIDIA_GeForce_RTX_4070,12,
pvt_v2_b5,224,16,fp16,80.14899444580078,False,NVIDIA_GeForce_RTX_4070,12,
pvt_v2_b5,224,16,fp32,151.86175537109375,False,NVIDIA_GeForce_RTX_4070,12,
pvt_v2_b5,224,32,bf16,142.8905029296875,False,NVIDIA_GeForce_RTX_4070,12,
pvt_v2_b5,224,32,fp16,142.51622009277344,False,NVIDIA_GeForce_RTX_4070,12,
pvt_v2_b5,224,32,fp32,,True,NVIDIA_GeForce_RTX_4070,12,
pvt_v2_b5,224,64,bf16,,True,NVIDIA_GeForce_RTX_4070,12,
pvt_v2_b5,224,64,fp16,,True,NVIDIA_GeForce_RTX_4070,12,
pvt_v2_b5,224,64,fp32,,True,NVIDIA_GeForce_RTX_4070,12,
regnety_032,64,16,bf16,11.734527587890623,False,NVIDIA_GeForce_RTX_4070,12,
regnety_032,64,16,fp16,11.496447563171388,False,NVIDIA_GeForce_RTX_4070,12,
regnety_032,64,16,fp32,13.037440299987791,False,NVIDIA_GeForce_RTX_4070,12,
regnety_032,64,32,bf16,13.532159805297852,False,NVIDIA_GeForce_RTX_4070,12,
regnety_032,64,32,fp16,12.64025592803955,False,NVIDIA_GeForce_RTX_4070,12,
regnety_032,64,32,fp32,18.697359085083008,False,NVIDIA_GeForce_RTX_4070,12,
regnety_032,64,64,bf16,17.923583984375,False,NVIDIA_GeForce_RTX_4070,12,
regnety_032,64,64,fp16,15.796223640441896,False,NVIDIA_GeForce_RTX_4070,12,
regnety_032,64,64,fp32,30.26585578918457,False,NVIDIA_GeForce_RTX_4070,12,
regnety_032,128,16,bf16,15.762944221496582,False,NVIDIA_GeForce_RTX_4070,12,
regnety_032,128,16,fp16,14.384127616882324,False,NVIDIA_GeForce_RTX_4070,12,
regnety_032,128,16,fp32,24.66099166870117,False,NVIDIA_GeForce_RTX_4070,12,
regnety_032,128,32,bf16,24.55398368835449,False,NVIDIA_GeForce_RTX_4070,12,
regnety_032,128,32,fp16,21.693952560424805,False,NVIDIA_GeForce_RTX_4070,12,
regnety_032,128,32,fp32,40.37438583374024,False,NVIDIA_GeForce_RTX_4070,12,
regnety_032,128,64,bf16,43.45087814331055,False,NVIDIA_GeForce_RTX_4070,12,
regnety_032,128,64,fp16,37.186561584472656,False,NVIDIA_GeForce_RTX_4070,12,
regnety_032,128,64,fp32,80.22425842285156,False,NVIDIA_GeForce_RTX_4070,12,
regnety_032,224,16,bf16,34.97267150878906,False,NVIDIA_GeForce_RTX_4070,12,
regnety_032,224,16,fp16,30.24691200256348,False,NVIDIA_GeForce_RTX_4070,12,
regnety_032,224,16,fp32,63.9554557800293,False,NVIDIA_GeForce_RTX_4070,12,
regnety_032,224,32,bf16,64.77362823486328,False,NVIDIA_GeForce_RTX_4070,12,
regnety_032,224,32,fp16,56.4403190612793,False,NVIDIA_GeForce_RTX_4070,12,
regnety_032,224,32,fp32,118.35298919677734,False,NVIDIA_GeForce_RTX_4070,12,
regnety_032,224,64,bf16,134.85055541992188,False,NVIDIA_GeForce_RTX_4070,12,
regnety_032,224,64,fp16,118.74816131591795,False,NVIDIA_GeForce_RTX_4070,12,
regnety_032,224,64,fp32,252.84915161132807,False,NVIDIA_GeForce_RTX_4070,12,
regnety_080,64,16,bf16,18.832895278930664,False,NVIDIA_GeForce_RTX_4070,12,
regnety_080,64,16,fp16,18.400768280029297,False,NVIDIA_GeForce_RTX_4070,12,
regnety_080,64,16,fp32,20.662111282348636,False,NVIDIA_GeForce_RTX_4070,12,
regnety_080,64,32,bf16,26.68134307861328,False,NVIDIA_GeForce_RTX_4070,12,
regnety_080,64,32,fp16,25.5467529296875,False,NVIDIA_GeForce_RTX_4070,12,
regnety_080,64,32,fp32,30.44915199279785,False,NVIDIA_GeForce_RTX_4070,12,
regnety_080,64,64,bf16,40.522239685058594,False,NVIDIA_GeForce_RTX_4070,12,
regnety_080,64,64,fp16,37.896705627441406,False,NVIDIA_GeForce_RTX_4070,12,
regnety_080,64,64,fp32,53.60124969482422,False,NVIDIA_GeForce_RTX_4070,12,
regnety_080,128,16,bf16,25.5231990814209,False,NVIDIA_GeForce_RTX_4070,12,
regnety_080,128,16,fp16,25.01888084411621,False,NVIDIA_GeForce_RTX_4070,12,
regnety_080,128,16,fp32,45.9345932006836,False,NVIDIA_GeForce_RTX_4070,12,
regnety_080,128,32,bf16,43.55481719970703,False,NVIDIA_GeForce_RTX_4070,12,
regnety_080,128,32,fp16,40.75331115722656,False,NVIDIA_GeForce_RTX_4070,12,
regnety_080,128,32,fp32,73.66297912597656,False,NVIDIA_GeForce_RTX_4070,12,
regnety_080,128,64,bf16,66.37773132324219,False,NVIDIA_GeForce_RTX_4070,12,
regnety_080,128,64,fp16,62.08102416992188,False,NVIDIA_GeForce_RTX_4070,12,
regnety_080,128,64,fp32,153.60511779785156,False,NVIDIA_GeForce_RTX_4070,12,
regnety_080,224,16,bf16,51.62035369873047,False,NVIDIA_GeForce_RTX_4070,12,
regnety_080,224,16,fp16,47.96979141235352,False,NVIDIA_GeForce_RTX_4070,12,
regnety_080,224,16,fp32,113.55955505371094,False,NVIDIA_GeForce_RTX_4070,12,
regnety_080,224,32,bf16,106.2278060913086,False,NVIDIA_GeForce_RTX_4070,12,
regnety_080,224,32,fp16,97.5601577758789,False,NVIDIA_GeForce_RTX_4070,12,
regnety_080,224,32,fp32,194.0474853515625,False,NVIDIA_GeForce_RTX_4070,12,
regnety_080,224,64,bf16,216.6149139404297,False,NVIDIA_GeForce_RTX_4070,12,
regnety_080,224,64,fp16,202.2026214599609,False,NVIDIA_GeForce_RTX_4070,12,
regnety_080,224,64,fp32,,True,NVIDIA_GeForce_RTX_4070,12,
regnety_160,64,16,bf16,25.177600860595703,False,NVIDIA_GeForce_RTX_4070,12,
regnety_160,64,16,fp16,23.829504013061523,False,NVIDIA_GeForce_RTX_4070,12,
regnety_160,64,16,fp32,38.72972869873047,False,NVIDIA_GeForce_RTX_4070,12,
regnety_160,64,32,bf16,31.236608505249023,False,NVIDIA_GeForce_RTX_4070,12,
regnety_160,64,32,fp16,28.679168701171875,False,NVIDIA_GeForce_RTX_4070,12,
regnety_160,64,32,fp32,56.78335952758789,False,NVIDIA_GeForce_RTX_4070,12,
regnety_160,64,64,bf16,46.08051300048828,False,NVIDIA_GeForce_RTX_4070,12,
regnety_160,64,64,fp16,42.929664611816406,False,NVIDIA_GeForce_RTX_4070,12,
regnety_160,64,64,fp32,93.59616088867188,False,NVIDIA_GeForce_RTX_4070,12,
regnety_160,128,16,bf16,42.19443130493164,False,NVIDIA_GeForce_RTX_4070,12,
regnety_160,128,16,fp16,41.119232177734375,False,NVIDIA_GeForce_RTX_4070,12,
regnety_160,128,16,fp32,67.49593353271484,False,NVIDIA_GeForce_RTX_4070,12,
regnety_160,128,32,bf16,63.63340759277344,False,NVIDIA_GeForce_RTX_4070,12,
regnety_160,128,32,fp16,60.91007995605469,False,NVIDIA_GeForce_RTX_4070,12,
regnety_160,128,32,fp32,115.17542266845705,False,NVIDIA_GeForce_RTX_4070,12,
regnety_160,128,64,bf16,113.28460693359376,False,NVIDIA_GeForce_RTX_4070,12,
regnety_160,128,64,fp16,107.6336669921875,False,NVIDIA_GeForce_RTX_4070,12,
regnety_160,128,64,fp32,232.87347412109372,False,NVIDIA_GeForce_RTX_4070,12,
regnety_160,224,16,bf16,88.70604705810547,False,NVIDIA_GeForce_RTX_4070,12,
regnety_160,224,16,fp16,85.23571014404297,False,NVIDIA_GeForce_RTX_4070,12,
regnety_160,224,16,fp32,180.84506225585935,False,NVIDIA_GeForce_RTX_4070,12,
regnety_160,224,32,bf16,161.6952362060547,False,NVIDIA_GeForce_RTX_4070,12,
regnety_160,224,32,fp16,154.4330291748047,False,NVIDIA_GeForce_RTX_4070,12,
regnety_160,224,32,fp32,351.50592041015625,False,NVIDIA_GeForce_RTX_4070,12,
regnety_160,224,64,bf16,1675.1846923828125,False,NVIDIA_GeForce_RTX_4070,12,slow_outlier
regnety_160,224,64,fp16,1662.48291015625,False,NVIDIA_GeForce_RTX_4070,12,slow_outlier
regnety_160,224,64,fp32,,True,NVIDIA_GeForce_RTX_4070,12,
regnety_320,64,16,bf16,39.108097076416016,False,NVIDIA_GeForce_RTX_4070,12,
regnety_320,64,16,fp16,37.67870330810547,False,NVIDIA_GeForce_RTX_4070,12,
regnety_320,64,16,fp32,57.23740768432617,False,NVIDIA_GeForce_RTX_4070,12,
regnety_320,64,32,bf16,48.355838775634766,False,NVIDIA_GeForce_RTX_4070,12,
regnety_320,64,32,fp16,45.32377624511719,False,NVIDIA_GeForce_RTX_4070,12,
regnety_320,64,32,fp32,71.75730895996094,False,NVIDIA_GeForce_RTX_4070,12,
regnety_320,64,64,bf16,64.20531463623047,False,NVIDIA_GeForce_RTX_4070,12,
regnety_320,64,64,fp16,60.91519927978516,False,NVIDIA_GeForce_RTX_4070,12,
regnety_320,64,64,fp32,116.980224609375,False,NVIDIA_GeForce_RTX_4070,12,
regnety_320,128,16,bf16,60.89728164672852,False,NVIDIA_GeForce_RTX_4070,12,
regnety_320,128,16,fp16,58.3930892944336,False,NVIDIA_GeForce_RTX_4070,12,
regnety_320,128,16,fp32,90.48331451416016,False,NVIDIA_GeForce_RTX_4070,12,
regnety_320,128,32,bf16,94.72921752929688,False,NVIDIA_GeForce_RTX_4070,12,
regnety_320,128,32,fp16,89.72390747070312,False,NVIDIA_GeForce_RTX_4070,12,
regnety_320,128,32,fp32,165.82144165039062,False,NVIDIA_GeForce_RTX_4070,12,
regnety_320,128,64,bf16,174.56895446777344,False,NVIDIA_GeForce_RTX_4070,12,
regnety_320,128,64,fp16,164.03675842285156,False,NVIDIA_GeForce_RTX_4070,12,
regnety_320,128,64,fp32,315.6725769042969,False,NVIDIA_GeForce_RTX_4070,12,
regnety_320,224,16,bf16,141.17279052734375,False,NVIDIA_GeForce_RTX_4070,12,
regnety_320,224,16,fp16,132.15744018554688,False,NVIDIA_GeForce_RTX_4070,12,
regnety_320,224,16,fp32,249.154052734375,False,NVIDIA_GeForce_RTX_4070,12,
regnety_320,224,32,bf16,267.9552001953125,False,NVIDIA_GeForce_RTX_4070,12,
regnety_320,224,32,fp16,252.8865203857422,False,NVIDIA_GeForce_RTX_4070,12,
regnety_320,224,32,fp32,,True,NVIDIA_GeForce_RTX_4070,12,
regnety_320,224,64,bf16,,True,NVIDIA_GeForce_RTX_4070,12,
regnety_320,224,64,fp16,,True,NVIDIA_GeForce_RTX_4070,12,
regnety_320,224,64,fp32,,True,NVIDIA_GeForce_RTX_4070,12,
repvgg_a2,64,16,bf16,8.967167854309082,False,NVIDIA_GeForce_RTX_4070,12,
repvgg_a2,64,16,fp16,8.739328384399414,False,NVIDIA_GeForce_RTX_4070,12,
repvgg_a2,64,16,fp32,11.511296272277832,False,NVIDIA_GeForce_RTX_4070,12,
repvgg_a2,64,32,bf16,10.648063659667969,False,NVIDIA_GeForce_RTX_4070,12,
repvgg_a2,64,32,fp16,10.148863792419434,False,NVIDIA_GeForce_RTX_4070,12,
repvgg_a2,64,32,fp32,13.44102382659912,False,NVIDIA_GeForce_RTX_4070,12,
repvgg_a2,64,64,bf16,13.955072402954102,False,NVIDIA_GeForce_RTX_4070,12,
repvgg_a2,64,64,fp16,12.96947193145752,False,NVIDIA_GeForce_RTX_4070,12,
repvgg_a2,64,64,fp32,18.452991485595703,False,NVIDIA_GeForce_RTX_4070,12,
repvgg_a2,128,16,bf16,12.985343933105469,False,NVIDIA_GeForce_RTX_4070,12,
repvgg_a2,128,16,fp16,12.405759811401367,False,NVIDIA_GeForce_RTX_4070,12,
repvgg_a2,128,16,fp32,18.499584197998047,False,NVIDIA_GeForce_RTX_4070,12,
repvgg_a2,128,32,bf16,19.18720054626465,False,NVIDIA_GeForce_RTX_4070,12,
repvgg_a2,128,32,fp16,18.262527465820312,False,NVIDIA_GeForce_RTX_4070,12,
repvgg_a2,128,32,fp32,31.396352767944336,False,NVIDIA_GeForce_RTX_4070,12,
repvgg_a2,128,64,bf16,35.12217712402344,False,NVIDIA_GeForce_RTX_4070,12,
repvgg_a2,128,64,fp16,33.073665618896484,False,NVIDIA_GeForce_RTX_4070,12,
repvgg_a2,128,64,fp32,60.60748672485352,False,NVIDIA_GeForce_RTX_4070,12,
repvgg_a2,224,16,bf16,26.11148834228516,False,NVIDIA_GeForce_RTX_4070,12,
repvgg_a2,224,16,fp16,24.481279373168945,False,NVIDIA_GeForce_RTX_4070,12,
repvgg_a2,224,16,fp32,44.51276779174805,False,NVIDIA_GeForce_RTX_4070,12,
repvgg_a2,224,32,bf16,50.30195236206055,False,NVIDIA_GeForce_RTX_4070,12,
repvgg_a2,224,32,fp16,47.27705764770508,False,NVIDIA_GeForce_RTX_4070,12,
repvgg_a2,224,32,fp32,87.01286315917969,False,NVIDIA_GeForce_RTX_4070,12,
repvgg_a2,224,64,bf16,96.63180541992188,False,NVIDIA_GeForce_RTX_4070,12,
repvgg_a2,224,64,fp16,91.76831817626952,False,NVIDIA_GeForce_RTX_4070,12,
repvgg_a2,224,64,fp32,174.3539276123047,False,NVIDIA_GeForce_RTX_4070,12,
resmlp_24_224,64,16,bf16,11.112959861755373,False,NVIDIA_GeForce_RTX_4070,12,
resmlp_24_224,64,16,fp16,10.454527854919434,False,NVIDIA_GeForce_RTX_4070,12,
resmlp_24_224,64,16,fp32,11.112959861755373,False,NVIDIA_GeForce_RTX_4070,12,
resmlp_24_224,64,32,bf16,10.347007751464844,False,NVIDIA_GeForce_RTX_4070,12,
resmlp_24_224,64,32,fp16,10.370559692382812,False,NVIDIA_GeForce_RTX_4070,12,
resmlp_24_224,64,32,fp32,13.99449634552002,False,NVIDIA_GeForce_RTX_4070,12,
resmlp_24_224,64,64,bf16,14.025216102600098,False,NVIDIA_GeForce_RTX_4070,12,
resmlp_24_224,64,64,fp16,13.615103721618652,False,NVIDIA_GeForce_RTX_4070,12,
resmlp_24_224,64,64,fp32,22.00217628479004,False,NVIDIA_GeForce_RTX_4070,12,
resmlp_24_224,128,16,bf16,14.260736465454102,False,NVIDIA_GeForce_RTX_4070,12,
resmlp_24_224,128,16,fp16,14.18291187286377,False,NVIDIA_GeForce_RTX_4070,12,
resmlp_24_224,128,16,fp32,22.41433525085449,False,NVIDIA_GeForce_RTX_4070,12,
resmlp_24_224,128,32,bf16,21.725696563720703,False,NVIDIA_GeForce_RTX_4070,12,
resmlp_24_224,128,32,fp16,21.625343322753903,False,NVIDIA_GeForce_RTX_4070,12,
resmlp_24_224,128,32,fp32,38.720001220703125,False,NVIDIA_GeForce_RTX_4070,12,
resmlp_24_224,128,64,bf16,37.13638305664063,False,NVIDIA_GeForce_RTX_4070,12,
resmlp_24_224,128,64,fp16,36.73497772216797,False,NVIDIA_GeForce_RTX_4070,12,
resmlp_24_224,128,64,fp32,68.88345336914062,False,NVIDIA_GeForce_RTX_4070,12,
resmlp_24_224,224,16,bf16,31.19359970092773,False,NVIDIA_GeForce_RTX_4070,12,
resmlp_24_224,224,16,fp16,30.98265647888184,False,NVIDIA_GeForce_RTX_4070,12,
resmlp_24_224,224,16,fp32,56.46131134033203,False,NVIDIA_GeForce_RTX_4070,12,
resmlp_24_224,224,32,bf16,56.075775146484375,False,NVIDIA_GeForce_RTX_4070,12,
resmlp_24_224,224,32,fp16,55.70816040039063,False,NVIDIA_GeForce_RTX_4070,12,
resmlp_24_224,224,32,fp32,109.7927703857422,False,NVIDIA_GeForce_RTX_4070,12,
resmlp_24_224,224,64,bf16,122.3178253173828,False,NVIDIA_GeForce_RTX_4070,12,
resmlp_24_224,224,64,fp16,121.88262176513672,False,NVIDIA_GeForce_RTX_4070,12,
resmlp_24_224,224,64,fp32,230.63449096679688,False,NVIDIA_GeForce_RTX_4070,12,
resnet101,64,16,bf16,14.164480209350586,False,NVIDIA_GeForce_RTX_4070,12,
resnet101,64,16,fp16,13.706751823425291,False,NVIDIA_GeForce_RTX_4070,12,
resnet101,64,16,fp32,19.63980865478516,False,NVIDIA_GeForce_RTX_4070,12,
resnet101,64,32,bf16,17.597440719604492,False,NVIDIA_GeForce_RTX_4070,12,
resnet101,64,32,fp16,16.42803192138672,False,NVIDIA_GeForce_RTX_4070,12,
resnet101,64,32,fp32,25.42848014831543,False,NVIDIA_GeForce_RTX_4070,12,
resnet101,64,64,bf16,24.250879287719727,False,NVIDIA_GeForce_RTX_4070,12,
resnet101,64,64,fp16,21.346303939819336,False,NVIDIA_GeForce_RTX_4070,12,
resnet101,64,64,fp32,35.37356948852539,False,NVIDIA_GeForce_RTX_4070,12,
resnet101,128,16,bf16,20.99660873413086,False,NVIDIA_GeForce_RTX_4070,12,
resnet101,128,16,fp16,19.78623962402344,False,NVIDIA_GeForce_RTX_4070,12,
resnet101,128,16,fp32,28.06067276000977,False,NVIDIA_GeForce_RTX_4070,12,
resnet101,128,32,bf16,34.25791931152344,False,NVIDIA_GeForce_RTX_4070,12,
resnet101,128,32,fp16,31.418880462646484,False,NVIDIA_GeForce_RTX_4070,12,
resnet101,128,32,fp32,50.59328079223633,False,NVIDIA_GeForce_RTX_4070,12,
resnet101,128,64,bf16,62.494720458984375,False,NVIDIA_GeForce_RTX_4070,12,
resnet101,128,64,fp16,56.826881408691406,False,NVIDIA_GeForce_RTX_4070,12,
resnet101,128,64,fp32,96.84992218017578,False,NVIDIA_GeForce_RTX_4070,12,
resnet101,224,16,bf16,43.35923385620117,False,NVIDIA_GeForce_RTX_4070,12,
resnet101,224,16,fp16,40.74444961547852,False,NVIDIA_GeForce_RTX_4070,12,
resnet101,224,16,fp32,74.68646240234375,False,NVIDIA_GeForce_RTX_4070,12,
resnet101,224,32,bf16,84.22659301757812,False,NVIDIA_GeForce_RTX_4070,12,
resnet101,224,32,fp16,78.41535949707031,False,NVIDIA_GeForce_RTX_4070,12,
resnet101,224,32,fp32,151.55609130859375,False,NVIDIA_GeForce_RTX_4070,12,
resnet101,224,64,bf16,170.1360626220703,False,NVIDIA_GeForce_RTX_4070,12,
resnet101,224,64,fp16,156.05453491210938,False,NVIDIA_GeForce_RTX_4070,12,
resnet101,224,64,fp32,303.9242248535156,False,NVIDIA_GeForce_RTX_4070,12,
resnet152,64,16,bf16,20.422143936157227,False,NVIDIA_GeForce_RTX_4070,12,
resnet152,64,16,fp16,19.65209579467773,False,NVIDIA_GeForce_RTX_4070,12,
resnet152,64,16,fp32,27.96031951904297,False,NVIDIA_GeForce_RTX_4070,12,
resnet152,64,32,bf16,25.204736709594727,False,NVIDIA_GeForce_RTX_4070,12,
resnet152,64,32,fp16,23.27552032470703,False,NVIDIA_GeForce_RTX_4070,12,
resnet152,64,32,fp32,35.96441650390625,False,NVIDIA_GeForce_RTX_4070,12,
resnet152,64,64,bf16,34.707454681396484,False,NVIDIA_GeForce_RTX_4070,12,
resnet152,64,64,fp16,30.6693115234375,False,NVIDIA_GeForce_RTX_4070,12,
resnet152,64,64,fp32,50.036224365234375,False,NVIDIA_GeForce_RTX_4070,12,
resnet152,128,16,bf16,30.190080642700195,False,NVIDIA_GeForce_RTX_4070,12,
resnet152,128,16,fp16,28.326400756835938,False,NVIDIA_GeForce_RTX_4070,12,
resnet152,128,16,fp32,39.278079986572266,False,NVIDIA_GeForce_RTX_4070,12,
resnet152,128,32,bf16,49.38035202026367,False,NVIDIA_GeForce_RTX_4070,12,
resnet152,128,32,fp16,45.24595260620117,False,NVIDIA_GeForce_RTX_4070,12,
resnet152,128,32,fp32,70.40870666503906,False,NVIDIA_GeForce_RTX_4070,12,
resnet152,128,64,bf16,88.4874267578125,False,NVIDIA_GeForce_RTX_4070,12,
resnet152,128,64,fp16,80.57958221435547,False,NVIDIA_GeForce_RTX_4070,12,
resnet152,128,64,fp32,135.51206970214844,False,NVIDIA_GeForce_RTX_4070,12,
resnet152,224,16,bf16,61.338623046875,False,NVIDIA_GeForce_RTX_4070,12,
resnet152,224,16,fp16,57.32198333740234,False,NVIDIA_GeForce_RTX_4070,12,
resnet152,224,16,fp32,104.50176239013672,False,NVIDIA_GeForce_RTX_4070,12,
resnet152,224,32,bf16,118.65599822998048,False,NVIDIA_GeForce_RTX_4070,12,
resnet152,224,32,fp16,109.91462707519533,False,NVIDIA_GeForce_RTX_4070,12,
resnet152,224,32,fp32,212.76824951171875,False,NVIDIA_GeForce_RTX_4070,12,
resnet152,224,64,bf16,237.9842529296875,False,NVIDIA_GeForce_RTX_4070,12,
resnet152,224,64,fp16,218.355712890625,False,NVIDIA_GeForce_RTX_4070,12,
resnet152,224,64,fp32,,True,NVIDIA_GeForce_RTX_4070,12,
resnet18,64,16,bf16,4.784639835357666,False,NVIDIA_GeForce_RTX_4070,12,
resnet18,64,16,fp16,2.9726719856262207,False,NVIDIA_GeForce_RTX_4070,12,
resnet18,64,16,fp32,4.589568138122559,False,NVIDIA_GeForce_RTX_4070,12,
resnet18,64,32,bf16,3.6474881172180176,False,NVIDIA_GeForce_RTX_4070,12,
resnet18,64,32,fp16,3.490816116333008,False,NVIDIA_GeForce_RTX_4070,12,
resnet18,64,32,fp32,7.757823944091797,False,NVIDIA_GeForce_RTX_4070,12,
resnet18,64,64,bf16,4.841983795166016,False,NVIDIA_GeForce_RTX_4070,12,
resnet18,64,64,fp16,4.524032115936279,False,NVIDIA_GeForce_RTX_4070,12,
resnet18,64,64,fp32,6.780928134918213,False,NVIDIA_GeForce_RTX_4070,12,
resnet18,128,16,bf16,4.702208042144775,False,NVIDIA_GeForce_RTX_4070,12,
resnet18,128,16,fp16,4.523007869720459,False,NVIDIA_GeForce_RTX_4070,12,
resnet18,128,16,fp32,5.904384136199951,False,NVIDIA_GeForce_RTX_4070,12,
resnet18,128,32,bf16,7.063551902770996,False,NVIDIA_GeForce_RTX_4070,12,
resnet18,128,32,fp16,6.669312000274658,False,NVIDIA_GeForce_RTX_4070,12,
resnet18,128,32,fp32,10.488832473754885,False,NVIDIA_GeForce_RTX_4070,12,
resnet18,128,64,bf16,12.613120079040527,False,NVIDIA_GeForce_RTX_4070,12,
resnet18,128,64,fp16,12.032511711120604,False,NVIDIA_GeForce_RTX_4070,12,
resnet18,128,64,fp32,19.65056037902832,False,NVIDIA_GeForce_RTX_4070,12,
resnet18,224,16,bf16,10.01523208618164,False,NVIDIA_GeForce_RTX_4070,12,
resnet18,224,16,fp16,9.42131233215332,False,NVIDIA_GeForce_RTX_4070,12,
resnet18,224,16,fp32,15.584768295288086,False,NVIDIA_GeForce_RTX_4070,12,
resnet18,224,32,bf16,18.559999465942383,False,NVIDIA_GeForce_RTX_4070,12,
resnet18,224,32,fp16,17.352191925048828,False,NVIDIA_GeForce_RTX_4070,12,
resnet18,224,32,fp32,30.40153694152832,False,NVIDIA_GeForce_RTX_4070,12,
resnet18,224,64,bf16,38.86336135864258,False,NVIDIA_GeForce_RTX_4070,12,
resnet18,224,64,fp16,34.247169494628906,False,NVIDIA_GeForce_RTX_4070,12,
resnet18,224,64,fp32,62.2371826171875,False,NVIDIA_GeForce_RTX_4070,12,
resnet200,64,16,bf16,24.3635196685791,False,NVIDIA_GeForce_RTX_4070,12,
resnet200,64,16,fp16,23.262720108032227,False,NVIDIA_GeForce_RTX_4070,12,
resnet200,64,16,fp32,32.71833419799805,False,NVIDIA_GeForce_RTX_4070,12,
resnet200,64,32,bf16,30.18342399597168,False,NVIDIA_GeForce_RTX_4070,12,
resnet200,64,32,fp16,27.89888000488281,False,NVIDIA_GeForce_RTX_4070,12,
resnet200,64,32,fp32,42.99929428100586,False,NVIDIA_GeForce_RTX_4070,12,
resnet200,64,64,bf16,43.65209579467773,False,NVIDIA_GeForce_RTX_4070,12,
resnet200,64,64,fp16,38.68928146362305,False,NVIDIA_GeForce_RTX_4070,12,
resnet200,64,64,fp32,61.517822265625,False,NVIDIA_GeForce_RTX_4070,12,
resnet200,128,16,bf16,36.94233703613281,False,NVIDIA_GeForce_RTX_4070,12,
resnet200,128,16,fp16,34.581504821777344,False,NVIDIA_GeForce_RTX_4070,12,
resnet200,128,16,fp32,48.85606384277344,False,NVIDIA_GeForce_RTX_4070,12,
resnet200,128,32,bf16,62.522369384765625,False,NVIDIA_GeForce_RTX_4070,12,
resnet200,128,32,fp16,57.62508773803711,False,NVIDIA_GeForce_RTX_4070,12,
resnet200,128,32,fp32,90.21644592285156,False,NVIDIA_GeForce_RTX_4070,12,
resnet200,128,64,bf16,113.10131072998048,False,NVIDIA_GeForce_RTX_4070,12,
resnet200,128,64,fp16,102.37542724609376,False,NVIDIA_GeForce_RTX_4070,12,
resnet200,128,64,fp32,180.73907470703125,False,NVIDIA_GeForce_RTX_4070,12,
resnet200,224,16,bf16,79.80134582519531,False,NVIDIA_GeForce_RTX_4070,12,
resnet200,224,16,fp16,73.33631896972656,False,NVIDIA_GeForce_RTX_4070,12,
resnet200,224,16,fp32,138.68544006347656,False,NVIDIA_GeForce_RTX_4070,12,
resnet200,224,32,bf16,157.7487335205078,False,NVIDIA_GeForce_RTX_4070,12,
resnet200,224,32,fp16,143.4951629638672,False,NVIDIA_GeForce_RTX_4070,12,
resnet200,224,32,fp32,285.7543640136719,False,NVIDIA_GeForce_RTX_4070,12,
resnet200,224,64,bf16,321.77203369140625,False,NVIDIA_GeForce_RTX_4070,12,
resnet200,224,64,fp16,292.5665283203125,False,NVIDIA_GeForce_RTX_4070,12,
resnet200,224,64,fp32,,True,NVIDIA_GeForce_RTX_4070,12,
resnet50,64,16,bf16,7.559167861938477,False,NVIDIA_GeForce_RTX_4070,12,
resnet50,64,16,fp16,6.998528003692627,False,NVIDIA_GeForce_RTX_4070,12,
resnet50,64,16,fp32,10.695167541503906,False,NVIDIA_GeForce_RTX_4070,12,
resnet50,64,32,bf16,9.389056205749512,False,NVIDIA_GeForce_RTX_4070,12,
resnet50,64,32,fp16,8.724479675292969,False,NVIDIA_GeForce_RTX_4070,12,
resnet50,64,32,fp32,13.70521640777588,False,NVIDIA_GeForce_RTX_4070,12,
resnet50,64,64,bf16,13.312512397766112,False,NVIDIA_GeForce_RTX_4070,12,
resnet50,64,64,fp16,11.998208045959473,False,NVIDIA_GeForce_RTX_4070,12,
resnet50,64,64,fp32,19.83283233642578,False,NVIDIA_GeForce_RTX_4070,12,
resnet50,128,16,bf16,11.446784019470217,False,NVIDIA_GeForce_RTX_4070,12,
resnet50,128,16,fp16,10.702848434448242,False,NVIDIA_GeForce_RTX_4070,12,
resnet50,128,16,fp32,16.40447998046875,False,NVIDIA_GeForce_RTX_4070,12,
resnet50,128,32,bf16,19.14022445678711,False,NVIDIA_GeForce_RTX_4070,12,
resnet50,128,32,fp16,17.71366310119629,False,NVIDIA_GeForce_RTX_4070,12,
resnet50,128,32,fp32,30.29862403869629,False,NVIDIA_GeForce_RTX_4070,12,
resnet50,128,64,bf16,36.1789436340332,False,NVIDIA_GeForce_RTX_4070,12,
resnet50,128,64,fp16,32.92057418823242,False,NVIDIA_GeForce_RTX_4070,12,
resnet50,128,64,fp32,61.31967926025391,False,NVIDIA_GeForce_RTX_4070,12,
resnet50,224,16,bf16,26.241024017333984,False,NVIDIA_GeForce_RTX_4070,12,
resnet50,224,16,fp16,24.02867126464844,False,NVIDIA_GeForce_RTX_4070,12,
resnet50,224,16,fp32,46.2110710144043,False,NVIDIA_GeForce_RTX_4070,12,
resnet50,224,32,bf16,52.58598327636719,False,NVIDIA_GeForce_RTX_4070,12,
resnet50,224,32,fp16,48.56729507446289,False,NVIDIA_GeForce_RTX_4070,12,
resnet50,224,32,fp32,94.78912353515624,False,NVIDIA_GeForce_RTX_4070,12,
resnet50,224,64,bf16,108.54450988769533,False,NVIDIA_GeForce_RTX_4070,12,
resnet50,224,64,fp16,98.46578979492188,False,NVIDIA_GeForce_RTX_4070,12,
resnet50,224,64,fp32,191.9298553466797,False,NVIDIA_GeForce_RTX_4070,12,
resnext101_64x4d,64,16,bf16,23.026687622070312,False,NVIDIA_GeForce_RTX_4070,12,
resnext101_64x4d,64,16,fp16,22.58278465270996,False,NVIDIA_GeForce_RTX_4070,12,
resnext101_64x4d,64,16,fp32,37.97401428222656,False,NVIDIA_GeForce_RTX_4070,12,
resnext101_64x4d,64,32,bf16,29.7077751159668,False,NVIDIA_GeForce_RTX_4070,12,
resnext101_64x4d,64,32,fp16,28.04940795898437,False,NVIDIA_GeForce_RTX_4070,12,
resnext101_64x4d,64,32,fp32,59.77036666870117,False,NVIDIA_GeForce_RTX_4070,12,
resnext101_64x4d,64,64,bf16,42.74739074707031,False,NVIDIA_GeForce_RTX_4070,12,
resnext101_64x4d,64,64,fp16,38.588417053222656,False,NVIDIA_GeForce_RTX_4070,12,
resnext101_64x4d,64,64,fp32,97.55699157714844,False,NVIDIA_GeForce_RTX_4070,12,
resnext101_64x4d,128,16,bf16,34.85286331176758,False,NVIDIA_GeForce_RTX_4070,12,
resnext101_64x4d,128,16,fp16,33.298431396484375,False,NVIDIA_GeForce_RTX_4070,12,
resnext101_64x4d,128,16,fp32,74.30655670166016,False,NVIDIA_GeForce_RTX_4070,12,
resnext101_64x4d,128,32,bf16,56.7720947265625,False,NVIDIA_GeForce_RTX_4070,12,
resnext101_64x4d,128,32,fp16,53.19065475463867,False,NVIDIA_GeForce_RTX_4070,12,
resnext101_64x4d,128,32,fp32,128.6261749267578,False,NVIDIA_GeForce_RTX_4070,12,
resnext101_64x4d,128,64,bf16,109.17529296875,False,NVIDIA_GeForce_RTX_4070,12,
resnext101_64x4d,128,64,fp16,99.9101791381836,False,NVIDIA_GeForce_RTX_4070,12,
resnext101_64x4d,128,64,fp32,281.51910400390625,False,NVIDIA_GeForce_RTX_4070,12,
resnext101_64x4d,224,16,bf16,84.45491027832031,False,NVIDIA_GeForce_RTX_4070,12,
resnext101_64x4d,224,16,fp16,79.21356964111328,False,NVIDIA_GeForce_RTX_4070,12,
resnext101_64x4d,224,16,fp32,191.1372833251953,False,NVIDIA_GeForce_RTX_4070,12,
resnext101_64x4d,224,32,bf16,170.72178649902344,False,NVIDIA_GeForce_RTX_4070,12,
resnext101_64x4d,224,32,fp16,160.1095733642578,False,NVIDIA_GeForce_RTX_4070,12,
resnext101_64x4d,224,32,fp32,682.4556884765625,False,NVIDIA_GeForce_RTX_4070,12,
resnext101_64x4d,224,64,bf16,663.910888671875,False,NVIDIA_GeForce_RTX_4070,12,
resnext101_64x4d,224,64,fp16,667.1651611328125,False,NVIDIA_GeForce_RTX_4070,12,
resnext101_64x4d,224,64,fp32,,True,NVIDIA_GeForce_RTX_4070,12,
resnext50_32x4d,64,16,bf16,8.328703880310059,False,NVIDIA_GeForce_RTX_4070,12,
resnext50_32x4d,64,16,fp16,8.361984252929688,False,NVIDIA_GeForce_RTX_4070,12,
resnext50_32x4d,64,16,fp32,11.798527717590332,False,NVIDIA_GeForce_RTX_4070,12,
resnext50_32x4d,64,32,bf16,11.73043155670166,False,NVIDIA_GeForce_RTX_4070,12,
resnext50_32x4d,64,32,fp16,11.152383804321287,False,NVIDIA_GeForce_RTX_4070,12,
resnext50_32x4d,64,32,fp32,18.12735939025879,False,NVIDIA_GeForce_RTX_4070,12,
resnext50_32x4d,64,64,bf16,19.385343551635746,False,NVIDIA_GeForce_RTX_4070,12,
resnext50_32x4d,64,64,fp16,17.694719314575195,False,NVIDIA_GeForce_RTX_4070,12,
resnext50_32x4d,64,64,fp32,28.282367706298828,False,NVIDIA_GeForce_RTX_4070,12,
resnext50_32x4d,128,16,bf16,13.023743629455566,False,NVIDIA_GeForce_RTX_4070,12,
resnext50_32x4d,128,16,fp16,12.378623962402344,False,NVIDIA_GeForce_RTX_4070,12,
resnext50_32x4d,128,16,fp32,22.20697593688965,False,NVIDIA_GeForce_RTX_4070,12,
resnext50_32x4d,128,32,bf16,22.23513603210449,False,NVIDIA_GeForce_RTX_4070,12,
resnext50_32x4d,128,32,fp16,20.795391082763672,False,NVIDIA_GeForce_RTX_4070,12,
resnext50_32x4d,128,32,fp32,41.57593536376953,False,NVIDIA_GeForce_RTX_4070,12,
resnext50_32x4d,128,64,bf16,44.8798713684082,False,NVIDIA_GeForce_RTX_4070,12,
resnext50_32x4d,128,64,fp16,41.03014373779297,False,NVIDIA_GeForce_RTX_4070,12,
resnext50_32x4d,128,64,fp32,88.02355194091797,False,NVIDIA_GeForce_RTX_4070,12,
resnext50_32x4d,224,16,bf16,30.752256393432617,False,NVIDIA_GeForce_RTX_4070,12,
resnext50_32x4d,224,16,fp16,28.27110481262207,False,NVIDIA_GeForce_RTX_4070,12,
resnext50_32x4d,224,16,fp32,66.36185455322266,False,NVIDIA_GeForce_RTX_4070,12,
resnext50_32x4d,224,32,bf16,64.81254577636719,False,NVIDIA_GeForce_RTX_4070,12,
resnext50_32x4d,224,32,fp16,60.0186882019043,False,NVIDIA_GeForce_RTX_4070,12,
resnext50_32x4d,224,32,fp32,130.02496337890625,False,NVIDIA_GeForce_RTX_4070,12,
resnext50_32x4d,224,64,bf16,134.70156860351562,False,NVIDIA_GeForce_RTX_4070,12,
resnext50_32x4d,224,64,fp16,123.8988800048828,False,NVIDIA_GeForce_RTX_4070,12,
resnext50_32x4d,224,64,fp32,261.03192138671875,False,NVIDIA_GeForce_RTX_4070,12,
swin_base_patch4_window7_224,64,16,bf16,19.85433578491211,False,NVIDIA_GeForce_RTX_4070,12,
swin_base_patch4_window7_224,64,16,fp16,19.87071990966797,False,NVIDIA_GeForce_RTX_4070,12,
swin_base_patch4_window7_224,64,16,fp32,26.473472595214844,False,NVIDIA_GeForce_RTX_4070,12,
swin_base_patch4_window7_224,64,32,bf16,25.48070335388184,False,NVIDIA_GeForce_RTX_4070,12,
swin_base_patch4_window7_224,64,32,fp16,25.180160522460938,False,NVIDIA_GeForce_RTX_4070,12,
swin_base_patch4_window7_224,64,32,fp32,41.09056091308594,False,NVIDIA_GeForce_RTX_4070,12,
swin_base_patch4_window7_224,64,64,bf16,36.953086853027344,False,NVIDIA_GeForce_RTX_4070,12,
swin_base_patch4_window7_224,64,64,fp16,36.47283172607422,False,NVIDIA_GeForce_RTX_4070,12,
swin_base_patch4_window7_224,64,64,fp32,70.86131286621094,False,NVIDIA_GeForce_RTX_4070,12,
swin_base_patch4_window7_224,128,16,bf16,47.04972839355469,False,NVIDIA_GeForce_RTX_4070,12,
swin_base_patch4_window7_224,128,16,fp16,46.33087921142578,False,NVIDIA_GeForce_RTX_4070,12,
swin_base_patch4_window7_224,128,16,fp32,93.56134033203124,False,NVIDIA_GeForce_RTX_4070,12,
swin_base_patch4_window7_224,128,32,bf16,83.6843490600586,False,NVIDIA_GeForce_RTX_4070,12,
swin_base_patch4_window7_224,128,32,fp16,82.029052734375,False,NVIDIA_GeForce_RTX_4070,12,
swin_base_patch4_window7_224,128,32,fp32,178.845703125,False,NVIDIA_GeForce_RTX_4070,12,
swin_base_patch4_window7_224,128,64,bf16,175.7849578857422,False,NVIDIA_GeForce_RTX_4070,12,
swin_base_patch4_window7_224,128,64,fp16,172.30540466308594,False,NVIDIA_GeForce_RTX_4070,12,
swin_base_patch4_window7_224,128,64,fp32,356.9520568847656,False,NVIDIA_GeForce_RTX_4070,12,
swin_base_patch4_window7_224,224,16,bf16,80.54886627197266,False,NVIDIA_GeForce_RTX_4070,12,
swin_base_patch4_window7_224,224,16,fp16,79.03231811523438,False,NVIDIA_GeForce_RTX_4070,12,
swin_base_patch4_window7_224,224,16,fp32,166.85568237304688,False,NVIDIA_GeForce_RTX_4070,12,
swin_base_patch4_window7_224,224,32,bf16,156.1912384033203,False,NVIDIA_GeForce_RTX_4070,12,
swin_base_patch4_window7_224,224,32,fp16,153.01376342773438,False,NVIDIA_GeForce_RTX_4070,12,
swin_base_patch4_window7_224,224,32,fp32,326.2996520996094,False,NVIDIA_GeForce_RTX_4070,12,
swin_base_patch4_window7_224,224,64,bf16,,True,NVIDIA_GeForce_RTX_4070,12,
swin_base_patch4_window7_224,224,64,fp16,,True,NVIDIA_GeForce_RTX_4070,12,
swin_base_patch4_window7_224,224,64,fp32,,True,NVIDIA_GeForce_RTX_4070,12,
swin_tiny_patch4_window7_224,64,16,bf16,8.724479675292969,False,NVIDIA_GeForce_RTX_4070,12,
swin_tiny_patch4_window7_224,64,16,fp16,8.002559661865234,False,NVIDIA_GeForce_RTX_4070,12,
swin_tiny_patch4_window7_224,64,16,fp32,11.04588794708252,False,NVIDIA_GeForce_RTX_4070,12,
swin_tiny_patch4_window7_224,64,32,bf16,10.777088165283203,False,NVIDIA_GeForce_RTX_4070,12,
swin_tiny_patch4_window7_224,64,32,fp16,11.26144027709961,False,NVIDIA_GeForce_RTX_4070,12,
swin_tiny_patch4_window7_224,64,32,fp32,16.815616607666016,False,NVIDIA_GeForce_RTX_4070,12,
swin_tiny_patch4_window7_224,64,64,bf16,15.862272262573242,False,NVIDIA_GeForce_RTX_4070,12,
swin_tiny_patch4_window7_224,64,64,fp16,15.713791847229004,False,NVIDIA_GeForce_RTX_4070,12,
swin_tiny_patch4_window7_224,64,64,fp32,29.346303939819336,False,NVIDIA_GeForce_RTX_4070,12,
swin_tiny_patch4_window7_224,128,16,bf16,17.334272384643555,False,NVIDIA_GeForce_RTX_4070,12,
swin_tiny_patch4_window7_224,128,16,fp16,16.749055862426758,False,NVIDIA_GeForce_RTX_4070,12,
swin_tiny_patch4_window7_224,128,16,fp32,31.52332878112793,False,NVIDIA_GeForce_RTX_4070,12,
swin_tiny_patch4_window7_224,128,32,bf16,29.901824951171875,False,NVIDIA_GeForce_RTX_4070,12,
swin_tiny_patch4_window7_224,128,32,fp16,29.400575637817383,False,NVIDIA_GeForce_RTX_4070,12,
swin_tiny_patch4_window7_224,128,32,fp32,60.53734588623047,False,NVIDIA_GeForce_RTX_4070,12,
swin_tiny_patch4_window7_224,128,64,bf16,62.90227127075195,False,NVIDIA_GeForce_RTX_4070,12,
swin_tiny_patch4_window7_224,128,64,fp16,61.73849487304688,False,NVIDIA_GeForce_RTX_4070,12,
swin_tiny_patch4_window7_224,128,64,fp32,122.13760375976562,False,NVIDIA_GeForce_RTX_4070,12,
swin_tiny_patch4_window7_224,224,16,bf16,33.170433044433594,False,NVIDIA_GeForce_RTX_4070,12,
swin_tiny_patch4_window7_224,224,16,fp16,32.8616943359375,False,NVIDIA_GeForce_RTX_4070,12,
swin_tiny_patch4_window7_224,224,16,fp32,63.82592010498047,False,NVIDIA_GeForce_RTX_4070,12,
swin_tiny_patch4_window7_224,224,32,bf16,66.96558380126953,False,NVIDIA_GeForce_RTX_4070,12,
swin_tiny_patch4_window7_224,224,32,fp16,65.97017669677734,False,NVIDIA_GeForce_RTX_4070,12,
swin_tiny_patch4_window7_224,224,32,fp32,127.73375701904295,False,NVIDIA_GeForce_RTX_4070,12,
swin_tiny_patch4_window7_224,224,64,bf16,139.87686157226562,False,NVIDIA_GeForce_RTX_4070,12,
swin_tiny_patch4_window7_224,224,64,fp16,137.6143341064453,False,NVIDIA_GeForce_RTX_4070,12,
swin_tiny_patch4_window7_224,224,64,fp32,258.9731750488281,False,NVIDIA_GeForce_RTX_4070,12,
swinv2_cr_tiny_ns_224,64,16,bf16,9.351167678833008,False,NVIDIA_GeForce_RTX_4070,12,
swinv2_cr_tiny_ns_224,64,16,fp16,9.30457592010498,False,NVIDIA_GeForce_RTX_4070,12,
swinv2_cr_tiny_ns_224,64,16,fp32,11.586560249328612,False,NVIDIA_GeForce_RTX_4070,12,
swinv2_cr_tiny_ns_224,64,32,bf16,11.685376167297363,False,NVIDIA_GeForce_RTX_4070,12,
swinv2_cr_tiny_ns_224,64,32,fp16,11.209216117858888,False,NVIDIA_GeForce_RTX_4070,12,
swinv2_cr_tiny_ns_224,64,32,fp32,17.00044822692871,False,NVIDIA_GeForce_RTX_4070,12,
swinv2_cr_tiny_ns_224,64,64,bf16,16.38809585571289,False,NVIDIA_GeForce_RTX_4070,12,
swinv2_cr_tiny_ns_224,64,64,fp16,16.213504791259766,False,NVIDIA_GeForce_RTX_4070,12,
swinv2_cr_tiny_ns_224,64,64,fp32,28.01100730895996,False,NVIDIA_GeForce_RTX_4070,12,
swinv2_cr_tiny_ns_224,128,16,bf16,15.977984428405762,False,NVIDIA_GeForce_RTX_4070,12,
swinv2_cr_tiny_ns_224,128,16,fp16,15.915519714355469,False,NVIDIA_GeForce_RTX_4070,12,
swinv2_cr_tiny_ns_224,128,16,fp32,25.07980728149414,False,NVIDIA_GeForce_RTX_4070,12,
swinv2_cr_tiny_ns_224,128,32,bf16,26.24563217163086,False,NVIDIA_GeForce_RTX_4070,12,
swinv2_cr_tiny_ns_224,128,32,fp16,26.12428855895996,False,NVIDIA_GeForce_RTX_4070,12,
swinv2_cr_tiny_ns_224,128,32,fp32,46.23360061645508,False,NVIDIA_GeForce_RTX_4070,12,
swinv2_cr_tiny_ns_224,128,64,bf16,51.07712173461914,False,NVIDIA_GeForce_RTX_4070,12,
swinv2_cr_tiny_ns_224,128,64,fp16,50.9486083984375,False,NVIDIA_GeForce_RTX_4070,12,
swinv2_cr_tiny_ns_224,128,64,fp32,90.94297790527344,False,NVIDIA_GeForce_RTX_4070,12,
swinv2_cr_tiny_ns_224,224,16,bf16,44.03865432739258,False,NVIDIA_GeForce_RTX_4070,12,
swinv2_cr_tiny_ns_224,224,16,fp16,43.62086486816406,False,NVIDIA_GeForce_RTX_4070,12,
swinv2_cr_tiny_ns_224,224,16,fp32,74.01062774658203,False,NVIDIA_GeForce_RTX_4070,12,
swinv2_cr_tiny_ns_224,224,32,bf16,92.748291015625,False,NVIDIA_GeForce_RTX_4070,12,
swinv2_cr_tiny_ns_224,224,32,fp16,91.8845443725586,False,NVIDIA_GeForce_RTX_4070,12,
swinv2_cr_tiny_ns_224,224,32,fp32,149.5352325439453,False,NVIDIA_GeForce_RTX_4070,12,
swinv2_cr_tiny_ns_224,224,64,bf16,196.29977416992188,False,NVIDIA_GeForce_RTX_4070,12,
swinv2_cr_tiny_ns_224,224,64,fp16,194.3628845214844,False,NVIDIA_GeForce_RTX_4070,12,
swinv2_cr_tiny_ns_224,224,64,fp32,304.77618408203125,False,NVIDIA_GeForce_RTX_4070,12,
twins_pcpvt_small,64,16,bf16,8.10649585723877,False,NVIDIA_GeForce_RTX_4070,12,
twins_pcpvt_small,64,16,fp16,7.857664108276367,False,NVIDIA_GeForce_RTX_4070,12,
twins_pcpvt_small,64,16,fp32,10.277888298034668,False,NVIDIA_GeForce_RTX_4070,12,
twins_pcpvt_small,64,32,bf16,10.101759910583496,False,NVIDIA_GeForce_RTX_4070,12,
twins_pcpvt_small,64,32,fp16,10.259967803955078,False,NVIDIA_GeForce_RTX_4070,12,
twins_pcpvt_small,64,32,fp32,14.599167823791504,False,NVIDIA_GeForce_RTX_4070,12,
twins_pcpvt_small,64,64,bf16,14.808575630187988,False,NVIDIA_GeForce_RTX_4070,12,
twins_pcpvt_small,64,64,fp16,14.784000396728516,False,NVIDIA_GeForce_RTX_4070,12,
twins_pcpvt_small,64,64,fp32,22.608896255493164,False,NVIDIA_GeForce_RTX_4070,12,
twins_pcpvt_small,128,16,bf16,13.791744232177734,False,NVIDIA_GeForce_RTX_4070,12,
twins_pcpvt_small,128,16,fp16,13.615103721618652,False,NVIDIA_GeForce_RTX_4070,12,
twins_pcpvt_small,128,16,fp32,21.400623321533203,False,NVIDIA_GeForce_RTX_4070,12,
twins_pcpvt_small,128,32,bf16,21.45638465881348,False,NVIDIA_GeForce_RTX_4070,12,
twins_pcpvt_small,128,32,fp16,21.40928077697754,False,NVIDIA_GeForce_RTX_4070,12,
twins_pcpvt_small,128,32,fp32,37.5203857421875,False,NVIDIA_GeForce_RTX_4070,12,
twins_pcpvt_small,128,64,bf16,39.005184173583984,False,NVIDIA_GeForce_RTX_4070,12,
twins_pcpvt_small,128,64,fp16,38.86489486694336,False,NVIDIA_GeForce_RTX_4070,12,
twins_pcpvt_small,128,64,fp32,70.20953369140625,False,NVIDIA_GeForce_RTX_4070,12,
twins_pcpvt_small,224,16,bf16,31.344640731811523,False,NVIDIA_GeForce_RTX_4070,12,
twins_pcpvt_small,224,16,fp16,31.48390388488769,False,NVIDIA_GeForce_RTX_4070,12,
twins_pcpvt_small,224,16,fp32,56.84787368774414,False,NVIDIA_GeForce_RTX_4070,12,
twins_pcpvt_small,224,32,bf16,58.155006408691406,False,NVIDIA_GeForce_RTX_4070,12,
twins_pcpvt_small,224,32,fp16,58.11148834228516,False,NVIDIA_GeForce_RTX_4070,12,
twins_pcpvt_small,224,32,fp32,106.56102752685548,False,NVIDIA_GeForce_RTX_4070,12,
twins_pcpvt_small,224,64,bf16,117.48505401611328,False,NVIDIA_GeForce_RTX_4070,12,
twins_pcpvt_small,224,64,fp16,117.51423645019533,False,NVIDIA_GeForce_RTX_4070,12,
twins_pcpvt_small,224,64,fp32,210.67417907714844,False,NVIDIA_GeForce_RTX_4070,12,
twins_svt_small,64,16,bf16,9.846272468566896,False,NVIDIA_GeForce_RTX_4070,12,
twins_svt_small,64,16,fp16,10.611200332641602,False,NVIDIA_GeForce_RTX_4070,12,
twins_svt_small,64,16,fp32,11.083776473999023,False,NVIDIA_GeForce_RTX_4070,12,
twins_svt_small,64,32,bf16,13.242879867553713,False,NVIDIA_GeForce_RTX_4070,12,
twins_svt_small,64,32,fp16,13.544960021972656,False,NVIDIA_GeForce_RTX_4070,12,
twins_svt_small,64,32,fp32,16.703487396240234,False,NVIDIA_GeForce_RTX_4070,12,
twins_svt_small,64,64,bf16,20.97766494750977,False,NVIDIA_GeForce_RTX_4070,12,
twins_svt_small,64,64,fp16,20.865535736083984,False,NVIDIA_GeForce_RTX_4070,12,
twins_svt_small,64,64,fp32,27.338239669799805,False,NVIDIA_GeForce_RTX_4070,12,
twins_svt_small,128,16,bf16,17.115135192871094,False,NVIDIA_GeForce_RTX_4070,12,
twins_svt_small,128,16,fp16,16.845312118530273,False,NVIDIA_GeForce_RTX_4070,12,
twins_svt_small,128,16,fp32,22.232576370239254,False,NVIDIA_GeForce_RTX_4070,12,
twins_svt_small,128,32,bf16,28.00998306274414,False,NVIDIA_GeForce_RTX_4070,12,
twins_svt_small,128,32,fp16,27.937280654907227,False,NVIDIA_GeForce_RTX_4070,12,
twins_svt_small,128,32,fp32,39.80441665649414,False,NVIDIA_GeForce_RTX_4070,12,
twins_svt_small,128,64,bf16,54.67647933959961,False,NVIDIA_GeForce_RTX_4070,12,
twins_svt_small,128,64,fp16,54.56537628173828,False,NVIDIA_GeForce_RTX_4070,12,
twins_svt_small,128,64,fp32,79.35948944091797,False,NVIDIA_GeForce_RTX_4070,12,
twins_svt_small,224,16,bf16,30.573055267333984,False,NVIDIA_GeForce_RTX_4070,12,
twins_svt_small,224,16,fp16,30.26432037353516,False,NVIDIA_GeForce_RTX_4070,12,
twins_svt_small,224,16,fp32,47.65184020996094,False,NVIDIA_GeForce_RTX_4070,12,
twins_svt_small,224,32,bf16,56.55449676513672,False,NVIDIA_GeForce_RTX_4070,12,
twins_svt_small,224,32,fp16,56.55961608886719,False,NVIDIA_GeForce_RTX_4070,12,
twins_svt_small,224,32,fp32,90.8380126953125,False,NVIDIA_GeForce_RTX_4070,12,
twins_svt_small,224,64,bf16,115.50310516357422,False,NVIDIA_GeForce_RTX_4070,12,
twins_svt_small,224,64,fp16,115.59168243408205,False,NVIDIA_GeForce_RTX_4070,12,
twins_svt_small,224,64,fp32,179.53741455078125,False,NVIDIA_GeForce_RTX_4070,12,
vit_base_patch16_224,64,16,bf16,16.33126449584961,False,NVIDIA_GeForce_RTX_4070,12,
vit_base_patch16_224,64,16,fp16,16.306175231933594,False,NVIDIA_GeForce_RTX_4070,12,
vit_base_patch16_224,64,16,fp32,22.96319961547852,False,NVIDIA_GeForce_RTX_4070,12,
vit_base_patch16_224,64,32,bf16,20.289024353027344,False,NVIDIA_GeForce_RTX_4070,12,
vit_base_patch16_224,64,32,fp16,20.21376037597656,False,NVIDIA_GeForce_RTX_4070,12,
vit_base_patch16_224,64,32,fp32,32.652286529541016,False,NVIDIA_GeForce_RTX_4070,12,
vit_base_patch16_224,64,64,bf16,27.795455932617188,False,NVIDIA_GeForce_RTX_4070,12,
vit_base_patch16_224,64,64,fp16,27.74732780456543,False,NVIDIA_GeForce_RTX_4070,12,
vit_base_patch16_224,64,64,fp32,53.451263427734375,False,NVIDIA_GeForce_RTX_4070,12,
vit_base_patch16_224,128,16,bf16,26.23334312438965,False,NVIDIA_GeForce_RTX_4070,12,
vit_base_patch16_224,128,16,fp16,26.134016036987305,False,NVIDIA_GeForce_RTX_4070,12,
vit_base_patch16_224,128,16,fp32,53.36217498779297,False,NVIDIA_GeForce_RTX_4070,12,
vit_base_patch16_224,128,32,bf16,39.66463851928711,False,NVIDIA_GeForce_RTX_4070,12,
vit_base_patch16_224,128,32,fp16,39.38304138183594,False,NVIDIA_GeForce_RTX_4070,12,
vit_base_patch16_224,128,32,fp32,91.46931457519533,False,NVIDIA_GeForce_RTX_4070,12,
vit_base_patch16_224,128,64,bf16,69.70368194580078,False,NVIDIA_GeForce_RTX_4070,12,
vit_base_patch16_224,128,64,fp16,69.32582092285156,False,NVIDIA_GeForce_RTX_4070,12,
vit_base_patch16_224,128,64,fp32,174.52236938476562,False,NVIDIA_GeForce_RTX_4070,12,
vit_base_patch16_224,224,16,bf16,54.48345565795898,False,NVIDIA_GeForce_RTX_4070,12,
vit_base_patch16_224,224,16,fp16,54.26534271240234,False,NVIDIA_GeForce_RTX_4070,12,
vit_base_patch16_224,224,16,fp32,141.40415954589844,False,NVIDIA_GeForce_RTX_4070,12,
vit_base_patch16_224,224,32,bf16,102.85977935791016,False,NVIDIA_GeForce_RTX_4070,12,
vit_base_patch16_224,224,32,fp16,102.30528259277344,False,NVIDIA_GeForce_RTX_4070,12,
vit_base_patch16_224,224,32,fp32,274.3618469238281,False,NVIDIA_GeForce_RTX_4070,12,
vit_base_patch16_224,224,64,bf16,197.87673950195312,False,NVIDIA_GeForce_RTX_4070,12,
vit_base_patch16_224,224,64,fp16,196.79335021972656,False,NVIDIA_GeForce_RTX_4070,12,
vit_base_patch16_224,224,64,fp32,522.208251953125,False,NVIDIA_GeForce_RTX_4070,12,
vit_large_patch16_224,64,16,bf16,54.00576019287109,False,NVIDIA_GeForce_RTX_4070,12,
vit_large_patch16_224,64,16,fp16,53.73747253417969,False,NVIDIA_GeForce_RTX_4070,12,
vit_large_patch16_224,64,16,fp32,74.7171859741211,False,NVIDIA_GeForce_RTX_4070,12,
vit_large_patch16_224,64,32,bf16,67.7022705078125,False,NVIDIA_GeForce_RTX_4070,12,
vit_large_patch16_224,64,32,fp16,67.5072021484375,False,NVIDIA_GeForce_RTX_4070,12,
vit_large_patch16_224,64,32,fp32,108.41753387451172,False,NVIDIA_GeForce_RTX_4070,12,
vit_large_patch16_224,64,64,bf16,91.6131820678711,False,NVIDIA_GeForce_RTX_4070,12,
vit_large_patch16_224,64,64,fp16,90.05209350585938,False,NVIDIA_GeForce_RTX_4070,12,
vit_large_patch16_224,64,64,fp32,178.77810668945312,False,NVIDIA_GeForce_RTX_4070,12,
vit_large_patch16_224,128,16,bf16,86.37696075439453,False,NVIDIA_GeForce_RTX_4070,12,
vit_large_patch16_224,128,16,fp16,84.79488372802734,False,NVIDIA_GeForce_RTX_4070,12,
vit_large_patch16_224,128,16,fp32,176.56781005859375,False,NVIDIA_GeForce_RTX_4070,12,
vit_large_patch16_224,128,32,bf16,130.82931518554688,False,NVIDIA_GeForce_RTX_4070,12,
vit_large_patch16_224,128,32,fp16,130.6603546142578,False,NVIDIA_GeForce_RTX_4070,12,
vit_large_patch16_224,128,32,fp32,306.13555908203125,False,NVIDIA_GeForce_RTX_4070,12,
vit_large_patch16_224,128,64,bf16,228.91673278808597,False,NVIDIA_GeForce_RTX_4070,12,
vit_large_patch16_224,128,64,fp16,228.6960601806641,False,NVIDIA_GeForce_RTX_4070,12,
vit_large_patch16_224,128,64,fp32,5491.3017578125,False,NVIDIA_GeForce_RTX_4070,12,precision_artifact
vit_large_patch16_224,224,16,bf16,180.63462829589844,False,NVIDIA_GeForce_RTX_4070,12,
vit_large_patch16_224,224,16,fp16,179.70278930664062,False,NVIDIA_GeForce_RTX_4070,12,
vit_large_patch16_224,224,16,fp32,456.716796875,False,NVIDIA_GeForce_RTX_4070,12,
vit_large_patch16_224,224,32,bf16,2357.159912109375,False,NVIDIA_GeForce_RTX_4070,12,slow_outlier
vit_large_patch16_224,224,32,fp16,1875.6295166015625,False,NVIDIA_GeForce_RTX_4070,12,slow_outlier
vit_large_patch16_224,224,32,fp32,,True,NVIDIA_GeForce_RTX_4070,12,
vit_large_patch16_224,224,64,bf16,,True,NVIDIA_GeForce_RTX_4070,12,
vit_large_patch16_224,224,64,fp16,,True,NVIDIA_GeForce_RTX_4070,12,
vit_large_patch16_224,224,64,fp32,,True,NVIDIA_GeForce_RTX_4070,12,
vit_small_patch16_224,64,16,bf16,5.35756778717041,False,NVIDIA_GeForce_RTX_4070,12,
vit_small_patch16_224,64,16,fp16,5.351935863494873,False,NVIDIA_GeForce_RTX_4070,12,
vit_small_patch16_224,64,16,fp32,7.531519889831543,False,NVIDIA_GeForce_RTX_4070,12,
vit_small_patch16_224,64,32,bf16,6.831103801727295,False,NVIDIA_GeForce_RTX_4070,12,
vit_small_patch16_224,64,32,fp16,6.811647891998291,False,NVIDIA_GeForce_RTX_4070,12,
vit_small_patch16_224,64,32,fp32,10.590208053588867,False,NVIDIA_GeForce_RTX_4070,12,
vit_small_patch16_224,64,64,bf16,9.793536186218262,False,NVIDIA_GeForce_RTX_4070,12,
vit_small_patch16_224,64,64,fp16,9.787903785705566,False,NVIDIA_GeForce_RTX_4070,12,
vit_small_patch16_224,64,64,fp32,16.7956485748291,False,NVIDIA_GeForce_RTX_4070,12,
vit_small_patch16_224,128,16,bf16,9.110015869140623,False,NVIDIA_GeForce_RTX_4070,12,
vit_small_patch16_224,128,16,fp16,9.082367897033691,False,NVIDIA_GeForce_RTX_4070,12,
vit_small_patch16_224,128,16,fp32,17.083904266357422,False,NVIDIA_GeForce_RTX_4070,12,
vit_small_patch16_224,128,32,bf16,13.49785614013672,False,NVIDIA_GeForce_RTX_4070,12,
vit_small_patch16_224,128,32,fp16,13.45792007446289,False,NVIDIA_GeForce_RTX_4070,12,
vit_small_patch16_224,128,32,fp32,29.4466552734375,False,NVIDIA_GeForce_RTX_4070,12,
vit_small_patch16_224,128,64,bf16,22.625280380249023,False,NVIDIA_GeForce_RTX_4070,12,
vit_small_patch16_224,128,64,fp16,22.44095993041992,False,NVIDIA_GeForce_RTX_4070,12,
vit_small_patch16_224,128,64,fp32,53.48505783081055,False,NVIDIA_GeForce_RTX_4070,12,
vit_small_patch16_224,224,16,bf16,18.381824493408203,False,NVIDIA_GeForce_RTX_4070,12,
vit_small_patch16_224,224,16,fp16,18.29017639160156,False,NVIDIA_GeForce_RTX_4070,12,
vit_small_patch16_224,224,16,fp32,45.936126708984375,False,NVIDIA_GeForce_RTX_4070,12,
vit_small_patch16_224,224,32,bf16,32.99225616455078,False,NVIDIA_GeForce_RTX_4070,12,
vit_small_patch16_224,224,32,fp16,32.66304016113281,False,NVIDIA_GeForce_RTX_4070,12,
vit_small_patch16_224,224,32,fp32,86.9928970336914,False,NVIDIA_GeForce_RTX_4070,12,
vit_small_patch16_224,224,64,bf16,66.44940948486328,False,NVIDIA_GeForce_RTX_4070,12,
vit_small_patch16_224,224,64,fp16,65.75667572021484,False,NVIDIA_GeForce_RTX_4070,12,
vit_small_patch16_224,224,64,fp32,176.76492309570312,False,NVIDIA_GeForce_RTX_4070,12,
vit_tiny_patch16_224,64,16,bf16,2.671616077423096,False,NVIDIA_GeForce_RTX_4070,12,
vit_tiny_patch16_224,64,16,fp16,2.624511957168579,False,NVIDIA_GeForce_RTX_4070,12,
vit_tiny_patch16_224,64,16,fp32,3.255808115005493,False,NVIDIA_GeForce_RTX_4070,12,
vit_tiny_patch16_224,64,32,bf16,3.5046401023864746,False,NVIDIA_GeForce_RTX_4070,12,
vit_tiny_patch16_224,64,32,fp16,3.4590721130371094,False,NVIDIA_GeForce_RTX_4070,12,
vit_tiny_patch16_224,64,32,fp32,6.57919979095459,False,NVIDIA_GeForce_RTX_4070,12,
vit_tiny_patch16_224,64,64,bf16,4.285952091217041,False,NVIDIA_GeForce_RTX_4070,12,
vit_tiny_patch16_224,64,64,fp16,4.270080089569092,False,NVIDIA_GeForce_RTX_4070,12,
vit_tiny_patch16_224,64,64,fp32,7.9825921058654785,False,NVIDIA_GeForce_RTX_4070,12,
vit_tiny_patch16_224,128,16,bf16,3.981312036514282,False,NVIDIA_GeForce_RTX_4070,12,
vit_tiny_patch16_224,128,16,fp16,3.9633920192718506,False,NVIDIA_GeForce_RTX_4070,12,
vit_tiny_patch16_224,128,16,fp32,7.234047889709473,False,NVIDIA_GeForce_RTX_4070,12,
vit_tiny_patch16_224,128,32,bf16,5.945343971252441,False,NVIDIA_GeForce_RTX_4070,12,
vit_tiny_patch16_224,128,32,fp16,5.889023780822754,False,NVIDIA_GeForce_RTX_4070,12,
vit_tiny_patch16_224,128,32,fp32,11.566080093383787,False,NVIDIA_GeForce_RTX_4070,12,
vit_tiny_patch16_224,128,64,bf16,9.554431915283203,False,NVIDIA_GeForce_RTX_4070,12,
vit_tiny_patch16_224,128,64,fp16,9.54265594482422,False,NVIDIA_GeForce_RTX_4070,12,
vit_tiny_patch16_224,128,64,fp32,20.815359115600582,False,NVIDIA_GeForce_RTX_4070,12,
vit_tiny_patch16_224,224,16,bf16,7.944191932678223,False,NVIDIA_GeForce_RTX_4070,12,
vit_tiny_patch16_224,224,16,fp16,7.592959880828857,False,NVIDIA_GeForce_RTX_4070,12,
vit_tiny_patch16_224,224,16,fp32,18.457088470458984,False,NVIDIA_GeForce_RTX_4070,12,
vit_tiny_patch16_224,224,32,bf16,13.890048027038574,False,NVIDIA_GeForce_RTX_4070,12,
vit_tiny_patch16_224,224,32,fp16,13.800448417663574,False,NVIDIA_GeForce_RTX_4070,12,
vit_tiny_patch16_224,224,32,fp32,33.686527252197266,False,NVIDIA_GeForce_RTX_4070,12,
vit_tiny_patch16_224,224,64,bf16,25.905664443969727,False,NVIDIA_GeForce_RTX_4070,12,
vit_tiny_patch16_224,224,64,fp16,26.33216094970703,False,NVIDIA_GeForce_RTX_4070,12,
vit_tiny_patch16_224,224,64,fp32,66.38899230957031,False,NVIDIA_GeForce_RTX_4070,12,
wide_resnet101_2,64,16,bf16,31.97183990478516,False,NVIDIA_GeForce_RTX_4070,12,
wide_resnet101_2,64,16,fp16,32.866817474365234,False,NVIDIA_GeForce_RTX_4070,12,
wide_resnet101_2,64,16,fp32,41.095680236816406,False,NVIDIA_GeForce_RTX_4070,12,
wide_resnet101_2,64,32,bf16,42.86617660522461,False,NVIDIA_GeForce_RTX_4070,12,
wide_resnet101_2,64,32,fp16,42.15859222412109,False,NVIDIA_GeForce_RTX_4070,12,
wide_resnet101_2,64,32,fp32,55.68729782104492,False,NVIDIA_GeForce_RTX_4070,12,
wide_resnet101_2,64,64,bf16,63.5970573425293,False,NVIDIA_GeForce_RTX_4070,12,
wide_resnet101_2,64,64,fp16,60.66841506958008,False,NVIDIA_GeForce_RTX_4070,12,
wide_resnet101_2,64,64,fp32,71.37843322753906,False,NVIDIA_GeForce_RTX_4070,12,
wide_resnet101_2,128,16,bf16,45.64019012451172,False,NVIDIA_GeForce_RTX_4070,12,
wide_resnet101_2,128,16,fp16,44.27827072143555,False,NVIDIA_GeForce_RTX_4070,12,
wide_resnet101_2,128,16,fp32,60.88345718383789,False,NVIDIA_GeForce_RTX_4070,12,
wide_resnet101_2,128,32,bf16,71.77830505371094,False,NVIDIA_GeForce_RTX_4070,12,
wide_resnet101_2,128,32,fp16,68.69760131835938,False,NVIDIA_GeForce_RTX_4070,12,
wide_resnet101_2,128,32,fp32,103.80083465576172,False,NVIDIA_GeForce_RTX_4070,12,
wide_resnet101_2,128,64,bf16,123.9741439819336,False,NVIDIA_GeForce_RTX_4070,12,
wide_resnet101_2,128,64,fp16,116.23168182373048,False,NVIDIA_GeForce_RTX_4070,12,
wide_resnet101_2,128,64,fp32,193.133056640625,False,NVIDIA_GeForce_RTX_4070,12,
wide_resnet101_2,224,16,bf16,93.11692810058594,False,NVIDIA_GeForce_RTX_4070,12,
wide_resnet101_2,224,16,fp16,88.22528076171875,False,NVIDIA_GeForce_RTX_4070,12,
wide_resnet101_2,224,16,fp32,158.4984130859375,False,NVIDIA_GeForce_RTX_4070,12,
wide_resnet101_2,224,32,bf16,167.72096252441406,False,NVIDIA_GeForce_RTX_4070,12,
wide_resnet101_2,224,32,fp16,160.6727752685547,False,NVIDIA_GeForce_RTX_4070,12,
wide_resnet101_2,224,32,fp32,298.1381225585937,False,NVIDIA_GeForce_RTX_4070,12,
wide_resnet101_2,224,64,bf16,312.1730651855469,False,NVIDIA_GeForce_RTX_4070,12,
wide_resnet101_2,224,64,fp16,297.8437194824219,False,NVIDIA_GeForce_RTX_4070,12,
wide_resnet101_2,224,64,fp32,,True,NVIDIA_GeForce_RTX_4070,12,
xcit_small_12_p16_224,64,16,bf16,10.402303695678713,False,NVIDIA_GeForce_RTX_4070,12,
xcit_small_12_p16_224,64,16,fp16,10.506239891052246,False,NVIDIA_GeForce_RTX_4070,12,
xcit_small_12_p16_224,64,16,fp32,11.992575645446776,False,NVIDIA_GeForce_RTX_4070,12,
xcit_small_12_p16_224,64,32,bf16,13.68934440612793,False,NVIDIA_GeForce_RTX_4070,12,
xcit_small_12_p16_224,64,32,fp16,12.56345558166504,False,NVIDIA_GeForce_RTX_4070,12,
xcit_small_12_p16_224,64,32,fp32,16.93337631225586,False,NVIDIA_GeForce_RTX_4070,12,
xcit_small_12_p16_224,64,64,bf16,17.310720443725586,False,NVIDIA_GeForce_RTX_4070,12,
xcit_small_12_p16_224,64,64,fp16,16.880640029907227,False,NVIDIA_GeForce_RTX_4070,12,
xcit_small_12_p16_224,64,64,fp32,26.475008010864254,False,NVIDIA_GeForce_RTX_4070,12,
xcit_small_12_p16_224,128,16,bf16,16.531455993652344,False,NVIDIA_GeForce_RTX_4070,12,
xcit_small_12_p16_224,128,16,fp16,16.144895553588867,False,NVIDIA_GeForce_RTX_4070,12,
xcit_small_12_p16_224,128,16,fp32,23.50694465637207,False,NVIDIA_GeForce_RTX_4070,12,
xcit_small_12_p16_224,128,32,bf16,25.364992141723636,False,NVIDIA_GeForce_RTX_4070,12,
xcit_small_12_p16_224,128,32,fp16,24.90111923217773,False,NVIDIA_GeForce_RTX_4070,12,
xcit_small_12_p16_224,128,32,fp32,41.53292846679688,False,NVIDIA_GeForce_RTX_4070,12,
xcit_small_12_p16_224,128,64,bf16,44.25574493408203,False,NVIDIA_GeForce_RTX_4070,12,
xcit_small_12_p16_224,128,64,fp16,43.65107345581055,False,NVIDIA_GeForce_RTX_4070,12,
xcit_small_12_p16_224,128,64,fp32,75.39558410644531,False,NVIDIA_GeForce_RTX_4070,12,
xcit_small_12_p16_224,224,16,bf16,35.76985549926758,False,NVIDIA_GeForce_RTX_4070,12,
xcit_small_12_p16_224,224,16,fp16,35.29267120361328,False,NVIDIA_GeForce_RTX_4070,12,
xcit_small_12_p16_224,224,16,fp32,59.26655960083008,False,NVIDIA_GeForce_RTX_4070,12,
xcit_small_12_p16_224,224,32,bf16,68.21376037597656,False,NVIDIA_GeForce_RTX_4070,12,
xcit_small_12_p16_224,224,32,fp16,67.25017547607422,False,NVIDIA_GeForce_RTX_4070,12,
xcit_small_12_p16_224,224,32,fp32,115.80416107177734,False,NVIDIA_GeForce_RTX_4070,12,
xcit_small_12_p16_224,224,64,bf16,144.6876220703125,False,NVIDIA_GeForce_RTX_4070,12,
xcit_small_12_p16_224,224,64,fp16,142.82546997070312,False,NVIDIA_GeForce_RTX_4070,12,
xcit_small_12_p16_224,224,64,fp32,243.1498260498047,False,NVIDIA_GeForce_RTX_4070,12,
xcit_tiny_12_p16_224,64,16,bf16,7.222784042358398,False,NVIDIA_GeForce_RTX_4070,12,
xcit_tiny_12_p16_224,64,16,fp16,6.550015926361084,False,NVIDIA_GeForce_RTX_4070,12,
xcit_tiny_12_p16_224,64,16,fp32,7.027200222015381,False,NVIDIA_GeForce_RTX_4070,12,
xcit_tiny_12_p16_224,64,32,bf16,8.654335975646973,False,NVIDIA_GeForce_RTX_4070,12,
xcit_tiny_12_p16_224,64,32,fp16,7.913472175598144,False,NVIDIA_GeForce_RTX_4070,12,
xcit_tiny_12_p16_224,64,32,fp32,10.017791748046877,False,NVIDIA_GeForce_RTX_4070,12,
xcit_tiny_12_p16_224,64,64,bf16,10.792448043823242,False,NVIDIA_GeForce_RTX_4070,12,
xcit_tiny_12_p16_224,64,64,fp16,10.293248176574709,False,NVIDIA_GeForce_RTX_4070,12,
xcit_tiny_12_p16_224,64,64,fp32,13.286399841308594,False,NVIDIA_GeForce_RTX_4070,12,
xcit_tiny_12_p16_224,128,16,bf16,9.992192268371582,False,NVIDIA_GeForce_RTX_4070,12,
xcit_tiny_12_p16_224,128,16,fp16,9.972736358642578,False,NVIDIA_GeForce_RTX_4070,12,
xcit_tiny_12_p16_224,128,16,fp32,12.183039665222168,False,NVIDIA_GeForce_RTX_4070,12,
xcit_tiny_12_p16_224,128,32,bf16,13.38419246673584,False,NVIDIA_GeForce_RTX_4070,12,
xcit_tiny_12_p16_224,128,32,fp16,12.472319602966309,False,NVIDIA_GeForce_RTX_4070,12,
xcit_tiny_12_p16_224,128,32,fp32,18.031103134155277,False,NVIDIA_GeForce_RTX_4070,12,
xcit_tiny_12_p16_224,128,64,bf16,20.694015502929688,False,NVIDIA_GeForce_RTX_4070,12,
xcit_tiny_12_p16_224,128,64,fp16,20.00230407714844,False,NVIDIA_GeForce_RTX_4070,12,
xcit_tiny_12_p16_224,128,64,fp32,31.415807723999023,False,NVIDIA_GeForce_RTX_4070,12,
xcit_tiny_12_p16_224,224,16,bf16,17.43564796447754,False,NVIDIA_GeForce_RTX_4070,12,
xcit_tiny_12_p16_224,224,16,fp16,16.92313575744629,False,NVIDIA_GeForce_RTX_4070,12,
xcit_tiny_12_p16_224,224,16,fp32,25.439231872558597,False,NVIDIA_GeForce_RTX_4070,12,
xcit_tiny_12_p16_224,224,32,bf16,30.60531234741211,False,NVIDIA_GeForce_RTX_4070,12,
xcit_tiny_12_p16_224,224,32,fp16,29.997055053710938,False,NVIDIA_GeForce_RTX_4070,12,
xcit_tiny_12_p16_224,224,32,fp32,46.3191032409668,False,NVIDIA_GeForce_RTX_4070,12,
xcit_tiny_12_p16_224,224,64,bf16,61.40876770019531,False,NVIDIA_GeForce_RTX_4070,12,
xcit_tiny_12_p16_224,224,64,fp16,60.8983039855957,False,NVIDIA_GeForce_RTX_4070,12,
xcit_tiny_12_p16_224,224,64,fp32,92.75341033935548,False,NVIDIA_GeForce_RTX_4070,12,
