model,img_size,batch_size,precision,avg_time_ms,oom,gpu,vram_gb,cleanup
beit_large_patch16_224,64,16,bf16,18.49273681640625,False,NVIDIA_GeForce_RTX_5090,32,
beit_large_patch16_224,64,16,fp16,18.370176315307617,False,NVIDIA_GeForce_RTX_5090,32,
beit_large_patch16_224,64,16,fp32,26.699567794799805,False,NVIDIA_GeForce_RTX_5090,32,
beit_large_patch16_224,64,32,bf16,20.949216842651367,False,NVIDIA_GeForce_RTX_5090,32,
beit_large_patch16_224,64,32,fp16,20.88167953491211,False,NVIDIA_GeForce_RTX_5090,32,
beit_large_patch16_224,64,32,fp32,35.042015075683594,False,NVIDIA_GeForce_RTX_5090,32,
beit_large_patch16_224,64,64,bf16,27.06987190246582,False,NVIDIA_GeForce_RTX_5090,32,
beit_large_patch16_224,64,64,fp16,26.93649673461914,False,NVIDIA_GeForce_RTX_5090,32,
beit_large_patch16_224,64,64,fp32,52.55356979370117,False,NVIDIA_GeForce_RTX_5090,32,
beit_large_patch16_224,128,16,bf16,27.458959579467773,False,NVIDIA_GeForce_RTX_5090,32,
beit_large_patch16_224,128,16,fp16,27.35478401184082,False,NVIDIA_GeForce_RTX_5090,32,
beit_large_patch16_224,128,16,fp32,53.60724639892578,False,NVIDIA_GeForce_RTX_5090,32,
beit_large_patch16_224,128,32,bf16,40.47889709472656,False,NVIDIA_GeForce_RTX_5090,32,
beit_large_patch16_224,128,32,fp16,40.342079162597656,False,NVIDIA_GeForce_RTX_5090,32,
beit_large_patch16_224,128,32,fp32,87.90636444091797,False,NVIDIA_GeForce_RTX_5090,32,
beit_large_patch16_224,128,64,bf16,66.06877136230469,False,NVIDIA_GeForce_RTX_5090,32,
beit_large_patch16_224,128,64,fp16,65.7089614868164,False,NVIDIA_GeForce_RTX_5090,32,
beit_large_patch16_224,128,64,fp32,169.14010620117188,False,NVIDIA_GeForce_RTX_5090,32,
beit_large_patch16_224,224,16,bf16,56.20455932617188,False,NVIDIA_GeForce_RTX_5090,32,
beit_large_patch16_224,224,16,fp16,56.00219345092773,False,NVIDIA_GeForce_RTX_5090,32,
beit_large_patch16_224,224,16,fp32,131.9876251220703,False,NVIDIA_GeForce_RTX_5090,32,
beit_large_patch16_224,224,32,bf16,94.07113647460938,False,NVIDIA_GeForce_RTX_5090,32,
beit_large_patch16_224,224,32,fp16,93.727294921875,False,NVIDIA_GeForce_RTX_5090,32,
beit_large_patch16_224,224,32,fp32,260.9717102050781,False,NVIDIA_GeForce_RTX_5090,32,
beit_large_patch16_224,224,64,bf16,181.5971527099609,False,NVIDIA_GeForce_RTX_5090,32,
beit_large_patch16_224,224,64,fp16,179.703125,False,NVIDIA_GeForce_RTX_5090,32,
beit_large_patch16_224,224,64,fp32,506.1921997070313,False,NVIDIA_GeForce_RTX_5090,32,
coatnet_0_rw_224,64,16,bf16,4.634528160095215,False,NVIDIA_GeForce_RTX_5090,32,
coatnet_0_rw_224,64,16,fp16,4.217679977416992,False,NVIDIA_GeForce_RTX_5090,32,
coatnet_0_rw_224,64,16,fp32,4.537504196166992,False,NVIDIA_GeForce_RTX_5090,32,
coatnet_0_rw_224,64,32,bf16,5.242256164550781,False,NVIDIA_GeForce_RTX_5090,32,
coatnet_0_rw_224,64,32,fp16,4.804768085479736,False,NVIDIA_GeForce_RTX_5090,32,
coatnet_0_rw_224,64,32,fp32,5.865488052368164,False,NVIDIA_GeForce_RTX_5090,32,
coatnet_0_rw_224,64,64,bf16,6.881807804107666,False,NVIDIA_GeForce_RTX_5090,32,
coatnet_0_rw_224,64,64,fp16,6.148399829864502,False,NVIDIA_GeForce_RTX_5090,32,
coatnet_0_rw_224,64,64,fp32,8.158880233764648,False,NVIDIA_GeForce_RTX_5090,32,
coatnet_0_rw_224,128,16,bf16,6.959648132324219,False,NVIDIA_GeForce_RTX_5090,32,
coatnet_0_rw_224,128,16,fp16,6.226895809173584,False,NVIDIA_GeForce_RTX_5090,32,
coatnet_0_rw_224,128,16,fp32,7.82092809677124,False,NVIDIA_GeForce_RTX_5090,32,
coatnet_0_rw_224,128,32,bf16,9.785903930664062,False,NVIDIA_GeForce_RTX_5090,32,
coatnet_0_rw_224,128,32,fp16,8.551008224487305,False,NVIDIA_GeForce_RTX_5090,32,
coatnet_0_rw_224,128,32,fp32,12.58676815032959,False,NVIDIA_GeForce_RTX_5090,32,
coatnet_0_rw_224,128,64,bf16,16.15492820739746,False,NVIDIA_GeForce_RTX_5090,32,
coatnet_0_rw_224,128,64,fp16,13.941856384277344,False,NVIDIA_GeForce_RTX_5090,32,
coatnet_0_rw_224,128,64,fp32,24.325424194335938,False,NVIDIA_GeForce_RTX_5090,32,
coatnet_0_rw_224,224,16,bf16,14.856719970703123,False,NVIDIA_GeForce_RTX_5090,32,
coatnet_0_rw_224,224,16,fp16,12.558768272399902,False,NVIDIA_GeForce_RTX_5090,32,
coatnet_0_rw_224,224,16,fp32,20.652544021606445,False,NVIDIA_GeForce_RTX_5090,32,
coatnet_0_rw_224,224,32,bf16,26.04427146911621,False,NVIDIA_GeForce_RTX_5090,32,
coatnet_0_rw_224,224,32,fp16,22.44856071472168,False,NVIDIA_GeForce_RTX_5090,32,
coatnet_0_rw_224,224,32,fp32,41.272064208984375,False,NVIDIA_GeForce_RTX_5090,32,
coatnet_0_rw_224,224,64,bf16,51.64595031738281,False,NVIDIA_GeForce_RTX_5090,32,
coatnet_0_rw_224,224,64,fp16,44.76232147216797,False,NVIDIA_GeForce_RTX_5090,32,
coatnet_0_rw_224,224,64,fp32,83.00204467773438,False,NVIDIA_GeForce_RTX_5090,32,
coatnet_1_rw_224,64,16,bf16,7.544320106506348,False,NVIDIA_GeForce_RTX_5090,32,
coatnet_1_rw_224,64,16,fp16,6.909088134765625,False,NVIDIA_GeForce_RTX_5090,32,
coatnet_1_rw_224,64,16,fp32,7.5090718269348145,False,NVIDIA_GeForce_RTX_5090,32,
coatnet_1_rw_224,64,32,bf16,8.782320022583008,False,NVIDIA_GeForce_RTX_5090,32,
coatnet_1_rw_224,64,32,fp16,8.122575759887695,False,NVIDIA_GeForce_RTX_5090,32,
coatnet_1_rw_224,64,32,fp32,9.861680030822754,False,NVIDIA_GeForce_RTX_5090,32,
coatnet_1_rw_224,64,64,bf16,11.55457592010498,False,NVIDIA_GeForce_RTX_5090,32,
coatnet_1_rw_224,64,64,fp16,10.44603157043457,False,NVIDIA_GeForce_RTX_5090,32,
coatnet_1_rw_224,64,64,fp32,13.903200149536133,False,NVIDIA_GeForce_RTX_5090,32,
coatnet_1_rw_224,128,16,bf16,11.825488090515137,False,NVIDIA_GeForce_RTX_5090,32,
coatnet_1_rw_224,128,16,fp16,10.61627197265625,False,NVIDIA_GeForce_RTX_5090,32,
coatnet_1_rw_224,128,16,fp32,13.632287979125977,False,NVIDIA_GeForce_RTX_5090,32,
coatnet_1_rw_224,128,32,bf16,16.81070327758789,False,NVIDIA_GeForce_RTX_5090,32,
coatnet_1_rw_224,128,32,fp16,14.874079704284668,False,NVIDIA_GeForce_RTX_5090,32,
coatnet_1_rw_224,128,32,fp32,22.207664489746094,False,NVIDIA_GeForce_RTX_5090,32,
coatnet_1_rw_224,128,64,bf16,28.03395271301269,False,NVIDIA_GeForce_RTX_5090,32,
coatnet_1_rw_224,128,64,fp16,24.68561553955078,False,NVIDIA_GeForce_RTX_5090,32,
coatnet_1_rw_224,128,64,fp32,42.373905181884766,False,NVIDIA_GeForce_RTX_5090,32,
coatnet_1_rw_224,224,16,bf16,26.37431907653809,False,NVIDIA_GeForce_RTX_5090,32,
coatnet_1_rw_224,224,16,fp16,22.3590087890625,False,NVIDIA_GeForce_RTX_5090,32,
coatnet_1_rw_224,224,16,fp32,36.97032165527344,False,NVIDIA_GeForce_RTX_5090,32,
coatnet_1_rw_224,224,32,bf16,45.543006896972656,False,NVIDIA_GeForce_RTX_5090,32,
coatnet_1_rw_224,224,32,fp16,40.1192626953125,False,NVIDIA_GeForce_RTX_5090,32,
coatnet_1_rw_224,224,32,fp32,73.04611206054688,False,NVIDIA_GeForce_RTX_5090,32,
coatnet_1_rw_224,224,64,bf16,88.05595397949219,False,NVIDIA_GeForce_RTX_5090,32,
coatnet_1_rw_224,224,64,fp16,78.86557006835938,False,NVIDIA_GeForce_RTX_5090,32,
coatnet_1_rw_224,224,64,fp32,145.53585815429688,False,NVIDIA_GeForce_RTX_5090,32,
coatnet_2_rw_224,64,16,bf16,8.569040298461914,False,NVIDIA_GeForce_RTX_5090,32,
coatnet_2_rw_224,64,16,fp16,7.914175987243652,False,NVIDIA_GeForce_RTX_5090,32,
coatnet_2_rw_224,64,16,fp32,9.186367988586426,False,NVIDIA_GeForce_RTX_5090,32,
coatnet_2_rw_224,64,32,bf16,10.678751945495604,False,NVIDIA_GeForce_RTX_5090,32,
coatnet_2_rw_224,64,32,fp16,9.78384017944336,False,NVIDIA_GeForce_RTX_5090,32,
coatnet_2_rw_224,64,32,fp32,12.819583892822266,False,NVIDIA_GeForce_RTX_5090,32,
coatnet_2_rw_224,64,64,bf16,15.326623916625977,False,NVIDIA_GeForce_RTX_5090,32,
coatnet_2_rw_224,64,64,fp16,13.628095626831056,False,NVIDIA_GeForce_RTX_5090,32,
coatnet_2_rw_224,64,64,fp32,19.159263610839844,False,NVIDIA_GeForce_RTX_5090,32,
coatnet_2_rw_224,128,16,bf16,15.16819190979004,False,NVIDIA_GeForce_RTX_5090,32,
coatnet_2_rw_224,128,16,fp16,13.29916763305664,False,NVIDIA_GeForce_RTX_5090,32,
coatnet_2_rw_224,128,16,fp32,19.481840133666992,False,NVIDIA_GeForce_RTX_5090,32,
coatnet_2_rw_224,128,32,bf16,22.792400360107425,False,NVIDIA_GeForce_RTX_5090,32,
coatnet_2_rw_224,128,32,fp16,19.79769515991211,False,NVIDIA_GeForce_RTX_5090,32,
coatnet_2_rw_224,128,32,fp32,34.71124649047852,False,NVIDIA_GeForce_RTX_5090,32,
coatnet_2_rw_224,128,64,bf16,41.1593132019043,False,NVIDIA_GeForce_RTX_5090,32,
coatnet_2_rw_224,128,64,fp16,35.888465881347656,False,NVIDIA_GeForce_RTX_5090,32,
coatnet_2_rw_224,128,64,fp32,63.78593444824219,False,NVIDIA_GeForce_RTX_5090,32,
coatnet_2_rw_224,224,16,bf16,38.25084686279297,False,NVIDIA_GeForce_RTX_5090,32,
coatnet_2_rw_224,224,16,fp16,31.7850399017334,False,NVIDIA_GeForce_RTX_5090,32,
coatnet_2_rw_224,224,16,fp32,55.80806350708008,False,NVIDIA_GeForce_RTX_5090,32,
coatnet_2_rw_224,224,32,bf16,67.60774230957031,False,NVIDIA_GeForce_RTX_5090,32,
coatnet_2_rw_224,224,32,fp16,71.76102447509766,False,NVIDIA_GeForce_RTX_5090,32,
coatnet_2_rw_224,224,32,fp32,124.34534454345705,False,NVIDIA_GeForce_RTX_5090,32,
coatnet_2_rw_224,224,64,bf16,132.67796325683594,False,NVIDIA_GeForce_RTX_5090,32,
coatnet_2_rw_224,224,64,fp16,119.48604583740234,False,NVIDIA_GeForce_RTX_5090,32,
coatnet_2_rw_224,224,64,fp32,290.21466064453125,False,NVIDIA_GeForce_RTX_5090,32,
convnext_base,64,16,bf16,9.00369644165039,False,NVIDIA_GeForce_RTX_5090,32,
convnext_base,64,16,fp16,8.932304382324219,False,NVIDIA_GeForce_RTX_5090,32,
convnext_base,64,16,fp32,11.93286418914795,False,NVIDIA_GeForce_RTX_5090,32,
convnext_base,64,32,bf16,10.536751747131348,False,NVIDIA_GeForce_RTX_5090,32,
convnext_base,64,32,fp16,10.436415672302246,False,NVIDIA_GeForce_RTX_5090,32,
convnext_base,64,32,fp32,17.78950309753418,False,NVIDIA_GeForce_RTX_5090,32,
convnext_base,64,64,bf16,12.510815620422363,False,NVIDIA_GeForce_RTX_5090,32,
convnext_base,64,64,fp16,12.478848457336426,False,NVIDIA_GeForce_RTX_5090,32,
convnext_base,64,64,fp32,25.428672790527344,False,NVIDIA_GeForce_RTX_5090,32,
convnext_base,128,16,bf16,12.493760108947754,False,NVIDIA_GeForce_RTX_5090,32,
convnext_base,128,16,fp16,12.434975624084473,False,NVIDIA_GeForce_RTX_5090,32,
convnext_base,128,16,fp32,26.979984283447266,False,NVIDIA_GeForce_RTX_5090,32,
convnext_base,128,32,bf16,17.4975528717041,False,NVIDIA_GeForce_RTX_5090,32,
convnext_base,128,32,fp16,17.418352127075195,False,NVIDIA_GeForce_RTX_5090,32,
convnext_base,128,32,fp32,44.26214218139648,False,NVIDIA_GeForce_RTX_5090,32,
convnext_base,128,64,bf16,27.3929443359375,False,NVIDIA_GeForce_RTX_5090,32,
convnext_base,128,64,fp16,27.32164764404297,False,NVIDIA_GeForce_RTX_5090,32,
convnext_base,128,64,fp32,84.8100357055664,False,NVIDIA_GeForce_RTX_5090,32,
convnext_base,224,16,bf16,23.26919937133789,False,NVIDIA_GeForce_RTX_5090,32,
convnext_base,224,16,fp16,23.146879196166992,False,NVIDIA_GeForce_RTX_5090,32,
convnext_base,224,16,fp32,71.41804504394531,False,NVIDIA_GeForce_RTX_5090,32,
convnext_base,224,32,bf16,38.57984161376953,False,NVIDIA_GeForce_RTX_5090,32,
convnext_base,224,32,fp16,38.29734420776367,False,NVIDIA_GeForce_RTX_5090,32,
convnext_base,224,32,fp32,138.5925750732422,False,NVIDIA_GeForce_RTX_5090,32,
convnext_base,224,64,bf16,69.35431671142578,False,NVIDIA_GeForce_RTX_5090,32,
convnext_base,224,64,fp16,68.98776245117188,False,NVIDIA_GeForce_RTX_5090,32,
convnext_base,224,64,fp32,287.0591125488281,False,NVIDIA_GeForce_RTX_5090,32,
convnext_large,64,16,bf16,14.011167526245115,False,NVIDIA_GeForce_RTX_5090,32,
convnext_large,64,16,fp16,13.955408096313477,False,NVIDIA_GeForce_RTX_5090,32,
convnext_large,64,16,fp32,19.19153594970703,False,NVIDIA_GeForce_RTX_5090,32,
convnext_large,64,32,bf16,15.586336135864258,False,NVIDIA_GeForce_RTX_5090,32,
convnext_large,64,32,fp16,15.52137565612793,False,NVIDIA_GeForce_RTX_5090,32,
convnext_large,64,32,fp32,26.35655975341797,False,NVIDIA_GeForce_RTX_5090,32,
convnext_large,64,64,bf16,19.52531242370605,False,NVIDIA_GeForce_RTX_5090,32,
convnext_large,64,64,fp16,19.441007614135746,False,NVIDIA_GeForce_RTX_5090,32,
convnext_large,64,64,fp32,39.417518615722656,False,NVIDIA_GeForce_RTX_5090,32,
convnext_large,128,16,bf16,19.37907218933105,False,NVIDIA_GeForce_RTX_5090,32,
convnext_large,128,16,fp16,19.290319442749023,False,NVIDIA_GeForce_RTX_5090,32,
convnext_large,128,16,fp32,42.6376953125,False,NVIDIA_GeForce_RTX_5090,32,
convnext_large,128,32,bf16,27.707504272460938,False,NVIDIA_GeForce_RTX_5090,32,
convnext_large,128,32,fp16,27.52529525756836,False,NVIDIA_GeForce_RTX_5090,32,
convnext_large,128,32,fp32,76.69840240478516,False,NVIDIA_GeForce_RTX_5090,32,
convnext_large,128,64,bf16,46.01494216918945,False,NVIDIA_GeForce_RTX_5090,32,
convnext_large,128,64,fp16,45.644527435302734,False,NVIDIA_GeForce_RTX_5090,32,
convnext_large,128,64,fp32,153.2445068359375,False,NVIDIA_GeForce_RTX_5090,32,
convnext_large,224,16,bf16,36.491966247558594,False,NVIDIA_GeForce_RTX_5090,32,
convnext_large,224,16,fp16,36.24305725097656,False,NVIDIA_GeForce_RTX_5090,32,
convnext_large,224,16,fp32,119.11599731445312,False,NVIDIA_GeForce_RTX_5090,32,
convnext_large,224,32,bf16,63.59534454345703,False,NVIDIA_GeForce_RTX_5090,32,
convnext_large,224,32,fp16,63.32076644897461,False,NVIDIA_GeForce_RTX_5090,32,
convnext_large,224,32,fp32,237.599609375,False,NVIDIA_GeForce_RTX_5090,32,
convnext_large,224,64,bf16,120.33948516845705,False,NVIDIA_GeForce_RTX_5090,32,
convnext_large,224,64,fp16,118.61500549316406,False,NVIDIA_GeForce_RTX_5090,32,
convnext_large,224,64,fp32,494.1189270019531,False,NVIDIA_GeForce_RTX_5090,32,
convnext_small,64,16,bf16,8.61796760559082,False,NVIDIA_GeForce_RTX_5090,32,
convnext_small,64,16,fp16,8.54475212097168,False,NVIDIA_GeForce_RTX_5090,32,
convnext_small,64,16,fp32,9.002847671508789,False,NVIDIA_GeForce_RTX_5090,32,
convnext_small,64,32,bf16,11.03212833404541,False,NVIDIA_GeForce_RTX_5090,32,
convnext_small,64,32,fp16,10.969375610351562,False,NVIDIA_GeForce_RTX_5090,32,
convnext_small,64,32,fp32,12.657360076904297,False,NVIDIA_GeForce_RTX_5090,32,
convnext_small,64,64,bf16,14.616047859191896,False,NVIDIA_GeForce_RTX_5090,32,
convnext_small,64,64,fp16,14.568047523498535,False,NVIDIA_GeForce_RTX_5090,32,
convnext_small,64,64,fp32,18.3951358795166,False,NVIDIA_GeForce_RTX_5090,32,
convnext_small,128,16,bf16,10.135104179382324,False,NVIDIA_GeForce_RTX_5090,32,
convnext_small,128,16,fp16,10.08244800567627,False,NVIDIA_GeForce_RTX_5090,32,
convnext_small,128,16,fp32,19.916751861572266,False,NVIDIA_GeForce_RTX_5090,32,
convnext_small,128,32,bf16,13.439984321594238,False,NVIDIA_GeForce_RTX_5090,32,
convnext_small,128,32,fp16,13.323040008544922,False,NVIDIA_GeForce_RTX_5090,32,
convnext_small,128,32,fp32,32.408782958984375,False,NVIDIA_GeForce_RTX_5090,32,
convnext_small,128,64,bf16,20.730831146240234,False,NVIDIA_GeForce_RTX_5090,32,
convnext_small,128,64,fp16,20.562896728515625,False,NVIDIA_GeForce_RTX_5090,32,
convnext_small,128,64,fp32,60.29243087768555,False,NVIDIA_GeForce_RTX_5090,32,
convnext_small,224,16,bf16,17.001440048217773,False,NVIDIA_GeForce_RTX_5090,32,
convnext_small,224,16,fp16,16.918304443359375,False,NVIDIA_GeForce_RTX_5090,32,
convnext_small,224,16,fp32,49.25689697265625,False,NVIDIA_GeForce_RTX_5090,32,
convnext_small,224,32,bf16,26.64486312866211,False,NVIDIA_GeForce_RTX_5090,32,
convnext_small,224,32,fp16,26.4467830657959,False,NVIDIA_GeForce_RTX_5090,32,
convnext_small,224,32,fp32,96.46505737304688,False,NVIDIA_GeForce_RTX_5090,32,
convnext_small,224,64,bf16,48.563743591308594,False,NVIDIA_GeForce_RTX_5090,32,
convnext_small,224,64,fp16,48.21795272827149,False,NVIDIA_GeForce_RTX_5090,32,
convnext_small,224,64,fp32,199.2074432373047,False,NVIDIA_GeForce_RTX_5090,32,
convnext_tiny,64,16,bf16,5.330239772796631,False,NVIDIA_GeForce_RTX_5090,32,
convnext_tiny,64,16,fp16,5.290575981140137,False,NVIDIA_GeForce_RTX_5090,32,
convnext_tiny,64,16,fp32,5.050464153289795,False,NVIDIA_GeForce_RTX_5090,32,
convnext_tiny,64,32,bf16,7.182208061218262,False,NVIDIA_GeForce_RTX_5090,32,
convnext_tiny,64,32,fp16,7.123775959014893,False,NVIDIA_GeForce_RTX_5090,32,
convnext_tiny,64,32,fp32,7.1966400146484375,False,NVIDIA_GeForce_RTX_5090,32,
convnext_tiny,64,64,bf16,10.248831748962402,False,NVIDIA_GeForce_RTX_5090,32,
convnext_tiny,64,64,fp16,10.201295852661133,False,NVIDIA_GeForce_RTX_5090,32,
convnext_tiny,64,64,fp32,10.903103828430176,False,NVIDIA_GeForce_RTX_5090,32,
convnext_tiny,128,16,bf16,5.781807899475098,False,NVIDIA_GeForce_RTX_5090,32,
convnext_tiny,128,16,fp16,5.75164794921875,False,NVIDIA_GeForce_RTX_5090,32,
convnext_tiny,128,16,fp32,11.737903594970703,False,NVIDIA_GeForce_RTX_5090,32,
convnext_tiny,128,32,bf16,7.891215801239014,False,NVIDIA_GeForce_RTX_5090,32,
convnext_tiny,128,32,fp16,7.832431793212891,False,NVIDIA_GeForce_RTX_5090,32,
convnext_tiny,128,32,fp32,20.20568084716797,False,NVIDIA_GeForce_RTX_5090,32,
convnext_tiny,128,64,bf16,12.480064392089844,False,NVIDIA_GeForce_RTX_5090,32,
convnext_tiny,128,64,fp16,12.370400428771973,False,NVIDIA_GeForce_RTX_5090,32,
convnext_tiny,128,64,fp32,38.58679962158203,False,NVIDIA_GeForce_RTX_5090,32,
convnext_tiny,224,16,bf16,10.140095710754396,False,NVIDIA_GeForce_RTX_5090,32,
convnext_tiny,224,16,fp16,10.06704044342041,False,NVIDIA_GeForce_RTX_5090,32,
convnext_tiny,224,16,fp32,30.64929580688477,False,NVIDIA_GeForce_RTX_5090,32,
convnext_tiny,224,32,bf16,16.085359573364258,False,NVIDIA_GeForce_RTX_5090,32,
convnext_tiny,224,32,fp16,15.952159881591797,False,NVIDIA_GeForce_RTX_5090,32,
convnext_tiny,224,32,fp32,60.55654525756836,False,NVIDIA_GeForce_RTX_5090,32,
convnext_tiny,224,64,bf16,30.61438369750977,False,NVIDIA_GeForce_RTX_5090,32,
convnext_tiny,224,64,fp16,30.373231887817383,False,NVIDIA_GeForce_RTX_5090,32,
convnext_tiny,224,64,fp32,126.03153228759766,False,NVIDIA_GeForce_RTX_5090,32,
convnextv2_base,64,16,bf16,10.874544143676758,False,NVIDIA_GeForce_RTX_5090,32,
convnextv2_base,64,16,fp16,10.82800006866455,False,NVIDIA_GeForce_RTX_5090,32,
convnextv2_base,64,16,fp32,13.331392288208008,False,NVIDIA_GeForce_RTX_5090,32,
convnextv2_base,64,32,bf16,13.166000366210938,False,NVIDIA_GeForce_RTX_5090,32,
convnextv2_base,64,32,fp16,13.098095893859863,False,NVIDIA_GeForce_RTX_5090,32,
convnextv2_base,64,32,fp32,19.60108757019043,False,NVIDIA_GeForce_RTX_5090,32,
convnextv2_base,64,64,bf16,16.777151107788086,False,NVIDIA_GeForce_RTX_5090,32,
convnextv2_base,64,64,fp16,16.71976089477539,False,NVIDIA_GeForce_RTX_5090,32,
convnextv2_base,64,64,fp32,28.53868865966797,False,NVIDIA_GeForce_RTX_5090,32,
convnextv2_base,128,16,bf16,16.69486427307129,False,NVIDIA_GeForce_RTX_5090,32,
convnextv2_base,128,16,fp16,16.64672088623047,False,NVIDIA_GeForce_RTX_5090,32,
convnextv2_base,128,16,fp32,29.96177673339844,False,NVIDIA_GeForce_RTX_5090,32,
convnextv2_base,128,32,bf16,26.421600341796875,False,NVIDIA_GeForce_RTX_5090,32,
convnextv2_base,128,32,fp16,26.272560119628903,False,NVIDIA_GeForce_RTX_5090,32,
convnextv2_base,128,32,fp32,50.82651138305664,False,NVIDIA_GeForce_RTX_5090,32,
convnextv2_base,128,64,bf16,49.75281524658203,False,NVIDIA_GeForce_RTX_5090,32,
convnextv2_base,128,64,fp16,49.54673767089844,False,NVIDIA_GeForce_RTX_5090,32,
convnextv2_base,128,64,fp32,102.6031494140625,False,NVIDIA_GeForce_RTX_5090,32,
convnextv2_base,224,16,bf16,38.89131164550781,False,NVIDIA_GeForce_RTX_5090,32,
convnextv2_base,224,16,fp16,38.74219131469727,False,NVIDIA_GeForce_RTX_5090,32,
convnextv2_base,224,16,fp32,83.20323181152344,False,NVIDIA_GeForce_RTX_5090,32,
convnextv2_base,224,32,bf16,78.23129272460938,False,NVIDIA_GeForce_RTX_5090,32,
convnextv2_base,224,32,fp16,78.03059387207031,False,NVIDIA_GeForce_RTX_5090,32,
convnextv2_base,224,32,fp32,171.44688415527344,False,NVIDIA_GeForce_RTX_5090,32,
convnextv2_base,224,64,bf16,167.8265380859375,False,NVIDIA_GeForce_RTX_5090,32,
convnextv2_base,224,64,fp16,168.16722106933594,False,NVIDIA_GeForce_RTX_5090,32,
convnextv2_base,224,64,fp32,367.7227478027344,False,NVIDIA_GeForce_RTX_5090,32,
deit_base_patch16_224,64,16,bf16,6.354864120483398,False,NVIDIA_GeForce_RTX_5090,32,
deit_base_patch16_224,64,16,fp16,6.326128005981445,False,NVIDIA_GeForce_RTX_5090,32,
deit_base_patch16_224,64,16,fp32,9.139151573181152,False,NVIDIA_GeForce_RTX_5090,32,
deit_base_patch16_224,64,32,bf16,7.097519874572754,False,NVIDIA_GeForce_RTX_5090,32,
deit_base_patch16_224,64,32,fp16,7.090079784393311,False,NVIDIA_GeForce_RTX_5090,32,
deit_base_patch16_224,64,32,fp32,11.766096115112305,False,NVIDIA_GeForce_RTX_5090,32,
deit_base_patch16_224,64,64,bf16,9.192463874816896,False,NVIDIA_GeForce_RTX_5090,32,
deit_base_patch16_224,64,64,fp16,9.146783828735352,False,NVIDIA_GeForce_RTX_5090,32,
deit_base_patch16_224,64,64,fp32,17.932559967041016,False,NVIDIA_GeForce_RTX_5090,32,
deit_base_patch16_224,128,16,bf16,8.850591659545898,False,NVIDIA_GeForce_RTX_5090,32,
deit_base_patch16_224,128,16,fp16,8.827216148376465,False,NVIDIA_GeForce_RTX_5090,32,
deit_base_patch16_224,128,16,fp32,18.115663528442383,False,NVIDIA_GeForce_RTX_5090,32,
deit_base_patch16_224,128,32,bf16,12.637680053710938,False,NVIDIA_GeForce_RTX_5090,32,
deit_base_patch16_224,128,32,fp16,12.602911949157717,False,NVIDIA_GeForce_RTX_5090,32,
deit_base_patch16_224,128,32,fp32,27.921327590942383,False,NVIDIA_GeForce_RTX_5090,32,
deit_base_patch16_224,128,64,bf16,20.03471946716309,False,NVIDIA_GeForce_RTX_5090,32,
deit_base_patch16_224,128,64,fp16,19.96857643127441,False,NVIDIA_GeForce_RTX_5090,32,
deit_base_patch16_224,128,64,fp32,51.40284729003906,False,NVIDIA_GeForce_RTX_5090,32,
deit_base_patch16_224,224,16,bf16,15.769023895263672,False,NVIDIA_GeForce_RTX_5090,32,
deit_base_patch16_224,224,16,fp16,15.717568397521973,False,NVIDIA_GeForce_RTX_5090,32,
deit_base_patch16_224,224,16,fp32,40.29214477539063,False,NVIDIA_GeForce_RTX_5090,32,
deit_base_patch16_224,224,32,bf16,27.34379196166992,False,NVIDIA_GeForce_RTX_5090,32,
deit_base_patch16_224,224,32,fp16,27.31172752380371,False,NVIDIA_GeForce_RTX_5090,32,
deit_base_patch16_224,224,32,fp32,74.97614288330078,False,NVIDIA_GeForce_RTX_5090,32,
deit_base_patch16_224,224,64,bf16,51.32270431518555,False,NVIDIA_GeForce_RTX_5090,32,
deit_base_patch16_224,224,64,fp16,51.22043228149414,False,NVIDIA_GeForce_RTX_5090,32,
deit_base_patch16_224,224,64,fp32,149.0135955810547,False,NVIDIA_GeForce_RTX_5090,32,
deit_small_patch16_224,64,16,bf16,3.2299680709838867,False,NVIDIA_GeForce_RTX_5090,32,
deit_small_patch16_224,64,16,fp16,3.150815963745117,False,NVIDIA_GeForce_RTX_5090,32,
deit_small_patch16_224,64,16,fp32,4.391712188720703,False,NVIDIA_GeForce_RTX_5090,32,
deit_small_patch16_224,64,32,bf16,3.704848051071167,False,NVIDIA_GeForce_RTX_5090,32,
deit_small_patch16_224,64,32,fp16,3.6739039421081534,False,NVIDIA_GeForce_RTX_5090,32,
deit_small_patch16_224,64,32,fp32,5.770480155944824,False,NVIDIA_GeForce_RTX_5090,32,
deit_small_patch16_224,64,64,bf16,4.315296173095703,False,NVIDIA_GeForce_RTX_5090,32,
deit_small_patch16_224,64,64,fp16,4.310448169708252,False,NVIDIA_GeForce_RTX_5090,32,
deit_small_patch16_224,64,64,fp32,7.852367877960205,False,NVIDIA_GeForce_RTX_5090,32,
deit_small_patch16_224,128,16,bf16,4.154016017913818,False,NVIDIA_GeForce_RTX_5090,32,
deit_small_patch16_224,128,16,fp16,4.136303901672363,False,NVIDIA_GeForce_RTX_5090,32,
deit_small_patch16_224,128,16,fp32,8.117952346801758,False,NVIDIA_GeForce_RTX_5090,32,
deit_small_patch16_224,128,32,bf16,5.6017279624938965,False,NVIDIA_GeForce_RTX_5090,32,
deit_small_patch16_224,128,32,fp16,5.572959899902344,False,NVIDIA_GeForce_RTX_5090,32,
deit_small_patch16_224,128,32,fp32,11.327360153198242,False,NVIDIA_GeForce_RTX_5090,32,
deit_small_patch16_224,128,64,bf16,8.473551750183105,False,NVIDIA_GeForce_RTX_5090,32,
deit_small_patch16_224,128,64,fp16,8.420479774475098,False,NVIDIA_GeForce_RTX_5090,32,
deit_small_patch16_224,128,64,fp32,17.686912536621094,False,NVIDIA_GeForce_RTX_5090,32,
deit_small_patch16_224,224,16,bf16,7.102640151977539,False,NVIDIA_GeForce_RTX_5090,32,
deit_small_patch16_224,224,16,fp16,7.06660795211792,False,NVIDIA_GeForce_RTX_5090,32,
deit_small_patch16_224,224,16,fp32,15.596752166748049,False,NVIDIA_GeForce_RTX_5090,32,
deit_small_patch16_224,224,32,bf16,10.797231674194336,False,NVIDIA_GeForce_RTX_5090,32,
deit_small_patch16_224,224,32,fp16,10.77575969696045,False,NVIDIA_GeForce_RTX_5090,32,
deit_small_patch16_224,224,32,fp32,26.20353507995605,False,NVIDIA_GeForce_RTX_5090,32,
deit_small_patch16_224,224,64,bf16,18.534143447875977,False,NVIDIA_GeForce_RTX_5090,32,
deit_small_patch16_224,224,64,fp16,18.52035140991211,False,NVIDIA_GeForce_RTX_5090,32,
deit_small_patch16_224,224,64,fp32,49.29264068603516,False,NVIDIA_GeForce_RTX_5090,32,
deit_tiny_patch16_224,64,16,bf16,2.247215986251831,False,NVIDIA_GeForce_RTX_5090,32,
deit_tiny_patch16_224,64,16,fp16,2.1702880859375,False,NVIDIA_GeForce_RTX_5090,32,
deit_tiny_patch16_224,64,16,fp32,2.663360118865967,False,NVIDIA_GeForce_RTX_5090,32,
deit_tiny_patch16_224,64,32,bf16,2.7339038848876958,False,NVIDIA_GeForce_RTX_5090,32,
deit_tiny_patch16_224,64,32,fp16,2.6169440746307373,False,NVIDIA_GeForce_RTX_5090,32,
deit_tiny_patch16_224,64,32,fp32,3.2175838947296143,False,NVIDIA_GeForce_RTX_5090,32,
deit_tiny_patch16_224,64,64,bf16,2.995887994766236,False,NVIDIA_GeForce_RTX_5090,32,
deit_tiny_patch16_224,64,64,fp16,2.9635679721832275,False,NVIDIA_GeForce_RTX_5090,32,
deit_tiny_patch16_224,64,64,fp32,4.807392120361328,False,NVIDIA_GeForce_RTX_5090,32,
deit_tiny_patch16_224,128,16,bf16,2.9771840572357178,False,NVIDIA_GeForce_RTX_5090,32,
deit_tiny_patch16_224,128,16,fp16,2.91483211517334,False,NVIDIA_GeForce_RTX_5090,32,
deit_tiny_patch16_224,128,16,fp32,4.219264030456543,False,NVIDIA_GeForce_RTX_5090,32,
deit_tiny_patch16_224,128,32,bf16,3.690416097640991,False,NVIDIA_GeForce_RTX_5090,32,
deit_tiny_patch16_224,128,32,fp16,3.6677920818328857,False,NVIDIA_GeForce_RTX_5090,32,
deit_tiny_patch16_224,128,32,fp32,7.078911781311035,False,NVIDIA_GeForce_RTX_5090,32,
deit_tiny_patch16_224,128,64,bf16,4.775167942047119,False,NVIDIA_GeForce_RTX_5090,32,
deit_tiny_patch16_224,128,64,fp16,4.758768081665039,False,NVIDIA_GeForce_RTX_5090,32,
deit_tiny_patch16_224,128,64,fp32,9.359375953674316,False,NVIDIA_GeForce_RTX_5090,32,
deit_tiny_patch16_224,224,16,bf16,4.348752021789551,False,NVIDIA_GeForce_RTX_5090,32,
deit_tiny_patch16_224,224,16,fp16,4.333199977874756,False,NVIDIA_GeForce_RTX_5090,32,
deit_tiny_patch16_224,224,16,fp32,9.247488021850586,False,NVIDIA_GeForce_RTX_5090,32,
deit_tiny_patch16_224,224,32,bf16,6.325520038604736,False,NVIDIA_GeForce_RTX_5090,32,
deit_tiny_patch16_224,224,32,fp16,6.291855812072754,False,NVIDIA_GeForce_RTX_5090,32,
deit_tiny_patch16_224,224,32,fp32,14.690431594848633,False,NVIDIA_GeForce_RTX_5090,32,
deit_tiny_patch16_224,224,64,bf16,9.795408248901367,False,NVIDIA_GeForce_RTX_5090,32,
deit_tiny_patch16_224,224,64,fp16,9.759136199951172,False,NVIDIA_GeForce_RTX_5090,32,
deit_tiny_patch16_224,224,64,fp32,23.889280319213867,False,NVIDIA_GeForce_RTX_5090,32,
densenet121,64,16,bf16,6.758255958557129,False,NVIDIA_GeForce_RTX_5090,32,
densenet121,64,16,fp16,6.370016098022461,False,NVIDIA_GeForce_RTX_5090,32,
densenet121,64,16,fp32,6.234591960906982,False,NVIDIA_GeForce_RTX_5090,32,
densenet121,64,32,bf16,8.140416145324707,False,NVIDIA_GeForce_RTX_5090,32,
densenet121,64,32,fp16,7.756703853607178,False,NVIDIA_GeForce_RTX_5090,32,
densenet121,64,32,fp32,7.190144062042236,False,NVIDIA_GeForce_RTX_5090,32,
densenet121,64,64,bf16,11.040191650390623,False,NVIDIA_GeForce_RTX_5090,32,
densenet121,64,64,fp16,9.478544235229492,False,NVIDIA_GeForce_RTX_5090,32,
densenet121,64,64,fp32,9.505935668945312,False,NVIDIA_GeForce_RTX_5090,32,
densenet121,128,16,bf16,8.625920295715332,False,NVIDIA_GeForce_RTX_5090,32,
densenet121,128,16,fp16,7.645455837249756,False,NVIDIA_GeForce_RTX_5090,32,
densenet121,128,16,fp32,8.16256046295166,False,NVIDIA_GeForce_RTX_5090,32,
densenet121,128,32,bf16,11.610079765319824,False,NVIDIA_GeForce_RTX_5090,32,
densenet121,128,32,fp16,10.04633617401123,False,NVIDIA_GeForce_RTX_5090,32,
densenet121,128,32,fp32,11.849679946899414,False,NVIDIA_GeForce_RTX_5090,32,
densenet121,128,64,bf16,17.223936080932617,False,NVIDIA_GeForce_RTX_5090,32,
densenet121,128,64,fp16,14.095279693603516,False,NVIDIA_GeForce_RTX_5090,32,
densenet121,128,64,fp32,20.74193572998047,False,NVIDIA_GeForce_RTX_5090,32,
densenet121,224,16,bf16,13.93284797668457,False,NVIDIA_GeForce_RTX_5090,32,
densenet121,224,16,fp16,11.455087661743164,False,NVIDIA_GeForce_RTX_5090,32,
densenet121,224,16,fp32,15.672176361083984,False,NVIDIA_GeForce_RTX_5090,32,
densenet121,224,32,bf16,22.451440811157227,False,NVIDIA_GeForce_RTX_5090,32,
densenet121,224,32,fp16,18.25377655029297,False,NVIDIA_GeForce_RTX_5090,32,
densenet121,224,32,fp32,29.56216049194336,False,NVIDIA_GeForce_RTX_5090,32,
densenet121,224,64,bf16,42.255489349365234,False,NVIDIA_GeForce_RTX_5090,32,
densenet121,224,64,fp16,34.752288818359375,False,NVIDIA_GeForce_RTX_5090,32,
densenet121,224,64,fp32,59.65137481689453,False,NVIDIA_GeForce_RTX_5090,32,
dm_nfnet_f1,64,16,bf16,16.073936462402344,False,NVIDIA_GeForce_RTX_5090,32,
dm_nfnet_f1,64,16,fp16,15.663536071777344,False,NVIDIA_GeForce_RTX_5090,32,
dm_nfnet_f1,64,16,fp32,22.46601676940918,False,NVIDIA_GeForce_RTX_5090,32,
dm_nfnet_f1,64,32,bf16,19.356624603271484,False,NVIDIA_GeForce_RTX_5090,32,
dm_nfnet_f1,64,32,fp16,19.07225608825684,False,NVIDIA_GeForce_RTX_5090,32,
dm_nfnet_f1,64,32,fp32,30.71174430847168,False,NVIDIA_GeForce_RTX_5090,32,
dm_nfnet_f1,64,64,bf16,29.39321517944336,False,NVIDIA_GeForce_RTX_5090,32,
dm_nfnet_f1,64,64,fp16,29.16592025756836,False,NVIDIA_GeForce_RTX_5090,32,
dm_nfnet_f1,64,64,fp32,43.97135925292969,False,NVIDIA_GeForce_RTX_5090,32,
dm_nfnet_f1,128,16,bf16,22.32545661926269,False,NVIDIA_GeForce_RTX_5090,32,
dm_nfnet_f1,128,16,fp16,19.98179244995117,False,NVIDIA_GeForce_RTX_5090,32,
dm_nfnet_f1,128,16,fp32,28.66496086120605,False,NVIDIA_GeForce_RTX_5090,32,
dm_nfnet_f1,128,32,bf16,29.47606468200684,False,NVIDIA_GeForce_RTX_5090,32,
dm_nfnet_f1,128,32,fp16,28.503087997436523,False,NVIDIA_GeForce_RTX_5090,32,
dm_nfnet_f1,128,32,fp32,43.44099044799805,False,NVIDIA_GeForce_RTX_5090,32,
dm_nfnet_f1,128,64,bf16,44.77233505249024,False,NVIDIA_GeForce_RTX_5090,32,
dm_nfnet_f1,128,64,fp16,42.511505126953125,False,NVIDIA_GeForce_RTX_5090,32,
dm_nfnet_f1,128,64,fp32,63.99959945678711,False,NVIDIA_GeForce_RTX_5090,32,
dm_nfnet_f1,224,16,bf16,34.45225524902344,False,NVIDIA_GeForce_RTX_5090,32,
dm_nfnet_f1,224,16,fp16,32.61203384399414,False,NVIDIA_GeForce_RTX_5090,32,
dm_nfnet_f1,224,16,fp32,50.40216064453125,False,NVIDIA_GeForce_RTX_5090,32,
dm_nfnet_f1,224,32,bf16,54.67736053466797,False,NVIDIA_GeForce_RTX_5090,32,
dm_nfnet_f1,224,32,fp16,53.568992614746094,False,NVIDIA_GeForce_RTX_5090,32,
dm_nfnet_f1,224,32,fp32,96.66598510742188,False,NVIDIA_GeForce_RTX_5090,32,
dm_nfnet_f1,224,64,bf16,103.40347290039062,False,NVIDIA_GeForce_RTX_5090,32,
dm_nfnet_f1,224,64,fp16,99.95382690429688,False,NVIDIA_GeForce_RTX_5090,32,
dm_nfnet_f1,224,64,fp32,191.35145568847656,False,NVIDIA_GeForce_RTX_5090,32,
efficientnet_b0,64,16,bf16,3.424191951751709,False,NVIDIA_GeForce_RTX_5090,32,
efficientnet_b0,64,16,fp16,3.088144063949585,False,NVIDIA_GeForce_RTX_5090,32,
efficientnet_b0,64,16,fp32,3.364784002304077,False,NVIDIA_GeForce_RTX_5090,32,
efficientnet_b0,64,32,bf16,4.259856224060059,False,NVIDIA_GeForce_RTX_5090,32,
efficientnet_b0,64,32,fp16,3.689343929290772,False,NVIDIA_GeForce_RTX_5090,32,
efficientnet_b0,64,32,fp32,4.146224021911621,False,NVIDIA_GeForce_RTX_5090,32,
efficientnet_b0,64,64,bf16,5.662543773651123,False,NVIDIA_GeForce_RTX_5090,32,
efficientnet_b0,64,64,fp16,4.687056064605713,False,NVIDIA_GeForce_RTX_5090,32,
efficientnet_b0,64,64,fp32,5.947231769561768,False,NVIDIA_GeForce_RTX_5090,32,
efficientnet_b0,128,16,bf16,4.714176177978516,False,NVIDIA_GeForce_RTX_5090,32,
efficientnet_b0,128,16,fp16,4.039599895477295,False,NVIDIA_GeForce_RTX_5090,32,
efficientnet_b0,128,16,fp32,4.602176189422607,False,NVIDIA_GeForce_RTX_5090,32,
efficientnet_b0,128,32,bf16,6.642848014831543,False,NVIDIA_GeForce_RTX_5090,32,
efficientnet_b0,128,32,fp16,5.442383766174316,False,NVIDIA_GeForce_RTX_5090,32,
efficientnet_b0,128,32,fp32,6.7574238777160645,False,NVIDIA_GeForce_RTX_5090,32,
efficientnet_b0,128,64,bf16,10.578432083129885,False,NVIDIA_GeForce_RTX_5090,32,
efficientnet_b0,128,64,fp16,8.334207534790039,False,NVIDIA_GeForce_RTX_5090,32,
efficientnet_b0,128,64,fp32,11.609071731567385,False,NVIDIA_GeForce_RTX_5090,32,
efficientnet_b0,224,16,bf16,8.340527534484863,False,NVIDIA_GeForce_RTX_5090,32,
efficientnet_b0,224,16,fp16,6.435808181762695,False,NVIDIA_GeForce_RTX_5090,32,
efficientnet_b0,224,16,fp32,8.734047889709473,False,NVIDIA_GeForce_RTX_5090,32,
efficientnet_b0,224,32,bf16,13.609312057495115,False,NVIDIA_GeForce_RTX_5090,32,
efficientnet_b0,224,32,fp16,10.23083209991455,False,NVIDIA_GeForce_RTX_5090,32,
efficientnet_b0,224,32,fp32,16.26148796081543,False,NVIDIA_GeForce_RTX_5090,32,
efficientnet_b0,224,64,bf16,26.66409683227539,False,NVIDIA_GeForce_RTX_5090,32,
efficientnet_b0,224,64,fp16,20.15936088562012,False,NVIDIA_GeForce_RTX_5090,32,
efficientnet_b0,224,64,fp32,33.39134216308594,False,NVIDIA_GeForce_RTX_5090,32,
efficientnet_b3,64,16,bf16,6.572192192077637,False,NVIDIA_GeForce_RTX_5090,32,
efficientnet_b3,64,16,fp16,5.878384113311768,False,NVIDIA_GeForce_RTX_5090,32,
efficientnet_b3,64,16,fp32,6.256207942962647,False,NVIDIA_GeForce_RTX_5090,32,
efficientnet_b3,64,32,bf16,7.8919358253479,False,NVIDIA_GeForce_RTX_5090,32,
efficientnet_b3,64,32,fp16,6.720784187316895,False,NVIDIA_GeForce_RTX_5090,32,
efficientnet_b3,64,32,fp32,7.8002238273620605,False,NVIDIA_GeForce_RTX_5090,32,
efficientnet_b3,64,64,bf16,10.509648323059082,False,NVIDIA_GeForce_RTX_5090,32,
efficientnet_b3,64,64,fp16,8.672063827514648,False,NVIDIA_GeForce_RTX_5090,32,
efficientnet_b3,64,64,fp32,12.10204792022705,False,NVIDIA_GeForce_RTX_5090,32,
efficientnet_b3,128,16,bf16,8.77409553527832,False,NVIDIA_GeForce_RTX_5090,32,
efficientnet_b3,128,16,fp16,7.405776023864746,False,NVIDIA_GeForce_RTX_5090,32,
efficientnet_b3,128,16,fp32,8.408687591552734,False,NVIDIA_GeForce_RTX_5090,32,
efficientnet_b3,128,32,bf16,12.27952003479004,False,NVIDIA_GeForce_RTX_5090,32,
efficientnet_b3,128,32,fp16,9.970144271850586,False,NVIDIA_GeForce_RTX_5090,32,
efficientnet_b3,128,32,fp32,12.531968116760254,False,NVIDIA_GeForce_RTX_5090,32,
efficientnet_b3,128,64,bf16,19.871919631958008,False,NVIDIA_GeForce_RTX_5090,32,
efficientnet_b3,128,64,fp16,15.702320098876951,False,NVIDIA_GeForce_RTX_5090,32,
efficientnet_b3,128,64,fp32,23.168079376220703,False,NVIDIA_GeForce_RTX_5090,32,
efficientnet_b3,224,16,bf16,15.260239601135254,False,NVIDIA_GeForce_RTX_5090,32,
efficientnet_b3,224,16,fp16,11.81223964691162,False,NVIDIA_GeForce_RTX_5090,32,
efficientnet_b3,224,16,fp32,16.854944229125977,False,NVIDIA_GeForce_RTX_5090,32,
efficientnet_b3,224,32,bf16,25.45359992980957,False,NVIDIA_GeForce_RTX_5090,32,
efficientnet_b3,224,32,fp16,19.067136764526367,False,NVIDIA_GeForce_RTX_5090,32,
efficientnet_b3,224,32,fp32,31.6112003326416,False,NVIDIA_GeForce_RTX_5090,32,
efficientnet_b3,224,64,bf16,49.917598724365234,False,NVIDIA_GeForce_RTX_5090,32,
efficientnet_b3,224,64,fp16,37.91867065429688,False,NVIDIA_GeForce_RTX_5090,32,
efficientnet_b3,224,64,fp32,65.17481231689453,False,NVIDIA_GeForce_RTX_5090,32,
efficientnet_b5,64,16,bf16,10.717120170593262,False,NVIDIA_GeForce_RTX_5090,32,
efficientnet_b5,64,16,fp16,9.575167655944824,False,NVIDIA_GeForce_RTX_5090,32,
efficientnet_b5,64,16,fp32,10.79379177093506,False,NVIDIA_GeForce_RTX_5090,32,
efficientnet_b5,64,32,bf16,13.315055847167969,False,NVIDIA_GeForce_RTX_5090,32,
efficientnet_b5,64,32,fp16,11.519871711730955,False,NVIDIA_GeForce_RTX_5090,32,
efficientnet_b5,64,32,fp32,14.964672088623049,False,NVIDIA_GeForce_RTX_5090,32,
efficientnet_b5,64,64,bf16,18.65180778503418,False,NVIDIA_GeForce_RTX_5090,32,
efficientnet_b5,64,64,fp16,15.256400108337402,False,NVIDIA_GeForce_RTX_5090,32,
efficientnet_b5,64,64,fp32,22.192047119140625,False,NVIDIA_GeForce_RTX_5090,32,
efficientnet_b5,128,16,bf16,14.336895942687988,False,NVIDIA_GeForce_RTX_5090,32,
efficientnet_b5,128,16,fp16,11.737199783325195,False,NVIDIA_GeForce_RTX_5090,32,
efficientnet_b5,128,16,fp32,14.842448234558104,False,NVIDIA_GeForce_RTX_5090,32,
efficientnet_b5,128,32,bf16,20.5054874420166,False,NVIDIA_GeForce_RTX_5090,32,
efficientnet_b5,128,32,fp16,16.334495544433594,False,NVIDIA_GeForce_RTX_5090,32,
efficientnet_b5,128,32,fp32,23.417680740356445,False,NVIDIA_GeForce_RTX_5090,32,
efficientnet_b5,128,64,bf16,33.77150344848633,False,NVIDIA_GeForce_RTX_5090,32,
efficientnet_b5,128,64,fp16,25.99135971069336,False,NVIDIA_GeForce_RTX_5090,32,
efficientnet_b5,128,64,fp32,42.765743255615234,False,NVIDIA_GeForce_RTX_5090,32,
efficientnet_b5,224,16,bf16,25.29800033569336,False,NVIDIA_GeForce_RTX_5090,32,
efficientnet_b5,224,16,fp16,19.388240814208984,False,NVIDIA_GeForce_RTX_5090,32,
efficientnet_b5,224,16,fp32,30.22808074951172,False,NVIDIA_GeForce_RTX_5090,32,
efficientnet_b5,224,32,bf16,44.72974395751953,False,NVIDIA_GeForce_RTX_5090,32,
efficientnet_b5,224,32,fp16,32.94540786743164,False,NVIDIA_GeForce_RTX_5090,32,
efficientnet_b5,224,32,fp32,58.88950347900391,False,NVIDIA_GeForce_RTX_5090,32,
efficientnet_b5,224,64,bf16,89.62614440917969,False,NVIDIA_GeForce_RTX_5090,32,
efficientnet_b5,224,64,fp16,65.59317016601562,False,NVIDIA_GeForce_RTX_5090,32,
efficientnet_b5,224,64,fp32,143.51052856445312,False,NVIDIA_GeForce_RTX_5090,32,
efficientnetv2_l,64,16,bf16,23.320640563964844,False,NVIDIA_GeForce_RTX_5090,32,
efficientnetv2_l,64,16,fp16,21.58764839172364,False,NVIDIA_GeForce_RTX_5090,32,
efficientnetv2_l,64,16,fp32,25.976608276367188,False,NVIDIA_GeForce_RTX_5090,32,
efficientnetv2_l,64,32,bf16,27.71513557434082,False,NVIDIA_GeForce_RTX_5090,32,
efficientnetv2_l,64,32,fp16,25.35409545898437,False,NVIDIA_GeForce_RTX_5090,32,
efficientnetv2_l,64,32,fp32,33.561790466308594,False,NVIDIA_GeForce_RTX_5090,32,
efficientnetv2_l,64,64,bf16,38.76222229003906,False,NVIDIA_GeForce_RTX_5090,32,
efficientnetv2_l,64,64,fp16,33.75729751586914,False,NVIDIA_GeForce_RTX_5090,32,
efficientnetv2_l,64,64,fp32,54.41718292236328,False,NVIDIA_GeForce_RTX_5090,32,
efficientnetv2_l,128,16,bf16,28.14243125915528,False,NVIDIA_GeForce_RTX_5090,32,
efficientnetv2_l,128,16,fp16,24.476736068725582,False,NVIDIA_GeForce_RTX_5090,32,
efficientnetv2_l,128,16,fp32,31.168720245361328,False,NVIDIA_GeForce_RTX_5090,32,
efficientnetv2_l,128,32,bf16,39.47163009643555,False,NVIDIA_GeForce_RTX_5090,32,
efficientnetv2_l,128,32,fp16,34.24430465698242,False,NVIDIA_GeForce_RTX_5090,32,
efficientnetv2_l,128,32,fp32,45.1026725769043,False,NVIDIA_GeForce_RTX_5090,32,
efficientnetv2_l,128,64,bf16,66.95518493652344,False,NVIDIA_GeForce_RTX_5090,32,
efficientnetv2_l,128,64,fp16,56.966304779052734,False,NVIDIA_GeForce_RTX_5090,32,
efficientnetv2_l,128,64,fp32,81.37860870361328,False,NVIDIA_GeForce_RTX_5090,32,
efficientnetv2_l,224,16,bf16,43.01496124267578,False,NVIDIA_GeForce_RTX_5090,32,
efficientnetv2_l,224,16,fp16,36.491329193115234,False,NVIDIA_GeForce_RTX_5090,32,
efficientnetv2_l,224,16,fp32,52.36454391479492,False,NVIDIA_GeForce_RTX_5090,32,
efficientnetv2_l,224,32,bf16,72.98526763916016,False,NVIDIA_GeForce_RTX_5090,32,
efficientnetv2_l,224,32,fp16,59.10728073120117,False,NVIDIA_GeForce_RTX_5090,32,
efficientnetv2_l,224,32,fp32,92.54275512695312,False,NVIDIA_GeForce_RTX_5090,32,
efficientnetv2_l,224,64,bf16,135.56732177734375,False,NVIDIA_GeForce_RTX_5090,32,
efficientnetv2_l,224,64,fp16,108.31858825683594,False,NVIDIA_GeForce_RTX_5090,32,
efficientnetv2_l,224,64,fp32,,True,NVIDIA_GeForce_RTX_5090,32,
efficientnetv2_m,64,16,bf16,14.839887619018556,False,NVIDIA_GeForce_RTX_5090,32,
efficientnetv2_m,64,16,fp16,13.43000030517578,False,NVIDIA_GeForce_RTX_5090,32,
efficientnetv2_m,64,16,fp32,14.887727737426758,False,NVIDIA_GeForce_RTX_5090,32,
efficientnetv2_m,64,32,bf16,17.6944637298584,False,NVIDIA_GeForce_RTX_5090,32,
efficientnetv2_m,64,32,fp16,15.80515193939209,False,NVIDIA_GeForce_RTX_5090,32,
efficientnetv2_m,64,32,fp32,20.88374328613281,False,NVIDIA_GeForce_RTX_5090,32,
efficientnetv2_m,64,64,bf16,24.096847534179688,False,NVIDIA_GeForce_RTX_5090,32,
efficientnetv2_m,64,64,fp16,20.058256149291992,False,NVIDIA_GeForce_RTX_5090,32,
efficientnetv2_m,64,64,fp32,30.842432022094727,False,NVIDIA_GeForce_RTX_5090,32,
efficientnetv2_m,128,16,bf16,17.768688201904297,False,NVIDIA_GeForce_RTX_5090,32,
efficientnetv2_m,128,16,fp16,15.42670440673828,False,NVIDIA_GeForce_RTX_5090,32,
efficientnetv2_m,128,16,fp32,18.247663497924805,False,NVIDIA_GeForce_RTX_5090,32,
efficientnetv2_m,128,32,bf16,23.60939216613769,False,NVIDIA_GeForce_RTX_5090,32,
efficientnetv2_m,128,32,fp16,20.106719970703125,False,NVIDIA_GeForce_RTX_5090,32,
efficientnetv2_m,128,32,fp32,27.7983512878418,False,NVIDIA_GeForce_RTX_5090,32,
efficientnetv2_m,128,64,bf16,36.536014556884766,False,NVIDIA_GeForce_RTX_5090,32,
efficientnetv2_m,128,64,fp16,29.68734359741211,False,NVIDIA_GeForce_RTX_5090,32,
efficientnetv2_m,128,64,fp32,47.05227279663086,False,NVIDIA_GeForce_RTX_5090,32,
efficientnetv2_m,224,16,bf16,27.0196475982666,False,NVIDIA_GeForce_RTX_5090,32,
efficientnetv2_m,224,16,fp16,23.265871047973636,False,NVIDIA_GeForce_RTX_5090,32,
efficientnetv2_m,224,16,fp32,31.139440536499023,False,NVIDIA_GeForce_RTX_5090,32,
efficientnetv2_m,224,32,bf16,43.24135971069336,False,NVIDIA_GeForce_RTX_5090,32,
efficientnetv2_m,224,32,fp16,34.453102111816406,False,NVIDIA_GeForce_RTX_5090,32,
efficientnetv2_m,224,32,fp32,51.48596954345703,False,NVIDIA_GeForce_RTX_5090,32,
efficientnetv2_m,224,64,bf16,78.4203872680664,False,NVIDIA_GeForce_RTX_5090,32,
efficientnetv2_m,224,64,fp16,60.643951416015625,False,NVIDIA_GeForce_RTX_5090,32,
efficientnetv2_m,224,64,fp32,106.55980682373048,False,NVIDIA_GeForce_RTX_5090,32,
efficientnetv2_s,64,16,bf16,8.596256256103516,False,NVIDIA_GeForce_RTX_5090,32,
efficientnetv2_s,64,16,fp16,7.818960189819336,False,NVIDIA_GeForce_RTX_5090,32,
efficientnetv2_s,64,16,fp32,8.637503623962402,False,NVIDIA_GeForce_RTX_5090,32,
efficientnetv2_s,64,32,bf16,10.192912101745604,False,NVIDIA_GeForce_RTX_5090,32,
efficientnetv2_s,64,32,fp16,8.9192476272583,False,NVIDIA_GeForce_RTX_5090,32,
efficientnetv2_s,64,32,fp32,10.503408432006836,False,NVIDIA_GeForce_RTX_5090,32,
efficientnetv2_s,64,64,bf16,13.621088027954102,False,NVIDIA_GeForce_RTX_5090,32,
efficientnetv2_s,64,64,fp16,11.496015548706056,False,NVIDIA_GeForce_RTX_5090,32,
efficientnetv2_s,64,64,fp32,17.389455795288086,False,NVIDIA_GeForce_RTX_5090,32,
efficientnetv2_s,128,16,bf16,10.645024299621582,False,NVIDIA_GeForce_RTX_5090,32,
efficientnetv2_s,128,16,fp16,9.325231552124023,False,NVIDIA_GeForce_RTX_5090,32,
efficientnetv2_s,128,16,fp32,10.482912063598633,False,NVIDIA_GeForce_RTX_5090,32,
efficientnetv2_s,128,32,bf16,14.26416015625,False,NVIDIA_GeForce_RTX_5090,32,
efficientnetv2_s,128,32,fp16,12.12224006652832,False,NVIDIA_GeForce_RTX_5090,32,
efficientnetv2_s,128,32,fp32,14.766736030578612,False,NVIDIA_GeForce_RTX_5090,32,
efficientnetv2_s,128,64,bf16,21.951215744018555,False,NVIDIA_GeForce_RTX_5090,32,
efficientnetv2_s,128,64,fp16,17.97172737121582,False,NVIDIA_GeForce_RTX_5090,32,
efficientnetv2_s,128,64,fp32,27.207311630249023,False,NVIDIA_GeForce_RTX_5090,32,
efficientnetv2_s,224,16,bf16,16.155216217041016,False,NVIDIA_GeForce_RTX_5090,32,
efficientnetv2_s,224,16,fp16,13.45852756500244,False,NVIDIA_GeForce_RTX_5090,32,
efficientnetv2_s,224,16,fp32,18.61814308166504,False,NVIDIA_GeForce_RTX_5090,32,
efficientnetv2_s,224,32,bf16,25.648624420166016,False,NVIDIA_GeForce_RTX_5090,32,
efficientnetv2_s,224,32,fp16,20.4661922454834,False,NVIDIA_GeForce_RTX_5090,32,
efficientnetv2_s,224,32,fp32,30.68067169189453,False,NVIDIA_GeForce_RTX_5090,32,
efficientnetv2_s,224,64,bf16,45.69891357421875,False,NVIDIA_GeForce_RTX_5090,32,
efficientnetv2_s,224,64,fp16,35.65913772583008,False,NVIDIA_GeForce_RTX_5090,32,
efficientnetv2_s,224,64,fp32,61.1694221496582,False,NVIDIA_GeForce_RTX_5090,32,
fastvit_t12,64,16,bf16,4.361743927001953,False,NVIDIA_GeForce_RTX_5090,32,
fastvit_t12,64,16,fp16,4.030975818634033,False,NVIDIA_GeForce_RTX_5090,32,
fastvit_t12,64,16,fp32,4.137311935424805,False,NVIDIA_GeForce_RTX_5090,32,
fastvit_t12,64,32,bf16,5.285647869110107,False,NVIDIA_GeForce_RTX_5090,32,
fastvit_t12,64,32,fp16,4.784095764160156,False,NVIDIA_GeForce_RTX_5090,32,
fastvit_t12,64,32,fp32,5.137119770050049,False,NVIDIA_GeForce_RTX_5090,32,
fastvit_t12,64,64,bf16,7.414527893066406,False,NVIDIA_GeForce_RTX_5090,32,
fastvit_t12,64,64,fp16,6.439087867736816,False,NVIDIA_GeForce_RTX_5090,32,
fastvit_t12,64,64,fp32,8.058480262756348,False,NVIDIA_GeForce_RTX_5090,32,
fastvit_t12,128,16,bf16,5.997488021850586,False,NVIDIA_GeForce_RTX_5090,32,
fastvit_t12,128,16,fp16,5.309375762939453,False,NVIDIA_GeForce_RTX_5090,32,
fastvit_t12,128,16,fp32,5.624783992767334,False,NVIDIA_GeForce_RTX_5090,32,
fastvit_t12,128,32,bf16,8.640543937683105,False,NVIDIA_GeForce_RTX_5090,32,
fastvit_t12,128,32,fp16,7.570303916931152,False,NVIDIA_GeForce_RTX_5090,32,
fastvit_t12,128,32,fp32,8.642448425292969,False,NVIDIA_GeForce_RTX_5090,32,
fastvit_t12,128,64,bf16,14.234016418457031,False,NVIDIA_GeForce_RTX_5090,32,
fastvit_t12,128,64,fp16,12.35763168334961,False,NVIDIA_GeForce_RTX_5090,32,
fastvit_t12,128,64,fp32,15.71513557434082,False,NVIDIA_GeForce_RTX_5090,32,
fastvit_t12,224,16,bf16,11.336671829223633,False,NVIDIA_GeForce_RTX_5090,32,
fastvit_t12,224,16,fp16,9.828479766845703,False,NVIDIA_GeForce_RTX_5090,32,
fastvit_t12,224,16,fp32,12.308256149291992,False,NVIDIA_GeForce_RTX_5090,32,
fastvit_t12,224,32,bf16,20.352367401123047,False,NVIDIA_GeForce_RTX_5090,32,
fastvit_t12,224,32,fp16,17.449424743652344,False,NVIDIA_GeForce_RTX_5090,32,
fastvit_t12,224,32,fp32,21.75790405273437,False,NVIDIA_GeForce_RTX_5090,32,
fastvit_t12,224,64,bf16,38.95217514038086,False,NVIDIA_GeForce_RTX_5090,32,
fastvit_t12,224,64,fp16,33.49908828735352,False,NVIDIA_GeForce_RTX_5090,32,
fastvit_t12,224,64,fp32,44.494625091552734,False,NVIDIA_GeForce_RTX_5090,32,
fastvit_t8,64,16,bf16,3.3650081157684326,False,NVIDIA_GeForce_RTX_5090,32,
fastvit_t8,64,16,fp16,3.077375888824463,False,NVIDIA_GeForce_RTX_5090,32,
fastvit_t8,64,16,fp32,3.0911359786987305,False,NVIDIA_GeForce_RTX_5090,32,
fastvit_t8,64,32,bf16,4.125487804412842,False,NVIDIA_GeForce_RTX_5090,32,
fastvit_t8,64,32,fp16,3.665679931640625,False,NVIDIA_GeForce_RTX_5090,32,
fastvit_t8,64,32,fp32,3.9895520210266113,False,NVIDIA_GeForce_RTX_5090,32,
fastvit_t8,64,64,bf16,5.639520168304443,False,NVIDIA_GeForce_RTX_5090,32,
fastvit_t8,64,64,fp16,4.867040157318115,False,NVIDIA_GeForce_RTX_5090,32,
fastvit_t8,64,64,fp32,5.703440189361572,False,NVIDIA_GeForce_RTX_5090,32,
fastvit_t8,128,16,bf16,4.88647985458374,False,NVIDIA_GeForce_RTX_5090,32,
fastvit_t8,128,16,fp16,4.316271781921387,False,NVIDIA_GeForce_RTX_5090,32,
fastvit_t8,128,16,fp32,4.34168004989624,False,NVIDIA_GeForce_RTX_5090,32,
fastvit_t8,128,32,bf16,6.853583812713623,False,NVIDIA_GeForce_RTX_5090,32,
fastvit_t8,128,32,fp16,5.953135967254639,False,NVIDIA_GeForce_RTX_5090,32,
fastvit_t8,128,32,fp32,6.553120136260986,False,NVIDIA_GeForce_RTX_5090,32,
fastvit_t8,128,64,bf16,11.156271934509276,False,NVIDIA_GeForce_RTX_5090,32,
fastvit_t8,128,64,fp16,9.692367553710938,False,NVIDIA_GeForce_RTX_5090,32,
fastvit_t8,128,64,fp32,11.476160049438477,False,NVIDIA_GeForce_RTX_5090,32,
fastvit_t8,224,16,bf16,8.863136291503906,False,NVIDIA_GeForce_RTX_5090,32,
fastvit_t8,224,16,fp16,7.607744216918945,False,NVIDIA_GeForce_RTX_5090,32,
fastvit_t8,224,16,fp32,8.591279983520508,False,NVIDIA_GeForce_RTX_5090,32,
fastvit_t8,224,32,bf16,15.386832237243652,False,NVIDIA_GeForce_RTX_5090,32,
fastvit_t8,224,32,fp16,12.961423873901367,False,NVIDIA_GeForce_RTX_5090,32,
fastvit_t8,224,32,fp32,15.748448371887209,False,NVIDIA_GeForce_RTX_5090,32,
fastvit_t8,224,64,bf16,29.15163230895996,False,NVIDIA_GeForce_RTX_5090,32,
fastvit_t8,224,64,fp16,24.838512420654297,False,NVIDIA_GeForce_RTX_5090,32,
fastvit_t8,224,64,fp32,32.02406311035156,False,NVIDIA_GeForce_RTX_5090,32,
maxvit_tiny_tf_224,64,16,bf16,9.952336311340332,False,NVIDIA_GeForce_RTX_5090,32,
maxvit_tiny_tf_224,64,16,fp16,9.500127792358398,False,NVIDIA_GeForce_RTX_5090,32,
maxvit_tiny_tf_224,64,16,fp32,11.340736389160156,False,NVIDIA_GeForce_RTX_5090,32,
maxvit_tiny_tf_224,64,32,bf16,12.3985595703125,False,NVIDIA_GeForce_RTX_5090,32,
maxvit_tiny_tf_224,64,32,fp16,11.688336372375488,False,NVIDIA_GeForce_RTX_5090,32,
maxvit_tiny_tf_224,64,32,fp32,15.503408432006836,False,NVIDIA_GeForce_RTX_5090,32,
maxvit_tiny_tf_224,64,64,bf16,16.771696090698242,False,NVIDIA_GeForce_RTX_5090,32,
maxvit_tiny_tf_224,64,64,fp16,15.529855728149414,False,NVIDIA_GeForce_RTX_5090,32,
maxvit_tiny_tf_224,64,64,fp32,25.99190330505371,False,NVIDIA_GeForce_RTX_5090,32,
maxvit_tiny_tf_224,128,16,bf16,14.13150405883789,False,NVIDIA_GeForce_RTX_5090,32,
maxvit_tiny_tf_224,128,16,fp16,13.086848258972168,False,NVIDIA_GeForce_RTX_5090,32,
maxvit_tiny_tf_224,128,16,fp32,19.97652816772461,False,NVIDIA_GeForce_RTX_5090,32,
maxvit_tiny_tf_224,128,32,bf16,20.721792221069336,False,NVIDIA_GeForce_RTX_5090,32,
maxvit_tiny_tf_224,128,32,fp16,19.25641632080078,False,NVIDIA_GeForce_RTX_5090,32,
maxvit_tiny_tf_224,128,32,fp32,31.997743606567383,False,NVIDIA_GeForce_RTX_5090,32,
maxvit_tiny_tf_224,128,64,bf16,34.35908889770508,False,NVIDIA_GeForce_RTX_5090,32,
maxvit_tiny_tf_224,128,64,fp16,31.8288631439209,False,NVIDIA_GeForce_RTX_5090,32,
maxvit_tiny_tf_224,128,64,fp32,55.070289611816406,False,NVIDIA_GeForce_RTX_5090,32,
maxvit_tiny_tf_224,224,16,bf16,27.310752868652344,False,NVIDIA_GeForce_RTX_5090,32,
maxvit_tiny_tf_224,224,16,fp16,25.3920955657959,False,NVIDIA_GeForce_RTX_5090,32,
maxvit_tiny_tf_224,224,16,fp32,41.23871994018555,False,NVIDIA_GeForce_RTX_5090,32,
maxvit_tiny_tf_224,224,32,bf16,45.84513473510742,False,NVIDIA_GeForce_RTX_5090,32,
maxvit_tiny_tf_224,224,32,fp16,42.45499038696289,False,NVIDIA_GeForce_RTX_5090,32,
maxvit_tiny_tf_224,224,32,fp32,73.19950103759766,False,NVIDIA_GeForce_RTX_5090,32,
maxvit_tiny_tf_224,224,64,bf16,87.44193267822266,False,NVIDIA_GeForce_RTX_5090,32,
maxvit_tiny_tf_224,224,64,fp16,80.91162872314453,False,NVIDIA_GeForce_RTX_5090,32,
maxvit_tiny_tf_224,224,64,fp32,146.03216552734375,False,NVIDIA_GeForce_RTX_5090,32,
mixer_b16_224,64,16,bf16,5.551167964935303,False,NVIDIA_GeForce_RTX_5090,32,
mixer_b16_224,64,16,fp16,5.49513578414917,False,NVIDIA_GeForce_RTX_5090,32,
mixer_b16_224,64,16,fp32,7.679279804229736,False,NVIDIA_GeForce_RTX_5090,32,
mixer_b16_224,64,32,bf16,6.609344005584717,False,NVIDIA_GeForce_RTX_5090,32,
mixer_b16_224,64,32,fp16,6.509712219238281,False,NVIDIA_GeForce_RTX_5090,32,
mixer_b16_224,64,32,fp32,10.747056007385254,False,NVIDIA_GeForce_RTX_5090,32,
mixer_b16_224,64,64,bf16,9.214591979980469,False,NVIDIA_GeForce_RTX_5090,32,
mixer_b16_224,64,64,fp16,9.09615993499756,False,NVIDIA_GeForce_RTX_5090,32,
mixer_b16_224,64,64,fp32,18.709936141967773,False,NVIDIA_GeForce_RTX_5090,32,
mixer_b16_224,128,16,bf16,7.622704029083252,False,NVIDIA_GeForce_RTX_5090,32,
mixer_b16_224,128,16,fp16,7.580031871795654,False,NVIDIA_GeForce_RTX_5090,32,
mixer_b16_224,128,16,fp32,15.317248344421388,False,NVIDIA_GeForce_RTX_5090,32,
mixer_b16_224,128,32,bf16,11.164976119995115,False,NVIDIA_GeForce_RTX_5090,32,
mixer_b16_224,128,32,fp16,11.115792274475098,False,NVIDIA_GeForce_RTX_5090,32,
mixer_b16_224,128,32,fp32,23.65203285217285,False,NVIDIA_GeForce_RTX_5090,32,
mixer_b16_224,128,64,bf16,18.41551971435547,False,NVIDIA_GeForce_RTX_5090,32,
mixer_b16_224,128,64,fp16,18.319360733032227,False,NVIDIA_GeForce_RTX_5090,32,
mixer_b16_224,128,64,fp32,44.61798477172852,False,NVIDIA_GeForce_RTX_5090,32,
mixer_b16_224,224,16,bf16,14.266639709472656,False,NVIDIA_GeForce_RTX_5090,32,
mixer_b16_224,224,16,fp16,14.266863822937012,False,NVIDIA_GeForce_RTX_5090,32,
mixer_b16_224,224,16,fp32,29.42393684387207,False,NVIDIA_GeForce_RTX_5090,32,
mixer_b16_224,224,32,bf16,25.244047164916992,False,NVIDIA_GeForce_RTX_5090,32,
mixer_b16_224,224,32,fp16,25.207839965820312,False,NVIDIA_GeForce_RTX_5090,32,
mixer_b16_224,224,32,fp32,56.21318435668945,False,NVIDIA_GeForce_RTX_5090,32,
mixer_b16_224,224,64,bf16,46.39966583251953,False,NVIDIA_GeForce_RTX_5090,32,
mixer_b16_224,224,64,fp16,46.36444854736328,False,NVIDIA_GeForce_RTX_5090,32,
mixer_b16_224,224,64,fp32,110.81710052490234,False,NVIDIA_GeForce_RTX_5090,32,
mobilenetv2_100,64,16,bf16,2.0533599853515625,False,NVIDIA_GeForce_RTX_5090,32,
mobilenetv2_100,64,16,fp16,1.7766239643096924,False,NVIDIA_GeForce_RTX_5090,32,
mobilenetv2_100,64,16,fp32,2.1290879249572754,False,NVIDIA_GeForce_RTX_5090,32,
mobilenetv2_100,64,32,bf16,2.7085440158843994,False,NVIDIA_GeForce_RTX_5090,32,
mobilenetv2_100,64,32,fp16,2.206496000289917,False,NVIDIA_GeForce_RTX_5090,32,
mobilenetv2_100,64,32,fp32,2.6659200191497803,False,NVIDIA_GeForce_RTX_5090,32,
mobilenetv2_100,64,64,bf16,3.745840072631836,False,NVIDIA_GeForce_RTX_5090,32,
mobilenetv2_100,64,64,fp16,2.8726398944854736,False,NVIDIA_GeForce_RTX_5090,32,
mobilenetv2_100,64,64,fp32,4.044528007507324,False,NVIDIA_GeForce_RTX_5090,32,
mobilenetv2_100,128,16,bf16,3.230720043182373,False,NVIDIA_GeForce_RTX_5090,32,
mobilenetv2_100,128,16,fp16,2.591856002807617,False,NVIDIA_GeForce_RTX_5090,32,
mobilenetv2_100,128,16,fp32,3.045088052749634,False,NVIDIA_GeForce_RTX_5090,32,
mobilenetv2_100,128,32,bf16,4.717840194702148,False,NVIDIA_GeForce_RTX_5090,32,
mobilenetv2_100,128,32,fp16,3.636640071868897,False,NVIDIA_GeForce_RTX_5090,32,
mobilenetv2_100,128,32,fp32,4.662240028381348,False,NVIDIA_GeForce_RTX_5090,32,
mobilenetv2_100,128,64,bf16,7.909552097320557,False,NVIDIA_GeForce_RTX_5090,32,
mobilenetv2_100,128,64,fp16,5.980879783630371,False,NVIDIA_GeForce_RTX_5090,32,
mobilenetv2_100,128,64,fp32,8.64083194732666,False,NVIDIA_GeForce_RTX_5090,32,
mobilenetv2_100,224,16,bf16,6.361167907714844,False,NVIDIA_GeForce_RTX_5090,32,
mobilenetv2_100,224,16,fp16,4.844895839691162,False,NVIDIA_GeForce_RTX_5090,32,
mobilenetv2_100,224,16,fp32,6.598288059234619,False,NVIDIA_GeForce_RTX_5090,32,
mobilenetv2_100,224,32,bf16,10.80992031097412,False,NVIDIA_GeForce_RTX_5090,32,
mobilenetv2_100,224,32,fp16,8.09273624420166,False,NVIDIA_GeForce_RTX_5090,32,
mobilenetv2_100,224,32,fp32,12.557328224182127,False,NVIDIA_GeForce_RTX_5090,32,
mobilenetv2_100,224,64,bf16,21.998191833496094,False,NVIDIA_GeForce_RTX_5090,32,
mobilenetv2_100,224,64,fp16,16.769855499267578,False,NVIDIA_GeForce_RTX_5090,32,
mobilenetv2_100,224,64,fp32,26.41084861755371,False,NVIDIA_GeForce_RTX_5090,32,
mobilenetv3_large_100,64,16,bf16,2.4048640727996826,False,NVIDIA_GeForce_RTX_5090,32,
mobilenetv3_large_100,64,16,fp16,2.1613919734954834,False,NVIDIA_GeForce_RTX_5090,32,
mobilenetv3_large_100,64,16,fp32,2.3127520084381104,False,NVIDIA_GeForce_RTX_5090,32,
mobilenetv3_large_100,64,32,bf16,3.039232015609741,False,NVIDIA_GeForce_RTX_5090,32,
mobilenetv3_large_100,64,32,fp16,2.606287956237793,False,NVIDIA_GeForce_RTX_5090,32,
mobilenetv3_large_100,64,32,fp32,2.9223198890686035,False,NVIDIA_GeForce_RTX_5090,32,
mobilenetv3_large_100,64,64,bf16,3.972383975982666,False,NVIDIA_GeForce_RTX_5090,32,
mobilenetv3_large_100,64,64,fp16,3.2535200119018555,False,NVIDIA_GeForce_RTX_5090,32,
mobilenetv3_large_100,64,64,fp32,3.90395188331604,False,NVIDIA_GeForce_RTX_5090,32,
mobilenetv3_large_100,128,16,bf16,3.3957440853118896,False,NVIDIA_GeForce_RTX_5090,32,
mobilenetv3_large_100,128,16,fp16,2.8951199054718018,False,NVIDIA_GeForce_RTX_5090,32,
mobilenetv3_large_100,128,16,fp32,3.1846399307250977,False,NVIDIA_GeForce_RTX_5090,32,
mobilenetv3_large_100,128,32,bf16,4.77243185043335,False,NVIDIA_GeForce_RTX_5090,32,
mobilenetv3_large_100,128,32,fp16,3.9676480293273926,False,NVIDIA_GeForce_RTX_5090,32,
mobilenetv3_large_100,128,32,fp32,4.592432022094727,False,NVIDIA_GeForce_RTX_5090,32,
mobilenetv3_large_100,128,64,bf16,7.355279922485352,False,NVIDIA_GeForce_RTX_5090,32,
mobilenetv3_large_100,128,64,fp16,5.844560146331787,False,NVIDIA_GeForce_RTX_5090,32,
mobilenetv3_large_100,128,64,fp32,7.326943874359131,False,NVIDIA_GeForce_RTX_5090,32,
mobilenetv3_large_100,224,16,bf16,6.076623916625977,False,NVIDIA_GeForce_RTX_5090,32,
mobilenetv3_large_100,224,16,fp16,4.784783840179443,False,NVIDIA_GeForce_RTX_5090,32,
mobilenetv3_large_100,224,16,fp32,6.001391887664795,False,NVIDIA_GeForce_RTX_5090,32,
mobilenetv3_large_100,224,32,bf16,9.953392028808594,False,NVIDIA_GeForce_RTX_5090,32,
mobilenetv3_large_100,224,32,fp16,7.562784194946289,False,NVIDIA_GeForce_RTX_5090,32,
mobilenetv3_large_100,224,32,fp32,10.252464294433594,False,NVIDIA_GeForce_RTX_5090,32,
mobilenetv3_large_100,224,64,bf16,18.3474235534668,False,NVIDIA_GeForce_RTX_5090,32,
mobilenetv3_large_100,224,64,fp16,14.070799827575684,False,NVIDIA_GeForce_RTX_5090,32,
mobilenetv3_large_100,224,64,fp32,20.05374336242676,False,NVIDIA_GeForce_RTX_5090,32,
mobilenetv3_small_100,64,16,bf16,1.6761120557785034,False,NVIDIA_GeForce_RTX_5090,32,
mobilenetv3_small_100,64,16,fp16,1.5733280181884766,False,NVIDIA_GeForce_RTX_5090,32,
mobilenetv3_small_100,64,16,fp32,1.5020639896392822,False,NVIDIA_GeForce_RTX_5090,32,
mobilenetv3_small_100,64,32,bf16,1.9012960195541384,False,NVIDIA_GeForce_RTX_5090,32,
mobilenetv3_small_100,64,32,fp16,1.733024001121521,False,NVIDIA_GeForce_RTX_5090,32,
mobilenetv3_small_100,64,32,fp32,1.8606879711151123,False,NVIDIA_GeForce_RTX_5090,32,
mobilenetv3_small_100,64,64,bf16,2.329472064971924,False,NVIDIA_GeForce_RTX_5090,32,
mobilenetv3_small_100,64,64,fp16,2.0419681072235107,False,NVIDIA_GeForce_RTX_5090,32,
mobilenetv3_small_100,64,64,fp32,2.157952070236206,False,NVIDIA_GeForce_RTX_5090,32,
mobilenetv3_small_100,128,16,bf16,2.024735927581787,False,NVIDIA_GeForce_RTX_5090,32,
mobilenetv3_small_100,128,16,fp16,1.8141119480133057,False,NVIDIA_GeForce_RTX_5090,32,
mobilenetv3_small_100,128,16,fp32,1.9227999448776243,False,NVIDIA_GeForce_RTX_5090,32,
mobilenetv3_small_100,128,32,bf16,2.6628639698028564,False,NVIDIA_GeForce_RTX_5090,32,
mobilenetv3_small_100,128,32,fp16,2.274768114089966,False,NVIDIA_GeForce_RTX_5090,32,
mobilenetv3_small_100,128,32,fp32,2.477760076522827,False,NVIDIA_GeForce_RTX_5090,32,
mobilenetv3_small_100,128,64,bf16,3.621504068374634,False,NVIDIA_GeForce_RTX_5090,32,
mobilenetv3_small_100,128,64,fp16,2.908031940460205,False,NVIDIA_GeForce_RTX_5090,32,
mobilenetv3_small_100,128,64,fp32,3.4158239364624023,False,NVIDIA_GeForce_RTX_5090,32,
mobilenetv3_small_100,224,16,bf16,3.127887964248657,False,NVIDIA_GeForce_RTX_5090,32,
mobilenetv3_small_100,224,16,fp16,2.4883201122283936,False,NVIDIA_GeForce_RTX_5090,32,
mobilenetv3_small_100,224,16,fp32,2.9140961170196533,False,NVIDIA_GeForce_RTX_5090,32,
mobilenetv3_small_100,224,32,bf16,4.684815883636475,False,NVIDIA_GeForce_RTX_5090,32,
mobilenetv3_small_100,224,32,fp16,3.5185279846191406,False,NVIDIA_GeForce_RTX_5090,32,
mobilenetv3_small_100,224,32,fp32,4.28718376159668,False,NVIDIA_GeForce_RTX_5090,32,
mobilenetv3_small_100,224,64,bf16,7.813407897949219,False,NVIDIA_GeForce_RTX_5090,32,
mobilenetv3_small_100,224,64,fp16,5.786543846130371,False,NVIDIA_GeForce_RTX_5090,32,
mobilenetv3_small_100,224,64,fp32,7.6391520500183105,False,NVIDIA_GeForce_RTX_5090,32,
mobilevit_s,64,16,bf16,3.548847913742065,False,NVIDIA_GeForce_RTX_5090,32,
mobilevit_s,64,16,fp16,3.2242560386657715,False,NVIDIA_GeForce_RTX_5090,32,
mobilevit_s,64,16,fp32,3.7400639057159424,False,NVIDIA_GeForce_RTX_5090,32,
mobilevit_s,64,32,bf16,4.4877119064331055,False,NVIDIA_GeForce_RTX_5090,32,
mobilevit_s,64,32,fp16,4.003983974456787,False,NVIDIA_GeForce_RTX_5090,32,
mobilevit_s,64,32,fp32,4.925631999969482,False,NVIDIA_GeForce_RTX_5090,32,
mobilevit_s,64,64,bf16,6.04099178314209,False,NVIDIA_GeForce_RTX_5090,32,
mobilevit_s,64,64,fp16,5.249567985534668,False,NVIDIA_GeForce_RTX_5090,32,
mobilevit_s,64,64,fp32,7.1329121589660645,False,NVIDIA_GeForce_RTX_5090,32,
mobilevit_s,128,16,bf16,5.41264009475708,False,NVIDIA_GeForce_RTX_5090,32,
mobilevit_s,128,16,fp16,4.7263360023498535,False,NVIDIA_GeForce_RTX_5090,32,
mobilevit_s,128,16,fp32,6.004096031188965,False,NVIDIA_GeForce_RTX_5090,32,
mobilevit_s,128,32,bf16,7.910016059875488,False,NVIDIA_GeForce_RTX_5090,32,
mobilevit_s,128,32,fp16,6.82155179977417,False,NVIDIA_GeForce_RTX_5090,32,
mobilevit_s,128,32,fp32,9.86571216583252,False,NVIDIA_GeForce_RTX_5090,32,
mobilevit_s,128,64,bf16,13.079584121704102,False,NVIDIA_GeForce_RTX_5090,32,
mobilevit_s,128,64,fp16,11.236288070678713,False,NVIDIA_GeForce_RTX_5090,32,
mobilevit_s,128,64,fp32,19.08492851257324,False,NVIDIA_GeForce_RTX_5090,32,
mobilevit_s,224,16,bf16,12.070367813110352,False,NVIDIA_GeForce_RTX_5090,32,
mobilevit_s,224,16,fp16,10.467040061950684,False,NVIDIA_GeForce_RTX_5090,32,
mobilevit_s,224,16,fp32,16.85081672668457,False,NVIDIA_GeForce_RTX_5090,32,
mobilevit_s,224,32,bf16,22.66489601135254,False,NVIDIA_GeForce_RTX_5090,32,
mobilevit_s,224,32,fp16,19.693119049072266,False,NVIDIA_GeForce_RTX_5090,32,
mobilevit_s,224,32,fp32,33.71660614013672,False,NVIDIA_GeForce_RTX_5090,32,
mobilevit_s,224,64,bf16,46.30201721191406,False,NVIDIA_GeForce_RTX_5090,32,
mobilevit_s,224,64,fp16,39.75755310058594,False,NVIDIA_GeForce_RTX_5090,32,
mobilevit_s,224,64,fp32,65.32062530517578,False,NVIDIA_GeForce_RTX_5090,32,
mobilevit_xs,64,16,bf16,3.2039999961853027,False,NVIDIA_GeForce_RTX_5090,32,
mobilevit_xs,64,16,fp16,2.9854559898376465,False,NVIDIA_GeForce_RTX_5090,32,
mobilevit_xs,64,16,fp32,3.42248010635376,False,NVIDIA_GeForce_RTX_5090,32,
mobilevit_xs,64,32,bf16,4.03110408782959,False,NVIDIA_GeForce_RTX_5090,32,
mobilevit_xs,64,32,fp16,3.705967903137207,False,NVIDIA_GeForce_RTX_5090,32,
mobilevit_xs,64,32,fp32,3.9452641010284415,False,NVIDIA_GeForce_RTX_5090,32,
mobilevit_xs,64,64,bf16,5.381519794464111,False,NVIDIA_GeForce_RTX_5090,32,
mobilevit_xs,64,64,fp16,4.807663917541504,False,NVIDIA_GeForce_RTX_5090,32,
mobilevit_xs,64,64,fp32,5.4060797691345215,False,NVIDIA_GeForce_RTX_5090,32,
mobilevit_xs,128,16,bf16,4.831647872924805,False,NVIDIA_GeForce_RTX_5090,32,
mobilevit_xs,128,16,fp16,4.300784111022949,False,NVIDIA_GeForce_RTX_5090,32,
mobilevit_xs,128,16,fp32,5.010079860687256,False,NVIDIA_GeForce_RTX_5090,32,
mobilevit_xs,128,32,bf16,6.925615787506104,False,NVIDIA_GeForce_RTX_5090,32,
mobilevit_xs,128,32,fp16,6.04260778427124,False,NVIDIA_GeForce_RTX_5090,32,
mobilevit_xs,128,32,fp32,7.6702399253845215,False,NVIDIA_GeForce_RTX_5090,32,
mobilevit_xs,128,64,bf16,11.331680297851562,False,NVIDIA_GeForce_RTX_5090,32,
mobilevit_xs,128,64,fp16,9.835712432861328,False,NVIDIA_GeForce_RTX_5090,32,
mobilevit_xs,128,64,fp32,14.353808403015137,False,NVIDIA_GeForce_RTX_5090,32,
mobilevit_xs,224,16,bf16,9.941791534423828,False,NVIDIA_GeForce_RTX_5090,32,
mobilevit_xs,224,16,fp16,8.65726375579834,False,NVIDIA_GeForce_RTX_5090,32,
mobilevit_xs,224,16,fp32,12.770367622375488,False,NVIDIA_GeForce_RTX_5090,32,
mobilevit_xs,224,32,bf16,18.304912567138672,False,NVIDIA_GeForce_RTX_5090,32,
mobilevit_xs,224,32,fp16,15.66049575805664,False,NVIDIA_GeForce_RTX_5090,32,
mobilevit_xs,224,32,fp32,25.49678421020508,False,NVIDIA_GeForce_RTX_5090,32,
mobilevit_xs,224,64,bf16,37.14814376831055,False,NVIDIA_GeForce_RTX_5090,32,
mobilevit_xs,224,64,fp16,31.745471954345703,False,NVIDIA_GeForce_RTX_5090,32,
mobilevit_xs,224,64,fp32,51.18878555297852,False,NVIDIA_GeForce_RTX_5090,32,
mobilevit_xxs,64,16,bf16,2.771392107009888,False,NVIDIA_GeForce_RTX_5090,32,
mobilevit_xxs,64,16,fp16,2.5639679431915283,False,NVIDIA_GeForce_RTX_5090,32,
mobilevit_xxs,64,16,fp32,2.892335891723633,False,NVIDIA_GeForce_RTX_5090,32,
mobilevit_xxs,64,32,bf16,3.4059360027313232,False,NVIDIA_GeForce_RTX_5090,32,
mobilevit_xxs,64,32,fp16,3.141472101211548,False,NVIDIA_GeForce_RTX_5090,32,
mobilevit_xxs,64,32,fp32,3.494976043701172,False,NVIDIA_GeForce_RTX_5090,32,
mobilevit_xxs,64,64,bf16,4.512703895568848,False,NVIDIA_GeForce_RTX_5090,32,
mobilevit_xxs,64,64,fp16,4.102831840515137,False,NVIDIA_GeForce_RTX_5090,32,
mobilevit_xxs,64,64,fp32,4.500095844268799,False,NVIDIA_GeForce_RTX_5090,32,
mobilevit_xxs,128,16,bf16,3.9863998889923096,False,NVIDIA_GeForce_RTX_5090,32,
mobilevit_xxs,128,16,fp16,3.6184639930725098,False,NVIDIA_GeForce_RTX_5090,32,
mobilevit_xxs,128,16,fp32,3.934335947036743,False,NVIDIA_GeForce_RTX_5090,32,
mobilevit_xxs,128,32,bf16,5.588479995727539,False,NVIDIA_GeForce_RTX_5090,32,
mobilevit_xxs,128,32,fp16,4.925903797149658,False,NVIDIA_GeForce_RTX_5090,32,
mobilevit_xxs,128,32,fp32,5.469632148742676,False,NVIDIA_GeForce_RTX_5090,32,
mobilevit_xxs,128,64,bf16,8.507391929626465,False,NVIDIA_GeForce_RTX_5090,32,
mobilevit_xxs,128,64,fp16,7.281407833099365,False,NVIDIA_GeForce_RTX_5090,32,
mobilevit_xxs,128,64,fp32,8.453295707702637,False,NVIDIA_GeForce_RTX_5090,32,
mobilevit_xxs,224,16,bf16,7.643119812011719,False,NVIDIA_GeForce_RTX_5090,32,
mobilevit_xxs,224,16,fp16,6.647119998931885,False,NVIDIA_GeForce_RTX_5090,32,
mobilevit_xxs,224,16,fp32,8.448816299438477,False,NVIDIA_GeForce_RTX_5090,32,
mobilevit_xxs,224,32,bf16,12.36689567565918,False,NVIDIA_GeForce_RTX_5090,32,
mobilevit_xxs,224,32,fp16,10.443408012390137,False,NVIDIA_GeForce_RTX_5090,32,
mobilevit_xxs,224,32,fp32,14.613344192504885,False,NVIDIA_GeForce_RTX_5090,32,
mobilevit_xxs,224,64,bf16,23.21678352355957,False,NVIDIA_GeForce_RTX_5090,32,
mobilevit_xxs,224,64,fp16,19.705568313598636,False,NVIDIA_GeForce_RTX_5090,32,
mobilevit_xxs,224,64,fp32,28.31724739074707,False,NVIDIA_GeForce_RTX_5090,32,
mobilevitv2_100,64,16,bf16,3.4361119270324707,False,NVIDIA_GeForce_RTX_5090,32,
mobilevitv2_100,64,16,fp16,3.11404800415039,False,NVIDIA_GeForce_RTX_5090,32,
mobilevitv2_100,64,16,fp32,3.0094239711761475,False,NVIDIA_GeForce_RTX_5090,32,
mobilevitv2_100,64,32,bf16,4.2560319900512695,False,NVIDIA_GeForce_RTX_5090,32,
mobilevitv2_100,64,32,fp16,3.7863199710845943,False,NVIDIA_GeForce_RTX_5090,32,
mobilevitv2_100,64,32,fp32,4.0382080078125,False,NVIDIA_GeForce_RTX_5090,32,
mobilevitv2_100,64,64,bf16,5.796527862548828,False,NVIDIA_GeForce_RTX_5090,32,
mobilevitv2_100,64,64,fp16,5.047840118408203,False,NVIDIA_GeForce_RTX_5090,32,
mobilevitv2_100,64,64,fp32,6.161200046539307,False,NVIDIA_GeForce_RTX_5090,32,
mobilevitv2_100,128,16,bf16,5.159791946411133,False,NVIDIA_GeForce_RTX_5090,32,
mobilevitv2_100,128,16,fp16,4.499135971069336,False,NVIDIA_GeForce_RTX_5090,32,
mobilevitv2_100,128,16,fp32,4.908688068389893,False,NVIDIA_GeForce_RTX_5090,32,
mobilevitv2_100,128,32,bf16,7.24619197845459,False,NVIDIA_GeForce_RTX_5090,32,
mobilevitv2_100,128,32,fp16,6.141039848327637,False,NVIDIA_GeForce_RTX_5090,32,
mobilevitv2_100,128,32,fp32,7.748015880584717,False,NVIDIA_GeForce_RTX_5090,32,
mobilevitv2_100,128,64,bf16,12.029664039611816,False,NVIDIA_GeForce_RTX_5090,32,
mobilevitv2_100,128,64,fp16,10.050671577453612,False,NVIDIA_GeForce_RTX_5090,32,
mobilevitv2_100,128,64,fp32,15.194687843322754,False,NVIDIA_GeForce_RTX_5090,32,
mobilevitv2_100,224,16,bf16,11.400320053100586,False,NVIDIA_GeForce_RTX_5090,32,
mobilevitv2_100,224,16,fp16,9.426112174987791,False,NVIDIA_GeForce_RTX_5090,32,
mobilevitv2_100,224,16,fp32,12.80564785003662,False,NVIDIA_GeForce_RTX_5090,32,
mobilevitv2_100,224,32,bf16,20.801008224487305,False,NVIDIA_GeForce_RTX_5090,32,
mobilevitv2_100,224,32,fp16,17.542255401611328,False,NVIDIA_GeForce_RTX_5090,32,
mobilevitv2_100,224,32,fp32,25.50707244873047,False,NVIDIA_GeForce_RTX_5090,32,
mobilevitv2_100,224,64,bf16,41.98244857788086,False,NVIDIA_GeForce_RTX_5090,32,
mobilevitv2_100,224,64,fp16,34.69718551635742,False,NVIDIA_GeForce_RTX_5090,32,
mobilevitv2_100,224,64,fp32,50.86636734008789,False,NVIDIA_GeForce_RTX_5090,32,
nfnet_l0,64,16,bf16,6.188000202178955,False,NVIDIA_GeForce_RTX_5090,32,
nfnet_l0,64,16,fp16,5.972959995269775,False,NVIDIA_GeForce_RTX_5090,32,
nfnet_l0,64,16,fp32,7.430463790893555,False,NVIDIA_GeForce_RTX_5090,32,
nfnet_l0,64,32,bf16,6.910639762878418,False,NVIDIA_GeForce_RTX_5090,32,
nfnet_l0,64,32,fp16,6.87227201461792,False,NVIDIA_GeForce_RTX_5090,32,
nfnet_l0,64,32,fp32,9.754079818725586,False,NVIDIA_GeForce_RTX_5090,32,
nfnet_l0,64,64,bf16,9.529088020324709,False,NVIDIA_GeForce_RTX_5090,32,
nfnet_l0,64,64,fp16,9.407808303833008,False,NVIDIA_GeForce_RTX_5090,32,
nfnet_l0,64,64,fp32,15.13815975189209,False,NVIDIA_GeForce_RTX_5090,32,
nfnet_l0,128,16,bf16,7.794896125793457,False,NVIDIA_GeForce_RTX_5090,32,
nfnet_l0,128,16,fp16,7.341951847076416,False,NVIDIA_GeForce_RTX_5090,32,
nfnet_l0,128,16,fp32,9.147791862487791,False,NVIDIA_GeForce_RTX_5090,32,
nfnet_l0,128,32,bf16,9.80020809173584,False,NVIDIA_GeForce_RTX_5090,32,
nfnet_l0,128,32,fp16,9.512432098388672,False,NVIDIA_GeForce_RTX_5090,32,
nfnet_l0,128,32,fp32,14.676783561706545,False,NVIDIA_GeForce_RTX_5090,32,
nfnet_l0,128,64,bf16,16.302976608276367,False,NVIDIA_GeForce_RTX_5090,32,
nfnet_l0,128,64,fp16,15.745840072631836,False,NVIDIA_GeForce_RTX_5090,32,
nfnet_l0,128,64,fp32,24.97083282470703,False,NVIDIA_GeForce_RTX_5090,32,
nfnet_l0,224,16,bf16,11.711423873901367,False,NVIDIA_GeForce_RTX_5090,32,
nfnet_l0,224,16,fp16,11.247952461242676,False,NVIDIA_GeForce_RTX_5090,32,
nfnet_l0,224,16,fp32,17.151103973388672,False,NVIDIA_GeForce_RTX_5090,32,
nfnet_l0,224,32,bf16,18.221872329711918,False,NVIDIA_GeForce_RTX_5090,32,
nfnet_l0,224,32,fp16,17.49291229248047,False,NVIDIA_GeForce_RTX_5090,32,
nfnet_l0,224,32,fp32,32.88119888305664,False,NVIDIA_GeForce_RTX_5090,32,
nfnet_l0,224,64,bf16,33.23187255859375,False,NVIDIA_GeForce_RTX_5090,32,
nfnet_l0,224,64,fp16,32.36800003051758,False,NVIDIA_GeForce_RTX_5090,32,
nfnet_l0,224,64,fp32,69.59659576416016,False,NVIDIA_GeForce_RTX_5090,32,
pvt_v2_b0,64,16,bf16,2.51475191116333,False,NVIDIA_GeForce_RTX_5090,32,
pvt_v2_b0,64,16,fp16,2.4119200706481934,False,NVIDIA_GeForce_RTX_5090,32,
pvt_v2_b0,64,16,fp32,2.7037599086761475,False,NVIDIA_GeForce_RTX_5090,32,
pvt_v2_b0,64,32,bf16,2.9000160694122314,False,NVIDIA_GeForce_RTX_5090,32,
pvt_v2_b0,64,32,fp16,3.1207520961761475,False,NVIDIA_GeForce_RTX_5090,32,
pvt_v2_b0,64,32,fp32,3.282927989959717,False,NVIDIA_GeForce_RTX_5090,32,
pvt_v2_b0,64,64,bf16,3.891024112701416,False,NVIDIA_GeForce_RTX_5090,32,
pvt_v2_b0,64,64,fp16,3.51963210105896,False,NVIDIA_GeForce_RTX_5090,32,
pvt_v2_b0,64,64,fp32,4.251311779022217,False,NVIDIA_GeForce_RTX_5090,32,
pvt_v2_b0,128,16,bf16,3.5476319789886475,False,NVIDIA_GeForce_RTX_5090,32,
pvt_v2_b0,128,16,fp16,3.487663984298706,False,NVIDIA_GeForce_RTX_5090,32,
pvt_v2_b0,128,16,fp32,4.479311943054199,False,NVIDIA_GeForce_RTX_5090,32,
pvt_v2_b0,128,32,bf16,4.671216011047363,False,NVIDIA_GeForce_RTX_5090,32,
pvt_v2_b0,128,32,fp16,4.626751899719238,False,NVIDIA_GeForce_RTX_5090,32,
pvt_v2_b0,128,32,fp32,6.509215831756592,False,NVIDIA_GeForce_RTX_5090,32,
pvt_v2_b0,128,64,bf16,6.832816123962402,False,NVIDIA_GeForce_RTX_5090,32,
pvt_v2_b0,128,64,fp16,6.769680023193359,False,NVIDIA_GeForce_RTX_5090,32,
pvt_v2_b0,128,64,fp32,9.846223831176758,False,NVIDIA_GeForce_RTX_5090,32,
pvt_v2_b0,224,16,bf16,6.167871952056885,False,NVIDIA_GeForce_RTX_5090,32,
pvt_v2_b0,224,16,fp16,6.103583812713623,False,NVIDIA_GeForce_RTX_5090,32,
pvt_v2_b0,224,16,fp32,9.709280014038086,False,NVIDIA_GeForce_RTX_5090,32,
pvt_v2_b0,224,32,bf16,7.914752006530762,False,NVIDIA_GeForce_RTX_5090,32,
pvt_v2_b0,224,32,fp16,7.861440181732178,False,NVIDIA_GeForce_RTX_5090,32,
pvt_v2_b0,224,32,fp32,13.770447731018066,False,NVIDIA_GeForce_RTX_5090,32,
pvt_v2_b0,224,64,bf16,13.631024360656738,False,NVIDIA_GeForce_RTX_5090,32,
pvt_v2_b0,224,64,fp16,13.65830421447754,False,NVIDIA_GeForce_RTX_5090,32,
pvt_v2_b0,224,64,fp32,23.405216217041016,False,NVIDIA_GeForce_RTX_5090,32,
pvt_v2_b2,64,16,bf16,6.170127868652344,False,NVIDIA_GeForce_RTX_5090,32,
pvt_v2_b2,64,16,fp16,6.043935775756836,False,NVIDIA_GeForce_RTX_5090,32,
pvt_v2_b2,64,16,fp32,7.075839996337891,False,NVIDIA_GeForce_RTX_5090,32,
pvt_v2_b2,64,32,bf16,6.891327857971191,False,NVIDIA_GeForce_RTX_5090,32,
pvt_v2_b2,64,32,fp16,6.776656150817871,False,NVIDIA_GeForce_RTX_5090,32,
pvt_v2_b2,64,32,fp32,10.047856330871582,False,NVIDIA_GeForce_RTX_5090,32,
pvt_v2_b2,64,64,bf16,8.325200080871582,False,NVIDIA_GeForce_RTX_5090,32,
pvt_v2_b2,64,64,fp16,8.209600448608398,False,NVIDIA_GeForce_RTX_5090,32,
pvt_v2_b2,64,64,fp32,13.065679550170898,False,NVIDIA_GeForce_RTX_5090,32,
pvt_v2_b2,128,16,bf16,8.362015724182129,False,NVIDIA_GeForce_RTX_5090,32,
pvt_v2_b2,128,16,fp16,8.256336212158203,False,NVIDIA_GeForce_RTX_5090,32,
pvt_v2_b2,128,16,fp32,12.91921615600586,False,NVIDIA_GeForce_RTX_5090,32,
pvt_v2_b2,128,32,bf16,11.184144020080566,False,NVIDIA_GeForce_RTX_5090,32,
pvt_v2_b2,128,32,fp16,11.098416328430176,False,NVIDIA_GeForce_RTX_5090,32,
pvt_v2_b2,128,32,fp32,18.91959953308105,False,NVIDIA_GeForce_RTX_5090,32,
pvt_v2_b2,128,64,bf16,16.74990463256836,False,NVIDIA_GeForce_RTX_5090,32,
pvt_v2_b2,128,64,fp16,16.699487686157227,False,NVIDIA_GeForce_RTX_5090,32,
pvt_v2_b2,128,64,fp32,30.718992233276367,False,NVIDIA_GeForce_RTX_5090,32,
pvt_v2_b2,224,16,bf16,15.033791542053224,False,NVIDIA_GeForce_RTX_5090,32,
pvt_v2_b2,224,16,fp16,14.922368049621582,False,NVIDIA_GeForce_RTX_5090,32,
pvt_v2_b2,224,16,fp32,28.259008407592773,False,NVIDIA_GeForce_RTX_5090,32,
pvt_v2_b2,224,32,bf16,22.331392288208008,False,NVIDIA_GeForce_RTX_5090,32,
pvt_v2_b2,224,32,fp16,22.68563270568848,False,NVIDIA_GeForce_RTX_5090,32,
pvt_v2_b2,224,32,fp32,43.39955139160156,False,NVIDIA_GeForce_RTX_5090,32,
pvt_v2_b2,224,64,bf16,41.34793472290039,False,NVIDIA_GeForce_RTX_5090,32,
pvt_v2_b2,224,64,fp16,41.48199844360352,False,NVIDIA_GeForce_RTX_5090,32,
pvt_v2_b2,224,64,fp32,82.45155334472656,False,NVIDIA_GeForce_RTX_5090,32,
pvt_v2_b5,64,16,bf16,18.63043212890625,False,NVIDIA_GeForce_RTX_5090,32,
pvt_v2_b5,64,16,fp16,18.21859169006348,False,NVIDIA_GeForce_RTX_5090,32,
pvt_v2_b5,64,16,fp32,21.7917594909668,False,NVIDIA_GeForce_RTX_5090,32,
pvt_v2_b5,64,32,bf16,20.426000595092773,False,NVIDIA_GeForce_RTX_5090,32,
pvt_v2_b5,64,32,fp16,20.005903244018555,False,NVIDIA_GeForce_RTX_5090,32,
pvt_v2_b5,64,32,fp32,28.0700798034668,False,NVIDIA_GeForce_RTX_5090,32,
pvt_v2_b5,64,64,bf16,23.449312210083008,False,NVIDIA_GeForce_RTX_5090,32,
pvt_v2_b5,64,64,fp16,23.08348846435547,False,NVIDIA_GeForce_RTX_5090,32,
pvt_v2_b5,64,64,fp32,36.27729415893555,False,NVIDIA_GeForce_RTX_5090,32,
pvt_v2_b5,128,16,bf16,23.0947208404541,False,NVIDIA_GeForce_RTX_5090,32,
pvt_v2_b5,128,16,fp16,22.718128204345703,False,NVIDIA_GeForce_RTX_5090,32,
pvt_v2_b5,128,16,fp32,34.564449310302734,False,NVIDIA_GeForce_RTX_5090,32,
pvt_v2_b5,128,32,bf16,28.83659172058105,False,NVIDIA_GeForce_RTX_5090,32,
pvt_v2_b5,128,32,fp16,28.523855209350582,False,NVIDIA_GeForce_RTX_5090,32,
pvt_v2_b5,128,32,fp32,50.254127502441406,False,NVIDIA_GeForce_RTX_5090,32,
pvt_v2_b5,128,64,bf16,39.08100891113281,False,NVIDIA_GeForce_RTX_5090,32,
pvt_v2_b5,128,64,fp16,38.77454376220703,False,NVIDIA_GeForce_RTX_5090,32,
pvt_v2_b5,128,64,fp32,71.77848052978516,False,NVIDIA_GeForce_RTX_5090,32,
pvt_v2_b5,224,16,bf16,36.816688537597656,False,NVIDIA_GeForce_RTX_5090,32,
pvt_v2_b5,224,16,fp16,36.498191833496094,False,NVIDIA_GeForce_RTX_5090,32,
pvt_v2_b5,224,16,fp32,68.93743896484375,False,NVIDIA_GeForce_RTX_5090,32,
pvt_v2_b5,224,32,bf16,50.22856140136719,False,NVIDIA_GeForce_RTX_5090,32,
pvt_v2_b5,224,32,fp16,52.43283081054688,False,NVIDIA_GeForce_RTX_5090,32,
pvt_v2_b5,224,32,fp32,98.23827362060548,False,NVIDIA_GeForce_RTX_5090,32,
pvt_v2_b5,224,64,bf16,84.55296325683594,False,NVIDIA_GeForce_RTX_5090,32,
pvt_v2_b5,224,64,fp16,85.72679901123047,False,NVIDIA_GeForce_RTX_5090,32,
pvt_v2_b5,224,64,fp32,179.91366577148438,False,NVIDIA_GeForce_RTX_5090,32,
regnety_032,64,16,bf16,6.012063980102539,False,NVIDIA_GeForce_RTX_5090,32,
regnety_032,64,16,fp16,6.10748815536499,False,NVIDIA_GeForce_RTX_5090,32,
regnety_032,64,16,fp32,6.670000076293945,False,NVIDIA_GeForce_RTX_5090,32,
regnety_032,64,32,bf16,6.911680221557617,False,NVIDIA_GeForce_RTX_5090,32,
regnety_032,64,32,fp16,6.569920063018799,False,NVIDIA_GeForce_RTX_5090,32,
regnety_032,64,32,fp32,9.323807716369627,False,NVIDIA_GeForce_RTX_5090,32,
regnety_032,64,64,bf16,9.323887825012209,False,NVIDIA_GeForce_RTX_5090,32,
regnety_032,64,64,fp16,8.345840454101562,False,NVIDIA_GeForce_RTX_5090,32,
regnety_032,64,64,fp32,13.121744155883787,False,NVIDIA_GeForce_RTX_5090,32,
regnety_032,128,16,bf16,8.262432098388672,False,NVIDIA_GeForce_RTX_5090,32,
regnety_032,128,16,fp16,7.675951957702637,False,NVIDIA_GeForce_RTX_5090,32,
regnety_032,128,16,fp32,10.87820816040039,False,NVIDIA_GeForce_RTX_5090,32,
regnety_032,128,32,bf16,10.621583938598633,False,NVIDIA_GeForce_RTX_5090,32,
regnety_032,128,32,fp16,9.63428783416748,False,NVIDIA_GeForce_RTX_5090,32,
regnety_032,128,32,fp32,13.981663703918455,False,NVIDIA_GeForce_RTX_5090,32,
regnety_032,128,64,bf16,19.27952003479004,False,NVIDIA_GeForce_RTX_5090,32,
regnety_032,128,64,fp16,16.384511947631836,False,NVIDIA_GeForce_RTX_5090,32,
regnety_032,128,64,fp32,22.12723159790039,False,NVIDIA_GeForce_RTX_5090,32,
regnety_032,224,16,bf16,14.28929615020752,False,NVIDIA_GeForce_RTX_5090,32,
regnety_032,224,16,fp16,12.40830421447754,False,NVIDIA_GeForce_RTX_5090,32,
regnety_032,224,16,fp32,18.42511940002441,False,NVIDIA_GeForce_RTX_5090,32,
regnety_032,224,32,bf16,21.897216796875,False,NVIDIA_GeForce_RTX_5090,32,
regnety_032,224,32,fp16,18.699663162231445,False,NVIDIA_GeForce_RTX_5090,32,
regnety_032,224,32,fp32,28.95128059387207,False,NVIDIA_GeForce_RTX_5090,32,
regnety_032,224,64,bf16,41.49897766113281,False,NVIDIA_GeForce_RTX_5090,32,
regnety_032,224,64,fp16,35.72510528564453,False,NVIDIA_GeForce_RTX_5090,32,
regnety_032,224,64,fp32,59.53793716430664,False,NVIDIA_GeForce_RTX_5090,32,
regnety_080,64,16,bf16,7.535888195037842,False,NVIDIA_GeForce_RTX_5090,32,
regnety_080,64,16,fp16,7.098320007324219,False,NVIDIA_GeForce_RTX_5090,32,
regnety_080,64,16,fp32,8.826016426086426,False,NVIDIA_GeForce_RTX_5090,32,
regnety_080,64,32,bf16,9.804672241210938,False,NVIDIA_GeForce_RTX_5090,32,
regnety_080,64,32,fp16,9.372015953063965,False,NVIDIA_GeForce_RTX_5090,32,
regnety_080,64,32,fp32,10.926575660705566,False,NVIDIA_GeForce_RTX_5090,32,
regnety_080,64,64,bf16,15.376144409179688,False,NVIDIA_GeForce_RTX_5090,32,
regnety_080,64,64,fp16,14.594176292419434,False,NVIDIA_GeForce_RTX_5090,32,
regnety_080,64,64,fp32,22.00913619995117,False,NVIDIA_GeForce_RTX_5090,32,
regnety_080,128,16,bf16,11.72697639465332,False,NVIDIA_GeForce_RTX_5090,32,
regnety_080,128,16,fp16,9.366671562194824,False,NVIDIA_GeForce_RTX_5090,32,
regnety_080,128,16,fp32,12.39799976348877,False,NVIDIA_GeForce_RTX_5090,32,
regnety_080,128,32,bf16,15.94273567199707,False,NVIDIA_GeForce_RTX_5090,32,
regnety_080,128,32,fp16,13.92046356201172,False,NVIDIA_GeForce_RTX_5090,32,
regnety_080,128,32,fp32,17.419872283935547,False,NVIDIA_GeForce_RTX_5090,32,
regnety_080,128,64,bf16,24.49678421020508,False,NVIDIA_GeForce_RTX_5090,32,
regnety_080,128,64,fp16,20.532495498657227,False,NVIDIA_GeForce_RTX_5090,32,
regnety_080,128,64,fp32,47.56121444702149,False,NVIDIA_GeForce_RTX_5090,32,
regnety_080,224,16,bf16,18.775983810424805,False,NVIDIA_GeForce_RTX_5090,32,
regnety_080,224,16,fp16,16.183216094970703,False,NVIDIA_GeForce_RTX_5090,32,
regnety_080,224,16,fp32,25.85024070739746,False,NVIDIA_GeForce_RTX_5090,32,
regnety_080,224,32,bf16,32.81934356689453,False,NVIDIA_GeForce_RTX_5090,32,
regnety_080,224,32,fp16,29.109344482421875,False,NVIDIA_GeForce_RTX_5090,32,
regnety_080,224,32,fp32,49.81943893432617,False,NVIDIA_GeForce_RTX_5090,32,
regnety_080,224,64,bf16,62.52363204956055,False,NVIDIA_GeForce_RTX_5090,32,
regnety_080,224,64,fp16,55.08502578735352,False,NVIDIA_GeForce_RTX_5090,32,
regnety_080,224,64,fp32,134.46168518066406,False,NVIDIA_GeForce_RTX_5090,32,
regnety_160,64,16,bf16,14.312000274658203,False,NVIDIA_GeForce_RTX_5090,32,
regnety_160,64,16,fp16,13.842991828918455,False,NVIDIA_GeForce_RTX_5090,32,
regnety_160,64,16,fp32,13.559040069580078,False,NVIDIA_GeForce_RTX_5090,32,
regnety_160,64,32,bf16,19.50587272644043,False,NVIDIA_GeForce_RTX_5090,32,
regnety_160,64,32,fp16,18.683263778686523,False,NVIDIA_GeForce_RTX_5090,32,
regnety_160,64,32,fp32,19.0937442779541,False,NVIDIA_GeForce_RTX_5090,32,
regnety_160,64,64,bf16,29.567344665527344,False,NVIDIA_GeForce_RTX_5090,32,
regnety_160,64,64,fp16,27.486032485961918,False,NVIDIA_GeForce_RTX_5090,32,
regnety_160,64,64,fp32,23.853296279907227,False,NVIDIA_GeForce_RTX_5090,32,
regnety_160,128,16,bf16,22.091312408447266,False,NVIDIA_GeForce_RTX_5090,32,
regnety_160,128,16,fp16,17.154767990112305,False,NVIDIA_GeForce_RTX_5090,32,
regnety_160,128,16,fp32,17.58020782470703,False,NVIDIA_GeForce_RTX_5090,32,
regnety_160,128,32,bf16,29.579120635986328,False,NVIDIA_GeForce_RTX_5090,32,
regnety_160,128,32,fp16,25.71625518798828,False,NVIDIA_GeForce_RTX_5090,32,
regnety_160,128,32,fp32,28.721599578857425,False,NVIDIA_GeForce_RTX_5090,32,
regnety_160,128,64,bf16,49.9126091003418,False,NVIDIA_GeForce_RTX_5090,32,
regnety_160,128,64,fp16,41.76030349731445,False,NVIDIA_GeForce_RTX_5090,32,
regnety_160,128,64,fp32,54.47702407836914,False,NVIDIA_GeForce_RTX_5090,32,
regnety_160,224,16,bf16,29.875951766967773,False,NVIDIA_GeForce_RTX_5090,32,
regnety_160,224,16,fp16,26.87139129638672,False,NVIDIA_GeForce_RTX_5090,32,
regnety_160,224,16,fp32,39.93641662597656,False,NVIDIA_GeForce_RTX_5090,32,
regnety_160,224,32,bf16,48.87519836425781,False,NVIDIA_GeForce_RTX_5090,32,
regnety_160,224,32,fp16,43.80464172363281,False,NVIDIA_GeForce_RTX_5090,32,
regnety_160,224,32,fp32,78.82710266113281,False,NVIDIA_GeForce_RTX_5090,32,
regnety_160,224,64,bf16,94.5736312866211,False,NVIDIA_GeForce_RTX_5090,32,
regnety_160,224,64,fp16,85.71272277832031,False,NVIDIA_GeForce_RTX_5090,32,
regnety_160,224,64,fp32,190.64407348632807,False,NVIDIA_GeForce_RTX_5090,32,
regnety_320,64,16,bf16,17.828800201416016,False,NVIDIA_GeForce_RTX_5090,32,
regnety_320,64,16,fp16,17.040464401245117,False,NVIDIA_GeForce_RTX_5090,32,
regnety_320,64,16,fp32,21.27262306213379,False,NVIDIA_GeForce_RTX_5090,32,
regnety_320,64,32,bf16,24.529279708862305,False,NVIDIA_GeForce_RTX_5090,32,
regnety_320,64,32,fp16,23.472864151000977,False,NVIDIA_GeForce_RTX_5090,32,
regnety_320,64,32,fp32,25.566015243530277,False,NVIDIA_GeForce_RTX_5090,32,
regnety_320,64,64,bf16,39.43206405639648,False,NVIDIA_GeForce_RTX_5090,32,
regnety_320,64,64,fp16,36.5605583190918,False,NVIDIA_GeForce_RTX_5090,32,
regnety_320,64,64,fp32,37.166465759277344,False,NVIDIA_GeForce_RTX_5090,32,
regnety_320,128,16,bf16,30.172975540161133,False,NVIDIA_GeForce_RTX_5090,32,
regnety_320,128,16,fp16,21.516319274902344,False,NVIDIA_GeForce_RTX_5090,32,
regnety_320,128,16,fp32,27.712799072265625,False,NVIDIA_GeForce_RTX_5090,32,
regnety_320,128,32,bf16,39.27627182006836,False,NVIDIA_GeForce_RTX_5090,32,
regnety_320,128,32,fp16,34.466800689697266,False,NVIDIA_GeForce_RTX_5090,32,
regnety_320,128,32,fp32,44.98012924194336,False,NVIDIA_GeForce_RTX_5090,32,
regnety_320,128,64,bf16,67.9483871459961,False,NVIDIA_GeForce_RTX_5090,32,
regnety_320,128,64,fp16,58.922096252441406,False,NVIDIA_GeForce_RTX_5090,32,
regnety_320,128,64,fp32,84.41964721679688,False,NVIDIA_GeForce_RTX_5090,32,
regnety_320,224,16,bf16,44.36099243164063,False,NVIDIA_GeForce_RTX_5090,32,
regnety_320,224,16,fp16,41.70649719238281,False,NVIDIA_GeForce_RTX_5090,32,
regnety_320,224,16,fp32,67.38215637207031,False,NVIDIA_GeForce_RTX_5090,32,
regnety_320,224,32,bf16,75.32710266113281,False,NVIDIA_GeForce_RTX_5090,32,
regnety_320,224,32,fp16,70.41140747070312,False,NVIDIA_GeForce_RTX_5090,32,
regnety_320,224,32,fp32,132.25254821777344,False,NVIDIA_GeForce_RTX_5090,32,
regnety_320,224,64,bf16,143.06668090820312,False,NVIDIA_GeForce_RTX_5090,32,
regnety_320,224,64,fp16,133.5544891357422,False,NVIDIA_GeForce_RTX_5090,32,
regnety_320,224,64,fp32,259.5869140625,False,NVIDIA_GeForce_RTX_5090,32,
repvgg_a2,64,16,bf16,3.9182240962982178,False,NVIDIA_GeForce_RTX_5090,32,
repvgg_a2,64,16,fp16,3.659600019454956,False,NVIDIA_GeForce_RTX_5090,32,
repvgg_a2,64,16,fp32,4.535664081573486,False,NVIDIA_GeForce_RTX_5090,32,
repvgg_a2,64,32,bf16,4.479663848876953,False,NVIDIA_GeForce_RTX_5090,32,
repvgg_a2,64,32,fp16,4.029327869415283,False,NVIDIA_GeForce_RTX_5090,32,
repvgg_a2,64,32,fp32,6.259151935577393,False,NVIDIA_GeForce_RTX_5090,32,
repvgg_a2,64,64,bf16,6.068096160888672,False,NVIDIA_GeForce_RTX_5090,32,
repvgg_a2,64,64,fp16,5.208367824554443,False,NVIDIA_GeForce_RTX_5090,32,
repvgg_a2,64,64,fp32,7.430751800537109,False,NVIDIA_GeForce_RTX_5090,32,
repvgg_a2,128,16,bf16,5.409056186676025,False,NVIDIA_GeForce_RTX_5090,32,
repvgg_a2,128,16,fp16,4.914495944976807,False,NVIDIA_GeForce_RTX_5090,32,
repvgg_a2,128,16,fp32,6.32758378982544,False,NVIDIA_GeForce_RTX_5090,32,
repvgg_a2,128,32,bf16,7.255328178405762,False,NVIDIA_GeForce_RTX_5090,32,
repvgg_a2,128,32,fp16,6.410111904144287,False,NVIDIA_GeForce_RTX_5090,32,
repvgg_a2,128,32,fp32,9.682208061218262,False,NVIDIA_GeForce_RTX_5090,32,
repvgg_a2,128,64,bf16,12.058015823364258,False,NVIDIA_GeForce_RTX_5090,32,
repvgg_a2,128,64,fp16,10.570688247680664,False,NVIDIA_GeForce_RTX_5090,32,
repvgg_a2,128,64,fp32,15.463631629943848,False,NVIDIA_GeForce_RTX_5090,32,
repvgg_a2,224,16,bf16,9.020895957946776,False,NVIDIA_GeForce_RTX_5090,32,
repvgg_a2,224,16,fp16,8.03384017944336,False,NVIDIA_GeForce_RTX_5090,32,
repvgg_a2,224,16,fp32,12.337632179260254,False,NVIDIA_GeForce_RTX_5090,32,
repvgg_a2,224,32,bf16,16.161104202270508,False,NVIDIA_GeForce_RTX_5090,32,
repvgg_a2,224,32,fp16,14.189680099487305,False,NVIDIA_GeForce_RTX_5090,32,
repvgg_a2,224,32,fp32,23.43899154663086,False,NVIDIA_GeForce_RTX_5090,32,
repvgg_a2,224,64,bf16,31.19228744506836,False,NVIDIA_GeForce_RTX_5090,32,
repvgg_a2,224,64,fp16,27.91324806213379,False,NVIDIA_GeForce_RTX_5090,32,
repvgg_a2,224,64,fp32,45.96790313720703,False,NVIDIA_GeForce_RTX_5090,32,
resmlp_24_224,64,16,bf16,5.517343997955322,False,NVIDIA_GeForce_RTX_5090,32,
resmlp_24_224,64,16,fp16,5.461391925811768,False,NVIDIA_GeForce_RTX_5090,32,
resmlp_24_224,64,16,fp32,6.772255897521973,False,NVIDIA_GeForce_RTX_5090,32,
resmlp_24_224,64,32,bf16,6.365039825439453,False,NVIDIA_GeForce_RTX_5090,32,
resmlp_24_224,64,32,fp16,6.330431938171387,False,NVIDIA_GeForce_RTX_5090,32,
resmlp_24_224,64,32,fp32,9.06446361541748,False,NVIDIA_GeForce_RTX_5090,32,
resmlp_24_224,64,64,bf16,7.1287522315979,False,NVIDIA_GeForce_RTX_5090,32,
resmlp_24_224,64,64,fp16,7.081808090209961,False,NVIDIA_GeForce_RTX_5090,32,
resmlp_24_224,64,64,fp32,12.3995361328125,False,NVIDIA_GeForce_RTX_5090,32,
resmlp_24_224,128,16,bf16,7.336112022399902,False,NVIDIA_GeForce_RTX_5090,32,
resmlp_24_224,128,16,fp16,7.307407855987549,False,NVIDIA_GeForce_RTX_5090,32,
resmlp_24_224,128,16,fp32,11.005711555480955,False,NVIDIA_GeForce_RTX_5090,32,
resmlp_24_224,128,32,bf16,9.283679962158203,False,NVIDIA_GeForce_RTX_5090,32,
resmlp_24_224,128,32,fp16,9.20961570739746,False,NVIDIA_GeForce_RTX_5090,32,
resmlp_24_224,128,32,fp32,14.6364164352417,False,NVIDIA_GeForce_RTX_5090,32,
resmlp_24_224,128,64,bf16,14.24675178527832,False,NVIDIA_GeForce_RTX_5090,32,
resmlp_24_224,128,64,fp16,14.127984046936035,False,NVIDIA_GeForce_RTX_5090,32,
resmlp_24_224,128,64,fp32,23.764240264892575,False,NVIDIA_GeForce_RTX_5090,32,
resmlp_24_224,224,16,bf16,12.443424224853516,False,NVIDIA_GeForce_RTX_5090,32,
resmlp_24_224,224,16,fp16,12.397744178771973,False,NVIDIA_GeForce_RTX_5090,32,
resmlp_24_224,224,16,fp32,20.117456436157227,False,NVIDIA_GeForce_RTX_5090,32,
resmlp_24_224,224,32,bf16,19.893280029296875,False,NVIDIA_GeForce_RTX_5090,32,
resmlp_24_224,224,32,fp16,19.846111297607425,False,NVIDIA_GeForce_RTX_5090,32,
resmlp_24_224,224,32,fp32,35.04665756225586,False,NVIDIA_GeForce_RTX_5090,32,
resmlp_24_224,224,64,bf16,33.564735412597656,False,NVIDIA_GeForce_RTX_5090,32,
resmlp_24_224,224,64,fp16,33.479248046875,False,NVIDIA_GeForce_RTX_5090,32,
resmlp_24_224,224,64,fp32,64.24966430664062,False,NVIDIA_GeForce_RTX_5090,32,
resnet101,64,16,bf16,7.342207908630371,False,NVIDIA_GeForce_RTX_5090,32,
resnet101,64,16,fp16,6.785615921020508,False,NVIDIA_GeForce_RTX_5090,32,
resnet101,64,16,fp32,9.557680130004885,False,NVIDIA_GeForce_RTX_5090,32,
resnet101,64,32,bf16,8.724224090576172,False,NVIDIA_GeForce_RTX_5090,32,
resnet101,64,32,fp16,7.887008190155029,False,NVIDIA_GeForce_RTX_5090,32,
resnet101,64,32,fp32,11.75113582611084,False,NVIDIA_GeForce_RTX_5090,32,
resnet101,64,64,bf16,11.965935707092283,False,NVIDIA_GeForce_RTX_5090,32,
resnet101,64,64,fp16,10.027664184570312,False,NVIDIA_GeForce_RTX_5090,32,
resnet101,64,64,fp32,16.016143798828125,False,NVIDIA_GeForce_RTX_5090,32,
resnet101,128,16,bf16,9.724255561828612,False,NVIDIA_GeForce_RTX_5090,32,
resnet101,128,16,fp16,8.048784255981445,False,NVIDIA_GeForce_RTX_5090,32,
resnet101,128,16,fp32,10.704943656921388,False,NVIDIA_GeForce_RTX_5090,32,
resnet101,128,32,bf16,13.213071823120115,False,NVIDIA_GeForce_RTX_5090,32,
resnet101,128,32,fp16,11.482080459594728,False,NVIDIA_GeForce_RTX_5090,32,
resnet101,128,32,fp32,17.0011043548584,False,NVIDIA_GeForce_RTX_5090,32,
resnet101,128,64,bf16,21.343839645385746,False,NVIDIA_GeForce_RTX_5090,32,
resnet101,128,64,fp16,17.96072006225586,False,NVIDIA_GeForce_RTX_5090,32,
resnet101,128,64,fp32,27.283039093017575,False,NVIDIA_GeForce_RTX_5090,32,
resnet101,224,16,bf16,15.79041576385498,False,NVIDIA_GeForce_RTX_5090,32,
resnet101,224,16,fp16,13.606335639953612,False,NVIDIA_GeForce_RTX_5090,32,
resnet101,224,16,fp32,21.57606315612793,False,NVIDIA_GeForce_RTX_5090,32,
resnet101,224,32,bf16,27.048847198486328,False,NVIDIA_GeForce_RTX_5090,32,
resnet101,224,32,fp16,23.25739288330078,False,NVIDIA_GeForce_RTX_5090,32,
resnet101,224,32,fp32,38.73697662353516,False,NVIDIA_GeForce_RTX_5090,32,
resnet101,224,64,bf16,52.39459228515625,False,NVIDIA_GeForce_RTX_5090,32,
resnet101,224,64,fp16,44.58103942871094,False,NVIDIA_GeForce_RTX_5090,32,
resnet101,224,64,fp32,80.39202880859375,False,NVIDIA_GeForce_RTX_5090,32,
resnet152,64,16,bf16,10.606639862060549,False,NVIDIA_GeForce_RTX_5090,32,
resnet152,64,16,fp16,9.79758358001709,False,NVIDIA_GeForce_RTX_5090,32,
resnet152,64,16,fp32,13.60644817352295,False,NVIDIA_GeForce_RTX_5090,32,
resnet152,64,32,bf16,12.640064239501951,False,NVIDIA_GeForce_RTX_5090,32,
resnet152,64,32,fp16,11.466400146484377,False,NVIDIA_GeForce_RTX_5090,32,
resnet152,64,32,fp32,16.662639617919922,False,NVIDIA_GeForce_RTX_5090,32,
resnet152,64,64,bf16,17.312047958374023,False,NVIDIA_GeForce_RTX_5090,32,
resnet152,64,64,fp16,14.60308837890625,False,NVIDIA_GeForce_RTX_5090,32,
resnet152,64,64,fp32,22.594783782958984,False,NVIDIA_GeForce_RTX_5090,32,
resnet152,128,16,bf16,14.010784149169922,False,NVIDIA_GeForce_RTX_5090,32,
resnet152,128,16,fp16,11.565072059631348,False,NVIDIA_GeForce_RTX_5090,32,
resnet152,128,16,fp32,14.999919891357422,False,NVIDIA_GeForce_RTX_5090,32,
resnet152,128,32,bf16,19.38235282897949,False,NVIDIA_GeForce_RTX_5090,32,
resnet152,128,32,fp16,16.89676856994629,False,NVIDIA_GeForce_RTX_5090,32,
resnet152,128,32,fp32,23.995439529418945,False,NVIDIA_GeForce_RTX_5090,32,
resnet152,128,64,bf16,30.593231201171875,False,NVIDIA_GeForce_RTX_5090,32,
resnet152,128,64,fp16,25.65435218811035,False,NVIDIA_GeForce_RTX_5090,32,
resnet152,128,64,fp32,38.07163238525391,False,NVIDIA_GeForce_RTX_5090,32,
resnet152,224,16,bf16,22.423072814941406,False,NVIDIA_GeForce_RTX_5090,32,
resnet152,224,16,fp16,19.27249526977539,False,NVIDIA_GeForce_RTX_5090,32,
resnet152,224,16,fp32,30.390575408935547,False,NVIDIA_GeForce_RTX_5090,32,
resnet152,224,32,bf16,37.96777725219727,False,NVIDIA_GeForce_RTX_5090,32,
resnet152,224,32,fp16,32.38127899169922,False,NVIDIA_GeForce_RTX_5090,32,
resnet152,224,32,fp32,53.68511962890625,False,NVIDIA_GeForce_RTX_5090,32,
resnet152,224,64,bf16,72.7271499633789,False,NVIDIA_GeForce_RTX_5090,32,
resnet152,224,64,fp16,61.56689453125,False,NVIDIA_GeForce_RTX_5090,32,
resnet152,224,64,fp32,112.436767578125,False,NVIDIA_GeForce_RTX_5090,32,
resnet18,64,16,bf16,1.565999984741211,False,NVIDIA_GeForce_RTX_5090,32,
resnet18,64,16,fp16,1.4714879989624023,False,NVIDIA_GeForce_RTX_5090,32,
resnet18,64,16,fp32,2.20580792427063,False,NVIDIA_GeForce_RTX_5090,32,
resnet18,64,32,bf16,1.7488160133361816,False,NVIDIA_GeForce_RTX_5090,32,
resnet18,64,32,fp16,1.581007957458496,False,NVIDIA_GeForce_RTX_5090,32,
resnet18,64,32,fp32,2.710063934326172,False,NVIDIA_GeForce_RTX_5090,32,
resnet18,64,64,bf16,2.1903679370880127,False,NVIDIA_GeForce_RTX_5090,32,
resnet18,64,64,fp16,1.9066720008850095,False,NVIDIA_GeForce_RTX_5090,32,
resnet18,64,64,fp32,3.9979360103607178,False,NVIDIA_GeForce_RTX_5090,32,
resnet18,128,16,bf16,2.106879949569702,False,NVIDIA_GeForce_RTX_5090,32,
resnet18,128,16,fp16,1.9217760562896729,False,NVIDIA_GeForce_RTX_5090,32,
resnet18,128,16,fp32,2.7012319564819336,False,NVIDIA_GeForce_RTX_5090,32,
resnet18,128,32,bf16,3.46614408493042,False,NVIDIA_GeForce_RTX_5090,32,
resnet18,128,32,fp16,3.1522719860076904,False,NVIDIA_GeForce_RTX_5090,32,
resnet18,128,32,fp32,3.5840959548950195,False,NVIDIA_GeForce_RTX_5090,32,
resnet18,128,64,bf16,4.481167793273926,False,NVIDIA_GeForce_RTX_5090,32,
resnet18,128,64,fp16,3.9597439765930176,False,NVIDIA_GeForce_RTX_5090,32,
resnet18,128,64,fp32,6.272799968719482,False,NVIDIA_GeForce_RTX_5090,32,
resnet18,224,16,bf16,3.760031938552856,False,NVIDIA_GeForce_RTX_5090,32,
resnet18,224,16,fp16,3.357439994812012,False,NVIDIA_GeForce_RTX_5090,32,
resnet18,224,16,fp32,4.648496150970459,False,NVIDIA_GeForce_RTX_5090,32,
resnet18,224,32,bf16,6.597871780395508,False,NVIDIA_GeForce_RTX_5090,32,
resnet18,224,32,fp16,5.82425594329834,False,NVIDIA_GeForce_RTX_5090,32,
resnet18,224,32,fp32,8.528736114501953,False,NVIDIA_GeForce_RTX_5090,32,
resnet18,224,64,bf16,12.67956829071045,False,NVIDIA_GeForce_RTX_5090,32,
resnet18,224,64,fp16,11.239744186401367,False,NVIDIA_GeForce_RTX_5090,32,
resnet18,224,64,fp32,17.19588851928711,False,NVIDIA_GeForce_RTX_5090,32,
resnet200,64,16,bf16,12.889920234680176,False,NVIDIA_GeForce_RTX_5090,32,
resnet200,64,16,fp16,11.780511856079102,False,NVIDIA_GeForce_RTX_5090,32,
resnet200,64,16,fp32,15.915743827819824,False,NVIDIA_GeForce_RTX_5090,32,
resnet200,64,32,bf16,15.509504318237305,False,NVIDIA_GeForce_RTX_5090,32,
resnet200,64,32,fp16,13.951359748840332,False,NVIDIA_GeForce_RTX_5090,32,
resnet200,64,32,fp32,19.747392654418945,False,NVIDIA_GeForce_RTX_5090,32,
resnet200,64,64,bf16,21.105024337768555,False,NVIDIA_GeForce_RTX_5090,32,
resnet200,64,64,fp16,17.698623657226562,False,NVIDIA_GeForce_RTX_5090,32,
resnet200,64,64,fp32,26.839296340942383,False,NVIDIA_GeForce_RTX_5090,32,
resnet200,128,16,bf16,17.44211196899414,False,NVIDIA_GeForce_RTX_5090,32,
resnet200,128,16,fp16,14.53825569152832,False,NVIDIA_GeForce_RTX_5090,32,
resnet200,128,16,fp32,18.740976333618164,False,NVIDIA_GeForce_RTX_5090,32,
resnet200,128,32,bf16,27.476879119873047,False,NVIDIA_GeForce_RTX_5090,32,
resnet200,128,32,fp16,23.894256591796875,False,NVIDIA_GeForce_RTX_5090,32,
resnet200,128,32,fp32,29.928447723388672,False,NVIDIA_GeForce_RTX_5090,32,
resnet200,128,64,bf16,38.90820693969727,False,NVIDIA_GeForce_RTX_5090,32,
resnet200,128,64,fp16,32.001983642578125,False,NVIDIA_GeForce_RTX_5090,32,
resnet200,128,64,fp32,49.31305694580078,False,NVIDIA_GeForce_RTX_5090,32,
resnet200,224,16,bf16,29.984352111816406,False,NVIDIA_GeForce_RTX_5090,32,
resnet200,224,16,fp16,24.670896530151367,False,NVIDIA_GeForce_RTX_5090,32,
resnet200,224,16,fp32,39.18404769897461,False,NVIDIA_GeForce_RTX_5090,32,
resnet200,224,32,bf16,50.907470703125,False,NVIDIA_GeForce_RTX_5090,32,
resnet200,224,32,fp16,41.4901123046875,False,NVIDIA_GeForce_RTX_5090,32,
resnet200,224,32,fp32,70.7739486694336,False,NVIDIA_GeForce_RTX_5090,32,
resnet200,224,64,bf16,99.31784057617188,False,NVIDIA_GeForce_RTX_5090,32,
resnet200,224,64,fp16,82.47567749023438,False,NVIDIA_GeForce_RTX_5090,32,
resnet200,224,64,fp32,153.17529296875,False,NVIDIA_GeForce_RTX_5090,32,
resnet50,64,16,bf16,3.7928640842437744,False,NVIDIA_GeForce_RTX_5090,32,
resnet50,64,16,fp16,3.4737439155578613,False,NVIDIA_GeForce_RTX_5090,32,
resnet50,64,16,fp32,5.046031951904297,False,NVIDIA_GeForce_RTX_5090,32,
resnet50,64,32,bf16,4.544288158416748,False,NVIDIA_GeForce_RTX_5090,32,
resnet50,64,32,fp16,4.028800010681152,False,NVIDIA_GeForce_RTX_5090,32,
resnet50,64,32,fp32,6.3230881690979,False,NVIDIA_GeForce_RTX_5090,32,
resnet50,64,64,bf16,6.263584136962891,False,NVIDIA_GeForce_RTX_5090,32,
resnet50,64,64,fp16,5.1036481857299805,False,NVIDIA_GeForce_RTX_5090,32,
resnet50,64,64,fp32,8.937760353088379,False,NVIDIA_GeForce_RTX_5090,32,
resnet50,128,16,bf16,5.235616207122803,False,NVIDIA_GeForce_RTX_5090,32,
resnet50,128,16,fp16,4.402207851409912,False,NVIDIA_GeForce_RTX_5090,32,
resnet50,128,16,fp32,6.285312175750732,False,NVIDIA_GeForce_RTX_5090,32,
resnet50,128,32,bf16,7.750944137573242,False,NVIDIA_GeForce_RTX_5090,32,
resnet50,128,32,fp16,6.659152030944824,False,NVIDIA_GeForce_RTX_5090,32,
resnet50,128,32,fp32,9.7882080078125,False,NVIDIA_GeForce_RTX_5090,32,
resnet50,128,64,bf16,12.00334358215332,False,NVIDIA_GeForce_RTX_5090,32,
resnet50,128,64,fp16,10.050975799560549,False,NVIDIA_GeForce_RTX_5090,32,
resnet50,128,64,fp32,16.990352630615234,False,NVIDIA_GeForce_RTX_5090,32,
resnet50,224,16,bf16,9.54152011871338,False,NVIDIA_GeForce_RTX_5090,32,
resnet50,224,16,fp16,7.957664012908935,False,NVIDIA_GeForce_RTX_5090,32,
resnet50,224,16,fp32,12.86023998260498,False,NVIDIA_GeForce_RTX_5090,32,
resnet50,224,32,bf16,16.991008758544922,False,NVIDIA_GeForce_RTX_5090,32,
resnet50,224,32,fp16,14.265695571899414,False,NVIDIA_GeForce_RTX_5090,32,
resnet50,224,32,fp32,24.83612823486328,False,NVIDIA_GeForce_RTX_5090,32,
resnet50,224,64,bf16,34.43891143798828,False,NVIDIA_GeForce_RTX_5090,32,
resnet50,224,64,fp16,29.138656616210938,False,NVIDIA_GeForce_RTX_5090,32,
resnet50,224,64,fp32,51.81588745117188,False,NVIDIA_GeForce_RTX_5090,32,
resnext101_64x4d,64,16,bf16,12.338272094726562,False,NVIDIA_GeForce_RTX_5090,32,
resnext101_64x4d,64,16,fp16,11.101696014404297,False,NVIDIA_GeForce_RTX_5090,32,
resnext101_64x4d,64,16,fp32,25.9486083984375,False,NVIDIA_GeForce_RTX_5090,32,
resnext101_64x4d,64,32,bf16,19.372751235961918,False,NVIDIA_GeForce_RTX_5090,32,
resnext101_64x4d,64,32,fp16,16.721792221069336,False,NVIDIA_GeForce_RTX_5090,32,
resnext101_64x4d,64,32,fp32,37.55524826049805,False,NVIDIA_GeForce_RTX_5090,32,
resnext101_64x4d,64,64,bf16,33.31739044189453,False,NVIDIA_GeForce_RTX_5090,32,
resnext101_64x4d,64,64,fp16,27.92284774780273,False,NVIDIA_GeForce_RTX_5090,32,
resnext101_64x4d,64,64,fp32,52.126609802246094,False,NVIDIA_GeForce_RTX_5090,32,
resnext101_64x4d,128,16,bf16,22.15127944946289,False,NVIDIA_GeForce_RTX_5090,32,
resnext101_64x4d,128,16,fp16,13.572480201721191,False,NVIDIA_GeForce_RTX_5090,32,
resnext101_64x4d,128,16,fp32,35.36044692993164,False,NVIDIA_GeForce_RTX_5090,32,
resnext101_64x4d,128,32,bf16,25.96014404296875,False,NVIDIA_GeForce_RTX_5090,32,
resnext101_64x4d,128,32,fp16,17.87273597717285,False,NVIDIA_GeForce_RTX_5090,32,
resnext101_64x4d,128,32,fp32,44.161808013916016,False,NVIDIA_GeForce_RTX_5090,32,
resnext101_64x4d,128,64,bf16,43.67011260986328,False,NVIDIA_GeForce_RTX_5090,32,
resnext101_64x4d,128,64,fp16,32.218719482421875,False,NVIDIA_GeForce_RTX_5090,32,
resnext101_64x4d,128,64,fp32,64.58753967285156,False,NVIDIA_GeForce_RTX_5090,32,
resnext101_64x4d,224,16,bf16,33.59596633911133,False,NVIDIA_GeForce_RTX_5090,32,
resnext101_64x4d,224,16,fp16,27.09003257751465,False,NVIDIA_GeForce_RTX_5090,32,
resnext101_64x4d,224,16,fp32,52.924800872802734,False,NVIDIA_GeForce_RTX_5090,32,
resnext101_64x4d,224,32,bf16,52.56691360473633,False,NVIDIA_GeForce_RTX_5090,32,
resnext101_64x4d,224,32,fp16,43.08497619628906,False,NVIDIA_GeForce_RTX_5090,32,
resnext101_64x4d,224,32,fp32,94.92958068847656,False,NVIDIA_GeForce_RTX_5090,32,
resnext101_64x4d,224,64,bf16,105.4743194580078,False,NVIDIA_GeForce_RTX_5090,32,
resnext101_64x4d,224,64,fp16,87.9879379272461,False,NVIDIA_GeForce_RTX_5090,32,
resnext101_64x4d,224,64,fp32,179.24722290039062,False,NVIDIA_GeForce_RTX_5090,32,
resnext50_32x4d,64,16,bf16,4.047760009765625,False,NVIDIA_GeForce_RTX_5090,32,
resnext50_32x4d,64,16,fp16,3.735728025436402,False,NVIDIA_GeForce_RTX_5090,32,
resnext50_32x4d,64,16,fp32,7.975535869598389,False,NVIDIA_GeForce_RTX_5090,32,
resnext50_32x4d,64,32,bf16,5.256432056427002,False,NVIDIA_GeForce_RTX_5090,32,
resnext50_32x4d,64,32,fp16,4.504479885101318,False,NVIDIA_GeForce_RTX_5090,32,
resnext50_32x4d,64,32,fp32,11.412256240844728,False,NVIDIA_GeForce_RTX_5090,32,
resnext50_32x4d,64,64,bf16,8.121600151062012,False,NVIDIA_GeForce_RTX_5090,32,
resnext50_32x4d,64,64,fp16,6.56822395324707,False,NVIDIA_GeForce_RTX_5090,32,
resnext50_32x4d,64,64,fp32,14.683679580688477,False,NVIDIA_GeForce_RTX_5090,32,
resnext50_32x4d,128,16,bf16,6.214943885803223,False,NVIDIA_GeForce_RTX_5090,32,
resnext50_32x4d,128,16,fp16,4.99289608001709,False,NVIDIA_GeForce_RTX_5090,32,
resnext50_32x4d,128,16,fp32,12.575167655944824,False,NVIDIA_GeForce_RTX_5090,32,
resnext50_32x4d,128,32,bf16,8.53551959991455,False,NVIDIA_GeForce_RTX_5090,32,
resnext50_32x4d,128,32,fp16,6.733039855957031,False,NVIDIA_GeForce_RTX_5090,32,
resnext50_32x4d,128,32,fp32,15.715503692626951,False,NVIDIA_GeForce_RTX_5090,32,
resnext50_32x4d,128,64,bf16,15.80737590789795,False,NVIDIA_GeForce_RTX_5090,32,
resnext50_32x4d,128,64,fp16,12.272095680236816,False,NVIDIA_GeForce_RTX_5090,32,
resnext50_32x4d,128,64,fp32,24.155759811401367,False,NVIDIA_GeForce_RTX_5090,32,
resnext50_32x4d,224,16,bf16,12.084896087646484,False,NVIDIA_GeForce_RTX_5090,32,
resnext50_32x4d,224,16,fp16,9.226544380187988,False,NVIDIA_GeForce_RTX_5090,32,
resnext50_32x4d,224,16,fp32,18.57508850097656,False,NVIDIA_GeForce_RTX_5090,32,
resnext50_32x4d,224,32,bf16,21.294639587402344,False,NVIDIA_GeForce_RTX_5090,32,
resnext50_32x4d,224,32,fp16,16.50859260559082,False,NVIDIA_GeForce_RTX_5090,32,
resnext50_32x4d,224,32,fp32,34.63137435913086,False,NVIDIA_GeForce_RTX_5090,32,
resnext50_32x4d,224,64,bf16,43.5835189819336,False,NVIDIA_GeForce_RTX_5090,32,
resnext50_32x4d,224,64,fp16,34.668304443359375,False,NVIDIA_GeForce_RTX_5090,32,
resnext50_32x4d,224,64,fp32,69.64694213867188,False,NVIDIA_GeForce_RTX_5090,32,
swin_base_patch4_window7_224,64,16,bf16,10.10371208190918,False,NVIDIA_GeForce_RTX_5090,32,
swin_base_patch4_window7_224,64,16,fp16,9.98681640625,False,NVIDIA_GeForce_RTX_5090,32,
swin_base_patch4_window7_224,64,16,fp32,12.40345573425293,False,NVIDIA_GeForce_RTX_5090,32,
swin_base_patch4_window7_224,64,32,bf16,11.769264221191406,False,NVIDIA_GeForce_RTX_5090,32,
swin_base_patch4_window7_224,64,32,fp16,11.6254243850708,False,NVIDIA_GeForce_RTX_5090,32,
swin_base_patch4_window7_224,64,32,fp32,18.250911712646484,False,NVIDIA_GeForce_RTX_5090,32,
swin_base_patch4_window7_224,64,64,bf16,14.161248207092283,False,NVIDIA_GeForce_RTX_5090,32,
swin_base_patch4_window7_224,64,64,fp16,14.096847534179688,False,NVIDIA_GeForce_RTX_5090,32,
swin_base_patch4_window7_224,64,64,fp32,25.08083152770996,False,NVIDIA_GeForce_RTX_5090,32,
swin_base_patch4_window7_224,128,16,bf16,18.15457534790039,False,NVIDIA_GeForce_RTX_5090,32,
swin_base_patch4_window7_224,128,16,fp16,18.03313636779785,False,NVIDIA_GeForce_RTX_5090,32,
swin_base_patch4_window7_224,128,16,fp32,30.075519561767575,False,NVIDIA_GeForce_RTX_5090,32,
swin_base_patch4_window7_224,128,32,bf16,26.88719940185547,False,NVIDIA_GeForce_RTX_5090,32,
swin_base_patch4_window7_224,128,32,fp16,26.587120056152344,False,NVIDIA_GeForce_RTX_5090,32,
swin_base_patch4_window7_224,128,32,fp32,48.38374328613281,False,NVIDIA_GeForce_RTX_5090,32,
swin_base_patch4_window7_224,128,64,bf16,45.75700759887695,False,NVIDIA_GeForce_RTX_5090,32,
swin_base_patch4_window7_224,128,64,fp16,45.398719787597656,False,NVIDIA_GeForce_RTX_5090,32,
swin_base_patch4_window7_224,128,64,fp32,89.0254898071289,False,NVIDIA_GeForce_RTX_5090,32,
swin_base_patch4_window7_224,224,16,bf16,26.986352920532227,False,NVIDIA_GeForce_RTX_5090,32,
swin_base_patch4_window7_224,224,16,fp16,26.78910446166992,False,NVIDIA_GeForce_RTX_5090,32,
swin_base_patch4_window7_224,224,16,fp32,49.0978889465332,False,NVIDIA_GeForce_RTX_5090,32,
swin_base_patch4_window7_224,224,32,bf16,44.31979370117188,False,NVIDIA_GeForce_RTX_5090,32,
swin_base_patch4_window7_224,224,32,fp16,43.96673583984375,False,NVIDIA_GeForce_RTX_5090,32,
swin_base_patch4_window7_224,224,32,fp32,85.52352142333984,False,NVIDIA_GeForce_RTX_5090,32,
swin_base_patch4_window7_224,224,64,bf16,83.17603302001953,False,NVIDIA_GeForce_RTX_5090,32,
swin_base_patch4_window7_224,224,64,fp16,82.68716430664062,False,NVIDIA_GeForce_RTX_5090,32,
swin_base_patch4_window7_224,224,64,fp32,179.27804565429688,False,NVIDIA_GeForce_RTX_5090,32,
swin_tiny_patch4_window7_224,64,16,bf16,4.767888069152832,False,NVIDIA_GeForce_RTX_5090,32,
swin_tiny_patch4_window7_224,64,16,fp16,4.668863773345947,False,NVIDIA_GeForce_RTX_5090,32,
swin_tiny_patch4_window7_224,64,16,fp32,5.511871814727783,False,NVIDIA_GeForce_RTX_5090,32,
swin_tiny_patch4_window7_224,64,32,bf16,5.611343860626221,False,NVIDIA_GeForce_RTX_5090,32,
swin_tiny_patch4_window7_224,64,32,fp16,5.534143924713135,False,NVIDIA_GeForce_RTX_5090,32,
swin_tiny_patch4_window7_224,64,32,fp32,7.730800151824951,False,NVIDIA_GeForce_RTX_5090,32,
swin_tiny_patch4_window7_224,64,64,bf16,7.089312076568604,False,NVIDIA_GeForce_RTX_5090,32,
swin_tiny_patch4_window7_224,64,64,fp16,7.028048038482666,False,NVIDIA_GeForce_RTX_5090,32,
swin_tiny_patch4_window7_224,64,64,fp32,11.086624145507812,False,NVIDIA_GeForce_RTX_5090,32,
swin_tiny_patch4_window7_224,128,16,bf16,7.583199977874756,False,NVIDIA_GeForce_RTX_5090,32,
swin_tiny_patch4_window7_224,128,16,fp16,7.526063919067383,False,NVIDIA_GeForce_RTX_5090,32,
swin_tiny_patch4_window7_224,128,16,fp32,11.887824058532717,False,NVIDIA_GeForce_RTX_5090,32,
swin_tiny_patch4_window7_224,128,32,bf16,10.996512413024902,False,NVIDIA_GeForce_RTX_5090,32,
swin_tiny_patch4_window7_224,128,32,fp16,10.915632247924805,False,NVIDIA_GeForce_RTX_5090,32,
swin_tiny_patch4_window7_224,128,32,fp32,17.859119415283203,False,NVIDIA_GeForce_RTX_5090,32,
swin_tiny_patch4_window7_224,128,64,bf16,18.19001579284668,False,NVIDIA_GeForce_RTX_5090,32,
swin_tiny_patch4_window7_224,128,64,fp16,18.029216766357425,False,NVIDIA_GeForce_RTX_5090,32,
swin_tiny_patch4_window7_224,128,64,fp32,31.247520446777344,False,NVIDIA_GeForce_RTX_5090,32,
swin_tiny_patch4_window7_224,224,16,bf16,11.831071853637695,False,NVIDIA_GeForce_RTX_5090,32,
swin_tiny_patch4_window7_224,224,16,fp16,11.769328117370604,False,NVIDIA_GeForce_RTX_5090,32,
swin_tiny_patch4_window7_224,224,16,fp32,19.59977531433105,False,NVIDIA_GeForce_RTX_5090,32,
swin_tiny_patch4_window7_224,224,32,bf16,18.793407440185547,False,NVIDIA_GeForce_RTX_5090,32,
swin_tiny_patch4_window7_224,224,32,fp16,18.70748710632324,False,NVIDIA_GeForce_RTX_5090,32,
swin_tiny_patch4_window7_224,224,32,fp32,33.39993667602539,False,NVIDIA_GeForce_RTX_5090,32,
swin_tiny_patch4_window7_224,224,64,bf16,36.91697692871094,False,NVIDIA_GeForce_RTX_5090,32,
swin_tiny_patch4_window7_224,224,64,fp16,36.802032470703125,False,NVIDIA_GeForce_RTX_5090,32,
swin_tiny_patch4_window7_224,224,64,fp32,66.37297821044922,False,NVIDIA_GeForce_RTX_5090,32,
swinv2_cr_tiny_ns_224,64,16,bf16,5.894351959228516,False,NVIDIA_GeForce_RTX_5090,32,
swinv2_cr_tiny_ns_224,64,16,fp16,5.798768043518066,False,NVIDIA_GeForce_RTX_5090,32,
swinv2_cr_tiny_ns_224,64,16,fp32,6.054495811462402,False,NVIDIA_GeForce_RTX_5090,32,
swinv2_cr_tiny_ns_224,64,32,bf16,6.718416213989258,False,NVIDIA_GeForce_RTX_5090,32,
swinv2_cr_tiny_ns_224,64,32,fp16,6.635712146759033,False,NVIDIA_GeForce_RTX_5090,32,
swinv2_cr_tiny_ns_224,64,32,fp32,8.066991806030273,False,NVIDIA_GeForce_RTX_5090,32,
swinv2_cr_tiny_ns_224,64,64,bf16,8.084239959716797,False,NVIDIA_GeForce_RTX_5090,32,
swinv2_cr_tiny_ns_224,64,64,fp16,8.034015655517578,False,NVIDIA_GeForce_RTX_5090,32,
swinv2_cr_tiny_ns_224,64,64,fp32,11.227456092834473,False,NVIDIA_GeForce_RTX_5090,32,
swinv2_cr_tiny_ns_224,128,16,bf16,7.971663951873779,False,NVIDIA_GeForce_RTX_5090,32,
swinv2_cr_tiny_ns_224,128,16,fp16,7.911759853363037,False,NVIDIA_GeForce_RTX_5090,32,
swinv2_cr_tiny_ns_224,128,16,fp32,11.131903648376465,False,NVIDIA_GeForce_RTX_5090,32,
swinv2_cr_tiny_ns_224,128,32,bf16,10.810336112976074,False,NVIDIA_GeForce_RTX_5090,32,
swinv2_cr_tiny_ns_224,128,32,fp16,10.718416213989258,False,NVIDIA_GeForce_RTX_5090,32,
swinv2_cr_tiny_ns_224,128,32,fp32,16.43124771118164,False,NVIDIA_GeForce_RTX_5090,32,
swinv2_cr_tiny_ns_224,128,64,bf16,17.070016860961914,False,NVIDIA_GeForce_RTX_5090,32,
swinv2_cr_tiny_ns_224,128,64,fp16,16.966655731201172,False,NVIDIA_GeForce_RTX_5090,32,
swinv2_cr_tiny_ns_224,128,64,fp32,27.214527130126957,False,NVIDIA_GeForce_RTX_5090,32,
swinv2_cr_tiny_ns_224,224,16,bf16,15.245087623596191,False,NVIDIA_GeForce_RTX_5090,32,
swinv2_cr_tiny_ns_224,224,16,fp16,15.08841609954834,False,NVIDIA_GeForce_RTX_5090,32,
swinv2_cr_tiny_ns_224,224,16,fp32,22.498016357421875,False,NVIDIA_GeForce_RTX_5090,32,
swinv2_cr_tiny_ns_224,224,32,bf16,24.942960739135746,False,NVIDIA_GeForce_RTX_5090,32,
swinv2_cr_tiny_ns_224,224,32,fp16,24.79964828491211,False,NVIDIA_GeForce_RTX_5090,32,
swinv2_cr_tiny_ns_224,224,32,fp32,38.77649688720703,False,NVIDIA_GeForce_RTX_5090,32,
swinv2_cr_tiny_ns_224,224,64,bf16,50.52628707885742,False,NVIDIA_GeForce_RTX_5090,32,
swinv2_cr_tiny_ns_224,224,64,fp16,50.27142333984375,False,NVIDIA_GeForce_RTX_5090,32,
swinv2_cr_tiny_ns_224,224,64,fp32,77.99148559570312,False,NVIDIA_GeForce_RTX_5090,32,
twins_pcpvt_small,64,16,bf16,5.8842082023620605,False,NVIDIA_GeForce_RTX_5090,32,
twins_pcpvt_small,64,16,fp16,5.777552127838135,False,NVIDIA_GeForce_RTX_5090,32,
twins_pcpvt_small,64,16,fp32,6.472352027893066,False,NVIDIA_GeForce_RTX_5090,32,
twins_pcpvt_small,64,32,bf16,6.499072074890137,False,NVIDIA_GeForce_RTX_5090,32,
twins_pcpvt_small,64,32,fp16,6.4042558670043945,False,NVIDIA_GeForce_RTX_5090,32,
twins_pcpvt_small,64,32,fp32,9.25926399230957,False,NVIDIA_GeForce_RTX_5090,32,
twins_pcpvt_small,64,64,bf16,7.859600067138672,False,NVIDIA_GeForce_RTX_5090,32,
twins_pcpvt_small,64,64,fp16,7.729824066162109,False,NVIDIA_GeForce_RTX_5090,32,
twins_pcpvt_small,64,64,fp32,12.092320442199709,False,NVIDIA_GeForce_RTX_5090,32,
twins_pcpvt_small,128,16,bf16,7.8654398918151855,False,NVIDIA_GeForce_RTX_5090,32,
twins_pcpvt_small,128,16,fp16,7.7490081787109375,False,NVIDIA_GeForce_RTX_5090,32,
twins_pcpvt_small,128,16,fp32,11.895695686340332,False,NVIDIA_GeForce_RTX_5090,32,
twins_pcpvt_small,128,32,bf16,10.387264251708984,False,NVIDIA_GeForce_RTX_5090,32,
twins_pcpvt_small,128,32,fp16,10.278559684753418,False,NVIDIA_GeForce_RTX_5090,32,
twins_pcpvt_small,128,32,fp32,17.186176300048828,False,NVIDIA_GeForce_RTX_5090,32,
twins_pcpvt_small,128,64,bf16,15.13304042816162,False,NVIDIA_GeForce_RTX_5090,32,
twins_pcpvt_small,128,64,fp16,15.057744026184082,False,NVIDIA_GeForce_RTX_5090,32,
twins_pcpvt_small,128,64,fp32,26.67265510559082,False,NVIDIA_GeForce_RTX_5090,32,
twins_pcpvt_small,224,16,bf16,13.91801643371582,False,NVIDIA_GeForce_RTX_5090,32,
twins_pcpvt_small,224,16,fp16,13.80408000946045,False,NVIDIA_GeForce_RTX_5090,32,
twins_pcpvt_small,224,16,fp32,25.25791931152344,False,NVIDIA_GeForce_RTX_5090,32,
twins_pcpvt_small,224,32,bf16,19.832592010498047,False,NVIDIA_GeForce_RTX_5090,32,
twins_pcpvt_small,224,32,fp16,19.90510368347168,False,NVIDIA_GeForce_RTX_5090,32,
twins_pcpvt_small,224,32,fp32,37.14710235595703,False,NVIDIA_GeForce_RTX_5090,32,
twins_pcpvt_small,224,64,bf16,35.48775863647461,False,NVIDIA_GeForce_RTX_5090,32,
twins_pcpvt_small,224,64,fp16,35.417808532714844,False,NVIDIA_GeForce_RTX_5090,32,
twins_pcpvt_small,224,64,fp32,69.96167755126953,False,NVIDIA_GeForce_RTX_5090,32,
twins_svt_small,64,16,bf16,6.145567893981934,False,NVIDIA_GeForce_RTX_5090,32,
twins_svt_small,64,16,fp16,5.995232105255127,False,NVIDIA_GeForce_RTX_5090,32,
twins_svt_small,64,16,fp32,6.790544033050537,False,NVIDIA_GeForce_RTX_5090,32,
twins_svt_small,64,32,bf16,7.147984027862549,False,NVIDIA_GeForce_RTX_5090,32,
twins_svt_small,64,32,fp16,6.984591960906982,False,NVIDIA_GeForce_RTX_5090,32,
twins_svt_small,64,32,fp32,8.425999641418457,False,NVIDIA_GeForce_RTX_5090,32,
twins_svt_small,64,64,bf16,8.96230411529541,False,NVIDIA_GeForce_RTX_5090,32,
twins_svt_small,64,64,fp16,8.847552299499512,False,NVIDIA_GeForce_RTX_5090,32,
twins_svt_small,64,64,fp32,13.086751937866213,False,NVIDIA_GeForce_RTX_5090,32,
twins_svt_small,128,16,bf16,8.103471755981445,False,NVIDIA_GeForce_RTX_5090,32,
twins_svt_small,128,16,fp16,7.994256019592285,False,NVIDIA_GeForce_RTX_5090,32,
twins_svt_small,128,16,fp32,11.469856262207031,False,NVIDIA_GeForce_RTX_5090,32,
twins_svt_small,128,32,bf16,11.117280006408691,False,NVIDIA_GeForce_RTX_5090,32,
twins_svt_small,128,32,fp16,11.03179168701172,False,NVIDIA_GeForce_RTX_5090,32,
twins_svt_small,128,32,fp32,16.569488525390625,False,NVIDIA_GeForce_RTX_5090,32,
twins_svt_small,128,64,bf16,16.4158878326416,False,NVIDIA_GeForce_RTX_5090,32,
twins_svt_small,128,64,fp16,16.358768463134766,False,NVIDIA_GeForce_RTX_5090,32,
twins_svt_small,128,64,fp32,24.11167907714844,False,NVIDIA_GeForce_RTX_5090,32,
twins_svt_small,224,16,bf16,12.390399932861328,False,NVIDIA_GeForce_RTX_5090,32,
twins_svt_small,224,16,fp16,12.313664436340332,False,NVIDIA_GeForce_RTX_5090,32,
twins_svt_small,224,16,fp32,19.019744873046875,False,NVIDIA_GeForce_RTX_5090,32,
twins_svt_small,224,32,bf16,17.876544952392578,False,NVIDIA_GeForce_RTX_5090,32,
twins_svt_small,224,32,fp16,17.93600082397461,False,NVIDIA_GeForce_RTX_5090,32,
twins_svt_small,224,32,fp32,28.75888061523437,False,NVIDIA_GeForce_RTX_5090,32,
twins_svt_small,224,64,bf16,31.339984893798828,False,NVIDIA_GeForce_RTX_5090,32,
twins_svt_small,224,64,fp16,31.269567489624023,False,NVIDIA_GeForce_RTX_5090,32,
twins_svt_small,224,64,fp32,54.912784576416016,False,NVIDIA_GeForce_RTX_5090,32,
vit_base_patch16_224,64,16,bf16,6.355247974395752,False,NVIDIA_GeForce_RTX_5090,32,
vit_base_patch16_224,64,16,fp16,6.3212480545043945,False,NVIDIA_GeForce_RTX_5090,32,
vit_base_patch16_224,64,16,fp32,9.136655807495115,False,NVIDIA_GeForce_RTX_5090,32,
vit_base_patch16_224,64,32,bf16,7.090384006500244,False,NVIDIA_GeForce_RTX_5090,32,
vit_base_patch16_224,64,32,fp16,7.087071895599365,False,NVIDIA_GeForce_RTX_5090,32,
vit_base_patch16_224,64,32,fp32,11.76859188079834,False,NVIDIA_GeForce_RTX_5090,32,
vit_base_patch16_224,64,64,bf16,9.197248458862305,False,NVIDIA_GeForce_RTX_5090,32,
vit_base_patch16_224,64,64,fp16,9.14964771270752,False,NVIDIA_GeForce_RTX_5090,32,
vit_base_patch16_224,64,64,fp32,17.93948745727539,False,NVIDIA_GeForce_RTX_5090,32,
vit_base_patch16_224,128,16,bf16,8.842448234558105,False,NVIDIA_GeForce_RTX_5090,32,
vit_base_patch16_224,128,16,fp16,8.820608139038086,False,NVIDIA_GeForce_RTX_5090,32,
vit_base_patch16_224,128,16,fp32,18.148256301879883,False,NVIDIA_GeForce_RTX_5090,32,
vit_base_patch16_224,128,32,bf16,12.632847785949709,False,NVIDIA_GeForce_RTX_5090,32,
vit_base_patch16_224,128,32,fp16,12.583807945251465,False,NVIDIA_GeForce_RTX_5090,32,
vit_base_patch16_224,128,32,fp32,27.894672393798828,False,NVIDIA_GeForce_RTX_5090,32,
vit_base_patch16_224,128,64,bf16,19.98699188232422,False,NVIDIA_GeForce_RTX_5090,32,
vit_base_patch16_224,128,64,fp16,19.927488327026367,False,NVIDIA_GeForce_RTX_5090,32,
vit_base_patch16_224,128,64,fp32,51.36187362670898,False,NVIDIA_GeForce_RTX_5090,32,
vit_base_patch16_224,224,16,bf16,15.754207611083984,False,NVIDIA_GeForce_RTX_5090,32,
vit_base_patch16_224,224,16,fp16,15.728480339050291,False,NVIDIA_GeForce_RTX_5090,32,
vit_base_patch16_224,224,16,fp32,40.25145721435547,False,NVIDIA_GeForce_RTX_5090,32,
vit_base_patch16_224,224,32,bf16,27.347984313964844,False,NVIDIA_GeForce_RTX_5090,32,
vit_base_patch16_224,224,32,fp16,27.30985641479492,False,NVIDIA_GeForce_RTX_5090,32,
vit_base_patch16_224,224,32,fp32,74.94496154785156,False,NVIDIA_GeForce_RTX_5090,32,
vit_base_patch16_224,224,64,bf16,51.30790328979492,False,NVIDIA_GeForce_RTX_5090,32,
vit_base_patch16_224,224,64,fp16,51.2005615234375,False,NVIDIA_GeForce_RTX_5090,32,
vit_base_patch16_224,224,64,fp32,149.10850524902344,False,NVIDIA_GeForce_RTX_5090,32,
vit_large_patch16_224,64,16,bf16,17.88355255126953,False,NVIDIA_GeForce_RTX_5090,32,
vit_large_patch16_224,64,16,fp16,17.807247161865234,False,NVIDIA_GeForce_RTX_5090,32,
vit_large_patch16_224,64,16,fp32,26.54523277282715,False,NVIDIA_GeForce_RTX_5090,32,
vit_large_patch16_224,64,32,bf16,20.423952102661133,False,NVIDIA_GeForce_RTX_5090,32,
vit_large_patch16_224,64,32,fp16,20.343360900878903,False,NVIDIA_GeForce_RTX_5090,32,
vit_large_patch16_224,64,32,fp32,34.84235382080078,False,NVIDIA_GeForce_RTX_5090,32,
vit_large_patch16_224,64,64,bf16,26.973472595214844,False,NVIDIA_GeForce_RTX_5090,32,
vit_large_patch16_224,64,64,fp16,26.899951934814453,False,NVIDIA_GeForce_RTX_5090,32,
vit_large_patch16_224,64,64,fp32,52.784305572509766,False,NVIDIA_GeForce_RTX_5090,32,
vit_large_patch16_224,128,16,bf16,25.86984062194824,False,NVIDIA_GeForce_RTX_5090,32,
vit_large_patch16_224,128,16,fp16,25.818592071533203,False,NVIDIA_GeForce_RTX_5090,32,
vit_large_patch16_224,128,16,fp32,53.30267333984375,False,NVIDIA_GeForce_RTX_5090,32,
vit_large_patch16_224,128,32,bf16,38.79825592041016,False,NVIDIA_GeForce_RTX_5090,32,
vit_large_patch16_224,128,32,fp16,38.74985504150391,False,NVIDIA_GeForce_RTX_5090,32,
vit_large_patch16_224,128,32,fp32,87.64383697509766,False,NVIDIA_GeForce_RTX_5090,32,
vit_large_patch16_224,128,64,bf16,63.97014236450195,False,NVIDIA_GeForce_RTX_5090,32,
vit_large_patch16_224,128,64,fp16,63.76395034790039,False,NVIDIA_GeForce_RTX_5090,32,
vit_large_patch16_224,128,64,fp32,160.8654327392578,False,NVIDIA_GeForce_RTX_5090,32,
vit_large_patch16_224,224,16,bf16,51.83631896972656,False,NVIDIA_GeForce_RTX_5090,32,
vit_large_patch16_224,224,16,fp16,51.68600082397461,False,NVIDIA_GeForce_RTX_5090,32,
vit_large_patch16_224,224,16,fp32,129.69371032714844,False,NVIDIA_GeForce_RTX_5090,32,
vit_large_patch16_224,224,32,bf16,87.46521759033203,False,NVIDIA_GeForce_RTX_5090,32,
vit_large_patch16_224,224,32,fp16,87.31779479980469,False,NVIDIA_GeForce_RTX_5090,32,
vit_large_patch16_224,224,32,fp32,247.05667114257807,False,NVIDIA_GeForce_RTX_5090,32,
vit_large_patch16_224,224,64,bf16,166.89695739746094,False,NVIDIA_GeForce_RTX_5090,32,
vit_large_patch16_224,224,64,fp16,166.5630645751953,False,NVIDIA_GeForce_RTX_5090,32,
vit_large_patch16_224,224,64,fp32,483.0049743652344,False,NVIDIA_GeForce_RTX_5090,32,
vit_small_patch16_224,64,16,bf16,3.228127956390381,False,NVIDIA_GeForce_RTX_5090,32,
vit_small_patch16_224,64,16,fp16,3.14736008644104,False,NVIDIA_GeForce_RTX_5090,32,
vit_small_patch16_224,64,16,fp32,4.393104076385498,False,NVIDIA_GeForce_RTX_5090,32,
vit_small_patch16_224,64,32,bf16,3.7007040977478023,False,NVIDIA_GeForce_RTX_5090,32,
vit_small_patch16_224,64,32,fp16,3.6747519969940186,False,NVIDIA_GeForce_RTX_5090,32,
vit_small_patch16_224,64,32,fp32,5.76585578918457,False,NVIDIA_GeForce_RTX_5090,32,
vit_small_patch16_224,64,64,bf16,4.3224639892578125,False,NVIDIA_GeForce_RTX_5090,32,
vit_small_patch16_224,64,64,fp16,4.315711975097656,False,NVIDIA_GeForce_RTX_5090,32,
vit_small_patch16_224,64,64,fp32,7.857776165008545,False,NVIDIA_GeForce_RTX_5090,32,
vit_small_patch16_224,128,16,bf16,4.147696018218994,False,NVIDIA_GeForce_RTX_5090,32,
vit_small_patch16_224,128,16,fp16,4.128223896026611,False,NVIDIA_GeForce_RTX_5090,32,
vit_small_patch16_224,128,16,fp32,8.117648124694824,False,NVIDIA_GeForce_RTX_5090,32,
vit_small_patch16_224,128,32,bf16,5.603184223175049,False,NVIDIA_GeForce_RTX_5090,32,
vit_small_patch16_224,128,32,fp16,5.5805277824401855,False,NVIDIA_GeForce_RTX_5090,32,
vit_small_patch16_224,128,32,fp32,11.324560165405272,False,NVIDIA_GeForce_RTX_5090,32,
vit_small_patch16_224,128,64,bf16,8.485664367675781,False,NVIDIA_GeForce_RTX_5090,32,
vit_small_patch16_224,128,64,fp16,8.423952102661133,False,NVIDIA_GeForce_RTX_5090,32,
vit_small_patch16_224,128,64,fp32,17.661376953125,False,NVIDIA_GeForce_RTX_5090,32,
vit_small_patch16_224,224,16,bf16,7.104159832000732,False,NVIDIA_GeForce_RTX_5090,32,
vit_small_patch16_224,224,16,fp16,7.066512107849121,False,NVIDIA_GeForce_RTX_5090,32,
vit_small_patch16_224,224,16,fp32,15.595151901245115,False,NVIDIA_GeForce_RTX_5090,32,
vit_small_patch16_224,224,32,bf16,10.805120468139648,False,NVIDIA_GeForce_RTX_5090,32,
vit_small_patch16_224,224,32,fp16,10.769007682800291,False,NVIDIA_GeForce_RTX_5090,32,
vit_small_patch16_224,224,32,fp32,26.16524887084961,False,NVIDIA_GeForce_RTX_5090,32,
vit_small_patch16_224,224,64,bf16,18.516752243041992,False,NVIDIA_GeForce_RTX_5090,32,
vit_small_patch16_224,224,64,fp16,18.48564720153809,False,NVIDIA_GeForce_RTX_5090,32,
vit_small_patch16_224,224,64,fp32,49.25948715209961,False,NVIDIA_GeForce_RTX_5090,32,
vit_tiny_patch16_224,64,16,bf16,2.237423896789551,False,NVIDIA_GeForce_RTX_5090,32,
vit_tiny_patch16_224,64,16,fp16,2.159631967544556,False,NVIDIA_GeForce_RTX_5090,32,
vit_tiny_patch16_224,64,16,fp32,2.665663957595825,False,NVIDIA_GeForce_RTX_5090,32,
vit_tiny_patch16_224,64,32,bf16,2.7097439765930176,False,NVIDIA_GeForce_RTX_5090,32,
vit_tiny_patch16_224,64,32,fp16,2.592911958694458,False,NVIDIA_GeForce_RTX_5090,32,
vit_tiny_patch16_224,64,32,fp32,3.215023994445801,False,NVIDIA_GeForce_RTX_5090,32,
vit_tiny_patch16_224,64,64,bf16,2.99126410484314,False,NVIDIA_GeForce_RTX_5090,32,
vit_tiny_patch16_224,64,64,fp16,2.967168092727661,False,NVIDIA_GeForce_RTX_5090,32,
vit_tiny_patch16_224,64,64,fp32,4.792463779449463,False,NVIDIA_GeForce_RTX_5090,32,
vit_tiny_patch16_224,128,16,bf16,2.9738879203796387,False,NVIDIA_GeForce_RTX_5090,32,
vit_tiny_patch16_224,128,16,fp16,2.912015914916992,False,NVIDIA_GeForce_RTX_5090,32,
vit_tiny_patch16_224,128,16,fp32,4.215904235839844,False,NVIDIA_GeForce_RTX_5090,32,
vit_tiny_patch16_224,128,32,bf16,3.694607973098755,False,NVIDIA_GeForce_RTX_5090,32,
vit_tiny_patch16_224,128,32,fp16,3.66758394241333,False,NVIDIA_GeForce_RTX_5090,32,
vit_tiny_patch16_224,128,32,fp32,7.079216003417969,False,NVIDIA_GeForce_RTX_5090,32,
vit_tiny_patch16_224,128,64,bf16,4.774159908294678,False,NVIDIA_GeForce_RTX_5090,32,
vit_tiny_patch16_224,128,64,fp16,4.760176181793213,False,NVIDIA_GeForce_RTX_5090,32,
vit_tiny_patch16_224,128,64,fp32,9.352543830871582,False,NVIDIA_GeForce_RTX_5090,32,
vit_tiny_patch16_224,224,16,bf16,4.334383964538574,False,NVIDIA_GeForce_RTX_5090,32,
vit_tiny_patch16_224,224,16,fp16,4.318672180175781,False,NVIDIA_GeForce_RTX_5090,32,
vit_tiny_patch16_224,224,16,fp32,9.237407684326172,False,NVIDIA_GeForce_RTX_5090,32,
vit_tiny_patch16_224,224,32,bf16,6.321072101593018,False,NVIDIA_GeForce_RTX_5090,32,
vit_tiny_patch16_224,224,32,fp16,6.301472187042236,False,NVIDIA_GeForce_RTX_5090,32,
vit_tiny_patch16_224,224,32,fp32,14.677151679992676,False,NVIDIA_GeForce_RTX_5090,32,
vit_tiny_patch16_224,224,64,bf16,9.849871635437012,False,NVIDIA_GeForce_RTX_5090,32,
vit_tiny_patch16_224,224,64,fp16,9.807120323181152,False,NVIDIA_GeForce_RTX_5090,32,
vit_tiny_patch16_224,224,64,fp32,23.848800659179688,False,NVIDIA_GeForce_RTX_5090,32,
wide_resnet101_2,64,16,bf16,12.294927597045898,False,NVIDIA_GeForce_RTX_5090,32,
wide_resnet101_2,64,16,fp16,11.86740779876709,False,NVIDIA_GeForce_RTX_5090,32,
wide_resnet101_2,64,16,fp32,18.361648559570312,False,NVIDIA_GeForce_RTX_5090,32,
wide_resnet101_2,64,32,bf16,15.431504249572754,False,NVIDIA_GeForce_RTX_5090,32,
wide_resnet101_2,64,32,fp16,14.387807846069336,False,NVIDIA_GeForce_RTX_5090,32,
wide_resnet101_2,64,32,fp32,21.50054359436035,False,NVIDIA_GeForce_RTX_5090,32,
wide_resnet101_2,64,64,bf16,20.950607299804688,False,NVIDIA_GeForce_RTX_5090,32,
wide_resnet101_2,64,64,fp16,18.367168426513672,False,NVIDIA_GeForce_RTX_5090,32,
wide_resnet101_2,64,64,fp32,26.85113525390625,False,NVIDIA_GeForce_RTX_5090,32,
wide_resnet101_2,128,16,bf16,17.16489601135254,False,NVIDIA_GeForce_RTX_5090,32,
wide_resnet101_2,128,16,fp16,14.917488098144531,False,NVIDIA_GeForce_RTX_5090,32,
wide_resnet101_2,128,16,fp32,22.798912048339844,False,NVIDIA_GeForce_RTX_5090,32,
wide_resnet101_2,128,32,bf16,22.701072692871094,False,NVIDIA_GeForce_RTX_5090,32,
wide_resnet101_2,128,32,fp16,20.013919830322266,False,NVIDIA_GeForce_RTX_5090,32,
wide_resnet101_2,128,32,fp32,32.31379318237305,False,NVIDIA_GeForce_RTX_5090,32,
wide_resnet101_2,128,64,bf16,38.864017486572266,False,NVIDIA_GeForce_RTX_5090,32,
wide_resnet101_2,128,64,fp16,33.64868927001953,False,NVIDIA_GeForce_RTX_5090,32,
wide_resnet101_2,128,64,fp32,53.194942474365234,False,NVIDIA_GeForce_RTX_5090,32,
wide_resnet101_2,224,16,bf16,29.39019203186035,False,NVIDIA_GeForce_RTX_5090,32,
wide_resnet101_2,224,16,fp16,25.808639526367188,False,NVIDIA_GeForce_RTX_5090,32,
wide_resnet101_2,224,16,fp32,42.19449615478516,False,NVIDIA_GeForce_RTX_5090,32,
wide_resnet101_2,224,32,bf16,52.71104049682617,False,NVIDIA_GeForce_RTX_5090,32,
wide_resnet101_2,224,32,fp16,46.60678482055664,False,NVIDIA_GeForce_RTX_5090,32,
wide_resnet101_2,224,32,fp32,77.80073547363281,False,NVIDIA_GeForce_RTX_5090,32,
wide_resnet101_2,224,64,bf16,93.64765167236328,False,NVIDIA_GeForce_RTX_5090,32,
wide_resnet101_2,224,64,fp16,82.98651123046875,False,NVIDIA_GeForce_RTX_5090,32,
wide_resnet101_2,224,64,fp32,153.3622283935547,False,NVIDIA_GeForce_RTX_5090,32,
xcit_small_12_p16_224,64,16,bf16,7.01639986038208,False,NVIDIA_GeForce_RTX_5090,32,
xcit_small_12_p16_224,64,16,fp16,6.768671989440918,False,NVIDIA_GeForce_RTX_5090,32,
xcit_small_12_p16_224,64,16,fp32,7.290495872497559,False,NVIDIA_GeForce_RTX_5090,32,
xcit_small_12_p16_224,64,32,bf16,8.135583877563477,False,NVIDIA_GeForce_RTX_5090,32,
xcit_small_12_p16_224,64,32,fp16,7.882224082946777,False,NVIDIA_GeForce_RTX_5090,32,
xcit_small_12_p16_224,64,32,fp32,9.579999923706056,False,NVIDIA_GeForce_RTX_5090,32,
xcit_small_12_p16_224,64,64,bf16,9.36774444580078,False,NVIDIA_GeForce_RTX_5090,32,
xcit_small_12_p16_224,64,64,fp16,9.037535667419434,False,NVIDIA_GeForce_RTX_5090,32,
xcit_small_12_p16_224,64,64,fp32,12.61633586883545,False,NVIDIA_GeForce_RTX_5090,32,
xcit_small_12_p16_224,128,16,bf16,9.273152351379396,False,NVIDIA_GeForce_RTX_5090,32,
xcit_small_12_p16_224,128,16,fp16,8.974255561828613,False,NVIDIA_GeForce_RTX_5090,32,
xcit_small_12_p16_224,128,16,fp32,12.588560104370115,False,NVIDIA_GeForce_RTX_5090,32,
xcit_small_12_p16_224,128,32,bf16,11.789008140563965,False,NVIDIA_GeForce_RTX_5090,32,
xcit_small_12_p16_224,128,32,fp16,11.506640434265137,False,NVIDIA_GeForce_RTX_5090,32,
xcit_small_12_p16_224,128,32,fp32,16.7291202545166,False,NVIDIA_GeForce_RTX_5090,32,
xcit_small_12_p16_224,128,64,bf16,17.710895538330078,False,NVIDIA_GeForce_RTX_5090,32,
xcit_small_12_p16_224,128,64,fp16,17.386911392211914,False,NVIDIA_GeForce_RTX_5090,32,
xcit_small_12_p16_224,128,64,fp32,25.699552536010746,False,NVIDIA_GeForce_RTX_5090,32,
xcit_small_12_p16_224,224,16,bf16,15.651663780212402,False,NVIDIA_GeForce_RTX_5090,32,
xcit_small_12_p16_224,224,16,fp16,15.374431610107422,False,NVIDIA_GeForce_RTX_5090,32,
xcit_small_12_p16_224,224,16,fp32,22.260351181030277,False,NVIDIA_GeForce_RTX_5090,32,
xcit_small_12_p16_224,224,32,bf16,24.86507225036621,False,NVIDIA_GeForce_RTX_5090,32,
xcit_small_12_p16_224,224,32,fp16,24.389936447143555,False,NVIDIA_GeForce_RTX_5090,32,
xcit_small_12_p16_224,224,32,fp32,37.1995849609375,False,NVIDIA_GeForce_RTX_5090,32,
xcit_small_12_p16_224,224,64,bf16,43.08145523071289,False,NVIDIA_GeForce_RTX_5090,32,
xcit_small_12_p16_224,224,64,fp16,42.13268661499024,False,NVIDIA_GeForce_RTX_5090,32,
xcit_small_12_p16_224,224,64,fp32,68.26785278320312,False,NVIDIA_GeForce_RTX_5090,32,
xcit_tiny_12_p16_224,64,16,bf16,5.873023986816406,False,NVIDIA_GeForce_RTX_5090,32,
xcit_tiny_12_p16_224,64,16,fp16,5.709727764129639,False,NVIDIA_GeForce_RTX_5090,32,
xcit_tiny_12_p16_224,64,16,fp32,5.406688213348389,False,NVIDIA_GeForce_RTX_5090,32,
xcit_tiny_12_p16_224,64,32,bf16,6.91534423828125,False,NVIDIA_GeForce_RTX_5090,32,
xcit_tiny_12_p16_224,64,32,fp16,6.648528099060059,False,NVIDIA_GeForce_RTX_5090,32,
xcit_tiny_12_p16_224,64,32,fp32,6.745183944702148,False,NVIDIA_GeForce_RTX_5090,32,
xcit_tiny_12_p16_224,64,64,bf16,7.392960071563721,False,NVIDIA_GeForce_RTX_5090,32,
xcit_tiny_12_p16_224,64,64,fp16,7.0608320236206055,False,NVIDIA_GeForce_RTX_5090,32,
xcit_tiny_12_p16_224,64,64,fp32,7.977536201477051,False,NVIDIA_GeForce_RTX_5090,32,
xcit_tiny_12_p16_224,128,16,bf16,7.328351974487305,False,NVIDIA_GeForce_RTX_5090,32,
xcit_tiny_12_p16_224,128,16,fp16,6.95084810256958,False,NVIDIA_GeForce_RTX_5090,32,
xcit_tiny_12_p16_224,128,16,fp32,8.029696464538574,False,NVIDIA_GeForce_RTX_5090,32,
xcit_tiny_12_p16_224,128,32,bf16,8.732560157775879,False,NVIDIA_GeForce_RTX_5090,32,
xcit_tiny_12_p16_224,128,32,fp16,8.536895751953125,False,NVIDIA_GeForce_RTX_5090,32,
xcit_tiny_12_p16_224,128,32,fp32,11.201919555664062,False,NVIDIA_GeForce_RTX_5090,32,
xcit_tiny_12_p16_224,128,64,bf16,11.189984321594238,False,NVIDIA_GeForce_RTX_5090,32,
xcit_tiny_12_p16_224,128,64,fp16,10.861328125,False,NVIDIA_GeForce_RTX_5090,32,
xcit_tiny_12_p16_224,128,64,fp32,14.491439819335938,False,NVIDIA_GeForce_RTX_5090,32,
xcit_tiny_12_p16_224,224,16,bf16,10.694095611572266,False,NVIDIA_GeForce_RTX_5090,32,
xcit_tiny_12_p16_224,224,16,fp16,10.443599700927734,False,NVIDIA_GeForce_RTX_5090,32,
xcit_tiny_12_p16_224,224,16,fp32,13.818479537963867,False,NVIDIA_GeForce_RTX_5090,32,
xcit_tiny_12_p16_224,224,32,bf16,15.692432403564451,False,NVIDIA_GeForce_RTX_5090,32,
xcit_tiny_12_p16_224,224,32,fp16,15.356032371520996,False,NVIDIA_GeForce_RTX_5090,32,
xcit_tiny_12_p16_224,224,32,fp32,22.364288330078125,False,NVIDIA_GeForce_RTX_5090,32,
xcit_tiny_12_p16_224,224,64,bf16,24.447792053222656,False,NVIDIA_GeForce_RTX_5090,32,
xcit_tiny_12_p16_224,224,64,fp16,23.80342483520508,False,NVIDIA_GeForce_RTX_5090,32,
xcit_tiny_12_p16_224,224,64,fp32,35.33118438720703,False,NVIDIA_GeForce_RTX_5090,32,
