model,img_size,batch_size,precision,avg_time_ms,oom,gpu,vram_gb,cleanup
beit_large_patch16_224,64,16,bf16,40.826446533203125,False,NVIDIA_GeForce_RTX_5070,12,
beit_large_patch16_224,64,16,fp16,40.74705505371094,False,NVIDIA_GeForce_RTX_5070,12,
beit_large_patch16_224,64,16,fp32,60.792110443115234,False,NVIDIA_GeForce_RTX_5070,12,
beit_large_patch16_224,64,32,bf16,49.81939315795898,False,NVIDIA_GeForce_RTX_5070,12,
beit_large_patch16_224,64,32,fp16,49.70662307739258,False,NVIDIA_GeForce_RTX_5070,12,
beit_large_patch16_224,64,32,fp32,86.69172668457031,False,NVIDIA_GeForce_RTX_5070,12,
beit_large_patch16_224,64,64,bf16,68.7732162475586,False,NVIDIA_GeForce_RTX_5070,12,
beit_large_patch16_224,64,64,fp16,68.58209228515625,False,NVIDIA_GeForce_RTX_5070,12,
beit_large_patch16_224,64,64,fp32,145.82659912109375,False,NVIDIA_GeForce_RTX_5070,12,
beit_large_patch16_224,128,16,bf16,69.20848083496094,False,NVIDIA_GeForce_RTX_5070,12,
beit_large_patch16_224,128,16,fp16,69.00489807128906,False,NVIDIA_GeForce_RTX_5070,12,
beit_large_patch16_224,128,16,fp32,145.73074340820312,False,NVIDIA_GeForce_RTX_5070,12,
beit_large_patch16_224,128,32,bf16,106.06635284423828,False,NVIDIA_GeForce_RTX_5070,12,
beit_large_patch16_224,128,32,fp16,106.00714874267578,False,NVIDIA_GeForce_RTX_5070,12,
beit_large_patch16_224,128,32,fp32,265.13983154296875,False,NVIDIA_GeForce_RTX_5070,12,
beit_large_patch16_224,128,64,bf16,190.9505157470703,False,NVIDIA_GeForce_RTX_5070,12,
beit_large_patch16_224,128,64,fp16,190.2227935791016,False,NVIDIA_GeForce_RTX_5070,12,
beit_large_patch16_224,128,64,fp32,,True,NVIDIA_GeForce_RTX_5070,12,
beit_large_patch16_224,224,16,bf16,157.54629516601562,False,NVIDIA_GeForce_RTX_5070,12,
beit_large_patch16_224,224,16,fp16,157.10926818847656,False,NVIDIA_GeForce_RTX_5070,12,
beit_large_patch16_224,224,16,fp32,402.8250732421875,False,NVIDIA_GeForce_RTX_5070,12,
beit_large_patch16_224,224,32,bf16,,True,NVIDIA_GeForce_RTX_5070,12,
beit_large_patch16_224,224,32,fp16,,True,NVIDIA_GeForce_RTX_5070,12,
beit_large_patch16_224,224,32,fp32,,True,NVIDIA_GeForce_RTX_5070,12,
beit_large_patch16_224,224,64,bf16,,True,NVIDIA_GeForce_RTX_5070,12,
beit_large_patch16_224,224,64,fp16,,True,NVIDIA_GeForce_RTX_5070,12,
beit_large_patch16_224,224,64,fp32,,True,NVIDIA_GeForce_RTX_5070,12,
coatnet_0_rw_224,64,16,bf16,7.389088153839111,False,NVIDIA_GeForce_RTX_5070,12,
coatnet_0_rw_224,64,16,fp16,6.419695854187012,False,NVIDIA_GeForce_RTX_5070,12,
coatnet_0_rw_224,64,16,fp32,7.418255805969238,False,NVIDIA_GeForce_RTX_5070,12,
coatnet_0_rw_224,64,32,bf16,9.218640327453612,False,NVIDIA_GeForce_RTX_5070,12,
coatnet_0_rw_224,64,32,fp16,8.085920333862305,False,NVIDIA_GeForce_RTX_5070,12,
coatnet_0_rw_224,64,32,fp32,10.767040252685549,False,NVIDIA_GeForce_RTX_5070,12,
coatnet_0_rw_224,64,64,bf16,13.528719902038574,False,NVIDIA_GeForce_RTX_5070,12,
coatnet_0_rw_224,64,64,fp16,11.537903785705566,False,NVIDIA_GeForce_RTX_5070,12,
coatnet_0_rw_224,64,64,fp32,17.846832275390625,False,NVIDIA_GeForce_RTX_5070,12,
coatnet_0_rw_224,128,16,bf16,13.011712074279783,False,NVIDIA_GeForce_RTX_5070,12,
coatnet_0_rw_224,128,16,fp16,10.885600090026855,False,NVIDIA_GeForce_RTX_5070,12,
coatnet_0_rw_224,128,16,fp32,15.656975746154783,False,NVIDIA_GeForce_RTX_5070,12,
coatnet_0_rw_224,128,32,bf16,21.03193664550781,False,NVIDIA_GeForce_RTX_5070,12,
coatnet_0_rw_224,128,32,fp16,17.361488342285156,False,NVIDIA_GeForce_RTX_5070,12,
coatnet_0_rw_224,128,32,fp32,30.661888122558597,False,NVIDIA_GeForce_RTX_5070,12,
coatnet_0_rw_224,128,64,bf16,39.942657470703125,False,NVIDIA_GeForce_RTX_5070,12,
coatnet_0_rw_224,128,64,fp16,33.116878509521484,False,NVIDIA_GeForce_RTX_5070,12,
coatnet_0_rw_224,128,64,fp32,64.03569793701172,False,NVIDIA_GeForce_RTX_5070,12,
coatnet_0_rw_224,224,16,bf16,33.853294372558594,False,NVIDIA_GeForce_RTX_5070,12,
coatnet_0_rw_224,224,16,fp16,28.376304626464844,False,NVIDIA_GeForce_RTX_5070,12,
coatnet_0_rw_224,224,16,fp32,55.932430267333984,False,NVIDIA_GeForce_RTX_5070,12,
coatnet_0_rw_224,224,32,bf16,67.84246063232422,False,NVIDIA_GeForce_RTX_5070,12,
coatnet_0_rw_224,224,32,fp16,57.163455963134766,False,NVIDIA_GeForce_RTX_5070,12,
coatnet_0_rw_224,224,32,fp32,113.7929916381836,False,NVIDIA_GeForce_RTX_5070,12,
coatnet_0_rw_224,224,64,bf16,137.19619750976562,False,NVIDIA_GeForce_RTX_5070,12,
coatnet_0_rw_224,224,64,fp16,117.5163345336914,False,NVIDIA_GeForce_RTX_5070,12,
coatnet_0_rw_224,224,64,fp32,,True,NVIDIA_GeForce_RTX_5070,12,
coatnet_1_rw_224,64,16,bf16,11.923824310302734,False,NVIDIA_GeForce_RTX_5070,12,
coatnet_1_rw_224,64,16,fp16,10.54145622253418,False,NVIDIA_GeForce_RTX_5070,12,
coatnet_1_rw_224,64,16,fp32,12.265071868896484,False,NVIDIA_GeForce_RTX_5070,12,
coatnet_1_rw_224,64,32,bf16,15.510031700134276,False,NVIDIA_GeForce_RTX_5070,12,
coatnet_1_rw_224,64,32,fp16,13.7566556930542,False,NVIDIA_GeForce_RTX_5070,12,
coatnet_1_rw_224,64,32,fp32,18.26881599426269,False,NVIDIA_GeForce_RTX_5070,12,
coatnet_1_rw_224,64,64,bf16,23.186464309692383,False,NVIDIA_GeForce_RTX_5070,12,
coatnet_1_rw_224,64,64,fp16,20.1397762298584,False,NVIDIA_GeForce_RTX_5070,12,
coatnet_1_rw_224,64,64,fp32,30.89324760437012,False,NVIDIA_GeForce_RTX_5070,12,
coatnet_1_rw_224,128,16,bf16,22.405935287475582,False,NVIDIA_GeForce_RTX_5070,12,
coatnet_1_rw_224,128,16,fp16,18.907615661621094,False,NVIDIA_GeForce_RTX_5070,12,
coatnet_1_rw_224,128,16,fp32,27.739904403686523,False,NVIDIA_GeForce_RTX_5070,12,
coatnet_1_rw_224,128,32,bf16,36.97740936279297,False,NVIDIA_GeForce_RTX_5070,12,
coatnet_1_rw_224,128,32,fp16,31.064048767089844,False,NVIDIA_GeForce_RTX_5070,12,
coatnet_1_rw_224,128,32,fp32,53.722206115722656,False,NVIDIA_GeForce_RTX_5070,12,
coatnet_1_rw_224,128,64,bf16,68.65894317626953,False,NVIDIA_GeForce_RTX_5070,12,
coatnet_1_rw_224,128,64,fp16,58.730464935302734,False,NVIDIA_GeForce_RTX_5070,12,
coatnet_1_rw_224,128,64,fp32,111.4651336669922,False,NVIDIA_GeForce_RTX_5070,12,
coatnet_1_rw_224,224,16,bf16,59.36019134521485,False,NVIDIA_GeForce_RTX_5070,12,
coatnet_1_rw_224,224,16,fp16,51.41913604736328,False,NVIDIA_GeForce_RTX_5070,12,
coatnet_1_rw_224,224,16,fp32,100.25331115722656,False,NVIDIA_GeForce_RTX_5070,12,
coatnet_1_rw_224,224,32,bf16,117.46395111083984,False,NVIDIA_GeForce_RTX_5070,12,
coatnet_1_rw_224,224,32,fp16,102.75382232666016,False,NVIDIA_GeForce_RTX_5070,12,
coatnet_1_rw_224,224,32,fp32,244.96055603027344,False,NVIDIA_GeForce_RTX_5070,12,
coatnet_1_rw_224,224,64,bf16,,True,NVIDIA_GeForce_RTX_5070,12,
coatnet_1_rw_224,224,64,fp16,,True,NVIDIA_GeForce_RTX_5070,12,
coatnet_1_rw_224,224,64,fp32,,True,NVIDIA_GeForce_RTX_5070,12,
coatnet_2_rw_224,64,16,bf16,16.536239624023438,False,NVIDIA_GeForce_RTX_5070,12,
coatnet_2_rw_224,64,16,fp16,14.908559799194336,False,NVIDIA_GeForce_RTX_5070,12,
coatnet_2_rw_224,64,16,fp32,19.0076961517334,False,NVIDIA_GeForce_RTX_5070,12,
coatnet_2_rw_224,64,32,bf16,22.50641632080078,False,NVIDIA_GeForce_RTX_5070,12,
coatnet_2_rw_224,64,32,fp16,19.88339233398437,False,NVIDIA_GeForce_RTX_5070,12,
coatnet_2_rw_224,64,32,fp32,28.935039520263672,False,NVIDIA_GeForce_RTX_5070,12,
coatnet_2_rw_224,64,64,bf16,36.47343826293945,False,NVIDIA_GeForce_RTX_5070,12,
coatnet_2_rw_224,64,64,fp16,31.79489517211914,False,NVIDIA_GeForce_RTX_5070,12,
coatnet_2_rw_224,64,64,fp32,52.02308654785156,False,NVIDIA_GeForce_RTX_5070,12,
coatnet_2_rw_224,128,16,bf16,34.999359130859375,False,NVIDIA_GeForce_RTX_5070,12,
coatnet_2_rw_224,128,16,fp16,29.15507125854492,False,NVIDIA_GeForce_RTX_5070,12,
coatnet_2_rw_224,128,16,fp32,47.25262451171875,False,NVIDIA_GeForce_RTX_5070,12,
coatnet_2_rw_224,128,32,bf16,57.56779098510742,False,NVIDIA_GeForce_RTX_5070,12,
coatnet_2_rw_224,128,32,fp16,49.54484939575195,False,NVIDIA_GeForce_RTX_5070,12,
coatnet_2_rw_224,128,32,fp32,91.13345336914062,False,NVIDIA_GeForce_RTX_5070,12,
coatnet_2_rw_224,128,64,bf16,111.6155014038086,False,NVIDIA_GeForce_RTX_5070,12,
coatnet_2_rw_224,128,64,fp16,97.0842056274414,False,NVIDIA_GeForce_RTX_5070,12,
coatnet_2_rw_224,128,64,fp32,189.756103515625,False,NVIDIA_GeForce_RTX_5070,12,
coatnet_2_rw_224,224,16,bf16,95.2170867919922,False,NVIDIA_GeForce_RTX_5070,12,
coatnet_2_rw_224,224,16,fp16,82.91758728027344,False,NVIDIA_GeForce_RTX_5070,12,
coatnet_2_rw_224,224,16,fp32,156.4662628173828,False,NVIDIA_GeForce_RTX_5070,12,
coatnet_2_rw_224,224,32,bf16,184.9705352783203,False,NVIDIA_GeForce_RTX_5070,12,
coatnet_2_rw_224,224,32,fp16,163.71324157714844,False,NVIDIA_GeForce_RTX_5070,12,
coatnet_2_rw_224,224,32,fp32,,True,NVIDIA_GeForce_RTX_5070,12,
coatnet_2_rw_224,224,64,bf16,,True,NVIDIA_GeForce_RTX_5070,12,
coatnet_2_rw_224,224,64,fp16,,True,NVIDIA_GeForce_RTX_5070,12,
coatnet_2_rw_224,224,64,fp32,,True,NVIDIA_GeForce_RTX_5070,12,
convnext_base,64,16,bf16,14.83521556854248,False,NVIDIA_GeForce_RTX_5070,12,
convnext_base,64,16,fp16,14.63308811187744,False,NVIDIA_GeForce_RTX_5070,12,
convnext_base,64,16,fp32,22.03751945495605,False,NVIDIA_GeForce_RTX_5070,12,
convnext_base,64,32,bf16,18.75436782836914,False,NVIDIA_GeForce_RTX_5070,12,
convnext_base,64,32,fp16,18.4768009185791,False,NVIDIA_GeForce_RTX_5070,12,
convnext_base,64,32,fp32,32.101951599121094,False,NVIDIA_GeForce_RTX_5070,12,
convnext_base,64,64,bf16,24.67663955688477,False,NVIDIA_GeForce_RTX_5070,12,
convnext_base,64,64,fp16,24.556079864501957,False,NVIDIA_GeForce_RTX_5070,12,
convnext_base,64,64,fp32,53.32865524291992,False,NVIDIA_GeForce_RTX_5070,12,
convnext_base,128,16,bf16,23.957935333251957,False,NVIDIA_GeForce_RTX_5070,12,
convnext_base,128,16,fp16,23.8255672454834,False,NVIDIA_GeForce_RTX_5070,12,
convnext_base,128,16,fp32,59.256080627441406,False,NVIDIA_GeForce_RTX_5070,12,
convnext_base,128,32,bf16,37.447696685791016,False,NVIDIA_GeForce_RTX_5070,12,
convnext_base,128,32,fp16,37.37728118896485,False,NVIDIA_GeForce_RTX_5070,12,
convnext_base,128,32,fp32,110.84033966064452,False,NVIDIA_GeForce_RTX_5070,12,
convnext_base,128,64,bf16,66.4324951171875,False,NVIDIA_GeForce_RTX_5070,12,
convnext_base,128,64,fp16,66.35569763183594,False,NVIDIA_GeForce_RTX_5070,12,
convnext_base,128,64,fp32,219.80242919921875,False,NVIDIA_GeForce_RTX_5070,12,
convnext_base,224,16,bf16,53.31355285644531,False,NVIDIA_GeForce_RTX_5070,12,
convnext_base,224,16,fp16,53.13836669921875,False,NVIDIA_GeForce_RTX_5070,12,
convnext_base,224,16,fp32,185.2158203125,False,NVIDIA_GeForce_RTX_5070,12,
convnext_base,224,32,bf16,99.8334732055664,False,NVIDIA_GeForce_RTX_5070,12,
convnext_base,224,32,fp16,99.45750427246094,False,NVIDIA_GeForce_RTX_5070,12,
convnext_base,224,32,fp32,369.4056396484375,False,NVIDIA_GeForce_RTX_5070,12,
convnext_base,224,64,bf16,201.5406036376953,False,NVIDIA_GeForce_RTX_5070,12,
convnext_base,224,64,fp16,201.43115234375,False,NVIDIA_GeForce_RTX_5070,12,
convnext_base,224,64,fp32,,True,NVIDIA_GeForce_RTX_5070,12,
convnext_large,64,16,bf16,27.30936050415039,False,NVIDIA_GeForce_RTX_5070,12,
convnext_large,64,16,fp16,27.10207939147949,False,NVIDIA_GeForce_RTX_5070,12,
convnext_large,64,16,fp32,39.61964797973633,False,NVIDIA_GeForce_RTX_5070,12,
convnext_large,64,32,bf16,33.20529556274414,False,NVIDIA_GeForce_RTX_5070,12,
convnext_large,64,32,fp16,33.07780838012695,False,NVIDIA_GeForce_RTX_5070,12,
convnext_large,64,32,fp32,60.33575820922852,False,NVIDIA_GeForce_RTX_5070,12,
convnext_large,64,64,bf16,45.520111083984375,False,NVIDIA_GeForce_RTX_5070,12,
convnext_large,64,64,fp16,45.3959846496582,False,NVIDIA_GeForce_RTX_5070,12,
convnext_large,64,64,fp32,101.41985321044922,False,NVIDIA_GeForce_RTX_5070,12,
convnext_large,128,16,bf16,44.76559829711914,False,NVIDIA_GeForce_RTX_5070,12,
convnext_large,128,16,fp16,44.65241622924805,False,NVIDIA_GeForce_RTX_5070,12,
convnext_large,128,16,fp32,112.4358367919922,False,NVIDIA_GeForce_RTX_5070,12,
convnext_large,128,32,bf16,70.59149169921875,False,NVIDIA_GeForce_RTX_5070,12,
convnext_large,128,32,fp16,70.42768096923828,False,NVIDIA_GeForce_RTX_5070,12,
convnext_large,128,32,fp32,213.6473693847656,False,NVIDIA_GeForce_RTX_5070,12,
convnext_large,128,64,bf16,126.75577545166016,False,NVIDIA_GeForce_RTX_5070,12,
convnext_large,128,64,fp16,126.33806610107422,False,NVIDIA_GeForce_RTX_5070,12,
convnext_large,128,64,fp32,417.08685302734375,False,NVIDIA_GeForce_RTX_5070,12,
convnext_large,224,16,bf16,101.10921478271484,False,NVIDIA_GeForce_RTX_5070,12,
convnext_large,224,16,fp16,100.916259765625,False,NVIDIA_GeForce_RTX_5070,12,
convnext_large,224,16,fp32,347.720703125,False,NVIDIA_GeForce_RTX_5070,12,
convnext_large,224,32,bf16,191.79791259765625,False,NVIDIA_GeForce_RTX_5070,12,
convnext_large,224,32,fp16,191.1617584228516,False,NVIDIA_GeForce_RTX_5070,12,
convnext_large,224,32,fp32,,True,NVIDIA_GeForce_RTX_5070,12,
convnext_large,224,64,bf16,,True,NVIDIA_GeForce_RTX_5070,12,
convnext_large,224,64,fp16,,True,NVIDIA_GeForce_RTX_5070,12,
convnext_large,224,64,fp32,,True,NVIDIA_GeForce_RTX_5070,12,
convnext_small,64,16,bf16,12.50716781616211,False,NVIDIA_GeForce_RTX_5070,12,
convnext_small,64,16,fp16,12.374544143676758,False,NVIDIA_GeForce_RTX_5070,12,
convnext_small,64,16,fp32,15.86513614654541,False,NVIDIA_GeForce_RTX_5070,12,
convnext_small,64,32,bf16,17.348031997680664,False,NVIDIA_GeForce_RTX_5070,12,
convnext_small,64,32,fp16,17.17812728881836,False,NVIDIA_GeForce_RTX_5070,12,
convnext_small,64,32,fp32,22.843055725097656,False,NVIDIA_GeForce_RTX_5070,12,
convnext_small,64,64,bf16,26.07796859741211,False,NVIDIA_GeForce_RTX_5070,12,
convnext_small,64,64,fp16,25.986352920532227,False,NVIDIA_GeForce_RTX_5070,12,
convnext_small,64,64,fp32,36.0635986328125,False,NVIDIA_GeForce_RTX_5070,12,
convnext_small,128,16,bf16,16.352752685546875,False,NVIDIA_GeForce_RTX_5070,12,
convnext_small,128,16,fp16,16.24550437927246,False,NVIDIA_GeForce_RTX_5070,12,
convnext_small,128,16,fp32,40.89031982421875,False,NVIDIA_GeForce_RTX_5070,12,
convnext_small,128,32,bf16,25.001808166503903,False,NVIDIA_GeForce_RTX_5070,12,
convnext_small,128,32,fp16,24.868751525878903,False,NVIDIA_GeForce_RTX_5070,12,
convnext_small,128,32,fp32,75.24797058105469,False,NVIDIA_GeForce_RTX_5070,12,
convnext_small,128,64,bf16,44.38188934326172,False,NVIDIA_GeForce_RTX_5070,12,
convnext_small,128,64,fp16,44.24540710449219,False,NVIDIA_GeForce_RTX_5070,12,
convnext_small,128,64,fp32,145.95458984375,False,NVIDIA_GeForce_RTX_5070,12,
convnext_small,224,16,bf16,36.089599609375,False,NVIDIA_GeForce_RTX_5070,12,
convnext_small,224,16,fp16,35.9717903137207,False,NVIDIA_GeForce_RTX_5070,12,
convnext_small,224,16,fp32,125.21151733398438,False,NVIDIA_GeForce_RTX_5070,12,
convnext_small,224,32,bf16,66.06938934326172,False,NVIDIA_GeForce_RTX_5070,12,
convnext_small,224,32,fp16,65.91496276855469,False,NVIDIA_GeForce_RTX_5070,12,
convnext_small,224,32,fp32,249.65969848632807,False,NVIDIA_GeForce_RTX_5070,12,
convnext_small,224,64,bf16,132.6575927734375,False,NVIDIA_GeForce_RTX_5070,12,
convnext_small,224,64,fp16,132.63031005859375,False,NVIDIA_GeForce_RTX_5070,12,
convnext_small,224,64,fp32,,True,NVIDIA_GeForce_RTX_5070,12,
convnext_tiny,64,16,bf16,7.9560160636901855,False,NVIDIA_GeForce_RTX_5070,12,
convnext_tiny,64,16,fp16,7.85975980758667,False,NVIDIA_GeForce_RTX_5070,12,
convnext_tiny,64,16,fp32,9.031920433044434,False,NVIDIA_GeForce_RTX_5070,12,
convnext_tiny,64,32,bf16,11.870400428771973,False,NVIDIA_GeForce_RTX_5070,12,
convnext_tiny,64,32,fp16,11.74942398071289,False,NVIDIA_GeForce_RTX_5070,12,
convnext_tiny,64,32,fp32,13.528800010681152,False,NVIDIA_GeForce_RTX_5070,12,
convnext_tiny,64,64,bf16,19.047887802124023,False,NVIDIA_GeForce_RTX_5070,12,
convnext_tiny,64,64,fp16,18.95332717895508,False,NVIDIA_GeForce_RTX_5070,12,
convnext_tiny,64,64,fp32,22.296367645263672,False,NVIDIA_GeForce_RTX_5070,12,
convnext_tiny,128,16,bf16,9.589776039123535,False,NVIDIA_GeForce_RTX_5070,12,
convnext_tiny,128,16,fp16,9.508111953735352,False,NVIDIA_GeForce_RTX_5070,12,
convnext_tiny,128,16,fp32,24.7032470703125,False,NVIDIA_GeForce_RTX_5070,12,
convnext_tiny,128,32,bf16,15.02353572845459,False,NVIDIA_GeForce_RTX_5070,12,
convnext_tiny,128,32,fp16,14.940256118774414,False,NVIDIA_GeForce_RTX_5070,12,
convnext_tiny,128,32,fp32,46.86348724365234,False,NVIDIA_GeForce_RTX_5070,12,
convnext_tiny,128,64,bf16,27.296911239624023,False,NVIDIA_GeForce_RTX_5070,12,
convnext_tiny,128,64,fp16,27.264911651611328,False,NVIDIA_GeForce_RTX_5070,12,
convnext_tiny,128,64,fp32,92.5854263305664,False,NVIDIA_GeForce_RTX_5070,12,
convnext_tiny,224,16,bf16,21.90959930419922,False,NVIDIA_GeForce_RTX_5070,12,
convnext_tiny,224,16,fp16,21.8200798034668,False,NVIDIA_GeForce_RTX_5070,12,
convnext_tiny,224,16,fp32,76.42084503173828,False,NVIDIA_GeForce_RTX_5070,12,
convnext_tiny,224,32,bf16,41.13032150268555,False,NVIDIA_GeForce_RTX_5070,12,
convnext_tiny,224,32,fp16,41.05980682373047,False,NVIDIA_GeForce_RTX_5070,12,
convnext_tiny,224,32,fp32,153.7677764892578,False,NVIDIA_GeForce_RTX_5070,12,
convnext_tiny,224,64,bf16,83.34857940673828,False,NVIDIA_GeForce_RTX_5070,12,
convnext_tiny,224,64,fp16,83.3813247680664,False,NVIDIA_GeForce_RTX_5070,12,
convnext_tiny,224,64,fp32,309.746826171875,False,NVIDIA_GeForce_RTX_5070,12,
convnextv2_base,64,16,bf16,18.216720581054688,False,NVIDIA_GeForce_RTX_5070,12,
convnextv2_base,64,16,fp16,18.028112411499023,False,NVIDIA_GeForce_RTX_5070,12,
convnextv2_base,64,16,fp32,24.9693603515625,False,NVIDIA_GeForce_RTX_5070,12,
convnextv2_base,64,32,bf16,24.700159072875977,False,NVIDIA_GeForce_RTX_5070,12,
convnextv2_base,64,32,fp16,24.36385536193848,False,NVIDIA_GeForce_RTX_5070,12,
convnextv2_base,64,32,fp32,37.22991943359375,False,NVIDIA_GeForce_RTX_5070,12,
convnextv2_base,64,64,bf16,37.59640121459961,False,NVIDIA_GeForce_RTX_5070,12,
convnextv2_base,64,64,fp16,37.47751998901367,False,NVIDIA_GeForce_RTX_5070,12,
convnextv2_base,64,64,fp32,65.00163269042969,False,NVIDIA_GeForce_RTX_5070,12,
convnextv2_base,128,16,bf16,36.71515274047852,False,NVIDIA_GeForce_RTX_5070,12,
convnextv2_base,128,16,fp16,36.56825637817383,False,NVIDIA_GeForce_RTX_5070,12,
convnextv2_base,128,16,fp32,70.62110137939453,False,NVIDIA_GeForce_RTX_5070,12,
convnextv2_base,128,32,bf16,69.14134216308594,False,NVIDIA_GeForce_RTX_5070,12,
convnextv2_base,128,32,fp16,68.9487533569336,False,NVIDIA_GeForce_RTX_5070,12,
convnextv2_base,128,32,fp32,141.19398498535156,False,NVIDIA_GeForce_RTX_5070,12,
convnextv2_base,128,64,bf16,147.11619567871094,False,NVIDIA_GeForce_RTX_5070,12,
convnextv2_base,128,64,fp16,146.83482360839844,False,NVIDIA_GeForce_RTX_5070,12,
convnextv2_base,128,64,fp32,296.4463195800781,False,NVIDIA_GeForce_RTX_5070,12,
convnextv2_base,224,16,bf16,109.39686584472656,False,NVIDIA_GeForce_RTX_5070,12,
convnextv2_base,224,16,fp16,109.20804595947266,False,NVIDIA_GeForce_RTX_5070,12,
convnextv2_base,224,16,fp32,240.6607360839844,False,NVIDIA_GeForce_RTX_5070,12,
convnextv2_base,224,32,bf16,235.2216644287109,False,NVIDIA_GeForce_RTX_5070,12,
convnextv2_base,224,32,fp16,234.5853729248047,False,NVIDIA_GeForce_RTX_5070,12,
convnextv2_base,224,32,fp32,,True,NVIDIA_GeForce_RTX_5070,12,
convnextv2_base,224,64,bf16,,True,NVIDIA_GeForce_RTX_5070,12,
convnextv2_base,224,64,fp16,,True,NVIDIA_GeForce_RTX_5070,12,
convnextv2_base,224,64,fp32,,True,NVIDIA_GeForce_RTX_5070,12,
deit_base_patch16_224,64,16,bf16,12.207280158996582,False,NVIDIA_GeForce_RTX_5070,12,
deit_base_patch16_224,64,16,fp16,12.141712188720703,False,NVIDIA_GeForce_RTX_5070,12,
deit_base_patch16_224,64,16,fp32,18.39208030700684,False,NVIDIA_GeForce_RTX_5070,12,
deit_base_patch16_224,64,32,bf16,15.16915225982666,False,NVIDIA_GeForce_RTX_5070,12,
deit_base_patch16_224,64,32,fp16,15.115008354187012,False,NVIDIA_GeForce_RTX_5070,12,
deit_base_patch16_224,64,32,fp32,26.70929527282715,False,NVIDIA_GeForce_RTX_5070,12,
deit_base_patch16_224,64,64,bf16,20.90651130676269,False,NVIDIA_GeForce_RTX_5070,12,
deit_base_patch16_224,64,64,fp16,20.809968948364254,False,NVIDIA_GeForce_RTX_5070,12,
deit_base_patch16_224,64,64,fp32,44.19206237792969,False,NVIDIA_GeForce_RTX_5070,12,
deit_base_patch16_224,128,16,bf16,19.47960090637207,False,NVIDIA_GeForce_RTX_5070,12,
deit_base_patch16_224,128,16,fp16,19.413856506347656,False,NVIDIA_GeForce_RTX_5070,12,
deit_base_patch16_224,128,16,fp32,43.900352478027344,False,NVIDIA_GeForce_RTX_5070,12,
deit_base_patch16_224,128,32,bf16,30.13548851013184,False,NVIDIA_GeForce_RTX_5070,12,
deit_base_patch16_224,128,32,fp16,30.13523292541504,False,NVIDIA_GeForce_RTX_5070,12,
deit_base_patch16_224,128,32,fp32,77.98111724853516,False,NVIDIA_GeForce_RTX_5070,12,
deit_base_patch16_224,128,64,bf16,53.023807525634766,False,NVIDIA_GeForce_RTX_5070,12,
deit_base_patch16_224,128,64,fp16,52.95889663696289,False,NVIDIA_GeForce_RTX_5070,12,
deit_base_patch16_224,128,64,fp32,148.01007080078125,False,NVIDIA_GeForce_RTX_5070,12,
deit_base_patch16_224,224,16,bf16,41.79233551025391,False,NVIDIA_GeForce_RTX_5070,12,
deit_base_patch16_224,224,16,fp16,41.73166275024414,False,NVIDIA_GeForce_RTX_5070,12,
deit_base_patch16_224,224,16,fp32,117.40204620361328,False,NVIDIA_GeForce_RTX_5070,12,
deit_base_patch16_224,224,32,bf16,79.77273559570312,False,NVIDIA_GeForce_RTX_5070,12,
deit_base_patch16_224,224,32,fp16,79.59639739990234,False,NVIDIA_GeForce_RTX_5070,12,
deit_base_patch16_224,224,32,fp32,232.1469573974609,False,NVIDIA_GeForce_RTX_5070,12,
deit_base_patch16_224,224,64,bf16,159.9837188720703,False,NVIDIA_GeForce_RTX_5070,12,
deit_base_patch16_224,224,64,fp16,159.74838256835938,False,NVIDIA_GeForce_RTX_5070,12,
deit_base_patch16_224,224,64,fp32,463.1212463378906,False,NVIDIA_GeForce_RTX_5070,12,
deit_small_patch16_224,64,16,bf16,4.858880043029785,False,NVIDIA_GeForce_RTX_5070,12,
deit_small_patch16_224,64,16,fp16,4.810944080352783,False,NVIDIA_GeForce_RTX_5070,12,
deit_small_patch16_224,64,16,fp32,7.302144050598144,False,NVIDIA_GeForce_RTX_5070,12,
deit_small_patch16_224,64,32,bf16,5.907360076904297,False,NVIDIA_GeForce_RTX_5070,12,
deit_small_patch16_224,64,32,fp16,5.774720191955566,False,NVIDIA_GeForce_RTX_5070,12,
deit_small_patch16_224,64,32,fp32,9.997983932495115,False,NVIDIA_GeForce_RTX_5070,12,
deit_small_patch16_224,64,64,bf16,7.753407955169678,False,NVIDIA_GeForce_RTX_5070,12,
deit_small_patch16_224,64,64,fp16,7.71398401260376,False,NVIDIA_GeForce_RTX_5070,12,
deit_small_patch16_224,64,64,fp32,14.777008056640623,False,NVIDIA_GeForce_RTX_5070,12,
deit_small_patch16_224,128,16,bf16,7.099376201629639,False,NVIDIA_GeForce_RTX_5070,12,
deit_small_patch16_224,128,16,fp16,7.07750415802002,False,NVIDIA_GeForce_RTX_5070,12,
deit_small_patch16_224,128,16,fp32,14.87332820892334,False,NVIDIA_GeForce_RTX_5070,12,
deit_small_patch16_224,128,32,bf16,10.460880279541016,False,NVIDIA_GeForce_RTX_5070,12,
deit_small_patch16_224,128,32,fp16,10.392319679260254,False,NVIDIA_GeForce_RTX_5070,12,
deit_small_patch16_224,128,32,fp32,24.78950309753418,False,NVIDIA_GeForce_RTX_5070,12,
deit_small_patch16_224,128,64,bf16,17.374080657958984,False,NVIDIA_GeForce_RTX_5070,12,
deit_small_patch16_224,128,64,fp16,17.400304794311523,False,NVIDIA_GeForce_RTX_5070,12,
deit_small_patch16_224,128,64,fp32,45.16553497314453,False,NVIDIA_GeForce_RTX_5070,12,
deit_small_patch16_224,224,16,bf16,14.26244831085205,False,NVIDIA_GeForce_RTX_5070,12,
deit_small_patch16_224,224,16,fp16,14.275856018066406,False,NVIDIA_GeForce_RTX_5070,12,
deit_small_patch16_224,224,16,fp32,37.86001586914063,False,NVIDIA_GeForce_RTX_5070,12,
deit_small_patch16_224,224,32,bf16,25.10403251647949,False,NVIDIA_GeForce_RTX_5070,12,
deit_small_patch16_224,224,32,fp16,25.138080596923828,False,NVIDIA_GeForce_RTX_5070,12,
deit_small_patch16_224,224,32,fp32,73.04183959960938,False,NVIDIA_GeForce_RTX_5070,12,
deit_small_patch16_224,224,64,bf16,50.67784118652344,False,NVIDIA_GeForce_RTX_5070,12,
deit_small_patch16_224,224,64,fp16,50.82438278198242,False,NVIDIA_GeForce_RTX_5070,12,
deit_small_patch16_224,224,64,fp32,146.40158081054688,False,NVIDIA_GeForce_RTX_5070,12,
deit_tiny_patch16_224,64,16,bf16,2.640928030014038,False,NVIDIA_GeForce_RTX_5070,12,
deit_tiny_patch16_224,64,16,fp16,2.502768039703369,False,NVIDIA_GeForce_RTX_5070,12,
deit_tiny_patch16_224,64,16,fp32,3.546416044235229,False,NVIDIA_GeForce_RTX_5070,12,
deit_tiny_patch16_224,64,32,bf16,3.1871678829193115,False,NVIDIA_GeForce_RTX_5070,12,
deit_tiny_patch16_224,64,32,fp16,3.0732638835906982,False,NVIDIA_GeForce_RTX_5070,12,
deit_tiny_patch16_224,64,32,fp32,5.008048057556152,False,NVIDIA_GeForce_RTX_5070,12,
deit_tiny_patch16_224,64,64,bf16,3.9518558979034415,False,NVIDIA_GeForce_RTX_5070,12,
deit_tiny_patch16_224,64,64,fp16,3.8864800930023193,False,NVIDIA_GeForce_RTX_5070,12,
deit_tiny_patch16_224,64,64,fp32,6.615024089813232,False,NVIDIA_GeForce_RTX_5070,12,
deit_tiny_patch16_224,128,16,bf16,3.645776033401489,False,NVIDIA_GeForce_RTX_5070,12,
deit_tiny_patch16_224,128,16,fp16,3.5682079792022705,False,NVIDIA_GeForce_RTX_5070,12,
deit_tiny_patch16_224,128,16,fp32,6.670847892761231,False,NVIDIA_GeForce_RTX_5070,12,
deit_tiny_patch16_224,128,32,bf16,5.1848320960998535,False,NVIDIA_GeForce_RTX_5070,12,
deit_tiny_patch16_224,128,32,fp16,5.052095890045166,False,NVIDIA_GeForce_RTX_5070,12,
deit_tiny_patch16_224,128,32,fp32,10.726639747619627,False,NVIDIA_GeForce_RTX_5070,12,
deit_tiny_patch16_224,128,64,bf16,8.005887985229492,False,NVIDIA_GeForce_RTX_5070,12,
deit_tiny_patch16_224,128,64,fp16,7.817455768585205,False,NVIDIA_GeForce_RTX_5070,12,
deit_tiny_patch16_224,128,64,fp32,17.75115203857422,False,NVIDIA_GeForce_RTX_5070,12,
deit_tiny_patch16_224,224,16,bf16,6.758975982666016,False,NVIDIA_GeForce_RTX_5070,12,
deit_tiny_patch16_224,224,16,fp16,6.613311767578125,False,NVIDIA_GeForce_RTX_5070,12,
deit_tiny_patch16_224,224,16,fp32,15.190383911132812,False,NVIDIA_GeForce_RTX_5070,12,
deit_tiny_patch16_224,224,32,bf16,11.414624214172363,False,NVIDIA_GeForce_RTX_5070,12,
deit_tiny_patch16_224,224,32,fp16,11.119407653808594,False,NVIDIA_GeForce_RTX_5070,12,
deit_tiny_patch16_224,224,32,fp32,28.21366310119629,False,NVIDIA_GeForce_RTX_5070,12,
deit_tiny_patch16_224,224,64,bf16,21.063135147094727,False,NVIDIA_GeForce_RTX_5070,12,
deit_tiny_patch16_224,224,64,fp16,20.73046493530273,False,NVIDIA_GeForce_RTX_5070,12,
deit_tiny_patch16_224,224,64,fp32,55.106353759765625,False,NVIDIA_GeForce_RTX_5070,12,
densenet121,64,16,bf16,9.728912353515623,False,NVIDIA_GeForce_RTX_5070,12,
densenet121,64,16,fp16,10.115792274475098,False,NVIDIA_GeForce_RTX_5070,12,
densenet121,64,16,fp32,8.292863845825195,False,NVIDIA_GeForce_RTX_5070,12,
densenet121,64,32,bf16,13.249119758605955,False,NVIDIA_GeForce_RTX_5070,12,
densenet121,64,32,fp16,14.17137622833252,False,NVIDIA_GeForce_RTX_5070,12,
densenet121,64,32,fp32,11.618559837341309,False,NVIDIA_GeForce_RTX_5070,12,
densenet121,64,64,bf16,20.89686393737793,False,NVIDIA_GeForce_RTX_5070,12,
densenet121,64,64,fp16,18.63275146484375,False,NVIDIA_GeForce_RTX_5070,12,
densenet121,64,64,fp32,17.588048934936523,False,NVIDIA_GeForce_RTX_5070,12,
densenet121,128,16,bf16,14.240559577941896,False,NVIDIA_GeForce_RTX_5070,12,
densenet121,128,16,fp16,12.692399978637695,False,NVIDIA_GeForce_RTX_5070,12,
densenet121,128,16,fp32,13.57084846496582,False,NVIDIA_GeForce_RTX_5070,12,
densenet121,128,32,bf16,21.737136840820312,False,NVIDIA_GeForce_RTX_5070,12,
densenet121,128,32,fp16,19.05183982849121,False,NVIDIA_GeForce_RTX_5070,12,
densenet121,128,32,fp32,24.50708770751953,False,NVIDIA_GeForce_RTX_5070,12,
densenet121,128,64,bf16,36.36262512207031,False,NVIDIA_GeForce_RTX_5070,12,
densenet121,128,64,fp16,29.759584426879883,False,NVIDIA_GeForce_RTX_5070,12,
densenet121,128,64,fp32,53.63825607299805,False,NVIDIA_GeForce_RTX_5070,12,
densenet121,224,16,bf16,25.59124755859375,False,NVIDIA_GeForce_RTX_5070,12,
densenet121,224,16,fp16,21.719152450561523,False,NVIDIA_GeForce_RTX_5070,12,
densenet121,224,16,fp32,36.18844985961914,False,NVIDIA_GeForce_RTX_5070,12,
densenet121,224,32,bf16,49.38288116455078,False,NVIDIA_GeForce_RTX_5070,12,
densenet121,224,32,fp16,41.51502227783203,False,NVIDIA_GeForce_RTX_5070,12,
densenet121,224,32,fp32,77.28971099853516,False,NVIDIA_GeForce_RTX_5070,12,
densenet121,224,64,bf16,98.22994995117188,False,NVIDIA_GeForce_RTX_5070,12,
densenet121,224,64,fp16,85.69657897949219,False,NVIDIA_GeForce_RTX_5070,12,
densenet121,224,64,fp32,163.732666015625,False,NVIDIA_GeForce_RTX_5070,12,
dm_nfnet_f1,64,16,bf16,29.565168380737305,False,NVIDIA_GeForce_RTX_5070,12,
dm_nfnet_f1,64,16,fp16,28.51572799682617,False,NVIDIA_GeForce_RTX_5070,12,
dm_nfnet_f1,64,16,fp32,53.44232177734375,False,NVIDIA_GeForce_RTX_5070,12,
dm_nfnet_f1,64,32,bf16,37.75276947021485,False,NVIDIA_GeForce_RTX_5070,12,
dm_nfnet_f1,64,32,fp16,36.82833480834961,False,NVIDIA_GeForce_RTX_5070,12,
dm_nfnet_f1,64,32,fp32,81.36280059814453,False,NVIDIA_GeForce_RTX_5070,12,
dm_nfnet_f1,64,64,bf16,60.7304801940918,False,NVIDIA_GeForce_RTX_5070,12,
dm_nfnet_f1,64,64,fp16,59.232513427734375,False,NVIDIA_GeForce_RTX_5070,12,
dm_nfnet_f1,64,64,fp32,108.92675018310548,False,NVIDIA_GeForce_RTX_5070,12,
dm_nfnet_f1,128,16,bf16,41.37944030761719,False,NVIDIA_GeForce_RTX_5070,12,
dm_nfnet_f1,128,16,fp16,39.78220748901367,False,NVIDIA_GeForce_RTX_5070,12,
dm_nfnet_f1,128,16,fp32,69.3155517578125,False,NVIDIA_GeForce_RTX_5070,12,
dm_nfnet_f1,128,32,bf16,65.7452621459961,False,NVIDIA_GeForce_RTX_5070,12,
dm_nfnet_f1,128,32,fp16,60.684608459472656,False,NVIDIA_GeForce_RTX_5070,12,
dm_nfnet_f1,128,32,fp32,117.51675415039062,False,NVIDIA_GeForce_RTX_5070,12,
dm_nfnet_f1,128,64,bf16,103.09249877929688,False,NVIDIA_GeForce_RTX_5070,12,
dm_nfnet_f1,128,64,fp16,99.16697692871094,False,NVIDIA_GeForce_RTX_5070,12,
dm_nfnet_f1,128,64,fp32,188.65606689453125,False,NVIDIA_GeForce_RTX_5070,12,
dm_nfnet_f1,224,16,bf16,79.56858825683594,False,NVIDIA_GeForce_RTX_5070,12,
dm_nfnet_f1,224,16,fp16,75.9731216430664,False,NVIDIA_GeForce_RTX_5070,12,
dm_nfnet_f1,224,16,fp32,139.97735595703125,False,NVIDIA_GeForce_RTX_5070,12,
dm_nfnet_f1,224,32,bf16,150.40939331054688,False,NVIDIA_GeForce_RTX_5070,12,
dm_nfnet_f1,224,32,fp16,145.08322143554688,False,NVIDIA_GeForce_RTX_5070,12,
dm_nfnet_f1,224,32,fp32,2409.80322265625,False,NVIDIA_GeForce_RTX_5070,12,precision_artifact
dm_nfnet_f1,224,64,bf16,302.4147644042969,False,NVIDIA_GeForce_RTX_5070,12,
dm_nfnet_f1,224,64,fp16,294.60479736328125,False,NVIDIA_GeForce_RTX_5070,12,
dm_nfnet_f1,224,64,fp32,,True,NVIDIA_GeForce_RTX_5070,12,
efficientnet_b0,64,16,bf16,5.151199817657471,False,NVIDIA_GeForce_RTX_5070,12,
efficientnet_b0,64,16,fp16,4.61787223815918,False,NVIDIA_GeForce_RTX_5070,12,
efficientnet_b0,64,16,fp32,5.311600208282471,False,NVIDIA_GeForce_RTX_5070,12,
efficientnet_b0,64,32,bf16,6.8739519119262695,False,NVIDIA_GeForce_RTX_5070,12,
efficientnet_b0,64,32,fp16,5.9825758934021,False,NVIDIA_GeForce_RTX_5070,12,
efficientnet_b0,64,32,fp32,7.469168186187744,False,NVIDIA_GeForce_RTX_5070,12,
efficientnet_b0,64,64,bf16,10.053055763244627,False,NVIDIA_GeForce_RTX_5070,12,
efficientnet_b0,64,64,fp16,8.420111656188965,False,NVIDIA_GeForce_RTX_5070,12,
efficientnet_b0,64,64,fp32,12.227231979370115,False,NVIDIA_GeForce_RTX_5070,12,
efficientnet_b0,128,16,bf16,7.489151954650879,False,NVIDIA_GeForce_RTX_5070,12,
efficientnet_b0,128,16,fp16,6.149119853973389,False,NVIDIA_GeForce_RTX_5070,12,
efficientnet_b0,128,16,fp32,8.083727836608887,False,NVIDIA_GeForce_RTX_5070,12,
efficientnet_b0,128,32,bf16,11.819664001464844,False,NVIDIA_GeForce_RTX_5070,12,
efficientnet_b0,128,32,fp16,9.3810396194458,False,NVIDIA_GeForce_RTX_5070,12,
efficientnet_b0,128,32,fp32,14.226896286010742,False,NVIDIA_GeForce_RTX_5070,12,
efficientnet_b0,128,64,bf16,21.723712921142575,False,NVIDIA_GeForce_RTX_5070,12,
efficientnet_b0,128,64,fp16,17.165119171142578,False,NVIDIA_GeForce_RTX_5070,12,
efficientnet_b0,128,64,fp32,28.841552734375,False,NVIDIA_GeForce_RTX_5070,12,
efficientnet_b0,224,16,bf16,15.386320114135742,False,NVIDIA_GeForce_RTX_5070,12,
efficientnet_b0,224,16,fp16,11.402447700500488,False,NVIDIA_GeForce_RTX_5070,12,
efficientnet_b0,224,16,fp32,19.4936637878418,False,NVIDIA_GeForce_RTX_5070,12,
efficientnet_b0,224,32,bf16,29.532447814941406,False,NVIDIA_GeForce_RTX_5070,12,
efficientnet_b0,224,32,fp16,21.50655937194824,False,NVIDIA_GeForce_RTX_5070,12,
efficientnet_b0,224,32,fp32,40.30497741699219,False,NVIDIA_GeForce_RTX_5070,12,
efficientnet_b0,224,64,bf16,61.2608642578125,False,NVIDIA_GeForce_RTX_5070,12,
efficientnet_b0,224,64,fp16,45.22687911987305,False,NVIDIA_GeForce_RTX_5070,12,
efficientnet_b0,224,64,fp32,85.281982421875,False,NVIDIA_GeForce_RTX_5070,12,
efficientnet_b3,64,16,bf16,10.445808410644531,False,NVIDIA_GeForce_RTX_5070,12,
efficientnet_b3,64,16,fp16,9.03286361694336,False,NVIDIA_GeForce_RTX_5070,12,
efficientnet_b3,64,16,fp32,11.213600158691406,False,NVIDIA_GeForce_RTX_5070,12,
efficientnet_b3,64,32,bf16,13.74123191833496,False,NVIDIA_GeForce_RTX_5070,12,
efficientnet_b3,64,32,fp16,11.31868839263916,False,NVIDIA_GeForce_RTX_5070,12,
efficientnet_b3,64,32,fp32,15.489472389221191,False,NVIDIA_GeForce_RTX_5070,12,
efficientnet_b3,64,64,bf16,20.24238395690918,False,NVIDIA_GeForce_RTX_5070,12,
efficientnet_b3,64,64,fp16,16.4606876373291,False,NVIDIA_GeForce_RTX_5070,12,
efficientnet_b3,64,64,fp32,29.186992645263672,False,NVIDIA_GeForce_RTX_5070,12,
efficientnet_b3,128,16,bf16,15.338735580444336,False,NVIDIA_GeForce_RTX_5070,12,
efficientnet_b3,128,16,fp16,12.179295539855955,False,NVIDIA_GeForce_RTX_5070,12,
efficientnet_b3,128,16,fp32,16.899648666381836,False,NVIDIA_GeForce_RTX_5070,12,
efficientnet_b3,128,32,bf16,24.34587287902832,False,NVIDIA_GeForce_RTX_5070,12,
efficientnet_b3,128,32,fp16,18.925695419311523,False,NVIDIA_GeForce_RTX_5070,12,
efficientnet_b3,128,32,fp32,29.05398368835449,False,NVIDIA_GeForce_RTX_5070,12,
efficientnet_b3,128,64,bf16,45.10790252685547,False,NVIDIA_GeForce_RTX_5070,12,
efficientnet_b3,128,64,fp16,34.750144958496094,False,NVIDIA_GeForce_RTX_5070,12,
efficientnet_b3,128,64,fp32,61.91107177734375,False,NVIDIA_GeForce_RTX_5070,12,
efficientnet_b3,224,16,bf16,31.39766311645508,False,NVIDIA_GeForce_RTX_5070,12,
efficientnet_b3,224,16,fp16,22.38983917236328,False,NVIDIA_GeForce_RTX_5070,12,
efficientnet_b3,224,16,fp32,40.80255889892578,False,NVIDIA_GeForce_RTX_5070,12,
efficientnet_b3,224,32,bf16,60.04443359375,False,NVIDIA_GeForce_RTX_5070,12,
efficientnet_b3,224,32,fp16,42.73489761352539,False,NVIDIA_GeForce_RTX_5070,12,
efficientnet_b3,224,32,fp32,83.48484802246094,False,NVIDIA_GeForce_RTX_5070,12,
efficientnet_b3,224,64,bf16,123.38400268554688,False,NVIDIA_GeForce_RTX_5070,12,
efficientnet_b3,224,64,fp16,89.82323455810547,False,NVIDIA_GeForce_RTX_5070,12,
efficientnet_b3,224,64,fp32,,True,NVIDIA_GeForce_RTX_5070,12,
efficientnet_b5,64,16,bf16,18.805599212646484,False,NVIDIA_GeForce_RTX_5070,12,
efficientnet_b5,64,16,fp16,16.625600814819336,False,NVIDIA_GeForce_RTX_5070,12,
efficientnet_b5,64,16,fp32,21.983888626098636,False,NVIDIA_GeForce_RTX_5070,12,
efficientnet_b5,64,32,bf16,25.358367919921875,False,NVIDIA_GeForce_RTX_5070,12,
efficientnet_b5,64,32,fp16,21.32344055175781,False,NVIDIA_GeForce_RTX_5070,12,
efficientnet_b5,64,32,fp32,35.395023345947266,False,NVIDIA_GeForce_RTX_5070,12,
efficientnet_b5,64,64,bf16,39.6077766418457,False,NVIDIA_GeForce_RTX_5070,12,
efficientnet_b5,64,64,fp16,31.8637752532959,False,NVIDIA_GeForce_RTX_5070,12,
efficientnet_b5,64,64,fp32,54.79484939575195,False,NVIDIA_GeForce_RTX_5070,12,
efficientnet_b5,128,16,bf16,27.491840362548828,False,NVIDIA_GeForce_RTX_5070,12,
efficientnet_b5,128,16,fp16,21.38920021057129,False,NVIDIA_GeForce_RTX_5070,12,
efficientnet_b5,128,16,fp32,32.8873291015625,False,NVIDIA_GeForce_RTX_5070,12,
efficientnet_b5,128,32,bf16,44.24185562133789,False,NVIDIA_GeForce_RTX_5070,12,
efficientnet_b5,128,32,fp16,33.333824157714844,False,NVIDIA_GeForce_RTX_5070,12,
efficientnet_b5,128,32,fp32,61.26723098754883,False,NVIDIA_GeForce_RTX_5070,12,
efficientnet_b5,128,64,bf16,82.75308990478516,False,NVIDIA_GeForce_RTX_5070,12,
efficientnet_b5,128,64,fp16,61.86783981323242,False,NVIDIA_GeForce_RTX_5070,12,
efficientnet_b5,128,64,fp32,122.98095703125,False,NVIDIA_GeForce_RTX_5070,12,
efficientnet_b5,224,16,bf16,57.05739212036133,False,NVIDIA_GeForce_RTX_5070,12,
efficientnet_b5,224,16,fp16,39.24515151977539,False,NVIDIA_GeForce_RTX_5070,12,
efficientnet_b5,224,16,fp32,77.6349105834961,False,NVIDIA_GeForce_RTX_5070,12,
efficientnet_b5,224,32,bf16,113.35196685791016,False,NVIDIA_GeForce_RTX_5070,12,
efficientnet_b5,224,32,fp16,77.52152252197266,False,NVIDIA_GeForce_RTX_5070,12,
efficientnet_b5,224,32,fp32,,True,NVIDIA_GeForce_RTX_5070,12,
efficientnet_b5,224,64,bf16,,True,NVIDIA_GeForce_RTX_5070,12,
efficientnet_b5,224,64,fp16,,True,NVIDIA_GeForce_RTX_5070,12,
efficientnet_b5,224,64,fp32,,True,NVIDIA_GeForce_RTX_5070,12,
efficientnetv2_l,64,16,bf16,44.59036636352539,False,NVIDIA_GeForce_RTX_5070,12,
efficientnetv2_l,64,16,fp16,40.530704498291016,False,NVIDIA_GeForce_RTX_5070,12,
efficientnetv2_l,64,16,fp32,59.54025650024414,False,NVIDIA_GeForce_RTX_5070,12,
efficientnetv2_l,64,32,bf16,57.21169662475586,False,NVIDIA_GeForce_RTX_5070,12,
efficientnetv2_l,64,32,fp16,50.32353591918945,False,NVIDIA_GeForce_RTX_5070,12,
efficientnetv2_l,64,32,fp32,90.82315063476562,False,NVIDIA_GeForce_RTX_5070,12,
efficientnetv2_l,64,64,bf16,92.0814208984375,False,NVIDIA_GeForce_RTX_5070,12,
efficientnetv2_l,64,64,fp16,77.23273468017578,False,NVIDIA_GeForce_RTX_5070,12,
efficientnetv2_l,64,64,fp32,156.3147735595703,False,NVIDIA_GeForce_RTX_5070,12,
efficientnetv2_l,128,16,bf16,59.88777542114258,False,NVIDIA_GeForce_RTX_5070,12,
efficientnetv2_l,128,16,fp16,53.00027084350586,False,NVIDIA_GeForce_RTX_5070,12,
efficientnetv2_l,128,16,fp32,76.03033447265625,False,NVIDIA_GeForce_RTX_5070,12,
efficientnetv2_l,128,32,bf16,94.3447494506836,False,NVIDIA_GeForce_RTX_5070,12,
efficientnetv2_l,128,32,fp16,81.86913299560547,False,NVIDIA_GeForce_RTX_5070,12,
efficientnetv2_l,128,32,fp32,127.2335205078125,False,NVIDIA_GeForce_RTX_5070,12,
efficientnetv2_l,128,64,bf16,173.2219696044922,False,NVIDIA_GeForce_RTX_5070,12,
efficientnetv2_l,128,64,fp16,149.1656494140625,False,NVIDIA_GeForce_RTX_5070,12,
efficientnetv2_l,128,64,fp32,,True,NVIDIA_GeForce_RTX_5070,12,
efficientnetv2_l,224,16,bf16,102.0317611694336,False,NVIDIA_GeForce_RTX_5070,12,
efficientnetv2_l,224,16,fp16,81.93707275390625,False,NVIDIA_GeForce_RTX_5070,12,
efficientnetv2_l,224,16,fp32,12242.255859375,False,NVIDIA_GeForce_RTX_5070,12,precision_artifact
efficientnetv2_l,224,32,bf16,593.63427734375,False,NVIDIA_GeForce_RTX_5070,12,slow_outlier
efficientnetv2_l,224,32,fp16,342.38970947265625,False,NVIDIA_GeForce_RTX_5070,12,
efficientnetv2_l,224,32,fp32,,True,NVIDIA_GeForce_RTX_5070,12,
efficientnetv2_l,224,64,bf16,,True,NVIDIA_GeForce_RTX_5070,12,
efficientnetv2_l,224,64,fp16,,True,NVIDIA_GeForce_RTX_5070,12,
efficientnetv2_l,224,64,fp32,,True,NVIDIA_GeForce_RTX_5070,12,
efficientnetv2_m,64,16,bf16,25.921295166015625,False,NVIDIA_GeForce_RTX_5070,12,
efficientnetv2_m,64,16,fp16,23.24593544006348,False,NVIDIA_GeForce_RTX_5070,12,
efficientnetv2_m,64,16,fp32,31.64756774902344,False,NVIDIA_GeForce_RTX_5070,12,
efficientnetv2_m,64,32,bf16,33.221519470214844,False,NVIDIA_GeForce_RTX_5070,12,
efficientnetv2_m,64,32,fp16,28.678688049316406,False,NVIDIA_GeForce_RTX_5070,12,
efficientnetv2_m,64,32,fp32,52.07107162475586,False,NVIDIA_GeForce_RTX_5070,12,
efficientnetv2_m,64,64,bf16,50.25630569458008,False,NVIDIA_GeForce_RTX_5070,12,
efficientnetv2_m,64,64,fp16,41.249488830566406,False,NVIDIA_GeForce_RTX_5070,12,
efficientnetv2_m,64,64,fp32,78.58073425292969,False,NVIDIA_GeForce_RTX_5070,12,
efficientnetv2_m,128,16,bf16,32.847137451171875,False,NVIDIA_GeForce_RTX_5070,12,
efficientnetv2_m,128,16,fp16,28.464767456054688,False,NVIDIA_GeForce_RTX_5070,12,
efficientnetv2_m,128,16,fp32,41.33860778808594,False,NVIDIA_GeForce_RTX_5070,12,
efficientnetv2_m,128,32,bf16,49.24448013305664,False,NVIDIA_GeForce_RTX_5070,12,
efficientnetv2_m,128,32,fp16,41.51484680175781,False,NVIDIA_GeForce_RTX_5070,12,
efficientnetv2_m,128,32,fp32,71.23684692382812,False,NVIDIA_GeForce_RTX_5070,12,
efficientnetv2_m,128,64,bf16,84.96367645263672,False,NVIDIA_GeForce_RTX_5070,12,
efficientnetv2_m,128,64,fp16,68.93009948730469,False,NVIDIA_GeForce_RTX_5070,12,
efficientnetv2_m,128,64,fp32,124.03577423095705,False,NVIDIA_GeForce_RTX_5070,12,
efficientnetv2_m,224,16,bf16,57.53849411010742,False,NVIDIA_GeForce_RTX_5070,12,
efficientnetv2_m,224,16,fp16,45.820560455322266,False,NVIDIA_GeForce_RTX_5070,12,
efficientnetv2_m,224,16,fp32,74.04078674316406,False,NVIDIA_GeForce_RTX_5070,12,
efficientnetv2_m,224,32,bf16,102.15726470947266,False,NVIDIA_GeForce_RTX_5070,12,
efficientnetv2_m,224,32,fp16,78.42948913574219,False,NVIDIA_GeForce_RTX_5070,12,
efficientnetv2_m,224,32,fp32,144.83872985839844,False,NVIDIA_GeForce_RTX_5070,12,
efficientnetv2_m,224,64,bf16,200.770751953125,False,NVIDIA_GeForce_RTX_5070,12,
efficientnetv2_m,224,64,fp16,155.8645477294922,False,NVIDIA_GeForce_RTX_5070,12,
efficientnetv2_m,224,64,fp32,,True,NVIDIA_GeForce_RTX_5070,12,
efficientnetv2_s,64,16,bf16,13.237055778503418,False,NVIDIA_GeForce_RTX_5070,12,
efficientnetv2_s,64,16,fp16,12.14475154876709,False,NVIDIA_GeForce_RTX_5070,12,
efficientnetv2_s,64,16,fp32,15.96180820465088,False,NVIDIA_GeForce_RTX_5070,12,
efficientnetv2_s,64,32,bf16,17.025951385498047,False,NVIDIA_GeForce_RTX_5070,12,
efficientnetv2_s,64,32,fp16,15.065999984741213,False,NVIDIA_GeForce_RTX_5070,12,
efficientnetv2_s,64,32,fp32,22.759695053100582,False,NVIDIA_GeForce_RTX_5070,12,
efficientnetv2_s,64,64,bf16,25.359039306640625,False,NVIDIA_GeForce_RTX_5070,12,
efficientnetv2_s,64,64,fp16,21.25321578979492,False,NVIDIA_GeForce_RTX_5070,12,
efficientnetv2_s,64,64,fp32,41.68116760253906,False,NVIDIA_GeForce_RTX_5070,12,
efficientnetv2_s,128,16,bf16,17.964576721191406,False,NVIDIA_GeForce_RTX_5070,12,
efficientnetv2_s,128,16,fp16,15.468976020812988,False,NVIDIA_GeForce_RTX_5070,12,
efficientnetv2_s,128,16,fp32,21.21406364440918,False,NVIDIA_GeForce_RTX_5070,12,
efficientnetv2_s,128,32,bf16,27.372800827026367,False,NVIDIA_GeForce_RTX_5070,12,
efficientnetv2_s,128,32,fp16,22.92323112487793,False,NVIDIA_GeForce_RTX_5070,12,
efficientnetv2_s,128,32,fp32,34.706382751464844,False,NVIDIA_GeForce_RTX_5070,12,
efficientnetv2_s,128,64,bf16,50.29087829589844,False,NVIDIA_GeForce_RTX_5070,12,
efficientnetv2_s,128,64,fp16,41.8780632019043,False,NVIDIA_GeForce_RTX_5070,12,
efficientnetv2_s,128,64,fp32,70.04598236083984,False,NVIDIA_GeForce_RTX_5070,12,
efficientnetv2_s,224,16,bf16,31.923887252807617,False,NVIDIA_GeForce_RTX_5070,12,
efficientnetv2_s,224,16,fp16,25.22737693786621,False,NVIDIA_GeForce_RTX_5070,12,
efficientnetv2_s,224,16,fp32,42.305809020996094,False,NVIDIA_GeForce_RTX_5070,12,
efficientnetv2_s,224,32,bf16,56.74910354614258,False,NVIDIA_GeForce_RTX_5070,12,
efficientnetv2_s,224,32,fp16,43.62364959716797,False,NVIDIA_GeForce_RTX_5070,12,
efficientnetv2_s,224,32,fp32,83.28899383544922,False,NVIDIA_GeForce_RTX_5070,12,
efficientnetv2_s,224,64,bf16,113.57798767089844,False,NVIDIA_GeForce_RTX_5070,12,
efficientnetv2_s,224,64,fp16,88.38591766357422,False,NVIDIA_GeForce_RTX_5070,12,
efficientnetv2_s,224,64,fp32,,True,NVIDIA_GeForce_RTX_5070,12,
fastvit_t12,64,16,bf16,6.574528217315674,False,NVIDIA_GeForce_RTX_5070,12,
fastvit_t12,64,16,fp16,6.065296173095703,False,NVIDIA_GeForce_RTX_5070,12,
fastvit_t12,64,16,fp32,7.061791896820068,False,NVIDIA_GeForce_RTX_5070,12,
fastvit_t12,64,32,bf16,8.861408233642578,False,NVIDIA_GeForce_RTX_5070,12,
fastvit_t12,64,32,fp16,7.966288089752197,False,NVIDIA_GeForce_RTX_5070,12,
fastvit_t12,64,32,fp32,10.601568222045898,False,NVIDIA_GeForce_RTX_5070,12,
fastvit_t12,64,64,bf16,14.2664155960083,False,NVIDIA_GeForce_RTX_5070,12,
fastvit_t12,64,64,fp16,12.665696144104004,False,NVIDIA_GeForce_RTX_5070,12,
fastvit_t12,64,64,fp32,17.46900749206543,False,NVIDIA_GeForce_RTX_5070,12,
fastvit_t12,128,16,bf16,10.498944282531738,False,NVIDIA_GeForce_RTX_5070,12,
fastvit_t12,128,16,fp16,9.194080352783203,False,NVIDIA_GeForce_RTX_5070,12,
fastvit_t12,128,16,fp32,11.116991996765137,False,NVIDIA_GeForce_RTX_5070,12,
fastvit_t12,128,32,bf16,17.01416015625,False,NVIDIA_GeForce_RTX_5070,12,
fastvit_t12,128,32,fp16,14.899840354919434,False,NVIDIA_GeForce_RTX_5070,12,
fastvit_t12,128,32,fp32,19.77195167541504,False,NVIDIA_GeForce_RTX_5070,12,
fastvit_t12,128,64,bf16,32.54227066040039,False,NVIDIA_GeForce_RTX_5070,12,
fastvit_t12,128,64,fp16,28.975631713867188,False,NVIDIA_GeForce_RTX_5070,12,
fastvit_t12,128,64,fp32,39.92531204223633,False,NVIDIA_GeForce_RTX_5070,12,
fastvit_t12,224,16,bf16,24.011215209960938,False,NVIDIA_GeForce_RTX_5070,12,
fastvit_t12,224,16,fp16,20.976112365722656,False,NVIDIA_GeForce_RTX_5070,12,
fastvit_t12,224,16,fp32,27.27579116821289,False,NVIDIA_GeForce_RTX_5070,12,
fastvit_t12,224,32,bf16,47.64726257324219,False,NVIDIA_GeForce_RTX_5070,12,
fastvit_t12,224,32,fp16,41.85670471191406,False,NVIDIA_GeForce_RTX_5070,12,
fastvit_t12,224,32,fp32,56.40275192260742,False,NVIDIA_GeForce_RTX_5070,12,
fastvit_t12,224,64,bf16,99.59982299804688,False,NVIDIA_GeForce_RTX_5070,12,
fastvit_t12,224,64,fp16,89.52105712890625,False,NVIDIA_GeForce_RTX_5070,12,
fastvit_t12,224,64,fp32,122.50138854980467,False,NVIDIA_GeForce_RTX_5070,12,
fastvit_t8,64,16,bf16,4.650591850280762,False,NVIDIA_GeForce_RTX_5070,12,
fastvit_t8,64,16,fp16,4.301504135131836,False,NVIDIA_GeForce_RTX_5070,12,
fastvit_t8,64,16,fp32,4.701375961303711,False,NVIDIA_GeForce_RTX_5070,12,
fastvit_t8,64,32,bf16,6.275184154510498,False,NVIDIA_GeForce_RTX_5070,12,
fastvit_t8,64,32,fp16,5.646128177642822,False,NVIDIA_GeForce_RTX_5070,12,
fastvit_t8,64,32,fp32,6.837791919708252,False,NVIDIA_GeForce_RTX_5070,12,
fastvit_t8,64,64,bf16,9.531776428222656,False,NVIDIA_GeForce_RTX_5070,12,
fastvit_t8,64,64,fp16,8.32966423034668,False,NVIDIA_GeForce_RTX_5070,12,
fastvit_t8,64,64,fp32,11.524720191955566,False,NVIDIA_GeForce_RTX_5070,12,
fastvit_t8,128,16,bf16,7.65174388885498,False,NVIDIA_GeForce_RTX_5070,12,
fastvit_t8,128,16,fp16,6.776688098907471,False,NVIDIA_GeForce_RTX_5070,12,
fastvit_t8,128,16,fp32,7.380847930908203,False,NVIDIA_GeForce_RTX_5070,12,
fastvit_t8,128,32,bf16,12.417584419250488,False,NVIDIA_GeForce_RTX_5070,12,
fastvit_t8,128,32,fp16,10.852496147155762,False,NVIDIA_GeForce_RTX_5070,12,
fastvit_t8,128,32,fp32,13.08513641357422,False,NVIDIA_GeForce_RTX_5070,12,
fastvit_t8,128,64,bf16,23.31608009338379,False,NVIDIA_GeForce_RTX_5070,12,
fastvit_t8,128,64,fp16,20.461088180541992,False,NVIDIA_GeForce_RTX_5070,12,
fastvit_t8,128,64,fp32,26.08742332458496,False,NVIDIA_GeForce_RTX_5070,12,
fastvit_t8,224,16,bf16,17.007375717163086,False,NVIDIA_GeForce_RTX_5070,12,
fastvit_t8,224,16,fp16,14.618975639343262,False,NVIDIA_GeForce_RTX_5070,12,
fastvit_t8,224,16,fp32,18.61284828186035,False,NVIDIA_GeForce_RTX_5070,12,
fastvit_t8,224,32,bf16,32.96003341674805,False,NVIDIA_GeForce_RTX_5070,12,
fastvit_t8,224,32,fp16,28.833295822143555,False,NVIDIA_GeForce_RTX_5070,12,
fastvit_t8,224,32,fp32,37.93435287475586,False,NVIDIA_GeForce_RTX_5070,12,
fastvit_t8,224,64,bf16,69.35600280761719,False,NVIDIA_GeForce_RTX_5070,12,
fastvit_t8,224,64,fp16,61.07497787475586,False,NVIDIA_GeForce_RTX_5070,12,
fastvit_t8,224,64,fp32,82.8340835571289,False,NVIDIA_GeForce_RTX_5070,12,
maxvit_tiny_tf_224,64,16,bf16,14.901488304138184,False,NVIDIA_GeForce_RTX_5070,12,
maxvit_tiny_tf_224,64,16,fp16,13.948752403259276,False,NVIDIA_GeForce_RTX_5070,12,
maxvit_tiny_tf_224,64,16,fp32,20.46031951904297,False,NVIDIA_GeForce_RTX_5070,12,
maxvit_tiny_tf_224,64,32,bf16,20.8887996673584,False,NVIDIA_GeForce_RTX_5070,12,
maxvit_tiny_tf_224,64,32,fp16,19.325904846191406,False,NVIDIA_GeForce_RTX_5070,12,
maxvit_tiny_tf_224,64,32,fp32,32.57451248168945,False,NVIDIA_GeForce_RTX_5070,12,
maxvit_tiny_tf_224,64,64,bf16,33.924049377441406,False,NVIDIA_GeForce_RTX_5070,12,
maxvit_tiny_tf_224,64,64,fp16,31.06175994873047,False,NVIDIA_GeForce_RTX_5070,12,
maxvit_tiny_tf_224,64,64,fp32,57.29033660888672,False,NVIDIA_GeForce_RTX_5070,12,
maxvit_tiny_tf_224,128,16,bf16,25.02964782714844,False,NVIDIA_GeForce_RTX_5070,12,
maxvit_tiny_tf_224,128,16,fp16,22.588672637939453,False,NVIDIA_GeForce_RTX_5070,12,
maxvit_tiny_tf_224,128,16,fp32,36.80433654785156,False,NVIDIA_GeForce_RTX_5070,12,
maxvit_tiny_tf_224,128,32,bf16,41.71577453613281,False,NVIDIA_GeForce_RTX_5070,12,
maxvit_tiny_tf_224,128,32,fp16,37.73678588867188,False,NVIDIA_GeForce_RTX_5070,12,
maxvit_tiny_tf_224,128,32,fp32,67.2683334350586,False,NVIDIA_GeForce_RTX_5070,12,
maxvit_tiny_tf_224,128,64,bf16,78.6150894165039,False,NVIDIA_GeForce_RTX_5070,12,
maxvit_tiny_tf_224,128,64,fp16,71.85028839111328,False,NVIDIA_GeForce_RTX_5070,12,
maxvit_tiny_tf_224,128,64,fp32,135.57473754882812,False,NVIDIA_GeForce_RTX_5070,12,
maxvit_tiny_tf_224,224,16,bf16,57.5664176940918,False,NVIDIA_GeForce_RTX_5070,12,
maxvit_tiny_tf_224,224,16,fp16,52.39014434814453,False,NVIDIA_GeForce_RTX_5070,12,
maxvit_tiny_tf_224,224,16,fp32,94.15392303466795,False,NVIDIA_GeForce_RTX_5070,12,
maxvit_tiny_tf_224,224,32,bf16,110.88865661621094,False,NVIDIA_GeForce_RTX_5070,12,
maxvit_tiny_tf_224,224,32,fp16,101.57183837890624,False,NVIDIA_GeForce_RTX_5070,12,
maxvit_tiny_tf_224,224,32,fp32,,True,NVIDIA_GeForce_RTX_5070,12,
maxvit_tiny_tf_224,224,64,bf16,,True,NVIDIA_GeForce_RTX_5070,12,
maxvit_tiny_tf_224,224,64,fp16,,True,NVIDIA_GeForce_RTX_5070,12,
maxvit_tiny_tf_224,224,64,fp32,,True,NVIDIA_GeForce_RTX_5070,12,
mixer_b16_224,64,16,bf16,9.76632022857666,False,NVIDIA_GeForce_RTX_5070,12,
mixer_b16_224,64,16,fp16,9.64254379272461,False,NVIDIA_GeForce_RTX_5070,12,
mixer_b16_224,64,16,fp32,14.636143684387209,False,NVIDIA_GeForce_RTX_5070,12,
mixer_b16_224,64,32,bf16,13.303600311279297,False,NVIDIA_GeForce_RTX_5070,12,
mixer_b16_224,64,32,fp16,12.943120002746582,False,NVIDIA_GeForce_RTX_5070,12,
mixer_b16_224,64,32,fp32,24.356351852416992,False,NVIDIA_GeForce_RTX_5070,12,
mixer_b16_224,64,64,bf16,21.054912567138672,False,NVIDIA_GeForce_RTX_5070,12,
mixer_b16_224,64,64,fp16,20.50614356994629,False,NVIDIA_GeForce_RTX_5070,12,
mixer_b16_224,64,64,fp32,48.62212753295898,False,NVIDIA_GeForce_RTX_5070,12,
mixer_b16_224,128,16,bf16,15.57313632965088,False,NVIDIA_GeForce_RTX_5070,12,
mixer_b16_224,128,16,fp16,15.430480003356934,False,NVIDIA_GeForce_RTX_5070,12,
mixer_b16_224,128,16,fp32,30.44500732421875,False,NVIDIA_GeForce_RTX_5070,12,
mixer_b16_224,128,32,bf16,24.95724868774414,False,NVIDIA_GeForce_RTX_5070,12,
mixer_b16_224,128,32,fp16,24.732479095458984,False,NVIDIA_GeForce_RTX_5070,12,
mixer_b16_224,128,32,fp32,56.631649017333984,False,NVIDIA_GeForce_RTX_5070,12,
mixer_b16_224,128,64,bf16,45.45060729980469,False,NVIDIA_GeForce_RTX_5070,12,
mixer_b16_224,128,64,fp16,45.07102584838867,False,NVIDIA_GeForce_RTX_5070,12,
mixer_b16_224,128,64,fp32,114.53478240966795,False,NVIDIA_GeForce_RTX_5070,12,
mixer_b16_224,224,16,bf16,34.10142517089844,False,NVIDIA_GeForce_RTX_5070,12,
mixer_b16_224,224,16,fp16,34.1334228515625,False,NVIDIA_GeForce_RTX_5070,12,
mixer_b16_224,224,16,fp32,83.11257934570312,False,NVIDIA_GeForce_RTX_5070,12,
mixer_b16_224,224,32,bf16,65.61145782470703,False,NVIDIA_GeForce_RTX_5070,12,
mixer_b16_224,224,32,fp16,65.56683349609375,False,NVIDIA_GeForce_RTX_5070,12,
mixer_b16_224,224,32,fp32,164.45095825195312,False,NVIDIA_GeForce_RTX_5070,12,
mixer_b16_224,224,64,bf16,132.4369354248047,False,NVIDIA_GeForce_RTX_5070,12,
mixer_b16_224,224,64,fp16,132.34120178222656,False,NVIDIA_GeForce_RTX_5070,12,
mixer_b16_224,224,64,fp32,331.27374267578125,False,NVIDIA_GeForce_RTX_5070,12,
mobilenetv2_100,64,16,bf16,3.054352045059204,False,NVIDIA_GeForce_RTX_5070,12,
mobilenetv2_100,64,16,fp16,2.607935905456543,False,NVIDIA_GeForce_RTX_5070,12,
mobilenetv2_100,64,16,fp32,3.261296033859253,False,NVIDIA_GeForce_RTX_5070,12,
mobilenetv2_100,64,32,bf16,4.160016059875488,False,NVIDIA_GeForce_RTX_5070,12,
mobilenetv2_100,64,32,fp16,3.380928039550781,False,NVIDIA_GeForce_RTX_5070,12,
mobilenetv2_100,64,32,fp32,4.638239860534668,False,NVIDIA_GeForce_RTX_5070,12,
mobilenetv2_100,64,64,bf16,6.290319919586182,False,NVIDIA_GeForce_RTX_5070,12,
mobilenetv2_100,64,64,fp16,4.899360179901123,False,NVIDIA_GeForce_RTX_5070,12,
mobilenetv2_100,64,64,fp32,7.591392040252685,False,NVIDIA_GeForce_RTX_5070,12,
mobilenetv2_100,128,16,bf16,4.951744079589844,False,NVIDIA_GeForce_RTX_5070,12,
mobilenetv2_100,128,16,fp16,3.880496025085449,False,NVIDIA_GeForce_RTX_5070,12,
mobilenetv2_100,128,16,fp32,5.242000102996826,False,NVIDIA_GeForce_RTX_5070,12,
mobilenetv2_100,128,32,bf16,8.141887664794922,False,NVIDIA_GeForce_RTX_5070,12,
mobilenetv2_100,128,32,fp16,6.10968017578125,False,NVIDIA_GeForce_RTX_5070,12,
mobilenetv2_100,128,32,fp32,9.796095848083496,False,NVIDIA_GeForce_RTX_5070,12,
mobilenetv2_100,128,64,bf16,15.43899154663086,False,NVIDIA_GeForce_RTX_5070,12,
mobilenetv2_100,128,64,fp16,11.808927536010742,False,NVIDIA_GeForce_RTX_5070,12,
mobilenetv2_100,128,64,fp32,20.54747200012207,False,NVIDIA_GeForce_RTX_5070,12,
mobilenetv2_100,224,16,bf16,11.355999946594238,False,NVIDIA_GeForce_RTX_5070,12,
mobilenetv2_100,224,16,fp16,8.497344017028809,False,NVIDIA_GeForce_RTX_5070,12,
mobilenetv2_100,224,16,fp32,14.466832160949709,False,NVIDIA_GeForce_RTX_5070,12,
mobilenetv2_100,224,32,bf16,22.448944091796875,False,NVIDIA_GeForce_RTX_5070,12,
mobilenetv2_100,224,32,fp16,16.763328552246094,False,NVIDIA_GeForce_RTX_5070,12,
mobilenetv2_100,224,32,fp32,30.65732765197754,False,NVIDIA_GeForce_RTX_5070,12,
mobilenetv2_100,224,64,bf16,47.29598236083984,False,NVIDIA_GeForce_RTX_5070,12,
mobilenetv2_100,224,64,fp16,35.935264587402344,False,NVIDIA_GeForce_RTX_5070,12,
mobilenetv2_100,224,64,fp32,64.41766357421875,False,NVIDIA_GeForce_RTX_5070,12,
mobilenetv3_large_100,64,16,bf16,3.4616479873657227,False,NVIDIA_GeForce_RTX_5070,12,
mobilenetv3_large_100,64,16,fp16,3.08735990524292,False,NVIDIA_GeForce_RTX_5070,12,
mobilenetv3_large_100,64,16,fp32,3.4579999446868896,False,NVIDIA_GeForce_RTX_5070,12,
mobilenetv3_large_100,64,32,bf16,4.515135765075684,False,NVIDIA_GeForce_RTX_5070,12,
mobilenetv3_large_100,64,32,fp16,3.915087938308716,False,NVIDIA_GeForce_RTX_5070,12,
mobilenetv3_large_100,64,32,fp32,4.87608003616333,False,NVIDIA_GeForce_RTX_5070,12,
mobilenetv3_large_100,64,64,bf16,6.316448211669922,False,NVIDIA_GeForce_RTX_5070,12,
mobilenetv3_large_100,64,64,fp16,5.255087852478027,False,NVIDIA_GeForce_RTX_5070,12,
mobilenetv3_large_100,64,64,fp32,6.866767883300781,False,NVIDIA_GeForce_RTX_5070,12,
mobilenetv3_large_100,128,16,bf16,4.92083215713501,False,NVIDIA_GeForce_RTX_5070,12,
mobilenetv3_large_100,128,16,fp16,4.110064029693604,False,NVIDIA_GeForce_RTX_5070,12,
mobilenetv3_large_100,128,16,fp32,5.056272029876709,False,NVIDIA_GeForce_RTX_5070,12,
mobilenetv3_large_100,128,32,bf16,7.602287769317627,False,NVIDIA_GeForce_RTX_5070,12,
mobilenetv3_large_100,128,32,fp16,6.227536201477051,False,NVIDIA_GeForce_RTX_5070,12,
mobilenetv3_large_100,128,32,fp32,8.486255645751953,False,NVIDIA_GeForce_RTX_5070,12,
mobilenetv3_large_100,128,64,bf16,12.847807884216309,False,NVIDIA_GeForce_RTX_5070,12,
mobilenetv3_large_100,128,64,fp16,10.239727973937988,False,NVIDIA_GeForce_RTX_5070,12,
mobilenetv3_large_100,128,64,fp32,14.869824409484863,False,NVIDIA_GeForce_RTX_5070,12,
mobilenetv3_large_100,224,16,bf16,9.820032119750977,False,NVIDIA_GeForce_RTX_5070,12,
mobilenetv3_large_100,224,16,fp16,7.544784069061279,False,NVIDIA_GeForce_RTX_5070,12,
mobilenetv3_large_100,224,16,fp32,11.046303749084473,False,NVIDIA_GeForce_RTX_5070,12,
mobilenetv3_large_100,224,32,bf16,17.719871520996094,False,NVIDIA_GeForce_RTX_5070,12,
mobilenetv3_large_100,224,32,fp16,13.287664413452148,False,NVIDIA_GeForce_RTX_5070,12,
mobilenetv3_large_100,224,32,fp32,22.10305595397949,False,NVIDIA_GeForce_RTX_5070,12,
mobilenetv3_large_100,224,64,bf16,35.7398567199707,False,NVIDIA_GeForce_RTX_5070,12,
mobilenetv3_large_100,224,64,fp16,27.357967376708984,False,NVIDIA_GeForce_RTX_5070,12,
mobilenetv3_large_100,224,64,fp32,46.85732650756836,False,NVIDIA_GeForce_RTX_5070,12,
mobilenetv3_small_100,64,16,bf16,2.015471935272217,False,NVIDIA_GeForce_RTX_5070,12,
mobilenetv3_small_100,64,16,fp16,1.86188805103302,False,NVIDIA_GeForce_RTX_5070,12,
mobilenetv3_small_100,64,16,fp32,2.088223934173584,False,NVIDIA_GeForce_RTX_5070,12,
mobilenetv3_small_100,64,32,bf16,2.5743680000305176,False,NVIDIA_GeForce_RTX_5070,12,
mobilenetv3_small_100,64,32,fp16,2.3089280128479004,False,NVIDIA_GeForce_RTX_5070,12,
mobilenetv3_small_100,64,32,fp32,2.772272109985352,False,NVIDIA_GeForce_RTX_5070,12,
mobilenetv3_small_100,64,64,bf16,3.624511957168579,False,NVIDIA_GeForce_RTX_5070,12,
mobilenetv3_small_100,64,64,fp16,3.120352029800415,False,NVIDIA_GeForce_RTX_5070,12,
mobilenetv3_small_100,64,64,fp32,3.5425119400024414,False,NVIDIA_GeForce_RTX_5070,12,
mobilenetv3_small_100,128,16,bf16,2.908767938613892,False,NVIDIA_GeForce_RTX_5070,12,
mobilenetv3_small_100,128,16,fp16,2.4807519912719727,False,NVIDIA_GeForce_RTX_5070,12,
mobilenetv3_small_100,128,16,fp32,2.7264320850372314,False,NVIDIA_GeForce_RTX_5070,12,
mobilenetv3_small_100,128,32,bf16,4.012896060943604,False,NVIDIA_GeForce_RTX_5070,12,
mobilenetv3_small_100,128,32,fp16,3.249919891357422,False,NVIDIA_GeForce_RTX_5070,12,
mobilenetv3_small_100,128,32,fp32,3.855456113815308,False,NVIDIA_GeForce_RTX_5070,12,
mobilenetv3_small_100,128,64,bf16,5.612639904022217,False,NVIDIA_GeForce_RTX_5070,12,
mobilenetv3_small_100,128,64,fp16,4.429279804229736,False,NVIDIA_GeForce_RTX_5070,12,
mobilenetv3_small_100,128,64,fp32,5.881680011749268,False,NVIDIA_GeForce_RTX_5070,12,
mobilenetv3_small_100,224,16,bf16,4.6239519119262695,False,NVIDIA_GeForce_RTX_5070,12,
mobilenetv3_small_100,224,16,fp16,3.407183885574341,False,NVIDIA_GeForce_RTX_5070,12,
mobilenetv3_small_100,224,16,fp32,4.534512042999268,False,NVIDIA_GeForce_RTX_5070,12,
mobilenetv3_small_100,224,32,bf16,7.505743980407715,False,NVIDIA_GeForce_RTX_5070,12,
mobilenetv3_small_100,224,32,fp16,5.411983966827393,False,NVIDIA_GeForce_RTX_5070,12,
mobilenetv3_small_100,224,32,fp32,8.065631866455078,False,NVIDIA_GeForce_RTX_5070,12,
mobilenetv3_small_100,224,64,bf16,13.93231964111328,False,NVIDIA_GeForce_RTX_5070,12,
mobilenetv3_small_100,224,64,fp16,10.136879920959473,False,NVIDIA_GeForce_RTX_5070,12,
mobilenetv3_small_100,224,64,fp32,15.596351623535156,False,NVIDIA_GeForce_RTX_5070,12,
mobilevit_s,64,16,bf16,4.778992176055908,False,NVIDIA_GeForce_RTX_5070,12,
mobilevit_s,64,16,fp16,4.221343994140625,False,NVIDIA_GeForce_RTX_5070,12,
mobilevit_s,64,16,fp32,5.617631912231445,False,NVIDIA_GeForce_RTX_5070,12,
mobilevit_s,64,32,bf16,6.6818718910217285,False,NVIDIA_GeForce_RTX_5070,12,
mobilevit_s,64,32,fp16,5.764656066894531,False,NVIDIA_GeForce_RTX_5070,12,
mobilevit_s,64,32,fp32,8.425647735595703,False,NVIDIA_GeForce_RTX_5070,12,
mobilevit_s,64,64,bf16,10.425824165344238,False,NVIDIA_GeForce_RTX_5070,12,
mobilevit_s,64,64,fp16,8.85041618347168,False,NVIDIA_GeForce_RTX_5070,12,
mobilevit_s,64,64,fp32,14.21560001373291,False,NVIDIA_GeForce_RTX_5070,12,
mobilevit_s,128,16,bf16,8.64680004119873,False,NVIDIA_GeForce_RTX_5070,12,
mobilevit_s,128,16,fp16,7.128608226776123,False,NVIDIA_GeForce_RTX_5070,12,
mobilevit_s,128,16,fp32,11.13862419128418,False,NVIDIA_GeForce_RTX_5070,12,
mobilevit_s,128,32,bf16,14.399200439453123,False,NVIDIA_GeForce_RTX_5070,12,
mobilevit_s,128,32,fp16,11.830047607421877,False,NVIDIA_GeForce_RTX_5070,12,
mobilevit_s,128,32,fp32,22.081439971923828,False,NVIDIA_GeForce_RTX_5070,12,
mobilevit_s,128,64,bf16,28.820751190185547,False,NVIDIA_GeForce_RTX_5070,12,
mobilevit_s,128,64,fp16,24.04033660888672,False,NVIDIA_GeForce_RTX_5070,12,
mobilevit_s,128,64,fp32,45.43471908569336,False,NVIDIA_GeForce_RTX_5070,12,
mobilevit_s,224,16,bf16,23.05267143249512,False,NVIDIA_GeForce_RTX_5070,12,
mobilevit_s,224,16,fp16,19.235408782958984,False,NVIDIA_GeForce_RTX_5070,12,
mobilevit_s,224,16,fp32,37.30500793457031,False,NVIDIA_GeForce_RTX_5070,12,
mobilevit_s,224,32,bf16,48.13905715942383,False,NVIDIA_GeForce_RTX_5070,12,
mobilevit_s,224,32,fp16,40.19134521484375,False,NVIDIA_GeForce_RTX_5070,12,
mobilevit_s,224,32,fp32,76.25452423095703,False,NVIDIA_GeForce_RTX_5070,12,
mobilevit_s,224,64,bf16,97.44441223144533,False,NVIDIA_GeForce_RTX_5070,12,
mobilevit_s,224,64,fp16,82.72936248779297,False,NVIDIA_GeForce_RTX_5070,12,
mobilevit_s,224,64,fp32,154.8756866455078,False,NVIDIA_GeForce_RTX_5070,12,
mobilevit_xs,64,16,bf16,4.028992176055908,False,NVIDIA_GeForce_RTX_5070,12,
mobilevit_xs,64,16,fp16,3.786432027816773,False,NVIDIA_GeForce_RTX_5070,12,
mobilevit_xs,64,16,fp32,4.227807998657227,False,NVIDIA_GeForce_RTX_5070,12,
mobilevit_xs,64,32,bf16,5.558288097381592,False,NVIDIA_GeForce_RTX_5070,12,
mobilevit_xs,64,32,fp16,5.200592041015625,False,NVIDIA_GeForce_RTX_5070,12,
mobilevit_xs,64,32,fp32,5.976704120635986,False,NVIDIA_GeForce_RTX_5070,12,
mobilevit_xs,64,64,bf16,8.65329647064209,False,NVIDIA_GeForce_RTX_5070,12,
mobilevit_xs,64,64,fp16,7.785727977752685,False,NVIDIA_GeForce_RTX_5070,12,
mobilevit_xs,64,64,fp32,9.972448348999023,False,NVIDIA_GeForce_RTX_5070,12,
mobilevit_xs,128,16,bf16,7.177696228027344,False,NVIDIA_GeForce_RTX_5070,12,
mobilevit_xs,128,16,fp16,6.13486385345459,False,NVIDIA_GeForce_RTX_5070,12,
mobilevit_xs,128,16,fp32,8.469167709350586,False,NVIDIA_GeForce_RTX_5070,12,
mobilevit_xs,128,32,bf16,11.980128288269045,False,NVIDIA_GeForce_RTX_5070,12,
mobilevit_xs,128,32,fp16,10.274991989135742,False,NVIDIA_GeForce_RTX_5070,12,
mobilevit_xs,128,32,fp32,16.257904052734375,False,NVIDIA_GeForce_RTX_5070,12,
mobilevit_xs,128,64,bf16,23.131183624267575,False,NVIDIA_GeForce_RTX_5070,12,
mobilevit_xs,128,64,fp16,19.579647064208984,False,NVIDIA_GeForce_RTX_5070,12,
mobilevit_xs,128,64,fp32,34.82038497924805,False,NVIDIA_GeForce_RTX_5070,12,
mobilevit_xs,224,16,bf16,18.16326332092285,False,NVIDIA_GeForce_RTX_5070,12,
mobilevit_xs,224,16,fp16,15.070752143859863,False,NVIDIA_GeForce_RTX_5070,12,
mobilevit_xs,224,16,fp32,28.78713607788086,False,NVIDIA_GeForce_RTX_5070,12,
mobilevit_xs,224,32,bf16,37.372703552246094,False,NVIDIA_GeForce_RTX_5070,12,
mobilevit_xs,224,32,fp16,30.89148712158203,False,NVIDIA_GeForce_RTX_5070,12,
mobilevit_xs,224,32,fp32,58.74628829956055,False,NVIDIA_GeForce_RTX_5070,12,
mobilevit_xs,224,64,bf16,76.95884704589844,False,NVIDIA_GeForce_RTX_5070,12,
mobilevit_xs,224,64,fp16,63.904415130615234,False,NVIDIA_GeForce_RTX_5070,12,
mobilevit_xs,224,64,fp32,119.39173126220705,False,NVIDIA_GeForce_RTX_5070,12,
mobilevit_xxs,64,16,bf16,3.2601919174194336,False,NVIDIA_GeForce_RTX_5070,12,
mobilevit_xxs,64,16,fp16,3.111423969268799,False,NVIDIA_GeForce_RTX_5070,12,
mobilevit_xxs,64,16,fp32,3.4751200675964355,False,NVIDIA_GeForce_RTX_5070,12,
mobilevit_xxs,64,32,bf16,4.492335796356201,False,NVIDIA_GeForce_RTX_5070,12,
mobilevit_xxs,64,32,fp16,4.294703960418701,False,NVIDIA_GeForce_RTX_5070,12,
mobilevit_xxs,64,32,fp32,5.00116777420044,False,NVIDIA_GeForce_RTX_5070,12,
mobilevit_xxs,64,64,bf16,6.232079982757568,False,NVIDIA_GeForce_RTX_5070,12,
mobilevit_xxs,64,64,fp16,5.883840084075928,False,NVIDIA_GeForce_RTX_5070,12,
mobilevit_xxs,64,64,fp32,7.247600078582764,False,NVIDIA_GeForce_RTX_5070,12,
mobilevit_xxs,128,16,bf16,4.909808158874512,False,NVIDIA_GeForce_RTX_5070,12,
mobilevit_xxs,128,16,fp16,4.391615867614746,False,NVIDIA_GeForce_RTX_5070,12,
mobilevit_xxs,128,16,fp32,5.32316780090332,False,NVIDIA_GeForce_RTX_5070,12,
mobilevit_xxs,128,32,bf16,7.391647815704346,False,NVIDIA_GeForce_RTX_5070,12,
mobilevit_xxs,128,32,fp16,6.599999904632568,False,NVIDIA_GeForce_RTX_5070,12,
mobilevit_xxs,128,32,fp32,8.320655822753906,False,NVIDIA_GeForce_RTX_5070,12,
mobilevit_xxs,128,64,bf16,12.55350399017334,False,NVIDIA_GeForce_RTX_5070,12,
mobilevit_xxs,128,64,fp16,10.80023956298828,False,NVIDIA_GeForce_RTX_5070,12,
mobilevit_xxs,128,64,fp32,15.89625644683838,False,NVIDIA_GeForce_RTX_5070,12,
mobilevit_xxs,224,16,bf16,10.224207878112791,False,NVIDIA_GeForce_RTX_5070,12,
mobilevit_xxs,224,16,fp16,8.889039993286133,False,NVIDIA_GeForce_RTX_5070,12,
mobilevit_xxs,224,16,fp32,14.658672332763672,False,NVIDIA_GeForce_RTX_5070,12,
mobilevit_xxs,224,32,bf16,18.627328872680664,False,NVIDIA_GeForce_RTX_5070,12,
mobilevit_xxs,224,32,fp16,15.914912223815918,False,NVIDIA_GeForce_RTX_5070,12,
mobilevit_xxs,224,32,fp32,28.61185646057129,False,NVIDIA_GeForce_RTX_5070,12,
mobilevit_xxs,224,64,bf16,38.4463996887207,False,NVIDIA_GeForce_RTX_5070,12,
mobilevit_xxs,224,64,fp16,32.66988754272461,False,NVIDIA_GeForce_RTX_5070,12,
mobilevit_xxs,224,64,fp32,58.73185729980469,False,NVIDIA_GeForce_RTX_5070,12,
mobilevitv2_100,64,16,bf16,4.472271919250488,False,NVIDIA_GeForce_RTX_5070,12,
mobilevitv2_100,64,16,fp16,3.861615896224976,False,NVIDIA_GeForce_RTX_5070,12,
mobilevitv2_100,64,16,fp32,4.52243185043335,False,NVIDIA_GeForce_RTX_5070,12,
mobilevitv2_100,64,32,bf16,6.2076802253723145,False,NVIDIA_GeForce_RTX_5070,12,
mobilevitv2_100,64,32,fp16,5.180448055267334,False,NVIDIA_GeForce_RTX_5070,12,
mobilevitv2_100,64,32,fp32,6.888144016265869,False,NVIDIA_GeForce_RTX_5070,12,
mobilevitv2_100,64,64,bf16,9.662768363952637,False,NVIDIA_GeForce_RTX_5070,12,
mobilevitv2_100,64,64,fp16,7.941904067993164,False,NVIDIA_GeForce_RTX_5070,12,
mobilevitv2_100,64,64,fp32,11.983471870422363,False,NVIDIA_GeForce_RTX_5070,12,
mobilevitv2_100,128,16,bf16,8.079327583312988,False,NVIDIA_GeForce_RTX_5070,12,
mobilevitv2_100,128,16,fp16,6.425648212432861,False,NVIDIA_GeForce_RTX_5070,12,
mobilevitv2_100,128,16,fp32,8.948304176330566,False,NVIDIA_GeForce_RTX_5070,12,
mobilevitv2_100,128,32,bf16,13.594688415527344,False,NVIDIA_GeForce_RTX_5070,12,
mobilevitv2_100,128,32,fp16,10.602128028869627,False,NVIDIA_GeForce_RTX_5070,12,
mobilevitv2_100,128,32,fp32,17.841983795166016,False,NVIDIA_GeForce_RTX_5070,12,
mobilevitv2_100,128,64,bf16,27.132400512695312,False,NVIDIA_GeForce_RTX_5070,12,
mobilevitv2_100,128,64,fp16,21.585695266723636,False,NVIDIA_GeForce_RTX_5070,12,
mobilevitv2_100,128,64,fp32,37.2020149230957,False,NVIDIA_GeForce_RTX_5070,12,
mobilevitv2_100,224,16,bf16,22.044960021972656,False,NVIDIA_GeForce_RTX_5070,12,
mobilevitv2_100,224,16,fp16,17.313312530517578,False,NVIDIA_GeForce_RTX_5070,12,
mobilevitv2_100,224,16,fp32,29.20088005065918,False,NVIDIA_GeForce_RTX_5070,12,
mobilevitv2_100,224,32,bf16,44.56744003295898,False,NVIDIA_GeForce_RTX_5070,12,
mobilevitv2_100,224,32,fp16,36.022830963134766,False,NVIDIA_GeForce_RTX_5070,12,
mobilevitv2_100,224,32,fp32,59.1145133972168,False,NVIDIA_GeForce_RTX_5070,12,
mobilevitv2_100,224,64,bf16,88.69780731201172,False,NVIDIA_GeForce_RTX_5070,12,
mobilevitv2_100,224,64,fp16,73.56884765625,False,NVIDIA_GeForce_RTX_5070,12,
mobilevitv2_100,224,64,fp32,121.9634246826172,False,NVIDIA_GeForce_RTX_5070,12,
nfnet_l0,64,16,bf16,10.02126407623291,False,NVIDIA_GeForce_RTX_5070,12,
nfnet_l0,64,16,fp16,9.413311958312988,False,NVIDIA_GeForce_RTX_5070,12,
nfnet_l0,64,16,fp32,14.505279541015623,False,NVIDIA_GeForce_RTX_5070,12,
nfnet_l0,64,32,bf16,12.91215991973877,False,NVIDIA_GeForce_RTX_5070,12,
nfnet_l0,64,32,fp16,12.686271667480469,False,NVIDIA_GeForce_RTX_5070,12,
nfnet_l0,64,32,fp32,24.80073547363281,False,NVIDIA_GeForce_RTX_5070,12,
nfnet_l0,64,64,bf16,19.888687133789062,False,NVIDIA_GeForce_RTX_5070,12,
nfnet_l0,64,64,fp16,19.261648178100582,False,NVIDIA_GeForce_RTX_5070,12,
nfnet_l0,64,64,fp32,36.24665451049805,False,NVIDIA_GeForce_RTX_5070,12,
nfnet_l0,128,16,bf16,14.166799545288086,False,NVIDIA_GeForce_RTX_5070,12,
nfnet_l0,128,16,fp16,12.70206356048584,False,NVIDIA_GeForce_RTX_5070,12,
nfnet_l0,128,16,fp32,19.97724723815918,False,NVIDIA_GeForce_RTX_5070,12,
nfnet_l0,128,32,bf16,21.97881507873535,False,NVIDIA_GeForce_RTX_5070,12,
nfnet_l0,128,32,fp16,20.546592712402344,False,NVIDIA_GeForce_RTX_5070,12,
nfnet_l0,128,32,fp32,36.79441452026367,False,NVIDIA_GeForce_RTX_5070,12,
nfnet_l0,128,64,bf16,39.504512786865234,False,NVIDIA_GeForce_RTX_5070,12,
nfnet_l0,128,64,fp16,37.144752502441406,False,NVIDIA_GeForce_RTX_5070,12,
nfnet_l0,128,64,fp32,69.75122833251953,False,NVIDIA_GeForce_RTX_5070,12,
nfnet_l0,224,16,bf16,26.46843147277832,False,NVIDIA_GeForce_RTX_5070,12,
nfnet_l0,224,16,fp16,24.021039962768555,False,NVIDIA_GeForce_RTX_5070,12,
nfnet_l0,224,16,fp32,44.83388900756836,False,NVIDIA_GeForce_RTX_5070,12,
nfnet_l0,224,32,bf16,49.63180923461914,False,NVIDIA_GeForce_RTX_5070,12,
nfnet_l0,224,32,fp16,46.52985763549805,False,NVIDIA_GeForce_RTX_5070,12,
nfnet_l0,224,32,fp32,94.94420623779295,False,NVIDIA_GeForce_RTX_5070,12,
nfnet_l0,224,64,bf16,100.5908660888672,False,NVIDIA_GeForce_RTX_5070,12,
nfnet_l0,224,64,fp16,96.09671783447266,False,NVIDIA_GeForce_RTX_5070,12,
nfnet_l0,224,64,fp32,191.459716796875,False,NVIDIA_GeForce_RTX_5070,12,
pvt_v2_b0,64,16,bf16,2.851167917251587,False,NVIDIA_GeForce_RTX_5070,12,
pvt_v2_b0,64,16,fp16,2.8441600799560547,False,NVIDIA_GeForce_RTX_5070,12,
pvt_v2_b0,64,16,fp32,3.3935999870300293,False,NVIDIA_GeForce_RTX_5070,12,
pvt_v2_b0,64,32,bf16,3.586303949356079,False,NVIDIA_GeForce_RTX_5070,12,
pvt_v2_b0,64,32,fp16,3.596208095550537,False,NVIDIA_GeForce_RTX_5070,12,
pvt_v2_b0,64,32,fp32,4.671855926513672,False,NVIDIA_GeForce_RTX_5070,12,
pvt_v2_b0,64,64,bf16,4.919856071472168,False,NVIDIA_GeForce_RTX_5070,12,
pvt_v2_b0,64,64,fp16,4.802159786224365,False,NVIDIA_GeForce_RTX_5070,12,
pvt_v2_b0,64,64,fp32,6.80675220489502,False,NVIDIA_GeForce_RTX_5070,12,
pvt_v2_b0,128,16,bf16,4.662943840026856,False,NVIDIA_GeForce_RTX_5070,12,
pvt_v2_b0,128,16,fp16,4.552688121795654,False,NVIDIA_GeForce_RTX_5070,12,
pvt_v2_b0,128,16,fp32,6.492623805999756,False,NVIDIA_GeForce_RTX_5070,12,
pvt_v2_b0,128,32,bf16,7.012176036834717,False,NVIDIA_GeForce_RTX_5070,12,
pvt_v2_b0,128,32,fp16,6.898608207702637,False,NVIDIA_GeForce_RTX_5070,12,
pvt_v2_b0,128,32,fp32,10.50228786468506,False,NVIDIA_GeForce_RTX_5070,12,
pvt_v2_b0,128,64,bf16,12.086607933044434,False,NVIDIA_GeForce_RTX_5070,12,
pvt_v2_b0,128,64,fp16,11.907183647155762,False,NVIDIA_GeForce_RTX_5070,12,
pvt_v2_b0,128,64,fp32,19.618896484375,False,NVIDIA_GeForce_RTX_5070,12,
pvt_v2_b0,224,16,bf16,9.829855918884276,False,NVIDIA_GeForce_RTX_5070,12,
pvt_v2_b0,224,16,fp16,9.68560028076172,False,NVIDIA_GeForce_RTX_5070,12,
pvt_v2_b0,224,16,fp32,16.5317440032959,False,NVIDIA_GeForce_RTX_5070,12,
pvt_v2_b0,224,32,bf16,16.809999465942383,False,NVIDIA_GeForce_RTX_5070,12,
pvt_v2_b0,224,32,fp16,16.591552734375,False,NVIDIA_GeForce_RTX_5070,12,
pvt_v2_b0,224,32,fp32,29.050783157348636,False,NVIDIA_GeForce_RTX_5070,12,
pvt_v2_b0,224,64,bf16,33.7956657409668,False,NVIDIA_GeForce_RTX_5070,12,
pvt_v2_b0,224,64,fp16,33.49991989135742,False,NVIDIA_GeForce_RTX_5070,12,
pvt_v2_b0,224,64,fp32,56.29806518554688,False,NVIDIA_GeForce_RTX_5070,12,
pvt_v2_b2,64,16,bf16,8.010255813598633,False,NVIDIA_GeForce_RTX_5070,12,
pvt_v2_b2,64,16,fp16,7.766895771026611,False,NVIDIA_GeForce_RTX_5070,12,
pvt_v2_b2,64,16,fp32,11.02883243560791,False,NVIDIA_GeForce_RTX_5070,12,
pvt_v2_b2,64,32,bf16,9.843999862670898,False,NVIDIA_GeForce_RTX_5070,12,
pvt_v2_b2,64,32,fp16,9.622991561889648,False,NVIDIA_GeForce_RTX_5070,12,
pvt_v2_b2,64,32,fp32,15.2401762008667,False,NVIDIA_GeForce_RTX_5070,12,
pvt_v2_b2,64,64,bf16,13.28105640411377,False,NVIDIA_GeForce_RTX_5070,12,
pvt_v2_b2,64,64,fp16,13.036975860595703,False,NVIDIA_GeForce_RTX_5070,12,
pvt_v2_b2,64,64,fp32,23.797504425048828,False,NVIDIA_GeForce_RTX_5070,12,
pvt_v2_b2,128,16,bf16,12.794303894042969,False,NVIDIA_GeForce_RTX_5070,12,
pvt_v2_b2,128,16,fp16,12.572879791259766,False,NVIDIA_GeForce_RTX_5070,12,
pvt_v2_b2,128,16,fp32,21.701520919799805,False,NVIDIA_GeForce_RTX_5070,12,
pvt_v2_b2,128,32,bf16,20.28980827331543,False,NVIDIA_GeForce_RTX_5070,12,
pvt_v2_b2,128,32,fp16,19.901424407958984,False,NVIDIA_GeForce_RTX_5070,12,
pvt_v2_b2,128,32,fp32,36.18590545654297,False,NVIDIA_GeForce_RTX_5070,12,
pvt_v2_b2,128,64,bf16,35.85385513305664,False,NVIDIA_GeForce_RTX_5070,12,
pvt_v2_b2,128,64,fp16,35.412879943847656,False,NVIDIA_GeForce_RTX_5070,12,
pvt_v2_b2,128,64,fp32,68.11908721923828,False,NVIDIA_GeForce_RTX_5070,12,
pvt_v2_b2,224,16,bf16,29.219072341918945,False,NVIDIA_GeForce_RTX_5070,12,
pvt_v2_b2,224,16,fp16,28.79702377319336,False,NVIDIA_GeForce_RTX_5070,12,
pvt_v2_b2,224,16,fp32,55.6395378112793,False,NVIDIA_GeForce_RTX_5070,12,
pvt_v2_b2,224,32,bf16,52.94464111328125,False,NVIDIA_GeForce_RTX_5070,12,
pvt_v2_b2,224,32,fp16,53.92278289794922,False,NVIDIA_GeForce_RTX_5070,12,
pvt_v2_b2,224,32,fp32,102.61808013916016,False,NVIDIA_GeForce_RTX_5070,12,
pvt_v2_b2,224,64,bf16,106.31563568115234,False,NVIDIA_GeForce_RTX_5070,12,
pvt_v2_b2,224,64,fp16,106.60052490234376,False,NVIDIA_GeForce_RTX_5070,12,
pvt_v2_b2,224,64,fp32,,True,NVIDIA_GeForce_RTX_5070,12,
pvt_v2_b5,64,16,bf16,24.13310432434082,False,NVIDIA_GeForce_RTX_5070,12,
pvt_v2_b5,64,16,fp16,23.17689514160156,False,NVIDIA_GeForce_RTX_5070,12,
pvt_v2_b5,64,16,fp32,34.96060943603516,False,NVIDIA_GeForce_RTX_5070,12,
pvt_v2_b5,64,32,bf16,28.48535919189453,False,NVIDIA_GeForce_RTX_5070,12,
pvt_v2_b5,64,32,fp16,27.81278419494629,False,NVIDIA_GeForce_RTX_5070,12,
pvt_v2_b5,64,32,fp32,46.12598419189453,False,NVIDIA_GeForce_RTX_5070,12,
pvt_v2_b5,64,64,bf16,35.9779052734375,False,NVIDIA_GeForce_RTX_5070,12,
pvt_v2_b5,64,64,fp16,35.39094543457031,False,NVIDIA_GeForce_RTX_5070,12,
pvt_v2_b5,64,64,fp32,67.14014434814453,False,NVIDIA_GeForce_RTX_5070,12,
pvt_v2_b5,128,16,bf16,33.8997917175293,False,NVIDIA_GeForce_RTX_5070,12,
pvt_v2_b5,128,16,fp16,33.400367736816406,False,NVIDIA_GeForce_RTX_5070,12,
pvt_v2_b5,128,16,fp32,58.67628860473633,False,NVIDIA_GeForce_RTX_5070,12,
pvt_v2_b5,128,32,bf16,48.73915100097656,False,NVIDIA_GeForce_RTX_5070,12,
pvt_v2_b5,128,32,fp16,48.28132629394531,False,NVIDIA_GeForce_RTX_5070,12,
pvt_v2_b5,128,32,fp32,86.10838317871094,False,NVIDIA_GeForce_RTX_5070,12,
pvt_v2_b5,128,64,bf16,74.57008361816406,False,NVIDIA_GeForce_RTX_5070,12,
pvt_v2_b5,128,64,fp16,74.12284851074219,False,NVIDIA_GeForce_RTX_5070,12,
pvt_v2_b5,128,64,fp32,148.20513916015625,False,NVIDIA_GeForce_RTX_5070,12,
pvt_v2_b5,224,16,bf16,64.02323150634766,False,NVIDIA_GeForce_RTX_5070,12,
pvt_v2_b5,224,16,fp16,63.4789924621582,False,NVIDIA_GeForce_RTX_5070,12,
pvt_v2_b5,224,16,fp32,127.32266998291016,False,NVIDIA_GeForce_RTX_5070,12,
pvt_v2_b5,224,32,bf16,107.25540924072266,False,NVIDIA_GeForce_RTX_5070,12,
pvt_v2_b5,224,32,fp16,115.0059051513672,False,NVIDIA_GeForce_RTX_5070,12,
pvt_v2_b5,224,32,fp32,,True,NVIDIA_GeForce_RTX_5070,12,
pvt_v2_b5,224,64,bf16,,True,NVIDIA_GeForce_RTX_5070,12,
pvt_v2_b5,224,64,fp16,,True,NVIDIA_GeForce_RTX_5070,12,
pvt_v2_b5,224,64,fp32,,True,NVIDIA_GeForce_RTX_5070,12,
regnety_032,64,16,bf16,8.491536140441895,False,NVIDIA_GeForce_RTX_5070,12,
regnety_032,64,16,fp16,8.503120422363281,False,NVIDIA_GeForce_RTX_5070,12,
regnety_032,64,16,fp32,12.146032333374023,False,NVIDIA_GeForce_RTX_5070,12,
regnety_032,64,32,bf16,10.668607711791992,False,NVIDIA_GeForce_RTX_5070,12,
regnety_032,64,32,fp16,10.248576164245604,False,NVIDIA_GeForce_RTX_5070,12,
regnety_032,64,32,fp32,17.35041618347168,False,NVIDIA_GeForce_RTX_5070,12,
regnety_032,64,64,bf16,16.46321678161621,False,NVIDIA_GeForce_RTX_5070,12,
regnety_032,64,64,fp16,15.222208023071287,False,NVIDIA_GeForce_RTX_5070,12,
regnety_032,64,64,fp32,26.86937522888184,False,NVIDIA_GeForce_RTX_5070,12,
regnety_032,128,16,bf16,14.98040008544922,False,NVIDIA_GeForce_RTX_5070,12,
regnety_032,128,16,fp16,13.499360084533691,False,NVIDIA_GeForce_RTX_5070,12,
regnety_032,128,16,fp32,22.115760803222656,False,NVIDIA_GeForce_RTX_5070,12,
regnety_032,128,32,bf16,21.105663299560547,False,NVIDIA_GeForce_RTX_5070,12,
regnety_032,128,32,fp16,18.142799377441406,False,NVIDIA_GeForce_RTX_5070,12,
regnety_032,128,32,fp32,28.11916732788086,False,NVIDIA_GeForce_RTX_5070,12,
regnety_032,128,64,bf16,46.927520751953125,False,NVIDIA_GeForce_RTX_5070,12,
regnety_032,128,64,fp16,37.93072128295898,False,NVIDIA_GeForce_RTX_5070,12,
regnety_032,128,64,fp32,53.12924957275391,False,NVIDIA_GeForce_RTX_5070,12,
regnety_032,224,16,bf16,32.200721740722656,False,NVIDIA_GeForce_RTX_5070,12,
regnety_032,224,16,fp16,27.38083267211914,False,NVIDIA_GeForce_RTX_5070,12,
regnety_032,224,16,fp32,41.3573112487793,False,NVIDIA_GeForce_RTX_5070,12,
regnety_032,224,32,bf16,53.05147171020508,False,NVIDIA_GeForce_RTX_5070,12,
regnety_032,224,32,fp16,45.25502395629883,False,NVIDIA_GeForce_RTX_5070,12,
regnety_032,224,32,fp32,78.8760986328125,False,NVIDIA_GeForce_RTX_5070,12,
regnety_032,224,64,bf16,109.799072265625,False,NVIDIA_GeForce_RTX_5070,12,
regnety_032,224,64,fp16,96.63632202148438,False,NVIDIA_GeForce_RTX_5070,12,
regnety_032,224,64,fp32,172.02395629882812,False,NVIDIA_GeForce_RTX_5070,12,
regnety_080,64,16,bf16,13.67470359802246,False,NVIDIA_GeForce_RTX_5070,12,
regnety_080,64,16,fp16,12.984160423278809,False,NVIDIA_GeForce_RTX_5070,12,
regnety_080,64,16,fp32,15.35531234741211,False,NVIDIA_GeForce_RTX_5070,12,
regnety_080,64,32,bf16,21.03409576416016,False,NVIDIA_GeForce_RTX_5070,12,
regnety_080,64,32,fp16,20.710304260253903,False,NVIDIA_GeForce_RTX_5070,12,
regnety_080,64,32,fp32,30.411104202270508,False,NVIDIA_GeForce_RTX_5070,12,
regnety_080,64,64,bf16,35.85004806518555,False,NVIDIA_GeForce_RTX_5070,12,
regnety_080,64,64,fp16,34.80680084228516,False,NVIDIA_GeForce_RTX_5070,12,
regnety_080,64,64,fp32,50.5563850402832,False,NVIDIA_GeForce_RTX_5070,12,
regnety_080,128,16,bf16,21.672208786010746,False,NVIDIA_GeForce_RTX_5070,12,
regnety_080,128,16,fp16,19.7718563079834,False,NVIDIA_GeForce_RTX_5070,12,
regnety_080,128,16,fp32,25.801776885986328,False,NVIDIA_GeForce_RTX_5070,12,
regnety_080,128,32,bf16,39.76772689819336,False,NVIDIA_GeForce_RTX_5070,12,
regnety_080,128,32,fp16,34.158912658691406,False,NVIDIA_GeForce_RTX_5070,12,
regnety_080,128,32,fp32,50.7946891784668,False,NVIDIA_GeForce_RTX_5070,12,
regnety_080,128,64,bf16,59.47407913208008,False,NVIDIA_GeForce_RTX_5070,12,
regnety_080,128,64,fp16,51.881473541259766,False,NVIDIA_GeForce_RTX_5070,12,
regnety_080,128,64,fp32,122.02355194091795,False,NVIDIA_GeForce_RTX_5070,12,
regnety_080,224,16,bf16,46.95302581787109,False,NVIDIA_GeForce_RTX_5070,12,
regnety_080,224,16,fp16,40.66649627685547,False,NVIDIA_GeForce_RTX_5070,12,
regnety_080,224,16,fp32,71.4873275756836,False,NVIDIA_GeForce_RTX_5070,12,
regnety_080,224,32,bf16,92.56342315673828,False,NVIDIA_GeForce_RTX_5070,12,
regnety_080,224,32,fp16,79.63452911376953,False,NVIDIA_GeForce_RTX_5070,12,
regnety_080,224,32,fp32,150.87840270996094,False,NVIDIA_GeForce_RTX_5070,12,
regnety_080,224,64,bf16,182.79624938964844,False,NVIDIA_GeForce_RTX_5070,12,
regnety_080,224,64,fp16,162.09121704101562,False,NVIDIA_GeForce_RTX_5070,12,
regnety_080,224,64,fp32,,True,NVIDIA_GeForce_RTX_5070,12,
regnety_160,64,16,bf16,29.60921669006348,False,NVIDIA_GeForce_RTX_5070,12,
regnety_160,64,16,fp16,28.781551361083984,False,NVIDIA_GeForce_RTX_5070,12,
regnety_160,64,16,fp32,29.0184326171875,False,NVIDIA_GeForce_RTX_5070,12,
regnety_160,64,32,bf16,43.78881454467773,False,NVIDIA_GeForce_RTX_5070,12,
regnety_160,64,32,fp16,41.317169189453125,False,NVIDIA_GeForce_RTX_5070,12,
regnety_160,64,32,fp32,46.0658073425293,False,NVIDIA_GeForce_RTX_5070,12,
regnety_160,64,64,bf16,70.2020034790039,False,NVIDIA_GeForce_RTX_5070,12,
regnety_160,64,64,fp16,64.12171173095703,False,NVIDIA_GeForce_RTX_5070,12,
regnety_160,64,64,fp32,63.61073684692383,False,NVIDIA_GeForce_RTX_5070,12,
regnety_160,128,16,bf16,40.70004653930664,False,NVIDIA_GeForce_RTX_5070,12,
regnety_160,128,16,fp16,37.62142562866211,False,NVIDIA_GeForce_RTX_5070,12,
regnety_160,128,16,fp32,40.91212844848633,False,NVIDIA_GeForce_RTX_5070,12,
regnety_160,128,32,bf16,66.36961364746094,False,NVIDIA_GeForce_RTX_5070,12,
regnety_160,128,32,fp16,61.18228912353516,False,NVIDIA_GeForce_RTX_5070,12,
regnety_160,128,32,fp32,83.99040222167969,False,NVIDIA_GeForce_RTX_5070,12,
regnety_160,128,64,bf16,117.7204818725586,False,NVIDIA_GeForce_RTX_5070,12,
regnety_160,128,64,fp16,108.80486297607422,False,NVIDIA_GeForce_RTX_5070,12,
regnety_160,128,64,fp32,151.1139678955078,False,NVIDIA_GeForce_RTX_5070,12,
regnety_160,224,16,bf16,79.6727523803711,False,NVIDIA_GeForce_RTX_5070,12,
regnety_160,224,16,fp16,72.58878326416016,False,NVIDIA_GeForce_RTX_5070,12,
regnety_160,224,16,fp32,120.1105728149414,False,NVIDIA_GeForce_RTX_5070,12,
regnety_160,224,32,bf16,140.8663330078125,False,NVIDIA_GeForce_RTX_5070,12,
regnety_160,224,32,fp16,127.4377899169922,False,NVIDIA_GeForce_RTX_5070,12,
regnety_160,224,32,fp32,310.2880859375,False,NVIDIA_GeForce_RTX_5070,12,
regnety_160,224,64,bf16,299.7367553710937,False,NVIDIA_GeForce_RTX_5070,12,
regnety_160,224,64,fp16,266.1025695800781,False,NVIDIA_GeForce_RTX_5070,12,
regnety_160,224,64,fp32,,True,NVIDIA_GeForce_RTX_5070,12,
regnety_320,64,16,bf16,41.68988800048828,False,NVIDIA_GeForce_RTX_5070,12,
regnety_320,64,16,fp16,40.37385559082031,False,NVIDIA_GeForce_RTX_5070,12,
regnety_320,64,16,fp32,53.220497131347656,False,NVIDIA_GeForce_RTX_5070,12,
regnety_320,64,32,bf16,59.81526565551758,False,NVIDIA_GeForce_RTX_5070,12,
regnety_320,64,32,fp16,56.64121627807617,False,NVIDIA_GeForce_RTX_5070,12,
regnety_320,64,32,fp32,66.80391693115234,False,NVIDIA_GeForce_RTX_5070,12,
regnety_320,64,64,bf16,97.56886291503906,False,NVIDIA_GeForce_RTX_5070,12,
regnety_320,64,64,fp16,90.5251007080078,False,NVIDIA_GeForce_RTX_5070,12,
regnety_320,64,64,fp32,104.23809814453124,False,NVIDIA_GeForce_RTX_5070,12,
regnety_320,128,16,bf16,55.30782318115234,False,NVIDIA_GeForce_RTX_5070,12,
regnety_320,128,16,fp16,52.92668914794922,False,NVIDIA_GeForce_RTX_5070,12,
regnety_320,128,16,fp32,79.13446044921875,False,NVIDIA_GeForce_RTX_5070,12,
regnety_320,128,32,bf16,93.4679718017578,False,NVIDIA_GeForce_RTX_5070,12,
regnety_320,128,32,fp16,88.81632232666016,False,NVIDIA_GeForce_RTX_5070,12,
regnety_320,128,32,fp32,130.43601989746094,False,NVIDIA_GeForce_RTX_5070,12,
regnety_320,128,64,bf16,169.64471435546875,False,NVIDIA_GeForce_RTX_5070,12,
regnety_320,128,64,fp16,162.67529296875,False,NVIDIA_GeForce_RTX_5070,12,
regnety_320,128,64,fp32,388.2969970703125,False,NVIDIA_GeForce_RTX_5070,12,
regnety_320,224,16,bf16,118.71331024169922,False,NVIDIA_GeForce_RTX_5070,12,
regnety_320,224,16,fp16,113.9363021850586,False,NVIDIA_GeForce_RTX_5070,12,
regnety_320,224,16,fp32,201.49380493164065,False,NVIDIA_GeForce_RTX_5070,12,
regnety_320,224,32,bf16,216.45399475097656,False,NVIDIA_GeForce_RTX_5070,12,
regnety_320,224,32,fp16,207.1052703857422,False,NVIDIA_GeForce_RTX_5070,12,
regnety_320,224,32,fp32,,True,NVIDIA_GeForce_RTX_5070,12,
regnety_320,224,64,bf16,,True,NVIDIA_GeForce_RTX_5070,12,
regnety_320,224,64,fp16,,True,NVIDIA_GeForce_RTX_5070,12,
regnety_320,224,64,fp32,,True,NVIDIA_GeForce_RTX_5070,12,
repvgg_a2,64,16,bf16,6.667232036590576,False,NVIDIA_GeForce_RTX_5070,12,
repvgg_a2,64,16,fp16,6.383903980255127,False,NVIDIA_GeForce_RTX_5070,12,
repvgg_a2,64,16,fp32,8.875727653503418,False,NVIDIA_GeForce_RTX_5070,12,
repvgg_a2,64,32,bf16,8.084431648254395,False,NVIDIA_GeForce_RTX_5070,12,
repvgg_a2,64,32,fp16,7.526000022888184,False,NVIDIA_GeForce_RTX_5070,12,
repvgg_a2,64,32,fp32,12.72049617767334,False,NVIDIA_GeForce_RTX_5070,12,
repvgg_a2,64,64,bf16,11.214559555053713,False,NVIDIA_GeForce_RTX_5070,12,
repvgg_a2,64,64,fp16,10.06174373626709,False,NVIDIA_GeForce_RTX_5070,12,
repvgg_a2,64,64,fp32,18.28932762145996,False,NVIDIA_GeForce_RTX_5070,12,
repvgg_a2,128,16,bf16,9.964927673339844,False,NVIDIA_GeForce_RTX_5070,12,
repvgg_a2,128,16,fp16,9.267359733581545,False,NVIDIA_GeForce_RTX_5070,12,
repvgg_a2,128,16,fp32,14.16057586669922,False,NVIDIA_GeForce_RTX_5070,12,
repvgg_a2,128,32,bf16,15.238991737365724,False,NVIDIA_GeForce_RTX_5070,12,
repvgg_a2,128,32,fp16,13.94489574432373,False,NVIDIA_GeForce_RTX_5070,12,
repvgg_a2,128,32,fp32,22.914560317993164,False,NVIDIA_GeForce_RTX_5070,12,
repvgg_a2,128,64,bf16,26.927040100097656,False,NVIDIA_GeForce_RTX_5070,12,
repvgg_a2,128,64,fp16,24.46883201599121,False,NVIDIA_GeForce_RTX_5070,12,
repvgg_a2,128,64,fp32,43.253456115722656,False,NVIDIA_GeForce_RTX_5070,12,
repvgg_a2,224,16,bf16,22.66118431091309,False,NVIDIA_GeForce_RTX_5070,12,
repvgg_a2,224,16,fp16,20.40851211547852,False,NVIDIA_GeForce_RTX_5070,12,
repvgg_a2,224,16,fp32,33.1435661315918,False,NVIDIA_GeForce_RTX_5070,12,
repvgg_a2,224,32,bf16,40.38687896728516,False,NVIDIA_GeForce_RTX_5070,12,
repvgg_a2,224,32,fp16,36.527679443359375,False,NVIDIA_GeForce_RTX_5070,12,
repvgg_a2,224,32,fp32,65.63190460205078,False,NVIDIA_GeForce_RTX_5070,12,
repvgg_a2,224,64,bf16,79.88225555419922,False,NVIDIA_GeForce_RTX_5070,12,
repvgg_a2,224,64,fp16,73.58503723144531,False,NVIDIA_GeForce_RTX_5070,12,
repvgg_a2,224,64,fp32,132.5032501220703,False,NVIDIA_GeForce_RTX_5070,12,
resmlp_24_224,64,16,bf16,7.146111965179443,False,NVIDIA_GeForce_RTX_5070,12,
resmlp_24_224,64,16,fp16,7.079023838043213,False,NVIDIA_GeForce_RTX_5070,12,
resmlp_24_224,64,16,fp32,9.936944007873535,False,NVIDIA_GeForce_RTX_5070,12,
resmlp_24_224,64,32,bf16,8.561504364013672,False,NVIDIA_GeForce_RTX_5070,12,
resmlp_24_224,64,32,fp16,8.506447792053223,False,NVIDIA_GeForce_RTX_5070,12,
resmlp_24_224,64,32,fp32,13.764896392822266,False,NVIDIA_GeForce_RTX_5070,12,
resmlp_24_224,64,64,bf16,10.754688262939451,False,NVIDIA_GeForce_RTX_5070,12,
resmlp_24_224,64,64,fp16,10.625760078430176,False,NVIDIA_GeForce_RTX_5070,12,
resmlp_24_224,64,64,fp32,19.19351959228516,False,NVIDIA_GeForce_RTX_5070,12,
resmlp_24_224,128,16,bf16,11.042143821716309,False,NVIDIA_GeForce_RTX_5070,12,
resmlp_24_224,128,16,fp16,10.947983741760254,False,NVIDIA_GeForce_RTX_5070,12,
resmlp_24_224,128,16,fp32,18.013263702392578,False,NVIDIA_GeForce_RTX_5070,12,
resmlp_24_224,128,32,bf16,16.218320846557617,False,NVIDIA_GeForce_RTX_5070,12,
resmlp_24_224,128,32,fp16,16.147151947021484,False,NVIDIA_GeForce_RTX_5070,12,
resmlp_24_224,128,32,fp32,29.61280059814453,False,NVIDIA_GeForce_RTX_5070,12,
resmlp_24_224,128,64,bf16,27.48726463317871,False,NVIDIA_GeForce_RTX_5070,12,
resmlp_24_224,128,64,fp16,27.330671310424805,False,NVIDIA_GeForce_RTX_5070,12,
resmlp_24_224,128,64,fp32,54.06491088867188,False,NVIDIA_GeForce_RTX_5070,12,
resmlp_24_224,224,16,bf16,23.58401679992676,False,NVIDIA_GeForce_RTX_5070,12,
resmlp_24_224,224,16,fp16,23.58460807800293,False,NVIDIA_GeForce_RTX_5070,12,
resmlp_24_224,224,16,fp32,47.65399932861328,False,NVIDIA_GeForce_RTX_5070,12,
resmlp_24_224,224,32,bf16,41.590110778808594,False,NVIDIA_GeForce_RTX_5070,12,
resmlp_24_224,224,32,fp16,41.57027053833008,False,NVIDIA_GeForce_RTX_5070,12,
resmlp_24_224,224,32,fp32,91.59960174560548,False,NVIDIA_GeForce_RTX_5070,12,
resmlp_24_224,224,64,bf16,84.58668518066406,False,NVIDIA_GeForce_RTX_5070,12,
resmlp_24_224,224,64,fp16,84.66219329833984,False,NVIDIA_GeForce_RTX_5070,12,
resmlp_24_224,224,64,fp32,187.5218505859375,False,NVIDIA_GeForce_RTX_5070,12,
resnet101,64,16,bf16,12.40441608428955,False,NVIDIA_GeForce_RTX_5070,12,
resnet101,64,16,fp16,11.408880233764648,False,NVIDIA_GeForce_RTX_5070,12,
resnet101,64,16,fp32,18.069215774536133,False,NVIDIA_GeForce_RTX_5070,12,
resnet101,64,32,bf16,16.28838348388672,False,NVIDIA_GeForce_RTX_5070,12,
resnet101,64,32,fp16,14.44700813293457,False,NVIDIA_GeForce_RTX_5070,12,
resnet101,64,32,fp32,23.66617584228516,False,NVIDIA_GeForce_RTX_5070,12,
resnet101,64,64,bf16,28.115568161010746,False,NVIDIA_GeForce_RTX_5070,12,
resnet101,64,64,fp16,24.3090877532959,False,NVIDIA_GeForce_RTX_5070,12,
resnet101,64,64,fp32,41.92728042602539,False,NVIDIA_GeForce_RTX_5070,12,
resnet101,128,16,bf16,18.9925594329834,False,NVIDIA_GeForce_RTX_5070,12,
resnet101,128,16,fp16,15.757216453552246,False,NVIDIA_GeForce_RTX_5070,12,
resnet101,128,16,fp32,24.79852867126465,False,NVIDIA_GeForce_RTX_5070,12,
resnet101,128,32,bf16,28.77424049377441,False,NVIDIA_GeForce_RTX_5070,12,
resnet101,128,32,fp16,23.751968383789062,False,NVIDIA_GeForce_RTX_5070,12,
resnet101,128,32,fp32,39.78425598144531,False,NVIDIA_GeForce_RTX_5070,12,
resnet101,128,64,bf16,53.853118896484375,False,NVIDIA_GeForce_RTX_5070,12,
resnet101,128,64,fp16,45.74342346191406,False,NVIDIA_GeForce_RTX_5070,12,
resnet101,128,64,fp32,79.94760131835938,False,NVIDIA_GeForce_RTX_5070,12,
resnet101,224,16,bf16,37.14632034301758,False,NVIDIA_GeForce_RTX_5070,12,
resnet101,224,16,fp16,32.907135009765625,False,NVIDIA_GeForce_RTX_5070,12,
resnet101,224,16,fp32,55.40011215209961,False,NVIDIA_GeForce_RTX_5070,12,
resnet101,224,32,bf16,69.12726593017578,False,NVIDIA_GeForce_RTX_5070,12,
resnet101,224,32,fp16,60.70412826538086,False,NVIDIA_GeForce_RTX_5070,12,
resnet101,224,32,fp32,108.44691467285156,False,NVIDIA_GeForce_RTX_5070,12,
resnet101,224,64,bf16,136.77621459960938,False,NVIDIA_GeForce_RTX_5070,12,
resnet101,224,64,fp16,122.197021484375,False,NVIDIA_GeForce_RTX_5070,12,
resnet101,224,64,fp32,354.98358154296875,False,NVIDIA_GeForce_RTX_5070,12,
resnet152,64,16,bf16,17.66254425048828,False,NVIDIA_GeForce_RTX_5070,12,
resnet152,64,16,fp16,16.270736694335938,False,NVIDIA_GeForce_RTX_5070,12,
resnet152,64,16,fp32,25.55742454528809,False,NVIDIA_GeForce_RTX_5070,12,
resnet152,64,32,bf16,23.349584579467773,False,NVIDIA_GeForce_RTX_5070,12,
resnet152,64,32,fp16,20.711376190185547,False,NVIDIA_GeForce_RTX_5070,12,
resnet152,64,32,fp32,32.397056579589844,False,NVIDIA_GeForce_RTX_5070,12,
resnet152,64,64,bf16,41.05449676513672,False,NVIDIA_GeForce_RTX_5070,12,
resnet152,64,64,fp16,35.60281753540039,False,NVIDIA_GeForce_RTX_5070,12,
resnet152,64,64,fp32,59.70719909667969,False,NVIDIA_GeForce_RTX_5070,12,
resnet152,128,16,bf16,27.342479705810547,False,NVIDIA_GeForce_RTX_5070,12,
resnet152,128,16,fp16,22.49592018127441,False,NVIDIA_GeForce_RTX_5070,12,
resnet152,128,16,fp32,34.89067077636719,False,NVIDIA_GeForce_RTX_5070,12,
resnet152,128,32,bf16,41.59873580932617,False,NVIDIA_GeForce_RTX_5070,12,
resnet152,128,32,fp16,34.09571075439453,False,NVIDIA_GeForce_RTX_5070,12,
resnet152,128,32,fp32,54.953392028808594,False,NVIDIA_GeForce_RTX_5070,12,
resnet152,128,64,bf16,77.44497680664062,False,NVIDIA_GeForce_RTX_5070,12,
resnet152,128,64,fp16,65.27196502685547,False,NVIDIA_GeForce_RTX_5070,12,
resnet152,128,64,fp32,111.52598571777344,False,NVIDIA_GeForce_RTX_5070,12,
resnet152,224,16,bf16,52.84635162353516,False,NVIDIA_GeForce_RTX_5070,12,
resnet152,224,16,fp16,46.464622497558594,False,NVIDIA_GeForce_RTX_5070,12,
resnet152,224,16,fp32,76.95780944824219,False,NVIDIA_GeForce_RTX_5070,12,
resnet152,224,32,bf16,96.60334777832033,False,NVIDIA_GeForce_RTX_5070,12,
resnet152,224,32,fp16,84.52648162841797,False,NVIDIA_GeForce_RTX_5070,12,
resnet152,224,32,fp32,151.00485229492188,False,NVIDIA_GeForce_RTX_5070,12,
resnet152,224,64,bf16,191.8387451171875,False,NVIDIA_GeForce_RTX_5070,12,
resnet152,224,64,fp16,170.79718017578125,False,NVIDIA_GeForce_RTX_5070,12,
resnet152,224,64,fp32,,True,NVIDIA_GeForce_RTX_5070,12,
resnet18,64,16,bf16,2.7562880516052246,False,NVIDIA_GeForce_RTX_5070,12,
resnet18,64,16,fp16,2.647887945175171,False,NVIDIA_GeForce_RTX_5070,12,
resnet18,64,16,fp32,4.262271881103516,False,NVIDIA_GeForce_RTX_5070,12,
resnet18,64,32,bf16,3.1980960369110107,False,NVIDIA_GeForce_RTX_5070,12,
resnet18,64,32,fp16,2.996799945831299,False,NVIDIA_GeForce_RTX_5070,12,
resnet18,64,32,fp32,5.993919849395752,False,NVIDIA_GeForce_RTX_5070,12,
resnet18,64,64,bf16,4.274703979492188,False,NVIDIA_GeForce_RTX_5070,12,
resnet18,64,64,fp16,3.913120031356812,False,NVIDIA_GeForce_RTX_5070,12,
resnet18,64,64,fp32,9.639504432678224,False,NVIDIA_GeForce_RTX_5070,12,
resnet18,128,16,bf16,4.026959896087647,False,NVIDIA_GeForce_RTX_5070,12,
resnet18,128,16,fp16,3.806432008743286,False,NVIDIA_GeForce_RTX_5070,12,
resnet18,128,16,fp32,5.83955192565918,False,NVIDIA_GeForce_RTX_5070,12,
resnet18,128,32,bf16,6.506527900695801,False,NVIDIA_GeForce_RTX_5070,12,
resnet18,128,32,fp16,6.116415977478027,False,NVIDIA_GeForce_RTX_5070,12,
resnet18,128,32,fp32,8.169376373291016,False,NVIDIA_GeForce_RTX_5070,12,
resnet18,128,64,bf16,10.1725435256958,False,NVIDIA_GeForce_RTX_5070,12,
resnet18,128,64,fp16,9.564000129699709,False,NVIDIA_GeForce_RTX_5070,12,
resnet18,128,64,fp32,16.917312622070312,False,NVIDIA_GeForce_RTX_5070,12,
resnet18,224,16,bf16,8.44974422454834,False,NVIDIA_GeForce_RTX_5070,12,
resnet18,224,16,fp16,8.035264015197754,False,NVIDIA_GeForce_RTX_5070,12,
resnet18,224,16,fp32,11.8013916015625,False,NVIDIA_GeForce_RTX_5070,12,
resnet18,224,32,bf16,15.334431648254396,False,NVIDIA_GeForce_RTX_5070,12,
resnet18,224,32,fp16,14.483599662780762,False,NVIDIA_GeForce_RTX_5070,12,
resnet18,224,32,fp32,22.82817649841309,False,NVIDIA_GeForce_RTX_5070,12,
resnet18,224,64,bf16,29.668991088867188,False,NVIDIA_GeForce_RTX_5070,12,
resnet18,224,64,fp16,28.09601593017578,False,NVIDIA_GeForce_RTX_5070,12,
resnet18,224,64,fp32,49.51240158081055,False,NVIDIA_GeForce_RTX_5070,12,
resnet200,64,16,bf16,20.874719619750977,False,NVIDIA_GeForce_RTX_5070,12,
resnet200,64,16,fp16,19.07438468933105,False,NVIDIA_GeForce_RTX_5070,12,
resnet200,64,16,fp32,29.15590476989746,False,NVIDIA_GeForce_RTX_5070,12,
resnet200,64,32,bf16,27.88302421569824,False,NVIDIA_GeForce_RTX_5070,12,
resnet200,64,32,fp16,24.52134323120117,False,NVIDIA_GeForce_RTX_5070,12,
resnet200,64,32,fp32,38.28228759765625,False,NVIDIA_GeForce_RTX_5070,12,
resnet200,64,64,bf16,48.055137634277344,False,NVIDIA_GeForce_RTX_5070,12,
resnet200,64,64,fp16,41.16144180297852,False,NVIDIA_GeForce_RTX_5070,12,
resnet200,64,64,fp32,69.06547546386719,False,NVIDIA_GeForce_RTX_5070,12,
resnet200,128,16,bf16,33.66142272949219,False,NVIDIA_GeForce_RTX_5070,12,
resnet200,128,16,fp16,27.38390350341797,False,NVIDIA_GeForce_RTX_5070,12,
resnet200,128,16,fp32,42.62879943847656,False,NVIDIA_GeForce_RTX_5070,12,
resnet200,128,32,bf16,54.83643341064453,False,NVIDIA_GeForce_RTX_5070,12,
resnet200,128,32,fp16,44.21720123291016,False,NVIDIA_GeForce_RTX_5070,12,
resnet200,128,32,fp32,68.8344497680664,False,NVIDIA_GeForce_RTX_5070,12,
resnet200,128,64,bf16,98.30142211914062,False,NVIDIA_GeForce_RTX_5070,12,
resnet200,128,64,fp16,80.74894714355469,False,NVIDIA_GeForce_RTX_5070,12,
resnet200,128,64,fp32,142.49136352539062,False,NVIDIA_GeForce_RTX_5070,12,
resnet200,224,16,bf16,70.48912048339844,False,NVIDIA_GeForce_RTX_5070,12,
resnet200,224,16,fp16,58.66307067871094,False,NVIDIA_GeForce_RTX_5070,12,
resnet200,224,16,fp32,99.46630096435548,False,NVIDIA_GeForce_RTX_5070,12,
resnet200,224,32,bf16,127.96190643310548,False,NVIDIA_GeForce_RTX_5070,12,
resnet200,224,32,fp16,108.15569305419922,False,NVIDIA_GeForce_RTX_5070,12,
resnet200,224,32,fp32,1605.27490234375,False,NVIDIA_GeForce_RTX_5070,12,precision_artifact
resnet200,224,64,bf16,263.7059020996094,False,NVIDIA_GeForce_RTX_5070,12,
resnet200,224,64,fp16,230.40089416503903,False,NVIDIA_GeForce_RTX_5070,12,
resnet200,224,64,fp32,,True,NVIDIA_GeForce_RTX_5070,12,
resnet50,64,16,bf16,6.598383903503418,False,NVIDIA_GeForce_RTX_5070,12,
resnet50,64,16,fp16,5.988368034362793,False,NVIDIA_GeForce_RTX_5070,12,
resnet50,64,16,fp32,9.582752227783203,False,NVIDIA_GeForce_RTX_5070,12,
resnet50,64,32,bf16,8.515456199645996,False,NVIDIA_GeForce_RTX_5070,12,
resnet50,64,32,fp16,7.411424160003662,False,NVIDIA_GeForce_RTX_5070,12,
resnet50,64,32,fp32,14.158255577087402,False,NVIDIA_GeForce_RTX_5070,12,
resnet50,64,64,bf16,13.597455978393556,False,NVIDIA_GeForce_RTX_5070,12,
resnet50,64,64,fp16,11.356863975524902,False,NVIDIA_GeForce_RTX_5070,12,
resnet50,64,64,fp32,21.867504119873047,False,NVIDIA_GeForce_RTX_5070,12,
resnet50,128,16,bf16,10.206607818603516,False,NVIDIA_GeForce_RTX_5070,12,
resnet50,128,16,fp16,8.564736366271973,False,NVIDIA_GeForce_RTX_5070,12,
resnet50,128,16,fp32,14.16928005218506,False,NVIDIA_GeForce_RTX_5070,12,
resnet50,128,32,bf16,16.31220817565918,False,NVIDIA_GeForce_RTX_5070,12,
resnet50,128,32,fp16,13.56544017791748,False,NVIDIA_GeForce_RTX_5070,12,
resnet50,128,32,fp32,24.51160049438477,False,NVIDIA_GeForce_RTX_5070,12,
resnet50,128,64,bf16,29.728639602661133,False,NVIDIA_GeForce_RTX_5070,12,
resnet50,128,64,fp16,25.187360763549805,False,NVIDIA_GeForce_RTX_5070,12,
resnet50,128,64,fp32,48.88891220092773,False,NVIDIA_GeForce_RTX_5070,12,
resnet50,224,16,bf16,22.404239654541016,False,NVIDIA_GeForce_RTX_5070,12,
resnet50,224,16,fp16,19.05824089050293,False,NVIDIA_GeForce_RTX_5070,12,
resnet50,224,16,fp32,34.55855941772461,False,NVIDIA_GeForce_RTX_5070,12,
resnet50,224,32,bf16,43.37163162231445,False,NVIDIA_GeForce_RTX_5070,12,
resnet50,224,32,fp16,37.49252700805664,False,NVIDIA_GeForce_RTX_5070,12,
resnet50,224,32,fp32,69.56348419189453,False,NVIDIA_GeForce_RTX_5070,12,
resnet50,224,64,bf16,88.11246490478516,False,NVIDIA_GeForce_RTX_5070,12,
resnet50,224,64,fp16,78.24944305419922,False,NVIDIA_GeForce_RTX_5070,12,
resnet50,224,64,fp32,146.5681610107422,False,NVIDIA_GeForce_RTX_5070,12,
resnext101_64x4d,64,16,bf16,27.85385513305664,False,NVIDIA_GeForce_RTX_5070,12,
resnext101_64x4d,64,16,fp16,25.152143478393555,False,NVIDIA_GeForce_RTX_5070,12,
resnext101_64x4d,64,16,fp32,52.15827178955078,False,NVIDIA_GeForce_RTX_5070,12,
resnext101_64x4d,64,32,bf16,46.2761116027832,False,NVIDIA_GeForce_RTX_5070,12,
resnext101_64x4d,64,32,fp16,40.0633430480957,False,NVIDIA_GeForce_RTX_5070,12,
resnext101_64x4d,64,32,fp32,77.93418884277344,False,NVIDIA_GeForce_RTX_5070,12,
resnext101_64x4d,64,64,bf16,80.79557037353516,False,NVIDIA_GeForce_RTX_5070,12,
resnext101_64x4d,64,64,fp16,70.12322998046875,False,NVIDIA_GeForce_RTX_5070,12,
resnext101_64x4d,64,64,fp32,123.72747039794922,False,NVIDIA_GeForce_RTX_5070,12,
resnext101_64x4d,128,16,bf16,40.49211120605469,False,NVIDIA_GeForce_RTX_5070,12,
resnext101_64x4d,128,16,fp16,33.426815032958984,False,NVIDIA_GeForce_RTX_5070,12,
resnext101_64x4d,128,16,fp32,78.98177337646484,False,NVIDIA_GeForce_RTX_5070,12,
resnext101_64x4d,128,32,bf16,52.7685432434082,False,NVIDIA_GeForce_RTX_5070,12,
resnext101_64x4d,128,32,fp16,39.8185920715332,False,NVIDIA_GeForce_RTX_5070,12,
resnext101_64x4d,128,32,fp32,89.21236419677734,False,NVIDIA_GeForce_RTX_5070,12,
resnext101_64x4d,128,64,bf16,114.45043182373048,False,NVIDIA_GeForce_RTX_5070,12,
resnext101_64x4d,128,64,fp16,91.56214141845705,False,NVIDIA_GeForce_RTX_5070,12,
resnext101_64x4d,128,64,fp32,186.80506896972656,False,NVIDIA_GeForce_RTX_5070,12,
resnext101_64x4d,224,16,bf16,87.09171295166016,False,NVIDIA_GeForce_RTX_5070,12,
resnext101_64x4d,224,16,fp16,70.84446716308594,False,NVIDIA_GeForce_RTX_5070,12,
resnext101_64x4d,224,16,fp32,135.01358032226562,False,NVIDIA_GeForce_RTX_5070,12,
resnext101_64x4d,224,32,bf16,148.70013427734375,False,NVIDIA_GeForce_RTX_5070,12,
resnext101_64x4d,224,32,fp16,124.34918212890624,False,NVIDIA_GeForce_RTX_5070,12,
resnext101_64x4d,224,32,fp32,261.1899108886719,False,NVIDIA_GeForce_RTX_5070,12,
resnext101_64x4d,224,64,bf16,294.1698913574219,False,NVIDIA_GeForce_RTX_5070,12,
resnext101_64x4d,224,64,fp16,256.9539489746094,False,NVIDIA_GeForce_RTX_5070,12,
resnext101_64x4d,224,64,fp32,,True,NVIDIA_GeForce_RTX_5070,12,
resnext50_32x4d,64,16,bf16,7.421599864959717,False,NVIDIA_GeForce_RTX_5070,12,
resnext50_32x4d,64,16,fp16,6.60913610458374,False,NVIDIA_GeForce_RTX_5070,12,
resnext50_32x4d,64,16,fp32,14.309439659118652,False,NVIDIA_GeForce_RTX_5070,12,
resnext50_32x4d,64,32,bf16,11.038368225097656,False,NVIDIA_GeForce_RTX_5070,12,
resnext50_32x4d,64,32,fp16,9.207152366638184,False,NVIDIA_GeForce_RTX_5070,12,
resnext50_32x4d,64,32,fp32,20.55563163757324,False,NVIDIA_GeForce_RTX_5070,12,
resnext50_32x4d,64,64,bf16,18.763551712036133,False,NVIDIA_GeForce_RTX_5070,12,
resnext50_32x4d,64,64,fp16,15.044032096862791,False,NVIDIA_GeForce_RTX_5070,12,
resnext50_32x4d,64,64,fp32,33.5689582824707,False,NVIDIA_GeForce_RTX_5070,12,
resnext50_32x4d,128,16,bf16,12.951807975769045,False,NVIDIA_GeForce_RTX_5070,12,
resnext50_32x4d,128,16,fp16,9.850079536437988,False,NVIDIA_GeForce_RTX_5070,12,
resnext50_32x4d,128,16,fp32,23.816368103027344,False,NVIDIA_GeForce_RTX_5070,12,
resnext50_32x4d,128,32,bf16,20.175024032592773,False,NVIDIA_GeForce_RTX_5070,12,
resnext50_32x4d,128,32,fp16,15.213279724121094,False,NVIDIA_GeForce_RTX_5070,12,
resnext50_32x4d,128,32,fp32,34.138641357421875,False,NVIDIA_GeForce_RTX_5070,12,
resnext50_32x4d,128,64,bf16,40.500526428222656,False,NVIDIA_GeForce_RTX_5070,12,
resnext50_32x4d,128,64,fp16,31.58668708801269,False,NVIDIA_GeForce_RTX_5070,12,
resnext50_32x4d,128,64,fp32,65.28119659423828,False,NVIDIA_GeForce_RTX_5070,12,
resnext50_32x4d,224,16,bf16,29.724384307861328,False,NVIDIA_GeForce_RTX_5070,12,
resnext50_32x4d,224,16,fp16,22.896160125732425,False,NVIDIA_GeForce_RTX_5070,12,
resnext50_32x4d,224,16,fp32,48.216190338134766,False,NVIDIA_GeForce_RTX_5070,12,
resnext50_32x4d,224,32,bf16,57.20608139038086,False,NVIDIA_GeForce_RTX_5070,12,
resnext50_32x4d,224,32,fp16,45.49140930175781,False,NVIDIA_GeForce_RTX_5070,12,
resnext50_32x4d,224,32,fp32,96.39268493652344,False,NVIDIA_GeForce_RTX_5070,12,
resnext50_32x4d,224,64,bf16,116.58139038085938,False,NVIDIA_GeForce_RTX_5070,12,
resnext50_32x4d,224,64,fp16,96.7060317993164,False,NVIDIA_GeForce_RTX_5070,12,
resnext50_32x4d,224,64,fp32,195.04083251953125,False,NVIDIA_GeForce_RTX_5070,12,
swin_base_patch4_window7_224,64,16,bf16,16.174911499023438,False,NVIDIA_GeForce_RTX_5070,12,
swin_base_patch4_window7_224,64,16,fp16,15.79145622253418,False,NVIDIA_GeForce_RTX_5070,12,
swin_base_patch4_window7_224,64,16,fp32,21.864416122436523,False,NVIDIA_GeForce_RTX_5070,12,
swin_base_patch4_window7_224,64,32,bf16,20.41092872619629,False,NVIDIA_GeForce_RTX_5070,12,
swin_base_patch4_window7_224,64,32,fp16,19.95944023132324,False,NVIDIA_GeForce_RTX_5070,12,
swin_base_patch4_window7_224,64,32,fp32,30.77382469177246,False,NVIDIA_GeForce_RTX_5070,12,
swin_base_patch4_window7_224,64,64,bf16,28.26881599426269,False,NVIDIA_GeForce_RTX_5070,12,
swin_base_patch4_window7_224,64,64,fp16,27.74713516235352,False,NVIDIA_GeForce_RTX_5070,12,
swin_base_patch4_window7_224,64,64,fp32,50.44260787963867,False,NVIDIA_GeForce_RTX_5070,12,
swin_base_patch4_window7_224,128,16,bf16,37.23273468017578,False,NVIDIA_GeForce_RTX_5070,12,
swin_base_patch4_window7_224,128,16,fp16,36.31006240844727,False,NVIDIA_GeForce_RTX_5070,12,
swin_base_patch4_window7_224,128,16,fp32,66.55598449707031,False,NVIDIA_GeForce_RTX_5070,12,
swin_base_patch4_window7_224,128,32,bf16,63.93600082397461,False,NVIDIA_GeForce_RTX_5070,12,
swin_base_patch4_window7_224,128,32,fp16,62.148048400878906,False,NVIDIA_GeForce_RTX_5070,12,
swin_base_patch4_window7_224,128,32,fp32,125.29582214355467,False,NVIDIA_GeForce_RTX_5070,12,
swin_base_patch4_window7_224,128,64,bf16,130.9310302734375,False,NVIDIA_GeForce_RTX_5070,12,
swin_base_patch4_window7_224,128,64,fp16,127.76776123046876,False,NVIDIA_GeForce_RTX_5070,12,
swin_base_patch4_window7_224,128,64,fp32,257.4958801269531,False,NVIDIA_GeForce_RTX_5070,12,
swin_base_patch4_window7_224,224,16,bf16,61.705055236816406,False,NVIDIA_GeForce_RTX_5070,12,
swin_base_patch4_window7_224,224,16,fp16,60.52603149414063,False,NVIDIA_GeForce_RTX_5070,12,
swin_base_patch4_window7_224,224,16,fp32,124.3253402709961,False,NVIDIA_GeForce_RTX_5070,12,
swin_base_patch4_window7_224,224,32,bf16,118.79209899902344,False,NVIDIA_GeForce_RTX_5070,12,
swin_base_patch4_window7_224,224,32,fp16,116.89385223388672,False,NVIDIA_GeForce_RTX_5070,12,
swin_base_patch4_window7_224,224,32,fp32,243.71487426757807,False,NVIDIA_GeForce_RTX_5070,12,
swin_base_patch4_window7_224,224,64,bf16,,True,NVIDIA_GeForce_RTX_5070,12,
swin_base_patch4_window7_224,224,64,fp16,,True,NVIDIA_GeForce_RTX_5070,12,
swin_base_patch4_window7_224,224,64,fp32,,True,NVIDIA_GeForce_RTX_5070,12,
swin_tiny_patch4_window7_224,64,16,bf16,6.878191947937012,False,NVIDIA_GeForce_RTX_5070,12,
swin_tiny_patch4_window7_224,64,16,fp16,6.666304111480713,False,NVIDIA_GeForce_RTX_5070,12,
swin_tiny_patch4_window7_224,64,16,fp32,9.2608642578125,False,NVIDIA_GeForce_RTX_5070,12,
swin_tiny_patch4_window7_224,64,32,bf16,8.992287635803223,False,NVIDIA_GeForce_RTX_5070,12,
swin_tiny_patch4_window7_224,64,32,fp16,8.683343887329102,False,NVIDIA_GeForce_RTX_5070,12,
swin_tiny_patch4_window7_224,64,32,fp32,13.272239685058594,False,NVIDIA_GeForce_RTX_5070,12,
swin_tiny_patch4_window7_224,64,64,bf16,12.875616073608398,False,NVIDIA_GeForce_RTX_5070,12,
swin_tiny_patch4_window7_224,64,64,fp16,12.460016250610352,False,NVIDIA_GeForce_RTX_5070,12,
swin_tiny_patch4_window7_224,64,64,fp32,21.129199981689453,False,NVIDIA_GeForce_RTX_5070,12,
swin_tiny_patch4_window7_224,128,16,bf16,13.95524787902832,False,NVIDIA_GeForce_RTX_5070,12,
swin_tiny_patch4_window7_224,128,16,fp16,13.5863676071167,False,NVIDIA_GeForce_RTX_5070,12,
swin_tiny_patch4_window7_224,128,16,fp32,22.36257553100586,False,NVIDIA_GeForce_RTX_5070,12,
swin_tiny_patch4_window7_224,128,32,bf16,23.39143943786621,False,NVIDIA_GeForce_RTX_5070,12,
swin_tiny_patch4_window7_224,128,32,fp16,22.68302345275879,False,NVIDIA_GeForce_RTX_5070,12,
swin_tiny_patch4_window7_224,128,32,fp32,41.63288116455078,False,NVIDIA_GeForce_RTX_5070,12,
swin_tiny_patch4_window7_224,128,64,bf16,46.21278381347656,False,NVIDIA_GeForce_RTX_5070,12,
swin_tiny_patch4_window7_224,128,64,fp16,44.97911834716797,False,NVIDIA_GeForce_RTX_5070,12,
swin_tiny_patch4_window7_224,128,64,fp32,84.68539428710938,False,NVIDIA_GeForce_RTX_5070,12,
swin_tiny_patch4_window7_224,224,16,bf16,25.838064193725582,False,NVIDIA_GeForce_RTX_5070,12,
swin_tiny_patch4_window7_224,224,16,fp16,25.239744186401367,False,NVIDIA_GeForce_RTX_5070,12,
swin_tiny_patch4_window7_224,224,16,fp32,46.934417724609375,False,NVIDIA_GeForce_RTX_5070,12,
swin_tiny_patch4_window7_224,224,32,bf16,51.0743522644043,False,NVIDIA_GeForce_RTX_5070,12,
swin_tiny_patch4_window7_224,224,32,fp16,50.027713775634766,False,NVIDIA_GeForce_RTX_5070,12,
swin_tiny_patch4_window7_224,224,32,fp32,93.47026824951172,False,NVIDIA_GeForce_RTX_5070,12,
swin_tiny_patch4_window7_224,224,64,bf16,105.90150451660156,False,NVIDIA_GeForce_RTX_5070,12,
swin_tiny_patch4_window7_224,224,64,fp16,104.59737396240234,False,NVIDIA_GeForce_RTX_5070,12,
swin_tiny_patch4_window7_224,224,64,fp32,189.84439086914065,False,NVIDIA_GeForce_RTX_5070,12,
swinv2_cr_tiny_ns_224,64,16,bf16,7.797935962677002,False,NVIDIA_GeForce_RTX_5070,12,
swinv2_cr_tiny_ns_224,64,16,fp16,7.63427209854126,False,NVIDIA_GeForce_RTX_5070,12,
swinv2_cr_tiny_ns_224,64,16,fp32,9.722399711608888,False,NVIDIA_GeForce_RTX_5070,12,
swinv2_cr_tiny_ns_224,64,32,bf16,9.872127532958984,False,NVIDIA_GeForce_RTX_5070,12,
swinv2_cr_tiny_ns_224,64,32,fp16,9.576224327087402,False,NVIDIA_GeForce_RTX_5070,12,
swinv2_cr_tiny_ns_224,64,32,fp32,13.600576400756836,False,NVIDIA_GeForce_RTX_5070,12,
swinv2_cr_tiny_ns_224,64,64,bf16,13.664416313171388,False,NVIDIA_GeForce_RTX_5070,12,
swinv2_cr_tiny_ns_224,64,64,fp16,13.27171230316162,False,NVIDIA_GeForce_RTX_5070,12,
swinv2_cr_tiny_ns_224,64,64,fp32,20.83665657043457,False,NVIDIA_GeForce_RTX_5070,12,
swinv2_cr_tiny_ns_224,128,16,bf16,13.083984375,False,NVIDIA_GeForce_RTX_5070,12,
swinv2_cr_tiny_ns_224,128,16,fp16,12.908464431762695,False,NVIDIA_GeForce_RTX_5070,12,
swinv2_cr_tiny_ns_224,128,16,fp32,20.279808044433597,False,NVIDIA_GeForce_RTX_5070,12,
swinv2_cr_tiny_ns_224,128,32,bf16,20.79684829711914,False,NVIDIA_GeForce_RTX_5070,12,
swinv2_cr_tiny_ns_224,128,32,fp16,20.607759475708008,False,NVIDIA_GeForce_RTX_5070,12,
swinv2_cr_tiny_ns_224,128,32,fp32,35.194366455078125,False,NVIDIA_GeForce_RTX_5070,12,
swinv2_cr_tiny_ns_224,128,64,bf16,38.57068634033203,False,NVIDIA_GeForce_RTX_5070,12,
swinv2_cr_tiny_ns_224,128,64,fp16,38.44492721557617,False,NVIDIA_GeForce_RTX_5070,12,
swinv2_cr_tiny_ns_224,128,64,fp32,68.01209259033203,False,NVIDIA_GeForce_RTX_5070,12,
swinv2_cr_tiny_ns_224,224,16,bf16,34.324127197265625,False,NVIDIA_GeForce_RTX_5070,12,
swinv2_cr_tiny_ns_224,224,16,fp16,33.6712646484375,False,NVIDIA_GeForce_RTX_5070,12,
swinv2_cr_tiny_ns_224,224,16,fp32,54.17036819458008,False,NVIDIA_GeForce_RTX_5070,12,
swinv2_cr_tiny_ns_224,224,32,bf16,69.85399627685547,False,NVIDIA_GeForce_RTX_5070,12,
swinv2_cr_tiny_ns_224,224,32,fp16,68.65411376953125,False,NVIDIA_GeForce_RTX_5070,12,
swinv2_cr_tiny_ns_224,224,32,fp32,108.76262664794922,False,NVIDIA_GeForce_RTX_5070,12,
swinv2_cr_tiny_ns_224,224,64,bf16,148.6302947998047,False,NVIDIA_GeForce_RTX_5070,12,
swinv2_cr_tiny_ns_224,224,64,fp16,147.17567443847656,False,NVIDIA_GeForce_RTX_5070,12,
swinv2_cr_tiny_ns_224,224,64,fp32,229.1006622314453,False,NVIDIA_GeForce_RTX_5070,12,
twins_pcpvt_small,64,16,bf16,7.630688190460205,False,NVIDIA_GeForce_RTX_5070,12,
twins_pcpvt_small,64,16,fp16,7.397696018218994,False,NVIDIA_GeForce_RTX_5070,12,
twins_pcpvt_small,64,16,fp32,9.938287734985352,False,NVIDIA_GeForce_RTX_5070,12,
twins_pcpvt_small,64,32,bf16,9.26580810546875,False,NVIDIA_GeForce_RTX_5070,12,
twins_pcpvt_small,64,32,fp16,9.053775787353516,False,NVIDIA_GeForce_RTX_5070,12,
twins_pcpvt_small,64,32,fp32,13.577775955200195,False,NVIDIA_GeForce_RTX_5070,12,
twins_pcpvt_small,64,64,bf16,12.406224250793455,False,NVIDIA_GeForce_RTX_5070,12,
twins_pcpvt_small,64,64,fp16,12.188063621520996,False,NVIDIA_GeForce_RTX_5070,12,
twins_pcpvt_small,64,64,fp32,21.175392150878903,False,NVIDIA_GeForce_RTX_5070,12,
twins_pcpvt_small,128,16,bf16,11.729632377624512,False,NVIDIA_GeForce_RTX_5070,12,
twins_pcpvt_small,128,16,fp16,11.53763198852539,False,NVIDIA_GeForce_RTX_5070,12,
twins_pcpvt_small,128,16,fp32,19.00078392028809,False,NVIDIA_GeForce_RTX_5070,12,
twins_pcpvt_small,128,32,bf16,17.863792419433594,False,NVIDIA_GeForce_RTX_5070,12,
twins_pcpvt_small,128,32,fp16,17.573551177978516,False,NVIDIA_GeForce_RTX_5070,12,
twins_pcpvt_small,128,32,fp32,30.717504501342773,False,NVIDIA_GeForce_RTX_5070,12,
twins_pcpvt_small,128,64,bf16,30.254783630371094,False,NVIDIA_GeForce_RTX_5070,12,
twins_pcpvt_small,128,64,fp16,29.9968318939209,False,NVIDIA_GeForce_RTX_5070,12,
twins_pcpvt_small,128,64,fp32,56.85550308227539,False,NVIDIA_GeForce_RTX_5070,12,
twins_pcpvt_small,224,16,bf16,25.220064163208008,False,NVIDIA_GeForce_RTX_5070,12,
twins_pcpvt_small,224,16,fp16,24.905872344970703,False,NVIDIA_GeForce_RTX_5070,12,
twins_pcpvt_small,224,16,fp32,46.8082389831543,False,NVIDIA_GeForce_RTX_5070,12,
twins_pcpvt_small,224,32,bf16,44.203521728515625,False,NVIDIA_GeForce_RTX_5070,12,
twins_pcpvt_small,224,32,fp16,44.43964767456055,False,NVIDIA_GeForce_RTX_5070,12,
twins_pcpvt_small,224,32,fp32,85.03919982910156,False,NVIDIA_GeForce_RTX_5070,12,
twins_pcpvt_small,224,64,bf16,88.52764892578125,False,NVIDIA_GeForce_RTX_5070,12,
twins_pcpvt_small,224,64,fp16,88.10124969482422,False,NVIDIA_GeForce_RTX_5070,12,
twins_pcpvt_small,224,64,fp32,164.5948028564453,False,NVIDIA_GeForce_RTX_5070,12,
twins_svt_small,64,16,bf16,8.20967960357666,False,NVIDIA_GeForce_RTX_5070,12,
twins_svt_small,64,16,fp16,7.970672130584717,False,NVIDIA_GeForce_RTX_5070,12,
twins_svt_small,64,16,fp32,9.812447547912598,False,NVIDIA_GeForce_RTX_5070,12,
twins_svt_small,64,32,bf16,10.354288101196287,False,NVIDIA_GeForce_RTX_5070,12,
twins_svt_small,64,32,fp16,10.113136291503906,False,NVIDIA_GeForce_RTX_5070,12,
twins_svt_small,64,32,fp32,14.08790397644043,False,NVIDIA_GeForce_RTX_5070,12,
twins_svt_small,64,64,bf16,14.839872360229492,False,NVIDIA_GeForce_RTX_5070,12,
twins_svt_small,64,64,fp16,14.57755184173584,False,NVIDIA_GeForce_RTX_5070,12,
twins_svt_small,64,64,fp32,21.872175216674805,False,NVIDIA_GeForce_RTX_5070,12,
twins_svt_small,128,16,bf16,12.57915210723877,False,NVIDIA_GeForce_RTX_5070,12,
twins_svt_small,128,16,fp16,12.370464324951172,False,NVIDIA_GeForce_RTX_5070,12,
twins_svt_small,128,16,fp32,17.603424072265625,False,NVIDIA_GeForce_RTX_5070,12,
twins_svt_small,128,32,bf16,19.23084831237793,False,NVIDIA_GeForce_RTX_5070,12,
twins_svt_small,128,32,fp16,18.995439529418945,False,NVIDIA_GeForce_RTX_5070,12,
twins_svt_small,128,32,fp32,28.652000427246094,False,NVIDIA_GeForce_RTX_5070,12,
twins_svt_small,128,64,bf16,34.668304443359375,False,NVIDIA_GeForce_RTX_5070,12,
twins_svt_small,128,64,fp16,34.55596923828125,False,NVIDIA_GeForce_RTX_5070,12,
twins_svt_small,128,64,fp32,54.26921463012695,False,NVIDIA_GeForce_RTX_5070,12,
twins_svt_small,224,16,bf16,21.750751495361328,False,NVIDIA_GeForce_RTX_5070,12,
twins_svt_small,224,16,fp16,21.629871368408203,False,NVIDIA_GeForce_RTX_5070,12,
twins_svt_small,224,16,fp32,35.697486877441406,False,NVIDIA_GeForce_RTX_5070,12,
twins_svt_small,224,32,bf16,38.95556640625,False,NVIDIA_GeForce_RTX_5070,12,
twins_svt_small,224,32,fp16,39.08588790893555,False,NVIDIA_GeForce_RTX_5070,12,
twins_svt_small,224,32,fp32,65.99465942382812,False,NVIDIA_GeForce_RTX_5070,12,
twins_svt_small,224,64,bf16,78.77259063720703,False,NVIDIA_GeForce_RTX_5070,12,
twins_svt_small,224,64,fp16,78.48664093017578,False,NVIDIA_GeForce_RTX_5070,12,
twins_svt_small,224,64,fp32,130.9435577392578,False,NVIDIA_GeForce_RTX_5070,12,
vit_base_patch16_224,64,16,bf16,12.2051362991333,False,NVIDIA_GeForce_RTX_5070,12,
vit_base_patch16_224,64,16,fp16,12.12615966796875,False,NVIDIA_GeForce_RTX_5070,12,
vit_base_patch16_224,64,16,fp32,18.33403205871582,False,NVIDIA_GeForce_RTX_5070,12,
vit_base_patch16_224,64,32,bf16,15.158703804016112,False,NVIDIA_GeForce_RTX_5070,12,
vit_base_patch16_224,64,32,fp16,15.114704132080078,False,NVIDIA_GeForce_RTX_5070,12,
vit_base_patch16_224,64,32,fp32,26.6835994720459,False,NVIDIA_GeForce_RTX_5070,12,
vit_base_patch16_224,64,64,bf16,20.92393684387207,False,NVIDIA_GeForce_RTX_5070,12,
vit_base_patch16_224,64,64,fp16,20.81350326538086,False,NVIDIA_GeForce_RTX_5070,12,
vit_base_patch16_224,64,64,fp32,44.17686462402344,False,NVIDIA_GeForce_RTX_5070,12,
vit_base_patch16_224,128,16,bf16,19.47281646728516,False,NVIDIA_GeForce_RTX_5070,12,
vit_base_patch16_224,128,16,fp16,19.41521644592285,False,NVIDIA_GeForce_RTX_5070,12,
vit_base_patch16_224,128,16,fp32,43.73076629638672,False,NVIDIA_GeForce_RTX_5070,12,
vit_base_patch16_224,128,32,bf16,30.156879425048828,False,NVIDIA_GeForce_RTX_5070,12,
vit_base_patch16_224,128,32,fp16,30.12753677368164,False,NVIDIA_GeForce_RTX_5070,12,
vit_base_patch16_224,128,32,fp32,77.85002899169922,False,NVIDIA_GeForce_RTX_5070,12,
vit_base_patch16_224,128,64,bf16,53.066654205322266,False,NVIDIA_GeForce_RTX_5070,12,
vit_base_patch16_224,128,64,fp16,52.98092651367188,False,NVIDIA_GeForce_RTX_5070,12,
vit_base_patch16_224,128,64,fp32,148.06777954101562,False,NVIDIA_GeForce_RTX_5070,12,
vit_base_patch16_224,224,16,bf16,41.9312629699707,False,NVIDIA_GeForce_RTX_5070,12,
vit_base_patch16_224,224,16,fp16,41.750736236572266,False,NVIDIA_GeForce_RTX_5070,12,
vit_base_patch16_224,224,16,fp32,117.35177612304688,False,NVIDIA_GeForce_RTX_5070,12,
vit_base_patch16_224,224,32,bf16,79.79385375976562,False,NVIDIA_GeForce_RTX_5070,12,
vit_base_patch16_224,224,32,fp16,79.8536605834961,False,NVIDIA_GeForce_RTX_5070,12,
vit_base_patch16_224,224,32,fp32,232.150634765625,False,NVIDIA_GeForce_RTX_5070,12,
vit_base_patch16_224,224,64,bf16,159.91395568847656,False,NVIDIA_GeForce_RTX_5070,12,
vit_base_patch16_224,224,64,fp16,159.32089233398438,False,NVIDIA_GeForce_RTX_5070,12,
vit_base_patch16_224,224,64,fp32,462.9722900390625,False,NVIDIA_GeForce_RTX_5070,12,
vit_large_patch16_224,64,16,bf16,39.96543884277344,False,NVIDIA_GeForce_RTX_5070,12,
vit_large_patch16_224,64,16,fp16,39.95232009887695,False,NVIDIA_GeForce_RTX_5070,12,
vit_large_patch16_224,64,16,fp32,59.65641784667969,False,NVIDIA_GeForce_RTX_5070,12,
vit_large_patch16_224,64,32,bf16,48.981712341308594,False,NVIDIA_GeForce_RTX_5070,12,
vit_large_patch16_224,64,32,fp16,48.95403289794922,False,NVIDIA_GeForce_RTX_5070,12,
vit_large_patch16_224,64,32,fp32,85.15510559082031,False,NVIDIA_GeForce_RTX_5070,12,
vit_large_patch16_224,64,64,bf16,68.86638641357422,False,NVIDIA_GeForce_RTX_5070,12,
vit_large_patch16_224,64,64,fp16,68.77134704589844,False,NVIDIA_GeForce_RTX_5070,12,
vit_large_patch16_224,64,64,fp32,143.9763946533203,False,NVIDIA_GeForce_RTX_5070,12,
vit_large_patch16_224,128,16,bf16,65.04862213134766,False,NVIDIA_GeForce_RTX_5070,12,
vit_large_patch16_224,128,16,fp16,64.99022674560547,False,NVIDIA_GeForce_RTX_5070,12,
vit_large_patch16_224,128,16,fp32,143.51690673828125,False,NVIDIA_GeForce_RTX_5070,12,
vit_large_patch16_224,128,32,bf16,99.79153442382812,False,NVIDIA_GeForce_RTX_5070,12,
vit_large_patch16_224,128,32,fp16,99.80331420898438,False,NVIDIA_GeForce_RTX_5070,12,
vit_large_patch16_224,128,32,fp32,262.1806945800781,False,NVIDIA_GeForce_RTX_5070,12,
vit_large_patch16_224,128,64,bf16,180.582275390625,False,NVIDIA_GeForce_RTX_5070,12,
vit_large_patch16_224,128,64,fp16,179.9814453125,False,NVIDIA_GeForce_RTX_5070,12,
vit_large_patch16_224,128,64,fp32,6061.8154296875,False,NVIDIA_GeForce_RTX_5070,12,precision_artifact
vit_large_patch16_224,224,16,bf16,142.3409423828125,False,NVIDIA_GeForce_RTX_5070,12,
vit_large_patch16_224,224,16,fp16,141.94952392578125,False,NVIDIA_GeForce_RTX_5070,12,
vit_large_patch16_224,224,16,fp32,392.6716003417969,False,NVIDIA_GeForce_RTX_5070,12,
vit_large_patch16_224,224,32,bf16,2227.956787109375,False,NVIDIA_GeForce_RTX_5070,12,slow_outlier
vit_large_patch16_224,224,32,fp16,2443.9482421875,False,NVIDIA_GeForce_RTX_5070,12,slow_outlier
vit_large_patch16_224,224,32,fp32,,True,NVIDIA_GeForce_RTX_5070,12,
vit_large_patch16_224,224,64,bf16,,True,NVIDIA_GeForce_RTX_5070,12,
vit_large_patch16_224,224,64,fp16,,True,NVIDIA_GeForce_RTX_5070,12,
vit_large_patch16_224,224,64,fp32,,True,NVIDIA_GeForce_RTX_5070,12,
vit_small_patch16_224,64,16,bf16,4.856704235076904,False,NVIDIA_GeForce_RTX_5070,12,
vit_small_patch16_224,64,16,fp16,4.80350399017334,False,NVIDIA_GeForce_RTX_5070,12,
vit_small_patch16_224,64,16,fp32,7.295184135437012,False,NVIDIA_GeForce_RTX_5070,12,
vit_small_patch16_224,64,32,bf16,5.9033918380737305,False,NVIDIA_GeForce_RTX_5070,12,
vit_small_patch16_224,64,32,fp16,5.759232044219971,False,NVIDIA_GeForce_RTX_5070,12,
vit_small_patch16_224,64,32,fp32,9.992639541625977,False,NVIDIA_GeForce_RTX_5070,12,
vit_small_patch16_224,64,64,bf16,7.733439922332764,False,NVIDIA_GeForce_RTX_5070,12,
vit_small_patch16_224,64,64,fp16,7.712992191314697,False,NVIDIA_GeForce_RTX_5070,12,
vit_small_patch16_224,64,64,fp32,14.758671760559082,False,NVIDIA_GeForce_RTX_5070,12,
vit_small_patch16_224,128,16,bf16,7.087920188903809,False,NVIDIA_GeForce_RTX_5070,12,
vit_small_patch16_224,128,16,fp16,7.065375804901123,False,NVIDIA_GeForce_RTX_5070,12,
vit_small_patch16_224,128,16,fp32,14.845487594604492,False,NVIDIA_GeForce_RTX_5070,12,
vit_small_patch16_224,128,32,bf16,10.464752197265623,False,NVIDIA_GeForce_RTX_5070,12,
vit_small_patch16_224,128,32,fp16,10.411343574523926,False,NVIDIA_GeForce_RTX_5070,12,
vit_small_patch16_224,128,32,fp32,24.77497673034668,False,NVIDIA_GeForce_RTX_5070,12,
vit_small_patch16_224,128,64,bf16,17.373743057250977,False,NVIDIA_GeForce_RTX_5070,12,
vit_small_patch16_224,128,64,fp16,17.406383514404297,False,NVIDIA_GeForce_RTX_5070,12,
vit_small_patch16_224,128,64,fp32,44.98654556274414,False,NVIDIA_GeForce_RTX_5070,12,
vit_small_patch16_224,224,16,bf16,14.256784439086914,False,NVIDIA_GeForce_RTX_5070,12,
vit_small_patch16_224,224,16,fp16,14.276880264282228,False,NVIDIA_GeForce_RTX_5070,12,
vit_small_patch16_224,224,16,fp32,37.77924728393555,False,NVIDIA_GeForce_RTX_5070,12,
vit_small_patch16_224,224,32,bf16,25.12571144104004,False,NVIDIA_GeForce_RTX_5070,12,
vit_small_patch16_224,224,32,fp16,25.17207908630371,False,NVIDIA_GeForce_RTX_5070,12,
vit_small_patch16_224,224,32,fp32,72.90074920654297,False,NVIDIA_GeForce_RTX_5070,12,
vit_small_patch16_224,224,64,bf16,50.721168518066406,False,NVIDIA_GeForce_RTX_5070,12,
vit_small_patch16_224,224,64,fp16,50.74398422241211,False,NVIDIA_GeForce_RTX_5070,12,
vit_small_patch16_224,224,64,fp32,146.4495086669922,False,NVIDIA_GeForce_RTX_5070,12,
vit_tiny_patch16_224,64,16,bf16,2.645616054534912,False,NVIDIA_GeForce_RTX_5070,12,
vit_tiny_patch16_224,64,16,fp16,2.5053439140319824,False,NVIDIA_GeForce_RTX_5070,12,
vit_tiny_patch16_224,64,16,fp32,3.5418241024017334,False,NVIDIA_GeForce_RTX_5070,12,
vit_tiny_patch16_224,64,32,bf16,3.1878879070281982,False,NVIDIA_GeForce_RTX_5070,12,
vit_tiny_patch16_224,64,32,fp16,3.077104091644287,False,NVIDIA_GeForce_RTX_5070,12,
vit_tiny_patch16_224,64,32,fp32,5.01035213470459,False,NVIDIA_GeForce_RTX_5070,12,
vit_tiny_patch16_224,64,64,bf16,3.945024013519287,False,NVIDIA_GeForce_RTX_5070,12,
vit_tiny_patch16_224,64,64,fp16,3.875344038009644,False,NVIDIA_GeForce_RTX_5070,12,
vit_tiny_patch16_224,64,64,fp32,6.606991767883301,False,NVIDIA_GeForce_RTX_5070,12,
vit_tiny_patch16_224,128,16,bf16,3.656064033508301,False,NVIDIA_GeForce_RTX_5070,12,
vit_tiny_patch16_224,128,16,fp16,3.5729761123657227,False,NVIDIA_GeForce_RTX_5070,12,
vit_tiny_patch16_224,128,16,fp32,6.66212797164917,False,NVIDIA_GeForce_RTX_5070,12,
vit_tiny_patch16_224,128,32,bf16,5.19547176361084,False,NVIDIA_GeForce_RTX_5070,12,
vit_tiny_patch16_224,128,32,fp16,5.056159973144531,False,NVIDIA_GeForce_RTX_5070,12,
vit_tiny_patch16_224,128,32,fp32,10.69548797607422,False,NVIDIA_GeForce_RTX_5070,12,
vit_tiny_patch16_224,128,64,bf16,8.008111953735352,False,NVIDIA_GeForce_RTX_5070,12,
vit_tiny_patch16_224,128,64,fp16,7.824672222137451,False,NVIDIA_GeForce_RTX_5070,12,
vit_tiny_patch16_224,128,64,fp32,17.756784439086914,False,NVIDIA_GeForce_RTX_5070,12,
vit_tiny_patch16_224,224,16,bf16,6.754848003387451,False,NVIDIA_GeForce_RTX_5070,12,
vit_tiny_patch16_224,224,16,fp16,6.6176958084106445,False,NVIDIA_GeForce_RTX_5070,12,
vit_tiny_patch16_224,224,16,fp32,15.19371223449707,False,NVIDIA_GeForce_RTX_5070,12,
vit_tiny_patch16_224,224,32,bf16,11.430288314819336,False,NVIDIA_GeForce_RTX_5070,12,
vit_tiny_patch16_224,224,32,fp16,11.16652774810791,False,NVIDIA_GeForce_RTX_5070,12,
vit_tiny_patch16_224,224,32,fp32,28.21665573120117,False,NVIDIA_GeForce_RTX_5070,12,
vit_tiny_patch16_224,224,64,bf16,21.05499267578125,False,NVIDIA_GeForce_RTX_5070,12,
vit_tiny_patch16_224,224,64,fp16,20.73369598388672,False,NVIDIA_GeForce_RTX_5070,12,
vit_tiny_patch16_224,224,64,fp32,55.03696060180664,False,NVIDIA_GeForce_RTX_5070,12,
wide_resnet101_2,64,16,bf16,25.05721664428711,False,NVIDIA_GeForce_RTX_5070,12,
wide_resnet101_2,64,16,fp16,23.967552185058597,False,NVIDIA_GeForce_RTX_5070,12,
wide_resnet101_2,64,16,fp32,43.42998504638672,False,NVIDIA_GeForce_RTX_5070,12,
wide_resnet101_2,64,32,bf16,34.14553451538086,False,NVIDIA_GeForce_RTX_5070,12,
wide_resnet101_2,64,32,fp16,31.63007926940918,False,NVIDIA_GeForce_RTX_5070,12,
wide_resnet101_2,64,32,fp32,50.42649459838867,False,NVIDIA_GeForce_RTX_5070,12,
wide_resnet101_2,64,64,bf16,51.40679931640625,False,NVIDIA_GeForce_RTX_5070,12,
wide_resnet101_2,64,64,fp16,46.04555130004883,False,NVIDIA_GeForce_RTX_5070,12,
wide_resnet101_2,64,64,fp32,72.89363098144531,False,NVIDIA_GeForce_RTX_5070,12,
wide_resnet101_2,128,16,bf16,39.58676910400391,False,NVIDIA_GeForce_RTX_5070,12,
wide_resnet101_2,128,16,fp16,34.02766418457031,False,NVIDIA_GeForce_RTX_5070,12,
wide_resnet101_2,128,16,fp32,53.88947296142578,False,NVIDIA_GeForce_RTX_5070,12,
wide_resnet101_2,128,32,bf16,58.37071990966797,False,NVIDIA_GeForce_RTX_5070,12,
wide_resnet101_2,128,32,fp16,51.646095275878906,False,NVIDIA_GeForce_RTX_5070,12,
wide_resnet101_2,128,32,fp32,81.4882583618164,False,NVIDIA_GeForce_RTX_5070,12,
wide_resnet101_2,128,64,bf16,99.08230590820312,False,NVIDIA_GeForce_RTX_5070,12,
wide_resnet101_2,128,64,fp16,89.35526275634766,False,NVIDIA_GeForce_RTX_5070,12,
wide_resnet101_2,128,64,fp32,155.02804565429688,False,NVIDIA_GeForce_RTX_5070,12,
wide_resnet101_2,224,16,bf16,75.61361694335938,False,NVIDIA_GeForce_RTX_5070,12,
wide_resnet101_2,224,16,fp16,67.92334747314453,False,NVIDIA_GeForce_RTX_5070,12,
wide_resnet101_2,224,16,fp32,120.53998565673828,False,NVIDIA_GeForce_RTX_5070,12,
wide_resnet101_2,224,32,bf16,140.9361572265625,False,NVIDIA_GeForce_RTX_5070,12,
wide_resnet101_2,224,32,fp16,129.23362731933594,False,NVIDIA_GeForce_RTX_5070,12,
wide_resnet101_2,224,32,fp32,227.4918670654297,False,NVIDIA_GeForce_RTX_5070,12,
wide_resnet101_2,224,64,bf16,259.6020812988281,False,NVIDIA_GeForce_RTX_5070,12,
wide_resnet101_2,224,64,fp16,240.1032257080078,False,NVIDIA_GeForce_RTX_5070,12,
wide_resnet101_2,224,64,fp32,,True,NVIDIA_GeForce_RTX_5070,12,
xcit_small_12_p16_224,64,16,bf16,8.593119621276855,False,NVIDIA_GeForce_RTX_5070,12,
xcit_small_12_p16_224,64,16,fp16,8.397631645202637,False,NVIDIA_GeForce_RTX_5070,12,
xcit_small_12_p16_224,64,16,fp32,11.016544342041016,False,NVIDIA_GeForce_RTX_5070,12,
xcit_small_12_p16_224,64,32,bf16,10.71729564666748,False,NVIDIA_GeForce_RTX_5070,12,
xcit_small_12_p16_224,64,32,fp16,10.435263633728027,False,NVIDIA_GeForce_RTX_5070,12,
xcit_small_12_p16_224,64,32,fp32,14.655440330505373,False,NVIDIA_GeForce_RTX_5070,12,
xcit_small_12_p16_224,64,64,bf16,13.87985610961914,False,NVIDIA_GeForce_RTX_5070,12,
xcit_small_12_p16_224,64,64,fp16,13.466560363769531,False,NVIDIA_GeForce_RTX_5070,12,
xcit_small_12_p16_224,64,64,fp32,20.42215919494629,False,NVIDIA_GeForce_RTX_5070,12,
xcit_small_12_p16_224,128,16,bf16,13.400015830993652,False,NVIDIA_GeForce_RTX_5070,12,
xcit_small_12_p16_224,128,16,fp16,13.079872131347656,False,NVIDIA_GeForce_RTX_5070,12,
xcit_small_12_p16_224,128,16,fp32,19.77827262878418,False,NVIDIA_GeForce_RTX_5070,12,
xcit_small_12_p16_224,128,32,bf16,19.804975509643555,False,NVIDIA_GeForce_RTX_5070,12,
xcit_small_12_p16_224,128,32,fp16,19.51907157897949,False,NVIDIA_GeForce_RTX_5070,12,
xcit_small_12_p16_224,128,32,fp32,31.336015701293945,False,NVIDIA_GeForce_RTX_5070,12,
xcit_small_12_p16_224,128,64,bf16,33.7325439453125,False,NVIDIA_GeForce_RTX_5070,12,
xcit_small_12_p16_224,128,64,fp16,33.242191314697266,False,NVIDIA_GeForce_RTX_5070,12,
xcit_small_12_p16_224,128,64,fp32,56.7401123046875,False,NVIDIA_GeForce_RTX_5070,12,
xcit_small_12_p16_224,224,16,bf16,28.60454368591309,False,NVIDIA_GeForce_RTX_5070,12,
xcit_small_12_p16_224,224,16,fp16,28.12076759338379,False,NVIDIA_GeForce_RTX_5070,12,
xcit_small_12_p16_224,224,16,fp32,47.5088005065918,False,NVIDIA_GeForce_RTX_5070,12,
xcit_small_12_p16_224,224,32,bf16,51.46255874633789,False,NVIDIA_GeForce_RTX_5070,12,
xcit_small_12_p16_224,224,32,fp16,50.591007232666016,False,NVIDIA_GeForce_RTX_5070,12,
xcit_small_12_p16_224,224,32,fp32,91.06610870361328,False,NVIDIA_GeForce_RTX_5070,12,
xcit_small_12_p16_224,224,64,bf16,107.0159683227539,False,NVIDIA_GeForce_RTX_5070,12,
xcit_small_12_p16_224,224,64,fp16,104.89820861816406,False,NVIDIA_GeForce_RTX_5070,12,
xcit_small_12_p16_224,224,64,fp32,185.2599029541016,False,NVIDIA_GeForce_RTX_5070,12,
xcit_tiny_12_p16_224,64,16,bf16,6.169407844543457,False,NVIDIA_GeForce_RTX_5070,12,
xcit_tiny_12_p16_224,64,16,fp16,5.964240074157715,False,NVIDIA_GeForce_RTX_5070,12,
xcit_tiny_12_p16_224,64,16,fp32,6.228816032409668,False,NVIDIA_GeForce_RTX_5070,12,
xcit_tiny_12_p16_224,64,32,bf16,7.445968151092529,False,NVIDIA_GeForce_RTX_5070,12,
xcit_tiny_12_p16_224,64,32,fp16,7.216671943664551,False,NVIDIA_GeForce_RTX_5070,12,
xcit_tiny_12_p16_224,64,32,fp32,8.465344429016113,False,NVIDIA_GeForce_RTX_5070,12,
xcit_tiny_12_p16_224,64,64,bf16,8.614656448364258,False,NVIDIA_GeForce_RTX_5070,12,
xcit_tiny_12_p16_224,64,64,fp16,8.222047805786133,False,NVIDIA_GeForce_RTX_5070,12,
xcit_tiny_12_p16_224,64,64,fp32,10.812000274658203,False,NVIDIA_GeForce_RTX_5070,12,
xcit_tiny_12_p16_224,128,16,bf16,8.453791618347168,False,NVIDIA_GeForce_RTX_5070,12,
xcit_tiny_12_p16_224,128,16,fp16,8.05675220489502,False,NVIDIA_GeForce_RTX_5070,12,
xcit_tiny_12_p16_224,128,16,fp32,10.555551528930664,False,NVIDIA_GeForce_RTX_5070,12,
xcit_tiny_12_p16_224,128,32,bf16,11.550880432128906,False,NVIDIA_GeForce_RTX_5070,12,
xcit_tiny_12_p16_224,128,32,fp16,11.282591819763184,False,NVIDIA_GeForce_RTX_5070,12,
xcit_tiny_12_p16_224,128,32,fp32,15.433775901794434,False,NVIDIA_GeForce_RTX_5070,12,
xcit_tiny_12_p16_224,128,64,bf16,17.700063705444336,False,NVIDIA_GeForce_RTX_5070,12,
xcit_tiny_12_p16_224,128,64,fp16,17.238048553466797,False,NVIDIA_GeForce_RTX_5070,12,
xcit_tiny_12_p16_224,128,64,fp32,24.094703674316406,False,NVIDIA_GeForce_RTX_5070,12,
xcit_tiny_12_p16_224,224,16,bf16,15.735631942749023,False,NVIDIA_GeForce_RTX_5070,12,
xcit_tiny_12_p16_224,224,16,fp16,15.316191673278809,False,NVIDIA_GeForce_RTX_5070,12,
xcit_tiny_12_p16_224,224,16,fp32,20.992000579833984,False,NVIDIA_GeForce_RTX_5070,12,
xcit_tiny_12_p16_224,224,32,bf16,26.381999969482425,False,NVIDIA_GeForce_RTX_5070,12,
xcit_tiny_12_p16_224,224,32,fp16,25.54393577575684,False,NVIDIA_GeForce_RTX_5070,12,
xcit_tiny_12_p16_224,224,32,fp32,37.0128173828125,False,NVIDIA_GeForce_RTX_5070,12,
xcit_tiny_12_p16_224,224,64,bf16,48.36969757080078,False,NVIDIA_GeForce_RTX_5070,12,
xcit_tiny_12_p16_224,224,64,fp16,46.78900909423828,False,NVIDIA_GeForce_RTX_5070,12,
xcit_tiny_12_p16_224,224,64,fp32,70.51399993896484,False,NVIDIA_GeForce_RTX_5070,12,
