model,img_size,batch_size,precision,avg_time_ms,oom,gpu,vram_gb,cleanup
beit_large_patch16_224,64,16,bf16,76.0811538696289,False,NVIDIA_GeForce_RTX_3060_Ti,8,
beit_large_patch16_224,64,16,fp16,76.23833465576172,False,NVIDIA_GeForce_RTX_3060_Ti,8,
beit_large_patch16_224,64,16,fp32,106.84416198730467,False,NVIDIA_GeForce_RTX_3060_Ti,8,
beit_large_patch16_224,64,32,bf16,104.8622055053711,False,NVIDIA_GeForce_RTX_3060_Ti,8,
beit_large_patch16_224,64,32,fp16,98.28607940673828,False,NVIDIA_GeForce_RTX_3060_Ti,8,
beit_large_patch16_224,64,32,fp32,160.716796875,False,NVIDIA_GeForce_RTX_3060_Ti,8,
beit_large_patch16_224,64,64,bf16,136.94618225097656,False,NVIDIA_GeForce_RTX_3060_Ti,8,
beit_large_patch16_224,64,64,fp16,135.71942138671875,False,NVIDIA_GeForce_RTX_3060_Ti,8,
beit_large_patch16_224,64,64,fp32,276.98126220703125,False,NVIDIA_GeForce_RTX_3060_Ti,8,
beit_large_patch16_224,128,16,bf16,137.41976928710938,False,NVIDIA_GeForce_RTX_3060_Ti,8,
beit_large_patch16_224,128,16,fp16,136.13465881347656,False,NVIDIA_GeForce_RTX_3060_Ti,8,
beit_large_patch16_224,128,16,fp32,277.5249938964844,False,NVIDIA_GeForce_RTX_3060_Ti,8,
beit_large_patch16_224,128,32,bf16,,True,NVIDIA_GeForce_RTX_3060_Ti,8,
beit_large_patch16_224,128,32,fp16,,True,NVIDIA_GeForce_RTX_3060_Ti,8,
beit_large_patch16_224,128,32,fp32,,True,NVIDIA_GeForce_RTX_3060_Ti,8,
beit_large_patch16_224,128,64,bf16,,True,NVIDIA_GeForce_RTX_3060_Ti,8,
beit_large_patch16_224,128,64,fp16,,True,NVIDIA_GeForce_RTX_3060_Ti,8,
beit_large_patch16_224,128,64,fp32,,True,NVIDIA_GeForce_RTX_3060_Ti,8,
beit_large_patch16_224,224,16,bf16,,True,NVIDIA_GeForce_RTX_3060_Ti,8,
beit_large_patch16_224,224,16,fp16,,True,NVIDIA_GeForce_RTX_3060_Ti,8,
beit_large_patch16_224,224,16,fp32,,True,NVIDIA_GeForce_RTX_3060_Ti,8,
beit_large_patch16_224,224,32,bf16,,True,NVIDIA_GeForce_RTX_3060_Ti,8,
beit_large_patch16_224,224,32,fp16,,True,NVIDIA_GeForce_RTX_3060_Ti,8,
beit_large_patch16_224,224,32,fp32,,True,NVIDIA_GeForce_RTX_3060_Ti,8,
beit_large_patch16_224,224,64,bf16,,True,NVIDIA_GeForce_RTX_3060_Ti,8,
beit_large_patch16_224,224,64,fp16,,True,NVIDIA_GeForce_RTX_3060_Ti,8,
beit_large_patch16_224,224,64,fp32,,True,NVIDIA_GeForce_RTX_3060_Ti,8,
coatnet_0_rw_224,64,16,bf16,11.365376472473145,False,NVIDIA_GeForce_RTX_3060_Ti,8,
coatnet_0_rw_224,64,16,fp16,10.61888027191162,False,NVIDIA_GeForce_RTX_3060_Ti,8,
coatnet_0_rw_224,64,16,fp32,14.023167610168455,False,NVIDIA_GeForce_RTX_3060_Ti,8,
coatnet_0_rw_224,64,32,bf16,16.218624114990234,False,NVIDIA_GeForce_RTX_3060_Ti,8,
coatnet_0_rw_224,64,32,fp16,14.259200096130373,False,NVIDIA_GeForce_RTX_3060_Ti,8,
coatnet_0_rw_224,64,32,fp32,22.20800018310547,False,NVIDIA_GeForce_RTX_3060_Ti,8,
coatnet_0_rw_224,64,64,bf16,25.69430351257324,False,NVIDIA_GeForce_RTX_3060_Ti,8,
coatnet_0_rw_224,64,64,fp16,22.164480209350582,False,NVIDIA_GeForce_RTX_3060_Ti,8,
coatnet_0_rw_224,64,64,fp32,37.95302581787109,False,NVIDIA_GeForce_RTX_3060_Ti,8,
coatnet_0_rw_224,128,16,bf16,24.41472053527832,False,NVIDIA_GeForce_RTX_3060_Ti,8,
coatnet_0_rw_224,128,16,fp16,21.188608169555664,False,NVIDIA_GeForce_RTX_3060_Ti,8,
coatnet_0_rw_224,128,16,fp32,34.093055725097656,False,NVIDIA_GeForce_RTX_3060_Ti,8,
coatnet_0_rw_224,128,32,bf16,42.01472091674805,False,NVIDIA_GeForce_RTX_3060_Ti,8,
coatnet_0_rw_224,128,32,fp16,36.082176208496094,False,NVIDIA_GeForce_RTX_3060_Ti,8,
coatnet_0_rw_224,128,32,fp32,62.71692657470703,False,NVIDIA_GeForce_RTX_3060_Ti,8,
coatnet_0_rw_224,128,64,bf16,76.41395568847656,False,NVIDIA_GeForce_RTX_3060_Ti,8,
coatnet_0_rw_224,128,64,fp16,65.50067138671875,False,NVIDIA_GeForce_RTX_3060_Ti,8,
coatnet_0_rw_224,128,64,fp32,118.3078384399414,False,NVIDIA_GeForce_RTX_3060_Ti,8,
coatnet_0_rw_224,224,16,bf16,66.45811462402344,False,NVIDIA_GeForce_RTX_3060_Ti,8,
coatnet_0_rw_224,224,16,fp16,58.09920120239258,False,NVIDIA_GeForce_RTX_3060_Ti,8,
coatnet_0_rw_224,224,16,fp32,106.61990356445312,False,NVIDIA_GeForce_RTX_3060_Ti,8,
coatnet_0_rw_224,224,32,bf16,120.19865417480467,False,NVIDIA_GeForce_RTX_3060_Ti,8,
coatnet_0_rw_224,224,32,fp16,104.34406280517578,False,NVIDIA_GeForce_RTX_3060_Ti,8,
coatnet_0_rw_224,224,32,fp32,294.2807006835937,False,NVIDIA_GeForce_RTX_3060_Ti,8,
coatnet_0_rw_224,224,64,bf16,423.2985534667969,False,NVIDIA_GeForce_RTX_3060_Ti,8,
coatnet_0_rw_224,224,64,fp16,394.28607177734375,False,NVIDIA_GeForce_RTX_3060_Ti,8,
coatnet_0_rw_224,224,64,fp32,,True,NVIDIA_GeForce_RTX_3060_Ti,8,
coatnet_1_rw_224,64,16,bf16,18.6879997253418,False,NVIDIA_GeForce_RTX_3060_Ti,8,
coatnet_1_rw_224,64,16,fp16,17.029632568359375,False,NVIDIA_GeForce_RTX_3060_Ti,8,
coatnet_1_rw_224,64,16,fp32,23.43475151062012,False,NVIDIA_GeForce_RTX_3060_Ti,8,
coatnet_1_rw_224,64,32,bf16,26.99161529541016,False,NVIDIA_GeForce_RTX_3060_Ti,8,
coatnet_1_rw_224,64,32,fp16,23.95903968811035,False,NVIDIA_GeForce_RTX_3060_Ti,8,
coatnet_1_rw_224,64,32,fp32,37.497344970703125,False,NVIDIA_GeForce_RTX_3060_Ti,8,
coatnet_1_rw_224,64,64,bf16,42.94451141357422,False,NVIDIA_GeForce_RTX_3060_Ti,8,
coatnet_1_rw_224,64,64,fp16,37.78099060058594,False,NVIDIA_GeForce_RTX_3060_Ti,8,
coatnet_1_rw_224,64,64,fp32,64.21965026855469,False,NVIDIA_GeForce_RTX_3060_Ti,8,
coatnet_1_rw_224,128,16,bf16,40.9436149597168,False,NVIDIA_GeForce_RTX_3060_Ti,8,
coatnet_1_rw_224,128,16,fp16,36.102657318115234,False,NVIDIA_GeForce_RTX_3060_Ti,8,
coatnet_1_rw_224,128,16,fp32,58.44377517700195,False,NVIDIA_GeForce_RTX_3060_Ti,8,
coatnet_1_rw_224,128,32,bf16,71.12140655517578,False,NVIDIA_GeForce_RTX_3060_Ti,8,
coatnet_1_rw_224,128,32,fp16,62.25920104980469,False,NVIDIA_GeForce_RTX_3060_Ti,8,
coatnet_1_rw_224,128,32,fp32,108.62438201904295,False,NVIDIA_GeForce_RTX_3060_Ti,8,
coatnet_1_rw_224,128,64,bf16,129.26771545410156,False,NVIDIA_GeForce_RTX_3060_Ti,8,
coatnet_1_rw_224,128,64,fp16,113.1310043334961,False,NVIDIA_GeForce_RTX_3060_Ti,8,
coatnet_1_rw_224,128,64,fp32,,True,NVIDIA_GeForce_RTX_3060_Ti,8,
coatnet_1_rw_224,224,16,bf16,114.1181411743164,False,NVIDIA_GeForce_RTX_3060_Ti,8,
coatnet_1_rw_224,224,16,fp16,102.26636505126952,False,NVIDIA_GeForce_RTX_3060_Ti,8,
coatnet_1_rw_224,224,16,fp32,189.3790740966797,False,NVIDIA_GeForce_RTX_3060_Ti,8,
coatnet_1_rw_224,224,32,bf16,206.71026611328125,False,NVIDIA_GeForce_RTX_3060_Ti,8,
coatnet_1_rw_224,224,32,fp16,184.3297271728516,False,NVIDIA_GeForce_RTX_3060_Ti,8,
coatnet_1_rw_224,224,32,fp32,,True,NVIDIA_GeForce_RTX_3060_Ti,8,
coatnet_1_rw_224,224,64,bf16,,True,NVIDIA_GeForce_RTX_3060_Ti,8,
coatnet_1_rw_224,224,64,fp16,,True,NVIDIA_GeForce_RTX_3060_Ti,8,
coatnet_1_rw_224,224,64,fp32,,True,NVIDIA_GeForce_RTX_3060_Ti,8,
coatnet_2_rw_224,64,16,bf16,27.708927154541016,False,NVIDIA_GeForce_RTX_3060_Ti,8,
coatnet_2_rw_224,64,16,fp16,25.63327980041504,False,NVIDIA_GeForce_RTX_3060_Ti,8,
coatnet_2_rw_224,64,16,fp32,34.83750534057617,False,NVIDIA_GeForce_RTX_3060_Ti,8,
coatnet_2_rw_224,64,32,bf16,39.74195098876953,False,NVIDIA_GeForce_RTX_3060_Ti,8,
coatnet_2_rw_224,64,32,fp16,36.42009735107422,False,NVIDIA_GeForce_RTX_3060_Ti,8,
coatnet_2_rw_224,64,32,fp32,56.0450553894043,False,NVIDIA_GeForce_RTX_3060_Ti,8,
coatnet_2_rw_224,64,64,bf16,64.80076599121094,False,NVIDIA_GeForce_RTX_3060_Ti,8,
coatnet_2_rw_224,64,64,fp16,59.2092170715332,False,NVIDIA_GeForce_RTX_3060_Ti,8,
coatnet_2_rw_224,64,64,fp32,97.2072982788086,False,NVIDIA_GeForce_RTX_3060_Ti,8,
coatnet_2_rw_224,128,16,bf16,61.30995178222656,False,NVIDIA_GeForce_RTX_3060_Ti,8,
coatnet_2_rw_224,128,16,fp16,55.43219375610352,False,NVIDIA_GeForce_RTX_3060_Ti,8,
coatnet_2_rw_224,128,16,fp32,90.714111328125,False,NVIDIA_GeForce_RTX_3060_Ti,8,
coatnet_2_rw_224,128,32,bf16,105.56877136230467,False,NVIDIA_GeForce_RTX_3060_Ti,8,
coatnet_2_rw_224,128,32,fp16,95.36563110351562,False,NVIDIA_GeForce_RTX_3060_Ti,8,
coatnet_2_rw_224,128,32,fp32,168.0307159423828,False,NVIDIA_GeForce_RTX_3060_Ti,8,
coatnet_2_rw_224,128,64,bf16,195.70278930664065,False,NVIDIA_GeForce_RTX_3060_Ti,8,
coatnet_2_rw_224,128,64,fp16,174.93402099609375,False,NVIDIA_GeForce_RTX_3060_Ti,8,
coatnet_2_rw_224,128,64,fp32,,True,NVIDIA_GeForce_RTX_3060_Ti,8,
coatnet_2_rw_224,224,16,bf16,167.140869140625,False,NVIDIA_GeForce_RTX_3060_Ti,8,
coatnet_2_rw_224,224,16,fp16,152.42137145996094,False,NVIDIA_GeForce_RTX_3060_Ti,8,
coatnet_2_rw_224,224,16,fp32,,True,NVIDIA_GeForce_RTX_3060_Ti,8,
coatnet_2_rw_224,224,32,bf16,,True,NVIDIA_GeForce_RTX_3060_Ti,8,
coatnet_2_rw_224,224,32,fp16,,True,NVIDIA_GeForce_RTX_3060_Ti,8,
coatnet_2_rw_224,224,32,fp32,,True,NVIDIA_GeForce_RTX_3060_Ti,8,
coatnet_2_rw_224,224,64,bf16,,True,NVIDIA_GeForce_RTX_3060_Ti,8,
coatnet_2_rw_224,224,64,fp16,,True,NVIDIA_GeForce_RTX_3060_Ti,8,
coatnet_2_rw_224,224,64,fp32,,True,NVIDIA_GeForce_RTX_3060_Ti,8,
convnext_base,64,16,bf16,25.69830322265625,False,NVIDIA_GeForce_RTX_3060_Ti,8,
convnext_base,64,16,fp16,25.564672470092773,False,NVIDIA_GeForce_RTX_3060_Ti,8,
convnext_base,64,16,fp32,42.40585708618164,False,NVIDIA_GeForce_RTX_3060_Ti,8,
convnext_base,64,32,bf16,34.65369415283203,False,NVIDIA_GeForce_RTX_3060_Ti,8,
convnext_base,64,32,fp16,34.300926208496094,False,NVIDIA_GeForce_RTX_3060_Ti,8,
convnext_base,64,32,fp32,72.38758087158203,False,NVIDIA_GeForce_RTX_3060_Ti,8,
convnext_base,64,64,bf16,51.81747055053711,False,NVIDIA_GeForce_RTX_3060_Ti,8,
convnext_base,64,64,fp16,51.43398284912109,False,NVIDIA_GeForce_RTX_3060_Ti,8,
convnext_base,64,64,fp32,110.4552993774414,False,NVIDIA_GeForce_RTX_3060_Ti,8,
convnext_base,128,16,bf16,48.32563018798828,False,NVIDIA_GeForce_RTX_3060_Ti,8,
convnext_base,128,16,fp16,47.779327392578125,False,NVIDIA_GeForce_RTX_3060_Ti,8,
convnext_base,128,16,fp32,116.96691131591795,False,NVIDIA_GeForce_RTX_3060_Ti,8,
convnext_base,128,32,bf16,80.10430145263672,False,NVIDIA_GeForce_RTX_3060_Ti,8,
convnext_base,128,32,fp16,80.26573181152344,False,NVIDIA_GeForce_RTX_3060_Ti,8,
convnext_base,128,32,fp32,426.4371337890625,False,NVIDIA_GeForce_RTX_3060_Ti,8,
convnext_base,128,64,bf16,140.69094848632812,False,NVIDIA_GeForce_RTX_3060_Ti,8,
convnext_base,128,64,fp16,139.5932159423828,False,NVIDIA_GeForce_RTX_3060_Ti,8,
convnext_base,128,64,fp32,594.1375732421875,False,NVIDIA_GeForce_RTX_3060_Ti,8,
convnext_base,224,16,bf16,112.89793395996094,False,NVIDIA_GeForce_RTX_3060_Ti,8,
convnext_base,224,16,fp16,111.68460845947266,False,NVIDIA_GeForce_RTX_3060_Ti,8,
convnext_base,224,16,fp32,519.858154296875,False,NVIDIA_GeForce_RTX_3060_Ti,8,
convnext_base,224,32,bf16,246.19110107421875,False,NVIDIA_GeForce_RTX_3060_Ti,8,
convnext_base,224,32,fp16,245.51254272460935,False,NVIDIA_GeForce_RTX_3060_Ti,8,
convnext_base,224,32,fp32,,True,NVIDIA_GeForce_RTX_3060_Ti,8,
convnext_base,224,64,bf16,,True,NVIDIA_GeForce_RTX_3060_Ti,8,
convnext_base,224,64,fp16,,True,NVIDIA_GeForce_RTX_3060_Ti,8,
convnext_base,224,64,fp32,,True,NVIDIA_GeForce_RTX_3060_Ti,8,
convnext_large,64,16,bf16,49.03577423095703,False,NVIDIA_GeForce_RTX_3060_Ti,8,
convnext_large,64,16,fp16,49.59436798095703,False,NVIDIA_GeForce_RTX_3060_Ti,8,
convnext_large,64,16,fp32,67.70073699951172,False,NVIDIA_GeForce_RTX_3060_Ti,8,
convnext_large,64,32,bf16,66.04902648925781,False,NVIDIA_GeForce_RTX_3060_Ti,8,
convnext_large,64,32,fp16,64.67481231689453,False,NVIDIA_GeForce_RTX_3060_Ti,8,
convnext_large,64,32,fp32,106.9486083984375,False,NVIDIA_GeForce_RTX_3060_Ti,8,
convnext_large,64,64,bf16,97.25234985351562,False,NVIDIA_GeForce_RTX_3060_Ti,8,
convnext_large,64,64,fp16,96.95897674560548,False,NVIDIA_GeForce_RTX_3060_Ti,8,
convnext_large,64,64,fp32,184.3072052001953,False,NVIDIA_GeForce_RTX_3060_Ti,8,
convnext_large,128,16,bf16,91.84870147705078,False,NVIDIA_GeForce_RTX_3060_Ti,8,
convnext_large,128,16,fp16,91.46316528320312,False,NVIDIA_GeForce_RTX_3060_Ti,8,
convnext_large,128,16,fp32,197.78970336914065,False,NVIDIA_GeForce_RTX_3060_Ti,8,
convnext_large,128,32,bf16,146.3531494140625,False,NVIDIA_GeForce_RTX_3060_Ti,8,
convnext_large,128,32,fp16,146.5779266357422,False,NVIDIA_GeForce_RTX_3060_Ti,8,
convnext_large,128,32,fp32,418.69720458984375,False,NVIDIA_GeForce_RTX_3060_Ti,8,
convnext_large,128,64,bf16,,True,NVIDIA_GeForce_RTX_3060_Ti,8,
convnext_large,128,64,fp16,,True,NVIDIA_GeForce_RTX_3060_Ti,8,
convnext_large,128,64,fp32,,True,NVIDIA_GeForce_RTX_3060_Ti,8,
convnext_large,224,16,bf16,197.970947265625,False,NVIDIA_GeForce_RTX_3060_Ti,8,
convnext_large,224,16,fp16,1958.929443359375,False,NVIDIA_GeForce_RTX_3060_Ti,8,slow_outlier
convnext_large,224,16,fp32,,True,NVIDIA_GeForce_RTX_3060_Ti,8,
convnext_large,224,32,bf16,,True,NVIDIA_GeForce_RTX_3060_Ti,8,
convnext_large,224,32,fp16,,True,NVIDIA_GeForce_RTX_3060_Ti,8,
convnext_large,224,32,fp32,,True,NVIDIA_GeForce_RTX_3060_Ti,8,
convnext_large,224,64,bf16,,True,NVIDIA_GeForce_RTX_3060_Ti,8,
convnext_large,224,64,fp16,,True,NVIDIA_GeForce_RTX_3060_Ti,8,
convnext_large,224,64,fp32,,True,NVIDIA_GeForce_RTX_3060_Ti,8,
convnext_small,64,16,bf16,17.352703094482422,False,NVIDIA_GeForce_RTX_3060_Ti,8,
convnext_small,64,16,fp16,16.886272430419922,False,NVIDIA_GeForce_RTX_3060_Ti,8,
convnext_small,64,16,fp32,24.560640335083008,False,NVIDIA_GeForce_RTX_3060_Ti,8,
convnext_small,64,32,bf16,23.48492813110352,False,NVIDIA_GeForce_RTX_3060_Ti,8,
convnext_small,64,32,fp16,22.75993537902832,False,NVIDIA_GeForce_RTX_3060_Ti,8,
convnext_small,64,32,fp32,38.08307266235352,False,NVIDIA_GeForce_RTX_3060_Ti,8,
convnext_small,64,64,bf16,34.7694091796875,False,NVIDIA_GeForce_RTX_3060_Ti,8,
convnext_small,64,64,fp16,34.398719787597656,False,NVIDIA_GeForce_RTX_3060_Ti,8,
convnext_small,64,64,fp32,63.49414443969727,False,NVIDIA_GeForce_RTX_3060_Ti,8,
convnext_small,128,16,bf16,31.918079376220703,False,NVIDIA_GeForce_RTX_3060_Ti,8,
convnext_small,128,16,fp16,31.426559448242188,False,NVIDIA_GeForce_RTX_3060_Ti,8,
convnext_small,128,16,fp32,69.49785614013672,False,NVIDIA_GeForce_RTX_3060_Ti,8,
convnext_small,128,32,bf16,53.6099853515625,False,NVIDIA_GeForce_RTX_3060_Ti,8,
convnext_small,128,32,fp16,52.24703979492188,False,NVIDIA_GeForce_RTX_3060_Ti,8,
convnext_small,128,32,fp32,141.45639038085938,False,NVIDIA_GeForce_RTX_3060_Ti,8,
convnext_small,128,64,bf16,95.86073303222656,False,NVIDIA_GeForce_RTX_3060_Ti,8,
convnext_small,128,64,fp16,94.05337524414062,False,NVIDIA_GeForce_RTX_3060_Ti,8,
convnext_small,128,64,fp32,246.0200958251953,False,NVIDIA_GeForce_RTX_3060_Ti,8,
convnext_small,224,16,bf16,75.89631652832031,False,NVIDIA_GeForce_RTX_3060_Ti,8,
convnext_small,224,16,fp16,75.17951965332031,False,NVIDIA_GeForce_RTX_3060_Ti,8,
convnext_small,224,16,fp32,203.24249267578125,False,NVIDIA_GeForce_RTX_3060_Ti,8,
convnext_small,224,32,bf16,132.60134887695312,False,NVIDIA_GeForce_RTX_3060_Ti,8,
convnext_small,224,32,fp16,131.842041015625,False,NVIDIA_GeForce_RTX_3060_Ti,8,
convnext_small,224,32,fp32,552.0645141601562,False,NVIDIA_GeForce_RTX_3060_Ti,8,
convnext_small,224,64,bf16,,True,NVIDIA_GeForce_RTX_3060_Ti,8,
convnext_small,224,64,fp16,,True,NVIDIA_GeForce_RTX_3060_Ti,8,
convnext_small,224,64,fp32,,True,NVIDIA_GeForce_RTX_3060_Ti,8,
convnext_tiny,64,16,bf16,9.7510404586792,False,NVIDIA_GeForce_RTX_3060_Ti,8,
convnext_tiny,64,16,fp16,9.51142406463623,False,NVIDIA_GeForce_RTX_3060_Ti,8,
convnext_tiny,64,16,fp32,14.48140811920166,False,NVIDIA_GeForce_RTX_3060_Ti,8,
convnext_tiny,64,32,bf16,13.223423957824709,False,NVIDIA_GeForce_RTX_3060_Ti,8,
convnext_tiny,64,32,fp16,12.917247772216797,False,NVIDIA_GeForce_RTX_3060_Ti,8,
convnext_tiny,64,32,fp32,22.85619163513184,False,NVIDIA_GeForce_RTX_3060_Ti,8,
convnext_tiny,64,64,bf16,20.024320602416992,False,NVIDIA_GeForce_RTX_3060_Ti,8,
convnext_tiny,64,64,fp16,19.97516822814941,False,NVIDIA_GeForce_RTX_3060_Ti,8,
convnext_tiny,64,64,fp32,37.92486572265625,False,NVIDIA_GeForce_RTX_3060_Ti,8,
convnext_tiny,128,16,bf16,18.897920608520508,False,NVIDIA_GeForce_RTX_3060_Ti,8,
convnext_tiny,128,16,fp16,18.726911544799805,False,NVIDIA_GeForce_RTX_3060_Ti,8,
convnext_tiny,128,16,fp32,40.10240173339844,False,NVIDIA_GeForce_RTX_3060_Ti,8,
convnext_tiny,128,32,bf16,31.773696899414062,False,NVIDIA_GeForce_RTX_3060_Ti,8,
convnext_tiny,128,32,fp16,31.120895385742188,False,NVIDIA_GeForce_RTX_3060_Ti,8,
convnext_tiny,128,32,fp32,77.50860595703125,False,NVIDIA_GeForce_RTX_3060_Ti,8,
convnext_tiny,128,64,bf16,56.5483512878418,False,NVIDIA_GeForce_RTX_3060_Ti,8,
convnext_tiny,128,64,fp16,55.88479995727539,False,NVIDIA_GeForce_RTX_3060_Ti,8,
convnext_tiny,128,64,fp32,141.2884521484375,False,NVIDIA_GeForce_RTX_3060_Ti,8,
convnext_tiny,224,16,bf16,44.84249496459961,False,NVIDIA_GeForce_RTX_3060_Ti,8,
convnext_tiny,224,16,fp16,44.364288330078125,False,NVIDIA_GeForce_RTX_3060_Ti,8,
convnext_tiny,224,16,fp32,114.18112182617188,False,NVIDIA_GeForce_RTX_3060_Ti,8,
convnext_tiny,224,32,bf16,78.94579315185547,False,NVIDIA_GeForce_RTX_3060_Ti,8,
convnext_tiny,224,32,fp16,78.35648345947266,False,NVIDIA_GeForce_RTX_3060_Ti,8,
convnext_tiny,224,32,fp32,209.3086700439453,False,NVIDIA_GeForce_RTX_3060_Ti,8,
convnext_tiny,224,64,bf16,147.90296936035156,False,NVIDIA_GeForce_RTX_3060_Ti,8,
convnext_tiny,224,64,fp16,149.72979736328125,False,NVIDIA_GeForce_RTX_3060_Ti,8,
convnext_tiny,224,64,fp32,,True,NVIDIA_GeForce_RTX_3060_Ti,8,
convnextv2_base,64,16,bf16,34.4903678894043,False,NVIDIA_GeForce_RTX_3060_Ti,8,
convnextv2_base,64,16,fp16,34.42380905151367,False,NVIDIA_GeForce_RTX_3060_Ti,8,
convnextv2_base,64,16,fp32,44.70988845825195,False,NVIDIA_GeForce_RTX_3060_Ti,8,
convnextv2_base,64,32,bf16,52.1610221862793,False,NVIDIA_GeForce_RTX_3060_Ti,8,
convnextv2_base,64,32,fp16,51.863040924072266,False,NVIDIA_GeForce_RTX_3060_Ti,8,
convnextv2_base,64,32,fp32,72.68351745605469,False,NVIDIA_GeForce_RTX_3060_Ti,8,
convnextv2_base,64,64,bf16,86.0421142578125,False,NVIDIA_GeForce_RTX_3060_Ti,8,
convnextv2_base,64,64,fp16,85.68115234375,False,NVIDIA_GeForce_RTX_3060_Ti,8,
convnextv2_base,64,64,fp32,127.05382537841795,False,NVIDIA_GeForce_RTX_3060_Ti,8,
convnextv2_base,128,16,bf16,81.82323455810547,False,NVIDIA_GeForce_RTX_3060_Ti,8,
convnextv2_base,128,16,fp16,81.30815887451172,False,NVIDIA_GeForce_RTX_3060_Ti,8,
convnextv2_base,128,16,fp32,135.29190063476562,False,NVIDIA_GeForce_RTX_3060_Ti,8,
convnextv2_base,128,32,bf16,145.2554168701172,False,NVIDIA_GeForce_RTX_3060_Ti,8,
convnextv2_base,128,32,fp16,145.37318420410156,False,NVIDIA_GeForce_RTX_3060_Ti,8,
convnextv2_base,128,32,fp32,264.9820251464844,False,NVIDIA_GeForce_RTX_3060_Ti,8,
convnextv2_base,128,64,bf16,596.3555908203125,False,NVIDIA_GeForce_RTX_3060_Ti,8,
convnextv2_base,128,64,fp16,558.1747436523438,False,NVIDIA_GeForce_RTX_3060_Ti,8,
convnextv2_base,128,64,fp32,,True,NVIDIA_GeForce_RTX_3060_Ti,8,
convnextv2_base,224,16,bf16,210.5482177734375,False,NVIDIA_GeForce_RTX_3060_Ti,8,
convnextv2_base,224,16,fp16,209.0700836181641,False,NVIDIA_GeForce_RTX_3060_Ti,8,
convnextv2_base,224,16,fp32,,True,NVIDIA_GeForce_RTX_3060_Ti,8,
convnextv2_base,224,32,bf16,,True,NVIDIA_GeForce_RTX_3060_Ti,8,
convnextv2_base,224,32,fp16,,True,NVIDIA_GeForce_RTX_3060_Ti,8,
convnextv2_base,224,32,fp32,,True,NVIDIA_GeForce_RTX_3060_Ti,8,
convnextv2_base,224,64,bf16,,True,NVIDIA_GeForce_RTX_3060_Ti,8,
convnextv2_base,224,64,fp16,,True,NVIDIA_GeForce_RTX_3060_Ti,8,
convnextv2_base,224,64,fp32,,True,NVIDIA_GeForce_RTX_3060_Ti,8,
deit_base_patch16_224,64,16,bf16,23.631872177124023,False,NVIDIA_GeForce_RTX_3060_Ti,8,
deit_base_patch16_224,64,16,fp16,23.384063720703125,False,NVIDIA_GeForce_RTX_3060_Ti,8,
deit_base_patch16_224,64,16,fp32,32.20934295654297,False,NVIDIA_GeForce_RTX_3060_Ti,8,
deit_base_patch16_224,64,32,bf16,31.0830078125,False,NVIDIA_GeForce_RTX_3060_Ti,8,
deit_base_patch16_224,64,32,fp16,30.55820846557617,False,NVIDIA_GeForce_RTX_3060_Ti,8,
deit_base_patch16_224,64,32,fp32,49.90353775024414,False,NVIDIA_GeForce_RTX_3060_Ti,8,
deit_base_patch16_224,64,64,bf16,46.10662460327149,False,NVIDIA_GeForce_RTX_3060_Ti,8,
deit_base_patch16_224,64,64,fp16,45.33657455444336,False,NVIDIA_GeForce_RTX_3060_Ti,8,
deit_base_patch16_224,64,64,fp32,84.50764465332031,False,NVIDIA_GeForce_RTX_3060_Ti,8,
deit_base_patch16_224,128,16,bf16,41.97161483764648,False,NVIDIA_GeForce_RTX_3060_Ti,8,
deit_base_patch16_224,128,16,fp16,42.293758392333984,False,NVIDIA_GeForce_RTX_3060_Ti,8,
deit_base_patch16_224,128,16,fp32,85.06419372558594,False,NVIDIA_GeForce_RTX_3060_Ti,8,
deit_base_patch16_224,128,32,bf16,66.1006088256836,False,NVIDIA_GeForce_RTX_3060_Ti,8,
deit_base_patch16_224,128,32,fp16,65.22675323486328,False,NVIDIA_GeForce_RTX_3060_Ti,8,
deit_base_patch16_224,128,32,fp32,151.214599609375,False,NVIDIA_GeForce_RTX_3060_Ti,8,
deit_base_patch16_224,128,64,bf16,113.29370880126952,False,NVIDIA_GeForce_RTX_3060_Ti,8,
deit_base_patch16_224,128,64,fp16,116.99609375,False,NVIDIA_GeForce_RTX_3060_Ti,8,
deit_base_patch16_224,128,64,fp32,284.3023376464844,False,NVIDIA_GeForce_RTX_3060_Ti,8,
deit_base_patch16_224,224,16,bf16,87.58732604980469,False,NVIDIA_GeForce_RTX_3060_Ti,8,
deit_base_patch16_224,224,16,fp16,93.83577728271484,False,NVIDIA_GeForce_RTX_3060_Ti,8,
deit_base_patch16_224,224,16,fp32,228.9054718017578,False,NVIDIA_GeForce_RTX_3060_Ti,8,
deit_base_patch16_224,224,32,bf16,159.88929748535156,False,NVIDIA_GeForce_RTX_3060_Ti,8,
deit_base_patch16_224,224,32,fp16,166.00770568847656,False,NVIDIA_GeForce_RTX_3060_Ti,8,
deit_base_patch16_224,224,32,fp32,440.4249572753906,False,NVIDIA_GeForce_RTX_3060_Ti,8,
deit_base_patch16_224,224,64,bf16,307.4775085449219,False,NVIDIA_GeForce_RTX_3060_Ti,8,
deit_base_patch16_224,224,64,fp16,317.2024230957031,False,NVIDIA_GeForce_RTX_3060_Ti,8,
deit_base_patch16_224,224,64,fp32,,True,NVIDIA_GeForce_RTX_3060_Ti,8,
deit_small_patch16_224,64,16,bf16,7.664127826690674,False,NVIDIA_GeForce_RTX_3060_Ti,8,
deit_small_patch16_224,64,16,fp16,7.299583911895752,False,NVIDIA_GeForce_RTX_3060_Ti,8,
deit_small_patch16_224,64,16,fp32,10.859519958496094,False,NVIDIA_GeForce_RTX_3060_Ti,8,
deit_small_patch16_224,64,32,bf16,10.486783981323242,False,NVIDIA_GeForce_RTX_3060_Ti,8,
deit_small_patch16_224,64,32,fp16,9.81657600402832,False,NVIDIA_GeForce_RTX_3060_Ti,8,
deit_small_patch16_224,64,32,fp32,16.267263412475586,False,NVIDIA_GeForce_RTX_3060_Ti,8,
deit_small_patch16_224,64,64,bf16,15.293951988220217,False,NVIDIA_GeForce_RTX_3060_Ti,8,
deit_small_patch16_224,64,64,fp16,14.77785587310791,False,NVIDIA_GeForce_RTX_3060_Ti,8,
deit_small_patch16_224,64,64,fp32,26.64089584350586,False,NVIDIA_GeForce_RTX_3060_Ti,8,
deit_small_patch16_224,128,16,bf16,13.842432022094728,False,NVIDIA_GeForce_RTX_3060_Ti,8,
deit_small_patch16_224,128,16,fp16,13.115903854370115,False,NVIDIA_GeForce_RTX_3060_Ti,8,
deit_small_patch16_224,128,16,fp32,26.8779525756836,False,NVIDIA_GeForce_RTX_3060_Ti,8,
deit_small_patch16_224,128,32,bf16,23.16851234436035,False,NVIDIA_GeForce_RTX_3060_Ti,8,
deit_small_patch16_224,128,32,fp16,22.059520721435547,False,NVIDIA_GeForce_RTX_3060_Ti,8,
deit_small_patch16_224,128,32,fp32,47.7578239440918,False,NVIDIA_GeForce_RTX_3060_Ti,8,
deit_small_patch16_224,128,64,bf16,39.30163192749024,False,NVIDIA_GeForce_RTX_3060_Ti,8,
deit_small_patch16_224,128,64,fp16,38.37286376953125,False,NVIDIA_GeForce_RTX_3060_Ti,8,
deit_small_patch16_224,128,64,fp32,86.37032318115234,False,NVIDIA_GeForce_RTX_3060_Ti,8,
deit_small_patch16_224,224,16,bf16,32.20121765136719,False,NVIDIA_GeForce_RTX_3060_Ti,8,
deit_small_patch16_224,224,16,fp16,31.439359664916992,False,NVIDIA_GeForce_RTX_3060_Ti,8,
deit_small_patch16_224,224,16,fp32,73.15968322753906,False,NVIDIA_GeForce_RTX_3060_Ti,8,
deit_small_patch16_224,224,32,bf16,54.01651382446289,False,NVIDIA_GeForce_RTX_3060_Ti,8,
deit_small_patch16_224,224,32,fp16,53.62022399902344,False,NVIDIA_GeForce_RTX_3060_Ti,8,
deit_small_patch16_224,224,32,fp32,135.57554626464844,False,NVIDIA_GeForce_RTX_3060_Ti,8,
deit_small_patch16_224,224,64,bf16,102.7799072265625,False,NVIDIA_GeForce_RTX_3060_Ti,8,
deit_small_patch16_224,224,64,fp16,100.88499450683594,False,NVIDIA_GeForce_RTX_3060_Ti,8,
deit_small_patch16_224,224,64,fp32,263.9017028808594,False,NVIDIA_GeForce_RTX_3060_Ti,8,
deit_tiny_patch16_224,64,16,bf16,4.0570878982543945,False,NVIDIA_GeForce_RTX_3060_Ti,8,
deit_tiny_patch16_224,64,16,fp16,3.755007982254028,False,NVIDIA_GeForce_RTX_3060_Ti,8,
deit_tiny_patch16_224,64,16,fp32,4.9049601554870605,False,NVIDIA_GeForce_RTX_3060_Ti,8,
deit_tiny_patch16_224,64,32,bf16,5.034495830535889,False,NVIDIA_GeForce_RTX_3060_Ti,8,
deit_tiny_patch16_224,64,32,fp16,4.727295875549316,False,NVIDIA_GeForce_RTX_3060_Ti,8,
deit_tiny_patch16_224,64,32,fp32,7.2161760330200195,False,NVIDIA_GeForce_RTX_3060_Ti,8,
deit_tiny_patch16_224,64,64,bf16,6.998528003692627,False,NVIDIA_GeForce_RTX_3060_Ti,8,
deit_tiny_patch16_224,64,64,fp16,6.644224166870117,False,NVIDIA_GeForce_RTX_3060_Ti,8,
deit_tiny_patch16_224,64,64,fp32,11.283967971801758,False,NVIDIA_GeForce_RTX_3060_Ti,8,
deit_tiny_patch16_224,128,16,bf16,6.378496170043945,False,NVIDIA_GeForce_RTX_3060_Ti,8,
deit_tiny_patch16_224,128,16,fp16,5.875199794769287,False,NVIDIA_GeForce_RTX_3060_Ti,8,
deit_tiny_patch16_224,128,16,fp32,11.412480354309082,False,NVIDIA_GeForce_RTX_3060_Ti,8,
deit_tiny_patch16_224,128,32,bf16,9.71776008605957,False,NVIDIA_GeForce_RTX_3060_Ti,8,
deit_tiny_patch16_224,128,32,fp16,9.539072036743164,False,NVIDIA_GeForce_RTX_3060_Ti,8,
deit_tiny_patch16_224,128,32,fp32,18.912256240844727,False,NVIDIA_GeForce_RTX_3060_Ti,8,
deit_tiny_patch16_224,128,64,bf16,17.077247619628906,False,NVIDIA_GeForce_RTX_3060_Ti,8,
deit_tiny_patch16_224,128,64,fp16,16.858112335205078,False,NVIDIA_GeForce_RTX_3060_Ti,8,
deit_tiny_patch16_224,128,64,fp32,33.17862319946289,False,NVIDIA_GeForce_RTX_3060_Ti,8,
deit_tiny_patch16_224,224,16,bf16,13.756928443908691,False,NVIDIA_GeForce_RTX_3060_Ti,8,
deit_tiny_patch16_224,224,16,fp16,13.363712310791016,False,NVIDIA_GeForce_RTX_3060_Ti,8,
deit_tiny_patch16_224,224,16,fp32,28.610559463500977,False,NVIDIA_GeForce_RTX_3060_Ti,8,
deit_tiny_patch16_224,224,32,bf16,24.74291229248047,False,NVIDIA_GeForce_RTX_3060_Ti,8,
deit_tiny_patch16_224,224,32,fp16,24.385536193847656,False,NVIDIA_GeForce_RTX_3060_Ti,8,
deit_tiny_patch16_224,224,32,fp32,52.71142578125,False,NVIDIA_GeForce_RTX_3060_Ti,8,
deit_tiny_patch16_224,224,64,bf16,45.97657775878906,False,NVIDIA_GeForce_RTX_3060_Ti,8,
deit_tiny_patch16_224,224,64,fp16,44.12160110473633,False,NVIDIA_GeForce_RTX_3060_Ti,8,
deit_tiny_patch16_224,224,64,fp32,101.50962829589844,False,NVIDIA_GeForce_RTX_3060_Ti,8,
densenet121,64,16,bf16,12.293120384216309,False,NVIDIA_GeForce_RTX_3060_Ti,8,
densenet121,64,16,fp16,12.04736042022705,False,NVIDIA_GeForce_RTX_3060_Ti,8,
densenet121,64,16,fp32,15.089152336120604,False,NVIDIA_GeForce_RTX_3060_Ti,8,
densenet121,64,32,bf16,16.626176834106445,False,NVIDIA_GeForce_RTX_3060_Ti,8,
densenet121,64,32,fp16,16.596479415893555,False,NVIDIA_GeForce_RTX_3060_Ti,8,
densenet121,64,32,fp32,21.440000534057617,False,NVIDIA_GeForce_RTX_3060_Ti,8,
densenet121,64,64,bf16,25.682432174682617,False,NVIDIA_GeForce_RTX_3060_Ti,8,
densenet121,64,64,fp16,24.8668155670166,False,NVIDIA_GeForce_RTX_3060_Ti,8,
densenet121,64,64,fp32,33.24671936035156,False,NVIDIA_GeForce_RTX_3060_Ti,8,
densenet121,128,16,bf16,21.85728073120117,False,NVIDIA_GeForce_RTX_3060_Ti,8,
densenet121,128,16,fp16,20.024320602416992,False,NVIDIA_GeForce_RTX_3060_Ti,8,
densenet121,128,16,fp32,29.640703201293945,False,NVIDIA_GeForce_RTX_3060_Ti,8,
densenet121,128,32,bf16,34.95423889160156,False,NVIDIA_GeForce_RTX_3060_Ti,8,
densenet121,128,32,fp16,32.79155349731445,False,NVIDIA_GeForce_RTX_3060_Ti,8,
densenet121,128,32,fp32,57.97683334350586,False,NVIDIA_GeForce_RTX_3060_Ti,8,
densenet121,128,64,bf16,60.97305679321289,False,NVIDIA_GeForce_RTX_3060_Ti,8,
densenet121,128,64,fp16,56.58726501464844,False,NVIDIA_GeForce_RTX_3060_Ti,8,
densenet121,128,64,fp32,95.1946258544922,False,NVIDIA_GeForce_RTX_3060_Ti,8,
densenet121,224,16,bf16,50.7407341003418,False,NVIDIA_GeForce_RTX_3060_Ti,8,
densenet121,224,16,fp16,44.74060821533203,False,NVIDIA_GeForce_RTX_3060_Ti,8,
densenet121,224,16,fp32,74.74022674560547,False,NVIDIA_GeForce_RTX_3060_Ti,8,
densenet121,224,32,bf16,87.81311798095703,False,NVIDIA_GeForce_RTX_3060_Ti,8,
densenet121,224,32,fp16,78.10765075683594,False,NVIDIA_GeForce_RTX_3060_Ti,8,
densenet121,224,32,fp32,143.34873962402344,False,NVIDIA_GeForce_RTX_3060_Ti,8,
densenet121,224,64,bf16,169.9773406982422,False,NVIDIA_GeForce_RTX_3060_Ti,8,
densenet121,224,64,fp16,154.102783203125,False,NVIDIA_GeForce_RTX_3060_Ti,8,
densenet121,224,64,fp32,,True,NVIDIA_GeForce_RTX_3060_Ti,8,
dm_nfnet_f1,64,16,bf16,54.9826545715332,False,NVIDIA_GeForce_RTX_3060_Ti,8,
dm_nfnet_f1,64,16,fp16,54.63091278076172,False,NVIDIA_GeForce_RTX_3060_Ti,8,
dm_nfnet_f1,64,16,fp32,69.97862243652344,False,NVIDIA_GeForce_RTX_3060_Ti,8,
dm_nfnet_f1,64,32,bf16,70.87345886230469,False,NVIDIA_GeForce_RTX_3060_Ti,8,
dm_nfnet_f1,64,32,fp16,70.31438446044922,False,NVIDIA_GeForce_RTX_3060_Ti,8,
dm_nfnet_f1,64,32,fp32,93.13040161132812,False,NVIDIA_GeForce_RTX_3060_Ti,8,
dm_nfnet_f1,64,64,bf16,108.19789123535156,False,NVIDIA_GeForce_RTX_3060_Ti,8,
dm_nfnet_f1,64,64,fp16,107.58195495605467,False,NVIDIA_GeForce_RTX_3060_Ti,8,
dm_nfnet_f1,64,64,fp32,139.43057250976562,False,NVIDIA_GeForce_RTX_3060_Ti,8,
dm_nfnet_f1,128,16,bf16,83.24950408935547,False,NVIDIA_GeForce_RTX_3060_Ti,8,
dm_nfnet_f1,128,16,fp16,82.58782196044922,False,NVIDIA_GeForce_RTX_3060_Ti,8,
dm_nfnet_f1,128,16,fp32,113.0731201171875,False,NVIDIA_GeForce_RTX_3060_Ti,8,
dm_nfnet_f1,128,32,bf16,128.0343017578125,False,NVIDIA_GeForce_RTX_3060_Ti,8,
dm_nfnet_f1,128,32,fp16,127.2437744140625,False,NVIDIA_GeForce_RTX_3060_Ti,8,
dm_nfnet_f1,128,32,fp32,205.360107421875,False,NVIDIA_GeForce_RTX_3060_Ti,8,
dm_nfnet_f1,128,64,bf16,217.10659790039065,False,NVIDIA_GeForce_RTX_3060_Ti,8,
dm_nfnet_f1,128,64,fp16,215.8730316162109,False,NVIDIA_GeForce_RTX_3060_Ti,8,
dm_nfnet_f1,128,64,fp32,,True,NVIDIA_GeForce_RTX_3060_Ti,8,
dm_nfnet_f1,224,16,bf16,165.16561889648438,False,NVIDIA_GeForce_RTX_3060_Ti,8,
dm_nfnet_f1,224,16,fp16,163.5855255126953,False,NVIDIA_GeForce_RTX_3060_Ti,8,
dm_nfnet_f1,224,16,fp32,,True,NVIDIA_GeForce_RTX_3060_Ti,8,
dm_nfnet_f1,224,32,bf16,284.41033935546875,False,NVIDIA_GeForce_RTX_3060_Ti,8,
dm_nfnet_f1,224,32,fp16,283.5014343261719,False,NVIDIA_GeForce_RTX_3060_Ti,8,
dm_nfnet_f1,224,32,fp32,,True,NVIDIA_GeForce_RTX_3060_Ti,8,
dm_nfnet_f1,224,64,bf16,,True,NVIDIA_GeForce_RTX_3060_Ti,8,
dm_nfnet_f1,224,64,fp16,,True,NVIDIA_GeForce_RTX_3060_Ti,8,
dm_nfnet_f1,224,64,fp32,,True,NVIDIA_GeForce_RTX_3060_Ti,8,
efficientnet_b0,64,16,bf16,8.127471923828125,False,NVIDIA_GeForce_RTX_3060_Ti,8,
efficientnet_b0,64,16,fp16,8.588288307189941,False,NVIDIA_GeForce_RTX_3060_Ti,8,
efficientnet_b0,64,16,fp32,8.71731185913086,False,NVIDIA_GeForce_RTX_3060_Ti,8,
efficientnet_b0,64,32,bf16,10.974160194396973,False,NVIDIA_GeForce_RTX_3060_Ti,8,
efficientnet_b0,64,32,fp16,9.751551628112791,False,NVIDIA_GeForce_RTX_3060_Ti,8,
efficientnet_b0,64,32,fp32,12.805120468139648,False,NVIDIA_GeForce_RTX_3060_Ti,8,
efficientnet_b0,64,64,bf16,18.20569610595703,False,NVIDIA_GeForce_RTX_3060_Ti,8,
efficientnet_b0,64,64,fp16,15.599616050720217,False,NVIDIA_GeForce_RTX_3060_Ti,8,
efficientnet_b0,64,64,fp32,21.243392944335938,False,NVIDIA_GeForce_RTX_3060_Ti,8,
efficientnet_b0,128,16,bf16,13.707263946533203,False,NVIDIA_GeForce_RTX_3060_Ti,8,
efficientnet_b0,128,16,fp16,11.85433578491211,False,NVIDIA_GeForce_RTX_3060_Ti,8,
efficientnet_b0,128,16,fp32,17.069568634033203,False,NVIDIA_GeForce_RTX_3060_Ti,8,
efficientnet_b0,128,32,bf16,22.92515182495117,False,NVIDIA_GeForce_RTX_3060_Ti,8,
efficientnet_b0,128,32,fp16,18.62656021118164,False,NVIDIA_GeForce_RTX_3060_Ti,8,
efficientnet_b0,128,32,fp32,28.57355117797852,False,NVIDIA_GeForce_RTX_3060_Ti,8,
efficientnet_b0,128,64,bf16,38.8831672668457,False,NVIDIA_GeForce_RTX_3060_Ti,8,
efficientnet_b0,128,64,fp16,30.62977600097656,False,NVIDIA_GeForce_RTX_3060_Ti,8,
efficientnet_b0,128,64,fp32,52.39449691772461,False,NVIDIA_GeForce_RTX_3060_Ti,8,
efficientnet_b0,224,16,bf16,31.154176712036133,False,NVIDIA_GeForce_RTX_3060_Ti,8,
efficientnet_b0,224,16,fp16,23.45403289794922,False,NVIDIA_GeForce_RTX_3060_Ti,8,
efficientnet_b0,224,16,fp32,39.62675094604492,False,NVIDIA_GeForce_RTX_3060_Ti,8,
efficientnet_b0,224,32,bf16,57.1064338684082,False,NVIDIA_GeForce_RTX_3060_Ti,8,
efficientnet_b0,224,32,fp16,42.49446487426758,False,NVIDIA_GeForce_RTX_3060_Ti,8,
efficientnet_b0,224,32,fp32,74.94497680664062,False,NVIDIA_GeForce_RTX_3060_Ti,8,
efficientnet_b0,224,64,bf16,106.6096649169922,False,NVIDIA_GeForce_RTX_3060_Ti,8,
efficientnet_b0,224,64,fp16,78.8331527709961,False,NVIDIA_GeForce_RTX_3060_Ti,8,
efficientnet_b0,224,64,fp32,145.43600463867188,False,NVIDIA_GeForce_RTX_3060_Ti,8,
efficientnet_b3,64,16,bf16,16.272287368774414,False,NVIDIA_GeForce_RTX_3060_Ti,8,
efficientnet_b3,64,16,fp16,14.865360260009766,False,NVIDIA_GeForce_RTX_3060_Ti,8,
efficientnet_b3,64,16,fp32,17.71571159362793,False,NVIDIA_GeForce_RTX_3060_Ti,8,
efficientnet_b3,64,32,bf16,21.89089584350586,False,NVIDIA_GeForce_RTX_3060_Ti,8,
efficientnet_b3,64,32,fp16,19.052032470703125,False,NVIDIA_GeForce_RTX_3060_Ti,8,
efficientnet_b3,64,32,fp32,26.195968627929688,False,NVIDIA_GeForce_RTX_3060_Ti,8,
efficientnet_b3,64,64,bf16,34.25689697265625,False,NVIDIA_GeForce_RTX_3060_Ti,8,
efficientnet_b3,64,64,fp16,28.855791091918945,False,NVIDIA_GeForce_RTX_3060_Ti,8,
efficientnet_b3,64,64,fp32,43.97465515136719,False,NVIDIA_GeForce_RTX_3060_Ti,8,
efficientnet_b3,128,16,bf16,25.98705673217773,False,NVIDIA_GeForce_RTX_3060_Ti,8,
efficientnet_b3,128,16,fp16,20.801023483276367,False,NVIDIA_GeForce_RTX_3060_Ti,8,
efficientnet_b3,128,16,fp32,34.21798324584961,False,NVIDIA_GeForce_RTX_3060_Ti,8,
efficientnet_b3,128,32,bf16,42.6690559387207,False,NVIDIA_GeForce_RTX_3060_Ti,8,
efficientnet_b3,128,32,fp16,34.42416000366211,False,NVIDIA_GeForce_RTX_3060_Ti,8,
efficientnet_b3,128,32,fp32,56.80332946777344,False,NVIDIA_GeForce_RTX_3060_Ti,8,
efficientnet_b3,128,64,bf16,76.93055725097656,False,NVIDIA_GeForce_RTX_3060_Ti,8,
efficientnet_b3,128,64,fp16,60.583377838134766,False,NVIDIA_GeForce_RTX_3060_Ti,8,
efficientnet_b3,128,64,fp32,104.08550262451172,False,NVIDIA_GeForce_RTX_3060_Ti,8,
efficientnet_b3,224,16,bf16,59.85126495361328,False,NVIDIA_GeForce_RTX_3060_Ti,8,
efficientnet_b3,224,16,fp16,44.01049423217773,False,NVIDIA_GeForce_RTX_3060_Ti,8,
efficientnet_b3,224,16,fp32,78.53870391845703,False,NVIDIA_GeForce_RTX_3060_Ti,8,
efficientnet_b3,224,32,bf16,109.08723449707033,False,NVIDIA_GeForce_RTX_3060_Ti,8,
efficientnet_b3,224,32,fp16,79.90322875976562,False,NVIDIA_GeForce_RTX_3060_Ti,8,
efficientnet_b3,224,32,fp32,182.0670166015625,False,NVIDIA_GeForce_RTX_3060_Ti,8,
efficientnet_b3,224,64,bf16,304.9573059082031,False,NVIDIA_GeForce_RTX_3060_Ti,8,
efficientnet_b3,224,64,fp16,243.89273071289065,False,NVIDIA_GeForce_RTX_3060_Ti,8,
efficientnet_b3,224,64,fp32,,True,NVIDIA_GeForce_RTX_3060_Ti,8,
efficientnet_b5,64,16,bf16,31.08966445922852,False,NVIDIA_GeForce_RTX_3060_Ti,8,
efficientnet_b5,64,16,fp16,27.641855239868164,False,NVIDIA_GeForce_RTX_3060_Ti,8,
efficientnet_b5,64,16,fp32,35.54508972167969,False,NVIDIA_GeForce_RTX_3060_Ti,8,
efficientnet_b5,64,32,bf16,42.75558471679688,False,NVIDIA_GeForce_RTX_3060_Ti,8,
efficientnet_b5,64,32,fp16,36.28031921386719,False,NVIDIA_GeForce_RTX_3060_Ti,8,
efficientnet_b5,64,32,fp32,51.81593704223633,False,NVIDIA_GeForce_RTX_3060_Ti,8,
efficientnet_b5,64,64,bf16,67.86969757080078,False,NVIDIA_GeForce_RTX_3060_Ti,8,
efficientnet_b5,64,64,fp16,55.62419128417969,False,NVIDIA_GeForce_RTX_3060_Ti,8,
efficientnet_b5,64,64,fp32,86.98880004882812,False,NVIDIA_GeForce_RTX_3060_Ti,8,
efficientnet_b5,128,16,bf16,49.62764739990234,False,NVIDIA_GeForce_RTX_3060_Ti,8,
efficientnet_b5,128,16,fp16,38.93247985839844,False,NVIDIA_GeForce_RTX_3060_Ti,8,
efficientnet_b5,128,16,fp32,65.0280990600586,False,NVIDIA_GeForce_RTX_3060_Ti,8,
efficientnet_b5,128,32,bf16,82.1252670288086,False,NVIDIA_GeForce_RTX_3060_Ti,8,
efficientnet_b5,128,32,fp16,63.437744140625,False,NVIDIA_GeForce_RTX_3060_Ti,8,
efficientnet_b5,128,32,fp32,109.12760162353516,False,NVIDIA_GeForce_RTX_3060_Ti,8,
efficientnet_b5,128,64,bf16,146.2722625732422,False,NVIDIA_GeForce_RTX_3060_Ti,8,
efficientnet_b5,128,64,fp16,111.7107162475586,False,NVIDIA_GeForce_RTX_3060_Ti,8,
efficientnet_b5,128,64,fp32,,True,NVIDIA_GeForce_RTX_3060_Ti,8,
efficientnet_b5,224,16,bf16,112.21183776855467,False,NVIDIA_GeForce_RTX_3060_Ti,8,
efficientnet_b5,224,16,fp16,79.47264099121094,False,NVIDIA_GeForce_RTX_3060_Ti,8,
efficientnet_b5,224,16,fp32,149.09524536132812,False,NVIDIA_GeForce_RTX_3060_Ti,8,
efficientnet_b5,224,32,bf16,205.8383331298828,False,NVIDIA_GeForce_RTX_3060_Ti,8,
efficientnet_b5,224,32,fp16,145.27325439453125,False,NVIDIA_GeForce_RTX_3060_Ti,8,
efficientnet_b5,224,32,fp32,,True,NVIDIA_GeForce_RTX_3060_Ti,8,
efficientnet_b5,224,64,bf16,,True,NVIDIA_GeForce_RTX_3060_Ti,8,
efficientnet_b5,224,64,fp16,,True,NVIDIA_GeForce_RTX_3060_Ti,8,
efficientnet_b5,224,64,fp32,,True,NVIDIA_GeForce_RTX_3060_Ti,8,
efficientnetv2_l,64,16,bf16,69.56237030029297,False,NVIDIA_GeForce_RTX_3060_Ti,8,
efficientnetv2_l,64,16,fp16,66.79090881347656,False,NVIDIA_GeForce_RTX_3060_Ti,8,
efficientnetv2_l,64,16,fp32,92.15795135498048,False,NVIDIA_GeForce_RTX_3060_Ti,8,
efficientnetv2_l,64,32,bf16,87.64415740966797,False,NVIDIA_GeForce_RTX_3060_Ti,8,
efficientnetv2_l,64,32,fp16,80.66307067871094,False,NVIDIA_GeForce_RTX_3060_Ti,8,
efficientnetv2_l,64,32,fp32,130.50265502929688,False,NVIDIA_GeForce_RTX_3060_Ti,8,
efficientnetv2_l,64,64,bf16,132.7657012939453,False,NVIDIA_GeForce_RTX_3060_Ti,8,
efficientnetv2_l,64,64,fp16,115.1272964477539,False,NVIDIA_GeForce_RTX_3060_Ti,8,
efficientnetv2_l,64,64,fp32,195.4088897705078,False,NVIDIA_GeForce_RTX_3060_Ti,8,
efficientnetv2_l,128,16,bf16,92.2265625,False,NVIDIA_GeForce_RTX_3060_Ti,8,
efficientnetv2_l,128,16,fp16,83.15908813476562,False,NVIDIA_GeForce_RTX_3060_Ti,8,
efficientnetv2_l,128,16,fp32,138.0515899658203,False,NVIDIA_GeForce_RTX_3060_Ti,8,
efficientnetv2_l,128,32,bf16,144.37376403808594,False,NVIDIA_GeForce_RTX_3060_Ti,8,
efficientnetv2_l,128,32,fp16,125.86239624023438,False,NVIDIA_GeForce_RTX_3060_Ti,8,
efficientnetv2_l,128,32,fp32,569.49609375,False,NVIDIA_GeForce_RTX_3060_Ti,8,
efficientnetv2_l,128,64,bf16,971.610107421875,False,NVIDIA_GeForce_RTX_3060_Ti,8,slow_outlier
efficientnetv2_l,128,64,fp16,874.2210693359375,False,NVIDIA_GeForce_RTX_3060_Ti,8,slow_outlier
efficientnetv2_l,128,64,fp32,,True,NVIDIA_GeForce_RTX_3060_Ti,8,
efficientnetv2_l,224,16,bf16,251.89273071289065,False,NVIDIA_GeForce_RTX_3060_Ti,8,
efficientnetv2_l,224,16,fp16,196.50816345214844,False,NVIDIA_GeForce_RTX_3060_Ti,8,
efficientnetv2_l,224,16,fp32,,True,NVIDIA_GeForce_RTX_3060_Ti,8,
efficientnetv2_l,224,32,bf16,,True,NVIDIA_GeForce_RTX_3060_Ti,8,
efficientnetv2_l,224,32,fp16,,True,NVIDIA_GeForce_RTX_3060_Ti,8,
efficientnetv2_l,224,32,fp32,,True,NVIDIA_GeForce_RTX_3060_Ti,8,
efficientnetv2_l,224,64,bf16,,True,NVIDIA_GeForce_RTX_3060_Ti,8,
efficientnetv2_l,224,64,fp16,,True,NVIDIA_GeForce_RTX_3060_Ti,8,
efficientnetv2_l,224,64,fp32,,True,NVIDIA_GeForce_RTX_3060_Ti,8,
efficientnetv2_m,64,16,bf16,40.59326553344727,False,NVIDIA_GeForce_RTX_3060_Ti,8,
efficientnetv2_m,64,16,fp16,37.38094329833984,False,NVIDIA_GeForce_RTX_3060_Ti,8,
efficientnetv2_m,64,16,fp32,48.23705673217773,False,NVIDIA_GeForce_RTX_3060_Ti,8,
efficientnetv2_m,64,32,bf16,52.46614456176758,False,NVIDIA_GeForce_RTX_3060_Ti,8,
efficientnetv2_m,64,32,fp16,46.193153381347656,False,NVIDIA_GeForce_RTX_3060_Ti,8,
efficientnetv2_m,64,32,fp32,65.73977661132812,False,NVIDIA_GeForce_RTX_3060_Ti,8,
efficientnetv2_m,64,64,bf16,79.79264068603516,False,NVIDIA_GeForce_RTX_3060_Ti,8,
efficientnetv2_m,64,64,fp16,67.52409362792969,False,NVIDIA_GeForce_RTX_3060_Ti,8,
efficientnetv2_m,64,64,fp32,108.32017517089844,False,NVIDIA_GeForce_RTX_3060_Ti,8,
efficientnetv2_m,128,16,bf16,54.910400390625,False,NVIDIA_GeForce_RTX_3060_Ti,8,
efficientnetv2_m,128,16,fp16,47.74599838256836,False,NVIDIA_GeForce_RTX_3060_Ti,8,
efficientnetv2_m,128,16,fp32,74.9823989868164,False,NVIDIA_GeForce_RTX_3060_Ti,8,
efficientnetv2_m,128,32,bf16,84.8387680053711,False,NVIDIA_GeForce_RTX_3060_Ti,8,
efficientnetv2_m,128,32,fp16,72.63436889648438,False,NVIDIA_GeForce_RTX_3060_Ti,8,
efficientnetv2_m,128,32,fp32,117.60179138183594,False,NVIDIA_GeForce_RTX_3060_Ti,8,
efficientnetv2_m,128,64,bf16,144.78233337402344,False,NVIDIA_GeForce_RTX_3060_Ti,8,
efficientnetv2_m,128,64,fp16,123.30496215820312,False,NVIDIA_GeForce_RTX_3060_Ti,8,
efficientnetv2_m,128,64,fp32,606.0840454101562,False,NVIDIA_GeForce_RTX_3060_Ti,8,slow_outlier
efficientnetv2_m,224,16,bf16,111.0722427368164,False,NVIDIA_GeForce_RTX_3060_Ti,8,
efficientnetv2_m,224,16,fp16,87.8551025390625,False,NVIDIA_GeForce_RTX_3060_Ti,8,
efficientnetv2_m,224,16,fp32,152.1387481689453,False,NVIDIA_GeForce_RTX_3060_Ti,8,
efficientnetv2_m,224,32,bf16,195.16058349609372,False,NVIDIA_GeForce_RTX_3060_Ti,8,
efficientnetv2_m,224,32,fp16,155.80621337890625,False,NVIDIA_GeForce_RTX_3060_Ti,8,
efficientnetv2_m,224,32,fp32,,True,NVIDIA_GeForce_RTX_3060_Ti,8,
efficientnetv2_m,224,64,bf16,,True,NVIDIA_GeForce_RTX_3060_Ti,8,
efficientnetv2_m,224,64,fp16,,True,NVIDIA_GeForce_RTX_3060_Ti,8,
efficientnetv2_m,224,64,fp32,,True,NVIDIA_GeForce_RTX_3060_Ti,8,
efficientnetv2_s,64,16,bf16,19.85628890991211,False,NVIDIA_GeForce_RTX_3060_Ti,8,
efficientnetv2_s,64,16,fp16,19.01670455932617,False,NVIDIA_GeForce_RTX_3060_Ti,8,
efficientnetv2_s,64,16,fp32,23.78235244750977,False,NVIDIA_GeForce_RTX_3060_Ti,8,
efficientnetv2_s,64,32,bf16,26.9182243347168,False,NVIDIA_GeForce_RTX_3060_Ti,8,
efficientnetv2_s,64,32,fp16,24.749408721923828,False,NVIDIA_GeForce_RTX_3060_Ti,8,
efficientnetv2_s,64,32,fp32,32.59427261352539,False,NVIDIA_GeForce_RTX_3060_Ti,8,
efficientnetv2_s,64,64,bf16,41.48428726196289,False,NVIDIA_GeForce_RTX_3060_Ti,8,
efficientnetv2_s,64,64,fp16,36.278785705566406,False,NVIDIA_GeForce_RTX_3060_Ti,8,
efficientnetv2_s,64,64,fp32,54.41279983520508,False,NVIDIA_GeForce_RTX_3060_Ti,8,
efficientnetv2_s,128,16,bf16,28.87475204467773,False,NVIDIA_GeForce_RTX_3060_Ti,8,
efficientnetv2_s,128,16,fp16,25.459199905395508,False,NVIDIA_GeForce_RTX_3060_Ti,8,
efficientnetv2_s,128,16,fp32,40.71424102783203,False,NVIDIA_GeForce_RTX_3060_Ti,8,
efficientnetv2_s,128,32,bf16,45.65145492553711,False,NVIDIA_GeForce_RTX_3060_Ti,8,
efficientnetv2_s,128,32,fp16,39.15620803833008,False,NVIDIA_GeForce_RTX_3060_Ti,8,
efficientnetv2_s,128,32,fp32,63.43782424926758,False,NVIDIA_GeForce_RTX_3060_Ti,8,
efficientnetv2_s,128,64,bf16,78.81881713867188,False,NVIDIA_GeForce_RTX_3060_Ti,8,
efficientnetv2_s,128,64,fp16,66.19750213623047,False,NVIDIA_GeForce_RTX_3060_Ti,8,
efficientnetv2_s,128,64,fp32,114.78015899658205,False,NVIDIA_GeForce_RTX_3060_Ti,8,
efficientnetv2_s,224,16,bf16,61.2663688659668,False,NVIDIA_GeForce_RTX_3060_Ti,8,
efficientnetv2_s,224,16,fp16,48.99887847900391,False,NVIDIA_GeForce_RTX_3060_Ti,8,
efficientnetv2_s,224,16,fp32,85.61100769042969,False,NVIDIA_GeForce_RTX_3060_Ti,8,
efficientnetv2_s,224,32,bf16,109.30774688720705,False,NVIDIA_GeForce_RTX_3060_Ti,8,
efficientnetv2_s,224,32,fp16,85.52742767333984,False,NVIDIA_GeForce_RTX_3060_Ti,8,
efficientnetv2_s,224,32,fp32,162.22515869140625,False,NVIDIA_GeForce_RTX_3060_Ti,8,
efficientnetv2_s,224,64,bf16,213.9304962158203,False,NVIDIA_GeForce_RTX_3060_Ti,8,
efficientnetv2_s,224,64,fp16,167.65338134765625,False,NVIDIA_GeForce_RTX_3060_Ti,8,
efficientnetv2_s,224,64,fp32,,True,NVIDIA_GeForce_RTX_3060_Ti,8,
fastvit_t12,64,16,bf16,10.51801586151123,False,NVIDIA_GeForce_RTX_3060_Ti,8,
fastvit_t12,64,16,fp16,9.976256370544434,False,NVIDIA_GeForce_RTX_3060_Ti,8,
fastvit_t12,64,16,fp32,11.705856323242188,False,NVIDIA_GeForce_RTX_3060_Ti,8,
fastvit_t12,64,32,bf16,15.278592109680176,False,NVIDIA_GeForce_RTX_3060_Ti,8,
fastvit_t12,64,32,fp16,14.257136344909668,False,NVIDIA_GeForce_RTX_3060_Ti,8,
fastvit_t12,64,32,fp32,16.773616790771484,False,NVIDIA_GeForce_RTX_3060_Ti,8,
fastvit_t12,64,64,bf16,24.11315155029297,False,NVIDIA_GeForce_RTX_3060_Ti,8,
fastvit_t12,64,64,fp16,22.746112823486328,False,NVIDIA_GeForce_RTX_3060_Ti,8,
fastvit_t12,64,64,fp32,28.084735870361328,False,NVIDIA_GeForce_RTX_3060_Ti,8,
fastvit_t12,128,16,bf16,19.37766456604004,False,NVIDIA_GeForce_RTX_3060_Ti,8,
fastvit_t12,128,16,fp16,17.653247833251953,False,NVIDIA_GeForce_RTX_3060_Ti,8,
fastvit_t12,128,16,fp32,22.89305686950684,False,NVIDIA_GeForce_RTX_3060_Ti,8,
fastvit_t12,128,32,bf16,33.81036758422852,False,NVIDIA_GeForce_RTX_3060_Ti,8,
fastvit_t12,128,32,fp16,30.674943923950195,False,NVIDIA_GeForce_RTX_3060_Ti,8,
fastvit_t12,128,32,fp32,40.25278472900391,False,NVIDIA_GeForce_RTX_3060_Ti,8,
fastvit_t12,128,64,bf16,63.6308479309082,False,NVIDIA_GeForce_RTX_3060_Ti,8,
fastvit_t12,128,64,fp16,57.44435119628906,False,NVIDIA_GeForce_RTX_3060_Ti,8,
fastvit_t12,128,64,fp32,74.78067016601562,False,NVIDIA_GeForce_RTX_3060_Ti,8,
fastvit_t12,224,16,bf16,49.81964874267578,False,NVIDIA_GeForce_RTX_3060_Ti,8,
fastvit_t12,224,16,fp16,44.7119369506836,False,NVIDIA_GeForce_RTX_3060_Ti,8,
fastvit_t12,224,16,fp32,57.38393783569336,False,NVIDIA_GeForce_RTX_3060_Ti,8,
fastvit_t12,224,32,bf16,94.44608306884766,False,NVIDIA_GeForce_RTX_3060_Ti,8,
fastvit_t12,224,32,fp16,84.32844543457031,False,NVIDIA_GeForce_RTX_3060_Ti,8,
fastvit_t12,224,32,fp32,111.95289611816406,False,NVIDIA_GeForce_RTX_3060_Ti,8,
fastvit_t12,224,64,bf16,183.49105834960935,False,NVIDIA_GeForce_RTX_3060_Ti,8,
fastvit_t12,224,64,fp16,164.72422790527344,False,NVIDIA_GeForce_RTX_3060_Ti,8,
fastvit_t12,224,64,fp32,221.1901397705078,False,NVIDIA_GeForce_RTX_3060_Ti,8,
fastvit_t8,64,16,bf16,7.356400012969971,False,NVIDIA_GeForce_RTX_3060_Ti,8,
fastvit_t8,64,16,fp16,7.796224117279053,False,NVIDIA_GeForce_RTX_3060_Ti,8,
fastvit_t8,64,16,fp32,7.725056171417236,False,NVIDIA_GeForce_RTX_3060_Ti,8,
fastvit_t8,64,32,bf16,10.406288146972656,False,NVIDIA_GeForce_RTX_3060_Ti,8,
fastvit_t8,64,32,fp16,9.548288345336914,False,NVIDIA_GeForce_RTX_3060_Ti,8,
fastvit_t8,64,32,fp32,11.255807876586914,False,NVIDIA_GeForce_RTX_3060_Ti,8,
fastvit_t8,64,64,bf16,17.601472854614258,False,NVIDIA_GeForce_RTX_3060_Ti,8,
fastvit_t8,64,64,fp16,15.886159896850586,False,NVIDIA_GeForce_RTX_3060_Ti,8,
fastvit_t8,64,64,fp32,18.860496520996094,False,NVIDIA_GeForce_RTX_3060_Ti,8,
fastvit_t8,128,16,bf16,13.867520332336426,False,NVIDIA_GeForce_RTX_3060_Ti,8,
fastvit_t8,128,16,fp16,12.604928016662598,False,NVIDIA_GeForce_RTX_3060_Ti,8,
fastvit_t8,128,16,fp32,15.621968269348145,False,NVIDIA_GeForce_RTX_3060_Ti,8,
fastvit_t8,128,32,bf16,24.41929626464844,False,NVIDIA_GeForce_RTX_3060_Ti,8,
fastvit_t8,128,32,fp16,22.021631240844727,False,NVIDIA_GeForce_RTX_3060_Ti,8,
fastvit_t8,128,32,fp32,27.553152084350582,False,NVIDIA_GeForce_RTX_3060_Ti,8,
fastvit_t8,128,64,bf16,44.614654541015625,False,NVIDIA_GeForce_RTX_3060_Ti,8,
fastvit_t8,128,64,fp16,40.239105224609375,False,NVIDIA_GeForce_RTX_3060_Ti,8,
fastvit_t8,128,64,fp32,51.20716857910156,False,NVIDIA_GeForce_RTX_3060_Ti,8,
fastvit_t8,224,16,bf16,35.07404708862305,False,NVIDIA_GeForce_RTX_3060_Ti,8,
fastvit_t8,224,16,fp16,31.32774353027344,False,NVIDIA_GeForce_RTX_3060_Ti,8,
fastvit_t8,224,16,fp32,39.44755172729492,False,NVIDIA_GeForce_RTX_3060_Ti,8,
fastvit_t8,224,32,bf16,65.94918060302734,False,NVIDIA_GeForce_RTX_3060_Ti,8,
fastvit_t8,224,32,fp16,58.88600158691406,False,NVIDIA_GeForce_RTX_3060_Ti,8,
fastvit_t8,224,32,fp32,76.86548614501953,False,NVIDIA_GeForce_RTX_3060_Ti,8,
fastvit_t8,224,64,bf16,128.24627685546875,False,NVIDIA_GeForce_RTX_3060_Ti,8,
fastvit_t8,224,64,fp16,114.4826889038086,False,NVIDIA_GeForce_RTX_3060_Ti,8,
fastvit_t8,224,64,fp32,149.55923461914062,False,NVIDIA_GeForce_RTX_3060_Ti,8,
maxvit_tiny_tf_224,64,16,bf16,22.978559494018555,False,NVIDIA_GeForce_RTX_3060_Ti,8,
maxvit_tiny_tf_224,64,16,fp16,21.634048461914062,False,NVIDIA_GeForce_RTX_3060_Ti,8,
maxvit_tiny_tf_224,64,16,fp32,35.494911193847656,False,NVIDIA_GeForce_RTX_3060_Ti,8,
maxvit_tiny_tf_224,64,32,bf16,34.188289642333984,False,NVIDIA_GeForce_RTX_3060_Ti,8,
maxvit_tiny_tf_224,64,32,fp16,31.912960052490234,False,NVIDIA_GeForce_RTX_3060_Ti,8,
maxvit_tiny_tf_224,64,32,fp32,58.41100692749024,False,NVIDIA_GeForce_RTX_3060_Ti,8,
maxvit_tiny_tf_224,64,64,bf16,55.04460906982422,False,NVIDIA_GeForce_RTX_3060_Ti,8,
maxvit_tiny_tf_224,64,64,fp16,51.39046478271485,False,NVIDIA_GeForce_RTX_3060_Ti,8,
maxvit_tiny_tf_224,64,64,fp32,104.32819366455078,False,NVIDIA_GeForce_RTX_3060_Ti,8,
maxvit_tiny_tf_224,128,16,bf16,43.07865524291992,False,NVIDIA_GeForce_RTX_3060_Ti,8,
maxvit_tiny_tf_224,128,16,fp16,39.22124862670898,False,NVIDIA_GeForce_RTX_3060_Ti,8,
maxvit_tiny_tf_224,128,16,fp32,69.67142486572266,False,NVIDIA_GeForce_RTX_3060_Ti,8,
maxvit_tiny_tf_224,128,32,bf16,74.66035461425781,False,NVIDIA_GeForce_RTX_3060_Ti,8,
maxvit_tiny_tf_224,128,32,fp16,67.93267059326172,False,NVIDIA_GeForce_RTX_3060_Ti,8,
maxvit_tiny_tf_224,128,32,fp32,126.12095642089844,False,NVIDIA_GeForce_RTX_3060_Ti,8,
maxvit_tiny_tf_224,128,64,bf16,136.94207763671875,False,NVIDIA_GeForce_RTX_3060_Ti,8,
maxvit_tiny_tf_224,128,64,fp16,125.23827362060548,False,NVIDIA_GeForce_RTX_3060_Ti,8,
maxvit_tiny_tf_224,128,64,fp32,,True,NVIDIA_GeForce_RTX_3060_Ti,8,
maxvit_tiny_tf_224,224,16,bf16,103.1720962524414,False,NVIDIA_GeForce_RTX_3060_Ti,8,
maxvit_tiny_tf_224,224,16,fp16,94.70361328125,False,NVIDIA_GeForce_RTX_3060_Ti,8,
maxvit_tiny_tf_224,224,16,fp32,169.37472534179688,False,NVIDIA_GeForce_RTX_3060_Ti,8,
maxvit_tiny_tf_224,224,32,bf16,189.17529296875,False,NVIDIA_GeForce_RTX_3060_Ti,8,
maxvit_tiny_tf_224,224,32,fp16,172.9054718017578,False,NVIDIA_GeForce_RTX_3060_Ti,8,
maxvit_tiny_tf_224,224,32,fp32,,True,NVIDIA_GeForce_RTX_3060_Ti,8,
maxvit_tiny_tf_224,224,64,bf16,,True,NVIDIA_GeForce_RTX_3060_Ti,8,
maxvit_tiny_tf_224,224,64,fp16,,True,NVIDIA_GeForce_RTX_3060_Ti,8,
maxvit_tiny_tf_224,224,64,fp32,,True,NVIDIA_GeForce_RTX_3060_Ti,8,
mixer_b16_224,64,16,bf16,19.765247344970703,False,NVIDIA_GeForce_RTX_3060_Ti,8,
mixer_b16_224,64,16,fp16,19.67616081237793,False,NVIDIA_GeForce_RTX_3060_Ti,8,
mixer_b16_224,64,16,fp32,27.999727249145508,False,NVIDIA_GeForce_RTX_3060_Ti,8,
mixer_b16_224,64,32,bf16,28.714319229125977,False,NVIDIA_GeForce_RTX_3060_Ti,8,
mixer_b16_224,64,32,fp16,27.993600845336918,False,NVIDIA_GeForce_RTX_3060_Ti,8,
mixer_b16_224,64,32,fp32,46.68199920654297,False,NVIDIA_GeForce_RTX_3060_Ti,8,
mixer_b16_224,64,64,bf16,45.743614196777344,False,NVIDIA_GeForce_RTX_3060_Ti,8,
mixer_b16_224,64,64,fp16,45.35091018676758,False,NVIDIA_GeForce_RTX_3060_Ti,8,
mixer_b16_224,64,64,fp32,84.22041320800781,False,NVIDIA_GeForce_RTX_3060_Ti,8,
mixer_b16_224,128,16,bf16,33.90145492553711,False,NVIDIA_GeForce_RTX_3060_Ti,8,
mixer_b16_224,128,16,fp16,33.3920783996582,False,NVIDIA_GeForce_RTX_3060_Ti,8,
mixer_b16_224,128,16,fp32,62.95449447631836,False,NVIDIA_GeForce_RTX_3060_Ti,8,
mixer_b16_224,128,32,bf16,55.62155151367188,False,NVIDIA_GeForce_RTX_3060_Ti,8,
mixer_b16_224,128,32,fp16,54.60007858276367,False,NVIDIA_GeForce_RTX_3060_Ti,8,
mixer_b16_224,128,32,fp32,114.59054565429688,False,NVIDIA_GeForce_RTX_3060_Ti,8,
mixer_b16_224,128,64,bf16,98.1176300048828,False,NVIDIA_GeForce_RTX_3060_Ti,8,
mixer_b16_224,128,64,fp16,99.38483428955078,False,NVIDIA_GeForce_RTX_3060_Ti,8,
mixer_b16_224,128,64,fp32,213.90220642089844,False,NVIDIA_GeForce_RTX_3060_Ti,8,
mixer_b16_224,224,16,bf16,72.29431915283203,False,NVIDIA_GeForce_RTX_3060_Ti,8,
mixer_b16_224,224,16,fp16,76.63713836669922,False,NVIDIA_GeForce_RTX_3060_Ti,8,
mixer_b16_224,224,16,fp32,158.36770629882812,False,NVIDIA_GeForce_RTX_3060_Ti,8,
mixer_b16_224,224,32,bf16,134.22329711914062,False,NVIDIA_GeForce_RTX_3060_Ti,8,
mixer_b16_224,224,32,fp16,138.85336303710938,False,NVIDIA_GeForce_RTX_3060_Ti,8,
mixer_b16_224,224,32,fp32,308.6038513183594,False,NVIDIA_GeForce_RTX_3060_Ti,8,
mixer_b16_224,224,64,bf16,258.1524353027344,False,NVIDIA_GeForce_RTX_3060_Ti,8,
mixer_b16_224,224,64,fp16,268.07293701171875,False,NVIDIA_GeForce_RTX_3060_Ti,8,
mixer_b16_224,224,64,fp32,,True,NVIDIA_GeForce_RTX_3060_Ti,8,
mobilenetv2_100,64,16,bf16,4.828159809112549,False,NVIDIA_GeForce_RTX_3060_Ti,8,
mobilenetv2_100,64,16,fp16,4.376063823699951,False,NVIDIA_GeForce_RTX_3060_Ti,8,
mobilenetv2_100,64,16,fp32,5.57209587097168,False,NVIDIA_GeForce_RTX_3060_Ti,8,
mobilenetv2_100,64,32,bf16,7.3369598388671875,False,NVIDIA_GeForce_RTX_3060_Ti,8,
mobilenetv2_100,64,32,fp16,6.232016086578369,False,NVIDIA_GeForce_RTX_3060_Ti,8,
mobilenetv2_100,64,32,fp32,8.471455574035645,False,NVIDIA_GeForce_RTX_3060_Ti,8,
mobilenetv2_100,64,64,bf16,12.048303604125977,False,NVIDIA_GeForce_RTX_3060_Ti,8,
mobilenetv2_100,64,64,fp16,9.81657600402832,False,NVIDIA_GeForce_RTX_3060_Ti,8,
mobilenetv2_100,64,64,fp32,14.107135772705078,False,NVIDIA_GeForce_RTX_3060_Ti,8,
mobilenetv2_100,128,16,bf16,9.410016059875488,False,NVIDIA_GeForce_RTX_3060_Ti,8,
mobilenetv2_100,128,16,fp16,7.480735778808594,False,NVIDIA_GeForce_RTX_3060_Ti,8,
mobilenetv2_100,128,16,fp32,11.980287551879885,False,NVIDIA_GeForce_RTX_3060_Ti,8,
mobilenetv2_100,128,32,bf16,16.296783447265625,False,NVIDIA_GeForce_RTX_3060_Ti,8,
mobilenetv2_100,128,32,fp16,12.770751953125,False,NVIDIA_GeForce_RTX_3060_Ti,8,
mobilenetv2_100,128,32,fp32,20.84454345703125,False,NVIDIA_GeForce_RTX_3060_Ti,8,
mobilenetv2_100,128,64,bf16,28.996496200561523,False,NVIDIA_GeForce_RTX_3060_Ti,8,
mobilenetv2_100,128,64,fp16,22.18649673461914,False,NVIDIA_GeForce_RTX_3060_Ti,8,
mobilenetv2_100,128,64,fp32,38.77836990356445,False,NVIDIA_GeForce_RTX_3060_Ti,8,
mobilenetv2_100,224,16,bf16,23.391616821289062,False,NVIDIA_GeForce_RTX_3060_Ti,8,
mobilenetv2_100,224,16,fp16,17.820159912109375,False,NVIDIA_GeForce_RTX_3060_Ti,8,
mobilenetv2_100,224,16,fp32,29.858816146850582,False,NVIDIA_GeForce_RTX_3060_Ti,8,
mobilenetv2_100,224,32,bf16,43.76422500610352,False,NVIDIA_GeForce_RTX_3060_Ti,8,
mobilenetv2_100,224,32,fp16,32.82929611206055,False,NVIDIA_GeForce_RTX_3060_Ti,8,
mobilenetv2_100,224,32,fp32,57.18476867675781,False,NVIDIA_GeForce_RTX_3060_Ti,8,
mobilenetv2_100,224,64,bf16,81.87801361083984,False,NVIDIA_GeForce_RTX_3060_Ti,8,
mobilenetv2_100,224,64,fp16,61.04312133789063,False,NVIDIA_GeForce_RTX_3060_Ti,8,
mobilenetv2_100,224,64,fp32,111.17056274414062,False,NVIDIA_GeForce_RTX_3060_Ti,8,
mobilenetv3_large_100,64,16,bf16,5.199872016906738,False,NVIDIA_GeForce_RTX_3060_Ti,8,
mobilenetv3_large_100,64,16,fp16,4.791808128356934,False,NVIDIA_GeForce_RTX_3060_Ti,8,
mobilenetv3_large_100,64,16,fp32,5.447519779205322,False,NVIDIA_GeForce_RTX_3060_Ti,8,
mobilenetv3_large_100,64,32,bf16,6.8872480392456055,False,NVIDIA_GeForce_RTX_3060_Ti,8,
mobilenetv3_large_100,64,32,fp16,6.116864204406738,False,NVIDIA_GeForce_RTX_3060_Ti,8,
mobilenetv3_large_100,64,32,fp32,7.649792194366455,False,NVIDIA_GeForce_RTX_3060_Ti,8,
mobilenetv3_large_100,64,64,bf16,10.46729564666748,False,NVIDIA_GeForce_RTX_3060_Ti,8,
mobilenetv3_large_100,64,64,fp16,8.883199691772461,False,NVIDIA_GeForce_RTX_3060_Ti,8,
mobilenetv3_large_100,64,64,fp32,11.974656105041504,False,NVIDIA_GeForce_RTX_3060_Ti,8,
mobilenetv3_large_100,128,16,bf16,8.398336410522461,False,NVIDIA_GeForce_RTX_3060_Ti,8,
mobilenetv3_large_100,128,16,fp16,7.810048103332519,False,NVIDIA_GeForce_RTX_3060_Ti,8,
mobilenetv3_large_100,128,16,fp32,10.041343688964844,False,NVIDIA_GeForce_RTX_3060_Ti,8,
mobilenetv3_large_100,128,32,bf16,14.019071578979492,False,NVIDIA_GeForce_RTX_3060_Ti,8,
mobilenetv3_large_100,128,32,fp16,11.581952095031738,False,NVIDIA_GeForce_RTX_3060_Ti,8,
mobilenetv3_large_100,128,32,fp32,16.99518394470215,False,NVIDIA_GeForce_RTX_3060_Ti,8,
mobilenetv3_large_100,128,64,bf16,23.875072479248047,False,NVIDIA_GeForce_RTX_3060_Ti,8,
mobilenetv3_large_100,128,64,fp16,19.111936569213867,False,NVIDIA_GeForce_RTX_3060_Ti,8,
mobilenetv3_large_100,128,64,fp32,30.20800018310547,False,NVIDIA_GeForce_RTX_3060_Ti,8,
mobilenetv3_large_100,224,16,bf16,18.861055374145508,False,NVIDIA_GeForce_RTX_3060_Ti,8,
mobilenetv3_large_100,224,16,fp16,14.575023651123049,False,NVIDIA_GeForce_RTX_3060_Ti,8,
mobilenetv3_large_100,224,16,fp32,23.003135681152344,False,NVIDIA_GeForce_RTX_3060_Ti,8,
mobilenetv3_large_100,224,32,bf16,34.50521469116211,False,NVIDIA_GeForce_RTX_3060_Ti,8,
mobilenetv3_large_100,224,32,fp16,26.14216041564941,False,NVIDIA_GeForce_RTX_3060_Ti,8,
mobilenetv3_large_100,224,32,fp32,43.440128326416016,False,NVIDIA_GeForce_RTX_3060_Ti,8,
mobilenetv3_large_100,224,64,bf16,64.51660919189453,False,NVIDIA_GeForce_RTX_3060_Ti,8,
mobilenetv3_large_100,224,64,fp16,49.23177719116211,False,NVIDIA_GeForce_RTX_3060_Ti,8,
mobilenetv3_large_100,224,64,fp32,82.92864227294922,False,NVIDIA_GeForce_RTX_3060_Ti,8,
mobilenetv3_small_100,64,16,bf16,3.4749441146850586,False,NVIDIA_GeForce_RTX_3060_Ti,8,
mobilenetv3_small_100,64,16,fp16,4.721151828765869,False,NVIDIA_GeForce_RTX_3060_Ti,8,
mobilenetv3_small_100,64,16,fp32,3.028991937637329,False,NVIDIA_GeForce_RTX_3060_Ti,8,
mobilenetv3_small_100,64,32,bf16,5.181807994842529,False,NVIDIA_GeForce_RTX_3060_Ti,8,
mobilenetv3_small_100,64,32,fp16,4.868512153625488,False,NVIDIA_GeForce_RTX_3060_Ti,8,
mobilenetv3_small_100,64,32,fp32,3.9536640644073486,False,NVIDIA_GeForce_RTX_3060_Ti,8,
mobilenetv3_small_100,64,64,bf16,7.95136022567749,False,NVIDIA_GeForce_RTX_3060_Ti,8,
mobilenetv3_small_100,64,64,fp16,7.28985595703125,False,NVIDIA_GeForce_RTX_3060_Ti,8,
mobilenetv3_small_100,64,64,fp32,5.663167953491211,False,NVIDIA_GeForce_RTX_3060_Ti,8,
mobilenetv3_small_100,128,16,bf16,4.843008041381836,False,NVIDIA_GeForce_RTX_3060_Ti,8,
mobilenetv3_small_100,128,16,fp16,4.236192226409912,False,NVIDIA_GeForce_RTX_3060_Ti,8,
mobilenetv3_small_100,128,16,fp32,4.397568225860596,False,NVIDIA_GeForce_RTX_3060_Ti,8,
mobilenetv3_small_100,128,32,bf16,6.184447765350342,False,NVIDIA_GeForce_RTX_3060_Ti,8,
mobilenetv3_small_100,128,32,fp16,5.162911891937256,False,NVIDIA_GeForce_RTX_3060_Ti,8,
mobilenetv3_small_100,128,32,fp32,6.87718391418457,False,NVIDIA_GeForce_RTX_3060_Ti,8,
mobilenetv3_small_100,128,64,bf16,9.895423889160156,False,NVIDIA_GeForce_RTX_3060_Ti,8,
mobilenetv3_small_100,128,64,fp16,7.913472175598144,False,NVIDIA_GeForce_RTX_3060_Ti,8,
mobilenetv3_small_100,128,64,fp32,11.956735610961914,False,NVIDIA_GeForce_RTX_3060_Ti,8,
mobilenetv3_small_100,224,16,bf16,8.721407890319824,False,NVIDIA_GeForce_RTX_3060_Ti,8,
mobilenetv3_small_100,224,16,fp16,6.606847763061523,False,NVIDIA_GeForce_RTX_3060_Ti,8,
mobilenetv3_small_100,224,16,fp32,8.952176094055176,False,NVIDIA_GeForce_RTX_3060_Ti,8,
mobilenetv3_small_100,224,32,bf16,13.773280143737791,False,NVIDIA_GeForce_RTX_3060_Ti,8,
mobilenetv3_small_100,224,32,fp16,10.688511848449709,False,NVIDIA_GeForce_RTX_3060_Ti,8,
mobilenetv3_small_100,224,32,fp32,16.38857650756836,False,NVIDIA_GeForce_RTX_3060_Ti,8,
mobilenetv3_small_100,224,64,bf16,25.544527053833008,False,NVIDIA_GeForce_RTX_3060_Ti,8,
mobilenetv3_small_100,224,64,fp16,18.769920349121094,False,NVIDIA_GeForce_RTX_3060_Ti,8,
mobilenetv3_small_100,224,64,fp32,30.849023818969727,False,NVIDIA_GeForce_RTX_3060_Ti,8,
mobilevit_s,64,16,bf16,8.06550407409668,False,NVIDIA_GeForce_RTX_3060_Ti,8,
mobilevit_s,64,16,fp16,7.302127838134766,False,NVIDIA_GeForce_RTX_3060_Ti,8,
mobilevit_s,64,16,fp32,9.454079627990724,False,NVIDIA_GeForce_RTX_3060_Ti,8,
mobilevit_s,64,32,bf16,12.782591819763184,False,NVIDIA_GeForce_RTX_3060_Ti,8,
mobilevit_s,64,32,fp16,11.47596836090088,False,NVIDIA_GeForce_RTX_3060_Ti,8,
mobilevit_s,64,32,fp32,15.99897575378418,False,NVIDIA_GeForce_RTX_3060_Ti,8,
mobilevit_s,64,64,bf16,20.23201560974121,False,NVIDIA_GeForce_RTX_3060_Ti,8,
mobilevit_s,64,64,fp16,17.55174446105957,False,NVIDIA_GeForce_RTX_3060_Ti,8,
mobilevit_s,64,64,fp32,28.57508850097656,False,NVIDIA_GeForce_RTX_3060_Ti,8,
mobilevit_s,128,16,bf16,16.37785530090332,False,NVIDIA_GeForce_RTX_3060_Ti,8,
mobilevit_s,128,16,fp16,13.714943885803224,False,NVIDIA_GeForce_RTX_3060_Ti,8,
mobilevit_s,128,16,fp32,23.568384170532227,False,NVIDIA_GeForce_RTX_3060_Ti,8,
mobilevit_s,128,32,bf16,29.34527969360352,False,NVIDIA_GeForce_RTX_3060_Ti,8,
mobilevit_s,128,32,fp16,24.69990348815918,False,NVIDIA_GeForce_RTX_3060_Ti,8,
mobilevit_s,128,32,fp32,43.184078216552734,False,NVIDIA_GeForce_RTX_3060_Ti,8,
mobilevit_s,128,64,bf16,55.11628723144531,False,NVIDIA_GeForce_RTX_3060_Ti,8,
mobilevit_s,128,64,fp16,46.60531234741211,False,NVIDIA_GeForce_RTX_3060_Ti,8,
mobilevit_s,128,64,fp32,80.86004638671875,False,NVIDIA_GeForce_RTX_3060_Ti,8,
mobilevit_s,224,16,bf16,43.700225830078125,False,NVIDIA_GeForce_RTX_3060_Ti,8,
mobilevit_s,224,16,fp16,36.970497131347656,False,NVIDIA_GeForce_RTX_3060_Ti,8,
mobilevit_s,224,16,fp32,68.06715393066406,False,NVIDIA_GeForce_RTX_3060_Ti,8,
mobilevit_s,224,32,bf16,83.82975769042969,False,NVIDIA_GeForce_RTX_3060_Ti,8,
mobilevit_s,224,32,fp16,70.4832992553711,False,NVIDIA_GeForce_RTX_3060_Ti,8,
mobilevit_s,224,32,fp32,133.33078002929688,False,NVIDIA_GeForce_RTX_3060_Ti,8,
mobilevit_s,224,64,bf16,166.56997680664062,False,NVIDIA_GeForce_RTX_3060_Ti,8,
mobilevit_s,224,64,fp16,140.84608459472656,False,NVIDIA_GeForce_RTX_3060_Ti,8,
mobilevit_s,224,64,fp32,,True,NVIDIA_GeForce_RTX_3060_Ti,8,
mobilevit_xs,64,16,bf16,8.357328414916992,False,NVIDIA_GeForce_RTX_3060_Ti,8,
mobilevit_xs,64,16,fp16,7.727551937103271,False,NVIDIA_GeForce_RTX_3060_Ti,8,
mobilevit_xs,64,16,fp32,7.027711868286133,False,NVIDIA_GeForce_RTX_3060_Ti,8,
mobilevit_xs,64,32,bf16,13.12665557861328,False,NVIDIA_GeForce_RTX_3060_Ti,8,
mobilevit_xs,64,32,fp16,12.071344375610352,False,NVIDIA_GeForce_RTX_3060_Ti,8,
mobilevit_xs,64,32,fp32,11.886591911315918,False,NVIDIA_GeForce_RTX_3060_Ti,8,
mobilevit_xs,64,64,bf16,23.047584533691406,False,NVIDIA_GeForce_RTX_3060_Ti,8,
mobilevit_xs,64,64,fp16,21.141359329223636,False,NVIDIA_GeForce_RTX_3060_Ti,8,
mobilevit_xs,64,64,fp32,20.772863388061523,False,NVIDIA_GeForce_RTX_3060_Ti,8,
mobilevit_xs,128,16,bf16,15.31339168548584,False,NVIDIA_GeForce_RTX_3060_Ti,8,
mobilevit_xs,128,16,fp16,13.15993595123291,False,NVIDIA_GeForce_RTX_3060_Ti,8,
mobilevit_xs,128,16,fp32,17.800607681274414,False,NVIDIA_GeForce_RTX_3060_Ti,8,
mobilevit_xs,128,32,bf16,27.068927764892575,False,NVIDIA_GeForce_RTX_3060_Ti,8,
mobilevit_xs,128,32,fp16,23.53396797180176,False,NVIDIA_GeForce_RTX_3060_Ti,8,
mobilevit_xs,128,32,fp32,33.006591796875,False,NVIDIA_GeForce_RTX_3060_Ti,8,
mobilevit_xs,128,64,bf16,46.31244659423828,False,NVIDIA_GeForce_RTX_3060_Ti,8,
mobilevit_xs,128,64,fp16,39.64006423950195,False,NVIDIA_GeForce_RTX_3060_Ti,8,
mobilevit_xs,128,64,fp32,61.60179138183594,False,NVIDIA_GeForce_RTX_3060_Ti,8,
mobilevit_xs,224,16,bf16,35.98892974853516,False,NVIDIA_GeForce_RTX_3060_Ti,8,
mobilevit_xs,224,16,fp16,30.622159957885746,False,NVIDIA_GeForce_RTX_3060_Ti,8,
mobilevit_xs,224,16,fp32,53.32992172241211,False,NVIDIA_GeForce_RTX_3060_Ti,8,
mobilevit_xs,224,32,bf16,65.58507537841797,False,NVIDIA_GeForce_RTX_3060_Ti,8,
mobilevit_xs,224,32,fp16,55.03897476196289,False,NVIDIA_GeForce_RTX_3060_Ti,8,
mobilevit_xs,224,32,fp32,103.3733139038086,False,NVIDIA_GeForce_RTX_3060_Ti,8,
mobilevit_xs,224,64,bf16,130.10995483398438,False,NVIDIA_GeForce_RTX_3060_Ti,8,
mobilevit_xs,224,64,fp16,109.8629150390625,False,NVIDIA_GeForce_RTX_3060_Ti,8,
mobilevit_xs,224,64,fp32,,True,NVIDIA_GeForce_RTX_3060_Ti,8,
mobilevit_xxs,64,16,bf16,5.889535903930664,False,NVIDIA_GeForce_RTX_3060_Ti,8,
mobilevit_xxs,64,16,fp16,5.687808036804199,False,NVIDIA_GeForce_RTX_3060_Ti,8,
mobilevit_xxs,64,16,fp32,5.080992221832275,False,NVIDIA_GeForce_RTX_3060_Ti,8,
mobilevit_xxs,64,32,bf16,9.4269437789917,False,NVIDIA_GeForce_RTX_3060_Ti,8,
mobilevit_xxs,64,32,fp16,8.971776008605957,False,NVIDIA_GeForce_RTX_3060_Ti,8,
mobilevit_xxs,64,32,fp32,7.8638081550598145,False,NVIDIA_GeForce_RTX_3060_Ti,8,
mobilevit_xxs,64,64,bf16,15.67743968963623,False,NVIDIA_GeForce_RTX_3060_Ti,8,
mobilevit_xxs,64,64,fp16,14.838111877441406,False,NVIDIA_GeForce_RTX_3060_Ti,8,
mobilevit_xxs,64,64,fp32,13.273599624633787,False,NVIDIA_GeForce_RTX_3060_Ti,8,
mobilevit_xxs,128,16,bf16,9.317888259887695,False,NVIDIA_GeForce_RTX_3060_Ti,8,
mobilevit_xxs,128,16,fp16,8.382464408874512,False,NVIDIA_GeForce_RTX_3060_Ti,8,
mobilevit_xxs,128,16,fp32,9.712639808654783,False,NVIDIA_GeForce_RTX_3060_Ti,8,
mobilevit_xxs,128,32,bf16,15.809359550476074,False,NVIDIA_GeForce_RTX_3060_Ti,8,
mobilevit_xxs,128,32,fp16,14.104063987731934,False,NVIDIA_GeForce_RTX_3060_Ti,8,
mobilevit_xxs,128,32,fp32,16.988672256469727,False,NVIDIA_GeForce_RTX_3060_Ti,8,
mobilevit_xxs,128,64,bf16,28.108800888061523,False,NVIDIA_GeForce_RTX_3060_Ti,8,
mobilevit_xxs,128,64,fp16,24.916479110717773,False,NVIDIA_GeForce_RTX_3060_Ti,8,
mobilevit_xxs,128,64,fp32,31.308799743652344,False,NVIDIA_GeForce_RTX_3060_Ti,8,
mobilevit_xxs,224,16,bf16,20.046335220336918,False,NVIDIA_GeForce_RTX_3060_Ti,8,
mobilevit_xxs,224,16,fp16,17.317888259887695,False,NVIDIA_GeForce_RTX_3060_Ti,8,
mobilevit_xxs,224,16,fp32,28.94540786743164,False,NVIDIA_GeForce_RTX_3060_Ti,8,
mobilevit_xxs,224,32,bf16,37.6231689453125,False,NVIDIA_GeForce_RTX_3060_Ti,8,
mobilevit_xxs,224,32,fp16,32.27648162841797,False,NVIDIA_GeForce_RTX_3060_Ti,8,
mobilevit_xxs,224,32,fp32,53.83014297485352,False,NVIDIA_GeForce_RTX_3060_Ti,8,
mobilevit_xxs,224,64,bf16,69.32166290283203,False,NVIDIA_GeForce_RTX_3060_Ti,8,
mobilevit_xxs,224,64,fp16,59.343360900878906,False,NVIDIA_GeForce_RTX_3060_Ti,8,
mobilevit_xxs,224,64,fp32,105.10233306884766,False,NVIDIA_GeForce_RTX_3060_Ti,8,
mobilevitv2_100,64,16,bf16,7.410175800323486,False,NVIDIA_GeForce_RTX_3060_Ti,8,
mobilevitv2_100,64,16,fp16,6.612991809844971,False,NVIDIA_GeForce_RTX_3060_Ti,8,
mobilevitv2_100,64,16,fp32,8.576000213623047,False,NVIDIA_GeForce_RTX_3060_Ti,8,
mobilevitv2_100,64,32,bf16,11.14572811126709,False,NVIDIA_GeForce_RTX_3060_Ti,8,
mobilevitv2_100,64,32,fp16,9.76483154296875,False,NVIDIA_GeForce_RTX_3060_Ti,8,
mobilevitv2_100,64,32,fp32,13.868399620056152,False,NVIDIA_GeForce_RTX_3060_Ti,8,
mobilevitv2_100,64,64,bf16,18.86361694335937,False,NVIDIA_GeForce_RTX_3060_Ti,8,
mobilevitv2_100,64,64,fp16,16.300031661987305,False,NVIDIA_GeForce_RTX_3060_Ti,8,
mobilevitv2_100,64,64,fp32,24.14847946166992,False,NVIDIA_GeForce_RTX_3060_Ti,8,
mobilevitv2_100,128,16,bf16,15.27603244781494,False,NVIDIA_GeForce_RTX_3060_Ti,8,
mobilevitv2_100,128,16,fp16,12.793343544006348,False,NVIDIA_GeForce_RTX_3060_Ti,8,
mobilevitv2_100,128,16,fp32,19.71849632263184,False,NVIDIA_GeForce_RTX_3060_Ti,8,
mobilevitv2_100,128,32,bf16,26.18163108825684,False,NVIDIA_GeForce_RTX_3060_Ti,8,
mobilevitv2_100,128,32,fp16,22.26227188110352,False,NVIDIA_GeForce_RTX_3060_Ti,8,
mobilevitv2_100,128,32,fp32,35.75844955444336,False,NVIDIA_GeForce_RTX_3060_Ti,8,
mobilevitv2_100,128,64,bf16,48.13457489013672,False,NVIDIA_GeForce_RTX_3060_Ti,8,
mobilevitv2_100,128,64,fp16,40.83697509765625,False,NVIDIA_GeForce_RTX_3060_Ti,8,
mobilevitv2_100,128,64,fp32,66.82457733154297,False,NVIDIA_GeForce_RTX_3060_Ti,8,
mobilevitv2_100,224,16,bf16,40.49203109741211,False,NVIDIA_GeForce_RTX_3060_Ti,8,
mobilevitv2_100,224,16,fp16,33.89593505859375,False,NVIDIA_GeForce_RTX_3060_Ti,8,
mobilevitv2_100,224,16,fp32,53.64992141723633,False,NVIDIA_GeForce_RTX_3060_Ti,8,
mobilevitv2_100,224,32,bf16,76.3033447265625,False,NVIDIA_GeForce_RTX_3060_Ti,8,
mobilevitv2_100,224,32,fp16,65.56817626953125,False,NVIDIA_GeForce_RTX_3060_Ti,8,
mobilevitv2_100,224,32,fp32,106.07411193847656,False,NVIDIA_GeForce_RTX_3060_Ti,8,
mobilevitv2_100,224,64,bf16,148.3883514404297,False,NVIDIA_GeForce_RTX_3060_Ti,8,
mobilevitv2_100,224,64,fp16,127.91494750976562,False,NVIDIA_GeForce_RTX_3060_Ti,8,
mobilevitv2_100,224,64,fp32,,True,NVIDIA_GeForce_RTX_3060_Ti,8,
nfnet_l0,64,16,bf16,14.913904190063477,False,NVIDIA_GeForce_RTX_3060_Ti,8,
nfnet_l0,64,16,fp16,14.7128324508667,False,NVIDIA_GeForce_RTX_3060_Ti,8,
nfnet_l0,64,16,fp32,24.70252799987793,False,NVIDIA_GeForce_RTX_3060_Ti,8,
nfnet_l0,64,32,bf16,18.28607940673828,False,NVIDIA_GeForce_RTX_3060_Ti,8,
nfnet_l0,64,32,fp16,17.768543243408203,False,NVIDIA_GeForce_RTX_3060_Ti,8,
nfnet_l0,64,32,fp32,35.58143997192383,False,NVIDIA_GeForce_RTX_3060_Ti,8,
nfnet_l0,64,64,bf16,26.605024337768555,False,NVIDIA_GeForce_RTX_3060_Ti,8,
nfnet_l0,64,64,fp16,25.97529602050781,False,NVIDIA_GeForce_RTX_3060_Ti,8,
nfnet_l0,64,64,fp32,48.42649459838867,False,NVIDIA_GeForce_RTX_3060_Ti,8,
nfnet_l0,128,16,bf16,24.29491233825684,False,NVIDIA_GeForce_RTX_3060_Ti,8,
nfnet_l0,128,16,fp16,23.917055130004883,False,NVIDIA_GeForce_RTX_3060_Ti,8,
nfnet_l0,128,16,fp32,39.00825500488281,False,NVIDIA_GeForce_RTX_3060_Ti,8,
nfnet_l0,128,32,bf16,36.7231674194336,False,NVIDIA_GeForce_RTX_3060_Ti,8,
nfnet_l0,128,32,fp16,36.203521728515625,False,NVIDIA_GeForce_RTX_3060_Ti,8,
nfnet_l0,128,32,fp32,63.51161575317383,False,NVIDIA_GeForce_RTX_3060_Ti,8,
nfnet_l0,128,64,bf16,62.428672790527344,False,NVIDIA_GeForce_RTX_3060_Ti,8,
nfnet_l0,128,64,fp16,61.896705627441406,False,NVIDIA_GeForce_RTX_3060_Ti,8,
nfnet_l0,128,64,fp32,109.1220932006836,False,NVIDIA_GeForce_RTX_3060_Ti,8,
nfnet_l0,224,16,bf16,52.071903228759766,False,NVIDIA_GeForce_RTX_3060_Ti,8,
nfnet_l0,224,16,fp16,51.55699157714844,False,NVIDIA_GeForce_RTX_3060_Ti,8,
nfnet_l0,224,16,fp32,104.8506088256836,False,NVIDIA_GeForce_RTX_3060_Ti,8,
nfnet_l0,224,32,bf16,90.13416290283205,False,NVIDIA_GeForce_RTX_3060_Ti,8,
nfnet_l0,224,32,fp16,89.5186538696289,False,NVIDIA_GeForce_RTX_3060_Ti,8,
nfnet_l0,224,32,fp32,164.31375122070312,False,NVIDIA_GeForce_RTX_3060_Ti,8,
nfnet_l0,224,64,bf16,172.2992706298828,False,NVIDIA_GeForce_RTX_3060_Ti,8,
nfnet_l0,224,64,fp16,171.48719787597656,False,NVIDIA_GeForce_RTX_3060_Ti,8,
nfnet_l0,224,64,fp32,,True,NVIDIA_GeForce_RTX_3060_Ti,8,
pvt_v2_b0,64,16,bf16,4.154831886291504,False,NVIDIA_GeForce_RTX_3060_Ti,8,
pvt_v2_b0,64,16,fp16,4.114943981170654,False,NVIDIA_GeForce_RTX_3060_Ti,8,
pvt_v2_b0,64,16,fp32,5.275551795959473,False,NVIDIA_GeForce_RTX_3060_Ti,8,
pvt_v2_b0,64,32,bf16,6.351871967315674,False,NVIDIA_GeForce_RTX_3060_Ti,8,
pvt_v2_b0,64,32,fp16,5.521408081054688,False,NVIDIA_GeForce_RTX_3060_Ti,8,
pvt_v2_b0,64,32,fp32,7.564288139343262,False,NVIDIA_GeForce_RTX_3060_Ti,8,
pvt_v2_b0,64,64,bf16,9.292799949645996,False,NVIDIA_GeForce_RTX_3060_Ti,8,
pvt_v2_b0,64,64,fp16,8.496111869812012,False,NVIDIA_GeForce_RTX_3060_Ti,8,
pvt_v2_b0,64,64,fp32,12.622336387634276,False,NVIDIA_GeForce_RTX_3060_Ti,8,
pvt_v2_b0,128,16,bf16,8.017328262329102,False,NVIDIA_GeForce_RTX_3060_Ti,8,
pvt_v2_b0,128,16,fp16,7.839744091033935,False,NVIDIA_GeForce_RTX_3060_Ti,8,
pvt_v2_b0,128,16,fp32,11.471872329711914,False,NVIDIA_GeForce_RTX_3060_Ti,8,
pvt_v2_b0,128,32,bf16,13.288960456848145,False,NVIDIA_GeForce_RTX_3060_Ti,8,
pvt_v2_b0,128,32,fp16,13.169648170471191,False,NVIDIA_GeForce_RTX_3060_Ti,8,
pvt_v2_b0,128,32,fp32,19.678688049316406,False,NVIDIA_GeForce_RTX_3060_Ti,8,
pvt_v2_b0,128,64,bf16,23.644672393798828,False,NVIDIA_GeForce_RTX_3060_Ti,8,
pvt_v2_b0,128,64,fp16,23.550464630126957,False,NVIDIA_GeForce_RTX_3060_Ti,8,
pvt_v2_b0,128,64,fp32,36.13225555419922,False,NVIDIA_GeForce_RTX_3060_Ti,8,
pvt_v2_b0,224,16,bf16,18.60188865661621,False,NVIDIA_GeForce_RTX_3060_Ti,8,
pvt_v2_b0,224,16,fp16,18.585599899291992,False,NVIDIA_GeForce_RTX_3060_Ti,8,
pvt_v2_b0,224,16,fp32,29.68462371826172,False,NVIDIA_GeForce_RTX_3060_Ti,8,
pvt_v2_b0,224,32,bf16,31.679487228393555,False,NVIDIA_GeForce_RTX_3060_Ti,8,
pvt_v2_b0,224,32,fp16,31.725568771362305,False,NVIDIA_GeForce_RTX_3060_Ti,8,
pvt_v2_b0,224,32,fp32,51.33107376098633,False,NVIDIA_GeForce_RTX_3060_Ti,8,
pvt_v2_b0,224,64,bf16,59.92550277709961,False,NVIDIA_GeForce_RTX_3060_Ti,8,
pvt_v2_b0,224,64,fp16,59.50617599487305,False,NVIDIA_GeForce_RTX_3060_Ti,8,
pvt_v2_b0,224,64,fp32,115.65926361083984,False,NVIDIA_GeForce_RTX_3060_Ti,8,
pvt_v2_b2,64,16,bf16,12.658495903015137,False,NVIDIA_GeForce_RTX_3060_Ti,8,
pvt_v2_b2,64,16,fp16,12.29089641571045,False,NVIDIA_GeForce_RTX_3060_Ti,8,
pvt_v2_b2,64,16,fp32,16.82219123840332,False,NVIDIA_GeForce_RTX_3060_Ti,8,
pvt_v2_b2,64,32,bf16,17.482223510742188,False,NVIDIA_GeForce_RTX_3060_Ti,8,
pvt_v2_b2,64,32,fp16,17.074176788330078,False,NVIDIA_GeForce_RTX_3060_Ti,8,
pvt_v2_b2,64,32,fp32,24.58720016479492,False,NVIDIA_GeForce_RTX_3060_Ti,8,
pvt_v2_b2,64,64,bf16,26.405216217041016,False,NVIDIA_GeForce_RTX_3060_Ti,8,
pvt_v2_b2,64,64,fp16,25.688495635986328,False,NVIDIA_GeForce_RTX_3060_Ti,8,
pvt_v2_b2,64,64,fp32,40.24107360839844,False,NVIDIA_GeForce_RTX_3060_Ti,8,
pvt_v2_b2,128,16,bf16,24.27750396728516,False,NVIDIA_GeForce_RTX_3060_Ti,8,
pvt_v2_b2,128,16,fp16,23.73932838439941,False,NVIDIA_GeForce_RTX_3060_Ti,8,
pvt_v2_b2,128,16,fp32,38.45888137817383,False,NVIDIA_GeForce_RTX_3060_Ti,8,
pvt_v2_b2,128,32,bf16,40.17254257202149,False,NVIDIA_GeForce_RTX_3060_Ti,8,
pvt_v2_b2,128,32,fp16,39.47929763793945,False,NVIDIA_GeForce_RTX_3060_Ti,8,
pvt_v2_b2,128,32,fp32,67.1825942993164,False,NVIDIA_GeForce_RTX_3060_Ti,8,
pvt_v2_b2,128,64,bf16,71.27040100097656,False,NVIDIA_GeForce_RTX_3060_Ti,8,
pvt_v2_b2,128,64,fp16,70.91200256347656,False,NVIDIA_GeForce_RTX_3060_Ti,8,
pvt_v2_b2,128,64,fp32,123.68742370605467,False,NVIDIA_GeForce_RTX_3060_Ti,8,
pvt_v2_b2,224,16,bf16,56.899070739746094,False,NVIDIA_GeForce_RTX_3060_Ti,8,
pvt_v2_b2,224,16,fp16,55.84947204589844,False,NVIDIA_GeForce_RTX_3060_Ti,8,
pvt_v2_b2,224,16,fp32,100.20966339111328,False,NVIDIA_GeForce_RTX_3060_Ti,8,
pvt_v2_b2,224,32,bf16,99.5321273803711,False,NVIDIA_GeForce_RTX_3060_Ti,8,
pvt_v2_b2,224,32,fp16,100.58649444580078,False,NVIDIA_GeForce_RTX_3060_Ti,8,
pvt_v2_b2,224,32,fp32,183.38406372070312,False,NVIDIA_GeForce_RTX_3060_Ti,8,
pvt_v2_b2,224,64,bf16,266.98443603515625,False,NVIDIA_GeForce_RTX_3060_Ti,8,
pvt_v2_b2,224,64,fp16,304.988037109375,False,NVIDIA_GeForce_RTX_3060_Ti,8,
pvt_v2_b2,224,64,fp32,,True,NVIDIA_GeForce_RTX_3060_Ti,8,
pvt_v2_b5,64,16,bf16,37.338623046875,False,NVIDIA_GeForce_RTX_3060_Ti,8,
pvt_v2_b5,64,16,fp16,36.506622314453125,False,NVIDIA_GeForce_RTX_3060_Ti,8,
pvt_v2_b5,64,16,fp32,46.83212661743164,False,NVIDIA_GeForce_RTX_3060_Ti,8,
pvt_v2_b5,64,32,bf16,50.20927810668945,False,NVIDIA_GeForce_RTX_3060_Ti,8,
pvt_v2_b5,64,32,fp16,48.73676681518555,False,NVIDIA_GeForce_RTX_3060_Ti,8,
pvt_v2_b5,64,32,fp32,66.54054260253906,False,NVIDIA_GeForce_RTX_3060_Ti,8,
pvt_v2_b5,64,64,bf16,73.0255355834961,False,NVIDIA_GeForce_RTX_3060_Ti,8,
pvt_v2_b5,64,64,fp16,70.00627136230469,False,NVIDIA_GeForce_RTX_3060_Ti,8,
pvt_v2_b5,64,64,fp32,103.76038360595705,False,NVIDIA_GeForce_RTX_3060_Ti,8,
pvt_v2_b5,128,16,bf16,61.94432067871094,False,NVIDIA_GeForce_RTX_3060_Ti,8,
pvt_v2_b5,128,16,fp16,59.77088165283203,False,NVIDIA_GeForce_RTX_3060_Ti,8,
pvt_v2_b5,128,16,fp32,97.30662536621094,False,NVIDIA_GeForce_RTX_3060_Ti,8,
pvt_v2_b5,128,32,bf16,97.15455627441406,False,NVIDIA_GeForce_RTX_3060_Ti,8,
pvt_v2_b5,128,32,fp16,95.49772644042967,False,NVIDIA_GeForce_RTX_3060_Ti,8,
pvt_v2_b5,128,32,fp32,168.22784423828125,False,NVIDIA_GeForce_RTX_3060_Ti,8,
pvt_v2_b5,128,64,bf16,167.70867919921875,False,NVIDIA_GeForce_RTX_3060_Ti,8,
pvt_v2_b5,128,64,fp16,165.970947265625,False,NVIDIA_GeForce_RTX_3060_Ti,8,
pvt_v2_b5,128,64,fp32,,True,NVIDIA_GeForce_RTX_3060_Ti,8,
pvt_v2_b5,224,16,bf16,131.89273071289062,False,NVIDIA_GeForce_RTX_3060_Ti,8,
pvt_v2_b5,224,16,fp16,131.36282348632812,False,NVIDIA_GeForce_RTX_3060_Ti,8,
pvt_v2_b5,224,16,fp32,242.3746490478516,False,NVIDIA_GeForce_RTX_3060_Ti,8,
pvt_v2_b5,224,32,bf16,,True,NVIDIA_GeForce_RTX_3060_Ti,8,
pvt_v2_b5,224,32,fp16,,True,NVIDIA_GeForce_RTX_3060_Ti,8,
pvt_v2_b5,224,32,fp32,,True,NVIDIA_GeForce_RTX_3060_Ti,8,
pvt_v2_b5,224,64,bf16,,True,NVIDIA_GeForce_RTX_3060_Ti,8,
pvt_v2_b5,224,64,fp16,,True,NVIDIA_GeForce_RTX_3060_Ti,8,
pvt_v2_b5,224,64,fp32,,True,NVIDIA_GeForce_RTX_3060_Ti,8,
regnety_032,64,16,bf16,13.396991729736328,False,NVIDIA_GeForce_RTX_3060_Ti,8,
regnety_032,64,16,fp16,12.724224090576172,False,NVIDIA_GeForce_RTX_3060_Ti,8,
regnety_032,64,16,fp32,20.85939216613769,False,NVIDIA_GeForce_RTX_3060_Ti,8,
regnety_032,64,32,bf16,17.86419105529785,False,NVIDIA_GeForce_RTX_3060_Ti,8,
regnety_032,64,32,fp16,16.442768096923828,False,NVIDIA_GeForce_RTX_3060_Ti,8,
regnety_032,64,32,fp32,32.38639831542969,False,NVIDIA_GeForce_RTX_3060_Ti,8,
regnety_032,64,64,bf16,27.565200805664062,False,NVIDIA_GeForce_RTX_3060_Ti,8,
regnety_032,64,64,fp16,24.418800354003903,False,NVIDIA_GeForce_RTX_3060_Ti,8,
regnety_032,64,64,fp32,48.233985900878906,False,NVIDIA_GeForce_RTX_3060_Ti,8,
regnety_032,128,16,bf16,24.08652877807617,False,NVIDIA_GeForce_RTX_3060_Ti,8,
regnety_032,128,16,fp16,21.830656051635746,False,NVIDIA_GeForce_RTX_3060_Ti,8,
regnety_032,128,16,fp32,39.59465789794922,False,NVIDIA_GeForce_RTX_3060_Ti,8,
regnety_032,128,32,bf16,39.53408050537109,False,NVIDIA_GeForce_RTX_3060_Ti,8,
regnety_032,128,32,fp16,35.46311950683594,False,NVIDIA_GeForce_RTX_3060_Ti,8,
regnety_032,128,32,fp32,72.8243179321289,False,NVIDIA_GeForce_RTX_3060_Ti,8,
regnety_032,128,64,bf16,71.58528137207031,False,NVIDIA_GeForce_RTX_3060_Ti,8,
regnety_032,128,64,fp16,62.953311920166016,False,NVIDIA_GeForce_RTX_3060_Ti,8,
regnety_032,128,64,fp32,109.15789031982422,False,NVIDIA_GeForce_RTX_3060_Ti,8,
regnety_032,224,16,bf16,58.81747055053711,False,NVIDIA_GeForce_RTX_3060_Ti,8,
regnety_032,224,16,fp16,50.93939208984375,False,NVIDIA_GeForce_RTX_3060_Ti,8,
regnety_032,224,16,fp32,110.49779510498048,False,NVIDIA_GeForce_RTX_3060_Ti,8,
regnety_032,224,32,bf16,105.30815887451172,False,NVIDIA_GeForce_RTX_3060_Ti,8,
regnety_032,224,32,fp16,91.40582275390624,False,NVIDIA_GeForce_RTX_3060_Ti,8,
regnety_032,224,32,fp32,171.10694885253906,False,NVIDIA_GeForce_RTX_3060_Ti,8,
regnety_032,224,64,bf16,198.5279998779297,False,NVIDIA_GeForce_RTX_3060_Ti,8,
regnety_032,224,64,fp16,168.7403564453125,False,NVIDIA_GeForce_RTX_3060_Ti,8,
regnety_032,224,64,fp32,,True,NVIDIA_GeForce_RTX_3060_Ti,8,
regnety_080,64,16,bf16,24.521215438842773,False,NVIDIA_GeForce_RTX_3060_Ti,8,
regnety_080,64,16,fp16,24.41625595092773,False,NVIDIA_GeForce_RTX_3060_Ti,8,
regnety_080,64,16,fp32,39.26518249511719,False,NVIDIA_GeForce_RTX_3060_Ti,8,
regnety_080,64,32,bf16,38.28987121582031,False,NVIDIA_GeForce_RTX_3060_Ti,8,
regnety_080,64,32,fp16,37.702144622802734,False,NVIDIA_GeForce_RTX_3060_Ti,8,
regnety_080,64,32,fp32,50.61617660522461,False,NVIDIA_GeForce_RTX_3060_Ti,8,
regnety_080,64,64,bf16,37.05702209472656,False,NVIDIA_GeForce_RTX_3060_Ti,8,
regnety_080,64,64,fp16,35.560447692871094,False,NVIDIA_GeForce_RTX_3060_Ti,8,
regnety_080,64,64,fp32,64.96775817871094,False,NVIDIA_GeForce_RTX_3060_Ti,8,
regnety_080,128,16,bf16,33.34143829345703,False,NVIDIA_GeForce_RTX_3060_Ti,8,
regnety_080,128,16,fp16,31.7796630859375,False,NVIDIA_GeForce_RTX_3060_Ti,8,
regnety_080,128,16,fp32,64.14086151123047,False,NVIDIA_GeForce_RTX_3060_Ti,8,
regnety_080,128,32,bf16,56.07167816162109,False,NVIDIA_GeForce_RTX_3060_Ti,8,
regnety_080,128,32,fp16,53.33550262451172,False,NVIDIA_GeForce_RTX_3060_Ti,8,
regnety_080,128,32,fp32,99.87678527832033,False,NVIDIA_GeForce_RTX_3060_Ti,8,
regnety_080,128,64,bf16,100.86544036865234,False,NVIDIA_GeForce_RTX_3060_Ti,8,
regnety_080,128,64,fp16,95.64825439453124,False,NVIDIA_GeForce_RTX_3060_Ti,8,
regnety_080,128,64,fp32,185.98602294921875,False,NVIDIA_GeForce_RTX_3060_Ti,8,
regnety_080,224,16,bf16,86.59302520751953,False,NVIDIA_GeForce_RTX_3060_Ti,8,
regnety_080,224,16,fp16,81.40745544433594,False,NVIDIA_GeForce_RTX_3060_Ti,8,
regnety_080,224,16,fp32,178.75149536132812,False,NVIDIA_GeForce_RTX_3060_Ti,8,
regnety_080,224,32,bf16,150.51930236816406,False,NVIDIA_GeForce_RTX_3060_Ti,8,
regnety_080,224,32,fp16,139.7857208251953,False,NVIDIA_GeForce_RTX_3060_Ti,8,
regnety_080,224,32,fp32,,True,NVIDIA_GeForce_RTX_3060_Ti,8,
regnety_080,224,64,bf16,,True,NVIDIA_GeForce_RTX_3060_Ti,8,
regnety_080,224,64,fp16,,True,NVIDIA_GeForce_RTX_3060_Ti,8,
regnety_080,224,64,fp32,,True,NVIDIA_GeForce_RTX_3060_Ti,8,
regnety_160,64,16,bf16,125.87468719482422,False,NVIDIA_GeForce_RTX_3060_Ti,8,
regnety_160,64,16,fp16,130.43609619140625,False,NVIDIA_GeForce_RTX_3060_Ti,8,
regnety_160,64,16,fp32,51.633182525634766,False,NVIDIA_GeForce_RTX_3060_Ti,8,
regnety_160,64,32,bf16,221.72467041015625,False,NVIDIA_GeForce_RTX_3060_Ti,8,
regnety_160,64,32,fp16,223.62982177734372,False,NVIDIA_GeForce_RTX_3060_Ti,8,slow_outlier
regnety_160,64,32,fp32,82.3536605834961,False,NVIDIA_GeForce_RTX_3060_Ti,8,
regnety_160,64,64,bf16,373.6678466796875,False,NVIDIA_GeForce_RTX_3060_Ti,8,slow_outlier
regnety_160,64,64,fp16,375.7277221679688,False,NVIDIA_GeForce_RTX_3060_Ti,8,slow_outlier
regnety_160,64,64,fp32,131.41539001464844,False,NVIDIA_GeForce_RTX_3060_Ti,8,
regnety_160,128,16,bf16,138.74176025390625,False,NVIDIA_GeForce_RTX_3060_Ti,8,
regnety_160,128,16,fp16,139.7205352783203,False,NVIDIA_GeForce_RTX_3060_Ti,8,
regnety_160,128,16,fp32,93.20311737060548,False,NVIDIA_GeForce_RTX_3060_Ti,8,
regnety_160,128,32,bf16,257.6343078613281,False,NVIDIA_GeForce_RTX_3060_Ti,8,
regnety_160,128,32,fp16,273.0383605957031,False,NVIDIA_GeForce_RTX_3060_Ti,8,
regnety_160,128,32,fp32,171.77639770507812,False,NVIDIA_GeForce_RTX_3060_Ti,8,
regnety_160,128,64,bf16,160.53614807128906,False,NVIDIA_GeForce_RTX_3060_Ti,8,
regnety_160,128,64,fp16,155.5246124267578,False,NVIDIA_GeForce_RTX_3060_Ti,8,
regnety_160,128,64,fp32,,True,NVIDIA_GeForce_RTX_3060_Ti,8,
regnety_160,224,16,bf16,211.1591644287109,False,NVIDIA_GeForce_RTX_3060_Ti,8,
regnety_160,224,16,fp16,205.6579742431641,False,NVIDIA_GeForce_RTX_3060_Ti,8,
regnety_160,224,16,fp32,256.68212890625,False,NVIDIA_GeForce_RTX_3060_Ti,8,
regnety_160,224,32,bf16,,True,NVIDIA_GeForce_RTX_3060_Ti,8,
regnety_160,224,32,fp16,,True,NVIDIA_GeForce_RTX_3060_Ti,8,
regnety_160,224,32,fp32,,True,NVIDIA_GeForce_RTX_3060_Ti,8,
regnety_160,224,64,bf16,,True,NVIDIA_GeForce_RTX_3060_Ti,8,
regnety_160,224,64,fp16,,True,NVIDIA_GeForce_RTX_3060_Ti,8,
regnety_160,224,64,fp32,,True,NVIDIA_GeForce_RTX_3060_Ti,8,
regnety_320,64,16,bf16,55.43635177612305,False,NVIDIA_GeForce_RTX_3060_Ti,8,
regnety_320,64,16,fp16,64.8611831665039,False,NVIDIA_GeForce_RTX_3060_Ti,8,
regnety_320,64,16,fp32,72.79806518554688,False,NVIDIA_GeForce_RTX_3060_Ti,8,
regnety_320,64,32,bf16,67.46060943603516,False,NVIDIA_GeForce_RTX_3060_Ti,8,
regnety_320,64,32,fp16,67.12371063232422,False,NVIDIA_GeForce_RTX_3060_Ti,8,
regnety_320,64,32,fp32,115.25580596923828,False,NVIDIA_GeForce_RTX_3060_Ti,8,
regnety_320,64,64,bf16,100.25071716308594,False,NVIDIA_GeForce_RTX_3060_Ti,8,
regnety_320,64,64,fp16,103.88699340820312,False,NVIDIA_GeForce_RTX_3060_Ti,8,
regnety_320,64,64,fp32,177.6645050048828,False,NVIDIA_GeForce_RTX_3060_Ti,8,
regnety_320,128,16,bf16,92.0171356201172,False,NVIDIA_GeForce_RTX_3060_Ti,8,
regnety_320,128,16,fp16,87.56684875488281,False,NVIDIA_GeForce_RTX_3060_Ti,8,
regnety_320,128,16,fp32,140.05874633789062,False,NVIDIA_GeForce_RTX_3060_Ti,8,
regnety_320,128,32,bf16,148.42425537109375,False,NVIDIA_GeForce_RTX_3060_Ti,8,
regnety_320,128,32,fp16,140.44602966308594,False,NVIDIA_GeForce_RTX_3060_Ti,8,
regnety_320,128,32,fp32,248.63232421875,False,NVIDIA_GeForce_RTX_3060_Ti,8,
regnety_320,128,64,bf16,260.3192443847656,False,NVIDIA_GeForce_RTX_3060_Ti,8,
regnety_320,128,64,fp16,246.43641662597656,False,NVIDIA_GeForce_RTX_3060_Ti,8,
regnety_320,128,64,fp32,,True,NVIDIA_GeForce_RTX_3060_Ti,8,
regnety_320,224,16,bf16,211.5948944091797,False,NVIDIA_GeForce_RTX_3060_Ti,8,
regnety_320,224,16,fp16,200.0716857910156,False,NVIDIA_GeForce_RTX_3060_Ti,8,
regnety_320,224,16,fp32,,True,NVIDIA_GeForce_RTX_3060_Ti,8,
regnety_320,224,32,bf16,,True,NVIDIA_GeForce_RTX_3060_Ti,8,
regnety_320,224,32,fp16,,True,NVIDIA_GeForce_RTX_3060_Ti,8,
regnety_320,224,32,fp32,,True,NVIDIA_GeForce_RTX_3060_Ti,8,
regnety_320,224,64,bf16,,True,NVIDIA_GeForce_RTX_3060_Ti,8,
regnety_320,224,64,fp16,,True,NVIDIA_GeForce_RTX_3060_Ti,8,
regnety_320,224,64,fp32,,True,NVIDIA_GeForce_RTX_3060_Ti,8,
repvgg_a2,64,16,bf16,12.579327583312988,False,NVIDIA_GeForce_RTX_3060_Ti,8,
repvgg_a2,64,16,fp16,12.220848083496094,False,NVIDIA_GeForce_RTX_3060_Ti,8,
repvgg_a2,64,16,fp32,14.814208030700684,False,NVIDIA_GeForce_RTX_3060_Ti,8,
repvgg_a2,64,32,bf16,16.287120819091797,False,NVIDIA_GeForce_RTX_3060_Ti,8,
repvgg_a2,64,32,fp16,15.506768226623535,False,NVIDIA_GeForce_RTX_3060_Ti,8,
repvgg_a2,64,32,fp32,20.0314884185791,False,NVIDIA_GeForce_RTX_3060_Ti,8,
repvgg_a2,64,64,bf16,23.09926414489746,False,NVIDIA_GeForce_RTX_3060_Ti,8,
repvgg_a2,64,64,fp16,22.34623908996582,False,NVIDIA_GeForce_RTX_3060_Ti,8,
repvgg_a2,64,64,fp32,29.81478309631348,False,NVIDIA_GeForce_RTX_3060_Ti,8,
repvgg_a2,128,16,bf16,20.3002872467041,False,NVIDIA_GeForce_RTX_3060_Ti,8,
repvgg_a2,128,16,fp16,19.28945541381836,False,NVIDIA_GeForce_RTX_3060_Ti,8,
repvgg_a2,128,16,fp32,28.21887969970703,False,NVIDIA_GeForce_RTX_3060_Ti,8,
repvgg_a2,128,32,bf16,31.99025535583496,False,NVIDIA_GeForce_RTX_3060_Ti,8,
repvgg_a2,128,32,fp16,30.04974365234375,False,NVIDIA_GeForce_RTX_3060_Ti,8,
repvgg_a2,128,32,fp32,49.158145904541016,False,NVIDIA_GeForce_RTX_3060_Ti,8,
repvgg_a2,128,64,bf16,56.44843292236328,False,NVIDIA_GeForce_RTX_3060_Ti,8,
repvgg_a2,128,64,fp16,52.46771240234375,False,NVIDIA_GeForce_RTX_3060_Ti,8,
repvgg_a2,128,64,fp32,91.4303970336914,False,NVIDIA_GeForce_RTX_3060_Ti,8,
repvgg_a2,224,16,bf16,43.663360595703125,False,NVIDIA_GeForce_RTX_3060_Ti,8,
repvgg_a2,224,16,fp16,40.73984146118164,False,NVIDIA_GeForce_RTX_3060_Ti,8,
repvgg_a2,224,16,fp32,67.68583679199219,False,NVIDIA_GeForce_RTX_3060_Ti,8,
repvgg_a2,224,32,bf16,80.35371398925781,False,NVIDIA_GeForce_RTX_3060_Ti,8,
repvgg_a2,224,32,fp16,74.21015930175781,False,NVIDIA_GeForce_RTX_3060_Ti,8,
repvgg_a2,224,32,fp32,136.58265686035156,False,NVIDIA_GeForce_RTX_3060_Ti,8,
repvgg_a2,224,64,bf16,145.99105834960938,False,NVIDIA_GeForce_RTX_3060_Ti,8,
repvgg_a2,224,64,fp16,134.57664489746094,False,NVIDIA_GeForce_RTX_3060_Ti,8,
repvgg_a2,224,64,fp32,256.79461669921875,False,NVIDIA_GeForce_RTX_3060_Ti,8,
resmlp_24_224,64,16,bf16,11.420160293579102,False,NVIDIA_GeForce_RTX_3060_Ti,8,
resmlp_24_224,64,16,fp16,10.813440322875977,False,NVIDIA_GeForce_RTX_3060_Ti,8,
resmlp_24_224,64,16,fp32,14.51315212249756,False,NVIDIA_GeForce_RTX_3060_Ti,8,
resmlp_24_224,64,32,bf16,14.486528396606444,False,NVIDIA_GeForce_RTX_3060_Ti,8,
resmlp_24_224,64,32,fp16,13.75169563293457,False,NVIDIA_GeForce_RTX_3060_Ti,8,
resmlp_24_224,64,32,fp32,20.984832763671875,False,NVIDIA_GeForce_RTX_3060_Ti,8,
resmlp_24_224,64,64,bf16,21.112831115722656,False,NVIDIA_GeForce_RTX_3060_Ti,8,
resmlp_24_224,64,64,fp16,20.511232376098636,False,NVIDIA_GeForce_RTX_3060_Ti,8,
resmlp_24_224,64,64,fp32,34.609153747558594,False,NVIDIA_GeForce_RTX_3060_Ti,8,
resmlp_24_224,128,16,bf16,21.305343627929688,False,NVIDIA_GeForce_RTX_3060_Ti,8,
resmlp_24_224,128,16,fp16,20.83415985107422,False,NVIDIA_GeForce_RTX_3060_Ti,8,
resmlp_24_224,128,16,fp32,34.57673645019531,False,NVIDIA_GeForce_RTX_3060_Ti,8,
resmlp_24_224,128,32,bf16,36.81177520751953,False,NVIDIA_GeForce_RTX_3060_Ti,8,
resmlp_24_224,128,32,fp16,35.57478332519531,False,NVIDIA_GeForce_RTX_3060_Ti,8,
resmlp_24_224,128,32,fp32,63.976959228515625,False,NVIDIA_GeForce_RTX_3060_Ti,8,
resmlp_24_224,128,64,bf16,66.02790069580078,False,NVIDIA_GeForce_RTX_3060_Ti,8,
resmlp_24_224,128,64,fp16,63.48697662353516,False,NVIDIA_GeForce_RTX_3060_Ti,8,
resmlp_24_224,128,64,fp32,117.80608367919922,False,NVIDIA_GeForce_RTX_3060_Ti,8,
resmlp_24_224,224,16,bf16,54.08512115478516,False,NVIDIA_GeForce_RTX_3060_Ti,8,
resmlp_24_224,224,16,fp16,53.03091049194336,False,NVIDIA_GeForce_RTX_3060_Ti,8,
resmlp_24_224,224,16,fp32,96.43468475341795,False,NVIDIA_GeForce_RTX_3060_Ti,8,
resmlp_24_224,224,32,bf16,95.50080108642578,False,NVIDIA_GeForce_RTX_3060_Ti,8,
resmlp_24_224,224,32,fp16,93.8946533203125,False,NVIDIA_GeForce_RTX_3060_Ti,8,
resmlp_24_224,224,32,fp32,174.05081176757812,False,NVIDIA_GeForce_RTX_3060_Ti,8,
resmlp_24_224,224,64,bf16,179.87020874023438,False,NVIDIA_GeForce_RTX_3060_Ti,8,
resmlp_24_224,224,64,fp16,177.68191528320312,False,NVIDIA_GeForce_RTX_3060_Ti,8,
resmlp_24_224,224,64,fp32,,True,NVIDIA_GeForce_RTX_3060_Ti,8,
resnet101,64,16,bf16,21.15635108947754,False,NVIDIA_GeForce_RTX_3060_Ti,8,
resnet101,64,16,fp16,20.420095443725582,False,NVIDIA_GeForce_RTX_3060_Ti,8,
resnet101,64,16,fp32,29.29756736755371,False,NVIDIA_GeForce_RTX_3060_Ti,8,
resnet101,64,32,bf16,28.131328582763672,False,NVIDIA_GeForce_RTX_3060_Ti,8,
resnet101,64,32,fp16,26.20108795166016,False,NVIDIA_GeForce_RTX_3060_Ti,8,
resnet101,64,32,fp32,35.66592025756836,False,NVIDIA_GeForce_RTX_3060_Ti,8,
resnet101,64,64,bf16,35.86048126220703,False,NVIDIA_GeForce_RTX_3060_Ti,8,
resnet101,64,64,fp16,31.491071701049805,False,NVIDIA_GeForce_RTX_3060_Ti,8,
resnet101,64,64,fp32,55.1833610534668,False,NVIDIA_GeForce_RTX_3060_Ti,8,
resnet101,128,16,bf16,30.837247848510746,False,NVIDIA_GeForce_RTX_3060_Ti,8,
resnet101,128,16,fp16,28.73600006103516,False,NVIDIA_GeForce_RTX_3060_Ti,8,
resnet101,128,16,fp32,45.44972610473633,False,NVIDIA_GeForce_RTX_3060_Ti,8,
resnet101,128,32,bf16,49.77444839477539,False,NVIDIA_GeForce_RTX_3060_Ti,8,
resnet101,128,32,fp16,45.59139251708984,False,NVIDIA_GeForce_RTX_3060_Ti,8,
resnet101,128,32,fp32,79.34617614746094,False,NVIDIA_GeForce_RTX_3060_Ti,8,
resnet101,128,64,bf16,87.87097930908203,False,NVIDIA_GeForce_RTX_3060_Ti,8,
resnet101,128,64,fp16,79.95442962646484,False,NVIDIA_GeForce_RTX_3060_Ti,8,
resnet101,128,64,fp32,141.6345672607422,False,NVIDIA_GeForce_RTX_3060_Ti,8,
resnet101,224,16,bf16,72.80537414550781,False,NVIDIA_GeForce_RTX_3060_Ti,8,
resnet101,224,16,fp16,66.7923812866211,False,NVIDIA_GeForce_RTX_3060_Ti,8,
resnet101,224,16,fp32,115.552734375,False,NVIDIA_GeForce_RTX_3060_Ti,8,
resnet101,224,32,bf16,129.9824676513672,False,NVIDIA_GeForce_RTX_3060_Ti,8,
resnet101,224,32,fp16,117.46300506591795,False,NVIDIA_GeForce_RTX_3060_Ti,8,
resnet101,224,32,fp32,222.1598663330078,False,NVIDIA_GeForce_RTX_3060_Ti,8,
resnet101,224,64,bf16,249.5636444091797,False,NVIDIA_GeForce_RTX_3060_Ti,8,
resnet101,224,64,fp16,225.87384033203125,False,NVIDIA_GeForce_RTX_3060_Ti,8,
resnet101,224,64,fp32,,True,NVIDIA_GeForce_RTX_3060_Ti,8,
resnet152,64,16,bf16,30.15526390075684,False,NVIDIA_GeForce_RTX_3060_Ti,8,
resnet152,64,16,fp16,29.21881675720215,False,NVIDIA_GeForce_RTX_3060_Ti,8,
resnet152,64,16,fp32,41.92563247680664,False,NVIDIA_GeForce_RTX_3060_Ti,8,
resnet152,64,32,bf16,40.22476959228516,False,NVIDIA_GeForce_RTX_3060_Ti,8,
resnet152,64,32,fp16,37.63199996948242,False,NVIDIA_GeForce_RTX_3060_Ti,8,
resnet152,64,32,fp32,49.946624755859375,False,NVIDIA_GeForce_RTX_3060_Ti,8,
resnet152,64,64,bf16,50.15337753295898,False,NVIDIA_GeForce_RTX_3060_Ti,8,
resnet152,64,64,fp16,44.32734298706055,False,NVIDIA_GeForce_RTX_3060_Ti,8,
resnet152,64,64,fp32,77.32889556884766,False,NVIDIA_GeForce_RTX_3060_Ti,8,
resnet152,128,16,bf16,43.41603088378906,False,NVIDIA_GeForce_RTX_3060_Ti,8,
resnet152,128,16,fp16,40.68198394775391,False,NVIDIA_GeForce_RTX_3060_Ti,8,
resnet152,128,16,fp32,63.64006423950195,False,NVIDIA_GeForce_RTX_3060_Ti,8,
resnet152,128,32,bf16,70.31193542480469,False,NVIDIA_GeForce_RTX_3060_Ti,8,
resnet152,128,32,fp16,64.64868927001953,False,NVIDIA_GeForce_RTX_3060_Ti,8,
resnet152,128,32,fp32,112.57125091552734,False,NVIDIA_GeForce_RTX_3060_Ti,8,
resnet152,128,64,bf16,124.46617889404295,False,NVIDIA_GeForce_RTX_3060_Ti,8,
resnet152,128,64,fp16,113.3864974975586,False,NVIDIA_GeForce_RTX_3060_Ti,8,
resnet152,128,64,fp32,201.6265106201172,False,NVIDIA_GeForce_RTX_3060_Ti,8,
resnet152,224,16,bf16,103.193603515625,False,NVIDIA_GeForce_RTX_3060_Ti,8,
resnet152,224,16,fp16,94.7061767578125,False,NVIDIA_GeForce_RTX_3060_Ti,8,
resnet152,224,16,fp32,165.0452117919922,False,NVIDIA_GeForce_RTX_3060_Ti,8,
resnet152,224,32,bf16,184.2677764892578,False,NVIDIA_GeForce_RTX_3060_Ti,8,
resnet152,224,32,fp16,166.29083251953125,False,NVIDIA_GeForce_RTX_3060_Ti,8,
resnet152,224,32,fp32,,True,NVIDIA_GeForce_RTX_3060_Ti,8,
resnet152,224,64,bf16,,True,NVIDIA_GeForce_RTX_3060_Ti,8,
resnet152,224,64,fp16,,True,NVIDIA_GeForce_RTX_3060_Ti,8,
resnet152,224,64,fp32,,True,NVIDIA_GeForce_RTX_3060_Ti,8,
resnet18,64,16,bf16,4.474768161773682,False,NVIDIA_GeForce_RTX_3060_Ti,8,
resnet18,64,16,fp16,4.340735912322998,False,NVIDIA_GeForce_RTX_3060_Ti,8,
resnet18,64,16,fp32,5.097839832305908,False,NVIDIA_GeForce_RTX_3060_Ti,8,
resnet18,64,32,bf16,5.564752101898193,False,NVIDIA_GeForce_RTX_3060_Ti,8,
resnet18,64,32,fp16,5.287263870239258,False,NVIDIA_GeForce_RTX_3060_Ti,8,
resnet18,64,32,fp32,6.7394561767578125,False,NVIDIA_GeForce_RTX_3060_Ti,8,
resnet18,64,64,bf16,7.903232097625732,False,NVIDIA_GeForce_RTX_3060_Ti,8,
resnet18,64,64,fp16,7.332352161407471,False,NVIDIA_GeForce_RTX_3060_Ti,8,
resnet18,64,64,fp32,10.20518398284912,False,NVIDIA_GeForce_RTX_3060_Ti,8,
resnet18,128,16,bf16,7.449088096618652,False,NVIDIA_GeForce_RTX_3060_Ti,8,
resnet18,128,16,fp16,7.088047981262207,False,NVIDIA_GeForce_RTX_3060_Ti,8,
resnet18,128,16,fp32,9.826815605163574,False,NVIDIA_GeForce_RTX_3060_Ti,8,
resnet18,128,32,bf16,11.562496185302734,False,NVIDIA_GeForce_RTX_3060_Ti,8,
resnet18,128,32,fp16,10.748895645141602,False,NVIDIA_GeForce_RTX_3060_Ti,8,
resnet18,128,32,fp32,16.825855255126953,False,NVIDIA_GeForce_RTX_3060_Ti,8,
resnet18,128,64,bf16,20.09548759460449,False,NVIDIA_GeForce_RTX_3060_Ti,8,
resnet18,128,64,fp16,18.49497604370117,False,NVIDIA_GeForce_RTX_3060_Ti,8,
resnet18,128,64,fp32,30.52731132507324,False,NVIDIA_GeForce_RTX_3060_Ti,8,
resnet18,224,16,bf16,16.86769676208496,False,NVIDIA_GeForce_RTX_3060_Ti,8,
resnet18,224,16,fp16,15.631872177124023,False,NVIDIA_GeForce_RTX_3060_Ti,8,
resnet18,224,16,fp32,24.786943435668945,False,NVIDIA_GeForce_RTX_3060_Ti,8,
resnet18,224,32,bf16,29.469696044921875,False,NVIDIA_GeForce_RTX_3060_Ti,8,
resnet18,224,32,fp16,26.9936637878418,False,NVIDIA_GeForce_RTX_3060_Ti,8,
resnet18,224,32,fp32,46.434303283691406,False,NVIDIA_GeForce_RTX_3060_Ti,8,
resnet18,224,64,bf16,55.00551986694336,False,NVIDIA_GeForce_RTX_3060_Ti,8,
resnet18,224,64,fp16,50.50009536743164,False,NVIDIA_GeForce_RTX_3060_Ti,8,
resnet18,224,64,fp32,88.71270751953125,False,NVIDIA_GeForce_RTX_3060_Ti,8,
resnet200,64,16,bf16,35.2988166809082,False,NVIDIA_GeForce_RTX_3060_Ti,8,
resnet200,64,16,fp16,33.92803192138672,False,NVIDIA_GeForce_RTX_3060_Ti,8,
resnet200,64,16,fp32,48.257022857666016,False,NVIDIA_GeForce_RTX_3060_Ti,8,
resnet200,64,32,bf16,48.22886276245117,False,NVIDIA_GeForce_RTX_3060_Ti,8,
resnet200,64,32,fp16,44.82657623291016,False,NVIDIA_GeForce_RTX_3060_Ti,8,
resnet200,64,32,fp32,61.29508972167969,False,NVIDIA_GeForce_RTX_3060_Ti,8,
resnet200,64,64,bf16,62.67337417602539,False,NVIDIA_GeForce_RTX_3060_Ti,8,
resnet200,64,64,fp16,55.36966323852539,False,NVIDIA_GeForce_RTX_3060_Ti,8,
resnet200,64,64,fp32,96.50784301757812,False,NVIDIA_GeForce_RTX_3060_Ti,8,
resnet200,128,16,bf16,56.19456100463867,False,NVIDIA_GeForce_RTX_3060_Ti,8,
resnet200,128,16,fp16,52.31500625610352,False,NVIDIA_GeForce_RTX_3060_Ti,8,
resnet200,128,16,fp32,81.7447509765625,False,NVIDIA_GeForce_RTX_3060_Ti,8,
resnet200,128,32,bf16,91.92649841308594,False,NVIDIA_GeForce_RTX_3060_Ti,8,
resnet200,128,32,fp16,84.32579040527344,False,NVIDIA_GeForce_RTX_3060_Ti,8,
resnet200,128,32,fp32,148.46617126464844,False,NVIDIA_GeForce_RTX_3060_Ti,8,
resnet200,128,64,bf16,166.9529571533203,False,NVIDIA_GeForce_RTX_3060_Ti,8,
resnet200,128,64,fp16,150.28070068359375,False,NVIDIA_GeForce_RTX_3060_Ti,8,
resnet200,128,64,fp32,293.2729187011719,False,NVIDIA_GeForce_RTX_3060_Ti,8,
resnet200,224,16,bf16,135.85101318359375,False,NVIDIA_GeForce_RTX_3060_Ti,8,
resnet200,224,16,fp16,122.81187438964844,False,NVIDIA_GeForce_RTX_3060_Ti,8,
resnet200,224,16,fp32,220.19430541992188,False,NVIDIA_GeForce_RTX_3060_Ti,8,
resnet200,224,32,bf16,246.05081176757807,False,NVIDIA_GeForce_RTX_3060_Ti,8,
resnet200,224,32,fp16,218.73663330078125,False,NVIDIA_GeForce_RTX_3060_Ti,8,
resnet200,224,32,fp32,,True,NVIDIA_GeForce_RTX_3060_Ti,8,
resnet200,224,64,bf16,,True,NVIDIA_GeForce_RTX_3060_Ti,8,
resnet200,224,64,fp16,,True,NVIDIA_GeForce_RTX_3060_Ti,8,
resnet200,224,64,fp32,,True,NVIDIA_GeForce_RTX_3060_Ti,8,
resnet50,64,16,bf16,11.080191612243652,False,NVIDIA_GeForce_RTX_3060_Ti,8,
resnet50,64,16,fp16,10.52774429321289,False,NVIDIA_GeForce_RTX_3060_Ti,8,
resnet50,64,16,fp32,14.950400352478027,False,NVIDIA_GeForce_RTX_3060_Ti,8,
resnet50,64,32,bf16,14.932991981506348,False,NVIDIA_GeForce_RTX_3060_Ti,8,
resnet50,64,32,fp16,13.615455627441406,False,NVIDIA_GeForce_RTX_3060_Ti,8,
resnet50,64,32,fp32,20.74668884277344,False,NVIDIA_GeForce_RTX_3060_Ti,8,
resnet50,64,64,bf16,21.187583923339844,False,NVIDIA_GeForce_RTX_3060_Ti,8,
resnet50,64,64,fp16,18.289600372314453,False,NVIDIA_GeForce_RTX_3060_Ti,8,
resnet50,64,64,fp32,32.63334274291992,False,NVIDIA_GeForce_RTX_3060_Ti,8,
resnet50,128,16,bf16,18.544544219970703,False,NVIDIA_GeForce_RTX_3060_Ti,8,
resnet50,128,16,fp16,16.926719665527344,False,NVIDIA_GeForce_RTX_3060_Ti,8,
resnet50,128,16,fp32,27.6997127532959,False,NVIDIA_GeForce_RTX_3060_Ti,8,
resnet50,128,32,bf16,29.97862434387207,False,NVIDIA_GeForce_RTX_3060_Ti,8,
resnet50,128,32,fp16,27.166208267211918,False,NVIDIA_GeForce_RTX_3060_Ti,8,
resnet50,128,32,fp32,47.83206558227539,False,NVIDIA_GeForce_RTX_3060_Ti,8,
resnet50,128,64,bf16,53.96772766113281,False,NVIDIA_GeForce_RTX_3060_Ti,8,
resnet50,128,64,fp16,48.33587265014648,False,NVIDIA_GeForce_RTX_3060_Ti,8,
resnet50,128,64,fp32,86.50444793701172,False,NVIDIA_GeForce_RTX_3060_Ti,8,
resnet50,224,16,bf16,43.78163146972656,False,NVIDIA_GeForce_RTX_3060_Ti,8,
resnet50,224,16,fp16,39.50233459472656,False,NVIDIA_GeForce_RTX_3060_Ti,8,
resnet50,224,16,fp32,68.91725158691406,False,NVIDIA_GeForce_RTX_3060_Ti,8,
resnet50,224,32,bf16,78.60167694091797,False,NVIDIA_GeForce_RTX_3060_Ti,8,
resnet50,224,32,fp16,70.1761474609375,False,NVIDIA_GeForce_RTX_3060_Ti,8,
resnet50,224,32,fp32,131.37046813964844,False,NVIDIA_GeForce_RTX_3060_Ti,8,
resnet50,224,64,bf16,149.81837463378906,False,NVIDIA_GeForce_RTX_3060_Ti,8,
resnet50,224,64,fp16,135.2647705078125,False,NVIDIA_GeForce_RTX_3060_Ti,8,
resnet50,224,64,fp32,,True,NVIDIA_GeForce_RTX_3060_Ti,8,
resnext101_64x4d,64,16,bf16,30.917631149291992,False,NVIDIA_GeForce_RTX_3060_Ti,8,
resnext101_64x4d,64,16,fp16,29.77689552307129,False,NVIDIA_GeForce_RTX_3060_Ti,8,
resnext101_64x4d,64,16,fp32,69.73700714111328,False,NVIDIA_GeForce_RTX_3060_Ti,8,
resnext101_64x4d,64,32,bf16,40.4766731262207,False,NVIDIA_GeForce_RTX_3060_Ti,8,
resnext101_64x4d,64,32,fp16,37.86956787109375,False,NVIDIA_GeForce_RTX_3060_Ti,8,
resnext101_64x4d,64,32,fp32,87.4101791381836,False,NVIDIA_GeForce_RTX_3060_Ti,8,
resnext101_64x4d,64,64,bf16,63.80219268798828,False,NVIDIA_GeForce_RTX_3060_Ti,8,
resnext101_64x4d,64,64,fp16,56.99518585205078,False,NVIDIA_GeForce_RTX_3060_Ti,8,
resnext101_64x4d,64,64,fp32,153.9824676513672,False,NVIDIA_GeForce_RTX_3060_Ti,8,
resnext101_64x4d,128,16,bf16,55.3721923828125,False,NVIDIA_GeForce_RTX_3060_Ti,8,
resnext101_64x4d,128,16,fp16,51.984352111816406,False,NVIDIA_GeForce_RTX_3060_Ti,8,
resnext101_64x4d,128,16,fp32,117.80438232421876,False,NVIDIA_GeForce_RTX_3060_Ti,8,
resnext101_64x4d,128,32,bf16,92.40831756591795,False,NVIDIA_GeForce_RTX_3060_Ti,8,
resnext101_64x4d,128,32,fp16,87.11974334716797,False,NVIDIA_GeForce_RTX_3060_Ti,8,
resnext101_64x4d,128,32,fp32,194.9962310791016,False,NVIDIA_GeForce_RTX_3060_Ti,8,
resnext101_64x4d,128,64,bf16,164.3714599609375,False,NVIDIA_GeForce_RTX_3060_Ti,8,
resnext101_64x4d,128,64,fp16,154.953857421875,False,NVIDIA_GeForce_RTX_3060_Ti,8,
resnext101_64x4d,128,64,fp32,1190.41162109375,False,NVIDIA_GeForce_RTX_3060_Ti,8,slow_outlier
resnext101_64x4d,224,16,bf16,139.9219207763672,False,NVIDIA_GeForce_RTX_3060_Ti,8,
resnext101_64x4d,224,16,fp16,127.88275146484376,False,NVIDIA_GeForce_RTX_3060_Ti,8,
resnext101_64x4d,224,16,fp32,266.8001403808594,False,NVIDIA_GeForce_RTX_3060_Ti,8,
resnext101_64x4d,224,32,bf16,271.2861633300781,False,NVIDIA_GeForce_RTX_3060_Ti,8,
resnext101_64x4d,224,32,fp16,327.836669921875,False,NVIDIA_GeForce_RTX_3060_Ti,8,
resnext101_64x4d,224,32,fp32,,True,NVIDIA_GeForce_RTX_3060_Ti,8,
resnext101_64x4d,224,64,bf16,,True,NVIDIA_GeForce_RTX_3060_Ti,8,
resnext101_64x4d,224,64,fp16,,True,NVIDIA_GeForce_RTX_3060_Ti,8,
resnext101_64x4d,224,64,fp32,,True,NVIDIA_GeForce_RTX_3060_Ti,8,
resnext50_32x4d,64,16,bf16,12.178815841674805,False,NVIDIA_GeForce_RTX_3060_Ti,8,
resnext50_32x4d,64,16,fp16,11.362159729003906,False,NVIDIA_GeForce_RTX_3060_Ti,8,
resnext50_32x4d,64,16,fp32,20.66185569763184,False,NVIDIA_GeForce_RTX_3060_Ti,8,
resnext50_32x4d,64,32,bf16,14.842368125915527,False,NVIDIA_GeForce_RTX_3060_Ti,8,
resnext50_32x4d,64,32,fp16,14.378496170043944,False,NVIDIA_GeForce_RTX_3060_Ti,8,
resnext50_32x4d,64,32,fp32,29.17020797729492,False,NVIDIA_GeForce_RTX_3060_Ti,8,
resnext50_32x4d,64,64,bf16,24.070144653320312,False,NVIDIA_GeForce_RTX_3060_Ti,8,
resnext50_32x4d,64,64,fp16,20.600736618041992,False,NVIDIA_GeForce_RTX_3060_Ti,8,
resnext50_32x4d,64,64,fp32,43.72742462158203,False,NVIDIA_GeForce_RTX_3060_Ti,8,
resnext50_32x4d,128,16,bf16,20.75904083251953,False,NVIDIA_GeForce_RTX_3060_Ti,8,
resnext50_32x4d,128,16,fp16,18.55628776550293,False,NVIDIA_GeForce_RTX_3060_Ti,8,
resnext50_32x4d,128,16,fp32,34.25243377685547,False,NVIDIA_GeForce_RTX_3060_Ti,8,
resnext50_32x4d,128,32,bf16,34.58252716064453,False,NVIDIA_GeForce_RTX_3060_Ti,8,
resnext50_32x4d,128,32,fp16,31.20230484008789,False,NVIDIA_GeForce_RTX_3060_Ti,8,
resnext50_32x4d,128,32,fp32,62.2740478515625,False,NVIDIA_GeForce_RTX_3060_Ti,8,
resnext50_32x4d,128,64,bf16,63.85750579833984,False,NVIDIA_GeForce_RTX_3060_Ti,8,
resnext50_32x4d,128,64,fp16,57.53139114379883,False,NVIDIA_GeForce_RTX_3060_Ti,8,
resnext50_32x4d,128,64,fp32,111.91756439208984,False,NVIDIA_GeForce_RTX_3060_Ti,8,
resnext50_32x4d,224,16,bf16,52.79275131225586,False,NVIDIA_GeForce_RTX_3060_Ti,8,
resnext50_32x4d,224,16,fp16,46.81011199951172,False,NVIDIA_GeForce_RTX_3060_Ti,8,
resnext50_32x4d,224,16,fp32,89.32406616210938,False,NVIDIA_GeForce_RTX_3060_Ti,8,
resnext50_32x4d,224,32,bf16,94.61043548583984,False,NVIDIA_GeForce_RTX_3060_Ti,8,
resnext50_32x4d,224,32,fp16,84.50355529785156,False,NVIDIA_GeForce_RTX_3060_Ti,8,
resnext50_32x4d,224,32,fp32,171.536376953125,False,NVIDIA_GeForce_RTX_3060_Ti,8,
resnext50_32x4d,224,64,bf16,182.5597381591797,False,NVIDIA_GeForce_RTX_3060_Ti,8,
resnext50_32x4d,224,64,fp16,165.27001953125,False,NVIDIA_GeForce_RTX_3060_Ti,8,
resnext50_32x4d,224,64,fp32,,True,NVIDIA_GeForce_RTX_3060_Ti,8,
swin_base_patch4_window7_224,64,16,bf16,27.79689598083496,False,NVIDIA_GeForce_RTX_3060_Ti,8,
swin_base_patch4_window7_224,64,16,fp16,27.28550338745117,False,NVIDIA_GeForce_RTX_3060_Ti,8,
swin_base_patch4_window7_224,64,16,fp32,40.01996612548828,False,NVIDIA_GeForce_RTX_3060_Ti,8,
swin_base_patch4_window7_224,64,32,bf16,37.80710220336914,False,NVIDIA_GeForce_RTX_3060_Ti,8,
swin_base_patch4_window7_224,64,32,fp16,37.02067184448242,False,NVIDIA_GeForce_RTX_3060_Ti,8,
swin_base_patch4_window7_224,64,32,fp32,63.05177688598633,False,NVIDIA_GeForce_RTX_3060_Ti,8,
swin_base_patch4_window7_224,64,64,bf16,57.45100784301758,False,NVIDIA_GeForce_RTX_3060_Ti,8,
swin_base_patch4_window7_224,64,64,fp16,56.899070739746094,False,NVIDIA_GeForce_RTX_3060_Ti,8,
swin_base_patch4_window7_224,64,64,fp32,111.1362533569336,False,NVIDIA_GeForce_RTX_3060_Ti,8,
swin_base_patch4_window7_224,128,16,bf16,79.6655044555664,False,NVIDIA_GeForce_RTX_3060_Ti,8,
swin_base_patch4_window7_224,128,16,fp16,78.76863861083984,False,NVIDIA_GeForce_RTX_3060_Ti,8,
swin_base_patch4_window7_224,128,16,fp32,157.03245544433594,False,NVIDIA_GeForce_RTX_3060_Ti,8,
swin_base_patch4_window7_224,128,32,bf16,140.1096954345703,False,NVIDIA_GeForce_RTX_3060_Ti,8,
swin_base_patch4_window7_224,128,32,fp16,138.23641967773438,False,NVIDIA_GeForce_RTX_3060_Ti,8,
swin_base_patch4_window7_224,128,32,fp32,287.810546875,False,NVIDIA_GeForce_RTX_3060_Ti,8,
swin_base_patch4_window7_224,128,64,bf16,627.5225830078125,False,NVIDIA_GeForce_RTX_3060_Ti,8,
swin_base_patch4_window7_224,128,64,fp16,661.8931274414062,False,NVIDIA_GeForce_RTX_3060_Ti,8,
swin_base_patch4_window7_224,128,64,fp32,,True,NVIDIA_GeForce_RTX_3060_Ti,8,
swin_base_patch4_window7_224,224,16,bf16,134.7942352294922,False,NVIDIA_GeForce_RTX_3060_Ti,8,
swin_base_patch4_window7_224,224,16,fp16,133.00428771972656,False,NVIDIA_GeForce_RTX_3060_Ti,8,
swin_base_patch4_window7_224,224,16,fp32,265.8160705566406,False,NVIDIA_GeForce_RTX_3060_Ti,8,
swin_base_patch4_window7_224,224,32,bf16,379.6756286621094,False,NVIDIA_GeForce_RTX_3060_Ti,8,
swin_base_patch4_window7_224,224,32,fp16,391.7076416015625,False,NVIDIA_GeForce_RTX_3060_Ti,8,
swin_base_patch4_window7_224,224,32,fp32,,True,NVIDIA_GeForce_RTX_3060_Ti,8,
swin_base_patch4_window7_224,224,64,bf16,,True,NVIDIA_GeForce_RTX_3060_Ti,8,
swin_base_patch4_window7_224,224,64,fp16,,True,NVIDIA_GeForce_RTX_3060_Ti,8,
swin_base_patch4_window7_224,224,64,fp32,,True,NVIDIA_GeForce_RTX_3060_Ti,8,
swin_tiny_patch4_window7_224,64,16,bf16,11.668479919433594,False,NVIDIA_GeForce_RTX_3060_Ti,8,
swin_tiny_patch4_window7_224,64,16,fp16,11.388416290283203,False,NVIDIA_GeForce_RTX_3060_Ti,8,
swin_tiny_patch4_window7_224,64,16,fp32,16.651151657104492,False,NVIDIA_GeForce_RTX_3060_Ti,8,
swin_tiny_patch4_window7_224,64,32,bf16,16.718303680419922,False,NVIDIA_GeForce_RTX_3060_Ti,8,
swin_tiny_patch4_window7_224,64,32,fp16,16.14182472229004,False,NVIDIA_GeForce_RTX_3060_Ti,8,
swin_tiny_patch4_window7_224,64,32,fp32,26.668399810791016,False,NVIDIA_GeForce_RTX_3060_Ti,8,
swin_tiny_patch4_window7_224,64,64,bf16,26.355712890625,False,NVIDIA_GeForce_RTX_3060_Ti,8,
swin_tiny_patch4_window7_224,64,64,fp16,26.03660774230957,False,NVIDIA_GeForce_RTX_3060_Ti,8,
swin_tiny_patch4_window7_224,64,64,fp32,46.77975845336914,False,NVIDIA_GeForce_RTX_3060_Ti,8,
swin_tiny_patch4_window7_224,128,16,bf16,29.74668884277344,False,NVIDIA_GeForce_RTX_3060_Ti,8,
swin_tiny_patch4_window7_224,128,16,fp16,29.140480041503903,False,NVIDIA_GeForce_RTX_3060_Ti,8,
swin_tiny_patch4_window7_224,128,16,fp32,51.63980865478516,False,NVIDIA_GeForce_RTX_3060_Ti,8,
swin_tiny_patch4_window7_224,128,32,bf16,51.40633773803711,False,NVIDIA_GeForce_RTX_3060_Ti,8,
swin_tiny_patch4_window7_224,128,32,fp16,50.46988677978516,False,NVIDIA_GeForce_RTX_3060_Ti,8,
swin_tiny_patch4_window7_224,128,32,fp32,96.63846588134766,False,NVIDIA_GeForce_RTX_3060_Ti,8,
swin_tiny_patch4_window7_224,128,64,bf16,95.3543701171875,False,NVIDIA_GeForce_RTX_3060_Ti,8,
swin_tiny_patch4_window7_224,128,64,fp16,93.83010864257812,False,NVIDIA_GeForce_RTX_3060_Ti,8,
swin_tiny_patch4_window7_224,128,64,fp32,185.46739196777344,False,NVIDIA_GeForce_RTX_3060_Ti,8,
swin_tiny_patch4_window7_224,224,16,bf16,56.20479965209961,False,NVIDIA_GeForce_RTX_3060_Ti,8,
swin_tiny_patch4_window7_224,224,16,fp16,55.20588684082031,False,NVIDIA_GeForce_RTX_3060_Ti,8,
swin_tiny_patch4_window7_224,224,16,fp32,102.36153411865234,False,NVIDIA_GeForce_RTX_3060_Ti,8,
swin_tiny_patch4_window7_224,224,32,bf16,100.91110229492188,False,NVIDIA_GeForce_RTX_3060_Ti,8,
swin_tiny_patch4_window7_224,224,32,fp16,99.80043029785156,False,NVIDIA_GeForce_RTX_3060_Ti,8,
swin_tiny_patch4_window7_224,224,32,fp32,192.34918212890625,False,NVIDIA_GeForce_RTX_3060_Ti,8,
swin_tiny_patch4_window7_224,224,64,bf16,192.38381958007807,False,NVIDIA_GeForce_RTX_3060_Ti,8,
swin_tiny_patch4_window7_224,224,64,fp16,192.49407958984372,False,NVIDIA_GeForce_RTX_3060_Ti,8,
swin_tiny_patch4_window7_224,224,64,fp32,,True,NVIDIA_GeForce_RTX_3060_Ti,8,
swinv2_cr_tiny_ns_224,64,16,bf16,12.306400299072266,False,NVIDIA_GeForce_RTX_3060_Ti,8,
swinv2_cr_tiny_ns_224,64,16,fp16,12.049920082092283,False,NVIDIA_GeForce_RTX_3060_Ti,8,
swinv2_cr_tiny_ns_224,64,16,fp32,16.783695220947266,False,NVIDIA_GeForce_RTX_3060_Ti,8,
swinv2_cr_tiny_ns_224,64,32,bf16,17.18731117248535,False,NVIDIA_GeForce_RTX_3060_Ti,8,
swinv2_cr_tiny_ns_224,64,32,fp16,16.65894317626953,False,NVIDIA_GeForce_RTX_3060_Ti,8,
swinv2_cr_tiny_ns_224,64,32,fp32,26.58355140686035,False,NVIDIA_GeForce_RTX_3060_Ti,8,
swinv2_cr_tiny_ns_224,64,64,bf16,26.87897682189941,False,NVIDIA_GeForce_RTX_3060_Ti,8,
swinv2_cr_tiny_ns_224,64,64,fp16,26.671615600585938,False,NVIDIA_GeForce_RTX_3060_Ti,8,
swinv2_cr_tiny_ns_224,64,64,fp32,46.29043197631836,False,NVIDIA_GeForce_RTX_3060_Ti,8,
swinv2_cr_tiny_ns_224,128,16,bf16,26.299392700195312,False,NVIDIA_GeForce_RTX_3060_Ti,8,
swinv2_cr_tiny_ns_224,128,16,fp16,26.088768005371094,False,NVIDIA_GeForce_RTX_3060_Ti,8,
swinv2_cr_tiny_ns_224,128,16,fp32,41.20217514038086,False,NVIDIA_GeForce_RTX_3060_Ti,8,
swinv2_cr_tiny_ns_224,128,32,bf16,45.99897766113281,False,NVIDIA_GeForce_RTX_3060_Ti,8,
swinv2_cr_tiny_ns_224,128,32,fp16,45.1148796081543,False,NVIDIA_GeForce_RTX_3060_Ti,8,
swinv2_cr_tiny_ns_224,128,32,fp32,76.14361572265625,False,NVIDIA_GeForce_RTX_3060_Ti,8,
swinv2_cr_tiny_ns_224,128,64,bf16,83.92550659179688,False,NVIDIA_GeForce_RTX_3060_Ti,8,
swinv2_cr_tiny_ns_224,128,64,fp16,83.24607849121094,False,NVIDIA_GeForce_RTX_3060_Ti,8,
swinv2_cr_tiny_ns_224,128,64,fp32,143.11935424804688,False,NVIDIA_GeForce_RTX_3060_Ti,8,
swinv2_cr_tiny_ns_224,224,16,bf16,75.83846282958984,False,NVIDIA_GeForce_RTX_3060_Ti,8,
swinv2_cr_tiny_ns_224,224,16,fp16,74.40230560302734,False,NVIDIA_GeForce_RTX_3060_Ti,8,
swinv2_cr_tiny_ns_224,224,16,fp32,118.17266845703124,False,NVIDIA_GeForce_RTX_3060_Ti,8,
swinv2_cr_tiny_ns_224,224,32,bf16,137.39520263671875,False,NVIDIA_GeForce_RTX_3060_Ti,8,
swinv2_cr_tiny_ns_224,224,32,fp16,135.901611328125,False,NVIDIA_GeForce_RTX_3060_Ti,8,
swinv2_cr_tiny_ns_224,224,32,fp32,221.2526092529297,False,NVIDIA_GeForce_RTX_3060_Ti,8,
swinv2_cr_tiny_ns_224,224,64,bf16,,True,NVIDIA_GeForce_RTX_3060_Ti,8,
swinv2_cr_tiny_ns_224,224,64,fp16,,True,NVIDIA_GeForce_RTX_3060_Ti,8,
swinv2_cr_tiny_ns_224,224,64,fp32,,True,NVIDIA_GeForce_RTX_3060_Ti,8,
twins_pcpvt_small,64,16,bf16,11.366399765014648,False,NVIDIA_GeForce_RTX_3060_Ti,8,
twins_pcpvt_small,64,16,fp16,11.997695922851562,False,NVIDIA_GeForce_RTX_3060_Ti,8,
twins_pcpvt_small,64,16,fp32,15.26476764678955,False,NVIDIA_GeForce_RTX_3060_Ti,8,
twins_pcpvt_small,64,32,bf16,15.242239952087402,False,NVIDIA_GeForce_RTX_3060_Ti,8,
twins_pcpvt_small,64,32,fp16,14.814208030700684,False,NVIDIA_GeForce_RTX_3060_Ti,8,
twins_pcpvt_small,64,32,fp32,21.86751937866211,False,NVIDIA_GeForce_RTX_3060_Ti,8,
twins_pcpvt_small,64,64,bf16,22.382591247558597,False,NVIDIA_GeForce_RTX_3060_Ti,8,
twins_pcpvt_small,64,64,fp16,21.963775634765625,False,NVIDIA_GeForce_RTX_3060_Ti,8,
twins_pcpvt_small,64,64,fp32,35.59270477294922,False,NVIDIA_GeForce_RTX_3060_Ti,8,
twins_pcpvt_small,128,16,bf16,21.181440353393555,False,NVIDIA_GeForce_RTX_3060_Ti,8,
twins_pcpvt_small,128,16,fp16,20.57147216796875,False,NVIDIA_GeForce_RTX_3060_Ti,8,
twins_pcpvt_small,128,16,fp32,33.57743835449219,False,NVIDIA_GeForce_RTX_3060_Ti,8,
twins_pcpvt_small,128,32,bf16,34.303489685058594,False,NVIDIA_GeForce_RTX_3060_Ti,8,
twins_pcpvt_small,128,32,fp16,33.70188903808594,False,NVIDIA_GeForce_RTX_3060_Ti,8,
twins_pcpvt_small,128,32,fp32,57.783294677734375,False,NVIDIA_GeForce_RTX_3060_Ti,8,
twins_pcpvt_small,128,64,bf16,60.14617538452149,False,NVIDIA_GeForce_RTX_3060_Ti,8,
twins_pcpvt_small,128,64,fp16,59.61369705200195,False,NVIDIA_GeForce_RTX_3060_Ti,8,
twins_pcpvt_small,128,64,fp32,105.98030090332033,False,NVIDIA_GeForce_RTX_3060_Ti,8,
twins_pcpvt_small,224,16,bf16,48.62247848510742,False,NVIDIA_GeForce_RTX_3060_Ti,8,
twins_pcpvt_small,224,16,fp16,47.72966384887695,False,NVIDIA_GeForce_RTX_3060_Ti,8,
twins_pcpvt_small,224,16,fp32,86.02623748779297,False,NVIDIA_GeForce_RTX_3060_Ti,8,
twins_pcpvt_small,224,32,bf16,84.2171859741211,False,NVIDIA_GeForce_RTX_3060_Ti,8,
twins_pcpvt_small,224,32,fp16,84.6376953125,False,NVIDIA_GeForce_RTX_3060_Ti,8,
twins_pcpvt_small,224,32,fp32,155.27316284179688,False,NVIDIA_GeForce_RTX_3060_Ti,8,
twins_pcpvt_small,224,64,bf16,158.66470336914062,False,NVIDIA_GeForce_RTX_3060_Ti,8,
twins_pcpvt_small,224,64,fp16,157.9990997314453,False,NVIDIA_GeForce_RTX_3060_Ti,8,
twins_pcpvt_small,224,64,fp32,,True,NVIDIA_GeForce_RTX_3060_Ti,8,
twins_svt_small,64,16,bf16,14.097295761108398,False,NVIDIA_GeForce_RTX_3060_Ti,8,
twins_svt_small,64,16,fp16,13.797375679016112,False,NVIDIA_GeForce_RTX_3060_Ti,8,
twins_svt_small,64,16,fp32,17.01375961303711,False,NVIDIA_GeForce_RTX_3060_Ti,8,
twins_svt_small,64,32,bf16,21.13587188720703,False,NVIDIA_GeForce_RTX_3060_Ti,8,
twins_svt_small,64,32,fp16,20.636159896850582,False,NVIDIA_GeForce_RTX_3060_Ti,8,
twins_svt_small,64,32,fp32,26.61734390258789,False,NVIDIA_GeForce_RTX_3060_Ti,8,
twins_svt_small,64,64,bf16,34.036720275878906,False,NVIDIA_GeForce_RTX_3060_Ti,8,
twins_svt_small,64,64,fp16,33.90919876098633,False,NVIDIA_GeForce_RTX_3060_Ti,8,
twins_svt_small,64,64,fp32,46.03647994995117,False,NVIDIA_GeForce_RTX_3060_Ti,8,
twins_svt_small,128,16,bf16,27.28447914123535,False,NVIDIA_GeForce_RTX_3060_Ti,8,
twins_svt_small,128,16,fp16,26.80575942993164,False,NVIDIA_GeForce_RTX_3060_Ti,8,
twins_svt_small,128,16,fp32,37.48147201538086,False,NVIDIA_GeForce_RTX_3060_Ti,8,
twins_svt_small,128,32,bf16,46.96412658691406,False,NVIDIA_GeForce_RTX_3060_Ti,8,
twins_svt_small,128,32,fp16,46.62374496459961,False,NVIDIA_GeForce_RTX_3060_Ti,8,
twins_svt_small,128,32,fp32,66.02900695800781,False,NVIDIA_GeForce_RTX_3060_Ti,8,
twins_svt_small,128,64,bf16,85.90080261230469,False,NVIDIA_GeForce_RTX_3060_Ti,8,
twins_svt_small,128,64,fp16,85.665283203125,False,NVIDIA_GeForce_RTX_3060_Ti,8,
twins_svt_small,128,64,fp32,122.88921356201172,False,NVIDIA_GeForce_RTX_3060_Ti,8,
twins_svt_small,224,16,bf16,49.278465270996094,False,NVIDIA_GeForce_RTX_3060_Ti,8,
twins_svt_small,224,16,fp16,49.04545593261719,False,NVIDIA_GeForce_RTX_3060_Ti,8,
twins_svt_small,224,16,fp32,75.68067169189453,False,NVIDIA_GeForce_RTX_3060_Ti,8,
twins_svt_small,224,32,bf16,88.1817626953125,False,NVIDIA_GeForce_RTX_3060_Ti,8,
twins_svt_small,224,32,fp16,87.8387222290039,False,NVIDIA_GeForce_RTX_3060_Ti,8,
twins_svt_small,224,32,fp32,138.030029296875,False,NVIDIA_GeForce_RTX_3060_Ti,8,
twins_svt_small,224,64,bf16,166.40103149414062,False,NVIDIA_GeForce_RTX_3060_Ti,8,
twins_svt_small,224,64,fp16,166.4593963623047,False,NVIDIA_GeForce_RTX_3060_Ti,8,
twins_svt_small,224,64,fp32,262.15875244140625,False,NVIDIA_GeForce_RTX_3060_Ti,8,
vit_base_patch16_224,64,16,bf16,23.611263275146484,False,NVIDIA_GeForce_RTX_3060_Ti,8,
vit_base_patch16_224,64,16,fp16,23.367664337158203,False,NVIDIA_GeForce_RTX_3060_Ti,8,
vit_base_patch16_224,64,16,fp32,32.14643096923828,False,NVIDIA_GeForce_RTX_3060_Ti,8,
vit_base_patch16_224,64,32,bf16,31.05279922485352,False,NVIDIA_GeForce_RTX_3060_Ti,8,
vit_base_patch16_224,64,32,fp16,30.54489517211914,False,NVIDIA_GeForce_RTX_3060_Ti,8,
vit_base_patch16_224,64,32,fp32,49.78636932373047,False,NVIDIA_GeForce_RTX_3060_Ti,8,
vit_base_patch16_224,64,64,bf16,46.13987350463867,False,NVIDIA_GeForce_RTX_3060_Ti,8,
vit_base_patch16_224,64,64,fp16,45.33964920043945,False,NVIDIA_GeForce_RTX_3060_Ti,8,
vit_base_patch16_224,64,64,fp32,84.43596649169922,False,NVIDIA_GeForce_RTX_3060_Ti,8,
vit_base_patch16_224,128,16,bf16,41.96299362182617,False,NVIDIA_GeForce_RTX_3060_Ti,8,
vit_base_patch16_224,128,16,fp16,42.29017639160156,False,NVIDIA_GeForce_RTX_3060_Ti,8,
vit_base_patch16_224,128,16,fp32,84.88543701171875,False,NVIDIA_GeForce_RTX_3060_Ti,8,
vit_base_patch16_224,128,32,bf16,66.1053466796875,False,NVIDIA_GeForce_RTX_3060_Ti,8,
vit_base_patch16_224,128,32,fp16,65.27078247070312,False,NVIDIA_GeForce_RTX_3060_Ti,8,
vit_base_patch16_224,128,32,fp32,151.3190460205078,False,NVIDIA_GeForce_RTX_3060_Ti,8,
vit_base_patch16_224,128,64,bf16,113.36646270751952,False,NVIDIA_GeForce_RTX_3060_Ti,8,
vit_base_patch16_224,128,64,fp16,117.06214141845705,False,NVIDIA_GeForce_RTX_3060_Ti,8,
vit_base_patch16_224,128,64,fp32,284.5501403808594,False,NVIDIA_GeForce_RTX_3060_Ti,8,
vit_base_patch16_224,224,16,bf16,87.59961700439453,False,NVIDIA_GeForce_RTX_3060_Ti,8,
vit_base_patch16_224,224,16,fp16,93.82707214355467,False,NVIDIA_GeForce_RTX_3060_Ti,8,
vit_base_patch16_224,224,16,fp32,229.12255859375,False,NVIDIA_GeForce_RTX_3060_Ti,8,
vit_base_patch16_224,224,32,bf16,160.14540100097656,False,NVIDIA_GeForce_RTX_3060_Ti,8,
vit_base_patch16_224,224,32,fp16,165.9525146484375,False,NVIDIA_GeForce_RTX_3060_Ti,8,
vit_base_patch16_224,224,32,fp32,441.1197509765625,False,NVIDIA_GeForce_RTX_3060_Ti,8,
vit_base_patch16_224,224,64,bf16,307.509765625,False,NVIDIA_GeForce_RTX_3060_Ti,8,
vit_base_patch16_224,224,64,fp16,317.3473205566406,False,NVIDIA_GeForce_RTX_3060_Ti,8,
vit_base_patch16_224,224,64,fp32,,True,NVIDIA_GeForce_RTX_3060_Ti,8,
vit_large_patch16_224,64,16,bf16,75.65824127197266,False,NVIDIA_GeForce_RTX_3060_Ti,8,
vit_large_patch16_224,64,16,fp16,75.92294311523438,False,NVIDIA_GeForce_RTX_3060_Ti,8,
vit_large_patch16_224,64,16,fp32,104.55814361572266,False,NVIDIA_GeForce_RTX_3060_Ti,8,
vit_large_patch16_224,64,32,bf16,104.79872131347656,False,NVIDIA_GeForce_RTX_3060_Ti,8,
vit_large_patch16_224,64,32,fp16,98.43968200683594,False,NVIDIA_GeForce_RTX_3060_Ti,8,
vit_large_patch16_224,64,32,fp32,157.5362548828125,False,NVIDIA_GeForce_RTX_3060_Ti,8,
vit_large_patch16_224,64,64,bf16,138.3224334716797,False,NVIDIA_GeForce_RTX_3060_Ti,8,
vit_large_patch16_224,64,64,fp16,137.1637725830078,False,NVIDIA_GeForce_RTX_3060_Ti,8,
vit_large_patch16_224,64,64,fp32,271.98004150390625,False,NVIDIA_GeForce_RTX_3060_Ti,8,
vit_large_patch16_224,128,16,bf16,130.60914611816406,False,NVIDIA_GeForce_RTX_3060_Ti,8,
vit_large_patch16_224,128,16,fp16,129.5150146484375,False,NVIDIA_GeForce_RTX_3060_Ti,8,
vit_large_patch16_224,128,16,fp32,271.26629638671875,False,NVIDIA_GeForce_RTX_3060_Ti,8,
vit_large_patch16_224,128,32,bf16,923.5000610351562,False,NVIDIA_GeForce_RTX_3060_Ti,8,slow_outlier
vit_large_patch16_224,128,32,fp16,983.1644287109376,False,NVIDIA_GeForce_RTX_3060_Ti,8,slow_outlier
vit_large_patch16_224,128,32,fp32,,True,NVIDIA_GeForce_RTX_3060_Ti,8,
vit_large_patch16_224,128,64,bf16,,True,NVIDIA_GeForce_RTX_3060_Ti,8,
vit_large_patch16_224,128,64,fp16,,True,NVIDIA_GeForce_RTX_3060_Ti,8,
vit_large_patch16_224,128,64,fp32,,True,NVIDIA_GeForce_RTX_3060_Ti,8,
vit_large_patch16_224,224,16,bf16,,True,NVIDIA_GeForce_RTX_3060_Ti,8,
vit_large_patch16_224,224,16,fp16,,True,NVIDIA_GeForce_RTX_3060_Ti,8,
vit_large_patch16_224,224,16,fp32,,True,NVIDIA_GeForce_RTX_3060_Ti,8,
vit_large_patch16_224,224,32,bf16,,True,NVIDIA_GeForce_RTX_3060_Ti,8,
vit_large_patch16_224,224,32,fp16,,True,NVIDIA_GeForce_RTX_3060_Ti,8,
vit_large_patch16_224,224,32,fp32,,True,NVIDIA_GeForce_RTX_3060_Ti,8,
vit_large_patch16_224,224,64,bf16,,True,NVIDIA_GeForce_RTX_3060_Ti,8,
vit_large_patch16_224,224,64,fp16,,True,NVIDIA_GeForce_RTX_3060_Ti,8,
vit_large_patch16_224,224,64,fp32,,True,NVIDIA_GeForce_RTX_3060_Ti,8,
vit_small_patch16_224,64,16,bf16,7.713791847229004,False,NVIDIA_GeForce_RTX_3060_Ti,8,
vit_small_patch16_224,64,16,fp16,7.3461761474609375,False,NVIDIA_GeForce_RTX_3060_Ti,8,
vit_small_patch16_224,64,16,fp32,11.067904472351074,False,NVIDIA_GeForce_RTX_3060_Ti,8,
vit_small_patch16_224,64,32,bf16,10.590208053588867,False,NVIDIA_GeForce_RTX_3060_Ti,8,
vit_small_patch16_224,64,32,fp16,9.894911766052246,False,NVIDIA_GeForce_RTX_3060_Ti,8,
vit_small_patch16_224,64,32,fp32,16.81305694580078,False,NVIDIA_GeForce_RTX_3060_Ti,8,
vit_small_patch16_224,64,64,bf16,15.508864402770996,False,NVIDIA_GeForce_RTX_3060_Ti,8,
vit_small_patch16_224,64,64,fp16,14.988800048828123,False,NVIDIA_GeForce_RTX_3060_Ti,8,
vit_small_patch16_224,64,64,fp32,27.608064651489254,False,NVIDIA_GeForce_RTX_3060_Ti,8,
vit_small_patch16_224,128,16,bf16,14.05951976776123,False,NVIDIA_GeForce_RTX_3060_Ti,8,
vit_small_patch16_224,128,16,fp16,13.320192337036133,False,NVIDIA_GeForce_RTX_3060_Ti,8,
vit_small_patch16_224,128,16,fp32,27.82975959777832,False,NVIDIA_GeForce_RTX_3060_Ti,8,
vit_small_patch16_224,128,32,bf16,23.505407333374023,False,NVIDIA_GeForce_RTX_3060_Ti,8,
vit_small_patch16_224,128,32,fp16,22.396240234375,False,NVIDIA_GeForce_RTX_3060_Ti,8,
vit_small_patch16_224,128,32,fp32,49.19705581665039,False,NVIDIA_GeForce_RTX_3060_Ti,8,
vit_small_patch16_224,128,64,bf16,40.22528076171875,False,NVIDIA_GeForce_RTX_3060_Ti,8,
vit_small_patch16_224,128,64,fp16,39.25094223022461,False,NVIDIA_GeForce_RTX_3060_Ti,8,
vit_small_patch16_224,128,64,fp32,90.02700805664062,False,NVIDIA_GeForce_RTX_3060_Ti,8,
vit_small_patch16_224,224,16,bf16,32.70399856567383,False,NVIDIA_GeForce_RTX_3060_Ti,8,
vit_small_patch16_224,224,16,fp16,31.950847625732425,False,NVIDIA_GeForce_RTX_3060_Ti,8,
vit_small_patch16_224,224,16,fp32,76.1154556274414,False,NVIDIA_GeForce_RTX_3060_Ti,8,
vit_small_patch16_224,224,32,bf16,55.29600143432617,False,NVIDIA_GeForce_RTX_3060_Ti,8,
vit_small_patch16_224,224,32,fp16,54.93555068969727,False,NVIDIA_GeForce_RTX_3060_Ti,8,
vit_small_patch16_224,224,32,fp32,141.4983673095703,False,NVIDIA_GeForce_RTX_3060_Ti,8,
vit_small_patch16_224,224,64,bf16,105.12281799316406,False,NVIDIA_GeForce_RTX_3060_Ti,8,
vit_small_patch16_224,224,64,fp16,103.57708740234376,False,NVIDIA_GeForce_RTX_3060_Ti,8,
vit_small_patch16_224,224,64,fp32,275.63311767578125,False,NVIDIA_GeForce_RTX_3060_Ti,8,
vit_tiny_patch16_224,64,16,bf16,4.04531192779541,False,NVIDIA_GeForce_RTX_3060_Ti,8,
vit_tiny_patch16_224,64,16,fp16,3.745759963989258,False,NVIDIA_GeForce_RTX_3060_Ti,8,
vit_tiny_patch16_224,64,16,fp32,4.934656143188477,False,NVIDIA_GeForce_RTX_3060_Ti,8,
vit_tiny_patch16_224,64,32,bf16,5.0149760246276855,False,NVIDIA_GeForce_RTX_3060_Ti,8,
vit_tiny_patch16_224,64,32,fp16,4.733407974243164,False,NVIDIA_GeForce_RTX_3060_Ti,8,
vit_tiny_patch16_224,64,32,fp32,7.333375930786133,False,NVIDIA_GeForce_RTX_3060_Ti,8,
vit_tiny_patch16_224,64,64,bf16,7.084991931915283,False,NVIDIA_GeForce_RTX_3060_Ti,8,
vit_tiny_patch16_224,64,64,fp16,6.74508810043335,False,NVIDIA_GeForce_RTX_3060_Ti,8,
vit_tiny_patch16_224,64,64,fp32,11.42630386352539,False,NVIDIA_GeForce_RTX_3060_Ti,8,
vit_tiny_patch16_224,128,16,bf16,6.4588799476623535,False,NVIDIA_GeForce_RTX_3060_Ti,8,
vit_tiny_patch16_224,128,16,fp16,5.950416088104248,False,NVIDIA_GeForce_RTX_3060_Ti,8,
vit_tiny_patch16_224,128,16,fp32,11.56454372406006,False,NVIDIA_GeForce_RTX_3060_Ti,8,
vit_tiny_patch16_224,128,32,bf16,9.83240032196045,False,NVIDIA_GeForce_RTX_3060_Ti,8,
vit_tiny_patch16_224,128,32,fp16,9.659903526306152,False,NVIDIA_GeForce_RTX_3060_Ti,8,
vit_tiny_patch16_224,128,32,fp32,19.319232940673828,False,NVIDIA_GeForce_RTX_3060_Ti,8,
vit_tiny_patch16_224,128,64,bf16,17.29110336303711,False,NVIDIA_GeForce_RTX_3060_Ti,8,
vit_tiny_patch16_224,128,64,fp16,17.114112854003906,False,NVIDIA_GeForce_RTX_3060_Ti,8,
vit_tiny_patch16_224,128,64,fp32,34.32795333862305,False,NVIDIA_GeForce_RTX_3060_Ti,8,
vit_tiny_patch16_224,224,16,bf16,13.91913604736328,False,NVIDIA_GeForce_RTX_3060_Ti,8,
vit_tiny_patch16_224,224,16,fp16,13.529600143432615,False,NVIDIA_GeForce_RTX_3060_Ti,8,
vit_tiny_patch16_224,224,16,fp32,29.730304718017575,False,NVIDIA_GeForce_RTX_3060_Ti,8,
vit_tiny_patch16_224,224,32,bf16,25.081344604492188,False,NVIDIA_GeForce_RTX_3060_Ti,8,
vit_tiny_patch16_224,224,32,fp16,24.720895767211918,False,NVIDIA_GeForce_RTX_3060_Ti,8,
vit_tiny_patch16_224,224,32,fp32,54.51921463012695,False,NVIDIA_GeForce_RTX_3060_Ti,8,
vit_tiny_patch16_224,224,64,bf16,46.88896179199219,False,NVIDIA_GeForce_RTX_3060_Ti,8,
vit_tiny_patch16_224,224,64,fp16,44.99814224243164,False,NVIDIA_GeForce_RTX_3060_Ti,8,
vit_tiny_patch16_224,224,64,fp32,105.50415802001952,False,NVIDIA_GeForce_RTX_3060_Ti,8,
wide_resnet101_2,64,16,bf16,40.66457748413086,False,NVIDIA_GeForce_RTX_3060_Ti,8,
wide_resnet101_2,64,16,fp16,39.58574295043945,False,NVIDIA_GeForce_RTX_3060_Ti,8,
wide_resnet101_2,64,16,fp32,59.51436614990234,False,NVIDIA_GeForce_RTX_3060_Ti,8,
wide_resnet101_2,64,32,bf16,50.4236946105957,False,NVIDIA_GeForce_RTX_3060_Ti,8,
wide_resnet101_2,64,32,fp16,47.88731384277344,False,NVIDIA_GeForce_RTX_3060_Ti,8,
wide_resnet101_2,64,32,fp32,74.43148803710938,False,NVIDIA_GeForce_RTX_3060_Ti,8,
wide_resnet101_2,64,64,bf16,72.47309112548828,False,NVIDIA_GeForce_RTX_3060_Ti,8,
wide_resnet101_2,64,64,fp16,66.49651336669922,False,NVIDIA_GeForce_RTX_3060_Ti,8,
wide_resnet101_2,64,64,fp32,110.42406463623048,False,NVIDIA_GeForce_RTX_3060_Ti,8,
wide_resnet101_2,128,16,bf16,64.11980438232422,False,NVIDIA_GeForce_RTX_3060_Ti,8,
wide_resnet101_2,128,16,fp16,61.39588928222656,False,NVIDIA_GeForce_RTX_3060_Ti,8,
wide_resnet101_2,128,16,fp32,95.6323013305664,False,NVIDIA_GeForce_RTX_3060_Ti,8,
wide_resnet101_2,128,32,bf16,100.02062225341795,False,NVIDIA_GeForce_RTX_3060_Ti,8,
wide_resnet101_2,128,32,fp16,95.4857940673828,False,NVIDIA_GeForce_RTX_3060_Ti,8,
wide_resnet101_2,128,32,fp32,161.44947814941406,False,NVIDIA_GeForce_RTX_3060_Ti,8,
wide_resnet101_2,128,64,bf16,173.338623046875,False,NVIDIA_GeForce_RTX_3060_Ti,8,
wide_resnet101_2,128,64,fp16,164.39242553710938,False,NVIDIA_GeForce_RTX_3060_Ti,8,
wide_resnet101_2,128,64,fp32,291.6150817871094,False,NVIDIA_GeForce_RTX_3060_Ti,8,
wide_resnet101_2,224,16,bf16,144.2042236328125,False,NVIDIA_GeForce_RTX_3060_Ti,8,
wide_resnet101_2,224,16,fp16,136.11878967285156,False,NVIDIA_GeForce_RTX_3060_Ti,8,
wide_resnet101_2,224,16,fp32,238.0569610595703,False,NVIDIA_GeForce_RTX_3060_Ti,8,
wide_resnet101_2,224,32,bf16,252.5019989013672,False,NVIDIA_GeForce_RTX_3060_Ti,8,
wide_resnet101_2,224,32,fp16,238.07180786132807,False,NVIDIA_GeForce_RTX_3060_Ti,8,
wide_resnet101_2,224,32,fp32,,True,NVIDIA_GeForce_RTX_3060_Ti,8,
wide_resnet101_2,224,64,bf16,,True,NVIDIA_GeForce_RTX_3060_Ti,8,
wide_resnet101_2,224,64,fp16,,True,NVIDIA_GeForce_RTX_3060_Ti,8,
wide_resnet101_2,224,64,fp32,,True,NVIDIA_GeForce_RTX_3060_Ti,8,
xcit_small_12_p16_224,64,16,bf16,13.172224044799805,False,NVIDIA_GeForce_RTX_3060_Ti,8,
xcit_small_12_p16_224,64,16,fp16,12.97043228149414,False,NVIDIA_GeForce_RTX_3060_Ti,8,
xcit_small_12_p16_224,64,16,fp32,17.1103515625,False,NVIDIA_GeForce_RTX_3060_Ti,8,
xcit_small_12_p16_224,64,32,bf16,18.35980796813965,False,NVIDIA_GeForce_RTX_3060_Ti,8,
xcit_small_12_p16_224,64,32,fp16,17.6046085357666,False,NVIDIA_GeForce_RTX_3060_Ti,8,
xcit_small_12_p16_224,64,32,fp32,25.95531272888184,False,NVIDIA_GeForce_RTX_3060_Ti,8,
xcit_small_12_p16_224,64,64,bf16,28.38465690612793,False,NVIDIA_GeForce_RTX_3060_Ti,8,
xcit_small_12_p16_224,64,64,fp16,27.668991088867188,False,NVIDIA_GeForce_RTX_3060_Ti,8,
xcit_small_12_p16_224,64,64,fp32,44.04676818847656,False,NVIDIA_GeForce_RTX_3060_Ti,8,
xcit_small_12_p16_224,128,16,bf16,24.51353645324707,False,NVIDIA_GeForce_RTX_3060_Ti,8,
xcit_small_12_p16_224,128,16,fp16,23.779327392578125,False,NVIDIA_GeForce_RTX_3060_Ti,8,
xcit_small_12_p16_224,128,16,fp32,38.9672966003418,False,NVIDIA_GeForce_RTX_3060_Ti,8,
xcit_small_12_p16_224,128,32,bf16,42.85385513305664,False,NVIDIA_GeForce_RTX_3060_Ti,8,
xcit_small_12_p16_224,128,32,fp16,41.76076889038086,False,NVIDIA_GeForce_RTX_3060_Ti,8,
xcit_small_12_p16_224,128,32,fp32,68.53972625732422,False,NVIDIA_GeForce_RTX_3060_Ti,8,
xcit_small_12_p16_224,128,64,bf16,78.53209686279297,False,NVIDIA_GeForce_RTX_3060_Ti,8,
xcit_small_12_p16_224,128,64,fp16,76.7820816040039,False,NVIDIA_GeForce_RTX_3060_Ti,8,
xcit_small_12_p16_224,128,64,fp32,125.87725067138672,False,NVIDIA_GeForce_RTX_3060_Ti,8,
xcit_small_12_p16_224,224,16,bf16,61.71750259399414,False,NVIDIA_GeForce_RTX_3060_Ti,8,
xcit_small_12_p16_224,224,16,fp16,60.689918518066406,False,NVIDIA_GeForce_RTX_3060_Ti,8,
xcit_small_12_p16_224,224,16,fp32,96.79499053955078,False,NVIDIA_GeForce_RTX_3060_Ti,8,
xcit_small_12_p16_224,224,32,bf16,110.9717254638672,False,NVIDIA_GeForce_RTX_3060_Ti,8,
xcit_small_12_p16_224,224,32,fp16,109.75129699707033,False,NVIDIA_GeForce_RTX_3060_Ti,8,
xcit_small_12_p16_224,224,32,fp32,180.2961883544922,False,NVIDIA_GeForce_RTX_3060_Ti,8,
xcit_small_12_p16_224,224,64,bf16,212.50662231445312,False,NVIDIA_GeForce_RTX_3060_Ti,8,
xcit_small_12_p16_224,224,64,fp16,209.90255737304688,False,NVIDIA_GeForce_RTX_3060_Ti,8,
xcit_small_12_p16_224,224,64,fp32,,True,NVIDIA_GeForce_RTX_3060_Ti,8,
xcit_tiny_12_p16_224,64,16,bf16,8.11673641204834,False,NVIDIA_GeForce_RTX_3060_Ti,8,
xcit_tiny_12_p16_224,64,16,fp16,7.995232105255127,False,NVIDIA_GeForce_RTX_3060_Ti,8,
xcit_tiny_12_p16_224,64,16,fp32,8.859647750854492,False,NVIDIA_GeForce_RTX_3060_Ti,8,
xcit_tiny_12_p16_224,64,32,bf16,10.588671684265137,False,NVIDIA_GeForce_RTX_3060_Ti,8,
xcit_tiny_12_p16_224,64,32,fp16,10.251263618469238,False,NVIDIA_GeForce_RTX_3060_Ti,8,
xcit_tiny_12_p16_224,64,32,fp32,13.358415603637695,False,NVIDIA_GeForce_RTX_3060_Ti,8,
xcit_tiny_12_p16_224,64,64,bf16,14.311424255371094,False,NVIDIA_GeForce_RTX_3060_Ti,8,
xcit_tiny_12_p16_224,64,64,fp16,13.746175765991213,False,NVIDIA_GeForce_RTX_3060_Ti,8,
xcit_tiny_12_p16_224,64,64,fp32,20.577695846557617,False,NVIDIA_GeForce_RTX_3060_Ti,8,
xcit_tiny_12_p16_224,128,16,bf16,12.711935997009276,False,NVIDIA_GeForce_RTX_3060_Ti,8,
xcit_tiny_12_p16_224,128,16,fp16,12.165120124816896,False,NVIDIA_GeForce_RTX_3060_Ti,8,
xcit_tiny_12_p16_224,128,16,fp32,18.004304885864258,False,NVIDIA_GeForce_RTX_3060_Ti,8,
xcit_tiny_12_p16_224,128,32,bf16,20.244991302490234,False,NVIDIA_GeForce_RTX_3060_Ti,8,
xcit_tiny_12_p16_224,128,32,fp16,20.02022361755371,False,NVIDIA_GeForce_RTX_3060_Ti,8,
xcit_tiny_12_p16_224,128,32,fp32,28.690927505493164,False,NVIDIA_GeForce_RTX_3060_Ti,8,
xcit_tiny_12_p16_224,128,64,bf16,36.52344131469727,False,NVIDIA_GeForce_RTX_3060_Ti,8,
xcit_tiny_12_p16_224,128,64,fp16,36.3612174987793,False,NVIDIA_GeForce_RTX_3060_Ti,8,
xcit_tiny_12_p16_224,128,64,fp32,52.55014419555664,False,NVIDIA_GeForce_RTX_3060_Ti,8,
xcit_tiny_12_p16_224,224,16,bf16,28.477935791015625,False,NVIDIA_GeForce_RTX_3060_Ti,8,
xcit_tiny_12_p16_224,224,16,fp16,28.23731231689453,False,NVIDIA_GeForce_RTX_3060_Ti,8,
xcit_tiny_12_p16_224,224,16,fp32,39.76089477539063,False,NVIDIA_GeForce_RTX_3060_Ti,8,
xcit_tiny_12_p16_224,224,32,bf16,53.30883026123047,False,NVIDIA_GeForce_RTX_3060_Ti,8,
xcit_tiny_12_p16_224,224,32,fp16,52.98432159423828,False,NVIDIA_GeForce_RTX_3060_Ti,8,
xcit_tiny_12_p16_224,224,32,fp32,75.49432373046875,False,NVIDIA_GeForce_RTX_3060_Ti,8,
xcit_tiny_12_p16_224,224,64,bf16,101.5700454711914,False,NVIDIA_GeForce_RTX_3060_Ti,8,
xcit_tiny_12_p16_224,224,64,fp16,99.32339477539062,False,NVIDIA_GeForce_RTX_3060_Ti,8,
xcit_tiny_12_p16_224,224,64,fp32,144.04403686523438,False,NVIDIA_GeForce_RTX_3060_Ti,8,
