model,img_size,batch_size,precision,avg_time_ms,oom,gpu,vram_gb,cleanup
beit_large_patch16_224,64,16,bf16,97.112060546875,False,NVIDIA_GeForce_RTX_4060,8,
beit_large_patch16_224,64,16,fp16,96.97945404052734,False,NVIDIA_GeForce_RTX_4060,8,
beit_large_patch16_224,64,16,fp32,138.0858917236328,False,NVIDIA_GeForce_RTX_4060,8,
beit_large_patch16_224,64,32,bf16,118.13785552978516,False,NVIDIA_GeForce_RTX_4060,8,
beit_large_patch16_224,64,32,fp16,115.11705780029295,False,NVIDIA_GeForce_RTX_4060,8,
beit_large_patch16_224,64,32,fp32,201.00146484375,False,NVIDIA_GeForce_RTX_4060,8,
beit_large_patch16_224,64,64,bf16,158.6493377685547,False,NVIDIA_GeForce_RTX_4060,8,
beit_large_patch16_224,64,64,fp16,158.0262451171875,False,NVIDIA_GeForce_RTX_4060,8,
beit_large_patch16_224,64,64,fp32,333.080078125,False,NVIDIA_GeForce_RTX_4060,8,
beit_large_patch16_224,128,16,bf16,158.108154296875,False,NVIDIA_GeForce_RTX_4060,8,
beit_large_patch16_224,128,16,fp16,157.67295837402344,False,NVIDIA_GeForce_RTX_4060,8,
beit_large_patch16_224,128,16,fp32,332.19122314453125,False,NVIDIA_GeForce_RTX_4060,8,
beit_large_patch16_224,128,32,bf16,,True,NVIDIA_GeForce_RTX_4060,8,
beit_large_patch16_224,128,32,fp16,,True,NVIDIA_GeForce_RTX_4060,8,
beit_large_patch16_224,128,32,fp32,,True,NVIDIA_GeForce_RTX_4060,8,
beit_large_patch16_224,128,64,bf16,,True,NVIDIA_GeForce_RTX_4060,8,
beit_large_patch16_224,128,64,fp16,,True,NVIDIA_GeForce_RTX_4060,8,
beit_large_patch16_224,128,64,fp32,,True,NVIDIA_GeForce_RTX_4060,8,
beit_large_patch16_224,224,16,bf16,,True,NVIDIA_GeForce_RTX_4060,8,
beit_large_patch16_224,224,16,fp16,,True,NVIDIA_GeForce_RTX_4060,8,
beit_large_patch16_224,224,16,fp32,,True,NVIDIA_GeForce_RTX_4060,8,
beit_large_patch16_224,224,32,bf16,,True,NVIDIA_GeForce_RTX_4060,8,
beit_large_patch16_224,224,32,fp16,,True,NVIDIA_GeForce_RTX_4060,8,
beit_large_patch16_224,224,32,fp32,,True,NVIDIA_GeForce_RTX_4060,8,
beit_large_patch16_224,224,64,bf16,,True,NVIDIA_GeForce_RTX_4060,8,
beit_large_patch16_224,224,64,fp16,,True,NVIDIA_GeForce_RTX_4060,8,
beit_large_patch16_224,224,64,fp32,,True,NVIDIA_GeForce_RTX_4060,8,
coatnet_0_rw_224,64,16,bf16,12.297216415405272,False,NVIDIA_GeForce_RTX_4060,8,
coatnet_0_rw_224,64,16,fp16,11.879424095153809,False,NVIDIA_GeForce_RTX_4060,8,
coatnet_0_rw_224,64,16,fp32,13.818880081176758,False,NVIDIA_GeForce_RTX_4060,8,
coatnet_0_rw_224,64,32,bf16,17.138687133789062,False,NVIDIA_GeForce_RTX_4060,8,
coatnet_0_rw_224,64,32,fp16,15.46393585205078,False,NVIDIA_GeForce_RTX_4060,8,
coatnet_0_rw_224,64,32,fp32,21.078527450561523,False,NVIDIA_GeForce_RTX_4060,8,
coatnet_0_rw_224,64,64,bf16,27.128320693969727,False,NVIDIA_GeForce_RTX_4060,8,
coatnet_0_rw_224,64,64,fp16,23.936511993408203,False,NVIDIA_GeForce_RTX_4060,8,
coatnet_0_rw_224,64,64,fp32,39.007232666015625,False,NVIDIA_GeForce_RTX_4060,8,
coatnet_0_rw_224,128,16,bf16,24.60723114013672,False,NVIDIA_GeForce_RTX_4060,8,
coatnet_0_rw_224,128,16,fp16,21.69548797607422,False,NVIDIA_GeForce_RTX_4060,8,
coatnet_0_rw_224,128,16,fp32,35.20819091796875,False,NVIDIA_GeForce_RTX_4060,8,
coatnet_0_rw_224,128,32,bf16,45.13689422607422,False,NVIDIA_GeForce_RTX_4060,8,
coatnet_0_rw_224,128,32,fp16,39.50950241088867,False,NVIDIA_GeForce_RTX_4060,8,
coatnet_0_rw_224,128,32,fp32,72.0926742553711,False,NVIDIA_GeForce_RTX_4060,8,
coatnet_0_rw_224,128,64,bf16,88.37836456298828,False,NVIDIA_GeForce_RTX_4060,8,
coatnet_0_rw_224,128,64,fp16,77.26541137695312,False,NVIDIA_GeForce_RTX_4060,8,
coatnet_0_rw_224,128,64,fp32,146.89024353027344,False,NVIDIA_GeForce_RTX_4060,8,
coatnet_0_rw_224,224,16,bf16,73.96761322021484,False,NVIDIA_GeForce_RTX_4060,8,
coatnet_0_rw_224,224,16,fp16,65.4013442993164,False,NVIDIA_GeForce_RTX_4060,8,
coatnet_0_rw_224,224,16,fp32,127.43730926513672,False,NVIDIA_GeForce_RTX_4060,8,
coatnet_0_rw_224,224,32,bf16,146.94656372070312,False,NVIDIA_GeForce_RTX_4060,8,
coatnet_0_rw_224,224,32,fp16,130.23794555664062,False,NVIDIA_GeForce_RTX_4060,8,
coatnet_0_rw_224,224,32,fp32,342.2827453613281,False,NVIDIA_GeForce_RTX_4060,8,
coatnet_0_rw_224,224,64,bf16,770.7279663085938,False,NVIDIA_GeForce_RTX_4060,8,slow_outlier
coatnet_0_rw_224,224,64,fp16,478.6662292480469,False,NVIDIA_GeForce_RTX_4060,8,
coatnet_0_rw_224,224,64,fp32,,True,NVIDIA_GeForce_RTX_4060,8,
coatnet_1_rw_224,64,16,bf16,19.885055541992188,False,NVIDIA_GeForce_RTX_4060,8,
coatnet_1_rw_224,64,16,fp16,18.572799682617188,False,NVIDIA_GeForce_RTX_4060,8,
coatnet_1_rw_224,64,16,fp32,23.037952423095703,False,NVIDIA_GeForce_RTX_4060,8,
coatnet_1_rw_224,64,32,bf16,28.871679306030277,False,NVIDIA_GeForce_RTX_4060,8,
coatnet_1_rw_224,64,32,fp16,26.28505516052246,False,NVIDIA_GeForce_RTX_4060,8,
coatnet_1_rw_224,64,32,fp32,36.27519989013672,False,NVIDIA_GeForce_RTX_4060,8,
coatnet_1_rw_224,64,64,bf16,46.97395324707031,False,NVIDIA_GeForce_RTX_4060,8,
coatnet_1_rw_224,64,64,fp16,42.460670471191406,False,NVIDIA_GeForce_RTX_4060,8,
coatnet_1_rw_224,64,64,fp32,67.73197174072266,False,NVIDIA_GeForce_RTX_4060,8,
coatnet_1_rw_224,128,16,bf16,41.81862258911133,False,NVIDIA_GeForce_RTX_4060,8,
coatnet_1_rw_224,128,16,fp16,37.5623664855957,False,NVIDIA_GeForce_RTX_4060,8,
coatnet_1_rw_224,128,16,fp32,61.50400161743164,False,NVIDIA_GeForce_RTX_4060,8,
coatnet_1_rw_224,128,32,bf16,77.11078643798828,False,NVIDIA_GeForce_RTX_4060,8,
coatnet_1_rw_224,128,32,fp16,69.52243041992188,False,NVIDIA_GeForce_RTX_4060,8,
coatnet_1_rw_224,128,32,fp32,125.31455993652344,False,NVIDIA_GeForce_RTX_4060,8,
coatnet_1_rw_224,128,64,bf16,150.2197723388672,False,NVIDIA_GeForce_RTX_4060,8,
coatnet_1_rw_224,128,64,fp16,135.04666137695312,False,NVIDIA_GeForce_RTX_4060,8,
coatnet_1_rw_224,128,64,fp32,,True,NVIDIA_GeForce_RTX_4060,8,
coatnet_1_rw_224,224,16,bf16,128.19097900390625,False,NVIDIA_GeForce_RTX_4060,8,
coatnet_1_rw_224,224,16,fp16,116.83487701416016,False,NVIDIA_GeForce_RTX_4060,8,
coatnet_1_rw_224,224,16,fp32,225.8329620361328,False,NVIDIA_GeForce_RTX_4060,8,
coatnet_1_rw_224,224,32,bf16,252.67864990234372,False,NVIDIA_GeForce_RTX_4060,8,
coatnet_1_rw_224,224,32,fp16,230.2428131103516,False,NVIDIA_GeForce_RTX_4060,8,
coatnet_1_rw_224,224,32,fp32,,True,NVIDIA_GeForce_RTX_4060,8,
coatnet_1_rw_224,224,64,bf16,,True,NVIDIA_GeForce_RTX_4060,8,
coatnet_1_rw_224,224,64,fp16,,True,NVIDIA_GeForce_RTX_4060,8,
coatnet_1_rw_224,224,64,fp32,,True,NVIDIA_GeForce_RTX_4060,8,
coatnet_2_rw_224,64,16,bf16,32.756736755371094,False,NVIDIA_GeForce_RTX_4060,8,
coatnet_2_rw_224,64,16,fp16,30.75481605529785,False,NVIDIA_GeForce_RTX_4060,8,
coatnet_2_rw_224,64,16,fp32,38.40563201904297,False,NVIDIA_GeForce_RTX_4060,8,
coatnet_2_rw_224,64,32,bf16,46.65702438354492,False,NVIDIA_GeForce_RTX_4060,8,
coatnet_2_rw_224,64,32,fp16,42.75609588623047,False,NVIDIA_GeForce_RTX_4060,8,
coatnet_2_rw_224,64,32,fp32,61.86905670166016,False,NVIDIA_GeForce_RTX_4060,8,
coatnet_2_rw_224,64,64,bf16,76.6899185180664,False,NVIDIA_GeForce_RTX_4060,8,
coatnet_2_rw_224,64,64,fp16,69.0882568359375,False,NVIDIA_GeForce_RTX_4060,8,
coatnet_2_rw_224,64,64,fp32,115.8466567993164,False,NVIDIA_GeForce_RTX_4060,8,
coatnet_2_rw_224,128,16,bf16,69.63660430908203,False,NVIDIA_GeForce_RTX_4060,8,
coatnet_2_rw_224,128,16,fp16,63.548927307128906,False,NVIDIA_GeForce_RTX_4060,8,
coatnet_2_rw_224,128,16,fp32,105.48941040039062,False,NVIDIA_GeForce_RTX_4060,8,
coatnet_2_rw_224,128,32,bf16,125.74105834960938,False,NVIDIA_GeForce_RTX_4060,8,
coatnet_2_rw_224,128,32,fp16,115.13241577148438,False,NVIDIA_GeForce_RTX_4060,8,
coatnet_2_rw_224,128,32,fp32,204.3566131591797,False,NVIDIA_GeForce_RTX_4060,8,
coatnet_2_rw_224,128,64,bf16,319.27911376953125,False,NVIDIA_GeForce_RTX_4060,8,
coatnet_2_rw_224,128,64,fp16,278.1798400878906,False,NVIDIA_GeForce_RTX_4060,8,
coatnet_2_rw_224,128,64,fp32,,True,NVIDIA_GeForce_RTX_4060,8,
coatnet_2_rw_224,224,16,bf16,198.7225646972656,False,NVIDIA_GeForce_RTX_4060,8,
coatnet_2_rw_224,224,16,fp16,182.5013732910156,False,NVIDIA_GeForce_RTX_4060,8,
coatnet_2_rw_224,224,16,fp32,,True,NVIDIA_GeForce_RTX_4060,8,
coatnet_2_rw_224,224,32,bf16,,True,NVIDIA_GeForce_RTX_4060,8,
coatnet_2_rw_224,224,32,fp16,,True,NVIDIA_GeForce_RTX_4060,8,
coatnet_2_rw_224,224,32,fp32,,True,NVIDIA_GeForce_RTX_4060,8,
coatnet_2_rw_224,224,64,bf16,,True,NVIDIA_GeForce_RTX_4060,8,
coatnet_2_rw_224,224,64,fp16,,True,NVIDIA_GeForce_RTX_4060,8,
coatnet_2_rw_224,224,64,fp32,,True,NVIDIA_GeForce_RTX_4060,8,
convnext_base,64,16,bf16,29.80659294128418,False,NVIDIA_GeForce_RTX_4060,8,
convnext_base,64,16,fp16,29.694976806640625,False,NVIDIA_GeForce_RTX_4060,8,
convnext_base,64,16,fp32,44.65715026855469,False,NVIDIA_GeForce_RTX_4060,8,
convnext_base,64,32,bf16,37.87724685668945,False,NVIDIA_GeForce_RTX_4060,8,
convnext_base,64,32,fp16,37.76512145996094,False,NVIDIA_GeForce_RTX_4060,8,
convnext_base,64,32,fp32,70.33190155029297,False,NVIDIA_GeForce_RTX_4060,8,
convnext_base,64,64,bf16,53.89056015014648,False,NVIDIA_GeForce_RTX_4060,8,
convnext_base,64,64,fp16,53.69446563720703,False,NVIDIA_GeForce_RTX_4060,8,
convnext_base,64,64,fp32,124.43135833740234,False,NVIDIA_GeForce_RTX_4060,8,
convnext_base,128,16,bf16,52.47743988037109,False,NVIDIA_GeForce_RTX_4060,8,
convnext_base,128,16,fp16,52.260353088378906,False,NVIDIA_GeForce_RTX_4060,8,
convnext_base,128,16,fp32,143.6108856201172,False,NVIDIA_GeForce_RTX_4060,8,
convnext_base,128,32,bf16,84.0663070678711,False,NVIDIA_GeForce_RTX_4060,8,
convnext_base,128,32,fp16,83.79904174804688,False,NVIDIA_GeForce_RTX_4060,8,
convnext_base,128,32,fp32,280.7383117675781,False,NVIDIA_GeForce_RTX_4060,8,
convnext_base,128,64,bf16,153.4510040283203,False,NVIDIA_GeForce_RTX_4060,8,
convnext_base,128,64,fp16,152.84632873535156,False,NVIDIA_GeForce_RTX_4060,8,
convnext_base,128,64,fp32,8589.662109375,False,NVIDIA_GeForce_RTX_4060,8,precision_artifact
convnext_base,224,16,bf16,120.07936096191406,False,NVIDIA_GeForce_RTX_4060,8,
convnext_base,224,16,fp16,119.54073333740234,False,NVIDIA_GeForce_RTX_4060,8,
convnext_base,224,16,fp32,427.8195190429688,False,NVIDIA_GeForce_RTX_4060,8,
convnext_base,224,32,bf16,233.064453125,False,NVIDIA_GeForce_RTX_4060,8,
convnext_base,224,32,fp16,232.38706970214844,False,NVIDIA_GeForce_RTX_4060,8,
convnext_base,224,32,fp32,,True,NVIDIA_GeForce_RTX_4060,8,
convnext_base,224,64,bf16,,True,NVIDIA_GeForce_RTX_4060,8,
convnext_base,224,64,fp16,,True,NVIDIA_GeForce_RTX_4060,8,
convnext_base,224,64,fp32,,True,NVIDIA_GeForce_RTX_4060,8,
convnext_large,64,16,bf16,61.793792724609375,False,NVIDIA_GeForce_RTX_4060,8,
convnext_large,64,16,fp16,61.71392059326172,False,NVIDIA_GeForce_RTX_4060,8,
convnext_large,64,16,fp32,87.23251342773438,False,NVIDIA_GeForce_RTX_4060,8,
convnext_large,64,32,bf16,75.68742370605469,False,NVIDIA_GeForce_RTX_4060,8,
convnext_large,64,32,fp16,76.33869171142578,False,NVIDIA_GeForce_RTX_4060,8,
convnext_large,64,32,fp32,138.0536346435547,False,NVIDIA_GeForce_RTX_4060,8,
convnext_large,64,64,bf16,105.01837158203124,False,NVIDIA_GeForce_RTX_4060,8,
convnext_large,64,64,fp16,104.87039947509766,False,NVIDIA_GeForce_RTX_4060,8,
convnext_large,64,64,fp32,236.2040252685547,False,NVIDIA_GeForce_RTX_4060,8,
convnext_large,128,16,bf16,102.67084503173828,False,NVIDIA_GeForce_RTX_4060,8,
convnext_large,128,16,fp16,102.55462646484376,False,NVIDIA_GeForce_RTX_4060,8,
convnext_large,128,16,fp32,264.77618408203125,False,NVIDIA_GeForce_RTX_4060,8,
convnext_large,128,32,bf16,162.74176025390625,False,NVIDIA_GeForce_RTX_4060,8,
convnext_large,128,32,fp16,162.36032104492188,False,NVIDIA_GeForce_RTX_4060,8,
convnext_large,128,32,fp32,566.4168701171875,False,NVIDIA_GeForce_RTX_4060,8,
convnext_large,128,64,bf16,,True,NVIDIA_GeForce_RTX_4060,8,
convnext_large,128,64,fp16,,True,NVIDIA_GeForce_RTX_4060,8,
convnext_large,128,64,fp32,,True,NVIDIA_GeForce_RTX_4060,8,
convnext_large,224,16,bf16,234.1749725341797,False,NVIDIA_GeForce_RTX_4060,8,
convnext_large,224,16,fp16,233.5257568359375,False,NVIDIA_GeForce_RTX_4060,8,
convnext_large,224,16,fp32,,True,NVIDIA_GeForce_RTX_4060,8,
convnext_large,224,32,bf16,,True,NVIDIA_GeForce_RTX_4060,8,
convnext_large,224,32,fp16,,True,NVIDIA_GeForce_RTX_4060,8,
convnext_large,224,32,fp32,,True,NVIDIA_GeForce_RTX_4060,8,
convnext_large,224,64,bf16,,True,NVIDIA_GeForce_RTX_4060,8,
convnext_large,224,64,fp16,,True,NVIDIA_GeForce_RTX_4060,8,
convnext_large,224,64,fp32,,True,NVIDIA_GeForce_RTX_4060,8,
convnext_small,64,16,bf16,18.79193687438965,False,NVIDIA_GeForce_RTX_4060,8,
convnext_small,64,16,fp16,18.688512802124023,False,NVIDIA_GeForce_RTX_4060,8,
convnext_small,64,16,fp32,27.855871200561523,False,NVIDIA_GeForce_RTX_4060,8,
convnext_small,64,32,bf16,24.484352111816406,False,NVIDIA_GeForce_RTX_4060,8,
convnext_small,64,32,fp16,24.387584686279297,False,NVIDIA_GeForce_RTX_4060,8,
convnext_small,64,32,fp32,43.325950622558594,False,NVIDIA_GeForce_RTX_4060,8,
convnext_small,64,64,bf16,34.86207962036133,False,NVIDIA_GeForce_RTX_4060,8,
convnext_small,64,64,fp16,34.73766326904297,False,NVIDIA_GeForce_RTX_4060,8,
convnext_small,64,64,fp32,76.20301055908203,False,NVIDIA_GeForce_RTX_4060,8,
convnext_small,128,16,bf16,33.54470443725586,False,NVIDIA_GeForce_RTX_4060,8,
convnext_small,128,16,fp16,33.46227264404297,False,NVIDIA_GeForce_RTX_4060,8,
convnext_small,128,16,fp32,88.29747009277344,False,NVIDIA_GeForce_RTX_4060,8,
convnext_small,128,32,bf16,54.10047912597656,False,NVIDIA_GeForce_RTX_4060,8,
convnext_small,128,32,fp16,54.01855850219727,False,NVIDIA_GeForce_RTX_4060,8,
convnext_small,128,32,fp32,174.29248046875,False,NVIDIA_GeForce_RTX_4060,8,
convnext_small,128,64,bf16,99.2890853881836,False,NVIDIA_GeForce_RTX_4060,8,
convnext_small,128,64,fp16,98.87026977539062,False,NVIDIA_GeForce_RTX_4060,8,
convnext_small,128,64,fp32,348.6039123535156,False,NVIDIA_GeForce_RTX_4060,8,
convnext_small,224,16,bf16,79.31033325195312,False,NVIDIA_GeForce_RTX_4060,8,
convnext_small,224,16,fp16,79.03948974609375,False,NVIDIA_GeForce_RTX_4060,8,
convnext_small,224,16,fp32,290.1800842285156,False,NVIDIA_GeForce_RTX_4060,8,
convnext_small,224,32,bf16,152.27597045898438,False,NVIDIA_GeForce_RTX_4060,8,
convnext_small,224,32,fp16,151.70355224609375,False,NVIDIA_GeForce_RTX_4060,8,
convnext_small,224,32,fp32,10121.689453125,False,NVIDIA_GeForce_RTX_4060,8,precision_artifact
convnext_small,224,64,bf16,,True,NVIDIA_GeForce_RTX_4060,8,
convnext_small,224,64,fp16,,True,NVIDIA_GeForce_RTX_4060,8,
convnext_small,224,64,fp32,,True,NVIDIA_GeForce_RTX_4060,8,
convnext_tiny,64,16,bf16,10.792960166931152,False,NVIDIA_GeForce_RTX_4060,8,
convnext_tiny,64,16,fp16,10.736639976501465,False,NVIDIA_GeForce_RTX_4060,8,
convnext_tiny,64,16,fp32,16.414207458496094,False,NVIDIA_GeForce_RTX_4060,8,
convnext_tiny,64,32,bf16,14.08409595489502,False,NVIDIA_GeForce_RTX_4060,8,
convnext_tiny,64,32,fp16,14.038016319274902,False,NVIDIA_GeForce_RTX_4060,8,
convnext_tiny,64,32,fp32,26.07462310791016,False,NVIDIA_GeForce_RTX_4060,8,
convnext_tiny,64,64,bf16,20.22502326965332,False,NVIDIA_GeForce_RTX_4060,8,
convnext_tiny,64,64,fp16,20.12006378173828,False,NVIDIA_GeForce_RTX_4060,8,
convnext_tiny,64,64,fp32,46.35903930664063,False,NVIDIA_GeForce_RTX_4060,8,
convnext_tiny,128,16,bf16,19.491840362548828,False,NVIDIA_GeForce_RTX_4060,8,
convnext_tiny,128,16,fp16,19.389440536499023,False,NVIDIA_GeForce_RTX_4060,8,
convnext_tiny,128,16,fp32,51.43859100341797,False,NVIDIA_GeForce_RTX_4060,8,
convnext_tiny,128,32,bf16,32.751617431640625,False,NVIDIA_GeForce_RTX_4060,8,
convnext_tiny,128,32,fp16,32.75519943237305,False,NVIDIA_GeForce_RTX_4060,8,
convnext_tiny,128,32,fp32,101.70726776123048,False,NVIDIA_GeForce_RTX_4060,8,
convnext_tiny,128,64,bf16,62.25356674194336,False,NVIDIA_GeForce_RTX_4060,8,
convnext_tiny,128,64,fp16,62.00012969970703,False,NVIDIA_GeForce_RTX_4060,8,
convnext_tiny,128,64,fp32,202.8984375,False,NVIDIA_GeForce_RTX_4060,8,
convnext_tiny,224,16,bf16,48.86067199707031,False,NVIDIA_GeForce_RTX_4060,8,
convnext_tiny,224,16,fp16,48.6927375793457,False,NVIDIA_GeForce_RTX_4060,8,
convnext_tiny,224,16,fp32,168.22784423828125,False,NVIDIA_GeForce_RTX_4060,8,
convnext_tiny,224,32,bf16,95.40966033935548,False,NVIDIA_GeForce_RTX_4060,8,
convnext_tiny,224,32,fp16,95.10348510742188,False,NVIDIA_GeForce_RTX_4060,8,
convnext_tiny,224,32,fp32,336.3486633300781,False,NVIDIA_GeForce_RTX_4060,8,
convnext_tiny,224,64,bf16,193.9133453369141,False,NVIDIA_GeForce_RTX_4060,8,
convnext_tiny,224,64,fp16,193.33120727539065,False,NVIDIA_GeForce_RTX_4060,8,
convnext_tiny,224,64,fp32,,True,NVIDIA_GeForce_RTX_4060,8,
convnextv2_base,64,16,bf16,35.917823791503906,False,NVIDIA_GeForce_RTX_4060,8,
convnextv2_base,64,16,fp16,35.804161071777344,False,NVIDIA_GeForce_RTX_4060,8,
convnextv2_base,64,16,fp32,50.31884765625,False,NVIDIA_GeForce_RTX_4060,8,
convnextv2_base,64,32,bf16,52.45849609375,False,NVIDIA_GeForce_RTX_4060,8,
convnextv2_base,64,32,fp16,52.28851318359375,False,NVIDIA_GeForce_RTX_4060,8,
convnextv2_base,64,32,fp32,84.71398162841797,False,NVIDIA_GeForce_RTX_4060,8,
convnextv2_base,64,64,bf16,92.0447998046875,False,NVIDIA_GeForce_RTX_4060,8,
convnextv2_base,64,64,fp16,91.76934051513672,False,NVIDIA_GeForce_RTX_4060,8,
convnextv2_base,64,64,fp32,160.3440704345703,False,NVIDIA_GeForce_RTX_4060,8,
convnextv2_base,128,16,bf16,89.8687973022461,False,NVIDIA_GeForce_RTX_4060,8,
convnextv2_base,128,16,fp16,89.60562896728516,False,NVIDIA_GeForce_RTX_4060,8,
convnextv2_base,128,16,fp32,178.2794189453125,False,NVIDIA_GeForce_RTX_4060,8,
convnextv2_base,128,32,bf16,181.59564208984372,False,NVIDIA_GeForce_RTX_4060,8,
convnextv2_base,128,32,fp16,181.2920379638672,False,NVIDIA_GeForce_RTX_4060,8,
convnextv2_base,128,32,fp32,369.9983215332031,False,NVIDIA_GeForce_RTX_4060,8,
convnextv2_base,128,64,bf16,1337.239013671875,False,NVIDIA_GeForce_RTX_4060,8,slow_outlier
convnextv2_base,128,64,fp16,1293.0047607421875,False,NVIDIA_GeForce_RTX_4060,8,slow_outlier
convnextv2_base,128,64,fp32,,True,NVIDIA_GeForce_RTX_4060,8,
convnextv2_base,224,16,bf16,282.28302001953125,False,NVIDIA_GeForce_RTX_4060,8,
convnextv2_base,224,16,fp16,281.7889404296875,False,NVIDIA_GeForce_RTX_4060,8,
convnextv2_base,224,16,fp32,,True,NVIDIA_GeForce_RTX_4060,8,
convnextv2_base,224,32,bf16,,True,NVIDIA_GeForce_RTX_4060,8,
convnextv2_base,224,32,fp16,,True,NVIDIA_GeForce_RTX_4060,8,
convnextv2_base,224,32,fp32,,True,NVIDIA_GeForce_RTX_4060,8,
convnextv2_base,224,64,bf16,,True,NVIDIA_GeForce_RTX_4060,8,
convnextv2_base,224,64,fp16,,True,NVIDIA_GeForce_RTX_4060,8,
convnextv2_base,224,64,fp32,,True,NVIDIA_GeForce_RTX_4060,8,
deit_base_patch16_224,64,16,bf16,28.13337516784668,False,NVIDIA_GeForce_RTX_4060,8,
deit_base_patch16_224,64,16,fp16,27.897855758666992,False,NVIDIA_GeForce_RTX_4060,8,
deit_base_patch16_224,64,16,fp32,37.46303939819336,False,NVIDIA_GeForce_RTX_4060,8,
deit_base_patch16_224,64,32,bf16,34.4796142578125,False,NVIDIA_GeForce_RTX_4060,8,
deit_base_patch16_224,64,32,fp16,34.39104080200195,False,NVIDIA_GeForce_RTX_4060,8,
deit_base_patch16_224,64,32,fp32,56.53657531738281,False,NVIDIA_GeForce_RTX_4060,8,
deit_base_patch16_224,64,64,bf16,48.32102584838867,False,NVIDIA_GeForce_RTX_4060,8,
deit_base_patch16_224,64,64,fp16,48.15564727783203,False,NVIDIA_GeForce_RTX_4060,8,
deit_base_patch16_224,64,64,fp32,91.5440673828125,False,NVIDIA_GeForce_RTX_4060,8,
deit_base_patch16_224,128,16,bf16,44.85887908935547,False,NVIDIA_GeForce_RTX_4060,8,
deit_base_patch16_224,128,16,fp16,44.6638069152832,False,NVIDIA_GeForce_RTX_4060,8,
deit_base_patch16_224,128,16,fp32,92.60237121582033,False,NVIDIA_GeForce_RTX_4060,8,
deit_base_patch16_224,128,32,bf16,70.5617904663086,False,NVIDIA_GeForce_RTX_4060,8,
deit_base_patch16_224,128,32,fp16,70.29145812988281,False,NVIDIA_GeForce_RTX_4060,8,
deit_base_patch16_224,128,32,fp32,172.094970703125,False,NVIDIA_GeForce_RTX_4060,8,
deit_base_patch16_224,128,64,bf16,126.66265869140624,False,NVIDIA_GeForce_RTX_4060,8,
deit_base_patch16_224,128,64,fp16,126.2023696899414,False,NVIDIA_GeForce_RTX_4060,8,
deit_base_patch16_224,128,64,fp32,326.03546142578125,False,NVIDIA_GeForce_RTX_4060,8,
deit_base_patch16_224,224,16,bf16,98.89945220947266,False,NVIDIA_GeForce_RTX_4060,8,
deit_base_patch16_224,224,16,fp16,98.31731414794922,False,NVIDIA_GeForce_RTX_4060,8,
deit_base_patch16_224,224,16,fp32,275.5737609863281,False,NVIDIA_GeForce_RTX_4060,8,
deit_base_patch16_224,224,32,bf16,186.94808959960935,False,NVIDIA_GeForce_RTX_4060,8,
deit_base_patch16_224,224,32,fp16,186.20314025878903,False,NVIDIA_GeForce_RTX_4060,8,
deit_base_patch16_224,224,32,fp32,520.6461181640625,False,NVIDIA_GeForce_RTX_4060,8,
deit_base_patch16_224,224,64,bf16,358.2069702148437,False,NVIDIA_GeForce_RTX_4060,8,
deit_base_patch16_224,224,64,fp16,357.12408447265625,False,NVIDIA_GeForce_RTX_4060,8,
deit_base_patch16_224,224,64,fp32,,True,NVIDIA_GeForce_RTX_4060,8,
deit_small_patch16_224,64,16,bf16,8.463359832763672,False,NVIDIA_GeForce_RTX_4060,8,
deit_small_patch16_224,64,16,fp16,8.385536193847656,False,NVIDIA_GeForce_RTX_4060,8,
deit_small_patch16_224,64,16,fp32,12.164608001708984,False,NVIDIA_GeForce_RTX_4060,8,
deit_small_patch16_224,64,32,bf16,10.949631690979004,False,NVIDIA_GeForce_RTX_4060,8,
deit_small_patch16_224,64,32,fp16,10.857983589172363,False,NVIDIA_GeForce_RTX_4060,8,
deit_small_patch16_224,64,32,fp32,17.239551544189453,False,NVIDIA_GeForce_RTX_4060,8,
deit_small_patch16_224,64,64,bf16,15.86790370941162,False,NVIDIA_GeForce_RTX_4060,8,
deit_small_patch16_224,64,64,fp16,15.796223640441896,False,NVIDIA_GeForce_RTX_4060,8,
deit_small_patch16_224,64,64,fp32,28.53785514831543,False,NVIDIA_GeForce_RTX_4060,8,
deit_small_patch16_224,128,16,bf16,14.424063682556152,False,NVIDIA_GeForce_RTX_4060,8,
deit_small_patch16_224,128,16,fp16,14.352383613586426,False,NVIDIA_GeForce_RTX_4060,8,
deit_small_patch16_224,128,16,fp32,28.9617919921875,False,NVIDIA_GeForce_RTX_4060,8,
deit_small_patch16_224,128,32,bf16,22.58739280700684,False,NVIDIA_GeForce_RTX_4060,8,
deit_small_patch16_224,128,32,fp16,22.43328094482422,False,NVIDIA_GeForce_RTX_4060,8,
deit_small_patch16_224,128,32,fp32,51.1728630065918,False,NVIDIA_GeForce_RTX_4060,8,
deit_small_patch16_224,128,64,bf16,39.68511962890625,False,NVIDIA_GeForce_RTX_4060,8,
deit_small_patch16_224,128,64,fp16,39.44755172729492,False,NVIDIA_GeForce_RTX_4060,8,
deit_small_patch16_224,128,64,fp32,100.8163833618164,False,NVIDIA_GeForce_RTX_4060,8,
deit_small_patch16_224,224,16,bf16,31.35590362548828,False,NVIDIA_GeForce_RTX_4060,8,
deit_small_patch16_224,224,16,fp16,31.16339111328125,False,NVIDIA_GeForce_RTX_4060,8,
deit_small_patch16_224,224,16,fp32,82.82931518554688,False,NVIDIA_GeForce_RTX_4060,8,
deit_small_patch16_224,224,32,bf16,59.7760009765625,False,NVIDIA_GeForce_RTX_4060,8,
deit_small_patch16_224,224,32,fp16,59.40940856933594,False,NVIDIA_GeForce_RTX_4060,8,
deit_small_patch16_224,224,32,fp32,164.56959533691406,False,NVIDIA_GeForce_RTX_4060,8,
deit_small_patch16_224,224,64,bf16,124.37094116210938,False,NVIDIA_GeForce_RTX_4060,8,
deit_small_patch16_224,224,64,fp16,123.5604476928711,False,NVIDIA_GeForce_RTX_4060,8,
deit_small_patch16_224,224,64,fp32,329.16583251953125,False,NVIDIA_GeForce_RTX_4060,8,
deit_tiny_patch16_224,64,16,bf16,3.492863893508911,False,NVIDIA_GeForce_RTX_4060,8,
deit_tiny_patch16_224,64,16,fp16,3.376127958297729,False,NVIDIA_GeForce_RTX_4060,8,
deit_tiny_patch16_224,64,16,fp32,4.521984100341797,False,NVIDIA_GeForce_RTX_4060,8,
deit_tiny_patch16_224,64,32,bf16,4.616191864013672,False,NVIDIA_GeForce_RTX_4060,8,
deit_tiny_patch16_224,64,32,fp16,4.5352959632873535,False,NVIDIA_GeForce_RTX_4060,8,
deit_tiny_patch16_224,64,32,fp32,6.78707218170166,False,NVIDIA_GeForce_RTX_4060,8,
deit_tiny_patch16_224,64,64,bf16,6.598656177520752,False,NVIDIA_GeForce_RTX_4060,8,
deit_tiny_patch16_224,64,64,fp16,6.4481282234191895,False,NVIDIA_GeForce_RTX_4060,8,
deit_tiny_patch16_224,64,64,fp32,10.559488296508787,False,NVIDIA_GeForce_RTX_4060,8,
deit_tiny_patch16_224,128,16,bf16,5.9069437980651855,False,NVIDIA_GeForce_RTX_4060,8,
deit_tiny_patch16_224,128,16,fp16,5.747712135314941,False,NVIDIA_GeForce_RTX_4060,8,
deit_tiny_patch16_224,128,16,fp32,10.858495712280272,False,NVIDIA_GeForce_RTX_4060,8,
deit_tiny_patch16_224,128,32,bf16,9.152511596679688,False,NVIDIA_GeForce_RTX_4060,8,
deit_tiny_patch16_224,128,32,fp16,9.092096328735352,False,NVIDIA_GeForce_RTX_4060,8,
deit_tiny_patch16_224,128,32,fp32,19.176448822021484,False,NVIDIA_GeForce_RTX_4060,8,
deit_tiny_patch16_224,128,64,bf16,16.0578556060791,False,NVIDIA_GeForce_RTX_4060,8,
deit_tiny_patch16_224,128,64,fp16,15.952896118164062,False,NVIDIA_GeForce_RTX_4060,8,
deit_tiny_patch16_224,128,64,fp32,35.15033721923828,False,NVIDIA_GeForce_RTX_4060,8,
deit_tiny_patch16_224,224,16,bf16,12.691455841064451,False,NVIDIA_GeForce_RTX_4060,8,
deit_tiny_patch16_224,224,16,fp16,12.615167617797852,False,NVIDIA_GeForce_RTX_4060,8,
deit_tiny_patch16_224,224,16,fp32,30.12761688232422,False,NVIDIA_GeForce_RTX_4060,8,
deit_tiny_patch16_224,224,32,bf16,24.70400047302246,False,NVIDIA_GeForce_RTX_4060,8,
deit_tiny_patch16_224,224,32,fp16,24.523775100708008,False,NVIDIA_GeForce_RTX_4060,8,
deit_tiny_patch16_224,224,32,fp32,57.59795379638672,False,NVIDIA_GeForce_RTX_4060,8,
deit_tiny_patch16_224,224,64,bf16,48.01023864746094,False,NVIDIA_GeForce_RTX_4060,8,
deit_tiny_patch16_224,224,64,fp16,47.5494384765625,False,NVIDIA_GeForce_RTX_4060,8,
deit_tiny_patch16_224,224,64,fp32,117.79891204833984,False,NVIDIA_GeForce_RTX_4060,8,
densenet121,64,16,bf16,11.209728240966797,False,NVIDIA_GeForce_RTX_4060,8,
densenet121,64,16,fp16,12.206560134887695,False,NVIDIA_GeForce_RTX_4060,8,
densenet121,64,16,fp32,13.58847999572754,False,NVIDIA_GeForce_RTX_4060,8,
densenet121,64,32,bf16,15.850496292114258,False,NVIDIA_GeForce_RTX_4060,8,
densenet121,64,32,fp16,17.307024002075195,False,NVIDIA_GeForce_RTX_4060,8,
densenet121,64,32,fp32,20.012544631958008,False,NVIDIA_GeForce_RTX_4060,8,
densenet121,64,64,bf16,27.224063873291016,False,NVIDIA_GeForce_RTX_4060,8,
densenet121,64,64,fp16,26.17190361022949,False,NVIDIA_GeForce_RTX_4060,8,
densenet121,64,64,fp32,34.38284683227539,False,NVIDIA_GeForce_RTX_4060,8,
densenet121,128,16,bf16,18.89638328552246,False,NVIDIA_GeForce_RTX_4060,8,
densenet121,128,16,fp16,17.881088256835938,False,NVIDIA_GeForce_RTX_4060,8,
densenet121,128,16,fp32,27.413503646850582,False,NVIDIA_GeForce_RTX_4060,8,
densenet121,128,32,bf16,34.15091323852539,False,NVIDIA_GeForce_RTX_4060,8,
densenet121,128,32,fp16,32.257022857666016,False,NVIDIA_GeForce_RTX_4060,8,
densenet121,128,32,fp32,55.17567825317383,False,NVIDIA_GeForce_RTX_4060,8,
densenet121,128,64,bf16,66.84569549560547,False,NVIDIA_GeForce_RTX_4060,8,
densenet121,128,64,fp16,59.723262786865234,False,NVIDIA_GeForce_RTX_4060,8,
densenet121,128,64,fp32,119.6016616821289,False,NVIDIA_GeForce_RTX_4060,8,
densenet121,224,16,bf16,49.1407356262207,False,NVIDIA_GeForce_RTX_4060,8,
densenet121,224,16,fp16,44.56755065917969,False,NVIDIA_GeForce_RTX_4060,8,
densenet121,224,16,fp32,87.53663635253906,False,NVIDIA_GeForce_RTX_4060,8,
densenet121,224,32,bf16,104.49612426757812,False,NVIDIA_GeForce_RTX_4060,8,
densenet121,224,32,fp16,94.83468627929688,False,NVIDIA_GeForce_RTX_4060,8,
densenet121,224,32,fp32,185.37677001953125,False,NVIDIA_GeForce_RTX_4060,8,
densenet121,224,64,bf16,211.5655670166016,False,NVIDIA_GeForce_RTX_4060,8,
densenet121,224,64,fp16,190.6181182861328,False,NVIDIA_GeForce_RTX_4060,8,
densenet121,224,64,fp32,,True,NVIDIA_GeForce_RTX_4060,8,
dm_nfnet_f1,64,16,bf16,73.6517105102539,False,NVIDIA_GeForce_RTX_4060,8,
dm_nfnet_f1,64,16,fp16,73.9020767211914,False,NVIDIA_GeForce_RTX_4060,8,
dm_nfnet_f1,64,16,fp32,88.44083404541016,False,NVIDIA_GeForce_RTX_4060,8,
dm_nfnet_f1,64,32,bf16,105.87648010253906,False,NVIDIA_GeForce_RTX_4060,8,
dm_nfnet_f1,64,32,fp16,105.80633544921876,False,NVIDIA_GeForce_RTX_4060,8,
dm_nfnet_f1,64,32,fp32,121.90259552001952,False,NVIDIA_GeForce_RTX_4060,8,
dm_nfnet_f1,64,64,bf16,85.9653091430664,False,NVIDIA_GeForce_RTX_4060,8,
dm_nfnet_f1,64,64,fp16,86.28530883789062,False,NVIDIA_GeForce_RTX_4060,8,
dm_nfnet_f1,64,64,fp32,198.3431701660156,False,NVIDIA_GeForce_RTX_4060,8,
dm_nfnet_f1,128,16,bf16,99.45549011230467,False,NVIDIA_GeForce_RTX_4060,8,
dm_nfnet_f1,128,16,fp16,99.2168960571289,False,NVIDIA_GeForce_RTX_4060,8,
dm_nfnet_f1,128,16,fp32,134.4706573486328,False,NVIDIA_GeForce_RTX_4060,8,
dm_nfnet_f1,128,32,bf16,162.9660186767578,False,NVIDIA_GeForce_RTX_4060,8,
dm_nfnet_f1,128,32,fp16,161.94918823242188,False,NVIDIA_GeForce_RTX_4060,8,
dm_nfnet_f1,128,32,fp32,249.7786865234375,False,NVIDIA_GeForce_RTX_4060,8,
dm_nfnet_f1,128,64,bf16,221.84857177734372,False,NVIDIA_GeForce_RTX_4060,8,
dm_nfnet_f1,128,64,fp16,220.9653778076172,False,NVIDIA_GeForce_RTX_4060,8,
dm_nfnet_f1,128,64,fp32,,True,NVIDIA_GeForce_RTX_4060,8,
dm_nfnet_f1,224,16,bf16,193.3465576171875,False,NVIDIA_GeForce_RTX_4060,8,
dm_nfnet_f1,224,16,fp16,192.6640625,False,NVIDIA_GeForce_RTX_4060,8,
dm_nfnet_f1,224,16,fp32,,True,NVIDIA_GeForce_RTX_4060,8,
dm_nfnet_f1,224,32,bf16,386.6117248535156,False,NVIDIA_GeForce_RTX_4060,8,
dm_nfnet_f1,224,32,fp16,1154.2763671875,False,NVIDIA_GeForce_RTX_4060,8,slow_outlier
dm_nfnet_f1,224,32,fp32,,True,NVIDIA_GeForce_RTX_4060,8,
dm_nfnet_f1,224,64,bf16,,True,NVIDIA_GeForce_RTX_4060,8,
dm_nfnet_f1,224,64,fp16,,True,NVIDIA_GeForce_RTX_4060,8,
dm_nfnet_f1,224,64,fp32,,True,NVIDIA_GeForce_RTX_4060,8,
efficientnet_b0,64,16,bf16,8.766464233398438,False,NVIDIA_GeForce_RTX_4060,8,
efficientnet_b0,64,16,fp16,8.715776443481445,False,NVIDIA_GeForce_RTX_4060,8,
efficientnet_b0,64,16,fp32,9.195008277893066,False,NVIDIA_GeForce_RTX_4060,8,
efficientnet_b0,64,32,bf16,12.460543632507324,False,NVIDIA_GeForce_RTX_4060,8,
efficientnet_b0,64,32,fp16,11.768320083618164,False,NVIDIA_GeForce_RTX_4060,8,
efficientnet_b0,64,32,fp32,12.241408348083496,False,NVIDIA_GeForce_RTX_4060,8,
efficientnet_b0,64,64,bf16,18.673152923583984,False,NVIDIA_GeForce_RTX_4060,8,
efficientnet_b0,64,64,fp16,16.40652847290039,False,NVIDIA_GeForce_RTX_4060,8,
efficientnet_b0,64,64,fp32,20.459007263183597,False,NVIDIA_GeForce_RTX_4060,8,
efficientnet_b0,128,16,bf16,14.404095649719238,False,NVIDIA_GeForce_RTX_4060,8,
efficientnet_b0,128,16,fp16,12.369407653808594,False,NVIDIA_GeForce_RTX_4060,8,
efficientnet_b0,128,16,fp32,15.516672134399414,False,NVIDIA_GeForce_RTX_4060,8,
efficientnet_b0,128,32,bf16,25.21958351135254,False,NVIDIA_GeForce_RTX_4060,8,
efficientnet_b0,128,32,fp16,21.1911678314209,False,NVIDIA_GeForce_RTX_4060,8,
efficientnet_b0,128,32,fp32,29.99603271484375,False,NVIDIA_GeForce_RTX_4060,8,
efficientnet_b0,128,64,bf16,42.07257461547852,False,NVIDIA_GeForce_RTX_4060,8,
efficientnet_b0,128,64,fp16,33.76383972167969,False,NVIDIA_GeForce_RTX_4060,8,
efficientnet_b0,128,64,fp32,62.42406463623047,False,NVIDIA_GeForce_RTX_4060,8,
efficientnet_b0,224,16,bf16,30.715904235839844,False,NVIDIA_GeForce_RTX_4060,8,
efficientnet_b0,224,16,fp16,23.37484741210937,False,NVIDIA_GeForce_RTX_4060,8,
efficientnet_b0,224,16,fp32,45.334014892578125,False,NVIDIA_GeForce_RTX_4060,8,
efficientnet_b0,224,32,bf16,63.16134262084961,False,NVIDIA_GeForce_RTX_4060,8,
efficientnet_b0,224,32,fp16,48.71731185913086,False,NVIDIA_GeForce_RTX_4060,8,
efficientnet_b0,224,32,fp32,94.89305877685548,False,NVIDIA_GeForce_RTX_4060,8,
efficientnet_b0,224,64,bf16,128.91290283203125,False,NVIDIA_GeForce_RTX_4060,8,
efficientnet_b0,224,64,fp16,101.0339813232422,False,NVIDIA_GeForce_RTX_4060,8,
efficientnet_b0,224,64,fp32,209.0926055908203,False,NVIDIA_GeForce_RTX_4060,8,
efficientnet_b3,64,16,bf16,17.073152542114258,False,NVIDIA_GeForce_RTX_4060,8,
efficientnet_b3,64,16,fp16,15.690752029418944,False,NVIDIA_GeForce_RTX_4060,8,
efficientnet_b3,64,16,fp32,17.92767906188965,False,NVIDIA_GeForce_RTX_4060,8,
efficientnet_b3,64,32,bf16,23.85100746154785,False,NVIDIA_GeForce_RTX_4060,8,
efficientnet_b3,64,32,fp16,21.1200008392334,False,NVIDIA_GeForce_RTX_4060,8,
efficientnet_b3,64,32,fp32,26.18623924255371,False,NVIDIA_GeForce_RTX_4060,8,
efficientnet_b3,64,64,bf16,37.61407852172852,False,NVIDIA_GeForce_RTX_4060,8,
efficientnet_b3,64,64,fp16,32.296958923339844,False,NVIDIA_GeForce_RTX_4060,8,
efficientnet_b3,64,64,fp32,44.1973762512207,False,NVIDIA_GeForce_RTX_4060,8,
efficientnet_b3,128,16,bf16,27.65414428710937,False,NVIDIA_GeForce_RTX_4060,8,
efficientnet_b3,128,16,fp16,22.83776092529297,False,NVIDIA_GeForce_RTX_4060,8,
efficientnet_b3,128,16,fp32,32.81407928466797,False,NVIDIA_GeForce_RTX_4060,8,
efficientnet_b3,128,32,bf16,47.61497497558594,False,NVIDIA_GeForce_RTX_4060,8,
efficientnet_b3,128,32,fp16,39.0722541809082,False,NVIDIA_GeForce_RTX_4060,8,
efficientnet_b3,128,32,fp32,63.03180694580078,False,NVIDIA_GeForce_RTX_4060,8,
efficientnet_b3,128,64,bf16,85.07904052734375,False,NVIDIA_GeForce_RTX_4060,8,
efficientnet_b3,128,64,fp16,67.96697235107422,False,NVIDIA_GeForce_RTX_4060,8,
efficientnet_b3,128,64,fp32,128.7203826904297,False,NVIDIA_GeForce_RTX_4060,8,
efficientnet_b3,224,16,bf16,61.464576721191406,False,NVIDIA_GeForce_RTX_4060,8,
efficientnet_b3,224,16,fp16,45.40671920776367,False,NVIDIA_GeForce_RTX_4060,8,
efficientnet_b3,224,16,fp32,92.7298583984375,False,NVIDIA_GeForce_RTX_4060,8,
efficientnet_b3,224,32,bf16,124.98738861083984,False,NVIDIA_GeForce_RTX_4060,8,
efficientnet_b3,224,32,fp16,94.9944305419922,False,NVIDIA_GeForce_RTX_4060,8,
efficientnet_b3,224,32,fp32,473.2594604492188,False,NVIDIA_GeForce_RTX_4060,8,
efficientnet_b3,224,64,bf16,344.66815185546875,False,NVIDIA_GeForce_RTX_4060,8,
efficientnet_b3,224,64,fp16,200.3645477294922,False,NVIDIA_GeForce_RTX_4060,8,
efficientnet_b3,224,64,fp32,,True,NVIDIA_GeForce_RTX_4060,8,
efficientnet_b5,64,16,bf16,32.01740646362305,False,NVIDIA_GeForce_RTX_4060,8,
efficientnet_b5,64,16,fp16,28.939775466918945,False,NVIDIA_GeForce_RTX_4060,8,
efficientnet_b5,64,16,fp32,41.81760025024414,False,NVIDIA_GeForce_RTX_4060,8,
efficientnet_b5,64,32,bf16,44.31052780151367,False,NVIDIA_GeForce_RTX_4060,8,
efficientnet_b5,64,32,fp16,38.3001594543457,False,NVIDIA_GeForce_RTX_4060,8,
efficientnet_b5,64,32,fp32,53.5813102722168,False,NVIDIA_GeForce_RTX_4060,8,
efficientnet_b5,64,64,bf16,70.7251205444336,False,NVIDIA_GeForce_RTX_4060,8,
efficientnet_b5,64,64,fp16,58.78169631958008,False,NVIDIA_GeForce_RTX_4060,8,
efficientnet_b5,64,64,fp32,89.9210205078125,False,NVIDIA_GeForce_RTX_4060,8,
efficientnet_b5,128,16,bf16,49.52012634277344,False,NVIDIA_GeForce_RTX_4060,8,
efficientnet_b5,128,16,fp16,39.43219375610352,False,NVIDIA_GeForce_RTX_4060,8,
efficientnet_b5,128,16,fp32,64.8089599609375,False,NVIDIA_GeForce_RTX_4060,8,
efficientnet_b5,128,32,bf16,85.52909088134766,False,NVIDIA_GeForce_RTX_4060,8,
efficientnet_b5,128,32,fp16,67.1805419921875,False,NVIDIA_GeForce_RTX_4060,8,
efficientnet_b5,128,32,fp32,122.87385559082033,False,NVIDIA_GeForce_RTX_4060,8,
efficientnet_b5,128,64,bf16,160.8396759033203,False,NVIDIA_GeForce_RTX_4060,8,
efficientnet_b5,128,64,fp16,126.2182388305664,False,NVIDIA_GeForce_RTX_4060,8,
efficientnet_b5,128,64,fp32,,True,NVIDIA_GeForce_RTX_4060,8,
efficientnet_b5,224,16,bf16,117.50656127929688,False,NVIDIA_GeForce_RTX_4060,8,
efficientnet_b5,224,16,fp16,86.19673919677734,False,NVIDIA_GeForce_RTX_4060,8,
efficientnet_b5,224,16,fp32,179.17132568359375,False,NVIDIA_GeForce_RTX_4060,8,
efficientnet_b5,224,32,bf16,236.2772521972656,False,NVIDIA_GeForce_RTX_4060,8,
efficientnet_b5,224,32,fp16,176.6333465576172,False,NVIDIA_GeForce_RTX_4060,8,
efficientnet_b5,224,32,fp32,,True,NVIDIA_GeForce_RTX_4060,8,
efficientnet_b5,224,64,bf16,,True,NVIDIA_GeForce_RTX_4060,8,
efficientnet_b5,224,64,fp16,,True,NVIDIA_GeForce_RTX_4060,8,
efficientnet_b5,224,64,fp32,,True,NVIDIA_GeForce_RTX_4060,8,
efficientnetv2_l,64,16,bf16,75.7729263305664,False,NVIDIA_GeForce_RTX_4060,8,
efficientnetv2_l,64,16,fp16,74.7320327758789,False,NVIDIA_GeForce_RTX_4060,8,
efficientnetv2_l,64,16,fp32,107.09606170654295,False,NVIDIA_GeForce_RTX_4060,8,
efficientnetv2_l,64,32,bf16,98.68851470947266,False,NVIDIA_GeForce_RTX_4060,8,
efficientnetv2_l,64,32,fp16,92.98738861083984,False,NVIDIA_GeForce_RTX_4060,8,
efficientnetv2_l,64,32,fp32,147.5809326171875,False,NVIDIA_GeForce_RTX_4060,8,
efficientnetv2_l,64,64,bf16,138.6076202392578,False,NVIDIA_GeForce_RTX_4060,8,
efficientnetv2_l,64,64,fp16,123.2168960571289,False,NVIDIA_GeForce_RTX_4060,8,
efficientnetv2_l,64,64,fp32,224.1326141357422,False,NVIDIA_GeForce_RTX_4060,8,
efficientnetv2_l,128,16,bf16,105.76588439941406,False,NVIDIA_GeForce_RTX_4060,8,
efficientnetv2_l,128,16,fp16,97.52473449707033,False,NVIDIA_GeForce_RTX_4060,8,
efficientnetv2_l,128,16,fp32,143.16079711914062,False,NVIDIA_GeForce_RTX_4060,8,
efficientnetv2_l,128,32,bf16,162.24819946289062,False,NVIDIA_GeForce_RTX_4060,8,
efficientnetv2_l,128,32,fp16,143.60525512695312,False,NVIDIA_GeForce_RTX_4060,8,
efficientnetv2_l,128,32,fp32,1412.663818359375,False,NVIDIA_GeForce_RTX_4060,8,precision_artifact
efficientnetv2_l,128,64,bf16,2166.319580078125,False,NVIDIA_GeForce_RTX_4060,8,slow_outlier
efficientnetv2_l,128,64,fp16,2366.5361328125,False,NVIDIA_GeForce_RTX_4060,8,slow_outlier
efficientnetv2_l,128,64,fp32,,True,NVIDIA_GeForce_RTX_4060,8,
efficientnetv2_l,224,16,bf16,204.81126403808597,False,NVIDIA_GeForce_RTX_4060,8,
efficientnetv2_l,224,16,fp16,165.68421936035156,False,NVIDIA_GeForce_RTX_4060,8,
efficientnetv2_l,224,16,fp32,,True,NVIDIA_GeForce_RTX_4060,8,
efficientnetv2_l,224,32,bf16,,True,NVIDIA_GeForce_RTX_4060,8,
efficientnetv2_l,224,32,fp16,,True,NVIDIA_GeForce_RTX_4060,8,
efficientnetv2_l,224,32,fp32,,True,NVIDIA_GeForce_RTX_4060,8,
efficientnetv2_l,224,64,bf16,,True,NVIDIA_GeForce_RTX_4060,8,
efficientnetv2_l,224,64,fp16,,True,NVIDIA_GeForce_RTX_4060,8,
efficientnetv2_l,224,64,fp32,,True,NVIDIA_GeForce_RTX_4060,8,
efficientnetv2_m,64,16,bf16,45.15532684326172,False,NVIDIA_GeForce_RTX_4060,8,
efficientnetv2_m,64,16,fp16,42.07564926147461,False,NVIDIA_GeForce_RTX_4060,8,
efficientnetv2_m,64,16,fp32,53.83782577514648,False,NVIDIA_GeForce_RTX_4060,8,
efficientnetv2_m,64,32,bf16,60.91519927978516,False,NVIDIA_GeForce_RTX_4060,8,
efficientnetv2_m,64,32,fp16,54.2817268371582,False,NVIDIA_GeForce_RTX_4060,8,
efficientnetv2_m,64,32,fp32,73.61945343017578,False,NVIDIA_GeForce_RTX_4060,8,
efficientnetv2_m,64,64,bf16,89.57593536376953,False,NVIDIA_GeForce_RTX_4060,8,
efficientnetv2_m,64,64,fp16,75.68998718261719,False,NVIDIA_GeForce_RTX_4060,8,
efficientnetv2_m,64,64,fp32,111.1173095703125,False,NVIDIA_GeForce_RTX_4060,8,
efficientnetv2_m,128,16,bf16,61.37139129638672,False,NVIDIA_GeForce_RTX_4060,8,
efficientnetv2_m,128,16,fp16,54.2402572631836,False,NVIDIA_GeForce_RTX_4060,8,
efficientnetv2_m,128,16,fp32,74.50521850585938,False,NVIDIA_GeForce_RTX_4060,8,
efficientnetv2_m,128,32,bf16,93.96991729736328,False,NVIDIA_GeForce_RTX_4060,8,
efficientnetv2_m,128,32,fp16,81.15763092041016,False,NVIDIA_GeForce_RTX_4060,8,
efficientnetv2_m,128,32,fp32,122.84416198730467,False,NVIDIA_GeForce_RTX_4060,8,
efficientnetv2_m,128,64,bf16,150.21466064453125,False,NVIDIA_GeForce_RTX_4060,8,
efficientnetv2_m,128,64,fp16,126.19622039794922,False,NVIDIA_GeForce_RTX_4060,8,
efficientnetv2_m,128,64,fp32,2374.425537109375,False,NVIDIA_GeForce_RTX_4060,8,precision_artifact
efficientnetv2_m,224,16,bf16,109.72621154785156,False,NVIDIA_GeForce_RTX_4060,8,
efficientnetv2_m,224,16,fp16,85.73542022705078,False,NVIDIA_GeForce_RTX_4060,8,
efficientnetv2_m,224,16,fp32,165.91513061523438,False,NVIDIA_GeForce_RTX_4060,8,
efficientnetv2_m,224,32,bf16,208.37222290039065,False,NVIDIA_GeForce_RTX_4060,8,
efficientnetv2_m,224,32,fp16,165.10617065429688,False,NVIDIA_GeForce_RTX_4060,8,
efficientnetv2_m,224,32,fp32,,True,NVIDIA_GeForce_RTX_4060,8,
efficientnetv2_m,224,64,bf16,,True,NVIDIA_GeForce_RTX_4060,8,
efficientnetv2_m,224,64,fp16,,True,NVIDIA_GeForce_RTX_4060,8,
efficientnetv2_m,224,64,fp32,,True,NVIDIA_GeForce_RTX_4060,8,
efficientnetv2_s,64,16,bf16,21.67040061950684,False,NVIDIA_GeForce_RTX_4060,8,
efficientnetv2_s,64,16,fp16,21.097471237182617,False,NVIDIA_GeForce_RTX_4060,8,
efficientnetv2_s,64,16,fp32,25.54265594482422,False,NVIDIA_GeForce_RTX_4060,8,
efficientnetv2_s,64,32,bf16,28.74828720092773,False,NVIDIA_GeForce_RTX_4060,8,
efficientnetv2_s,64,32,fp16,27.020288467407227,False,NVIDIA_GeForce_RTX_4060,8,
efficientnetv2_s,64,32,fp32,35.20102310180664,False,NVIDIA_GeForce_RTX_4060,8,
efficientnetv2_s,64,64,bf16,44.58393478393555,False,NVIDIA_GeForce_RTX_4060,8,
efficientnetv2_s,64,64,fp16,39.6759033203125,False,NVIDIA_GeForce_RTX_4060,8,
efficientnetv2_s,64,64,fp32,52.2531852722168,False,NVIDIA_GeForce_RTX_4060,8,
efficientnetv2_s,128,16,bf16,31.03487968444824,False,NVIDIA_GeForce_RTX_4060,8,
efficientnetv2_s,128,16,fp16,27.62444877624512,False,NVIDIA_GeForce_RTX_4060,8,
efficientnetv2_s,128,16,fp32,38.57356643676758,False,NVIDIA_GeForce_RTX_4060,8,
efficientnetv2_s,128,32,bf16,48.5032958984375,False,NVIDIA_GeForce_RTX_4060,8,
efficientnetv2_s,128,32,fp16,41.7628173828125,False,NVIDIA_GeForce_RTX_4060,8,
efficientnetv2_s,128,32,fp32,64.33023834228516,False,NVIDIA_GeForce_RTX_4060,8,
efficientnetv2_s,128,64,bf16,83.20511627197266,False,NVIDIA_GeForce_RTX_4060,8,
efficientnetv2_s,128,64,fp16,69.46611022949219,False,NVIDIA_GeForce_RTX_4060,8,
efficientnetv2_s,128,64,fp32,126.62937927246094,False,NVIDIA_GeForce_RTX_4060,8,
efficientnetv2_s,224,16,bf16,62.800384521484375,False,NVIDIA_GeForce_RTX_4060,8,
efficientnetv2_s,224,16,fp16,49.92460632324219,False,NVIDIA_GeForce_RTX_4060,8,
efficientnetv2_s,224,16,fp32,90.97727966308594,False,NVIDIA_GeForce_RTX_4060,8,
efficientnetv2_s,224,32,bf16,123.99820709228516,False,NVIDIA_GeForce_RTX_4060,8,
efficientnetv2_s,224,32,fp16,100.66381072998048,False,NVIDIA_GeForce_RTX_4060,8,
efficientnetv2_s,224,32,fp32,331.0586853027344,False,NVIDIA_GeForce_RTX_4060,8,
efficientnetv2_s,224,64,bf16,541.2244262695312,False,NVIDIA_GeForce_RTX_4060,8,
efficientnetv2_s,224,64,fp16,496.88421630859375,False,NVIDIA_GeForce_RTX_4060,8,
efficientnetv2_s,224,64,fp32,,True,NVIDIA_GeForce_RTX_4060,8,
fastvit_t12,64,16,bf16,10.298368453979492,False,NVIDIA_GeForce_RTX_4060,8,
fastvit_t12,64,16,fp16,10.591744422912598,False,NVIDIA_GeForce_RTX_4060,8,
fastvit_t12,64,16,fp32,11.115008354187012,False,NVIDIA_GeForce_RTX_4060,8,
fastvit_t12,64,32,bf16,14.671263694763184,False,NVIDIA_GeForce_RTX_4060,8,
fastvit_t12,64,32,fp16,13.693440437316896,False,NVIDIA_GeForce_RTX_4060,8,
fastvit_t12,64,32,fp32,16.604671478271484,False,NVIDIA_GeForce_RTX_4060,8,
fastvit_t12,64,64,bf16,24.16844749450684,False,NVIDIA_GeForce_RTX_4060,8,
fastvit_t12,64,64,fp16,22.021120071411133,False,NVIDIA_GeForce_RTX_4060,8,
fastvit_t12,64,64,fp32,27.463680267333984,False,NVIDIA_GeForce_RTX_4060,8,
fastvit_t12,128,16,bf16,18.82624053955078,False,NVIDIA_GeForce_RTX_4060,8,
fastvit_t12,128,16,fp16,17.354751586914062,False,NVIDIA_GeForce_RTX_4060,8,
fastvit_t12,128,16,fp32,20.96025657653809,False,NVIDIA_GeForce_RTX_4060,8,
fastvit_t12,128,32,bf16,35.4442253112793,False,NVIDIA_GeForce_RTX_4060,8,
fastvit_t12,128,32,fp16,32.535552978515625,False,NVIDIA_GeForce_RTX_4060,8,
fastvit_t12,128,32,fp32,41.70393753051758,False,NVIDIA_GeForce_RTX_4060,8,
fastvit_t12,128,64,bf16,71.63289642333984,False,NVIDIA_GeForce_RTX_4060,8,
fastvit_t12,128,64,fp16,65.98143768310547,False,NVIDIA_GeForce_RTX_4060,8,
fastvit_t12,128,64,fp32,87.09939575195312,False,NVIDIA_GeForce_RTX_4060,8,
fastvit_t12,224,16,bf16,49.99168014526367,False,NVIDIA_GeForce_RTX_4060,8,
fastvit_t12,224,16,fp16,44.896766662597656,False,NVIDIA_GeForce_RTX_4060,8,
fastvit_t12,224,16,fp32,63.02822494506836,False,NVIDIA_GeForce_RTX_4060,8,
fastvit_t12,224,32,bf16,105.69471740722656,False,NVIDIA_GeForce_RTX_4060,8,
fastvit_t12,224,32,fp16,96.86988830566406,False,NVIDIA_GeForce_RTX_4060,8,
fastvit_t12,224,32,fp32,136.1658935546875,False,NVIDIA_GeForce_RTX_4060,8,
fastvit_t12,224,64,bf16,221.770751953125,False,NVIDIA_GeForce_RTX_4060,8,
fastvit_t12,224,64,fp16,204.75135803222656,False,NVIDIA_GeForce_RTX_4060,8,
fastvit_t12,224,64,fp32,287.02001953125,False,NVIDIA_GeForce_RTX_4060,8,
fastvit_t8,64,16,bf16,7.372799873352051,False,NVIDIA_GeForce_RTX_4060,8,
fastvit_t8,64,16,fp16,7.663104057312012,False,NVIDIA_GeForce_RTX_4060,8,
fastvit_t8,64,16,fp32,7.318528175354004,False,NVIDIA_GeForce_RTX_4060,8,
fastvit_t8,64,32,bf16,10.552831649780272,False,NVIDIA_GeForce_RTX_4060,8,
fastvit_t8,64,32,fp16,10.395648002624512,False,NVIDIA_GeForce_RTX_4060,8,
fastvit_t8,64,32,fp32,10.374143600463867,False,NVIDIA_GeForce_RTX_4060,8,
fastvit_t8,64,64,bf16,15.796223640441896,False,NVIDIA_GeForce_RTX_4060,8,
fastvit_t8,64,64,fp16,14.361087799072266,False,NVIDIA_GeForce_RTX_4060,8,
fastvit_t8,64,64,fp32,16.970752716064453,False,NVIDIA_GeForce_RTX_4060,8,
fastvit_t8,128,16,bf16,12.69760036468506,False,NVIDIA_GeForce_RTX_4060,8,
fastvit_t8,128,16,fp16,11.629055976867676,False,NVIDIA_GeForce_RTX_4060,8,
fastvit_t8,128,16,fp32,13.997056007385254,False,NVIDIA_GeForce_RTX_4060,8,
fastvit_t8,128,32,bf16,22.757888793945312,False,NVIDIA_GeForce_RTX_4060,8,
fastvit_t8,128,32,fp16,20.61721611022949,False,NVIDIA_GeForce_RTX_4060,8,
fastvit_t8,128,32,fp32,26.802175521850582,False,NVIDIA_GeForce_RTX_4060,8,
fastvit_t8,128,64,bf16,46.614017486572266,False,NVIDIA_GeForce_RTX_4060,8,
fastvit_t8,128,64,fp16,42.51801681518555,False,NVIDIA_GeForce_RTX_4060,8,
fastvit_t8,128,64,fp32,56.22118377685547,False,NVIDIA_GeForce_RTX_4060,8,
fastvit_t8,224,16,bf16,33.33683013916016,False,NVIDIA_GeForce_RTX_4060,8,
fastvit_t8,224,16,fp16,29.76819229125977,False,NVIDIA_GeForce_RTX_4060,8,
fastvit_t8,224,16,fp32,41.05472183227539,False,NVIDIA_GeForce_RTX_4060,8,
fastvit_t8,224,32,bf16,70.16694641113281,False,NVIDIA_GeForce_RTX_4060,8,
fastvit_t8,224,32,fp16,63.3994255065918,False,NVIDIA_GeForce_RTX_4060,8,
fastvit_t8,224,32,fp32,90.05773162841797,False,NVIDIA_GeForce_RTX_4060,8,
fastvit_t8,224,64,bf16,150.73843383789062,False,NVIDIA_GeForce_RTX_4060,8,
fastvit_t8,224,64,fp16,138.06796264648438,False,NVIDIA_GeForce_RTX_4060,8,
fastvit_t8,224,64,fp32,191.90565490722656,False,NVIDIA_GeForce_RTX_4060,8,
maxvit_tiny_tf_224,64,16,bf16,23.478271484375,False,NVIDIA_GeForce_RTX_4060,8,
maxvit_tiny_tf_224,64,16,fp16,22.446592330932617,False,NVIDIA_GeForce_RTX_4060,8,
maxvit_tiny_tf_224,64,16,fp32,36.5665283203125,False,NVIDIA_GeForce_RTX_4060,8,
maxvit_tiny_tf_224,64,32,bf16,34.764801025390625,False,NVIDIA_GeForce_RTX_4060,8,
maxvit_tiny_tf_224,64,32,fp16,32.74137496948242,False,NVIDIA_GeForce_RTX_4060,8,
maxvit_tiny_tf_224,64,32,fp32,62.289920806884766,False,NVIDIA_GeForce_RTX_4060,8,
maxvit_tiny_tf_224,64,64,bf16,58.226688385009766,False,NVIDIA_GeForce_RTX_4060,8,
maxvit_tiny_tf_224,64,64,fp16,54.11788940429688,False,NVIDIA_GeForce_RTX_4060,8,
maxvit_tiny_tf_224,64,64,fp32,115.24249267578124,False,NVIDIA_GeForce_RTX_4060,8,
maxvit_tiny_tf_224,128,16,bf16,45.48147201538086,False,NVIDIA_GeForce_RTX_4060,8,
maxvit_tiny_tf_224,128,16,fp16,42.25945663452149,False,NVIDIA_GeForce_RTX_4060,8,
maxvit_tiny_tf_224,128,16,fp32,76.34893035888672,False,NVIDIA_GeForce_RTX_4060,8,
maxvit_tiny_tf_224,128,32,bf16,82.88972473144531,False,NVIDIA_GeForce_RTX_4060,8,
maxvit_tiny_tf_224,128,32,fp16,77.11180877685547,False,NVIDIA_GeForce_RTX_4060,8,
maxvit_tiny_tf_224,128,32,fp32,147.93983459472656,False,NVIDIA_GeForce_RTX_4060,8,
maxvit_tiny_tf_224,128,64,bf16,163.90194702148438,False,NVIDIA_GeForce_RTX_4060,8,
maxvit_tiny_tf_224,128,64,fp16,152.68505859375,False,NVIDIA_GeForce_RTX_4060,8,
maxvit_tiny_tf_224,128,64,fp32,,True,NVIDIA_GeForce_RTX_4060,8,
maxvit_tiny_tf_224,224,16,bf16,118.60428619384766,False,NVIDIA_GeForce_RTX_4060,8,
maxvit_tiny_tf_224,224,16,fp16,110.1143035888672,False,NVIDIA_GeForce_RTX_4060,8,
maxvit_tiny_tf_224,224,16,fp32,207.4890289306641,False,NVIDIA_GeForce_RTX_4060,8,
maxvit_tiny_tf_224,224,32,bf16,237.7830352783203,False,NVIDIA_GeForce_RTX_4060,8,
maxvit_tiny_tf_224,224,32,fp16,222.7276763916016,False,NVIDIA_GeForce_RTX_4060,8,
maxvit_tiny_tf_224,224,32,fp32,,True,NVIDIA_GeForce_RTX_4060,8,
maxvit_tiny_tf_224,224,64,bf16,,True,NVIDIA_GeForce_RTX_4060,8,
maxvit_tiny_tf_224,224,64,fp16,,True,NVIDIA_GeForce_RTX_4060,8,
maxvit_tiny_tf_224,224,64,fp32,,True,NVIDIA_GeForce_RTX_4060,8,
mixer_b16_224,64,16,bf16,22.45529556274414,False,NVIDIA_GeForce_RTX_4060,8,
mixer_b16_224,64,16,fp16,22.320127487182617,False,NVIDIA_GeForce_RTX_4060,8,
mixer_b16_224,64,16,fp32,33.12998580932617,False,NVIDIA_GeForce_RTX_4060,8,
mixer_b16_224,64,32,bf16,32.414207458496094,False,NVIDIA_GeForce_RTX_4060,8,
mixer_b16_224,64,32,fp16,32.460289001464844,False,NVIDIA_GeForce_RTX_4060,8,
mixer_b16_224,64,32,fp32,59.09503936767578,False,NVIDIA_GeForce_RTX_4060,8,
mixer_b16_224,64,64,bf16,55.61139297485352,False,NVIDIA_GeForce_RTX_4060,8,
mixer_b16_224,64,64,fp16,55.40403366088867,False,NVIDIA_GeForce_RTX_4060,8,
mixer_b16_224,64,64,fp32,104.28518676757812,False,NVIDIA_GeForce_RTX_4060,8,
mixer_b16_224,128,16,bf16,35.30803298950195,False,NVIDIA_GeForce_RTX_4060,8,
mixer_b16_224,128,16,fp16,35.165184020996094,False,NVIDIA_GeForce_RTX_4060,8,
mixer_b16_224,128,16,fp32,66.32806396484375,False,NVIDIA_GeForce_RTX_4060,8,
mixer_b16_224,128,32,bf16,57.83603286743164,False,NVIDIA_GeForce_RTX_4060,8,
mixer_b16_224,128,32,fp16,57.59539031982422,False,NVIDIA_GeForce_RTX_4060,8,
mixer_b16_224,128,32,fp32,133.30125427246094,False,NVIDIA_GeForce_RTX_4060,8,
mixer_b16_224,128,64,bf16,113.37522888183594,False,NVIDIA_GeForce_RTX_4060,8,
mixer_b16_224,128,64,fp16,112.83097839355467,False,NVIDIA_GeForce_RTX_4060,8,
mixer_b16_224,128,64,fp32,260.3100280761719,False,NVIDIA_GeForce_RTX_4060,8,
mixer_b16_224,224,16,bf16,78.2576675415039,False,NVIDIA_GeForce_RTX_4060,8,
mixer_b16_224,224,16,fp16,77.8634262084961,False,NVIDIA_GeForce_RTX_4060,8,
mixer_b16_224,224,16,fp32,186.440185546875,False,NVIDIA_GeForce_RTX_4060,8,
mixer_b16_224,224,32,bf16,154.05209350585938,False,NVIDIA_GeForce_RTX_4060,8,
mixer_b16_224,224,32,fp16,153.3798370361328,False,NVIDIA_GeForce_RTX_4060,8,
mixer_b16_224,224,32,fp32,359.3487243652344,False,NVIDIA_GeForce_RTX_4060,8,
mixer_b16_224,224,64,bf16,305.44024658203125,False,NVIDIA_GeForce_RTX_4060,8,
mixer_b16_224,224,64,fp16,304.3450927734375,False,NVIDIA_GeForce_RTX_4060,8,
mixer_b16_224,224,64,fp32,,True,NVIDIA_GeForce_RTX_4060,8,
mobilenetv2_100,64,16,bf16,5.469071865081787,False,NVIDIA_GeForce_RTX_4060,8,
mobilenetv2_100,64,16,fp16,4.803584098815918,False,NVIDIA_GeForce_RTX_4060,8,
mobilenetv2_100,64,16,fp32,5.180416107177734,False,NVIDIA_GeForce_RTX_4060,8,
mobilenetv2_100,64,32,bf16,8.10854434967041,False,NVIDIA_GeForce_RTX_4060,8,
mobilenetv2_100,64,32,fp16,6.654975891113281,False,NVIDIA_GeForce_RTX_4060,8,
mobilenetv2_100,64,32,fp32,7.996416091918945,False,NVIDIA_GeForce_RTX_4060,8,
mobilenetv2_100,64,64,bf16,12.513279914855955,False,NVIDIA_GeForce_RTX_4060,8,
mobilenetv2_100,64,64,fp16,10.395648002624512,False,NVIDIA_GeForce_RTX_4060,8,
mobilenetv2_100,64,64,fp32,13.925375938415527,False,NVIDIA_GeForce_RTX_4060,8,
mobilenetv2_100,128,16,bf16,9.563136100769045,False,NVIDIA_GeForce_RTX_4060,8,
mobilenetv2_100,128,16,fp16,7.904255867004394,False,NVIDIA_GeForce_RTX_4060,8,
mobilenetv2_100,128,16,fp32,10.878463745117188,False,NVIDIA_GeForce_RTX_4060,8,
mobilenetv2_100,128,32,bf16,17.569744110107422,False,NVIDIA_GeForce_RTX_4060,8,
mobilenetv2_100,128,32,fp16,14.331904411315918,False,NVIDIA_GeForce_RTX_4060,8,
mobilenetv2_100,128,32,fp32,22.30988883972168,False,NVIDIA_GeForce_RTX_4060,8,
mobilenetv2_100,128,64,bf16,31.77523231506348,False,NVIDIA_GeForce_RTX_4060,8,
mobilenetv2_100,128,64,fp16,25.05267143249512,False,NVIDIA_GeForce_RTX_4060,8,
mobilenetv2_100,128,64,fp32,46.69747161865234,False,NVIDIA_GeForce_RTX_4060,8,
mobilenetv2_100,224,16,bf16,22.96217536926269,False,NVIDIA_GeForce_RTX_4060,8,
mobilenetv2_100,224,16,fp16,17.849855422973633,False,NVIDIA_GeForce_RTX_4060,8,
mobilenetv2_100,224,16,fp32,34.29939270019531,False,NVIDIA_GeForce_RTX_4060,8,
mobilenetv2_100,224,32,bf16,48.05478286743164,False,NVIDIA_GeForce_RTX_4060,8,
mobilenetv2_100,224,32,fp16,37.98374557495117,False,NVIDIA_GeForce_RTX_4060,8,
mobilenetv2_100,224,32,fp32,72.09932708740234,False,NVIDIA_GeForce_RTX_4060,8,
mobilenetv2_100,224,64,bf16,96.18637084960938,False,NVIDIA_GeForce_RTX_4060,8,
mobilenetv2_100,224,64,fp16,76.2577896118164,False,NVIDIA_GeForce_RTX_4060,8,
mobilenetv2_100,224,64,fp32,151.8551025390625,False,NVIDIA_GeForce_RTX_4060,8,
mobilenetv3_large_100,64,16,bf16,6.573567867279053,False,NVIDIA_GeForce_RTX_4060,8,
mobilenetv3_large_100,64,16,fp16,6.396416187286377,False,NVIDIA_GeForce_RTX_4060,8,
mobilenetv3_large_100,64,16,fp32,5.158912181854248,False,NVIDIA_GeForce_RTX_4060,8,
mobilenetv3_large_100,64,32,bf16,9.645567893981934,False,NVIDIA_GeForce_RTX_4060,8,
mobilenetv3_large_100,64,32,fp16,8.99891185760498,False,NVIDIA_GeForce_RTX_4060,8,
mobilenetv3_large_100,64,32,fp32,7.439871788024902,False,NVIDIA_GeForce_RTX_4060,8,
mobilenetv3_large_100,64,64,bf16,12.180992126464844,False,NVIDIA_GeForce_RTX_4060,8,
mobilenetv3_large_100,64,64,fp16,11.358719825744627,False,NVIDIA_GeForce_RTX_4060,8,
mobilenetv3_large_100,64,64,fp32,11.853311538696287,False,NVIDIA_GeForce_RTX_4060,8,
mobilenetv3_large_100,128,16,bf16,9.871871948242188,False,NVIDIA_GeForce_RTX_4060,8,
mobilenetv3_large_100,128,16,fp16,9.24569606781006,False,NVIDIA_GeForce_RTX_4060,8,
mobilenetv3_large_100,128,16,fp32,8.714240074157715,False,NVIDIA_GeForce_RTX_4060,8,
mobilenetv3_large_100,128,32,bf16,16.824832916259766,False,NVIDIA_GeForce_RTX_4060,8,
mobilenetv3_large_100,128,32,fp16,14.774271965026855,False,NVIDIA_GeForce_RTX_4060,8,
mobilenetv3_large_100,128,32,fp32,15.639039993286133,False,NVIDIA_GeForce_RTX_4060,8,
mobilenetv3_large_100,128,64,bf16,24.22015953063965,False,NVIDIA_GeForce_RTX_4060,8,
mobilenetv3_large_100,128,64,fp16,19.96031951904297,False,NVIDIA_GeForce_RTX_4060,8,
mobilenetv3_large_100,128,64,fp32,32.463871002197266,False,NVIDIA_GeForce_RTX_4060,8,
mobilenetv3_large_100,224,16,bf16,18.798080444335938,False,NVIDIA_GeForce_RTX_4060,8,
mobilenetv3_large_100,224,16,fp16,14.888447761535645,False,NVIDIA_GeForce_RTX_4060,8,
mobilenetv3_large_100,224,16,fp32,23.18592071533203,False,NVIDIA_GeForce_RTX_4060,8,
mobilenetv3_large_100,224,32,bf16,36.68735885620117,False,NVIDIA_GeForce_RTX_4060,8,
mobilenetv3_large_100,224,32,fp16,29.0882568359375,False,NVIDIA_GeForce_RTX_4060,8,
mobilenetv3_large_100,224,32,fp32,50.79040145874024,False,NVIDIA_GeForce_RTX_4060,8,
mobilenetv3_large_100,224,64,bf16,70.75686645507812,False,NVIDIA_GeForce_RTX_4060,8,
mobilenetv3_large_100,224,64,fp16,56.1341438293457,False,NVIDIA_GeForce_RTX_4060,8,
mobilenetv3_large_100,224,64,fp32,107.1088638305664,False,NVIDIA_GeForce_RTX_4060,8,
mobilenetv3_small_100,64,16,bf16,4.580351829528809,False,NVIDIA_GeForce_RTX_4060,8,
mobilenetv3_small_100,64,16,fp16,3.485183954238892,False,NVIDIA_GeForce_RTX_4060,8,
mobilenetv3_small_100,64,16,fp32,8.284671783447266,False,NVIDIA_GeForce_RTX_4060,8,
mobilenetv3_small_100,64,32,bf16,4.900864124298096,False,NVIDIA_GeForce_RTX_4060,8,
mobilenetv3_small_100,64,32,fp16,5.290495872497559,False,NVIDIA_GeForce_RTX_4060,8,
mobilenetv3_small_100,64,32,fp32,3.670016050338745,False,NVIDIA_GeForce_RTX_4060,8,
mobilenetv3_small_100,64,64,bf16,5.856768131256104,False,NVIDIA_GeForce_RTX_4060,8,
mobilenetv3_small_100,64,64,fp16,5.142528057098389,False,NVIDIA_GeForce_RTX_4060,8,
mobilenetv3_small_100,64,64,fp32,5.387775897979736,False,NVIDIA_GeForce_RTX_4060,8,
mobilenetv3_small_100,128,16,bf16,5.879295825958252,False,NVIDIA_GeForce_RTX_4060,8,
mobilenetv3_small_100,128,16,fp16,4.022272109985352,False,NVIDIA_GeForce_RTX_4060,8,
mobilenetv3_small_100,128,16,fp32,3.7795839309692383,False,NVIDIA_GeForce_RTX_4060,8,
mobilenetv3_small_100,128,32,bf16,7.342591762542725,False,NVIDIA_GeForce_RTX_4060,8,
mobilenetv3_small_100,128,32,fp16,6.199808120727539,False,NVIDIA_GeForce_RTX_4060,8,
mobilenetv3_small_100,128,32,fp32,5.8224639892578125,False,NVIDIA_GeForce_RTX_4060,8,
mobilenetv3_small_100,128,64,bf16,9.968640327453612,False,NVIDIA_GeForce_RTX_4060,8,
mobilenetv3_small_100,128,64,fp16,8.158720016479492,False,NVIDIA_GeForce_RTX_4060,8,
mobilenetv3_small_100,128,64,fp32,10.870271682739258,False,NVIDIA_GeForce_RTX_4060,8,
mobilenetv3_small_100,224,16,bf16,8.019455909729004,False,NVIDIA_GeForce_RTX_4060,8,
mobilenetv3_small_100,224,16,fp16,6.482944011688232,False,NVIDIA_GeForce_RTX_4060,8,
mobilenetv3_small_100,224,16,fp32,8.228351593017578,False,NVIDIA_GeForce_RTX_4060,8,
mobilenetv3_small_100,224,32,bf16,14.606847763061523,False,NVIDIA_GeForce_RTX_4060,8,
mobilenetv3_small_100,224,32,fp16,11.05356788635254,False,NVIDIA_GeForce_RTX_4060,8,
mobilenetv3_small_100,224,32,fp32,16.160768508911133,False,NVIDIA_GeForce_RTX_4060,8,
mobilenetv3_small_100,224,64,bf16,24.867839813232425,False,NVIDIA_GeForce_RTX_4060,8,
mobilenetv3_small_100,224,64,fp16,18.356224060058597,False,NVIDIA_GeForce_RTX_4060,8,
mobilenetv3_small_100,224,64,fp32,33.974273681640625,False,NVIDIA_GeForce_RTX_4060,8,
mobilevit_s,64,16,bf16,7.478271961212158,False,NVIDIA_GeForce_RTX_4060,8,
mobilevit_s,64,16,fp16,6.969344139099121,False,NVIDIA_GeForce_RTX_4060,8,
mobilevit_s,64,16,fp32,8.920576095581055,False,NVIDIA_GeForce_RTX_4060,8,
mobilevit_s,64,32,bf16,11.546112060546877,False,NVIDIA_GeForce_RTX_4060,8,
mobilevit_s,64,32,fp16,10.720767974853516,False,NVIDIA_GeForce_RTX_4060,8,
mobilevit_s,64,32,fp32,15.225343704223633,False,NVIDIA_GeForce_RTX_4060,8,
mobilevit_s,64,64,bf16,19.46675109863281,False,NVIDIA_GeForce_RTX_4060,8,
mobilevit_s,64,64,fp16,17.753599166870117,False,NVIDIA_GeForce_RTX_4060,8,
mobilevit_s,64,64,fp32,30.06003189086914,False,NVIDIA_GeForce_RTX_4060,8,
mobilevit_s,128,16,bf16,15.68614387512207,False,NVIDIA_GeForce_RTX_4060,8,
mobilevit_s,128,16,fp16,13.49888038635254,False,NVIDIA_GeForce_RTX_4060,8,
mobilevit_s,128,16,fp32,23.988224029541016,False,NVIDIA_GeForce_RTX_4060,8,
mobilevit_s,128,32,bf16,30.913536071777344,False,NVIDIA_GeForce_RTX_4060,8,
mobilevit_s,128,32,fp16,27.051008224487305,False,NVIDIA_GeForce_RTX_4060,8,
mobilevit_s,128,32,fp32,49.76844787597656,False,NVIDIA_GeForce_RTX_4060,8,
mobilevit_s,128,64,bf16,62.13529586791992,False,NVIDIA_GeForce_RTX_4060,8,
mobilevit_s,128,64,fp16,53.92127990722656,False,NVIDIA_GeForce_RTX_4060,8,
mobilevit_s,128,64,fp32,103.21459197998048,False,NVIDIA_GeForce_RTX_4060,8,
mobilevit_s,224,16,bf16,47.99436950683594,False,NVIDIA_GeForce_RTX_4060,8,
mobilevit_s,224,16,fp16,41.72236633300781,False,NVIDIA_GeForce_RTX_4060,8,
mobilevit_s,224,16,fp32,82.93990325927734,False,NVIDIA_GeForce_RTX_4060,8,
mobilevit_s,224,32,bf16,99.0576629638672,False,NVIDIA_GeForce_RTX_4060,8,
mobilevit_s,224,32,fp16,86.98675537109375,False,NVIDIA_GeForce_RTX_4060,8,
mobilevit_s,224,32,fp32,169.4520263671875,False,NVIDIA_GeForce_RTX_4060,8,
mobilevit_s,224,64,bf16,196.7247314453125,False,NVIDIA_GeForce_RTX_4060,8,
mobilevit_s,224,64,fp16,174.3836212158203,False,NVIDIA_GeForce_RTX_4060,8,
mobilevit_s,224,64,fp32,,True,NVIDIA_GeForce_RTX_4060,8,
mobilevit_xs,64,16,bf16,6.063104152679443,False,NVIDIA_GeForce_RTX_4060,8,
mobilevit_xs,64,16,fp16,5.484543800354004,False,NVIDIA_GeForce_RTX_4060,8,
mobilevit_xs,64,16,fp32,6.356480121612549,False,NVIDIA_GeForce_RTX_4060,8,
mobilevit_xs,64,32,bf16,9.49350357055664,False,NVIDIA_GeForce_RTX_4060,8,
mobilevit_xs,64,32,fp16,8.517120361328125,False,NVIDIA_GeForce_RTX_4060,8,
mobilevit_xs,64,32,fp32,10.706944465637209,False,NVIDIA_GeForce_RTX_4060,8,
mobilevit_xs,64,64,bf16,16.5928955078125,False,NVIDIA_GeForce_RTX_4060,8,
mobilevit_xs,64,64,fp16,14.739968299865724,False,NVIDIA_GeForce_RTX_4060,8,
mobilevit_xs,64,64,fp32,21.59564781188965,False,NVIDIA_GeForce_RTX_4060,8,
mobilevit_xs,128,16,bf16,12.823040008544922,False,NVIDIA_GeForce_RTX_4060,8,
mobilevit_xs,128,16,fp16,11.651583671569824,False,NVIDIA_GeForce_RTX_4060,8,
mobilevit_xs,128,16,fp32,17.528831481933594,False,NVIDIA_GeForce_RTX_4060,8,
mobilevit_xs,128,32,bf16,24.99839973449707,False,NVIDIA_GeForce_RTX_4060,8,
mobilevit_xs,128,32,fp16,21.86444854736328,False,NVIDIA_GeForce_RTX_4060,8,
mobilevit_xs,128,32,fp32,37.57670211791992,False,NVIDIA_GeForce_RTX_4060,8,
mobilevit_xs,128,64,bf16,48.65075302124024,False,NVIDIA_GeForce_RTX_4060,8,
mobilevit_xs,128,64,fp16,41.86982345581055,False,NVIDIA_GeForce_RTX_4060,8,
mobilevit_xs,128,64,fp32,78.36466979980469,False,NVIDIA_GeForce_RTX_4060,8,
mobilevit_xs,224,16,bf16,36.72371292114258,False,NVIDIA_GeForce_RTX_4060,8,
mobilevit_xs,224,16,fp16,31.58476829528809,False,NVIDIA_GeForce_RTX_4060,8,
mobilevit_xs,224,16,fp32,64.13465881347656,False,NVIDIA_GeForce_RTX_4060,8,
mobilevit_xs,224,32,bf16,76.10829162597656,False,NVIDIA_GeForce_RTX_4060,8,
mobilevit_xs,224,32,fp16,65.69728088378906,False,NVIDIA_GeForce_RTX_4060,8,
mobilevit_xs,224,32,fp32,131.8487091064453,False,NVIDIA_GeForce_RTX_4060,8,
mobilevit_xs,224,64,bf16,150.5428466796875,False,NVIDIA_GeForce_RTX_4060,8,
mobilevit_xs,224,64,fp16,132.48255920410156,False,NVIDIA_GeForce_RTX_4060,8,
mobilevit_xs,224,64,fp32,,True,NVIDIA_GeForce_RTX_4060,8,
mobilevit_xxs,64,16,bf16,5.385727882385254,False,NVIDIA_GeForce_RTX_4060,8,
mobilevit_xxs,64,16,fp16,7.996416091918945,False,NVIDIA_GeForce_RTX_4060,8,
mobilevit_xxs,64,16,fp32,4.8112640380859375,False,NVIDIA_GeForce_RTX_4060,8,
mobilevit_xxs,64,32,bf16,6.837247848510742,False,NVIDIA_GeForce_RTX_4060,8,
mobilevit_xxs,64,32,fp16,6.780928134918213,False,NVIDIA_GeForce_RTX_4060,8,
mobilevit_xxs,64,32,fp32,8.937472343444824,False,NVIDIA_GeForce_RTX_4060,8,
mobilevit_xxs,64,64,bf16,10.919424057006836,False,NVIDIA_GeForce_RTX_4060,8,
mobilevit_xxs,64,64,fp16,10.109439849853516,False,NVIDIA_GeForce_RTX_4060,8,
mobilevit_xxs,64,64,fp32,12.66534423828125,False,NVIDIA_GeForce_RTX_4060,8,
mobilevit_xxs,128,16,bf16,7.458303928375244,False,NVIDIA_GeForce_RTX_4060,8,
mobilevit_xxs,128,16,fp16,6.500864028930664,False,NVIDIA_GeForce_RTX_4060,8,
mobilevit_xxs,128,16,fp32,8.167424201965332,False,NVIDIA_GeForce_RTX_4060,8,
mobilevit_xxs,128,32,bf16,12.517888069152832,False,NVIDIA_GeForce_RTX_4060,8,
mobilevit_xxs,128,32,fp16,10.9552640914917,False,NVIDIA_GeForce_RTX_4060,8,
mobilevit_xxs,128,32,fp32,15.730175971984863,False,NVIDIA_GeForce_RTX_4060,8,
mobilevit_xxs,128,64,bf16,22.903295516967773,False,NVIDIA_GeForce_RTX_4060,8,
mobilevit_xxs,128,64,fp16,20.53887939453125,False,NVIDIA_GeForce_RTX_4060,8,
mobilevit_xxs,128,64,fp32,33.42745590209961,False,NVIDIA_GeForce_RTX_4060,8,
mobilevit_xxs,224,16,bf16,16.555519104003906,False,NVIDIA_GeForce_RTX_4060,8,
mobilevit_xxs,224,16,fp16,14.57151985168457,False,NVIDIA_GeForce_RTX_4060,8,
mobilevit_xxs,224,16,fp32,28.62335968017578,False,NVIDIA_GeForce_RTX_4060,8,
mobilevit_xxs,224,32,bf16,34.572288513183594,False,NVIDIA_GeForce_RTX_4060,8,
mobilevit_xxs,224,32,fp16,29.778432846069336,False,NVIDIA_GeForce_RTX_4060,8,
mobilevit_xxs,224,32,fp32,60.39142227172852,False,NVIDIA_GeForce_RTX_4060,8,
mobilevit_xxs,224,64,bf16,68.79743957519531,False,NVIDIA_GeForce_RTX_4060,8,
mobilevit_xxs,224,64,fp16,60.401153564453125,False,NVIDIA_GeForce_RTX_4060,8,
mobilevit_xxs,224,64,fp32,125.81938934326172,False,NVIDIA_GeForce_RTX_4060,8,
mobilevitv2_100,64,16,bf16,7.03436803817749,False,NVIDIA_GeForce_RTX_4060,8,
mobilevitv2_100,64,16,fp16,6.395904064178467,False,NVIDIA_GeForce_RTX_4060,8,
mobilevitv2_100,64,16,fp32,7.328767776489258,False,NVIDIA_GeForce_RTX_4060,8,
mobilevitv2_100,64,32,bf16,10.131967544555664,False,NVIDIA_GeForce_RTX_4060,8,
mobilevitv2_100,64,32,fp16,8.937984466552734,False,NVIDIA_GeForce_RTX_4060,8,
mobilevitv2_100,64,32,fp32,12.23680019378662,False,NVIDIA_GeForce_RTX_4060,8,
mobilevitv2_100,64,64,bf16,17.08585548400879,False,NVIDIA_GeForce_RTX_4060,8,
mobilevitv2_100,64,64,fp16,14.468095779418944,False,NVIDIA_GeForce_RTX_4060,8,
mobilevitv2_100,64,64,fp32,24.272384643554688,False,NVIDIA_GeForce_RTX_4060,8,
mobilevitv2_100,128,16,bf16,14.349823951721191,False,NVIDIA_GeForce_RTX_4060,8,
mobilevitv2_100,128,16,fp16,12.06272029876709,False,NVIDIA_GeForce_RTX_4060,8,
mobilevitv2_100,128,16,fp32,19.5020809173584,False,NVIDIA_GeForce_RTX_4060,8,
mobilevitv2_100,128,32,bf16,28.328447341918945,False,NVIDIA_GeForce_RTX_4060,8,
mobilevitv2_100,128,32,fp16,23.964672088623047,False,NVIDIA_GeForce_RTX_4060,8,
mobilevitv2_100,128,32,fp32,40.73574447631836,False,NVIDIA_GeForce_RTX_4060,8,
mobilevitv2_100,128,64,bf16,57.29331207275391,False,NVIDIA_GeForce_RTX_4060,8,
mobilevitv2_100,128,64,fp16,48.44595336914063,False,NVIDIA_GeForce_RTX_4060,8,
mobilevitv2_100,128,64,fp32,85.44461059570312,False,NVIDIA_GeForce_RTX_4060,8,
mobilevitv2_100,224,16,bf16,43.463680267333984,False,NVIDIA_GeForce_RTX_4060,8,
mobilevitv2_100,224,16,fp16,37.09132766723633,False,NVIDIA_GeForce_RTX_4060,8,
mobilevitv2_100,224,16,fp32,63.82233428955078,False,NVIDIA_GeForce_RTX_4060,8,
mobilevitv2_100,224,32,bf16,89.78943634033203,False,NVIDIA_GeForce_RTX_4060,8,
mobilevitv2_100,224,32,fp16,78.3262710571289,False,NVIDIA_GeForce_RTX_4060,8,
mobilevitv2_100,224,32,fp32,133.22035217285156,False,NVIDIA_GeForce_RTX_4060,8,
mobilevitv2_100,224,64,bf16,181.18963623046875,False,NVIDIA_GeForce_RTX_4060,8,
mobilevitv2_100,224,64,fp16,159.6451873779297,False,NVIDIA_GeForce_RTX_4060,8,
mobilevitv2_100,224,64,fp32,,True,NVIDIA_GeForce_RTX_4060,8,
nfnet_l0,64,16,bf16,21.66476821899414,False,NVIDIA_GeForce_RTX_4060,8,
nfnet_l0,64,16,fp16,21.46713638305664,False,NVIDIA_GeForce_RTX_4060,8,
nfnet_l0,64,16,fp32,22.785024642944336,False,NVIDIA_GeForce_RTX_4060,8,
nfnet_l0,64,32,bf16,31.10348892211914,False,NVIDIA_GeForce_RTX_4060,8,
nfnet_l0,64,32,fp16,30.841344833374023,False,NVIDIA_GeForce_RTX_4060,8,
nfnet_l0,64,32,fp32,33.3015022277832,False,NVIDIA_GeForce_RTX_4060,8,
nfnet_l0,64,64,bf16,27.236352920532227,False,NVIDIA_GeForce_RTX_4060,8,
nfnet_l0,64,64,fp16,26.718719482421875,False,NVIDIA_GeForce_RTX_4060,8,
nfnet_l0,64,64,fp32,52.50048065185547,False,NVIDIA_GeForce_RTX_4060,8,
nfnet_l0,128,16,bf16,29.77791976928711,False,NVIDIA_GeForce_RTX_4060,8,
nfnet_l0,128,16,fp16,29.08415985107422,False,NVIDIA_GeForce_RTX_4060,8,
nfnet_l0,128,16,fp32,41.89593505859375,False,NVIDIA_GeForce_RTX_4060,8,
nfnet_l0,128,32,bf16,51.07097625732422,False,NVIDIA_GeForce_RTX_4060,8,
nfnet_l0,128,32,fp16,49.98400115966797,False,NVIDIA_GeForce_RTX_4060,8,
nfnet_l0,128,32,fp32,78.13683319091797,False,NVIDIA_GeForce_RTX_4060,8,
nfnet_l0,128,64,bf16,74.24205017089844,False,NVIDIA_GeForce_RTX_4060,8,
nfnet_l0,128,64,fp16,71.55814361572266,False,NVIDIA_GeForce_RTX_4060,8,
nfnet_l0,128,64,fp32,161.87860107421875,False,NVIDIA_GeForce_RTX_4060,8,
nfnet_l0,224,16,bf16,61.12409591674805,False,NVIDIA_GeForce_RTX_4060,8,
nfnet_l0,224,16,fp16,59.352577209472656,False,NVIDIA_GeForce_RTX_4060,8,
nfnet_l0,224,16,fp32,119.95442962646484,False,NVIDIA_GeForce_RTX_4060,8,
nfnet_l0,224,32,bf16,124.77337646484376,False,NVIDIA_GeForce_RTX_4060,8,
nfnet_l0,224,32,fp16,121.8155517578125,False,NVIDIA_GeForce_RTX_4060,8,
nfnet_l0,224,32,fp32,210.48678588867188,False,NVIDIA_GeForce_RTX_4060,8,
nfnet_l0,224,64,bf16,222.60633850097656,False,NVIDIA_GeForce_RTX_4060,8,
nfnet_l0,224,64,fp16,218.53952026367188,False,NVIDIA_GeForce_RTX_4060,8,
nfnet_l0,224,64,fp32,,True,NVIDIA_GeForce_RTX_4060,8,
pvt_v2_b0,64,16,bf16,3.919872045516968,False,NVIDIA_GeForce_RTX_4060,8,
pvt_v2_b0,64,16,fp16,3.92140793800354,False,NVIDIA_GeForce_RTX_4060,8,
pvt_v2_b0,64,16,fp32,5.278719902038574,False,NVIDIA_GeForce_RTX_4060,8,
pvt_v2_b0,64,32,bf16,5.441023826599121,False,NVIDIA_GeForce_RTX_4060,8,
pvt_v2_b0,64,32,fp16,5.40723180770874,False,NVIDIA_GeForce_RTX_4060,8,
pvt_v2_b0,64,32,fp32,7.705088138580322,False,NVIDIA_GeForce_RTX_4060,8,
pvt_v2_b0,64,64,bf16,8.286720275878906,False,NVIDIA_GeForce_RTX_4060,8,
pvt_v2_b0,64,64,fp16,8.277503967285156,False,NVIDIA_GeForce_RTX_4060,8,
pvt_v2_b0,64,64,fp32,12.520959854125977,False,NVIDIA_GeForce_RTX_4060,8,
pvt_v2_b0,128,16,bf16,7.970816135406494,False,NVIDIA_GeForce_RTX_4060,8,
pvt_v2_b0,128,16,fp16,7.628799915313721,False,NVIDIA_GeForce_RTX_4060,8,
pvt_v2_b0,128,16,fp32,11.43449592590332,False,NVIDIA_GeForce_RTX_4060,8,
pvt_v2_b0,128,32,bf16,12.999679565429688,False,NVIDIA_GeForce_RTX_4060,8,
pvt_v2_b0,128,32,fp16,12.353535652160645,False,NVIDIA_GeForce_RTX_4060,8,
pvt_v2_b0,128,32,fp32,20.886016845703125,False,NVIDIA_GeForce_RTX_4060,8,
pvt_v2_b0,128,64,bf16,25.4069766998291,False,NVIDIA_GeForce_RTX_4060,8,
pvt_v2_b0,128,64,fp16,23.842304229736328,False,NVIDIA_GeForce_RTX_4060,8,
pvt_v2_b0,128,64,fp32,40.27084732055664,False,NVIDIA_GeForce_RTX_4060,8,
pvt_v2_b0,224,16,bf16,19.522048950195312,False,NVIDIA_GeForce_RTX_4060,8,
pvt_v2_b0,224,16,fp16,18.279935836791992,False,NVIDIA_GeForce_RTX_4060,8,
pvt_v2_b0,224,16,fp32,31.68358421325684,False,NVIDIA_GeForce_RTX_4060,8,
pvt_v2_b0,224,32,bf16,38.1030387878418,False,NVIDIA_GeForce_RTX_4060,8,
pvt_v2_b0,224,32,fp16,35.84870529174805,False,NVIDIA_GeForce_RTX_4060,8,
pvt_v2_b0,224,32,fp32,61.05036926269531,False,NVIDIA_GeForce_RTX_4060,8,
pvt_v2_b0,224,64,bf16,80.35276794433594,False,NVIDIA_GeForce_RTX_4060,8,
pvt_v2_b0,224,64,fp16,74.4432601928711,False,NVIDIA_GeForce_RTX_4060,8,
pvt_v2_b0,224,64,fp32,122.43762969970705,False,NVIDIA_GeForce_RTX_4060,8,
pvt_v2_b2,64,16,bf16,12.407296180725098,False,NVIDIA_GeForce_RTX_4060,8,
pvt_v2_b2,64,16,fp16,12.719615936279297,False,NVIDIA_GeForce_RTX_4060,8,
pvt_v2_b2,64,16,fp32,17.657855987548828,False,NVIDIA_GeForce_RTX_4060,8,
pvt_v2_b2,64,32,bf16,16.488447189331055,False,NVIDIA_GeForce_RTX_4060,8,
pvt_v2_b2,64,32,fp16,16.785919189453125,False,NVIDIA_GeForce_RTX_4060,8,
pvt_v2_b2,64,32,fp32,26.25331115722656,False,NVIDIA_GeForce_RTX_4060,8,
pvt_v2_b2,64,64,bf16,25.889280319213867,False,NVIDIA_GeForce_RTX_4060,8,
pvt_v2_b2,64,64,fp16,25.918975830078125,False,NVIDIA_GeForce_RTX_4060,8,
pvt_v2_b2,64,64,fp32,43.920894622802734,False,NVIDIA_GeForce_RTX_4060,8,
pvt_v2_b2,128,16,bf16,23.795711517333984,False,NVIDIA_GeForce_RTX_4060,8,
pvt_v2_b2,128,16,fp16,23.839231491088867,False,NVIDIA_GeForce_RTX_4060,8,
pvt_v2_b2,128,16,fp32,41.58464050292969,False,NVIDIA_GeForce_RTX_4060,8,
pvt_v2_b2,128,32,bf16,41.72083282470703,False,NVIDIA_GeForce_RTX_4060,8,
pvt_v2_b2,128,32,fp16,41.76179122924805,False,NVIDIA_GeForce_RTX_4060,8,
pvt_v2_b2,128,32,fp32,76.55270385742188,False,NVIDIA_GeForce_RTX_4060,8,
pvt_v2_b2,128,64,bf16,80.75929260253906,False,NVIDIA_GeForce_RTX_4060,8,
pvt_v2_b2,128,64,fp16,80.66815948486328,False,NVIDIA_GeForce_RTX_4060,8,
pvt_v2_b2,128,64,fp32,147.14419555664062,False,NVIDIA_GeForce_RTX_4060,8,
pvt_v2_b2,224,16,bf16,62.329345703125,False,NVIDIA_GeForce_RTX_4060,8,
pvt_v2_b2,224,16,fp16,61.99193572998047,False,NVIDIA_GeForce_RTX_4060,8,
pvt_v2_b2,224,16,fp32,115.81747436523438,False,NVIDIA_GeForce_RTX_4060,8,
pvt_v2_b2,224,32,bf16,123.03564453125,False,NVIDIA_GeForce_RTX_4060,8,
pvt_v2_b2,224,32,fp16,122.23436737060548,False,NVIDIA_GeForce_RTX_4060,8,
pvt_v2_b2,224,32,fp32,226.3746490478516,False,NVIDIA_GeForce_RTX_4060,8,
pvt_v2_b2,224,64,bf16,315.96441650390625,False,NVIDIA_GeForce_RTX_4060,8,
pvt_v2_b2,224,64,fp16,1362.1790771484375,False,NVIDIA_GeForce_RTX_4060,8,slow_outlier
pvt_v2_b2,224,64,fp32,,True,NVIDIA_GeForce_RTX_4060,8,
pvt_v2_b5,64,16,bf16,36.15744018554688,False,NVIDIA_GeForce_RTX_4060,8,
pvt_v2_b5,64,16,fp16,37.56646347045898,False,NVIDIA_GeForce_RTX_4060,8,
pvt_v2_b5,64,16,fp32,51.3177604675293,False,NVIDIA_GeForce_RTX_4060,8,
pvt_v2_b5,64,32,bf16,45.77280044555664,False,NVIDIA_GeForce_RTX_4060,8,
pvt_v2_b5,64,32,fp16,47.26681518554688,False,NVIDIA_GeForce_RTX_4060,8,
pvt_v2_b5,64,32,fp32,70.41228485107422,False,NVIDIA_GeForce_RTX_4060,8,
pvt_v2_b5,64,64,bf16,67.96800231933594,False,NVIDIA_GeForce_RTX_4060,8,
pvt_v2_b5,64,64,fp16,69.15020751953125,False,NVIDIA_GeForce_RTX_4060,8,
pvt_v2_b5,64,64,fp32,108.71347045898438,False,NVIDIA_GeForce_RTX_4060,8,
pvt_v2_b5,128,16,bf16,59.75244903564453,False,NVIDIA_GeForce_RTX_4060,8,
pvt_v2_b5,128,16,fp16,61.32428741455078,False,NVIDIA_GeForce_RTX_4060,8,
pvt_v2_b5,128,16,fp32,100.80563354492188,False,NVIDIA_GeForce_RTX_4060,8,
pvt_v2_b5,128,32,bf16,93.17938995361328,False,NVIDIA_GeForce_RTX_4060,8,
pvt_v2_b5,128,32,fp16,94.04108428955078,False,NVIDIA_GeForce_RTX_4060,8,
pvt_v2_b5,128,32,fp32,176.6630401611328,False,NVIDIA_GeForce_RTX_4060,8,
pvt_v2_b5,128,64,bf16,166.87257385253906,False,NVIDIA_GeForce_RTX_4060,8,
pvt_v2_b5,128,64,fp16,167.44447326660156,False,NVIDIA_GeForce_RTX_4060,8,
pvt_v2_b5,128,64,fp32,,True,NVIDIA_GeForce_RTX_4060,8,
pvt_v2_b5,224,16,bf16,133.14662170410156,False,NVIDIA_GeForce_RTX_4060,8,
pvt_v2_b5,224,16,fp16,132.4154815673828,False,NVIDIA_GeForce_RTX_4060,8,
pvt_v2_b5,224,16,fp32,553.1062622070312,False,NVIDIA_GeForce_RTX_4060,8,
pvt_v2_b5,224,32,bf16,,True,NVIDIA_GeForce_RTX_4060,8,
pvt_v2_b5,224,32,fp16,,True,NVIDIA_GeForce_RTX_4060,8,
pvt_v2_b5,224,32,fp32,,True,NVIDIA_GeForce_RTX_4060,8,
pvt_v2_b5,224,64,bf16,,True,NVIDIA_GeForce_RTX_4060,8,
pvt_v2_b5,224,64,fp16,,True,NVIDIA_GeForce_RTX_4060,8,
pvt_v2_b5,224,64,fp32,,True,NVIDIA_GeForce_RTX_4060,8,
regnety_032,64,16,bf16,14.86131191253662,False,NVIDIA_GeForce_RTX_4060,8,
regnety_032,64,16,fp16,14.604288101196287,False,NVIDIA_GeForce_RTX_4060,8,
regnety_032,64,16,fp32,22.863359451293945,False,NVIDIA_GeForce_RTX_4060,8,
regnety_032,64,32,bf16,20.33510398864746,False,NVIDIA_GeForce_RTX_4060,8,
regnety_032,64,32,fp16,19.11808013916016,False,NVIDIA_GeForce_RTX_4060,8,
regnety_032,64,32,fp32,29.164447784423828,False,NVIDIA_GeForce_RTX_4060,8,
regnety_032,64,64,bf16,27.40787124633789,False,NVIDIA_GeForce_RTX_4060,8,
regnety_032,64,64,fp16,23.68819236755371,False,NVIDIA_GeForce_RTX_4060,8,
regnety_032,64,64,fp32,49.85395050048828,False,NVIDIA_GeForce_RTX_4060,8,
regnety_032,128,16,bf16,24.581632614135746,False,NVIDIA_GeForce_RTX_4060,8,
regnety_032,128,16,fp16,22.58278465270996,False,NVIDIA_GeForce_RTX_4060,8,
regnety_032,128,16,fp32,38.19673538208008,False,NVIDIA_GeForce_RTX_4060,8,
regnety_032,128,32,bf16,40.92108917236328,False,NVIDIA_GeForce_RTX_4060,8,
regnety_032,128,32,fp16,35.97465515136719,False,NVIDIA_GeForce_RTX_4060,8,
regnety_032,128,32,fp32,68.49068450927734,False,NVIDIA_GeForce_RTX_4060,8,
regnety_032,128,64,bf16,76.45030212402344,False,NVIDIA_GeForce_RTX_4060,8,
regnety_032,128,64,fp16,64.68608093261719,False,NVIDIA_GeForce_RTX_4060,8,
regnety_032,128,64,fp32,139.78623962402344,False,NVIDIA_GeForce_RTX_4060,8,
regnety_032,224,16,bf16,57.815040588378906,False,NVIDIA_GeForce_RTX_4060,8,
regnety_032,224,16,fp16,51.447296142578125,False,NVIDIA_GeForce_RTX_4060,8,
regnety_032,224,16,fp32,108.09651184082033,False,NVIDIA_GeForce_RTX_4060,8,
regnety_032,224,32,bf16,114.25740814208984,False,NVIDIA_GeForce_RTX_4060,8,
regnety_032,224,32,fp16,101.14559936523438,False,NVIDIA_GeForce_RTX_4060,8,
regnety_032,224,32,fp32,211.2798767089844,False,NVIDIA_GeForce_RTX_4060,8,
regnety_032,224,64,bf16,244.89984130859372,False,NVIDIA_GeForce_RTX_4060,8,
regnety_032,224,64,fp16,219.2834625244141,False,NVIDIA_GeForce_RTX_4060,8,
regnety_032,224,64,fp32,,True,NVIDIA_GeForce_RTX_4060,8,
regnety_080,64,16,bf16,30.83622360229492,False,NVIDIA_GeForce_RTX_4060,8,
regnety_080,64,16,fp16,30.129552841186523,False,NVIDIA_GeForce_RTX_4060,8,
regnety_080,64,16,fp32,33.047550201416016,False,NVIDIA_GeForce_RTX_4060,8,
regnety_080,64,32,bf16,45.03287887573242,False,NVIDIA_GeForce_RTX_4060,8,
regnety_080,64,32,fp16,43.17337417602539,False,NVIDIA_GeForce_RTX_4060,8,
regnety_080,64,32,fp32,50.92505645751953,False,NVIDIA_GeForce_RTX_4060,8,
regnety_080,64,64,bf16,71.9974365234375,False,NVIDIA_GeForce_RTX_4060,8,
regnety_080,64,64,fp16,67.41248321533203,False,NVIDIA_GeForce_RTX_4060,8,
regnety_080,64,64,fp32,91.20307159423828,False,NVIDIA_GeForce_RTX_4060,8,
regnety_080,128,16,bf16,43.82259368896485,False,NVIDIA_GeForce_RTX_4060,8,
regnety_080,128,16,fp16,42.10790252685547,False,NVIDIA_GeForce_RTX_4060,8,
regnety_080,128,16,fp32,75.1568832397461,False,NVIDIA_GeForce_RTX_4060,8,
regnety_080,128,32,bf16,75.64486694335938,False,NVIDIA_GeForce_RTX_4060,8,
regnety_080,128,32,fp16,72.06092834472656,False,NVIDIA_GeForce_RTX_4060,8,
regnety_080,128,32,fp32,128.5635986328125,False,NVIDIA_GeForce_RTX_4060,8,
regnety_080,128,64,bf16,119.93902587890624,False,NVIDIA_GeForce_RTX_4060,8,
regnety_080,128,64,fp16,113.32505798339844,False,NVIDIA_GeForce_RTX_4060,8,
regnety_080,128,64,fp32,260.5189208984375,False,NVIDIA_GeForce_RTX_4060,8,
regnety_080,224,16,bf16,93.01798248291016,False,NVIDIA_GeForce_RTX_4060,8,
regnety_080,224,16,fp16,86.17967987060547,False,NVIDIA_GeForce_RTX_4060,8,
regnety_080,224,16,fp32,198.5013732910156,False,NVIDIA_GeForce_RTX_4060,8,
regnety_080,224,32,bf16,190.0585021972656,False,NVIDIA_GeForce_RTX_4060,8,
regnety_080,224,32,fp16,176.31333923339844,False,NVIDIA_GeForce_RTX_4060,8,
regnety_080,224,32,fp32,,True,NVIDIA_GeForce_RTX_4060,8,
regnety_080,224,64,bf16,,True,NVIDIA_GeForce_RTX_4060,8,
regnety_080,224,64,fp16,,True,NVIDIA_GeForce_RTX_4060,8,
regnety_080,224,64,fp32,,True,NVIDIA_GeForce_RTX_4060,8,
regnety_160,64,16,bf16,40.96102523803711,False,NVIDIA_GeForce_RTX_4060,8,
regnety_160,64,16,fp16,38.54694366455078,False,NVIDIA_GeForce_RTX_4060,8,
regnety_160,64,16,fp32,66.28761291503906,False,NVIDIA_GeForce_RTX_4060,8,
regnety_160,64,32,bf16,53.156864166259766,False,NVIDIA_GeForce_RTX_4060,8,
regnety_160,64,32,fp16,47.545745849609375,False,NVIDIA_GeForce_RTX_4060,8,
regnety_160,64,32,fp32,102.68109130859376,False,NVIDIA_GeForce_RTX_4060,8,
regnety_160,64,64,bf16,81.42642974853516,False,NVIDIA_GeForce_RTX_4060,8,
regnety_160,64,64,fp16,75.5599365234375,False,NVIDIA_GeForce_RTX_4060,8,
regnety_160,64,64,fp32,172.64076232910156,False,NVIDIA_GeForce_RTX_4060,8,
regnety_160,128,16,bf16,73.72697448730469,False,NVIDIA_GeForce_RTX_4060,8,
regnety_160,128,16,fp16,70.9227523803711,False,NVIDIA_GeForce_RTX_4060,8,
regnety_160,128,16,fp32,115.3694076538086,False,NVIDIA_GeForce_RTX_4060,8,
regnety_160,128,32,bf16,112.59852600097656,False,NVIDIA_GeForce_RTX_4060,8,
regnety_160,128,32,fp16,107.75961303710938,False,NVIDIA_GeForce_RTX_4060,8,
regnety_160,128,32,fp32,204.25112915039065,False,NVIDIA_GeForce_RTX_4060,8,
regnety_160,128,64,bf16,204.4866485595703,False,NVIDIA_GeForce_RTX_4060,8,
regnety_160,128,64,fp16,196.5168609619141,False,NVIDIA_GeForce_RTX_4060,8,
regnety_160,128,64,fp32,,True,NVIDIA_GeForce_RTX_4060,8,
regnety_160,224,16,bf16,160.54476928710938,False,NVIDIA_GeForce_RTX_4060,8,
regnety_160,224,16,fp16,154.15090942382812,False,NVIDIA_GeForce_RTX_4060,8,
regnety_160,224,16,fp32,319.2564697265625,False,NVIDIA_GeForce_RTX_4060,8,
regnety_160,224,32,bf16,,True,NVIDIA_GeForce_RTX_4060,8,
regnety_160,224,32,fp16,,True,NVIDIA_GeForce_RTX_4060,8,
regnety_160,224,32,fp32,,True,NVIDIA_GeForce_RTX_4060,8,
regnety_160,224,64,bf16,,True,NVIDIA_GeForce_RTX_4060,8,
regnety_160,224,64,fp16,,True,NVIDIA_GeForce_RTX_4060,8,
regnety_160,224,64,fp32,,True,NVIDIA_GeForce_RTX_4060,8,
regnety_320,64,16,bf16,64.58726501464844,False,NVIDIA_GeForce_RTX_4060,8,
regnety_320,64,16,fp16,61.60009765625,False,NVIDIA_GeForce_RTX_4060,8,
regnety_320,64,16,fp32,100.01663970947266,False,NVIDIA_GeForce_RTX_4060,8,
regnety_320,64,32,bf16,81.33273315429688,False,NVIDIA_GeForce_RTX_4060,8,
regnety_320,64,32,fp16,76.07230377197266,False,NVIDIA_GeForce_RTX_4060,8,
regnety_320,64,32,fp32,131.30496215820312,False,NVIDIA_GeForce_RTX_4060,8,
regnety_320,64,64,bf16,111.60269165039062,False,NVIDIA_GeForce_RTX_4060,8,
regnety_320,64,64,fp16,106.11865234375,False,NVIDIA_GeForce_RTX_4060,8,
regnety_320,64,64,fp32,220.1763916015625,False,NVIDIA_GeForce_RTX_4060,8,
regnety_320,128,16,bf16,105.78431701660156,False,NVIDIA_GeForce_RTX_4060,8,
regnety_320,128,16,fp16,102.55513763427734,False,NVIDIA_GeForce_RTX_4060,8,
regnety_320,128,16,fp32,164.4759063720703,False,NVIDIA_GeForce_RTX_4060,8,
regnety_320,128,32,bf16,167.986572265625,False,NVIDIA_GeForce_RTX_4060,8,
regnety_320,128,32,fp16,162.6183624267578,False,NVIDIA_GeForce_RTX_4060,8,
regnety_320,128,32,fp32,302.5028991699219,False,NVIDIA_GeForce_RTX_4060,8,
regnety_320,128,64,bf16,313.7541198730469,False,NVIDIA_GeForce_RTX_4060,8,
regnety_320,128,64,fp16,302.824951171875,False,NVIDIA_GeForce_RTX_4060,8,
regnety_320,128,64,fp32,,True,NVIDIA_GeForce_RTX_4060,8,
regnety_320,224,16,bf16,252.2286071777344,False,NVIDIA_GeForce_RTX_4060,8,
regnety_320,224,16,fp16,244.32179260253903,False,NVIDIA_GeForce_RTX_4060,8,
regnety_320,224,16,fp32,,True,NVIDIA_GeForce_RTX_4060,8,
regnety_320,224,32,bf16,,True,NVIDIA_GeForce_RTX_4060,8,
regnety_320,224,32,fp16,,True,NVIDIA_GeForce_RTX_4060,8,
regnety_320,224,32,fp32,,True,NVIDIA_GeForce_RTX_4060,8,
regnety_320,224,64,bf16,,True,NVIDIA_GeForce_RTX_4060,8,
regnety_320,224,64,fp16,,True,NVIDIA_GeForce_RTX_4060,8,
regnety_320,224,64,fp32,,True,NVIDIA_GeForce_RTX_4060,8,
repvgg_a2,64,16,bf16,13.743616104125977,False,NVIDIA_GeForce_RTX_4060,8,
repvgg_a2,64,16,fp16,13.462528228759766,False,NVIDIA_GeForce_RTX_4060,8,
repvgg_a2,64,16,fp32,19.247615814208984,False,NVIDIA_GeForce_RTX_4060,8,
repvgg_a2,64,32,bf16,16.50022315979004,False,NVIDIA_GeForce_RTX_4060,8,
repvgg_a2,64,32,fp16,15.734272003173828,False,NVIDIA_GeForce_RTX_4060,8,
repvgg_a2,64,32,fp32,21.528064727783203,False,NVIDIA_GeForce_RTX_4060,8,
repvgg_a2,64,64,bf16,22.00934410095215,False,NVIDIA_GeForce_RTX_4060,8,
repvgg_a2,64,64,fp16,20.33407974243164,False,NVIDIA_GeForce_RTX_4060,8,
repvgg_a2,64,64,fp32,30.62067222595215,False,NVIDIA_GeForce_RTX_4060,8,
repvgg_a2,128,16,bf16,21.024768829345703,False,NVIDIA_GeForce_RTX_4060,8,
repvgg_a2,128,16,fp16,20.284927368164062,False,NVIDIA_GeForce_RTX_4060,8,
repvgg_a2,128,16,fp32,30.811647415161133,False,NVIDIA_GeForce_RTX_4060,8,
repvgg_a2,128,32,bf16,31.79264068603516,False,NVIDIA_GeForce_RTX_4060,8,
repvgg_a2,128,32,fp16,30.014463424682617,False,NVIDIA_GeForce_RTX_4060,8,
repvgg_a2,128,32,fp32,50.68236923217773,False,NVIDIA_GeForce_RTX_4060,8,
repvgg_a2,128,64,bf16,59.55174255371094,False,NVIDIA_GeForce_RTX_4060,8,
repvgg_a2,128,64,fp16,56.23551940917969,False,NVIDIA_GeForce_RTX_4060,8,
repvgg_a2,128,64,fp32,102.2935028076172,False,NVIDIA_GeForce_RTX_4060,8,
repvgg_a2,224,16,bf16,45.718017578125,False,NVIDIA_GeForce_RTX_4060,8,
repvgg_a2,224,16,fp16,43.042816162109375,False,NVIDIA_GeForce_RTX_4060,8,
repvgg_a2,224,16,fp32,81.53241729736328,False,NVIDIA_GeForce_RTX_4060,8,
repvgg_a2,224,32,bf16,89.21395111083984,False,NVIDIA_GeForce_RTX_4060,8,
repvgg_a2,224,32,fp16,84.17842864990234,False,NVIDIA_GeForce_RTX_4060,8,
repvgg_a2,224,32,fp32,157.2874298095703,False,NVIDIA_GeForce_RTX_4060,8,
repvgg_a2,224,64,bf16,171.77548217773438,False,NVIDIA_GeForce_RTX_4060,8,
repvgg_a2,224,64,fp16,163.05970764160156,False,NVIDIA_GeForce_RTX_4060,8,
repvgg_a2,224,64,fp32,318.46142578125,False,NVIDIA_GeForce_RTX_4060,8,
resmlp_24_224,64,16,bf16,12.894720077514648,False,NVIDIA_GeForce_RTX_4060,8,
resmlp_24_224,64,16,fp16,12.85427188873291,False,NVIDIA_GeForce_RTX_4060,8,
resmlp_24_224,64,16,fp32,15.949824333190918,False,NVIDIA_GeForce_RTX_4060,8,
resmlp_24_224,64,32,bf16,14.642175674438477,False,NVIDIA_GeForce_RTX_4060,8,
resmlp_24_224,64,32,fp16,14.536191940307615,False,NVIDIA_GeForce_RTX_4060,8,
resmlp_24_224,64,32,fp32,23.14444732666016,False,NVIDIA_GeForce_RTX_4060,8,
resmlp_24_224,64,64,bf16,20.87936019897461,False,NVIDIA_GeForce_RTX_4060,8,
resmlp_24_224,64,64,fp16,20.782079696655277,False,NVIDIA_GeForce_RTX_4060,8,
resmlp_24_224,64,64,fp32,35.83078384399414,False,NVIDIA_GeForce_RTX_4060,8,
resmlp_24_224,128,16,bf16,21.55366325378418,False,NVIDIA_GeForce_RTX_4060,8,
resmlp_24_224,128,16,fp16,21.420032501220703,False,NVIDIA_GeForce_RTX_4060,8,
resmlp_24_224,128,16,fp32,36.33407974243164,False,NVIDIA_GeForce_RTX_4060,8,
resmlp_24_224,128,32,bf16,33.592830657958984,False,NVIDIA_GeForce_RTX_4060,8,
resmlp_24_224,128,32,fp16,33.422847747802734,False,NVIDIA_GeForce_RTX_4060,8,
resmlp_24_224,128,32,fp32,63.9185905456543,False,NVIDIA_GeForce_RTX_4060,8,
resmlp_24_224,128,64,bf16,59.796478271484375,False,NVIDIA_GeForce_RTX_4060,8,
resmlp_24_224,128,64,fp16,59.36435317993164,False,NVIDIA_GeForce_RTX_4060,8,
resmlp_24_224,128,64,fp32,127.82848358154295,False,NVIDIA_GeForce_RTX_4060,8,
resmlp_24_224,224,16,bf16,50.31526565551758,False,NVIDIA_GeForce_RTX_4060,8,
resmlp_24_224,224,16,fp16,50.15859222412109,False,NVIDIA_GeForce_RTX_4060,8,
resmlp_24_224,224,16,fp32,103.78598022460938,False,NVIDIA_GeForce_RTX_4060,8,
resmlp_24_224,224,32,bf16,101.41747283935548,False,NVIDIA_GeForce_RTX_4060,8,
resmlp_24_224,224,32,fp16,100.95104217529295,False,NVIDIA_GeForce_RTX_4060,8,
resmlp_24_224,224,32,fp32,209.8718719482422,False,NVIDIA_GeForce_RTX_4060,8,
resmlp_24_224,224,64,bf16,227.1446990966797,False,NVIDIA_GeForce_RTX_4060,8,
resmlp_24_224,224,64,fp16,226.0121612548828,False,NVIDIA_GeForce_RTX_4060,8,
resmlp_24_224,224,64,fp32,,True,NVIDIA_GeForce_RTX_4060,8,
resnet101,64,16,bf16,21.517311096191406,False,NVIDIA_GeForce_RTX_4060,8,
resnet101,64,16,fp16,20.87731170654297,False,NVIDIA_GeForce_RTX_4060,8,
resnet101,64,16,fp32,32.33843231201172,False,NVIDIA_GeForce_RTX_4060,8,
resnet101,64,32,bf16,26.71615982055664,False,NVIDIA_GeForce_RTX_4060,8,
resnet101,64,32,fp16,24.77414321899414,False,NVIDIA_GeForce_RTX_4060,8,
resnet101,64,32,fp32,42.034175872802734,False,NVIDIA_GeForce_RTX_4060,8,
resnet101,64,64,bf16,39.09478378295898,False,NVIDIA_GeForce_RTX_4060,8,
resnet101,64,64,fp16,34.42278289794922,False,NVIDIA_GeForce_RTX_4060,8,
resnet101,64,64,fp32,59.681278228759766,False,NVIDIA_GeForce_RTX_4060,8,
resnet101,128,16,bf16,36.16614532470703,False,NVIDIA_GeForce_RTX_4060,8,
resnet101,128,16,fp16,34.42380905151367,False,NVIDIA_GeForce_RTX_4060,8,
resnet101,128,16,fp32,47.39328002929688,False,NVIDIA_GeForce_RTX_4060,8,
resnet101,128,32,bf16,57.96966552734375,False,NVIDIA_GeForce_RTX_4060,8,
resnet101,128,32,fp16,53.08313751220703,False,NVIDIA_GeForce_RTX_4060,8,
resnet101,128,32,fp32,87.80595397949219,False,NVIDIA_GeForce_RTX_4060,8,
resnet101,128,64,bf16,109.08979034423828,False,NVIDIA_GeForce_RTX_4060,8,
resnet101,128,64,fp16,99.04434967041016,False,NVIDIA_GeForce_RTX_4060,8,
resnet101,128,64,fp32,174.5674285888672,False,NVIDIA_GeForce_RTX_4060,8,
resnet101,224,16,bf16,77.82809448242188,False,NVIDIA_GeForce_RTX_4060,8,
resnet101,224,16,fp16,71.36870574951172,False,NVIDIA_GeForce_RTX_4060,8,
resnet101,224,16,fp32,132.92031860351562,False,NVIDIA_GeForce_RTX_4060,8,
resnet101,224,32,bf16,148.68121337890625,False,NVIDIA_GeForce_RTX_4060,8,
resnet101,224,32,fp16,139.13856506347656,False,NVIDIA_GeForce_RTX_4060,8,
resnet101,224,32,fp32,272.4249572753906,False,NVIDIA_GeForce_RTX_4060,8,
resnet101,224,64,bf16,303.4659729003906,False,NVIDIA_GeForce_RTX_4060,8,
resnet101,224,64,fp16,280.7582702636719,False,NVIDIA_GeForce_RTX_4060,8,
resnet101,224,64,fp32,,True,NVIDIA_GeForce_RTX_4060,8,
resnet152,64,16,bf16,30.52390480041504,False,NVIDIA_GeForce_RTX_4060,8,
resnet152,64,16,fp16,29.58950424194336,False,NVIDIA_GeForce_RTX_4060,8,
resnet152,64,16,fp32,45.30841445922852,False,NVIDIA_GeForce_RTX_4060,8,
resnet152,64,32,bf16,37.80659103393555,False,NVIDIA_GeForce_RTX_4060,8,
resnet152,64,32,fp16,34.868736267089844,False,NVIDIA_GeForce_RTX_4060,8,
resnet152,64,32,fp32,59.109375,False,NVIDIA_GeForce_RTX_4060,8,
resnet152,64,64,bf16,55.66003036499024,False,NVIDIA_GeForce_RTX_4060,8,
resnet152,64,64,fp16,48.77260971069336,False,NVIDIA_GeForce_RTX_4060,8,
resnet152,64,64,fp32,83.81593322753906,False,NVIDIA_GeForce_RTX_4060,8,
resnet152,128,16,bf16,51.752960205078125,False,NVIDIA_GeForce_RTX_4060,8,
resnet152,128,16,fp16,49.17299270629883,False,NVIDIA_GeForce_RTX_4060,8,
resnet152,128,16,fp32,66.21849822998047,False,NVIDIA_GeForce_RTX_4060,8,
resnet152,128,32,bf16,82.41919708251953,False,NVIDIA_GeForce_RTX_4060,8,
resnet152,128,32,fp16,75.32185363769531,False,NVIDIA_GeForce_RTX_4060,8,
resnet152,128,32,fp32,122.68800354003906,False,NVIDIA_GeForce_RTX_4060,8,
resnet152,128,64,bf16,154.85848999023438,False,NVIDIA_GeForce_RTX_4060,8,
resnet152,128,64,fp16,139.7882843017578,False,NVIDIA_GeForce_RTX_4060,8,
resnet152,128,64,fp32,244.07501220703125,False,NVIDIA_GeForce_RTX_4060,8,
resnet152,224,16,bf16,109.3012466430664,False,NVIDIA_GeForce_RTX_4060,8,
resnet152,224,16,fp16,100.19942474365234,False,NVIDIA_GeForce_RTX_4060,8,
resnet152,224,16,fp32,186.229248046875,False,NVIDIA_GeForce_RTX_4060,8,
resnet152,224,32,bf16,209.0250244140625,False,NVIDIA_GeForce_RTX_4060,8,
resnet152,224,32,fp16,194.9404144287109,False,NVIDIA_GeForce_RTX_4060,8,
resnet152,224,32,fp32,,True,NVIDIA_GeForce_RTX_4060,8,
resnet152,224,64,bf16,,True,NVIDIA_GeForce_RTX_4060,8,
resnet152,224,64,fp16,,True,NVIDIA_GeForce_RTX_4060,8,
resnet152,224,64,fp32,,True,NVIDIA_GeForce_RTX_4060,8,
resnet18,64,16,bf16,4.96230411529541,False,NVIDIA_GeForce_RTX_4060,8,
resnet18,64,16,fp16,4.880383968353272,False,NVIDIA_GeForce_RTX_4060,8,
resnet18,64,16,fp32,8.050175666809082,False,NVIDIA_GeForce_RTX_4060,8,
resnet18,64,32,bf16,5.913599967956543,False,NVIDIA_GeForce_RTX_4060,8,
resnet18,64,32,fp16,5.71340799331665,False,NVIDIA_GeForce_RTX_4060,8,
resnet18,64,32,fp32,8.445440292358398,False,NVIDIA_GeForce_RTX_4060,8,
resnet18,64,64,bf16,8.153087615966797,False,NVIDIA_GeForce_RTX_4060,8,
resnet18,64,64,fp16,7.666687965393066,False,NVIDIA_GeForce_RTX_4060,8,
resnet18,64,64,fp32,11.714048385620115,False,NVIDIA_GeForce_RTX_4060,8,
resnet18,128,16,bf16,7.9877119064331055,False,NVIDIA_GeForce_RTX_4060,8,
resnet18,128,16,fp16,7.753215789794922,False,NVIDIA_GeForce_RTX_4060,8,
resnet18,128,16,fp32,10.663423538208008,False,NVIDIA_GeForce_RTX_4060,8,
resnet18,128,32,bf16,12.25164794921875,False,NVIDIA_GeForce_RTX_4060,8,
resnet18,128,32,fp16,11.720704078674316,False,NVIDIA_GeForce_RTX_4060,8,
resnet18,128,32,fp32,18.68953514099121,False,NVIDIA_GeForce_RTX_4060,8,
resnet18,128,64,bf16,21.82758331298828,False,NVIDIA_GeForce_RTX_4060,8,
resnet18,128,64,fp16,20.893184661865234,False,NVIDIA_GeForce_RTX_4060,8,
resnet18,128,64,fp32,36.313087463378906,False,NVIDIA_GeForce_RTX_4060,8,
resnet18,224,16,bf16,17.474559783935547,False,NVIDIA_GeForce_RTX_4060,8,
resnet18,224,16,fp16,16.49715232849121,False,NVIDIA_GeForce_RTX_4060,8,
resnet18,224,16,fp32,28.344831466674805,False,NVIDIA_GeForce_RTX_4060,8,
resnet18,224,32,bf16,32.741886138916016,False,NVIDIA_GeForce_RTX_4060,8,
resnet18,224,32,fp16,30.937599182128903,False,NVIDIA_GeForce_RTX_4060,8,
resnet18,224,32,fp32,55.46700668334961,False,NVIDIA_GeForce_RTX_4060,8,
resnet18,224,64,bf16,69.60128021240234,False,NVIDIA_GeForce_RTX_4060,8,
resnet18,224,64,fp16,62.36569595336914,False,NVIDIA_GeForce_RTX_4060,8,
resnet18,224,64,fp32,111.27193450927734,False,NVIDIA_GeForce_RTX_4060,8,
resnet200,64,16,bf16,35.699710845947266,False,NVIDIA_GeForce_RTX_4060,8,
resnet200,64,16,fp16,34.31782531738281,False,NVIDIA_GeForce_RTX_4060,8,
resnet200,64,16,fp32,52.64640045166016,False,NVIDIA_GeForce_RTX_4060,8,
resnet200,64,32,bf16,45.65299224853516,False,NVIDIA_GeForce_RTX_4060,8,
resnet200,64,32,fp16,41.59539031982422,False,NVIDIA_GeForce_RTX_4060,8,
resnet200,64,32,fp32,70.48397064208984,False,NVIDIA_GeForce_RTX_4060,8,
resnet200,64,64,bf16,70.18240356445312,False,NVIDIA_GeForce_RTX_4060,8,
resnet200,64,64,fp16,61.29254531860352,False,NVIDIA_GeForce_RTX_4060,8,
resnet200,64,64,fp32,104.2165756225586,False,NVIDIA_GeForce_RTX_4060,8,
resnet200,128,16,bf16,62.7850227355957,False,NVIDIA_GeForce_RTX_4060,8,
resnet200,128,16,fp16,59.0643196105957,False,NVIDIA_GeForce_RTX_4060,8,
resnet200,128,16,fp32,83.44985961914062,False,NVIDIA_GeForce_RTX_4060,8,
resnet200,128,32,bf16,105.34758758544922,False,NVIDIA_GeForce_RTX_4060,8,
resnet200,128,32,fp16,95.68716430664062,False,NVIDIA_GeForce_RTX_4060,8,
resnet200,128,32,fp32,160.216064453125,False,NVIDIA_GeForce_RTX_4060,8,
resnet200,128,64,bf16,200.7720947265625,False,NVIDIA_GeForce_RTX_4060,8,
resnet200,128,64,fp16,179.04486083984375,False,NVIDIA_GeForce_RTX_4060,8,
resnet200,128,64,fp32,2880.720947265625,False,NVIDIA_GeForce_RTX_4060,8,precision_artifact
resnet200,224,16,bf16,141.83885192871094,False,NVIDIA_GeForce_RTX_4060,8,
resnet200,224,16,fp16,128.50022888183594,False,NVIDIA_GeForce_RTX_4060,8,
resnet200,224,16,fp32,249.7643585205078,False,NVIDIA_GeForce_RTX_4060,8,
resnet200,224,32,bf16,281.29638671875,False,NVIDIA_GeForce_RTX_4060,8,
resnet200,224,32,fp16,256.9082946777344,False,NVIDIA_GeForce_RTX_4060,8,
resnet200,224,32,fp32,,True,NVIDIA_GeForce_RTX_4060,8,
resnet200,224,64,bf16,,True,NVIDIA_GeForce_RTX_4060,8,
resnet200,224,64,fp16,,True,NVIDIA_GeForce_RTX_4060,8,
resnet200,224,64,fp32,,True,NVIDIA_GeForce_RTX_4060,8,
resnet50,64,16,bf16,11.5481595993042,False,NVIDIA_GeForce_RTX_4060,8,
resnet50,64,16,fp16,11.171839714050291,False,NVIDIA_GeForce_RTX_4060,8,
resnet50,64,16,fp32,17.796607971191406,False,NVIDIA_GeForce_RTX_4060,8,
resnet50,64,32,bf16,14.68006420135498,False,NVIDIA_GeForce_RTX_4060,8,
resnet50,64,32,fp16,13.56441593170166,False,NVIDIA_GeForce_RTX_4060,8,
resnet50,64,32,fp32,23.517696380615234,False,NVIDIA_GeForce_RTX_4060,8,
resnet50,64,64,bf16,22.32473564147949,False,NVIDIA_GeForce_RTX_4060,8,
resnet50,64,64,fp16,19.70636749267578,False,NVIDIA_GeForce_RTX_4060,8,
resnet50,64,64,fp32,34.76224136352539,False,NVIDIA_GeForce_RTX_4060,8,
resnet50,128,16,bf16,19.592191696166992,False,NVIDIA_GeForce_RTX_4060,8,
resnet50,128,16,fp16,18.43814468383789,False,NVIDIA_GeForce_RTX_4060,8,
resnet50,128,16,fp32,28.64179229736328,False,NVIDIA_GeForce_RTX_4060,8,
resnet50,128,32,bf16,33.37472152709961,False,NVIDIA_GeForce_RTX_4060,8,
resnet50,128,32,fp16,30.60531234741211,False,NVIDIA_GeForce_RTX_4060,8,
resnet50,128,32,fp32,54.41228866577149,False,NVIDIA_GeForce_RTX_4060,8,
resnet50,128,64,bf16,64.2155532836914,False,NVIDIA_GeForce_RTX_4060,8,
resnet50,128,64,fp16,58.50368118286133,False,NVIDIA_GeForce_RTX_4060,8,
resnet50,128,64,fp32,110.69542694091795,False,NVIDIA_GeForce_RTX_4060,8,
resnet50,224,16,bf16,47.20588684082031,False,NVIDIA_GeForce_RTX_4060,8,
resnet50,224,16,fp16,43.15596771240234,False,NVIDIA_GeForce_RTX_4060,8,
resnet50,224,16,fp32,83.73299407958984,False,NVIDIA_GeForce_RTX_4060,8,
resnet50,224,32,bf16,93.26028442382812,False,NVIDIA_GeForce_RTX_4060,8,
resnet50,224,32,fp16,86.38925170898438,False,NVIDIA_GeForce_RTX_4060,8,
resnet50,224,32,fp32,169.71725463867188,False,NVIDIA_GeForce_RTX_4060,8,
resnet50,224,64,bf16,192.24627685546875,False,NVIDIA_GeForce_RTX_4060,8,
resnet50,224,64,fp16,175.81671142578125,False,NVIDIA_GeForce_RTX_4060,8,
resnet50,224,64,fp32,,True,NVIDIA_GeForce_RTX_4060,8,
resnext101_64x4d,64,16,bf16,37.21676635742188,False,NVIDIA_GeForce_RTX_4060,8,
resnext101_64x4d,64,16,fp16,36.693504333496094,False,NVIDIA_GeForce_RTX_4060,8,
resnext101_64x4d,64,16,fp32,64.89190673828125,False,NVIDIA_GeForce_RTX_4060,8,
resnext101_64x4d,64,32,bf16,48.43878555297852,False,NVIDIA_GeForce_RTX_4060,8,
resnext101_64x4d,64,32,fp16,45.71648025512695,False,NVIDIA_GeForce_RTX_4060,8,
resnext101_64x4d,64,32,fp32,103.81670379638672,False,NVIDIA_GeForce_RTX_4060,8,
resnext101_64x4d,64,64,bf16,73.16326141357422,False,NVIDIA_GeForce_RTX_4060,8,
resnext101_64x4d,64,64,fp16,65.7807388305664,False,NVIDIA_GeForce_RTX_4060,8,
resnext101_64x4d,64,64,fp32,175.37791442871094,False,NVIDIA_GeForce_RTX_4060,8,
resnext101_64x4d,128,16,bf16,58.46220779418945,False,NVIDIA_GeForce_RTX_4060,8,
resnext101_64x4d,128,16,fp16,56.01126480102539,False,NVIDIA_GeForce_RTX_4060,8,
resnext101_64x4d,128,16,fp32,126.00780487060548,False,NVIDIA_GeForce_RTX_4060,8,
resnext101_64x4d,128,32,bf16,102.0206069946289,False,NVIDIA_GeForce_RTX_4060,8,
resnext101_64x4d,128,32,fp16,96.08038330078124,False,NVIDIA_GeForce_RTX_4060,8,
resnext101_64x4d,128,32,fp32,225.05062866210935,False,NVIDIA_GeForce_RTX_4060,8,
resnext101_64x4d,128,64,bf16,193.5109405517578,False,NVIDIA_GeForce_RTX_4060,8,
resnext101_64x4d,128,64,fp16,180.24290466308597,False,NVIDIA_GeForce_RTX_4060,8,
resnext101_64x4d,128,64,fp32,1297.2247314453125,False,NVIDIA_GeForce_RTX_4060,8,slow_outlier
resnext101_64x4d,224,16,bf16,156.7815704345703,False,NVIDIA_GeForce_RTX_4060,8,
resnext101_64x4d,224,16,fp16,147.58912658691406,False,NVIDIA_GeForce_RTX_4060,8,
resnext101_64x4d,224,16,fp32,327.4281005859375,False,NVIDIA_GeForce_RTX_4060,8,
resnext101_64x4d,224,32,bf16,303.24517822265625,False,NVIDIA_GeForce_RTX_4060,8,
resnext101_64x4d,224,32,fp16,284.52197265625,False,NVIDIA_GeForce_RTX_4060,8,
resnext101_64x4d,224,32,fp32,,True,NVIDIA_GeForce_RTX_4060,8,
resnext101_64x4d,224,64,bf16,,True,NVIDIA_GeForce_RTX_4060,8,
resnext101_64x4d,224,64,fp16,,True,NVIDIA_GeForce_RTX_4060,8,
resnext101_64x4d,224,64,fp32,,True,NVIDIA_GeForce_RTX_4060,8,
resnext50_32x4d,64,16,bf16,13.301247596740724,False,NVIDIA_GeForce_RTX_4060,8,
resnext50_32x4d,64,16,fp16,13.217791557312012,False,NVIDIA_GeForce_RTX_4060,8,
resnext50_32x4d,64,16,fp32,19.52153587341309,False,NVIDIA_GeForce_RTX_4060,8,
resnext50_32x4d,64,32,bf16,19.75654411315918,False,NVIDIA_GeForce_RTX_4060,8,
resnext50_32x4d,64,32,fp16,18.407936096191406,False,NVIDIA_GeForce_RTX_4060,8,
resnext50_32x4d,64,32,fp32,30.31347274780273,False,NVIDIA_GeForce_RTX_4060,8,
resnext50_32x4d,64,64,bf16,33.01683044433594,False,NVIDIA_GeForce_RTX_4060,8,
resnext50_32x4d,64,64,fp16,29.79737663269043,False,NVIDIA_GeForce_RTX_4060,8,
resnext50_32x4d,64,64,fp32,50.20467376708984,False,NVIDIA_GeForce_RTX_4060,8,
resnext50_32x4d,128,16,bf16,22.255615234375,False,NVIDIA_GeForce_RTX_4060,8,
resnext50_32x4d,128,16,fp16,20.925952911376957,False,NVIDIA_GeForce_RTX_4060,8,
resnext50_32x4d,128,16,fp32,38.9299201965332,False,NVIDIA_GeForce_RTX_4060,8,
resnext50_32x4d,128,32,bf16,40.10598373413086,False,NVIDIA_GeForce_RTX_4060,8,
resnext50_32x4d,128,32,fp16,36.890625,False,NVIDIA_GeForce_RTX_4060,8,
resnext50_32x4d,128,32,fp32,74.07667541503906,False,NVIDIA_GeForce_RTX_4060,8,
resnext50_32x4d,128,64,bf16,80.6302719116211,False,NVIDIA_GeForce_RTX_4060,8,
resnext50_32x4d,128,64,fp16,73.35884857177734,False,NVIDIA_GeForce_RTX_4060,8,
resnext50_32x4d,128,64,fp32,153.1796417236328,False,NVIDIA_GeForce_RTX_4060,8,
resnext50_32x4d,224,16,bf16,56.753150939941406,False,NVIDIA_GeForce_RTX_4060,8,
resnext50_32x4d,224,16,fp16,52.623870849609375,False,NVIDIA_GeForce_RTX_4060,8,
resnext50_32x4d,224,16,fp32,118.19058990478516,False,NVIDIA_GeForce_RTX_4060,8,
resnext50_32x4d,224,32,bf16,116.3135986328125,False,NVIDIA_GeForce_RTX_4060,8,
resnext50_32x4d,224,32,fp16,107.58041381835938,False,NVIDIA_GeForce_RTX_4060,8,
resnext50_32x4d,224,32,fp32,229.72506713867188,False,NVIDIA_GeForce_RTX_4060,8,
resnext50_32x4d,224,64,bf16,241.5257568359375,False,NVIDIA_GeForce_RTX_4060,8,
resnext50_32x4d,224,64,fp16,221.2843475341797,False,NVIDIA_GeForce_RTX_4060,8,
resnext50_32x4d,224,64,fp32,,True,NVIDIA_GeForce_RTX_4060,8,
swin_base_patch4_window7_224,64,16,bf16,31.497215270996094,False,NVIDIA_GeForce_RTX_4060,8,
swin_base_patch4_window7_224,64,16,fp16,31.21766471862793,False,NVIDIA_GeForce_RTX_4060,8,
swin_base_patch4_window7_224,64,16,fp32,45.19526290893555,False,NVIDIA_GeForce_RTX_4060,8,
swin_base_patch4_window7_224,64,32,bf16,40.99993515014648,False,NVIDIA_GeForce_RTX_4060,8,
swin_base_patch4_window7_224,64,32,fp16,40.509952545166016,False,NVIDIA_GeForce_RTX_4060,8,
swin_base_patch4_window7_224,64,32,fp32,70.1685791015625,False,NVIDIA_GeForce_RTX_4060,8,
swin_base_patch4_window7_224,64,64,bf16,63.27091217041016,False,NVIDIA_GeForce_RTX_4060,8,
swin_base_patch4_window7_224,64,64,fp16,62.33907318115234,False,NVIDIA_GeForce_RTX_4060,8,
swin_base_patch4_window7_224,64,64,fp32,124.82355499267578,False,NVIDIA_GeForce_RTX_4060,8,
swin_base_patch4_window7_224,128,16,bf16,81.25491333007812,False,NVIDIA_GeForce_RTX_4060,8,
swin_base_patch4_window7_224,128,16,fp16,79.59295654296875,False,NVIDIA_GeForce_RTX_4060,8,
swin_base_patch4_window7_224,128,16,fp32,172.71961975097656,False,NVIDIA_GeForce_RTX_4060,8,
swin_base_patch4_window7_224,128,32,bf16,156.14617919921875,False,NVIDIA_GeForce_RTX_4060,8,
swin_base_patch4_window7_224,128,32,fp16,153.2620849609375,False,NVIDIA_GeForce_RTX_4060,8,
swin_base_patch4_window7_224,128,32,fp32,335.8771057128906,False,NVIDIA_GeForce_RTX_4060,8,
swin_base_patch4_window7_224,128,64,bf16,2194.5400390625,False,NVIDIA_GeForce_RTX_4060,8,slow_outlier
swin_base_patch4_window7_224,128,64,fp16,2196.506591796875,False,NVIDIA_GeForce_RTX_4060,8,slow_outlier
swin_base_patch4_window7_224,128,64,fp32,,True,NVIDIA_GeForce_RTX_4060,8,
swin_base_patch4_window7_224,224,16,bf16,143.16441345214844,False,NVIDIA_GeForce_RTX_4060,8,
swin_base_patch4_window7_224,224,16,fp16,140.86810302734375,False,NVIDIA_GeForce_RTX_4060,8,
swin_base_patch4_window7_224,224,16,fp32,307.0586853027344,False,NVIDIA_GeForce_RTX_4060,8,
swin_base_patch4_window7_224,224,32,bf16,1149.9130859375,False,NVIDIA_GeForce_RTX_4060,8,slow_outlier
swin_base_patch4_window7_224,224,32,fp16,1152.6517333984375,False,NVIDIA_GeForce_RTX_4060,8,slow_outlier
swin_base_patch4_window7_224,224,32,fp32,,True,NVIDIA_GeForce_RTX_4060,8,
swin_base_patch4_window7_224,224,64,bf16,,True,NVIDIA_GeForce_RTX_4060,8,
swin_base_patch4_window7_224,224,64,fp16,,True,NVIDIA_GeForce_RTX_4060,8,
swin_base_patch4_window7_224,224,64,fp32,,True,NVIDIA_GeForce_RTX_4060,8,
swin_tiny_patch4_window7_224,64,16,bf16,12.173312187194824,False,NVIDIA_GeForce_RTX_4060,8,
swin_tiny_patch4_window7_224,64,16,fp16,12.035072326660156,False,NVIDIA_GeForce_RTX_4060,8,
swin_tiny_patch4_window7_224,64,16,fp32,17.605632781982422,False,NVIDIA_GeForce_RTX_4060,8,
swin_tiny_patch4_window7_224,64,32,bf16,16.758272171020508,False,NVIDIA_GeForce_RTX_4060,8,
swin_tiny_patch4_window7_224,64,32,fp16,16.42803192138672,False,NVIDIA_GeForce_RTX_4060,8,
swin_tiny_patch4_window7_224,64,32,fp32,28.024320602416992,False,NVIDIA_GeForce_RTX_4060,8,
swin_tiny_patch4_window7_224,64,64,bf16,26.852352142333984,False,NVIDIA_GeForce_RTX_4060,8,
swin_tiny_patch4_window7_224,64,64,fp16,26.3239688873291,False,NVIDIA_GeForce_RTX_4060,8,
swin_tiny_patch4_window7_224,64,64,fp32,50.64857482910156,False,NVIDIA_GeForce_RTX_4060,8,
swin_tiny_patch4_window7_224,128,16,bf16,28.512767791748047,False,NVIDIA_GeForce_RTX_4060,8,
swin_tiny_patch4_window7_224,128,16,fp16,27.90656089782715,False,NVIDIA_GeForce_RTX_4060,8,
swin_tiny_patch4_window7_224,128,16,fp32,54.966270446777344,False,NVIDIA_GeForce_RTX_4060,8,
swin_tiny_patch4_window7_224,128,32,bf16,53.80863952636719,False,NVIDIA_GeForce_RTX_4060,8,
swin_tiny_patch4_window7_224,128,32,fp16,52.71039962768555,False,NVIDIA_GeForce_RTX_4060,8,
swin_tiny_patch4_window7_224,128,32,fp32,108.67711639404295,False,NVIDIA_GeForce_RTX_4060,8,
swin_tiny_patch4_window7_224,128,64,bf16,115.9516143798828,False,NVIDIA_GeForce_RTX_4060,8,
swin_tiny_patch4_window7_224,128,64,fp16,114.13606262207033,False,NVIDIA_GeForce_RTX_4060,8,
swin_tiny_patch4_window7_224,128,64,fp32,223.7655029296875,False,NVIDIA_GeForce_RTX_4060,8,
swin_tiny_patch4_window7_224,224,16,bf16,60.060672760009766,False,NVIDIA_GeForce_RTX_4060,8,
swin_tiny_patch4_window7_224,224,16,fp16,59.15903854370117,False,NVIDIA_GeForce_RTX_4060,8,
swin_tiny_patch4_window7_224,224,16,fp32,115.08223724365234,False,NVIDIA_GeForce_RTX_4060,8,
swin_tiny_patch4_window7_224,224,32,bf16,122.31884765625,False,NVIDIA_GeForce_RTX_4060,8,
swin_tiny_patch4_window7_224,224,32,fp16,120.53606414794922,False,NVIDIA_GeForce_RTX_4060,8,
swin_tiny_patch4_window7_224,224,32,fp32,233.30560302734372,False,NVIDIA_GeForce_RTX_4060,8,
swin_tiny_patch4_window7_224,224,64,bf16,254.5812530517578,False,NVIDIA_GeForce_RTX_4060,8,
swin_tiny_patch4_window7_224,224,64,fp16,251.60806274414065,False,NVIDIA_GeForce_RTX_4060,8,
swin_tiny_patch4_window7_224,224,64,fp32,,True,NVIDIA_GeForce_RTX_4060,8,
swinv2_cr_tiny_ns_224,64,16,bf16,12.808192253112791,False,NVIDIA_GeForce_RTX_4060,8,
swinv2_cr_tiny_ns_224,64,16,fp16,12.684288024902344,False,NVIDIA_GeForce_RTX_4060,8,
swinv2_cr_tiny_ns_224,64,16,fp32,17.742847442626953,False,NVIDIA_GeForce_RTX_4060,8,
swinv2_cr_tiny_ns_224,64,32,bf16,17.016319274902344,False,NVIDIA_GeForce_RTX_4060,8,
swinv2_cr_tiny_ns_224,64,32,fp16,16.759296417236328,False,NVIDIA_GeForce_RTX_4060,8,
swinv2_cr_tiny_ns_224,64,32,fp32,27.317760467529297,False,NVIDIA_GeForce_RTX_4060,8,
swinv2_cr_tiny_ns_224,64,64,bf16,26.01318359375,False,NVIDIA_GeForce_RTX_4060,8,
swinv2_cr_tiny_ns_224,64,64,fp16,25.51091194152832,False,NVIDIA_GeForce_RTX_4060,8,
swinv2_cr_tiny_ns_224,64,64,fp32,47.89145660400391,False,NVIDIA_GeForce_RTX_4060,8,
swinv2_cr_tiny_ns_224,128,16,bf16,24.91289520263672,False,NVIDIA_GeForce_RTX_4060,8,
swinv2_cr_tiny_ns_224,128,16,fp16,24.6507511138916,False,NVIDIA_GeForce_RTX_4060,8,
swinv2_cr_tiny_ns_224,128,16,fp32,41.88006210327149,False,NVIDIA_GeForce_RTX_4060,8,
swinv2_cr_tiny_ns_224,128,32,bf16,44.43392181396485,False,NVIDIA_GeForce_RTX_4060,8,
swinv2_cr_tiny_ns_224,128,32,fp16,44.06016159057617,False,NVIDIA_GeForce_RTX_4060,8,
swinv2_cr_tiny_ns_224,128,32,fp32,79.81158447265625,False,NVIDIA_GeForce_RTX_4060,8,
swinv2_cr_tiny_ns_224,128,64,bf16,96.5713882446289,False,NVIDIA_GeForce_RTX_4060,8,
swinv2_cr_tiny_ns_224,128,64,fp16,91.7754898071289,False,NVIDIA_GeForce_RTX_4060,8,
swinv2_cr_tiny_ns_224,128,64,fp32,163.8251495361328,False,NVIDIA_GeForce_RTX_4060,8,
swinv2_cr_tiny_ns_224,224,16,bf16,81.31788635253906,False,NVIDIA_GeForce_RTX_4060,8,
swinv2_cr_tiny_ns_224,224,16,fp16,80.35942077636719,False,NVIDIA_GeForce_RTX_4060,8,
swinv2_cr_tiny_ns_224,224,16,fp32,133.180419921875,False,NVIDIA_GeForce_RTX_4060,8,
swinv2_cr_tiny_ns_224,224,32,bf16,171.15802001953125,False,NVIDIA_GeForce_RTX_4060,8,
swinv2_cr_tiny_ns_224,224,32,fp16,169.30149841308594,False,NVIDIA_GeForce_RTX_4060,8,
swinv2_cr_tiny_ns_224,224,32,fp32,271.8213195800781,False,NVIDIA_GeForce_RTX_4060,8,
swinv2_cr_tiny_ns_224,224,64,bf16,,True,NVIDIA_GeForce_RTX_4060,8,
swinv2_cr_tiny_ns_224,224,64,fp16,,True,NVIDIA_GeForce_RTX_4060,8,
swinv2_cr_tiny_ns_224,224,64,fp32,,True,NVIDIA_GeForce_RTX_4060,8,
twins_pcpvt_small,64,16,bf16,11.646976470947266,False,NVIDIA_GeForce_RTX_4060,8,
twins_pcpvt_small,64,16,fp16,11.760640144348145,False,NVIDIA_GeForce_RTX_4060,8,
twins_pcpvt_small,64,16,fp32,15.58681583404541,False,NVIDIA_GeForce_RTX_4060,8,
twins_pcpvt_small,64,32,bf16,14.95193576812744,False,NVIDIA_GeForce_RTX_4060,8,
twins_pcpvt_small,64,32,fp16,15.17363166809082,False,NVIDIA_GeForce_RTX_4060,8,
twins_pcpvt_small,64,32,fp32,22.474239349365234,False,NVIDIA_GeForce_RTX_4060,8,
twins_pcpvt_small,64,64,bf16,22.54591941833496,False,NVIDIA_GeForce_RTX_4060,8,
twins_pcpvt_small,64,64,fp16,22.461952209472656,False,NVIDIA_GeForce_RTX_4060,8,
twins_pcpvt_small,64,64,fp32,37.21779251098633,False,NVIDIA_GeForce_RTX_4060,8,
twins_pcpvt_small,128,16,bf16,20.85939216613769,False,NVIDIA_GeForce_RTX_4060,8,
twins_pcpvt_small,128,16,fp16,20.76416015625,False,NVIDIA_GeForce_RTX_4060,8,
twins_pcpvt_small,128,16,fp32,34.89023971557617,False,NVIDIA_GeForce_RTX_4060,8,
twins_pcpvt_small,128,32,bf16,34.80729675292969,False,NVIDIA_GeForce_RTX_4060,8,
twins_pcpvt_small,128,32,fp16,34.66649627685547,False,NVIDIA_GeForce_RTX_4060,8,
twins_pcpvt_small,128,32,fp32,62.56742477416992,False,NVIDIA_GeForce_RTX_4060,8,
twins_pcpvt_small,128,64,bf16,66.36902618408203,False,NVIDIA_GeForce_RTX_4060,8,
twins_pcpvt_small,128,64,fp16,66.2266845703125,False,NVIDIA_GeForce_RTX_4060,8,
twins_pcpvt_small,128,64,fp32,119.43167877197266,False,NVIDIA_GeForce_RTX_4060,8,
twins_pcpvt_small,224,16,bf16,51.91731262207031,False,NVIDIA_GeForce_RTX_4060,8,
twins_pcpvt_small,224,16,fp16,51.78879928588867,False,NVIDIA_GeForce_RTX_4060,8,
twins_pcpvt_small,224,16,fp32,94.77017974853516,False,NVIDIA_GeForce_RTX_4060,8,
twins_pcpvt_small,224,32,bf16,101.4097900390625,False,NVIDIA_GeForce_RTX_4060,8,
twins_pcpvt_small,224,32,fp16,101.2510757446289,False,NVIDIA_GeForce_RTX_4060,8,
twins_pcpvt_small,224,32,fp32,183.59500122070312,False,NVIDIA_GeForce_RTX_4060,8,
twins_pcpvt_small,224,64,bf16,207.7363128662109,False,NVIDIA_GeForce_RTX_4060,8,
twins_pcpvt_small,224,64,fp16,207.3175048828125,False,NVIDIA_GeForce_RTX_4060,8,
twins_pcpvt_small,224,64,fp32,,True,NVIDIA_GeForce_RTX_4060,8,
twins_svt_small,64,16,bf16,14.16652774810791,False,NVIDIA_GeForce_RTX_4060,8,
twins_svt_small,64,16,fp16,14.16140842437744,False,NVIDIA_GeForce_RTX_4060,8,
twins_svt_small,64,16,fp32,17.17145538330078,False,NVIDIA_GeForce_RTX_4060,8,
twins_svt_small,64,32,bf16,20.567039489746094,False,NVIDIA_GeForce_RTX_4060,8,
twins_svt_small,64,32,fp16,20.70528030395508,False,NVIDIA_GeForce_RTX_4060,8,
twins_svt_small,64,32,fp32,26.957311630249023,False,NVIDIA_GeForce_RTX_4060,8,
twins_svt_small,64,64,bf16,34.67009735107422,False,NVIDIA_GeForce_RTX_4060,8,
twins_svt_small,64,64,fp16,34.612735748291016,False,NVIDIA_GeForce_RTX_4060,8,
twins_svt_small,64,64,fp32,47.67334365844727,False,NVIDIA_GeForce_RTX_4060,8,
twins_svt_small,128,16,bf16,26.60095977783203,False,NVIDIA_GeForce_RTX_4060,8,
twins_svt_small,128,16,fp16,26.52876853942871,False,NVIDIA_GeForce_RTX_4060,8,
twins_svt_small,128,16,fp32,37.57516860961914,False,NVIDIA_GeForce_RTX_4060,8,
twins_svt_small,128,32,bf16,47.77830505371094,False,NVIDIA_GeForce_RTX_4060,8,
twins_svt_small,128,32,fp16,47.67948913574219,False,NVIDIA_GeForce_RTX_4060,8,
twins_svt_small,128,32,fp32,70.0927963256836,False,NVIDIA_GeForce_RTX_4060,8,
twins_svt_small,128,64,bf16,96.63231658935548,False,NVIDIA_GeForce_RTX_4060,8,
twins_svt_small,128,64,fp16,96.52838134765624,False,NVIDIA_GeForce_RTX_4060,8,
twins_svt_small,128,64,fp32,141.83885192871094,False,NVIDIA_GeForce_RTX_4060,8,
twins_svt_small,224,16,bf16,50.6321907043457,False,NVIDIA_GeForce_RTX_4060,8,
twins_svt_small,224,16,fp16,50.498046875,False,NVIDIA_GeForce_RTX_4060,8,
twins_svt_small,224,16,fp32,81.54265594482422,False,NVIDIA_GeForce_RTX_4060,8,
twins_svt_small,224,32,bf16,99.6341781616211,False,NVIDIA_GeForce_RTX_4060,8,
twins_svt_small,224,32,fp16,99.58348846435548,False,NVIDIA_GeForce_RTX_4060,8,
twins_svt_small,224,32,fp32,158.42970275878906,False,NVIDIA_GeForce_RTX_4060,8,
twins_svt_small,224,64,bf16,206.59866333007807,False,NVIDIA_GeForce_RTX_4060,8,
twins_svt_small,224,64,fp16,206.3749084472656,False,NVIDIA_GeForce_RTX_4060,8,
twins_svt_small,224,64,fp32,322.166259765625,False,NVIDIA_GeForce_RTX_4060,8,
vit_base_patch16_224,64,16,bf16,28.09702491760254,False,NVIDIA_GeForce_RTX_4060,8,
vit_base_patch16_224,64,16,fp16,27.878400802612305,False,NVIDIA_GeForce_RTX_4060,8,
vit_base_patch16_224,64,16,fp32,37.2940788269043,False,NVIDIA_GeForce_RTX_4060,8,
vit_base_patch16_224,64,32,bf16,34.557952880859375,False,NVIDIA_GeForce_RTX_4060,8,
vit_base_patch16_224,64,32,fp16,34.438655853271484,False,NVIDIA_GeForce_RTX_4060,8,
vit_base_patch16_224,64,32,fp32,56.13209533691406,False,NVIDIA_GeForce_RTX_4060,8,
vit_base_patch16_224,64,64,bf16,48.282623291015625,False,NVIDIA_GeForce_RTX_4060,8,
vit_base_patch16_224,64,64,fp16,48.07219314575195,False,NVIDIA_GeForce_RTX_4060,8,
vit_base_patch16_224,64,64,fp32,90.74432373046876,False,NVIDIA_GeForce_RTX_4060,8,
vit_base_patch16_224,128,16,bf16,44.8798713684082,False,NVIDIA_GeForce_RTX_4060,8,
vit_base_patch16_224,128,16,fp16,44.7006721496582,False,NVIDIA_GeForce_RTX_4060,8,
vit_base_patch16_224,128,16,fp32,91.84716796875,False,NVIDIA_GeForce_RTX_4060,8,
vit_base_patch16_224,128,32,bf16,70.56845092773438,False,NVIDIA_GeForce_RTX_4060,8,
vit_base_patch16_224,128,32,fp16,70.26175689697266,False,NVIDIA_GeForce_RTX_4060,8,
vit_base_patch16_224,128,32,fp32,174.2986297607422,False,NVIDIA_GeForce_RTX_4060,8,
vit_base_patch16_224,128,64,bf16,126.61145782470705,False,NVIDIA_GeForce_RTX_4060,8,
vit_base_patch16_224,128,64,fp16,125.9898910522461,False,NVIDIA_GeForce_RTX_4060,8,
vit_base_patch16_224,128,64,fp32,327.251953125,False,NVIDIA_GeForce_RTX_4060,8,
vit_base_patch16_224,224,16,bf16,98.7688980102539,False,NVIDIA_GeForce_RTX_4060,8,
vit_base_patch16_224,224,16,fp16,98.54208374023438,False,NVIDIA_GeForce_RTX_4060,8,
vit_base_patch16_224,224,16,fp32,271.7542419433594,False,NVIDIA_GeForce_RTX_4060,8,
vit_base_patch16_224,224,32,bf16,187.0023651123047,False,NVIDIA_GeForce_RTX_4060,8,
vit_base_patch16_224,224,32,fp16,186.5082855224609,False,NVIDIA_GeForce_RTX_4060,8,
vit_base_patch16_224,224,32,fp32,519.541259765625,False,NVIDIA_GeForce_RTX_4060,8,
vit_base_patch16_224,224,64,bf16,358.4598999023437,False,NVIDIA_GeForce_RTX_4060,8,
vit_base_patch16_224,224,64,fp16,356.801025390625,False,NVIDIA_GeForce_RTX_4060,8,
vit_base_patch16_224,224,64,fp32,,True,NVIDIA_GeForce_RTX_4060,8,
vit_large_patch16_224,64,16,bf16,96.97331237792967,False,NVIDIA_GeForce_RTX_4060,8,
vit_large_patch16_224,64,16,fp16,96.87039947509766,False,NVIDIA_GeForce_RTX_4060,8,
vit_large_patch16_224,64,16,fp32,133.1952667236328,False,NVIDIA_GeForce_RTX_4060,8,
vit_large_patch16_224,64,32,bf16,119.22994995117188,False,NVIDIA_GeForce_RTX_4060,8,
vit_large_patch16_224,64,32,fp16,116.6376953125,False,NVIDIA_GeForce_RTX_4060,8,
vit_large_patch16_224,64,32,fp32,196.39398193359372,False,NVIDIA_GeForce_RTX_4060,8,
vit_large_patch16_224,64,64,bf16,163.7401580810547,False,NVIDIA_GeForce_RTX_4060,8,
vit_large_patch16_224,64,64,fp16,163.43603515625,False,NVIDIA_GeForce_RTX_4060,8,
vit_large_patch16_224,64,64,fp32,325.0744323730469,False,NVIDIA_GeForce_RTX_4060,8,
vit_large_patch16_224,128,16,bf16,153.44998168945312,False,NVIDIA_GeForce_RTX_4060,8,
vit_large_patch16_224,128,16,fp16,153.2200927734375,False,NVIDIA_GeForce_RTX_4060,8,
vit_large_patch16_224,128,16,fp32,326.2310485839844,False,NVIDIA_GeForce_RTX_4060,8,
vit_large_patch16_224,128,32,bf16,3247.119873046875,False,NVIDIA_GeForce_RTX_4060,8,slow_outlier
vit_large_patch16_224,128,32,fp16,3104.3046875,False,NVIDIA_GeForce_RTX_4060,8,slow_outlier
vit_large_patch16_224,128,32,fp32,,True,NVIDIA_GeForce_RTX_4060,8,
vit_large_patch16_224,128,64,bf16,,True,NVIDIA_GeForce_RTX_4060,8,
vit_large_patch16_224,128,64,fp16,,True,NVIDIA_GeForce_RTX_4060,8,
vit_large_patch16_224,128,64,fp32,,True,NVIDIA_GeForce_RTX_4060,8,
vit_large_patch16_224,224,16,bf16,,True,NVIDIA_GeForce_RTX_4060,8,
vit_large_patch16_224,224,16,fp16,,True,NVIDIA_GeForce_RTX_4060,8,
vit_large_patch16_224,224,16,fp32,,True,NVIDIA_GeForce_RTX_4060,8,
vit_large_patch16_224,224,32,bf16,,True,NVIDIA_GeForce_RTX_4060,8,
vit_large_patch16_224,224,32,fp16,,True,NVIDIA_GeForce_RTX_4060,8,
vit_large_patch16_224,224,32,fp32,,True,NVIDIA_GeForce_RTX_4060,8,
vit_large_patch16_224,224,64,bf16,,True,NVIDIA_GeForce_RTX_4060,8,
vit_large_patch16_224,224,64,fp16,,True,NVIDIA_GeForce_RTX_4060,8,
vit_large_patch16_224,224,64,fp32,,True,NVIDIA_GeForce_RTX_4060,8,
vit_small_patch16_224,64,16,bf16,8.462847709655762,False,NVIDIA_GeForce_RTX_4060,8,
vit_small_patch16_224,64,16,fp16,8.392704010009766,False,NVIDIA_GeForce_RTX_4060,8,
vit_small_patch16_224,64,16,fp32,12.15999984741211,False,NVIDIA_GeForce_RTX_4060,8,
vit_small_patch16_224,64,32,bf16,10.94809627532959,False,NVIDIA_GeForce_RTX_4060,8,
vit_small_patch16_224,64,32,fp16,10.84774398803711,False,NVIDIA_GeForce_RTX_4060,8,
vit_small_patch16_224,64,32,fp32,17.259519577026367,False,NVIDIA_GeForce_RTX_4060,8,
vit_small_patch16_224,64,64,bf16,15.845888137817385,False,NVIDIA_GeForce_RTX_4060,8,
vit_small_patch16_224,64,64,fp16,15.8023681640625,False,NVIDIA_GeForce_RTX_4060,8,
vit_small_patch16_224,64,64,fp32,28.526079177856445,False,NVIDIA_GeForce_RTX_4060,8,
vit_small_patch16_224,128,16,bf16,14.46399974822998,False,NVIDIA_GeForce_RTX_4060,8,
vit_small_patch16_224,128,16,fp16,14.355456352233888,False,NVIDIA_GeForce_RTX_4060,8,
vit_small_patch16_224,128,16,fp32,29.04115104675293,False,NVIDIA_GeForce_RTX_4060,8,
vit_small_patch16_224,128,32,bf16,22.5720329284668,False,NVIDIA_GeForce_RTX_4060,8,
vit_small_patch16_224,128,32,fp16,22.452224731445312,False,NVIDIA_GeForce_RTX_4060,8,
vit_small_patch16_224,128,32,fp32,51.43961715698242,False,NVIDIA_GeForce_RTX_4060,8,
vit_small_patch16_224,128,64,bf16,39.70457458496094,False,NVIDIA_GeForce_RTX_4060,8,
vit_small_patch16_224,128,64,fp16,39.44038391113281,False,NVIDIA_GeForce_RTX_4060,8,
vit_small_patch16_224,128,64,fp32,100.45388793945312,False,NVIDIA_GeForce_RTX_4060,8,
vit_small_patch16_224,224,16,bf16,31.333375930786133,False,NVIDIA_GeForce_RTX_4060,8,
vit_small_patch16_224,224,16,fp16,31.169023513793945,False,NVIDIA_GeForce_RTX_4060,8,
vit_small_patch16_224,224,16,fp32,82.52159881591797,False,NVIDIA_GeForce_RTX_4060,8,
vit_small_patch16_224,224,32,bf16,59.72531127929688,False,NVIDIA_GeForce_RTX_4060,8,
vit_small_patch16_224,224,32,fp16,59.4334716796875,False,NVIDIA_GeForce_RTX_4060,8,
vit_small_patch16_224,224,32,fp32,165.3350372314453,False,NVIDIA_GeForce_RTX_4060,8,
vit_small_patch16_224,224,64,bf16,124.39859008789062,False,NVIDIA_GeForce_RTX_4060,8,
vit_small_patch16_224,224,64,fp16,123.57376098632812,False,NVIDIA_GeForce_RTX_4060,8,
vit_small_patch16_224,224,64,fp32,330.5487365722656,False,NVIDIA_GeForce_RTX_4060,8,
vit_tiny_patch16_224,64,16,bf16,3.4856960773468018,False,NVIDIA_GeForce_RTX_4060,8,
vit_tiny_patch16_224,64,16,fp16,3.361279964447021,False,NVIDIA_GeForce_RTX_4060,8,
vit_tiny_patch16_224,64,16,fp32,4.51532793045044,False,NVIDIA_GeForce_RTX_4060,8,
vit_tiny_patch16_224,64,32,bf16,4.618239879608154,False,NVIDIA_GeForce_RTX_4060,8,
vit_tiny_patch16_224,64,32,fp16,4.5399041175842285,False,NVIDIA_GeForce_RTX_4060,8,
vit_tiny_patch16_224,64,32,fp32,6.760447978973389,False,NVIDIA_GeForce_RTX_4060,8,
vit_tiny_patch16_224,64,64,bf16,6.5971198081970215,False,NVIDIA_GeForce_RTX_4060,8,
vit_tiny_patch16_224,64,64,fp16,6.452223777770996,False,NVIDIA_GeForce_RTX_4060,8,
vit_tiny_patch16_224,64,64,fp32,10.5415678024292,False,NVIDIA_GeForce_RTX_4060,8,
vit_tiny_patch16_224,128,16,bf16,5.904895782470703,False,NVIDIA_GeForce_RTX_4060,8,
vit_tiny_patch16_224,128,16,fp16,5.752831935882568,False,NVIDIA_GeForce_RTX_4060,8,
vit_tiny_patch16_224,128,16,fp32,10.795007705688477,False,NVIDIA_GeForce_RTX_4060,8,
vit_tiny_patch16_224,128,32,bf16,9.153535842895508,False,NVIDIA_GeForce_RTX_4060,8,
vit_tiny_patch16_224,128,32,fp16,9.093631744384766,False,NVIDIA_GeForce_RTX_4060,8,
vit_tiny_patch16_224,128,32,fp32,19.163135528564453,False,NVIDIA_GeForce_RTX_4060,8,
vit_tiny_patch16_224,128,64,bf16,16.04198455810547,False,NVIDIA_GeForce_RTX_4060,8,
vit_tiny_patch16_224,128,64,fp16,15.90783977508545,False,NVIDIA_GeForce_RTX_4060,8,
vit_tiny_patch16_224,128,64,fp32,35.1569938659668,False,NVIDIA_GeForce_RTX_4060,8,
vit_tiny_patch16_224,224,16,bf16,12.686335563659668,False,NVIDIA_GeForce_RTX_4060,8,
vit_tiny_patch16_224,224,16,fp16,12.58956813812256,False,NVIDIA_GeForce_RTX_4060,8,
vit_tiny_patch16_224,224,16,fp32,29.931520462036133,False,NVIDIA_GeForce_RTX_4060,8,
vit_tiny_patch16_224,224,32,bf16,24.72550392150879,False,NVIDIA_GeForce_RTX_4060,8,
vit_tiny_patch16_224,224,32,fp16,24.540159225463867,False,NVIDIA_GeForce_RTX_4060,8,
vit_tiny_patch16_224,224,32,fp32,57.485313415527344,False,NVIDIA_GeForce_RTX_4060,8,
vit_tiny_patch16_224,224,64,bf16,48.1162223815918,False,NVIDIA_GeForce_RTX_4060,8,
vit_tiny_patch16_224,224,64,fp16,47.63955307006836,False,NVIDIA_GeForce_RTX_4060,8,
vit_tiny_patch16_224,224,64,fp32,117.7333755493164,False,NVIDIA_GeForce_RTX_4060,8,
wide_resnet101_2,64,16,bf16,54.44147109985352,False,NVIDIA_GeForce_RTX_4060,8,
wide_resnet101_2,64,16,fp16,55.09683227539063,False,NVIDIA_GeForce_RTX_4060,8,
wide_resnet101_2,64,16,fp32,70.64166259765625,False,NVIDIA_GeForce_RTX_4060,8,
wide_resnet101_2,64,32,bf16,72.44083404541016,False,NVIDIA_GeForce_RTX_4060,8,
wide_resnet101_2,64,32,fp16,70.47321319580078,False,NVIDIA_GeForce_RTX_4060,8,
wide_resnet101_2,64,32,fp32,96.73420715332033,False,NVIDIA_GeForce_RTX_4060,8,
wide_resnet101_2,64,64,bf16,107.0571517944336,False,NVIDIA_GeForce_RTX_4060,8,
wide_resnet101_2,64,64,fp16,101.90335845947266,False,NVIDIA_GeForce_RTX_4060,8,
wide_resnet101_2,64,64,fp32,127.75936126708984,False,NVIDIA_GeForce_RTX_4060,8,
wide_resnet101_2,128,16,bf16,79.27295684814453,False,NVIDIA_GeForce_RTX_4060,8,
wide_resnet101_2,128,16,fp16,77.04268646240234,False,NVIDIA_GeForce_RTX_4060,8,
wide_resnet101_2,128,16,fp32,108.2245101928711,False,NVIDIA_GeForce_RTX_4060,8,
wide_resnet101_2,128,32,bf16,124.82611083984376,False,NVIDIA_GeForce_RTX_4060,8,
wide_resnet101_2,128,32,fp16,118.73331451416016,False,NVIDIA_GeForce_RTX_4060,8,
wide_resnet101_2,128,32,fp32,185.46380615234372,False,NVIDIA_GeForce_RTX_4060,8,
wide_resnet101_2,128,64,bf16,221.81222534179688,False,NVIDIA_GeForce_RTX_4060,8,
wide_resnet101_2,128,64,fp16,207.79571533203125,False,NVIDIA_GeForce_RTX_4060,8,
wide_resnet101_2,128,64,fp32,346.7171936035156,False,NVIDIA_GeForce_RTX_4060,8,
wide_resnet101_2,224,16,bf16,163.34796142578125,False,NVIDIA_GeForce_RTX_4060,8,
wide_resnet101_2,224,16,fp16,157.67910766601562,False,NVIDIA_GeForce_RTX_4060,8,
wide_resnet101_2,224,16,fp32,281.7106018066406,False,NVIDIA_GeForce_RTX_4060,8,
wide_resnet101_2,224,32,bf16,295.02362060546875,False,NVIDIA_GeForce_RTX_4060,8,
wide_resnet101_2,224,32,fp16,283.8108215332031,False,NVIDIA_GeForce_RTX_4060,8,
wide_resnet101_2,224,32,fp32,,True,NVIDIA_GeForce_RTX_4060,8,
wide_resnet101_2,224,64,bf16,,True,NVIDIA_GeForce_RTX_4060,8,
wide_resnet101_2,224,64,fp16,,True,NVIDIA_GeForce_RTX_4060,8,
wide_resnet101_2,224,64,fp32,,True,NVIDIA_GeForce_RTX_4060,8,
xcit_small_12_p16_224,64,16,bf16,13.727231979370115,False,NVIDIA_GeForce_RTX_4060,8,
xcit_small_12_p16_224,64,16,fp16,12.933631896972656,False,NVIDIA_GeForce_RTX_4060,8,
xcit_small_12_p16_224,64,16,fp32,17.845760345458984,False,NVIDIA_GeForce_RTX_4060,8,
xcit_small_12_p16_224,64,32,bf16,17.7392635345459,False,NVIDIA_GeForce_RTX_4060,8,
xcit_small_12_p16_224,64,32,fp16,17.35628890991211,False,NVIDIA_GeForce_RTX_4060,8,
xcit_small_12_p16_224,64,32,fp32,26.116607666015625,False,NVIDIA_GeForce_RTX_4060,8,
xcit_small_12_p16_224,64,64,bf16,25.61280059814453,False,NVIDIA_GeForce_RTX_4060,8,
xcit_small_12_p16_224,64,64,fp16,25.12281608581543,False,NVIDIA_GeForce_RTX_4060,8,
xcit_small_12_p16_224,64,64,fp32,43.66796875,False,NVIDIA_GeForce_RTX_4060,8,
xcit_small_12_p16_224,128,16,bf16,23.95699119567871,False,NVIDIA_GeForce_RTX_4060,8,
xcit_small_12_p16_224,128,16,fp16,23.64620780944824,False,NVIDIA_GeForce_RTX_4060,8,
xcit_small_12_p16_224,128,16,fp32,38.66316986083984,False,NVIDIA_GeForce_RTX_4060,8,
xcit_small_12_p16_224,128,32,bf16,39.33184051513672,False,NVIDIA_GeForce_RTX_4060,8,
xcit_small_12_p16_224,128,32,fp16,38.72819137573242,False,NVIDIA_GeForce_RTX_4060,8,
xcit_small_12_p16_224,128,32,fp32,69.15583801269531,False,NVIDIA_GeForce_RTX_4060,8,
xcit_small_12_p16_224,128,64,bf16,74.47193908691406,False,NVIDIA_GeForce_RTX_4060,8,
xcit_small_12_p16_224,128,64,fp16,73.54163360595703,False,NVIDIA_GeForce_RTX_4060,8,
xcit_small_12_p16_224,128,64,fp32,135.29702758789062,False,NVIDIA_GeForce_RTX_4060,8,
xcit_small_12_p16_224,224,16,bf16,59.12422561645508,False,NVIDIA_GeForce_RTX_4060,8,
xcit_small_12_p16_224,224,16,fp16,58.1478385925293,False,NVIDIA_GeForce_RTX_4060,8,
xcit_small_12_p16_224,224,16,fp32,103.64364624023438,False,NVIDIA_GeForce_RTX_4060,8,
xcit_small_12_p16_224,224,32,bf16,121.02706909179688,False,NVIDIA_GeForce_RTX_4060,8,
xcit_small_12_p16_224,224,32,fp16,119.26374053955078,False,NVIDIA_GeForce_RTX_4060,8,
xcit_small_12_p16_224,224,32,fp32,210.6808319091797,False,NVIDIA_GeForce_RTX_4060,8,
xcit_small_12_p16_224,224,64,bf16,266.4263610839844,False,NVIDIA_GeForce_RTX_4060,8,
xcit_small_12_p16_224,224,64,fp16,263.15826416015625,False,NVIDIA_GeForce_RTX_4060,8,
xcit_small_12_p16_224,224,64,fp32,,True,NVIDIA_GeForce_RTX_4060,8,
xcit_tiny_12_p16_224,64,16,bf16,7.1644158363342285,False,NVIDIA_GeForce_RTX_4060,8,
xcit_tiny_12_p16_224,64,16,fp16,7.364096164703369,False,NVIDIA_GeForce_RTX_4060,8,
xcit_tiny_12_p16_224,64,16,fp32,8.219136238098145,False,NVIDIA_GeForce_RTX_4060,8,
xcit_tiny_12_p16_224,64,32,bf16,9.801728248596191,False,NVIDIA_GeForce_RTX_4060,8,
xcit_tiny_12_p16_224,64,32,fp16,9.452544212341309,False,NVIDIA_GeForce_RTX_4060,8,
xcit_tiny_12_p16_224,64,32,fp32,12.403200149536133,False,NVIDIA_GeForce_RTX_4060,8,
xcit_tiny_12_p16_224,64,64,bf16,13.07545566558838,False,NVIDIA_GeForce_RTX_4060,8,
xcit_tiny_12_p16_224,64,64,fp16,12.46003246307373,False,NVIDIA_GeForce_RTX_4060,8,
xcit_tiny_12_p16_224,64,64,fp32,19.638784408569336,False,NVIDIA_GeForce_RTX_4060,8,
xcit_tiny_12_p16_224,128,16,bf16,12.552191734313965,False,NVIDIA_GeForce_RTX_4060,8,
xcit_tiny_12_p16_224,128,16,fp16,11.881471633911133,False,NVIDIA_GeForce_RTX_4060,8,
xcit_tiny_12_p16_224,128,16,fp32,17.3624324798584,False,NVIDIA_GeForce_RTX_4060,8,
xcit_tiny_12_p16_224,128,32,bf16,17.82374382019043,False,NVIDIA_GeForce_RTX_4060,8,
xcit_tiny_12_p16_224,128,32,fp16,17.420799255371094,False,NVIDIA_GeForce_RTX_4060,8,
xcit_tiny_12_p16_224,128,32,fp32,28.09600067138672,False,NVIDIA_GeForce_RTX_4060,8,
xcit_tiny_12_p16_224,128,64,bf16,31.629823684692383,False,NVIDIA_GeForce_RTX_4060,8,
xcit_tiny_12_p16_224,128,64,fp16,31.07686424255371,False,NVIDIA_GeForce_RTX_4060,8,
xcit_tiny_12_p16_224,128,64,fp32,51.378177642822266,False,NVIDIA_GeForce_RTX_4060,8,
xcit_tiny_12_p16_224,224,16,bf16,26.107391357421875,False,NVIDIA_GeForce_RTX_4060,8,
xcit_tiny_12_p16_224,224,16,fp16,25.495040893554688,False,NVIDIA_GeForce_RTX_4060,8,
xcit_tiny_12_p16_224,224,16,fp32,40.59187316894531,False,NVIDIA_GeForce_RTX_4060,8,
xcit_tiny_12_p16_224,224,32,bf16,50.55590438842773,False,NVIDIA_GeForce_RTX_4060,8,
xcit_tiny_12_p16_224,224,32,fp16,49.39059066772461,False,NVIDIA_GeForce_RTX_4060,8,
xcit_tiny_12_p16_224,224,32,fp32,76.61363220214844,False,NVIDIA_GeForce_RTX_4060,8,
xcit_tiny_12_p16_224,224,64,bf16,107.30547332763672,False,NVIDIA_GeForce_RTX_4060,8,
xcit_tiny_12_p16_224,224,64,fp16,106.05619049072266,False,NVIDIA_GeForce_RTX_4060,8,
xcit_tiny_12_p16_224,224,64,fp32,160.52633666992188,False,NVIDIA_GeForce_RTX_4060,8,
