model,img_size,batch_size,precision,avg_time_ms,oom,gpu,vram_gb,cleanup
beit_large_patch16_224,64,16,bf16,38.62054443359375,False,NVIDIA_GeForce_RTX_4080,16,
beit_large_patch16_224,64,16,fp16,38.39436721801758,False,NVIDIA_GeForce_RTX_4080,16,
beit_large_patch16_224,64,16,fp32,50.46979141235352,False,NVIDIA_GeForce_RTX_4080,16,
beit_large_patch16_224,64,32,bf16,45.21676635742188,False,NVIDIA_GeForce_RTX_4080,16,
beit_large_patch16_224,64,32,fp16,44.60646438598633,False,NVIDIA_GeForce_RTX_4080,16,
beit_large_patch16_224,64,32,fp32,67.56454467773438,False,NVIDIA_GeForce_RTX_4080,16,
beit_large_patch16_224,64,64,bf16,58.27724838256836,False,NVIDIA_GeForce_RTX_4080,16,
beit_large_patch16_224,64,64,fp16,57.98588943481445,False,NVIDIA_GeForce_RTX_4080,16,
beit_large_patch16_224,64,64,fp32,109.18911743164062,False,NVIDIA_GeForce_RTX_4080,16,
beit_large_patch16_224,128,16,bf16,58.53081512451172,False,NVIDIA_GeForce_RTX_4080,16,
beit_large_patch16_224,128,16,fp16,58.27260971069336,False,NVIDIA_GeForce_RTX_4080,16,
beit_large_patch16_224,128,16,fp32,108.9771499633789,False,NVIDIA_GeForce_RTX_4080,16,
beit_large_patch16_224,128,32,bf16,87.59654235839844,False,NVIDIA_GeForce_RTX_4080,16,
beit_large_patch16_224,128,32,fp16,87.04460906982422,False,NVIDIA_GeForce_RTX_4080,16,
beit_large_patch16_224,128,32,fp32,184.8668212890625,False,NVIDIA_GeForce_RTX_4080,16,
beit_large_patch16_224,128,64,bf16,143.37374877929688,False,NVIDIA_GeForce_RTX_4080,16,
beit_large_patch16_224,128,64,fp16,142.51622009277344,False,NVIDIA_GeForce_RTX_4080,16,
beit_large_patch16_224,128,64,fp32,329.4115905761719,False,NVIDIA_GeForce_RTX_4080,16,
beit_large_patch16_224,224,16,bf16,121.24515533447266,False,NVIDIA_GeForce_RTX_4080,16,
beit_large_patch16_224,224,16,fp16,120.35015869140624,False,NVIDIA_GeForce_RTX_4080,16,
beit_large_patch16_224,224,16,fp32,268.5821838378906,False,NVIDIA_GeForce_RTX_4080,16,
beit_large_patch16_224,224,32,bf16,222.1639404296875,False,NVIDIA_GeForce_RTX_4080,16,
beit_large_patch16_224,224,32,fp16,221.36062622070312,False,NVIDIA_GeForce_RTX_4080,16,
beit_large_patch16_224,224,32,fp32,,True,NVIDIA_GeForce_RTX_4080,16,
beit_large_patch16_224,224,64,bf16,,True,NVIDIA_GeForce_RTX_4080,16,
beit_large_patch16_224,224,64,fp16,,True,NVIDIA_GeForce_RTX_4080,16,
beit_large_patch16_224,224,64,fp32,,True,NVIDIA_GeForce_RTX_4080,16,
coatnet_0_rw_224,64,16,bf16,6.42244815826416,False,NVIDIA_GeForce_RTX_4080,16,
coatnet_0_rw_224,64,16,fp16,6.0367841720581055,False,NVIDIA_GeForce_RTX_4080,16,
coatnet_0_rw_224,64,16,fp32,7.701504230499268,False,NVIDIA_GeForce_RTX_4080,16,
coatnet_0_rw_224,64,32,bf16,7.792943954467773,False,NVIDIA_GeForce_RTX_4080,16,
coatnet_0_rw_224,64,32,fp16,7.134575843811035,False,NVIDIA_GeForce_RTX_4080,16,
coatnet_0_rw_224,64,32,fp32,11.018239974975586,False,NVIDIA_GeForce_RTX_4080,16,
coatnet_0_rw_224,64,64,bf16,11.098943710327148,False,NVIDIA_GeForce_RTX_4080,16,
coatnet_0_rw_224,64,64,fp16,9.954815864562988,False,NVIDIA_GeForce_RTX_4080,16,
coatnet_0_rw_224,64,64,fp32,15.539711952209473,False,NVIDIA_GeForce_RTX_4080,16,
coatnet_0_rw_224,128,16,bf16,10.669568061828612,False,NVIDIA_GeForce_RTX_4080,16,
coatnet_0_rw_224,128,16,fp16,9.65171241760254,False,NVIDIA_GeForce_RTX_4080,16,
coatnet_0_rw_224,128,16,fp32,12.870623588562012,False,NVIDIA_GeForce_RTX_4080,16,
coatnet_0_rw_224,128,32,bf16,16.74220848083496,False,NVIDIA_GeForce_RTX_4080,16,
coatnet_0_rw_224,128,32,fp16,14.924799919128418,False,NVIDIA_GeForce_RTX_4080,16,
coatnet_0_rw_224,128,32,fp32,24.293888092041016,False,NVIDIA_GeForce_RTX_4080,16,
coatnet_0_rw_224,128,64,bf16,30.696447372436523,False,NVIDIA_GeForce_RTX_4080,16,
coatnet_0_rw_224,128,64,fp16,27.32219123840332,False,NVIDIA_GeForce_RTX_4080,16,
coatnet_0_rw_224,128,64,fp32,51.62700653076172,False,NVIDIA_GeForce_RTX_4080,16,
coatnet_0_rw_224,224,16,bf16,25.434959411621094,False,NVIDIA_GeForce_RTX_4080,16,
coatnet_0_rw_224,224,16,fp16,22.67391967773437,False,NVIDIA_GeForce_RTX_4080,16,
coatnet_0_rw_224,224,16,fp32,43.03456115722656,False,NVIDIA_GeForce_RTX_4080,16,
coatnet_0_rw_224,224,32,bf16,51.15289688110352,False,NVIDIA_GeForce_RTX_4080,16,
coatnet_0_rw_224,224,32,fp16,46.03801727294922,False,NVIDIA_GeForce_RTX_4080,16,
coatnet_0_rw_224,224,32,fp32,89.78018951416016,False,NVIDIA_GeForce_RTX_4080,16,
coatnet_0_rw_224,224,64,bf16,104.33331298828124,False,NVIDIA_GeForce_RTX_4080,16,
coatnet_0_rw_224,224,64,fp16,95.05638122558594,False,NVIDIA_GeForce_RTX_4080,16,
coatnet_0_rw_224,224,64,fp32,188.1699981689453,False,NVIDIA_GeForce_RTX_4080,16,
coatnet_1_rw_224,64,16,bf16,10.22499179840088,False,NVIDIA_GeForce_RTX_4080,16,
coatnet_1_rw_224,64,16,fp16,9.654784202575684,False,NVIDIA_GeForce_RTX_4080,16,
coatnet_1_rw_224,64,16,fp32,10.848719596862791,False,NVIDIA_GeForce_RTX_4080,16,
coatnet_1_rw_224,64,32,bf16,12.787712097167969,False,NVIDIA_GeForce_RTX_4080,16,
coatnet_1_rw_224,64,32,fp16,11.843584060668944,False,NVIDIA_GeForce_RTX_4080,16,
coatnet_1_rw_224,64,32,fp32,15.275440216064451,False,NVIDIA_GeForce_RTX_4080,16,
coatnet_1_rw_224,64,64,bf16,18.79140853881836,False,NVIDIA_GeForce_RTX_4080,16,
coatnet_1_rw_224,64,64,fp16,17.29889678955078,False,NVIDIA_GeForce_RTX_4080,16,
coatnet_1_rw_224,64,64,fp32,25.259519577026367,False,NVIDIA_GeForce_RTX_4080,16,
coatnet_1_rw_224,128,16,bf16,18.049488067626957,False,NVIDIA_GeForce_RTX_4080,16,
coatnet_1_rw_224,128,16,fp16,16.669679641723633,False,NVIDIA_GeForce_RTX_4080,16,
coatnet_1_rw_224,128,16,fp32,22.978559494018555,False,NVIDIA_GeForce_RTX_4080,16,
coatnet_1_rw_224,128,32,bf16,29.308927536010746,False,NVIDIA_GeForce_RTX_4080,16,
coatnet_1_rw_224,128,32,fp16,26.87068748474121,False,NVIDIA_GeForce_RTX_4080,16,
coatnet_1_rw_224,128,32,fp32,43.45907211303711,False,NVIDIA_GeForce_RTX_4080,16,
coatnet_1_rw_224,128,64,bf16,53.38214492797852,False,NVIDIA_GeForce_RTX_4080,16,
coatnet_1_rw_224,128,64,fp16,48.827903747558594,False,NVIDIA_GeForce_RTX_4080,16,
coatnet_1_rw_224,128,64,fp32,90.3726043701172,False,NVIDIA_GeForce_RTX_4080,16,
coatnet_1_rw_224,224,16,bf16,45.24185562133789,False,NVIDIA_GeForce_RTX_4080,16,
coatnet_1_rw_224,224,16,fp16,41.44998550415039,False,NVIDIA_GeForce_RTX_4080,16,
coatnet_1_rw_224,224,16,fp32,77.46708679199219,False,NVIDIA_GeForce_RTX_4080,16,
coatnet_1_rw_224,224,32,bf16,88.42291259765625,False,NVIDIA_GeForce_RTX_4080,16,
coatnet_1_rw_224,224,32,fp16,81.79199981689453,False,NVIDIA_GeForce_RTX_4080,16,
coatnet_1_rw_224,224,32,fp32,159.910400390625,False,NVIDIA_GeForce_RTX_4080,16,
coatnet_1_rw_224,224,64,bf16,179.4544677734375,False,NVIDIA_GeForce_RTX_4080,16,
coatnet_1_rw_224,224,64,fp16,168.0650177001953,False,NVIDIA_GeForce_RTX_4080,16,
coatnet_1_rw_224,224,64,fp32,,True,NVIDIA_GeForce_RTX_4080,16,
coatnet_2_rw_224,64,16,bf16,14.411168098449709,False,NVIDIA_GeForce_RTX_4080,16,
coatnet_2_rw_224,64,16,fp16,13.665712356567385,False,NVIDIA_GeForce_RTX_4080,16,
coatnet_2_rw_224,64,16,fp32,15.93188762664795,False,NVIDIA_GeForce_RTX_4080,16,
coatnet_2_rw_224,64,32,bf16,18.81036758422852,False,NVIDIA_GeForce_RTX_4080,16,
coatnet_2_rw_224,64,32,fp16,17.494319915771484,False,NVIDIA_GeForce_RTX_4080,16,
coatnet_2_rw_224,64,32,fp32,23.557632446289062,False,NVIDIA_GeForce_RTX_4080,16,
coatnet_2_rw_224,64,64,bf16,28.649471282958984,False,NVIDIA_GeForce_RTX_4080,16,
coatnet_2_rw_224,64,64,fp16,26.28607940673828,False,NVIDIA_GeForce_RTX_4080,16,
coatnet_2_rw_224,64,64,fp32,39.88275146484375,False,NVIDIA_GeForce_RTX_4080,16,
coatnet_2_rw_224,128,16,bf16,26.81599998474121,False,NVIDIA_GeForce_RTX_4080,16,
coatnet_2_rw_224,128,16,fp16,24.753664016723636,False,NVIDIA_GeForce_RTX_4080,16,
coatnet_2_rw_224,128,16,fp32,36.82656097412109,False,NVIDIA_GeForce_RTX_4080,16,
coatnet_2_rw_224,128,32,bf16,44.76038360595703,False,NVIDIA_GeForce_RTX_4080,16,
coatnet_2_rw_224,128,32,fp16,41.34502410888672,False,NVIDIA_GeForce_RTX_4080,16,
coatnet_2_rw_224,128,32,fp32,71.19001770019531,False,NVIDIA_GeForce_RTX_4080,16,
coatnet_2_rw_224,128,64,bf16,85.80809783935547,False,NVIDIA_GeForce_RTX_4080,16,
coatnet_2_rw_224,128,64,fp16,79.30721282958984,False,NVIDIA_GeForce_RTX_4080,16,
coatnet_2_rw_224,128,64,fp32,147.85433959960938,False,NVIDIA_GeForce_RTX_4080,16,
coatnet_2_rw_224,224,16,bf16,69.72621154785156,False,NVIDIA_GeForce_RTX_4080,16,
coatnet_2_rw_224,224,16,fp16,65.30044555664062,False,NVIDIA_GeForce_RTX_4080,16,
coatnet_2_rw_224,224,16,fp32,125.20550537109376,False,NVIDIA_GeForce_RTX_4080,16,
coatnet_2_rw_224,224,32,bf16,139.56863403320312,False,NVIDIA_GeForce_RTX_4080,16,
coatnet_2_rw_224,224,32,fp16,130.6757049560547,False,NVIDIA_GeForce_RTX_4080,16,
coatnet_2_rw_224,224,32,fp32,,True,NVIDIA_GeForce_RTX_4080,16,
coatnet_2_rw_224,224,64,bf16,,True,NVIDIA_GeForce_RTX_4080,16,
coatnet_2_rw_224,224,64,fp16,,True,NVIDIA_GeForce_RTX_4080,16,
coatnet_2_rw_224,224,64,fp32,,True,NVIDIA_GeForce_RTX_4080,16,
convnext_base,64,16,bf16,13.508912086486816,False,NVIDIA_GeForce_RTX_4080,16,
convnext_base,64,16,fp16,13.441311836242676,False,NVIDIA_GeForce_RTX_4080,16,
convnext_base,64,16,fp32,17.665023803710938,False,NVIDIA_GeForce_RTX_4080,16,
convnext_base,64,32,bf16,16.308176040649414,False,NVIDIA_GeForce_RTX_4080,16,
convnext_base,64,32,fp16,16.208831787109375,False,NVIDIA_GeForce_RTX_4080,16,
convnext_base,64,32,fp32,25.897855758666992,False,NVIDIA_GeForce_RTX_4080,16,
convnext_base,64,64,bf16,21.37335968017578,False,NVIDIA_GeForce_RTX_4080,16,
convnext_base,64,64,fp16,21.27052879333496,False,NVIDIA_GeForce_RTX_4080,16,
convnext_base,64,64,fp32,42.87212753295898,False,NVIDIA_GeForce_RTX_4080,16,
convnext_base,128,16,bf16,20.84966468811035,False,NVIDIA_GeForce_RTX_4080,16,
convnext_base,128,16,fp16,20.7475528717041,False,NVIDIA_GeForce_RTX_4080,16,
convnext_base,128,16,fp32,49.465328216552734,False,NVIDIA_GeForce_RTX_4080,16,
convnext_base,128,32,bf16,31.762815475463867,False,NVIDIA_GeForce_RTX_4080,16,
convnext_base,128,32,fp16,31.57287979125977,False,NVIDIA_GeForce_RTX_4080,16,
convnext_base,128,32,fp32,92.75545501708984,False,NVIDIA_GeForce_RTX_4080,16,
convnext_base,128,64,bf16,54.70975875854492,False,NVIDIA_GeForce_RTX_4080,16,
convnext_base,128,64,fp16,54.39886474609375,False,NVIDIA_GeForce_RTX_4080,16,
convnext_base,128,64,fp32,163.2484130859375,False,NVIDIA_GeForce_RTX_4080,16,
convnext_base,224,16,bf16,43.720481872558594,False,NVIDIA_GeForce_RTX_4080,16,
convnext_base,224,16,fp16,43.48979187011719,False,NVIDIA_GeForce_RTX_4080,16,
convnext_base,224,16,fp32,141.01292419433594,False,NVIDIA_GeForce_RTX_4080,16,
convnext_base,224,32,bf16,80.14995574951172,False,NVIDIA_GeForce_RTX_4080,16,
convnext_base,224,32,fp16,79.8437728881836,False,NVIDIA_GeForce_RTX_4080,16,
convnext_base,224,32,fp32,270.8884582519531,False,NVIDIA_GeForce_RTX_4080,16,
convnext_base,224,64,bf16,156.89010620117188,False,NVIDIA_GeForce_RTX_4080,16,
convnext_base,224,64,fp16,156.2803192138672,False,NVIDIA_GeForce_RTX_4080,16,
convnext_base,224,64,fp32,,True,NVIDIA_GeForce_RTX_4080,16,
convnext_large,64,16,bf16,25.632064819335938,False,NVIDIA_GeForce_RTX_4080,16,
convnext_large,64,16,fp16,25.49964714050293,False,NVIDIA_GeForce_RTX_4080,16,
convnext_large,64,16,fp32,32.80833435058594,False,NVIDIA_GeForce_RTX_4080,16,
convnext_large,64,32,bf16,30.740480422973636,False,NVIDIA_GeForce_RTX_4080,16,
convnext_large,64,32,fp16,30.60377693176269,False,NVIDIA_GeForce_RTX_4080,16,
convnext_large,64,32,fp32,48.46847915649414,False,NVIDIA_GeForce_RTX_4080,16,
convnext_large,64,64,bf16,39.89684677124024,False,NVIDIA_GeForce_RTX_4080,16,
convnext_large,64,64,fp16,39.914337158203125,False,NVIDIA_GeForce_RTX_4080,16,
convnext_large,64,64,fp32,80.06092834472656,False,NVIDIA_GeForce_RTX_4080,16,
convnext_large,128,16,bf16,39.21289443969727,False,NVIDIA_GeForce_RTX_4080,16,
convnext_large,128,16,fp16,39.04870223999024,False,NVIDIA_GeForce_RTX_4080,16,
convnext_large,128,16,fp32,89.65968322753906,False,NVIDIA_GeForce_RTX_4080,16,
convnext_large,128,32,bf16,58.79654312133789,False,NVIDIA_GeForce_RTX_4080,16,
convnext_large,128,32,fp16,58.466304779052734,False,NVIDIA_GeForce_RTX_4080,16,
convnext_large,128,32,fp32,171.02029418945312,False,NVIDIA_GeForce_RTX_4080,16,
convnext_large,128,64,bf16,102.33650970458984,False,NVIDIA_GeForce_RTX_4080,16,
convnext_large,128,64,fp16,101.97042846679688,False,NVIDIA_GeForce_RTX_4080,16,
convnext_large,128,64,fp32,300.9853515625,False,NVIDIA_GeForce_RTX_4080,16,
convnext_large,224,16,bf16,79.56937408447266,False,NVIDIA_GeForce_RTX_4080,16,
convnext_large,224,16,fp16,79.2125473022461,False,NVIDIA_GeForce_RTX_4080,16,
convnext_large,224,16,fp32,252.1548767089844,False,NVIDIA_GeForce_RTX_4080,16,
convnext_large,224,32,bf16,150.23410034179688,False,NVIDIA_GeForce_RTX_4080,16,
convnext_large,224,32,fp16,150.97227478027344,False,NVIDIA_GeForce_RTX_4080,16,
convnext_large,224,32,fp32,7856.1181640625,False,NVIDIA_GeForce_RTX_4080,16,precision_artifact
convnext_large,224,64,bf16,,True,NVIDIA_GeForce_RTX_4080,16,
convnext_large,224,64,fp16,,True,NVIDIA_GeForce_RTX_4080,16,
convnext_large,224,64,fp32,,True,NVIDIA_GeForce_RTX_4080,16,
convnext_small,64,16,bf16,10.535360336303713,False,NVIDIA_GeForce_RTX_4080,16,
convnext_small,64,16,fp16,10.453968048095703,False,NVIDIA_GeForce_RTX_4080,16,
convnext_small,64,16,fp32,12.265392303466797,False,NVIDIA_GeForce_RTX_4080,16,
convnext_small,64,32,bf16,11.86457633972168,False,NVIDIA_GeForce_RTX_4080,16,
convnext_small,64,32,fp16,11.75654411315918,False,NVIDIA_GeForce_RTX_4080,16,
convnext_small,64,32,fp32,17.572864532470703,False,NVIDIA_GeForce_RTX_4080,16,
convnext_small,64,64,bf16,15.211520195007324,False,NVIDIA_GeForce_RTX_4080,16,
convnext_small,64,64,fp16,15.105024337768556,False,NVIDIA_GeForce_RTX_4080,16,
convnext_small,64,64,fp32,27.971967697143555,False,NVIDIA_GeForce_RTX_4080,16,
convnext_small,128,16,bf16,14.798336029052734,False,NVIDIA_GeForce_RTX_4080,16,
convnext_small,128,16,fp16,14.6943998336792,False,NVIDIA_GeForce_RTX_4080,16,
convnext_small,128,16,fp32,32.399871826171875,False,NVIDIA_GeForce_RTX_4080,16,
convnext_small,128,32,bf16,21.556224822998047,False,NVIDIA_GeForce_RTX_4080,16,
convnext_small,128,32,fp16,21.36166381835937,False,NVIDIA_GeForce_RTX_4080,16,
convnext_small,128,32,fp32,60.507137298583984,False,NVIDIA_GeForce_RTX_4080,16,
convnext_small,128,64,bf16,36.70528030395508,False,NVIDIA_GeForce_RTX_4080,16,
convnext_small,128,64,fp16,36.59411239624024,False,NVIDIA_GeForce_RTX_4080,16,
convnext_small,128,64,fp32,115.55532836914062,False,NVIDIA_GeForce_RTX_4080,16,
convnext_small,224,16,bf16,28.57472038269043,False,NVIDIA_GeForce_RTX_4080,16,
convnext_small,224,16,fp16,28.41948890686035,False,NVIDIA_GeForce_RTX_4080,16,
convnext_small,224,16,fp32,97.0444793701172,False,NVIDIA_GeForce_RTX_4080,16,
convnext_small,224,32,bf16,52.61300659179688,False,NVIDIA_GeForce_RTX_4080,16,
convnext_small,224,32,fp16,52.189697265625,False,NVIDIA_GeForce_RTX_4080,16,
convnext_small,224,32,fp32,190.99388122558597,False,NVIDIA_GeForce_RTX_4080,16,
convnext_small,224,64,bf16,103.70492553710938,False,NVIDIA_GeForce_RTX_4080,16,
convnext_small,224,64,fp16,103.37177276611328,False,NVIDIA_GeForce_RTX_4080,16,
convnext_small,224,64,fp32,360.8576049804688,False,NVIDIA_GeForce_RTX_4080,16,
convnext_tiny,64,16,bf16,5.518159866333008,False,NVIDIA_GeForce_RTX_4080,16,
convnext_tiny,64,16,fp16,5.499904155731201,False,NVIDIA_GeForce_RTX_4080,16,
convnext_tiny,64,16,fp32,7.154687881469727,False,NVIDIA_GeForce_RTX_4080,16,
convnext_tiny,64,32,bf16,6.663584232330322,False,NVIDIA_GeForce_RTX_4080,16,
convnext_tiny,64,32,fp16,6.637887954711914,False,NVIDIA_GeForce_RTX_4080,16,
convnext_tiny,64,32,fp32,10.36032009124756,False,NVIDIA_GeForce_RTX_4080,16,
convnext_tiny,64,64,bf16,8.787967681884766,False,NVIDIA_GeForce_RTX_4080,16,
convnext_tiny,64,64,fp16,8.750528335571289,False,NVIDIA_GeForce_RTX_4080,16,
convnext_tiny,64,64,fp32,16.89241600036621,False,NVIDIA_GeForce_RTX_4080,16,
convnext_tiny,128,16,bf16,8.523263931274414,False,NVIDIA_GeForce_RTX_4080,16,
convnext_tiny,128,16,fp16,8.473600387573242,False,NVIDIA_GeForce_RTX_4080,16,
convnext_tiny,128,16,fp32,18.90355110168457,False,NVIDIA_GeForce_RTX_4080,16,
convnext_tiny,128,32,bf16,12.901887893676758,False,NVIDIA_GeForce_RTX_4080,16,
convnext_tiny,128,32,fp16,12.839936256408691,False,NVIDIA_GeForce_RTX_4080,16,
convnext_tiny,128,32,fp32,35.19590377807617,False,NVIDIA_GeForce_RTX_4080,16,
convnext_tiny,128,64,bf16,22.420991897583008,False,NVIDIA_GeForce_RTX_4080,16,
convnext_tiny,128,64,fp16,22.304128646850582,False,NVIDIA_GeForce_RTX_4080,16,
convnext_tiny,128,64,fp32,68.3687515258789,False,NVIDIA_GeForce_RTX_4080,16,
convnext_tiny,224,16,bf16,17.354751586914062,False,NVIDIA_GeForce_RTX_4080,16,
convnext_tiny,224,16,fp16,17.254383087158203,False,NVIDIA_GeForce_RTX_4080,16,
convnext_tiny,224,16,fp32,55.97123336791992,False,NVIDIA_GeForce_RTX_4080,16,
convnext_tiny,224,32,bf16,32.551937103271484,False,NVIDIA_GeForce_RTX_4080,16,
convnext_tiny,224,32,fp16,32.24208068847656,False,NVIDIA_GeForce_RTX_4080,16,
convnext_tiny,224,32,fp32,110.47679901123048,False,NVIDIA_GeForce_RTX_4080,16,
convnext_tiny,224,64,bf16,66.3157730102539,False,NVIDIA_GeForce_RTX_4080,16,
convnext_tiny,224,64,fp16,66.11246490478516,False,NVIDIA_GeForce_RTX_4080,16,
convnext_tiny,224,64,fp32,205.67173767089844,False,NVIDIA_GeForce_RTX_4080,16,
convnextv2_base,64,16,bf16,16.39321517944336,False,NVIDIA_GeForce_RTX_4080,16,
convnextv2_base,64,16,fp16,16.300031661987305,False,NVIDIA_GeForce_RTX_4080,16,
convnextv2_base,64,16,fp32,20.184431076049805,False,NVIDIA_GeForce_RTX_4080,16,
convnextv2_base,64,32,bf16,20.96945571899414,False,NVIDIA_GeForce_RTX_4080,16,
convnextv2_base,64,32,fp16,20.9192008972168,False,NVIDIA_GeForce_RTX_4080,16,
convnextv2_base,64,32,fp32,30.2423038482666,False,NVIDIA_GeForce_RTX_4080,16,
convnextv2_base,64,64,bf16,31.473936080932617,False,NVIDIA_GeForce_RTX_4080,16,
convnextv2_base,64,64,fp16,31.40608024597168,False,NVIDIA_GeForce_RTX_4080,16,
convnextv2_base,64,64,fp32,52.69097518920898,False,NVIDIA_GeForce_RTX_4080,16,
convnextv2_base,128,16,bf16,30.731264114379883,False,NVIDIA_GeForce_RTX_4080,16,
convnextv2_base,128,16,fp16,30.599519729614254,False,NVIDIA_GeForce_RTX_4080,16,
convnextv2_base,128,16,fp32,58.7907829284668,False,NVIDIA_GeForce_RTX_4080,16,
convnextv2_base,128,32,bf16,57.43052673339844,False,NVIDIA_GeForce_RTX_4080,16,
convnextv2_base,128,32,fp16,57.35270309448242,False,NVIDIA_GeForce_RTX_4080,16,
convnextv2_base,128,32,fp32,119.00621032714844,False,NVIDIA_GeForce_RTX_4080,16,
convnextv2_base,128,64,bf16,124.87935638427734,False,NVIDIA_GeForce_RTX_4080,16,
convnextv2_base,128,64,fp16,124.55884552001952,False,NVIDIA_GeForce_RTX_4080,16,
convnextv2_base,128,64,fp32,232.93849182128903,False,NVIDIA_GeForce_RTX_4080,16,
convnextv2_base,224,16,bf16,92.09343719482422,False,NVIDIA_GeForce_RTX_4080,16,
convnextv2_base,224,16,fp16,91.99411010742188,False,NVIDIA_GeForce_RTX_4080,16,
convnextv2_base,224,16,fp32,188.6893768310547,False,NVIDIA_GeForce_RTX_4080,16,
convnextv2_base,224,32,bf16,203.4109344482422,False,NVIDIA_GeForce_RTX_4080,16,
convnextv2_base,224,32,fp16,203.0402069091797,False,NVIDIA_GeForce_RTX_4080,16,
convnextv2_base,224,32,fp32,392.1233825683594,False,NVIDIA_GeForce_RTX_4080,16,
convnextv2_base,224,64,bf16,,True,NVIDIA_GeForce_RTX_4080,16,
convnextv2_base,224,64,fp16,,True,NVIDIA_GeForce_RTX_4080,16,
convnextv2_base,224,64,fp32,,True,NVIDIA_GeForce_RTX_4080,16,
deit_base_patch16_224,64,16,bf16,11.332575798034668,False,NVIDIA_GeForce_RTX_4080,16,
deit_base_patch16_224,64,16,fp16,11.31827163696289,False,NVIDIA_GeForce_RTX_4080,16,
deit_base_patch16_224,64,16,fp32,14.211456298828123,False,NVIDIA_GeForce_RTX_4080,16,
deit_base_patch16_224,64,32,bf16,13.812735557556152,False,NVIDIA_GeForce_RTX_4080,16,
deit_base_patch16_224,64,32,fp16,13.786016464233398,False,NVIDIA_GeForce_RTX_4080,16,
deit_base_patch16_224,64,32,fp32,19.8654727935791,False,NVIDIA_GeForce_RTX_4080,16,
deit_base_patch16_224,64,64,bf16,18.489856719970703,False,NVIDIA_GeForce_RTX_4080,16,
deit_base_patch16_224,64,64,fp16,18.45248031616211,False,NVIDIA_GeForce_RTX_4080,16,
deit_base_patch16_224,64,64,fp32,31.535551071166992,False,NVIDIA_GeForce_RTX_4080,16,
deit_base_patch16_224,128,16,bf16,17.51892852783203,False,NVIDIA_GeForce_RTX_4080,16,
deit_base_patch16_224,128,16,fp16,17.461759567260742,False,NVIDIA_GeForce_RTX_4080,16,
deit_base_patch16_224,128,16,fp32,31.93600082397461,False,NVIDIA_GeForce_RTX_4080,16,
deit_base_patch16_224,128,32,bf16,25.310720443725582,False,NVIDIA_GeForce_RTX_4080,16,
deit_base_patch16_224,128,32,fp16,24.98958396911621,False,NVIDIA_GeForce_RTX_4080,16,
deit_base_patch16_224,128,32,fp32,54.889984130859375,False,NVIDIA_GeForce_RTX_4080,16,
deit_base_patch16_224,128,64,bf16,41.87732696533203,False,NVIDIA_GeForce_RTX_4080,16,
deit_base_patch16_224,128,64,fp16,41.66896057128906,False,NVIDIA_GeForce_RTX_4080,16,
deit_base_patch16_224,128,64,fp32,97.84209442138672,False,NVIDIA_GeForce_RTX_4080,16,
deit_base_patch16_224,224,16,bf16,32.975135803222656,False,NVIDIA_GeForce_RTX_4080,16,
deit_base_patch16_224,224,16,fp16,32.869712829589844,False,NVIDIA_GeForce_RTX_4080,16,
deit_base_patch16_224,224,16,fp32,79.7465591430664,False,NVIDIA_GeForce_RTX_4080,16,
deit_base_patch16_224,224,32,bf16,58.9117431640625,False,NVIDIA_GeForce_RTX_4080,16,
deit_base_patch16_224,224,32,fp16,58.45913696289063,False,NVIDIA_GeForce_RTX_4080,16,
deit_base_patch16_224,224,32,fp32,152.87025451660156,False,NVIDIA_GeForce_RTX_4080,16,
deit_base_patch16_224,224,64,bf16,120.32968139648438,False,NVIDIA_GeForce_RTX_4080,16,
deit_base_patch16_224,224,64,fp16,119.56257629394533,False,NVIDIA_GeForce_RTX_4080,16,
deit_base_patch16_224,224,64,fp32,307.7557983398437,False,NVIDIA_GeForce_RTX_4080,16,
deit_small_patch16_224,64,16,bf16,4.298543930053711,False,NVIDIA_GeForce_RTX_4080,16,
deit_small_patch16_224,64,16,fp16,4.298240184783936,False,NVIDIA_GeForce_RTX_4080,16,
deit_small_patch16_224,64,16,fp32,5.4648637771606445,False,NVIDIA_GeForce_RTX_4080,16,
deit_small_patch16_224,64,32,bf16,5.093376159667969,False,NVIDIA_GeForce_RTX_4080,16,
deit_small_patch16_224,64,32,fp16,5.091328144073486,False,NVIDIA_GeForce_RTX_4080,16,
deit_small_patch16_224,64,32,fp32,7.467520236968994,False,NVIDIA_GeForce_RTX_4080,16,
deit_small_patch16_224,64,64,bf16,6.824944019317627,False,NVIDIA_GeForce_RTX_4080,16,
deit_small_patch16_224,64,64,fp16,6.810111999511719,False,NVIDIA_GeForce_RTX_4080,16,
deit_small_patch16_224,64,64,fp32,11.099648475646973,False,NVIDIA_GeForce_RTX_4080,16,
deit_small_patch16_224,128,16,bf16,6.403359889984131,False,NVIDIA_GeForce_RTX_4080,16,
deit_small_patch16_224,128,16,fp16,6.396768093109131,False,NVIDIA_GeForce_RTX_4080,16,
deit_small_patch16_224,128,16,fp32,11.327312469482422,False,NVIDIA_GeForce_RTX_4080,16,
deit_small_patch16_224,128,32,bf16,8.987024307250977,False,NVIDIA_GeForce_RTX_4080,16,
deit_small_patch16_224,128,32,fp16,8.964608192443848,False,NVIDIA_GeForce_RTX_4080,16,
deit_small_patch16_224,128,32,fp32,18.92963218688965,False,NVIDIA_GeForce_RTX_4080,16,
deit_small_patch16_224,128,64,bf16,14.48585605621338,False,NVIDIA_GeForce_RTX_4080,16,
deit_small_patch16_224,128,64,fp16,14.382080078125,False,NVIDIA_GeForce_RTX_4080,16,
deit_small_patch16_224,128,64,fp32,34.25470352172852,False,NVIDIA_GeForce_RTX_4080,16,
deit_small_patch16_224,224,16,bf16,11.247103691101074,False,NVIDIA_GeForce_RTX_4080,16,
deit_small_patch16_224,224,16,fp16,11.184000015258787,False,NVIDIA_GeForce_RTX_4080,16,
deit_small_patch16_224,224,16,fp32,28.515840530395508,False,NVIDIA_GeForce_RTX_4080,16,
deit_small_patch16_224,224,32,bf16,20.343616485595703,False,NVIDIA_GeForce_RTX_4080,16,
deit_small_patch16_224,224,32,fp16,20.165119171142575,False,NVIDIA_GeForce_RTX_4080,16,
deit_small_patch16_224,224,32,fp32,53.00070571899414,False,NVIDIA_GeForce_RTX_4080,16,
deit_small_patch16_224,224,64,bf16,38.50700759887695,False,NVIDIA_GeForce_RTX_4080,16,
deit_small_patch16_224,224,64,fp16,38.2295036315918,False,NVIDIA_GeForce_RTX_4080,16,
deit_small_patch16_224,224,64,fp32,101.9784927368164,False,NVIDIA_GeForce_RTX_4080,16,
deit_tiny_patch16_224,64,16,bf16,2.2992160320281982,False,NVIDIA_GeForce_RTX_4080,16,
deit_tiny_patch16_224,64,16,fp16,2.223615884780884,False,NVIDIA_GeForce_RTX_4080,16,
deit_tiny_patch16_224,64,16,fp32,2.602911949157715,False,NVIDIA_GeForce_RTX_4080,16,
deit_tiny_patch16_224,64,32,bf16,2.851327896118164,False,NVIDIA_GeForce_RTX_4080,16,
deit_tiny_patch16_224,64,32,fp16,2.809312105178833,False,NVIDIA_GeForce_RTX_4080,16,
deit_tiny_patch16_224,64,32,fp32,3.554816007614136,False,NVIDIA_GeForce_RTX_4080,16,
deit_tiny_patch16_224,64,64,bf16,3.378688097000122,False,NVIDIA_GeForce_RTX_4080,16,
deit_tiny_patch16_224,64,64,fp16,3.369359970092773,False,NVIDIA_GeForce_RTX_4080,16,
deit_tiny_patch16_224,64,64,fp32,4.710912227630615,False,NVIDIA_GeForce_RTX_4080,16,
deit_tiny_patch16_224,128,16,bf16,3.164671897888184,False,NVIDIA_GeForce_RTX_4080,16,
deit_tiny_patch16_224,128,16,fp16,3.162623882293701,False,NVIDIA_GeForce_RTX_4080,16,
deit_tiny_patch16_224,128,16,fp32,5.028336048126221,False,NVIDIA_GeForce_RTX_4080,16,
deit_tiny_patch16_224,128,32,bf16,4.499760150909424,False,NVIDIA_GeForce_RTX_4080,16,
deit_tiny_patch16_224,128,32,fp16,4.492288112640381,False,NVIDIA_GeForce_RTX_4080,16,
deit_tiny_patch16_224,128,32,fp32,7.705088138580322,False,NVIDIA_GeForce_RTX_4080,16,
deit_tiny_patch16_224,128,64,bf16,6.440447807312012,False,NVIDIA_GeForce_RTX_4080,16,
deit_tiny_patch16_224,128,64,fp16,6.398752212524414,False,NVIDIA_GeForce_RTX_4080,16,
deit_tiny_patch16_224,128,64,fp32,13.125632286071776,False,NVIDIA_GeForce_RTX_4080,16,
deit_tiny_patch16_224,224,16,bf16,5.466623783111572,False,NVIDIA_GeForce_RTX_4080,16,
deit_tiny_patch16_224,224,16,fp16,5.448703765869141,False,NVIDIA_GeForce_RTX_4080,16,
deit_tiny_patch16_224,224,16,fp32,11.407343864440918,False,NVIDIA_GeForce_RTX_4080,16,
deit_tiny_patch16_224,224,32,bf16,8.79257583618164,False,NVIDIA_GeForce_RTX_4080,16,
deit_tiny_patch16_224,224,32,fp16,8.725503921508789,False,NVIDIA_GeForce_RTX_4080,16,
deit_tiny_patch16_224,224,32,fp32,20.94899177551269,False,NVIDIA_GeForce_RTX_4080,16,
deit_tiny_patch16_224,224,64,bf16,16.40959930419922,False,NVIDIA_GeForce_RTX_4080,16,
deit_tiny_patch16_224,224,64,fp16,16.232799530029297,False,NVIDIA_GeForce_RTX_4080,16,
deit_tiny_patch16_224,224,64,fp32,40.23332977294922,False,NVIDIA_GeForce_RTX_4080,16,
densenet121,64,16,bf16,6.964735984802246,False,NVIDIA_GeForce_RTX_4080,16,
densenet121,64,16,fp16,6.911488056182861,False,NVIDIA_GeForce_RTX_4080,16,
densenet121,64,16,fp32,7.248335838317871,False,NVIDIA_GeForce_RTX_4080,16,
densenet121,64,32,bf16,8.482111930847168,False,NVIDIA_GeForce_RTX_4080,16,
densenet121,64,32,fp16,8.565247535705566,False,NVIDIA_GeForce_RTX_4080,16,
densenet121,64,32,fp32,9.291071891784668,False,NVIDIA_GeForce_RTX_4080,16,
densenet121,64,64,bf16,11.671551704406738,False,NVIDIA_GeForce_RTX_4080,16,
densenet121,64,64,fp16,10.579456329345703,False,NVIDIA_GeForce_RTX_4080,16,
densenet121,64,64,fp32,13.859840393066406,False,NVIDIA_GeForce_RTX_4080,16,
densenet121,128,16,bf16,9.499648094177246,False,NVIDIA_GeForce_RTX_4080,16,
densenet121,128,16,fp16,8.730624198913574,False,NVIDIA_GeForce_RTX_4080,16,
densenet121,128,16,fp32,11.131855964660645,False,NVIDIA_GeForce_RTX_4080,16,
densenet121,128,32,bf16,13.937151908874512,False,NVIDIA_GeForce_RTX_4080,16,
densenet121,128,32,fp16,12.699968338012695,False,NVIDIA_GeForce_RTX_4080,16,
densenet121,128,32,fp32,18.891775131225582,False,NVIDIA_GeForce_RTX_4080,16,
densenet121,128,64,bf16,23.634431838989254,False,NVIDIA_GeForce_RTX_4080,16,
densenet121,128,64,fp16,20.715951919555664,False,NVIDIA_GeForce_RTX_4080,16,
densenet121,128,64,fp32,39.60063934326172,False,NVIDIA_GeForce_RTX_4080,16,
densenet121,224,16,bf16,18.892799377441406,False,NVIDIA_GeForce_RTX_4080,16,
densenet121,224,16,fp16,16.7043514251709,False,NVIDIA_GeForce_RTX_4080,16,
densenet121,224,16,fp32,28.73139190673828,False,NVIDIA_GeForce_RTX_4080,16,
densenet121,224,32,bf16,36.03607940673828,False,NVIDIA_GeForce_RTX_4080,16,
densenet121,224,32,fp16,32.14591979980469,False,NVIDIA_GeForce_RTX_4080,16,
densenet121,224,32,fp32,63.2279052734375,False,NVIDIA_GeForce_RTX_4080,16,
densenet121,224,64,bf16,76.20966339111328,False,NVIDIA_GeForce_RTX_4080,16,
densenet121,224,64,fp16,69.03398132324219,False,NVIDIA_GeForce_RTX_4080,16,
densenet121,224,64,fp32,141.86341857910156,False,NVIDIA_GeForce_RTX_4080,16,
dm_nfnet_f1,64,16,bf16,30.7194881439209,False,NVIDIA_GeForce_RTX_4080,16,
dm_nfnet_f1,64,16,fp16,32.007999420166016,False,NVIDIA_GeForce_RTX_4080,16,
dm_nfnet_f1,64,16,fp32,37.14508819580078,False,NVIDIA_GeForce_RTX_4080,16,
dm_nfnet_f1,64,32,bf16,45.13678359985352,False,NVIDIA_GeForce_RTX_4080,16,
dm_nfnet_f1,64,32,fp16,45.327823638916016,False,NVIDIA_GeForce_RTX_4080,16,
dm_nfnet_f1,64,32,fp32,47.533599853515625,False,NVIDIA_GeForce_RTX_4080,16,
dm_nfnet_f1,64,64,bf16,36.64265441894531,False,NVIDIA_GeForce_RTX_4080,16,
dm_nfnet_f1,64,64,fp16,36.64140701293945,False,NVIDIA_GeForce_RTX_4080,16,
dm_nfnet_f1,64,64,fp32,70.77881622314453,False,NVIDIA_GeForce_RTX_4080,16,
dm_nfnet_f1,128,16,bf16,39.13676834106445,False,NVIDIA_GeForce_RTX_4080,16,
dm_nfnet_f1,128,16,fp16,40.11212921142578,False,NVIDIA_GeForce_RTX_4080,16,
dm_nfnet_f1,128,16,fp32,52.081520080566406,False,NVIDIA_GeForce_RTX_4080,16,
dm_nfnet_f1,128,32,bf16,62.3983039855957,False,NVIDIA_GeForce_RTX_4080,16,
dm_nfnet_f1,128,32,fp16,62.994510650634766,False,NVIDIA_GeForce_RTX_4080,16,
dm_nfnet_f1,128,32,fp32,83.17696380615234,False,NVIDIA_GeForce_RTX_4080,16,
dm_nfnet_f1,128,64,bf16,73.30923461914062,False,NVIDIA_GeForce_RTX_4080,16,
dm_nfnet_f1,128,64,fp16,75.57462310791016,False,NVIDIA_GeForce_RTX_4080,16,
dm_nfnet_f1,128,64,fp32,157.76773071289062,False,NVIDIA_GeForce_RTX_4080,16,
dm_nfnet_f1,224,16,bf16,65.76529693603516,False,NVIDIA_GeForce_RTX_4080,16,
dm_nfnet_f1,224,16,fp16,66.09964752197266,False,NVIDIA_GeForce_RTX_4080,16,
dm_nfnet_f1,224,16,fp32,122.16780853271484,False,NVIDIA_GeForce_RTX_4080,16,
dm_nfnet_f1,224,32,bf16,124.9959716796875,False,NVIDIA_GeForce_RTX_4080,16,
dm_nfnet_f1,224,32,fp16,124.45449829101562,False,NVIDIA_GeForce_RTX_4080,16,
dm_nfnet_f1,224,32,fp32,239.41632080078125,False,NVIDIA_GeForce_RTX_4080,16,
dm_nfnet_f1,224,64,bf16,221.92286682128903,False,NVIDIA_GeForce_RTX_4080,16,
dm_nfnet_f1,224,64,fp16,220.5014495849609,False,NVIDIA_GeForce_RTX_4080,16,
dm_nfnet_f1,224,64,fp32,,True,NVIDIA_GeForce_RTX_4080,16,
efficientnet_b0,64,16,bf16,4.827087879180908,False,NVIDIA_GeForce_RTX_4080,16,
efficientnet_b0,64,16,fp16,4.494736194610596,False,NVIDIA_GeForce_RTX_4080,16,
efficientnet_b0,64,16,fp32,4.306431770324707,False,NVIDIA_GeForce_RTX_4080,16,
efficientnet_b0,64,32,bf16,6.150656223297119,False,NVIDIA_GeForce_RTX_4080,16,
efficientnet_b0,64,32,fp16,5.438384056091309,False,NVIDIA_GeForce_RTX_4080,16,
efficientnet_b0,64,32,fp32,5.519728183746338,False,NVIDIA_GeForce_RTX_4080,16,
efficientnet_b0,64,64,bf16,8.238592147827148,False,NVIDIA_GeForce_RTX_4080,16,
efficientnet_b0,64,64,fp16,7.193600177764893,False,NVIDIA_GeForce_RTX_4080,16,
efficientnet_b0,64,64,fp32,8.096256256103516,False,NVIDIA_GeForce_RTX_4080,16,
efficientnet_b0,128,16,bf16,6.722559928894043,False,NVIDIA_GeForce_RTX_4080,16,
efficientnet_b0,128,16,fp16,6.361087799072266,False,NVIDIA_GeForce_RTX_4080,16,
efficientnet_b0,128,16,fp32,6.362559795379639,False,NVIDIA_GeForce_RTX_4080,16,
efficientnet_b0,128,32,bf16,10.089983940124512,False,NVIDIA_GeForce_RTX_4080,16,
efficientnet_b0,128,32,fp16,8.515024185180664,False,NVIDIA_GeForce_RTX_4080,16,
efficientnet_b0,128,32,fp32,10.345343589782717,False,NVIDIA_GeForce_RTX_4080,16,
efficientnet_b0,128,64,bf16,15.453136444091797,False,NVIDIA_GeForce_RTX_4080,16,
efficientnet_b0,128,64,fp16,12.45030403137207,False,NVIDIA_GeForce_RTX_4080,16,
efficientnet_b0,128,64,fp32,20.85681533813477,False,NVIDIA_GeForce_RTX_4080,16,
efficientnet_b0,224,16,bf16,11.949551582336426,False,NVIDIA_GeForce_RTX_4080,16,
efficientnet_b0,224,16,fp16,9.591808319091797,False,NVIDIA_GeForce_RTX_4080,16,
efficientnet_b0,224,16,fp32,15.157024383544922,False,NVIDIA_GeForce_RTX_4080,16,
efficientnet_b0,224,32,bf16,22.251007080078125,False,NVIDIA_GeForce_RTX_4080,16,
efficientnet_b0,224,32,fp16,17.125375747680664,False,NVIDIA_GeForce_RTX_4080,16,
efficientnet_b0,224,32,fp32,32.61439895629883,False,NVIDIA_GeForce_RTX_4080,16,
efficientnet_b0,224,64,bf16,46.30366516113281,False,NVIDIA_GeForce_RTX_4080,16,
efficientnet_b0,224,64,fp16,36.279296875,False,NVIDIA_GeForce_RTX_4080,16,
efficientnet_b0,224,64,fp32,70.78809356689453,False,NVIDIA_GeForce_RTX_4080,16,
efficientnet_b3,64,16,bf16,8.851967811584473,False,NVIDIA_GeForce_RTX_4080,16,
efficientnet_b3,64,16,fp16,8.164863586425781,False,NVIDIA_GeForce_RTX_4080,16,
efficientnet_b3,64,16,fp32,8.435487747192383,False,NVIDIA_GeForce_RTX_4080,16,
efficientnet_b3,64,32,bf16,11.109375953674316,False,NVIDIA_GeForce_RTX_4080,16,
efficientnet_b3,64,32,fp16,9.91158390045166,False,NVIDIA_GeForce_RTX_4080,16,
efficientnet_b3,64,32,fp32,11.15937614440918,False,NVIDIA_GeForce_RTX_4080,16,
efficientnet_b3,64,64,bf16,15.557503700256348,False,NVIDIA_GeForce_RTX_4080,16,
efficientnet_b3,64,64,fp16,13.435903549194336,False,NVIDIA_GeForce_RTX_4080,16,
efficientnet_b3,64,64,fp32,16.71526336669922,False,NVIDIA_GeForce_RTX_4080,16,
efficientnet_b3,128,16,bf16,12.204544067382812,False,NVIDIA_GeForce_RTX_4080,16,
efficientnet_b3,128,16,fp16,10.407232284545898,False,NVIDIA_GeForce_RTX_4080,16,
efficientnet_b3,128,16,fp32,12.83071994781494,False,NVIDIA_GeForce_RTX_4080,16,
efficientnet_b3,128,32,bf16,18.454383850097656,False,NVIDIA_GeForce_RTX_4080,16,
efficientnet_b3,128,32,fp16,15.316479682922363,False,NVIDIA_GeForce_RTX_4080,16,
efficientnet_b3,128,32,fp32,21.57926368713379,False,NVIDIA_GeForce_RTX_4080,16,
efficientnet_b3,128,64,bf16,29.915647506713867,False,NVIDIA_GeForce_RTX_4080,16,
efficientnet_b3,128,64,fp16,23.92720031738281,False,NVIDIA_GeForce_RTX_4080,16,
efficientnet_b3,128,64,fp32,43.62123107910156,False,NVIDIA_GeForce_RTX_4080,16,
efficientnet_b3,224,16,bf16,22.584623336791992,False,NVIDIA_GeForce_RTX_4080,16,
efficientnet_b3,224,16,fp16,17.019392013549805,False,NVIDIA_GeForce_RTX_4080,16,
efficientnet_b3,224,16,fp32,31.48734474182129,False,NVIDIA_GeForce_RTX_4080,16,
efficientnet_b3,224,32,bf16,43.61113739013672,False,NVIDIA_GeForce_RTX_4080,16,
efficientnet_b3,224,32,fp16,33.293312072753906,False,NVIDIA_GeForce_RTX_4080,16,
efficientnet_b3,224,32,fp32,67.0242691040039,False,NVIDIA_GeForce_RTX_4080,16,
efficientnet_b3,224,64,bf16,90.29325103759766,False,NVIDIA_GeForce_RTX_4080,16,
efficientnet_b3,224,64,fp16,71.24476623535156,False,NVIDIA_GeForce_RTX_4080,16,
efficientnet_b3,224,64,fp32,143.92115783691406,False,NVIDIA_GeForce_RTX_4080,16,
efficientnet_b5,64,16,bf16,15.704575538635254,False,NVIDIA_GeForce_RTX_4080,16,
efficientnet_b5,64,16,fp16,14.269951820373535,False,NVIDIA_GeForce_RTX_4080,16,
efficientnet_b5,64,16,fp32,16.495616912841797,False,NVIDIA_GeForce_RTX_4080,16,
efficientnet_b5,64,32,bf16,19.882848739624023,False,NVIDIA_GeForce_RTX_4080,16,
efficientnet_b5,64,32,fp16,17.342464447021484,False,NVIDIA_GeForce_RTX_4080,16,
efficientnet_b5,64,32,fp32,21.66107177734375,False,NVIDIA_GeForce_RTX_4080,16,
efficientnet_b5,64,64,bf16,28.48961639404297,False,NVIDIA_GeForce_RTX_4080,16,
efficientnet_b5,64,64,fp16,23.785472869873047,False,NVIDIA_GeForce_RTX_4080,16,
efficientnet_b5,64,64,fp32,32.36385726928711,False,NVIDIA_GeForce_RTX_4080,16,
efficientnet_b5,128,16,bf16,21.24492835998535,False,NVIDIA_GeForce_RTX_4080,16,
efficientnet_b5,128,16,fp16,17.50579261779785,False,NVIDIA_GeForce_RTX_4080,16,
efficientnet_b5,128,16,fp32,24.28104019165039,False,NVIDIA_GeForce_RTX_4080,16,
efficientnet_b5,128,32,bf16,31.912736892700195,False,NVIDIA_GeForce_RTX_4080,16,
efficientnet_b5,128,32,fp16,25.426944732666016,False,NVIDIA_GeForce_RTX_4080,16,
efficientnet_b5,128,32,fp32,41.15711975097656,False,NVIDIA_GeForce_RTX_4080,16,
efficientnet_b5,128,64,bf16,56.57958221435547,False,NVIDIA_GeForce_RTX_4080,16,
efficientnet_b5,128,64,fp16,44.55830383300781,False,NVIDIA_GeForce_RTX_4080,16,
efficientnet_b5,128,64,fp32,84.2054214477539,False,NVIDIA_GeForce_RTX_4080,16,
efficientnet_b5,224,16,bf16,41.89593505859375,False,NVIDIA_GeForce_RTX_4080,16,
efficientnet_b5,224,16,fp16,31.319040298461918,False,NVIDIA_GeForce_RTX_4080,16,
efficientnet_b5,224,16,fp32,59.83078384399414,False,NVIDIA_GeForce_RTX_4080,16,
efficientnet_b5,224,32,bf16,82.93470764160156,False,NVIDIA_GeForce_RTX_4080,16,
efficientnet_b5,224,32,fp16,62.49420928955078,False,NVIDIA_GeForce_RTX_4080,16,
efficientnet_b5,224,32,fp32,131.0155487060547,False,NVIDIA_GeForce_RTX_4080,16,
efficientnet_b5,224,64,bf16,170.17344665527344,False,NVIDIA_GeForce_RTX_4080,16,
efficientnet_b5,224,64,fp16,132.2767333984375,False,NVIDIA_GeForce_RTX_4080,16,
efficientnet_b5,224,64,fp32,,True,NVIDIA_GeForce_RTX_4080,16,
efficientnetv2_l,64,16,bf16,36.7174072265625,False,NVIDIA_GeForce_RTX_4080,16,
efficientnetv2_l,64,16,fp16,35.68214416503906,False,NVIDIA_GeForce_RTX_4080,16,
efficientnetv2_l,64,16,fp32,46.74816131591797,False,NVIDIA_GeForce_RTX_4080,16,
efficientnetv2_l,64,32,bf16,44.84966278076172,False,NVIDIA_GeForce_RTX_4080,16,
efficientnetv2_l,64,32,fp16,41.82681655883789,False,NVIDIA_GeForce_RTX_4080,16,
efficientnetv2_l,64,32,fp32,60.07950210571289,False,NVIDIA_GeForce_RTX_4080,16,
efficientnetv2_l,64,64,bf16,58.38473510742188,False,NVIDIA_GeForce_RTX_4080,16,
efficientnetv2_l,64,64,fp16,51.72582244873047,False,NVIDIA_GeForce_RTX_4080,16,
efficientnetv2_l,64,64,fp32,83.17747497558594,False,NVIDIA_GeForce_RTX_4080,16,
efficientnetv2_l,128,16,bf16,45.6550407409668,False,NVIDIA_GeForce_RTX_4080,16,
efficientnetv2_l,128,16,fp16,42.31828689575195,False,NVIDIA_GeForce_RTX_4080,16,
efficientnetv2_l,128,16,fp32,58.64448165893555,False,NVIDIA_GeForce_RTX_4080,16,
efficientnetv2_l,128,32,bf16,63.60934448242188,False,NVIDIA_GeForce_RTX_4080,16,
efficientnetv2_l,128,32,fp16,56.29900741577149,False,NVIDIA_GeForce_RTX_4080,16,
efficientnetv2_l,128,32,fp32,86.19264221191406,False,NVIDIA_GeForce_RTX_4080,16,
efficientnetv2_l,128,64,bf16,102.5960922241211,False,NVIDIA_GeForce_RTX_4080,16,
efficientnetv2_l,128,64,fp16,87.97644805908203,False,NVIDIA_GeForce_RTX_4080,16,
efficientnetv2_l,128,64,fp32,150.18392944335938,False,NVIDIA_GeForce_RTX_4080,16,
efficientnetv2_l,224,16,bf16,75.73197174072266,False,NVIDIA_GeForce_RTX_4080,16,
efficientnetv2_l,224,16,fp16,62.38822555541992,False,NVIDIA_GeForce_RTX_4080,16,
efficientnetv2_l,224,16,fp32,109.40825653076172,False,NVIDIA_GeForce_RTX_4080,16,
efficientnetv2_l,224,32,bf16,132.92697143554688,False,NVIDIA_GeForce_RTX_4080,16,
efficientnetv2_l,224,32,fp16,107.67974090576172,False,NVIDIA_GeForce_RTX_4080,16,
efficientnetv2_l,224,32,fp32,,True,NVIDIA_GeForce_RTX_4080,16,
efficientnetv2_l,224,64,bf16,,True,NVIDIA_GeForce_RTX_4080,16,
efficientnetv2_l,224,64,fp16,,True,NVIDIA_GeForce_RTX_4080,16,
efficientnetv2_l,224,64,fp32,,True,NVIDIA_GeForce_RTX_4080,16,
efficientnetv2_m,64,16,bf16,22.38969612121582,False,NVIDIA_GeForce_RTX_4080,16,
efficientnetv2_m,64,16,fp16,20.8353271484375,False,NVIDIA_GeForce_RTX_4080,16,
efficientnetv2_m,64,16,fp32,23.996416091918945,False,NVIDIA_GeForce_RTX_4080,16,
efficientnetv2_m,64,32,bf16,27.837440490722656,False,NVIDIA_GeForce_RTX_4080,16,
efficientnetv2_m,64,32,fp16,24.90675163269043,False,NVIDIA_GeForce_RTX_4080,16,
efficientnetv2_m,64,32,fp32,30.317567825317383,False,NVIDIA_GeForce_RTX_4080,16,
efficientnetv2_m,64,64,bf16,37.41592025756836,False,NVIDIA_GeForce_RTX_4080,16,
efficientnetv2_m,64,64,fp16,32.025054931640625,False,NVIDIA_GeForce_RTX_4080,16,
efficientnetv2_m,64,64,fp32,42.81907272338867,False,NVIDIA_GeForce_RTX_4080,16,
efficientnetv2_m,128,16,bf16,27.69049644470215,False,NVIDIA_GeForce_RTX_4080,16,
efficientnetv2_m,128,16,fp16,24.6552791595459,False,NVIDIA_GeForce_RTX_4080,16,
efficientnetv2_m,128,16,fp32,30.92736053466797,False,NVIDIA_GeForce_RTX_4080,16,
efficientnetv2_m,128,32,bf16,38.01651382446289,False,NVIDIA_GeForce_RTX_4080,16,
efficientnetv2_m,128,32,fp16,32.75096130371094,False,NVIDIA_GeForce_RTX_4080,16,
efficientnetv2_m,128,32,fp32,45.36678314208984,False,NVIDIA_GeForce_RTX_4080,16,
efficientnetv2_m,128,64,bf16,57.10980987548828,False,NVIDIA_GeForce_RTX_4080,16,
efficientnetv2_m,128,64,fp16,48.2327995300293,False,NVIDIA_GeForce_RTX_4080,16,
efficientnetv2_m,128,64,fp32,77.66425323486328,False,NVIDIA_GeForce_RTX_4080,16,
efficientnetv2_m,224,16,bf16,42.376686096191406,False,NVIDIA_GeForce_RTX_4080,16,
efficientnetv2_m,224,16,fp16,34.148128509521484,False,NVIDIA_GeForce_RTX_4080,16,
efficientnetv2_m,224,16,fp32,56.32921600341797,False,NVIDIA_GeForce_RTX_4080,16,
efficientnetv2_m,224,32,bf16,73.2799072265625,False,NVIDIA_GeForce_RTX_4080,16,
efficientnetv2_m,224,32,fp16,58.07596969604492,False,NVIDIA_GeForce_RTX_4080,16,
efficientnetv2_m,224,32,fp32,108.6207504272461,False,NVIDIA_GeForce_RTX_4080,16,
efficientnetv2_m,224,64,bf16,141.85816955566406,False,NVIDIA_GeForce_RTX_4080,16,
efficientnetv2_m,224,64,fp16,113.8887710571289,False,NVIDIA_GeForce_RTX_4080,16,
efficientnetv2_m,224,64,fp32,,True,NVIDIA_GeForce_RTX_4080,16,
efficientnetv2_s,64,16,bf16,12.23782444000244,False,NVIDIA_GeForce_RTX_4080,16,
efficientnetv2_s,64,16,fp16,11.721728324890137,False,NVIDIA_GeForce_RTX_4080,16,
efficientnetv2_s,64,16,fp32,12.429311752319336,False,NVIDIA_GeForce_RTX_4080,16,
efficientnetv2_s,64,32,bf16,14.462464332580566,False,NVIDIA_GeForce_RTX_4080,16,
efficientnetv2_s,64,32,fp16,13.260175704956056,False,NVIDIA_GeForce_RTX_4080,16,
efficientnetv2_s,64,32,fp32,15.587776184082031,False,NVIDIA_GeForce_RTX_4080,16,
efficientnetv2_s,64,64,bf16,19.552719116210938,False,NVIDIA_GeForce_RTX_4080,16,
efficientnetv2_s,64,64,fp16,17.166847229003906,False,NVIDIA_GeForce_RTX_4080,16,
efficientnetv2_s,64,64,fp32,21.229440689086918,False,NVIDIA_GeForce_RTX_4080,16,
efficientnetv2_s,128,16,bf16,15.30777645111084,False,NVIDIA_GeForce_RTX_4080,16,
efficientnetv2_s,128,16,fp16,13.722111701965332,False,NVIDIA_GeForce_RTX_4080,16,
efficientnetv2_s,128,16,fp32,16.689151763916016,False,NVIDIA_GeForce_RTX_4080,16,
efficientnetv2_s,128,32,bf16,20.63104057312012,False,NVIDIA_GeForce_RTX_4080,16,
efficientnetv2_s,128,32,fp16,17.62303924560547,False,NVIDIA_GeForce_RTX_4080,16,
efficientnetv2_s,128,32,fp32,24.490991592407227,False,NVIDIA_GeForce_RTX_4080,16,
efficientnetv2_s,128,64,bf16,32.05624008178711,False,NVIDIA_GeForce_RTX_4080,16,
efficientnetv2_s,128,64,fp16,26.506736755371094,False,NVIDIA_GeForce_RTX_4080,16,
efficientnetv2_s,128,64,fp32,42.61251068115234,False,NVIDIA_GeForce_RTX_4080,16,
efficientnetv2_s,224,16,bf16,24.714704513549805,False,NVIDIA_GeForce_RTX_4080,16,
efficientnetv2_s,224,16,fp16,20.12876892089844,False,NVIDIA_GeForce_RTX_4080,16,
efficientnetv2_s,224,16,fp32,32.02969741821289,False,NVIDIA_GeForce_RTX_4080,16,
efficientnetv2_s,224,32,bf16,43.08919906616211,False,NVIDIA_GeForce_RTX_4080,16,
efficientnetv2_s,224,32,fp16,34.45431900024414,False,NVIDIA_GeForce_RTX_4080,16,
efficientnetv2_s,224,32,fp32,61.718017578125,False,NVIDIA_GeForce_RTX_4080,16,
efficientnetv2_s,224,64,bf16,86.44863891601562,False,NVIDIA_GeForce_RTX_4080,16,
efficientnetv2_s,224,64,fp16,70.65548706054688,False,NVIDIA_GeForce_RTX_4080,16,
efficientnetv2_s,224,64,fp32,137.4484405517578,False,NVIDIA_GeForce_RTX_4080,16,
fastvit_t12,64,16,bf16,5.509119987487793,False,NVIDIA_GeForce_RTX_4080,16,
fastvit_t12,64,16,fp16,5.222400188446045,False,NVIDIA_GeForce_RTX_4080,16,
fastvit_t12,64,16,fp32,5.235568046569824,False,NVIDIA_GeForce_RTX_4080,16,
fastvit_t12,64,32,bf16,6.985680103302002,False,NVIDIA_GeForce_RTX_4080,16,
fastvit_t12,64,32,fp16,6.434304237365723,False,NVIDIA_GeForce_RTX_4080,16,
fastvit_t12,64,32,fp32,7.072768211364746,False,NVIDIA_GeForce_RTX_4080,16,
fastvit_t12,64,64,bf16,10.193840026855469,False,NVIDIA_GeForce_RTX_4080,16,
fastvit_t12,64,64,fp16,9.246208190917969,False,NVIDIA_GeForce_RTX_4080,16,
fastvit_t12,64,64,fp32,10.53384017944336,False,NVIDIA_GeForce_RTX_4080,16,
fastvit_t12,128,16,bf16,8.131584167480469,False,NVIDIA_GeForce_RTX_4080,16,
fastvit_t12,128,16,fp16,7.459839820861816,False,NVIDIA_GeForce_RTX_4080,16,
fastvit_t12,128,16,fp32,8.426495552062988,False,NVIDIA_GeForce_RTX_4080,16,
fastvit_t12,128,32,bf16,12.723199844360352,False,NVIDIA_GeForce_RTX_4080,16,
fastvit_t12,128,32,fp16,11.607040405273438,False,NVIDIA_GeForce_RTX_4080,16,
fastvit_t12,128,32,fp32,14.68876838684082,False,NVIDIA_GeForce_RTX_4080,16,
fastvit_t12,128,64,bf16,24.06395149230957,False,NVIDIA_GeForce_RTX_4080,16,
fastvit_t12,128,64,fp16,21.81153678894043,False,NVIDIA_GeForce_RTX_4080,16,
fastvit_t12,128,64,fp32,27.964303970336918,False,NVIDIA_GeForce_RTX_4080,16,
fastvit_t12,224,16,bf16,17.597951889038086,False,NVIDIA_GeForce_RTX_4080,16,
fastvit_t12,224,16,fp16,15.492015838623049,False,NVIDIA_GeForce_RTX_4080,16,
fastvit_t12,224,16,fp32,20.03126335144043,False,NVIDIA_GeForce_RTX_4080,16,
fastvit_t12,224,32,bf16,34.53081512451172,False,NVIDIA_GeForce_RTX_4080,16,
fastvit_t12,224,32,fp16,30.73889541625977,False,NVIDIA_GeForce_RTX_4080,16,
fastvit_t12,224,32,fp32,43.54439926147461,False,NVIDIA_GeForce_RTX_4080,16,
fastvit_t12,224,64,bf16,74.61939239501953,False,NVIDIA_GeForce_RTX_4080,16,
fastvit_t12,224,64,fp16,67.03257751464844,False,NVIDIA_GeForce_RTX_4080,16,
fastvit_t12,224,64,fp32,97.7976303100586,False,NVIDIA_GeForce_RTX_4080,16,
fastvit_t8,64,16,bf16,4.351280212402344,False,NVIDIA_GeForce_RTX_4080,16,
fastvit_t8,64,16,fp16,4.107664108276367,False,NVIDIA_GeForce_RTX_4080,16,
fastvit_t8,64,16,fp32,3.8046720027923584,False,NVIDIA_GeForce_RTX_4080,16,
fastvit_t8,64,32,bf16,5.435823917388916,False,NVIDIA_GeForce_RTX_4080,16,
fastvit_t8,64,32,fp16,5.016064167022705,False,NVIDIA_GeForce_RTX_4080,16,
fastvit_t8,64,32,fp32,4.869631767272949,False,NVIDIA_GeForce_RTX_4080,16,
fastvit_t8,64,64,bf16,7.334703922271728,False,NVIDIA_GeForce_RTX_4080,16,
fastvit_t8,64,64,fp16,6.575615882873535,False,NVIDIA_GeForce_RTX_4080,16,
fastvit_t8,64,64,fp32,7.004079818725586,False,NVIDIA_GeForce_RTX_4080,16,
fastvit_t8,128,16,bf16,6.24124813079834,False,NVIDIA_GeForce_RTX_4080,16,
fastvit_t8,128,16,fp16,5.646848201751709,False,NVIDIA_GeForce_RTX_4080,16,
fastvit_t8,128,16,fp32,5.916160106658936,False,NVIDIA_GeForce_RTX_4080,16,
fastvit_t8,128,32,bf16,9.23793601989746,False,NVIDIA_GeForce_RTX_4080,16,
fastvit_t8,128,32,fp16,8.195584297180176,False,NVIDIA_GeForce_RTX_4080,16,
fastvit_t8,128,32,fp32,9.445280075073242,False,NVIDIA_GeForce_RTX_4080,16,
fastvit_t8,128,64,bf16,16.358768463134766,False,NVIDIA_GeForce_RTX_4080,16,
fastvit_t8,128,64,fp16,14.632800102233888,False,NVIDIA_GeForce_RTX_4080,16,
fastvit_t8,128,64,fp32,17.894960403442383,False,NVIDIA_GeForce_RTX_4080,16,
fastvit_t8,224,16,bf16,12.606399536132812,False,NVIDIA_GeForce_RTX_4080,16,
fastvit_t8,224,16,fp16,10.982399940490724,False,NVIDIA_GeForce_RTX_4080,16,
fastvit_t8,224,16,fp32,13.370368003845217,False,NVIDIA_GeForce_RTX_4080,16,
fastvit_t8,224,32,bf16,24.19500732421875,False,NVIDIA_GeForce_RTX_4080,16,
fastvit_t8,224,32,fp16,21.296640396118164,False,NVIDIA_GeForce_RTX_4080,16,
fastvit_t8,224,32,fp32,28.585983276367188,False,NVIDIA_GeForce_RTX_4080,16,
fastvit_t8,224,64,bf16,51.23564910888672,False,NVIDIA_GeForce_RTX_4080,16,
fastvit_t8,224,64,fp16,45.24288177490234,False,NVIDIA_GeForce_RTX_4080,16,
fastvit_t8,224,64,fp32,64.5370864868164,False,NVIDIA_GeForce_RTX_4080,16,
maxvit_tiny_tf_224,64,16,bf16,12.49995231628418,False,NVIDIA_GeForce_RTX_4080,16,
maxvit_tiny_tf_224,64,16,fp16,11.906047821044922,False,NVIDIA_GeForce_RTX_4080,16,
maxvit_tiny_tf_224,64,16,fp32,16.323904037475586,False,NVIDIA_GeForce_RTX_4080,16,
maxvit_tiny_tf_224,64,32,bf16,16.071680068969727,False,NVIDIA_GeForce_RTX_4080,16,
maxvit_tiny_tf_224,64,32,fp16,15.301631927490234,False,NVIDIA_GeForce_RTX_4080,16,
maxvit_tiny_tf_224,64,32,fp32,24.49545669555664,False,NVIDIA_GeForce_RTX_4080,16,
maxvit_tiny_tf_224,64,64,bf16,23.77318382263184,False,NVIDIA_GeForce_RTX_4080,16,
maxvit_tiny_tf_224,64,64,fp16,22.230527877807617,False,NVIDIA_GeForce_RTX_4080,16,
maxvit_tiny_tf_224,64,64,fp32,41.68601608276367,False,NVIDIA_GeForce_RTX_4080,16,
maxvit_tiny_tf_224,128,16,bf16,19.42118453979492,False,NVIDIA_GeForce_RTX_4080,16,
maxvit_tiny_tf_224,128,16,fp16,18.20876884460449,False,NVIDIA_GeForce_RTX_4080,16,
maxvit_tiny_tf_224,128,16,fp32,29.17364883422852,False,NVIDIA_GeForce_RTX_4080,16,
maxvit_tiny_tf_224,128,32,bf16,32.04710388183594,False,NVIDIA_GeForce_RTX_4080,16,
maxvit_tiny_tf_224,128,32,fp16,30.0599365234375,False,NVIDIA_GeForce_RTX_4080,16,
maxvit_tiny_tf_224,128,32,fp32,54.09689712524414,False,NVIDIA_GeForce_RTX_4080,16,
maxvit_tiny_tf_224,128,64,bf16,59.19692611694336,False,NVIDIA_GeForce_RTX_4080,16,
maxvit_tiny_tf_224,128,64,fp16,55.42583847045898,False,NVIDIA_GeForce_RTX_4080,16,
maxvit_tiny_tf_224,128,64,fp32,107.49176025390624,False,NVIDIA_GeForce_RTX_4080,16,
maxvit_tiny_tf_224,224,16,bf16,44.00020980834961,False,NVIDIA_GeForce_RTX_4080,16,
maxvit_tiny_tf_224,224,16,fp16,41.01012802124024,False,NVIDIA_GeForce_RTX_4080,16,
maxvit_tiny_tf_224,224,16,fp32,75.80210876464844,False,NVIDIA_GeForce_RTX_4080,16,
maxvit_tiny_tf_224,224,32,bf16,84.42572784423828,False,NVIDIA_GeForce_RTX_4080,16,
maxvit_tiny_tf_224,224,32,fp16,79.34925079345703,False,NVIDIA_GeForce_RTX_4080,16,
maxvit_tiny_tf_224,224,32,fp32,154.46783447265625,False,NVIDIA_GeForce_RTX_4080,16,
maxvit_tiny_tf_224,224,64,bf16,174.3738250732422,False,NVIDIA_GeForce_RTX_4080,16,
maxvit_tiny_tf_224,224,64,fp16,165.70982360839844,False,NVIDIA_GeForce_RTX_4080,16,
maxvit_tiny_tf_224,224,64,fp32,,True,NVIDIA_GeForce_RTX_4080,16,
mixer_b16_224,64,16,bf16,9.297264099121094,False,NVIDIA_GeForce_RTX_4080,16,
mixer_b16_224,64,16,fp16,9.235967636108398,False,NVIDIA_GeForce_RTX_4080,16,
mixer_b16_224,64,16,fp32,12.114815711975098,False,NVIDIA_GeForce_RTX_4080,16,
mixer_b16_224,64,32,bf16,12.905983924865724,False,NVIDIA_GeForce_RTX_4080,16,
mixer_b16_224,64,32,fp16,12.751872062683104,False,NVIDIA_GeForce_RTX_4080,16,
mixer_b16_224,64,32,fp32,20.09190368652344,False,NVIDIA_GeForce_RTX_4080,16,
mixer_b16_224,64,64,bf16,19.494911193847656,False,NVIDIA_GeForce_RTX_4080,16,
mixer_b16_224,64,64,fp16,19.34848022460937,False,NVIDIA_GeForce_RTX_4080,16,
mixer_b16_224,64,64,fp32,38.27711868286133,False,NVIDIA_GeForce_RTX_4080,16,
mixer_b16_224,128,16,bf16,13.903871536254885,False,NVIDIA_GeForce_RTX_4080,16,
mixer_b16_224,128,16,fp16,13.790207862854004,False,NVIDIA_GeForce_RTX_4080,16,
mixer_b16_224,128,16,fp32,23.80134391784668,False,NVIDIA_GeForce_RTX_4080,16,
mixer_b16_224,128,32,bf16,21.796863555908203,False,NVIDIA_GeForce_RTX_4080,16,
mixer_b16_224,128,32,fp16,21.670320510864254,False,NVIDIA_GeForce_RTX_4080,16,
mixer_b16_224,128,32,fp32,43.59107208251953,False,NVIDIA_GeForce_RTX_4080,16,
mixer_b16_224,128,64,bf16,38.17523193359375,False,NVIDIA_GeForce_RTX_4080,16,
mixer_b16_224,128,64,fp16,38.11163330078125,False,NVIDIA_GeForce_RTX_4080,16,
mixer_b16_224,128,64,fp32,82.16471862792969,False,NVIDIA_GeForce_RTX_4080,16,
mixer_b16_224,224,16,bf16,27.139423370361328,False,NVIDIA_GeForce_RTX_4080,16,
mixer_b16_224,224,16,fp16,26.929664611816406,False,NVIDIA_GeForce_RTX_4080,16,
mixer_b16_224,224,16,fp32,57.16721725463867,False,NVIDIA_GeForce_RTX_4080,16,
mixer_b16_224,224,32,bf16,49.42631912231445,False,NVIDIA_GeForce_RTX_4080,16,
mixer_b16_224,224,32,fp16,49.13868713378906,False,NVIDIA_GeForce_RTX_4080,16,
mixer_b16_224,224,32,fp32,110.00115203857422,False,NVIDIA_GeForce_RTX_4080,16,
mixer_b16_224,224,64,bf16,101.78304290771484,False,NVIDIA_GeForce_RTX_4080,16,
mixer_b16_224,224,64,fp16,101.11743927001952,False,NVIDIA_GeForce_RTX_4080,16,
mixer_b16_224,224,64,fp32,223.36614990234372,False,NVIDIA_GeForce_RTX_4080,16,
mobilenetv2_100,64,16,bf16,3.0499839782714844,False,NVIDIA_GeForce_RTX_4080,16,
mobilenetv2_100,64,16,fp16,2.70796799659729,False,NVIDIA_GeForce_RTX_4080,16,
mobilenetv2_100,64,16,fp32,2.618880033493042,False,NVIDIA_GeForce_RTX_4080,16,
mobilenetv2_100,64,32,bf16,4.028863906860352,False,NVIDIA_GeForce_RTX_4080,16,
mobilenetv2_100,64,32,fp16,3.370448112487793,False,NVIDIA_GeForce_RTX_4080,16,
mobilenetv2_100,64,32,fp32,3.576319932937622,False,NVIDIA_GeForce_RTX_4080,16,
mobilenetv2_100,64,64,bf16,5.508063793182373,False,NVIDIA_GeForce_RTX_4080,16,
mobilenetv2_100,64,64,fp16,4.534080028533936,False,NVIDIA_GeForce_RTX_4080,16,
mobilenetv2_100,64,64,fp32,5.351871967315674,False,NVIDIA_GeForce_RTX_4080,16,
mobilenetv2_100,128,16,bf16,4.467711925506592,False,NVIDIA_GeForce_RTX_4080,16,
mobilenetv2_100,128,16,fp16,3.711440086364746,False,NVIDIA_GeForce_RTX_4080,16,
mobilenetv2_100,128,16,fp32,4.386240005493164,False,NVIDIA_GeForce_RTX_4080,16,
mobilenetv2_100,128,32,bf16,6.962687969207764,False,NVIDIA_GeForce_RTX_4080,16,
mobilenetv2_100,128,32,fp16,5.654975891113281,False,NVIDIA_GeForce_RTX_4080,16,
mobilenetv2_100,128,32,fp32,7.605760097503662,False,NVIDIA_GeForce_RTX_4080,16,
mobilenetv2_100,128,64,bf16,11.705696105957031,False,NVIDIA_GeForce_RTX_4080,16,
mobilenetv2_100,128,64,fp16,9.308671951293944,False,NVIDIA_GeForce_RTX_4080,16,
mobilenetv2_100,128,64,fp32,15.726079940795898,False,NVIDIA_GeForce_RTX_4080,16,
mobilenetv2_100,224,16,bf16,8.927743911743164,False,NVIDIA_GeForce_RTX_4080,16,
mobilenetv2_100,224,16,fp16,6.782927989959717,False,NVIDIA_GeForce_RTX_4080,16,
mobilenetv2_100,224,16,fp32,11.501968383789062,False,NVIDIA_GeForce_RTX_4080,16,
mobilenetv2_100,224,32,bf16,17.33252716064453,False,NVIDIA_GeForce_RTX_4080,16,
mobilenetv2_100,224,32,fp16,13.505023956298828,False,NVIDIA_GeForce_RTX_4080,16,
mobilenetv2_100,224,32,fp32,25.342464447021484,False,NVIDIA_GeForce_RTX_4080,16,
mobilenetv2_100,224,64,bf16,36.12928009033203,False,NVIDIA_GeForce_RTX_4080,16,
mobilenetv2_100,224,64,fp16,28.641632080078125,False,NVIDIA_GeForce_RTX_4080,16,
mobilenetv2_100,224,64,fp32,54.79423904418945,False,NVIDIA_GeForce_RTX_4080,16,
mobilenetv3_large_100,64,16,bf16,3.5480639934539795,False,NVIDIA_GeForce_RTX_4080,16,
mobilenetv3_large_100,64,16,fp16,3.2890241146087646,False,NVIDIA_GeForce_RTX_4080,16,
mobilenetv3_large_100,64,16,fp32,2.7243518829345703,False,NVIDIA_GeForce_RTX_4080,16,
mobilenetv3_large_100,64,32,bf16,4.864416122436523,False,NVIDIA_GeForce_RTX_4080,16,
mobilenetv3_large_100,64,32,fp16,4.270559787750244,False,NVIDIA_GeForce_RTX_4080,16,
mobilenetv3_large_100,64,32,fp32,3.576832056045532,False,NVIDIA_GeForce_RTX_4080,16,
mobilenetv3_large_100,64,64,bf16,5.650944232940674,False,NVIDIA_GeForce_RTX_4080,16,
mobilenetv3_large_100,64,64,fp16,4.752880096435547,False,NVIDIA_GeForce_RTX_4080,16,
mobilenetv3_large_100,64,64,fp32,4.994048118591309,False,NVIDIA_GeForce_RTX_4080,16,
mobilenetv3_large_100,128,16,bf16,4.898816108703613,False,NVIDIA_GeForce_RTX_4080,16,
mobilenetv3_large_100,128,16,fp16,4.203375816345215,False,NVIDIA_GeForce_RTX_4080,16,
mobilenetv3_large_100,128,16,fp32,3.959775924682617,False,NVIDIA_GeForce_RTX_4080,16,
mobilenetv3_large_100,128,32,bf16,7.436287879943848,False,NVIDIA_GeForce_RTX_4080,16,
mobilenetv3_large_100,128,32,fp16,6.220208168029785,False,NVIDIA_GeForce_RTX_4080,16,
mobilenetv3_large_100,128,32,fp32,6.12505578994751,False,NVIDIA_GeForce_RTX_4080,16,
mobilenetv3_large_100,128,64,bf16,10.248703956604004,False,NVIDIA_GeForce_RTX_4080,16,
mobilenetv3_large_100,128,64,fp16,8.136704444885254,False,NVIDIA_GeForce_RTX_4080,16,
mobilenetv3_large_100,128,64,fp32,11.082592010498049,False,NVIDIA_GeForce_RTX_4080,16,
mobilenetv3_large_100,224,16,bf16,8.112591743469238,False,NVIDIA_GeForce_RTX_4080,16,
mobilenetv3_large_100,224,16,fp16,6.377471923828125,False,NVIDIA_GeForce_RTX_4080,16,
mobilenetv3_large_100,224,16,fp32,8.606160163879395,False,NVIDIA_GeForce_RTX_4080,16,
mobilenetv3_large_100,224,32,bf16,14.546431541442873,False,NVIDIA_GeForce_RTX_4080,16,
mobilenetv3_large_100,224,32,fp16,11.29923152923584,False,NVIDIA_GeForce_RTX_4080,16,
mobilenetv3_large_100,224,32,fp32,16.53593635559082,False,NVIDIA_GeForce_RTX_4080,16,
mobilenetv3_large_100,224,64,bf16,26.739696502685547,False,NVIDIA_GeForce_RTX_4080,16,
mobilenetv3_large_100,224,64,fp16,20.13849639892578,False,NVIDIA_GeForce_RTX_4080,16,
mobilenetv3_large_100,224,64,fp32,37.00889587402344,False,NVIDIA_GeForce_RTX_4080,16,
mobilenetv3_small_100,64,16,bf16,2.2067201137542725,False,NVIDIA_GeForce_RTX_4080,16,
mobilenetv3_small_100,64,16,fp16,2.034656047821045,False,NVIDIA_GeForce_RTX_4080,16,
mobilenetv3_small_100,64,16,fp32,1.6302080154418943,False,NVIDIA_GeForce_RTX_4080,16,
mobilenetv3_small_100,64,32,bf16,3.3351199626922607,False,NVIDIA_GeForce_RTX_4080,16,
mobilenetv3_small_100,64,32,fp16,3.1697919368743896,False,NVIDIA_GeForce_RTX_4080,16,
mobilenetv3_small_100,64,32,fp32,2.0180959701538086,False,NVIDIA_GeForce_RTX_4080,16,
mobilenetv3_small_100,64,64,bf16,3.1666719913482666,False,NVIDIA_GeForce_RTX_4080,16,
mobilenetv3_small_100,64,64,fp16,2.6721279621124268,False,NVIDIA_GeForce_RTX_4080,16,
mobilenetv3_small_100,64,64,fp32,2.6961920261383057,False,NVIDIA_GeForce_RTX_4080,16,
mobilenetv3_small_100,128,16,bf16,2.803040027618408,False,NVIDIA_GeForce_RTX_4080,16,
mobilenetv3_small_100,128,16,fp16,2.3700480461120605,False,NVIDIA_GeForce_RTX_4080,16,
mobilenetv3_small_100,128,16,fp32,2.145792007446289,False,NVIDIA_GeForce_RTX_4080,16,
mobilenetv3_small_100,128,32,bf16,3.8553600311279297,False,NVIDIA_GeForce_RTX_4080,16,
mobilenetv3_small_100,128,32,fp16,4.158271789550781,False,NVIDIA_GeForce_RTX_4080,16,
mobilenetv3_small_100,128,32,fp32,2.8562560081481934,False,NVIDIA_GeForce_RTX_4080,16,
mobilenetv3_small_100,128,64,bf16,4.932447910308838,False,NVIDIA_GeForce_RTX_4080,16,
mobilenetv3_small_100,128,64,fp16,3.8410239219665527,False,NVIDIA_GeForce_RTX_4080,16,
mobilenetv3_small_100,128,64,fp32,4.345839977264404,False,NVIDIA_GeForce_RTX_4080,16,
mobilenetv3_small_100,224,16,bf16,3.9709279537200928,False,NVIDIA_GeForce_RTX_4080,16,
mobilenetv3_small_100,224,16,fp16,3.1395840644836426,False,NVIDIA_GeForce_RTX_4080,16,
mobilenetv3_small_100,224,16,fp32,3.6372480392456055,False,NVIDIA_GeForce_RTX_4080,16,
mobilenetv3_small_100,224,32,bf16,6.335887908935547,False,NVIDIA_GeForce_RTX_4080,16,
mobilenetv3_small_100,224,32,fp16,4.8256001472473145,False,NVIDIA_GeForce_RTX_4080,16,
mobilenetv3_small_100,224,32,fp32,6.005248069763184,False,NVIDIA_GeForce_RTX_4080,16,
mobilenetv3_small_100,224,64,bf16,10.72486400604248,False,NVIDIA_GeForce_RTX_4080,16,
mobilenetv3_small_100,224,64,fp16,7.377391815185547,False,NVIDIA_GeForce_RTX_4080,16,
mobilenetv3_small_100,224,64,fp32,12.02892780303955,False,NVIDIA_GeForce_RTX_4080,16,
mobilevit_s,64,16,bf16,4.276224136352539,False,NVIDIA_GeForce_RTX_4080,16,
mobilevit_s,64,16,fp16,3.902463912963867,False,NVIDIA_GeForce_RTX_4080,16,
mobilevit_s,64,16,fp32,4.396543979644775,False,NVIDIA_GeForce_RTX_4080,16,
mobilevit_s,64,32,bf16,5.745664119720459,False,NVIDIA_GeForce_RTX_4080,16,
mobilevit_s,64,32,fp16,5.236735820770264,False,NVIDIA_GeForce_RTX_4080,16,
mobilevit_s,64,32,fp32,6.423423767089844,False,NVIDIA_GeForce_RTX_4080,16,
mobilevit_s,64,64,bf16,8.50164794921875,False,NVIDIA_GeForce_RTX_4080,16,
mobilevit_s,64,64,fp16,7.600592136383057,False,NVIDIA_GeForce_RTX_4080,16,
mobilevit_s,64,64,fp32,10.274784088134766,False,NVIDIA_GeForce_RTX_4080,16,
mobilevit_s,128,16,bf16,7.207263946533203,False,NVIDIA_GeForce_RTX_4080,16,
mobilevit_s,128,16,fp16,6.1675519943237305,False,NVIDIA_GeForce_RTX_4080,16,
mobilevit_s,128,16,fp32,8.567695617675781,False,NVIDIA_GeForce_RTX_4080,16,
mobilevit_s,128,32,bf16,11.806719779968262,False,NVIDIA_GeForce_RTX_4080,16,
mobilevit_s,128,32,fp16,10.208720207214355,False,NVIDIA_GeForce_RTX_4080,16,
mobilevit_s,128,32,fp32,16.833023071289062,False,NVIDIA_GeForce_RTX_4080,16,
mobilevit_s,128,64,bf16,22.351152420043945,False,NVIDIA_GeForce_RTX_4080,16,
mobilevit_s,128,64,fp16,19.29414367675781,False,NVIDIA_GeForce_RTX_4080,16,
mobilevit_s,128,64,fp32,37.53881454467773,False,NVIDIA_GeForce_RTX_4080,16,
mobilevit_s,224,16,bf16,17.92959976196289,False,NVIDIA_GeForce_RTX_4080,16,
mobilevit_s,224,16,fp16,15.575039863586426,False,NVIDIA_GeForce_RTX_4080,16,
mobilevit_s,224,16,fp32,30.058496475219727,False,NVIDIA_GeForce_RTX_4080,16,
mobilevit_s,224,32,bf16,38.2785758972168,False,NVIDIA_GeForce_RTX_4080,16,
mobilevit_s,224,32,fp16,33.843711853027344,False,NVIDIA_GeForce_RTX_4080,16,
mobilevit_s,224,32,fp32,63.0822868347168,False,NVIDIA_GeForce_RTX_4080,16,
mobilevit_s,224,64,bf16,77.67324829101562,False,NVIDIA_GeForce_RTX_4080,16,
mobilevit_s,224,64,fp16,68.93977355957031,False,NVIDIA_GeForce_RTX_4080,16,
mobilevit_s,224,64,fp32,136.27647399902344,False,NVIDIA_GeForce_RTX_4080,16,
mobilevit_xs,64,16,bf16,3.7555201053619385,False,NVIDIA_GeForce_RTX_4080,16,
mobilevit_xs,64,16,fp16,3.3945600986480717,False,NVIDIA_GeForce_RTX_4080,16,
mobilevit_xs,64,16,fp32,3.6442079544067374,False,NVIDIA_GeForce_RTX_4080,16,
mobilevit_xs,64,32,bf16,4.996416091918945,False,NVIDIA_GeForce_RTX_4080,16,
mobilevit_xs,64,32,fp16,4.443088054656982,False,NVIDIA_GeForce_RTX_4080,16,
mobilevit_xs,64,32,fp32,4.96281623840332,False,NVIDIA_GeForce_RTX_4080,16,
mobilevit_xs,64,64,bf16,7.472447872161865,False,NVIDIA_GeForce_RTX_4080,16,
mobilevit_xs,64,64,fp16,6.582784175872803,False,NVIDIA_GeForce_RTX_4080,16,
mobilevit_xs,64,64,fp32,7.954944133758545,False,NVIDIA_GeForce_RTX_4080,16,
mobilevit_xs,128,16,bf16,6.293776035308838,False,NVIDIA_GeForce_RTX_4080,16,
mobilevit_xs,128,16,fp16,5.4036478996276855,False,NVIDIA_GeForce_RTX_4080,16,
mobilevit_xs,128,16,fp32,6.844736099243164,False,NVIDIA_GeForce_RTX_4080,16,
mobilevit_xs,128,32,bf16,10.066287994384766,False,NVIDIA_GeForce_RTX_4080,16,
mobilevit_xs,128,32,fp16,8.66808032989502,False,NVIDIA_GeForce_RTX_4080,16,
mobilevit_xs,128,32,fp32,13.015551567077637,False,NVIDIA_GeForce_RTX_4080,16,
mobilevit_xs,128,64,bf16,17.92051124572754,False,NVIDIA_GeForce_RTX_4080,16,
mobilevit_xs,128,64,fp16,15.472127914428713,False,NVIDIA_GeForce_RTX_4080,16,
mobilevit_xs,128,64,fp32,28.88857650756836,False,NVIDIA_GeForce_RTX_4080,16,
mobilevit_xs,224,16,bf16,14.1593599319458,False,NVIDIA_GeForce_RTX_4080,16,
mobilevit_xs,224,16,fp16,12.241920471191406,False,NVIDIA_GeForce_RTX_4080,16,
mobilevit_xs,224,16,fp32,23.346176147460938,False,NVIDIA_GeForce_RTX_4080,16,
mobilevit_xs,224,32,bf16,29.57107162475586,False,NVIDIA_GeForce_RTX_4080,16,
mobilevit_xs,224,32,fp16,25.69215965270996,False,NVIDIA_GeForce_RTX_4080,16,
mobilevit_xs,224,32,fp32,49.90719985961914,False,NVIDIA_GeForce_RTX_4080,16,
mobilevit_xs,224,64,bf16,60.45491027832031,False,NVIDIA_GeForce_RTX_4080,16,
mobilevit_xs,224,64,fp16,53.10038375854492,False,NVIDIA_GeForce_RTX_4080,16,
mobilevit_xs,224,64,fp32,103.06304168701172,False,NVIDIA_GeForce_RTX_4080,16,
mobilevit_xxs,64,16,bf16,3.0899200439453125,False,NVIDIA_GeForce_RTX_4080,16,
mobilevit_xxs,64,16,fp16,2.822495937347412,False,NVIDIA_GeForce_RTX_4080,16,
mobilevit_xxs,64,16,fp32,3.083264112472534,False,NVIDIA_GeForce_RTX_4080,16,
mobilevit_xxs,64,32,bf16,4.102511882781982,False,NVIDIA_GeForce_RTX_4080,16,
mobilevit_xxs,64,32,fp16,3.645359992980957,False,NVIDIA_GeForce_RTX_4080,16,
mobilevit_xxs,64,32,fp32,4.09935998916626,False,NVIDIA_GeForce_RTX_4080,16,
mobilevit_xxs,64,64,bf16,5.701119899749756,False,NVIDIA_GeForce_RTX_4080,16,
mobilevit_xxs,64,64,fp16,5.060512065887451,False,NVIDIA_GeForce_RTX_4080,16,
mobilevit_xxs,64,64,fp32,5.796864032745361,False,NVIDIA_GeForce_RTX_4080,16,
mobilevit_xxs,128,16,bf16,4.677120208740234,False,NVIDIA_GeForce_RTX_4080,16,
mobilevit_xxs,128,16,fp16,3.986432075500488,False,NVIDIA_GeForce_RTX_4080,16,
mobilevit_xxs,128,16,fp32,4.522496223449707,False,NVIDIA_GeForce_RTX_4080,16,
mobilevit_xxs,128,32,bf16,6.756351947784424,False,NVIDIA_GeForce_RTX_4080,16,
mobilevit_xxs,128,32,fp16,5.760511875152588,False,NVIDIA_GeForce_RTX_4080,16,
mobilevit_xxs,128,32,fp32,6.776688098907471,False,NVIDIA_GeForce_RTX_4080,16,
mobilevit_xxs,128,64,bf16,10.539520263671877,False,NVIDIA_GeForce_RTX_4080,16,
mobilevit_xxs,128,64,fp16,8.873984336853027,False,NVIDIA_GeForce_RTX_4080,16,
mobilevit_xxs,128,64,fp32,12.274175643920898,False,NVIDIA_GeForce_RTX_4080,16,
mobilevit_xxs,224,16,bf16,8.81704044342041,False,NVIDIA_GeForce_RTX_4080,16,
mobilevit_xxs,224,16,fp16,7.477231979370117,False,NVIDIA_GeForce_RTX_4080,16,
mobilevit_xxs,224,16,fp32,11.38924789428711,False,NVIDIA_GeForce_RTX_4080,16,
mobilevit_xxs,224,32,bf16,15.745535850524902,False,NVIDIA_GeForce_RTX_4080,16,
mobilevit_xxs,224,32,fp16,12.965791702270508,False,NVIDIA_GeForce_RTX_4080,16,
mobilevit_xxs,224,32,fp32,22.343679428100582,False,NVIDIA_GeForce_RTX_4080,16,
mobilevit_xxs,224,64,bf16,30.435327529907227,False,NVIDIA_GeForce_RTX_4080,16,
mobilevit_xxs,224,64,fp16,25.48480033874512,False,NVIDIA_GeForce_RTX_4080,16,
mobilevit_xxs,224,64,fp32,47.91398239135742,False,NVIDIA_GeForce_RTX_4080,16,
mobilevitv2_100,64,16,bf16,4.622335910797119,False,NVIDIA_GeForce_RTX_4080,16,
mobilevitv2_100,64,16,fp16,4.290559768676758,False,NVIDIA_GeForce_RTX_4080,16,
mobilevitv2_100,64,16,fp32,3.8420159816741934,False,NVIDIA_GeForce_RTX_4080,16,
mobilevitv2_100,64,32,bf16,5.691391944885254,False,NVIDIA_GeForce_RTX_4080,16,
mobilevitv2_100,64,32,fp16,5.114880084991455,False,NVIDIA_GeForce_RTX_4080,16,
mobilevitv2_100,64,32,fp32,5.472655773162842,False,NVIDIA_GeForce_RTX_4080,16,
mobilevitv2_100,64,64,bf16,7.964159965515137,False,NVIDIA_GeForce_RTX_4080,16,
mobilevitv2_100,64,64,fp16,7.039999961853027,False,NVIDIA_GeForce_RTX_4080,16,
mobilevitv2_100,64,64,fp32,8.701904296875,False,NVIDIA_GeForce_RTX_4080,16,
mobilevitv2_100,128,16,bf16,6.782464027404785,False,NVIDIA_GeForce_RTX_4080,16,
mobilevitv2_100,128,16,fp16,5.82092809677124,False,NVIDIA_GeForce_RTX_4080,16,
mobilevitv2_100,128,16,fp32,7.047647953033447,False,NVIDIA_GeForce_RTX_4080,16,
mobilevitv2_100,128,32,bf16,10.83852767944336,False,NVIDIA_GeForce_RTX_4080,16,
mobilevitv2_100,128,32,fp16,9.221920013427734,False,NVIDIA_GeForce_RTX_4080,16,
mobilevitv2_100,128,32,fp32,14.043135643005373,False,NVIDIA_GeForce_RTX_4080,16,
mobilevitv2_100,128,64,bf16,20.96683120727539,False,NVIDIA_GeForce_RTX_4080,16,
mobilevitv2_100,128,64,fp16,18.024959564208984,False,NVIDIA_GeForce_RTX_4080,16,
mobilevitv2_100,128,64,fp32,30.98828887939453,False,NVIDIA_GeForce_RTX_4080,16,
mobilevitv2_100,224,16,bf16,16.539968490600586,False,NVIDIA_GeForce_RTX_4080,16,
mobilevitv2_100,224,16,fp16,14.071743965148926,False,NVIDIA_GeForce_RTX_4080,16,
mobilevitv2_100,224,16,fp32,23.37416076660156,False,NVIDIA_GeForce_RTX_4080,16,
mobilevitv2_100,224,32,bf16,34.93312072753906,False,NVIDIA_GeForce_RTX_4080,16,
mobilevitv2_100,224,32,fp16,30.45785522460937,False,NVIDIA_GeForce_RTX_4080,16,
mobilevitv2_100,224,32,fp32,50.37977600097656,False,NVIDIA_GeForce_RTX_4080,16,
mobilevitv2_100,224,64,bf16,71.27081298828125,False,NVIDIA_GeForce_RTX_4080,16,
mobilevitv2_100,224,64,fp16,63.3072624206543,False,NVIDIA_GeForce_RTX_4080,16,
mobilevitv2_100,224,64,fp32,105.1361312866211,False,NVIDIA_GeForce_RTX_4080,16,
nfnet_l0,64,16,bf16,10.586527824401855,False,NVIDIA_GeForce_RTX_4080,16,
nfnet_l0,64,16,fp16,11.264623641967772,False,NVIDIA_GeForce_RTX_4080,16,
nfnet_l0,64,16,fp32,10.997344017028809,False,NVIDIA_GeForce_RTX_4080,16,
nfnet_l0,64,32,bf16,13.757951736450195,False,NVIDIA_GeForce_RTX_4080,16,
nfnet_l0,64,32,fp16,14.077391624450684,False,NVIDIA_GeForce_RTX_4080,16,
nfnet_l0,64,32,fp32,14.441984176635742,False,NVIDIA_GeForce_RTX_4080,16,
nfnet_l0,64,64,bf16,13.120512008666992,False,NVIDIA_GeForce_RTX_4080,16,
nfnet_l0,64,64,fp16,12.939727783203123,False,NVIDIA_GeForce_RTX_4080,16,
nfnet_l0,64,64,fp32,19.981407165527344,False,NVIDIA_GeForce_RTX_4080,16,
nfnet_l0,128,16,bf16,13.487327575683594,False,NVIDIA_GeForce_RTX_4080,16,
nfnet_l0,128,16,fp16,13.171695709228516,False,NVIDIA_GeForce_RTX_4080,16,
nfnet_l0,128,16,fp32,16.506223678588867,False,NVIDIA_GeForce_RTX_4080,16,
nfnet_l0,128,32,bf16,19.369792938232425,False,NVIDIA_GeForce_RTX_4080,16,
nfnet_l0,128,32,fp16,20.086271286010746,False,NVIDIA_GeForce_RTX_4080,16,
nfnet_l0,128,32,fp32,25.904672622680664,False,NVIDIA_GeForce_RTX_4080,16,
nfnet_l0,128,64,bf16,25.948671340942383,False,NVIDIA_GeForce_RTX_4080,16,
nfnet_l0,128,64,fp16,25.963472366333008,False,NVIDIA_GeForce_RTX_4080,16,
nfnet_l0,128,64,fp32,52.818336486816406,False,NVIDIA_GeForce_RTX_4080,16,
nfnet_l0,224,16,bf16,21.328895568847656,False,NVIDIA_GeForce_RTX_4080,16,
nfnet_l0,224,16,fp16,21.534351348876957,False,NVIDIA_GeForce_RTX_4080,16,
nfnet_l0,224,16,fp32,38.09907150268555,False,NVIDIA_GeForce_RTX_4080,16,
nfnet_l0,224,32,bf16,40.013919830322266,False,NVIDIA_GeForce_RTX_4080,16,
nfnet_l0,224,32,fp16,40.24063873291016,False,NVIDIA_GeForce_RTX_4080,16,
nfnet_l0,224,32,fp32,72.18772888183594,False,NVIDIA_GeForce_RTX_4080,16,
nfnet_l0,224,64,bf16,77.85408020019531,False,NVIDIA_GeForce_RTX_4080,16,
nfnet_l0,224,64,fp16,76.57023620605469,False,NVIDIA_GeForce_RTX_4080,16,
nfnet_l0,224,64,fp32,163.64385986328125,False,NVIDIA_GeForce_RTX_4080,16,
pvt_v2_b0,64,16,bf16,3.907407999038696,False,NVIDIA_GeForce_RTX_4080,16,
pvt_v2_b0,64,16,fp16,3.843071937561035,False,NVIDIA_GeForce_RTX_4080,16,
pvt_v2_b0,64,16,fp32,3.0411360263824463,False,NVIDIA_GeForce_RTX_4080,16,
pvt_v2_b0,64,32,bf16,5.611008167266846,False,NVIDIA_GeForce_RTX_4080,16,
pvt_v2_b0,64,32,fp16,3.1287519931793213,False,NVIDIA_GeForce_RTX_4080,16,
pvt_v2_b0,64,32,fp32,4.766208171844482,False,NVIDIA_GeForce_RTX_4080,16,
pvt_v2_b0,64,64,bf16,4.256256103515625,False,NVIDIA_GeForce_RTX_4080,16,
pvt_v2_b0,64,64,fp16,4.2448320388793945,False,NVIDIA_GeForce_RTX_4080,16,
pvt_v2_b0,64,64,fp32,6.163360118865967,False,NVIDIA_GeForce_RTX_4080,16,
pvt_v2_b0,128,16,bf16,4.132863998413086,False,NVIDIA_GeForce_RTX_4080,16,
pvt_v2_b0,128,16,fp16,4.022272109985352,False,NVIDIA_GeForce_RTX_4080,16,
pvt_v2_b0,128,16,fp32,5.659647941589356,False,NVIDIA_GeForce_RTX_4080,16,
pvt_v2_b0,128,32,bf16,6.2325758934021,False,NVIDIA_GeForce_RTX_4080,16,
pvt_v2_b0,128,32,fp16,6.066175937652588,False,NVIDIA_GeForce_RTX_4080,16,
pvt_v2_b0,128,32,fp32,8.904064178466797,False,NVIDIA_GeForce_RTX_4080,16,
pvt_v2_b0,128,64,bf16,10.567168235778809,False,NVIDIA_GeForce_RTX_4080,16,
pvt_v2_b0,128,64,fp16,10.058239936828612,False,NVIDIA_GeForce_RTX_4080,16,
pvt_v2_b0,128,64,fp32,16.42291259765625,False,NVIDIA_GeForce_RTX_4080,16,
pvt_v2_b0,224,16,bf16,8.66859245300293,False,NVIDIA_GeForce_RTX_4080,16,
pvt_v2_b0,224,16,fp16,8.228655815124512,False,NVIDIA_GeForce_RTX_4080,16,
pvt_v2_b0,224,16,fp32,13.842207908630373,False,NVIDIA_GeForce_RTX_4080,16,
pvt_v2_b0,224,32,bf16,13.776384353637695,False,NVIDIA_GeForce_RTX_4080,16,
pvt_v2_b0,224,32,fp16,13.005616188049316,False,NVIDIA_GeForce_RTX_4080,16,
pvt_v2_b0,224,32,fp32,23.88684844970703,False,NVIDIA_GeForce_RTX_4080,16,
pvt_v2_b0,224,64,bf16,28.559648513793945,False,NVIDIA_GeForce_RTX_4080,16,
pvt_v2_b0,224,64,fp16,26.107391357421875,False,NVIDIA_GeForce_RTX_4080,16,
pvt_v2_b0,224,64,fp32,46.29079818725586,False,NVIDIA_GeForce_RTX_4080,16,
pvt_v2_b2,64,16,bf16,7.160319805145264,False,NVIDIA_GeForce_RTX_4080,16,
pvt_v2_b2,64,16,fp16,7.19974422454834,False,NVIDIA_GeForce_RTX_4080,16,
pvt_v2_b2,64,16,fp32,8.894384384155273,False,NVIDIA_GeForce_RTX_4080,16,
pvt_v2_b2,64,32,bf16,8.661487579345703,False,NVIDIA_GeForce_RTX_4080,16,
pvt_v2_b2,64,32,fp16,8.758272171020508,False,NVIDIA_GeForce_RTX_4080,16,
pvt_v2_b2,64,32,fp32,11.83795166015625,False,NVIDIA_GeForce_RTX_4080,16,
pvt_v2_b2,64,64,bf16,12.257696151733398,False,NVIDIA_GeForce_RTX_4080,16,
pvt_v2_b2,64,64,fp16,12.303359985351562,False,NVIDIA_GeForce_RTX_4080,16,
pvt_v2_b2,64,64,fp32,17.593856811523438,False,NVIDIA_GeForce_RTX_4080,16,
pvt_v2_b2,128,16,bf16,11.333120346069336,False,NVIDIA_GeForce_RTX_4080,16,
pvt_v2_b2,128,16,fp16,11.354016304016112,False,NVIDIA_GeForce_RTX_4080,16,
pvt_v2_b2,128,16,fp32,17.331199645996094,False,NVIDIA_GeForce_RTX_4080,16,
pvt_v2_b2,128,32,bf16,17.2938232421875,False,NVIDIA_GeForce_RTX_4080,16,
pvt_v2_b2,128,32,fp16,17.225727081298828,False,NVIDIA_GeForce_RTX_4080,16,
pvt_v2_b2,128,32,fp32,29.71990394592285,False,NVIDIA_GeForce_RTX_4080,16,
pvt_v2_b2,128,64,bf16,31.205888748168945,False,NVIDIA_GeForce_RTX_4080,16,
pvt_v2_b2,128,64,fp16,30.706159591674805,False,NVIDIA_GeForce_RTX_4080,16,
pvt_v2_b2,128,64,fp32,55.68716812133789,False,NVIDIA_GeForce_RTX_4080,16,
pvt_v2_b2,224,16,bf16,24.471872329711918,False,NVIDIA_GeForce_RTX_4080,16,
pvt_v2_b2,224,16,fp16,24.29427146911621,False,NVIDIA_GeForce_RTX_4080,16,
pvt_v2_b2,224,16,fp32,45.87929534912109,False,NVIDIA_GeForce_RTX_4080,16,
pvt_v2_b2,224,32,bf16,44.89369583129883,False,NVIDIA_GeForce_RTX_4080,16,
pvt_v2_b2,224,32,fp16,43.58787155151367,False,NVIDIA_GeForce_RTX_4080,16,
pvt_v2_b2,224,32,fp32,83.18617248535156,False,NVIDIA_GeForce_RTX_4080,16,
pvt_v2_b2,224,64,bf16,91.8430404663086,False,NVIDIA_GeForce_RTX_4080,16,
pvt_v2_b2,224,64,fp16,88.83660888671875,False,NVIDIA_GeForce_RTX_4080,16,
pvt_v2_b2,224,64,fp32,164.71383666992188,False,NVIDIA_GeForce_RTX_4080,16,
pvt_v2_b5,64,16,bf16,21.57721519470215,False,NVIDIA_GeForce_RTX_4080,16,
pvt_v2_b5,64,16,fp16,21.771263122558597,False,NVIDIA_GeForce_RTX_4080,16,
pvt_v2_b5,64,16,fp32,26.340351104736328,False,NVIDIA_GeForce_RTX_4080,16,
pvt_v2_b5,64,32,bf16,25.351680755615234,False,NVIDIA_GeForce_RTX_4080,16,
pvt_v2_b5,64,32,fp16,25.734607696533203,False,NVIDIA_GeForce_RTX_4080,16,
pvt_v2_b5,64,32,fp32,33.36550521850586,False,NVIDIA_GeForce_RTX_4080,16,
pvt_v2_b5,64,64,bf16,34.57169723510742,False,NVIDIA_GeForce_RTX_4080,16,
pvt_v2_b5,64,64,fp16,35.174400329589844,False,NVIDIA_GeForce_RTX_4080,16,
pvt_v2_b5,64,64,fp32,46.42099380493164,False,NVIDIA_GeForce_RTX_4080,16,
pvt_v2_b5,128,16,bf16,30.5100154876709,False,NVIDIA_GeForce_RTX_4080,16,
pvt_v2_b5,128,16,fp16,31.10075187683105,False,NVIDIA_GeForce_RTX_4080,16,
pvt_v2_b5,128,16,fp32,44.7087516784668,False,NVIDIA_GeForce_RTX_4080,16,
pvt_v2_b5,128,32,bf16,42.30860900878906,False,NVIDIA_GeForce_RTX_4080,16,
pvt_v2_b5,128,32,fp16,42.8608627319336,False,NVIDIA_GeForce_RTX_4080,16,
pvt_v2_b5,128,32,fp32,70.43583679199219,False,NVIDIA_GeForce_RTX_4080,16,
pvt_v2_b5,128,64,bf16,67.34532928466797,False,NVIDIA_GeForce_RTX_4080,16,
pvt_v2_b5,128,64,fp16,67.70073699951172,False,NVIDIA_GeForce_RTX_4080,16,
pvt_v2_b5,128,64,fp32,119.24059295654295,False,NVIDIA_GeForce_RTX_4080,16,
pvt_v2_b5,224,16,bf16,54.55507278442383,False,NVIDIA_GeForce_RTX_4080,16,
pvt_v2_b5,224,16,fp16,54.25915145874024,False,NVIDIA_GeForce_RTX_4080,16,
pvt_v2_b5,224,16,fp32,101.1592025756836,False,NVIDIA_GeForce_RTX_4080,16,
pvt_v2_b5,224,32,bf16,88.89387512207031,False,NVIDIA_GeForce_RTX_4080,16,
pvt_v2_b5,224,32,fp16,87.95033264160156,False,NVIDIA_GeForce_RTX_4080,16,
pvt_v2_b5,224,32,fp32,178.57785034179688,False,NVIDIA_GeForce_RTX_4080,16,
pvt_v2_b5,224,64,bf16,181.54632568359372,False,NVIDIA_GeForce_RTX_4080,16,
pvt_v2_b5,224,64,fp16,186.77854919433597,False,NVIDIA_GeForce_RTX_4080,16,
pvt_v2_b5,224,64,fp32,,True,NVIDIA_GeForce_RTX_4080,16,
regnety_032,64,16,bf16,8.387439727783203,False,NVIDIA_GeForce_RTX_4080,16,
regnety_032,64,16,fp16,8.141823768615723,False,NVIDIA_GeForce_RTX_4080,16,
regnety_032,64,16,fp32,8.744447708129883,False,NVIDIA_GeForce_RTX_4080,16,
regnety_032,64,32,bf16,10.21951961517334,False,NVIDIA_GeForce_RTX_4080,16,
regnety_032,64,32,fp16,9.595392227172852,False,NVIDIA_GeForce_RTX_4080,16,
regnety_032,64,32,fp32,12.71604824066162,False,NVIDIA_GeForce_RTX_4080,16,
regnety_032,64,64,bf16,13.081503868103027,False,NVIDIA_GeForce_RTX_4080,16,
regnety_032,64,64,fp16,11.623855590820312,False,NVIDIA_GeForce_RTX_4080,16,
regnety_032,64,64,fp32,19.502592086791992,False,NVIDIA_GeForce_RTX_4080,16,
regnety_032,128,16,bf16,11.369471549987791,False,NVIDIA_GeForce_RTX_4080,16,
regnety_032,128,16,fp16,10.315600395202637,False,NVIDIA_GeForce_RTX_4080,16,
regnety_032,128,16,fp32,15.721903800964355,False,NVIDIA_GeForce_RTX_4080,16,
regnety_032,128,32,bf16,16.391679763793945,False,NVIDIA_GeForce_RTX_4080,16,
regnety_032,128,32,fp16,14.513664245605469,False,NVIDIA_GeForce_RTX_4080,16,
regnety_032,128,32,fp32,24.36598396301269,False,NVIDIA_GeForce_RTX_4080,16,
regnety_032,128,64,bf16,28.26535987854004,False,NVIDIA_GeForce_RTX_4080,16,
regnety_032,128,64,fp16,24.38025665283203,False,NVIDIA_GeForce_RTX_4080,16,
regnety_032,128,64,fp32,45.73491287231445,False,NVIDIA_GeForce_RTX_4080,16,
regnety_032,224,16,bf16,22.659408569335938,False,NVIDIA_GeForce_RTX_4080,16,
regnety_032,224,16,fp16,19.32748794555664,False,NVIDIA_GeForce_RTX_4080,16,
regnety_032,224,16,fp32,36.39547348022461,False,NVIDIA_GeForce_RTX_4080,16,
regnety_032,224,32,bf16,39.98860931396485,False,NVIDIA_GeForce_RTX_4080,16,
regnety_032,224,32,fp16,34.911888122558594,False,NVIDIA_GeForce_RTX_4080,16,
regnety_032,224,32,fp32,67.24761962890625,False,NVIDIA_GeForce_RTX_4080,16,
regnety_032,224,64,bf16,79.3917465209961,False,NVIDIA_GeForce_RTX_4080,16,
regnety_032,224,64,fp16,69.80239868164062,False,NVIDIA_GeForce_RTX_4080,16,
regnety_032,224,64,fp32,151.3383331298828,False,NVIDIA_GeForce_RTX_4080,16,
regnety_080,64,16,bf16,13.421728134155272,False,NVIDIA_GeForce_RTX_4080,16,
regnety_080,64,16,fp16,13.10919952392578,False,NVIDIA_GeForce_RTX_4080,16,
regnety_080,64,16,fp32,14.16988754272461,False,NVIDIA_GeForce_RTX_4080,16,
regnety_080,64,32,bf16,17.89695930480957,False,NVIDIA_GeForce_RTX_4080,16,
regnety_080,64,32,fp16,17.168031692504883,False,NVIDIA_GeForce_RTX_4080,16,
regnety_080,64,32,fp32,19.305984497070312,False,NVIDIA_GeForce_RTX_4080,16,
regnety_080,64,64,bf16,26.00480079650879,False,NVIDIA_GeForce_RTX_4080,16,
regnety_080,64,64,fp16,24.39884757995605,False,NVIDIA_GeForce_RTX_4080,16,
regnety_080,64,64,fp32,31.588207244873047,False,NVIDIA_GeForce_RTX_4080,16,
regnety_080,128,16,bf16,17.041839599609375,False,NVIDIA_GeForce_RTX_4080,16,
regnety_080,128,16,fp16,16.386560440063477,False,NVIDIA_GeForce_RTX_4080,16,
regnety_080,128,16,fp32,26.87068748474121,False,NVIDIA_GeForce_RTX_4080,16,
regnety_080,128,32,bf16,27.26678466796875,False,NVIDIA_GeForce_RTX_4080,16,
regnety_080,128,32,fp16,26.614160537719727,False,NVIDIA_GeForce_RTX_4080,16,
regnety_080,128,32,fp32,41.70540618896485,False,NVIDIA_GeForce_RTX_4080,16,
regnety_080,128,64,bf16,41.38496017456055,False,NVIDIA_GeForce_RTX_4080,16,
regnety_080,128,64,fp16,40.457889556884766,False,NVIDIA_GeForce_RTX_4080,16,
regnety_080,128,64,fp32,86.20951843261719,False,NVIDIA_GeForce_RTX_4080,16,
regnety_080,224,16,bf16,33.218414306640625,False,NVIDIA_GeForce_RTX_4080,16,
regnety_080,224,16,fp16,31.20441627502441,False,NVIDIA_GeForce_RTX_4080,16,
regnety_080,224,16,fp32,64.35174560546875,False,NVIDIA_GeForce_RTX_4080,16,
regnety_080,224,32,bf16,64.57161712646484,False,NVIDIA_GeForce_RTX_4080,16,
regnety_080,224,32,fp16,59.76883316040039,False,NVIDIA_GeForce_RTX_4080,16,
regnety_080,224,32,fp32,116.76614379882812,False,NVIDIA_GeForce_RTX_4080,16,
regnety_080,224,64,bf16,130.8835906982422,False,NVIDIA_GeForce_RTX_4080,16,
regnety_080,224,64,fp16,124.4574737548828,False,NVIDIA_GeForce_RTX_4080,16,
regnety_080,224,64,fp32,455.2859191894531,False,NVIDIA_GeForce_RTX_4080,16,
regnety_160,64,16,bf16,17.562047958374023,False,NVIDIA_GeForce_RTX_4080,16,
regnety_160,64,16,fp16,16.50926399230957,False,NVIDIA_GeForce_RTX_4080,16,
regnety_160,64,16,fp32,25.40985679626465,False,NVIDIA_GeForce_RTX_4080,16,
regnety_160,64,32,bf16,21.340272903442383,False,NVIDIA_GeForce_RTX_4080,16,
regnety_160,64,32,fp16,19.46228790283203,False,NVIDIA_GeForce_RTX_4080,16,
regnety_160,64,32,fp32,35.933807373046875,False,NVIDIA_GeForce_RTX_4080,16,
regnety_160,64,64,bf16,30.07991981506348,False,NVIDIA_GeForce_RTX_4080,16,
regnety_160,64,64,fp16,27.96041679382324,False,NVIDIA_GeForce_RTX_4080,16,
regnety_160,64,64,fp32,58.0316162109375,False,NVIDIA_GeForce_RTX_4080,16,
regnety_160,128,16,bf16,27.275583267211918,False,NVIDIA_GeForce_RTX_4080,16,
regnety_160,128,16,fp16,26.21001625061035,False,NVIDIA_GeForce_RTX_4080,16,
regnety_160,128,16,fp32,40.79718399047852,False,NVIDIA_GeForce_RTX_4080,16,
regnety_160,128,32,bf16,40.13056182861328,False,NVIDIA_GeForce_RTX_4080,16,
regnety_160,128,32,fp16,39.87968063354492,False,NVIDIA_GeForce_RTX_4080,16,
regnety_160,128,32,fp32,66.71014404296875,False,NVIDIA_GeForce_RTX_4080,16,
regnety_160,128,64,bf16,67.34051513671875,False,NVIDIA_GeForce_RTX_4080,16,
regnety_160,128,64,fp16,68.13750457763672,False,NVIDIA_GeForce_RTX_4080,16,
regnety_160,128,64,fp32,136.144287109375,False,NVIDIA_GeForce_RTX_4080,16,
regnety_160,224,16,bf16,54.8916015625,False,NVIDIA_GeForce_RTX_4080,16,
regnety_160,224,16,fp16,53.03504180908203,False,NVIDIA_GeForce_RTX_4080,16,
regnety_160,224,16,fp32,106.290771484375,False,NVIDIA_GeForce_RTX_4080,16,
regnety_160,224,32,bf16,98.57469177246094,False,NVIDIA_GeForce_RTX_4080,16,
regnety_160,224,32,fp16,95.22315216064452,False,NVIDIA_GeForce_RTX_4080,16,
regnety_160,224,32,fp32,210.7877349853516,False,NVIDIA_GeForce_RTX_4080,16,
regnety_160,224,64,bf16,203.12474060058597,False,NVIDIA_GeForce_RTX_4080,16,
regnety_160,224,64,fp16,199.0108184814453,False,NVIDIA_GeForce_RTX_4080,16,
regnety_160,224,64,fp32,,True,NVIDIA_GeForce_RTX_4080,16,
regnety_320,64,16,bf16,27.496383666992188,False,NVIDIA_GeForce_RTX_4080,16,
regnety_320,64,16,fp16,26.272544860839844,False,NVIDIA_GeForce_RTX_4080,16,
regnety_320,64,16,fp32,37.34723281860352,False,NVIDIA_GeForce_RTX_4080,16,
regnety_320,64,32,bf16,32.705535888671875,False,NVIDIA_GeForce_RTX_4080,16,
regnety_320,64,32,fp16,30.57574462890625,False,NVIDIA_GeForce_RTX_4080,16,
regnety_320,64,32,fp32,45.46201705932617,False,NVIDIA_GeForce_RTX_4080,16,
regnety_320,64,64,bf16,43.08679962158203,False,NVIDIA_GeForce_RTX_4080,16,
regnety_320,64,64,fp16,41.02348709106445,False,NVIDIA_GeForce_RTX_4080,16,
regnety_320,64,64,fp32,72.05705261230469,False,NVIDIA_GeForce_RTX_4080,16,
regnety_320,128,16,bf16,40.41984176635742,False,NVIDIA_GeForce_RTX_4080,16,
regnety_320,128,16,fp16,38.66828918457031,False,NVIDIA_GeForce_RTX_4080,16,
regnety_320,128,16,fp32,56.18790435791016,False,NVIDIA_GeForce_RTX_4080,16,
regnety_320,128,32,bf16,60.47110366821289,False,NVIDIA_GeForce_RTX_4080,16,
regnety_320,128,32,fp16,60.68979263305664,False,NVIDIA_GeForce_RTX_4080,16,
regnety_320,128,32,fp32,99.67803192138672,False,NVIDIA_GeForce_RTX_4080,16,
regnety_320,128,64,bf16,105.54385375976562,False,NVIDIA_GeForce_RTX_4080,16,
regnety_320,128,64,fp16,106.39564514160156,False,NVIDIA_GeForce_RTX_4080,16,
regnety_320,128,64,fp32,193.95225524902344,False,NVIDIA_GeForce_RTX_4080,16,
regnety_320,224,16,bf16,84.6060791015625,False,NVIDIA_GeForce_RTX_4080,16,
regnety_320,224,16,fp16,81.71981048583984,False,NVIDIA_GeForce_RTX_4080,16,
regnety_320,224,16,fp32,150.78297424316406,False,NVIDIA_GeForce_RTX_4080,16,
regnety_320,224,32,bf16,162.37327575683594,False,NVIDIA_GeForce_RTX_4080,16,
regnety_320,224,32,fp16,154.79490661621094,False,NVIDIA_GeForce_RTX_4080,16,
regnety_320,224,32,fp32,632.76708984375,False,NVIDIA_GeForce_RTX_4080,16,
regnety_320,224,64,bf16,329.8815002441406,False,NVIDIA_GeForce_RTX_4080,16,
regnety_320,224,64,fp16,323.27276611328125,False,NVIDIA_GeForce_RTX_4080,16,
regnety_320,224,64,fp32,,True,NVIDIA_GeForce_RTX_4080,16,
repvgg_a2,64,16,bf16,6.517248153686523,False,NVIDIA_GeForce_RTX_4080,16,
repvgg_a2,64,16,fp16,6.273519992828369,False,NVIDIA_GeForce_RTX_4080,16,
repvgg_a2,64,16,fp32,7.955423831939697,False,NVIDIA_GeForce_RTX_4080,16,
repvgg_a2,64,32,bf16,7.618559837341309,False,NVIDIA_GeForce_RTX_4080,16,
repvgg_a2,64,32,fp16,7.1536641120910645,False,NVIDIA_GeForce_RTX_4080,16,
repvgg_a2,64,32,fp32,9.192447662353516,False,NVIDIA_GeForce_RTX_4080,16,
repvgg_a2,64,64,bf16,10.37609577178955,False,NVIDIA_GeForce_RTX_4080,16,
repvgg_a2,64,64,fp16,9.592320442199709,False,NVIDIA_GeForce_RTX_4080,16,
repvgg_a2,64,64,fp32,12.122112274169922,False,NVIDIA_GeForce_RTX_4080,16,
repvgg_a2,128,16,bf16,9.037311553955078,False,NVIDIA_GeForce_RTX_4080,16,
repvgg_a2,128,16,fp16,8.554991722106934,False,NVIDIA_GeForce_RTX_4080,16,
repvgg_a2,128,16,fp32,12.237248420715332,False,NVIDIA_GeForce_RTX_4080,16,
repvgg_a2,128,32,bf16,13.187055587768556,False,NVIDIA_GeForce_RTX_4080,16,
repvgg_a2,128,32,fp16,12.534159660339355,False,NVIDIA_GeForce_RTX_4080,16,
repvgg_a2,128,32,fp32,19.33568000793457,False,NVIDIA_GeForce_RTX_4080,16,
repvgg_a2,128,64,bf16,23.20070457458496,False,NVIDIA_GeForce_RTX_4080,16,
repvgg_a2,128,64,fp16,21.60068893432617,False,NVIDIA_GeForce_RTX_4080,16,
repvgg_a2,128,64,fp32,36.93241500854492,False,NVIDIA_GeForce_RTX_4080,16,
repvgg_a2,224,16,bf16,16.43622398376465,False,NVIDIA_GeForce_RTX_4080,16,
repvgg_a2,224,16,fp16,15.434240341186523,False,NVIDIA_GeForce_RTX_4080,16,
repvgg_a2,224,16,fp32,27.04844856262207,False,NVIDIA_GeForce_RTX_4080,16,
repvgg_a2,224,32,bf16,30.23513603210449,False,NVIDIA_GeForce_RTX_4080,16,
repvgg_a2,224,32,fp16,28.577791213989254,False,NVIDIA_GeForce_RTX_4080,16,
repvgg_a2,224,32,fp32,53.824337005615234,False,NVIDIA_GeForce_RTX_4080,16,
repvgg_a2,224,64,bf16,60.15385437011719,False,NVIDIA_GeForce_RTX_4080,16,
repvgg_a2,224,64,fp16,56.58756637573242,False,NVIDIA_GeForce_RTX_4080,16,
repvgg_a2,224,64,fp32,113.25482940673828,False,NVIDIA_GeForce_RTX_4080,16,
resmlp_24_224,64,16,bf16,9.249232292175291,False,NVIDIA_GeForce_RTX_4080,16,
resmlp_24_224,64,16,fp16,9.228799819946287,False,NVIDIA_GeForce_RTX_4080,16,
resmlp_24_224,64,16,fp32,7.977903842926025,False,NVIDIA_GeForce_RTX_4080,16,
resmlp_24_224,64,32,bf16,7.838719844818115,False,NVIDIA_GeForce_RTX_4080,16,
resmlp_24_224,64,32,fp16,7.772064208984375,False,NVIDIA_GeForce_RTX_4080,16,
resmlp_24_224,64,32,fp32,10.14732837677002,False,NVIDIA_GeForce_RTX_4080,16,
resmlp_24_224,64,64,bf16,9.822704315185549,False,NVIDIA_GeForce_RTX_4080,16,
resmlp_24_224,64,64,fp16,9.7510404586792,False,NVIDIA_GeForce_RTX_4080,16,
resmlp_24_224,64,64,fp32,14.374192237854004,False,NVIDIA_GeForce_RTX_4080,16,
resmlp_24_224,128,16,bf16,10.090784072875977,False,NVIDIA_GeForce_RTX_4080,16,
resmlp_24_224,128,16,fp16,10.040800094604492,False,NVIDIA_GeForce_RTX_4080,16,
resmlp_24_224,128,16,fp32,14.67852783203125,False,NVIDIA_GeForce_RTX_4080,16,
resmlp_24_224,128,32,bf16,14.132608413696287,False,NVIDIA_GeForce_RTX_4080,16,
resmlp_24_224,128,32,fp16,14.024703979492188,False,NVIDIA_GeForce_RTX_4080,16,
resmlp_24_224,128,32,fp32,24.882688522338867,False,NVIDIA_GeForce_RTX_4080,16,
resmlp_24_224,128,64,bf16,23.540224075317383,False,NVIDIA_GeForce_RTX_4080,16,
resmlp_24_224,128,64,fp16,23.402944564819336,False,NVIDIA_GeForce_RTX_4080,16,
resmlp_24_224,128,64,fp32,44.73390579223633,False,NVIDIA_GeForce_RTX_4080,16,
resmlp_24_224,224,16,bf16,19.049392700195312,False,NVIDIA_GeForce_RTX_4080,16,
resmlp_24_224,224,16,fp16,19.02284812927246,False,NVIDIA_GeForce_RTX_4080,16,
resmlp_24_224,224,16,fp32,36.281856536865234,False,NVIDIA_GeForce_RTX_4080,16,
resmlp_24_224,224,32,bf16,34.69363021850586,False,NVIDIA_GeForce_RTX_4080,16,
resmlp_24_224,224,32,fp16,34.4903678894043,False,NVIDIA_GeForce_RTX_4080,16,
resmlp_24_224,224,32,fp32,68.37811279296875,False,NVIDIA_GeForce_RTX_4080,16,
resmlp_24_224,224,64,bf16,65.12640380859375,False,NVIDIA_GeForce_RTX_4080,16,
resmlp_24_224,224,64,fp16,64.79148864746094,False,NVIDIA_GeForce_RTX_4080,16,
resmlp_24_224,224,64,fp32,129.2967529296875,False,NVIDIA_GeForce_RTX_4080,16,
resnet101,64,16,bf16,11.208687782287598,False,NVIDIA_GeForce_RTX_4080,16,
resnet101,64,16,fp16,10.73641586303711,False,NVIDIA_GeForce_RTX_4080,16,
resnet101,64,16,fp32,13.96121597290039,False,NVIDIA_GeForce_RTX_4080,16,
resnet101,64,32,bf16,12.654080390930176,False,NVIDIA_GeForce_RTX_4080,16,
resnet101,64,32,fp16,11.70736026763916,False,NVIDIA_GeForce_RTX_4080,16,
resnet101,64,32,fp32,17.54368019104004,False,NVIDIA_GeForce_RTX_4080,16,
resnet101,64,64,bf16,17.08185577392578,False,NVIDIA_GeForce_RTX_4080,16,
resnet101,64,64,fp16,15.063551902770996,False,NVIDIA_GeForce_RTX_4080,16,
resnet101,64,64,fp32,23.26304054260254,False,NVIDIA_GeForce_RTX_4080,16,
resnet101,128,16,bf16,14.003711700439451,False,NVIDIA_GeForce_RTX_4080,16,
resnet101,128,16,fp16,13.021136283874512,False,NVIDIA_GeForce_RTX_4080,16,
resnet101,128,16,fp32,18.94443130493164,False,NVIDIA_GeForce_RTX_4080,16,
resnet101,128,32,bf16,21.10550308227539,False,NVIDIA_GeForce_RTX_4080,16,
resnet101,128,32,fp16,19.327999114990234,False,NVIDIA_GeForce_RTX_4080,16,
resnet101,128,32,fp32,32.386558532714844,False,NVIDIA_GeForce_RTX_4080,16,
resnet101,128,64,bf16,38.88627243041992,False,NVIDIA_GeForce_RTX_4080,16,
resnet101,128,64,fp16,35.73699188232422,False,NVIDIA_GeForce_RTX_4080,16,
resnet101,128,64,fp32,59.25715255737305,False,NVIDIA_GeForce_RTX_4080,16,
resnet101,224,16,bf16,27.709936141967773,False,NVIDIA_GeForce_RTX_4080,16,
resnet101,224,16,fp16,25.37984085083008,False,NVIDIA_GeForce_RTX_4080,16,
resnet101,224,16,fp32,44.49379348754883,False,NVIDIA_GeForce_RTX_4080,16,
resnet101,224,32,bf16,52.56396865844727,False,NVIDIA_GeForce_RTX_4080,16,
resnet101,224,32,fp16,48.48128128051758,False,NVIDIA_GeForce_RTX_4080,16,
resnet101,224,32,fp32,92.64947509765624,False,NVIDIA_GeForce_RTX_4080,16,
resnet101,224,64,bf16,105.9942398071289,False,NVIDIA_GeForce_RTX_4080,16,
resnet101,224,64,fp16,97.29737854003906,False,NVIDIA_GeForce_RTX_4080,16,
resnet101,224,64,fp32,195.3725433349609,False,NVIDIA_GeForce_RTX_4080,16,
resnet152,64,16,bf16,16.030208587646484,False,NVIDIA_GeForce_RTX_4080,16,
resnet152,64,16,fp16,15.351807594299316,False,NVIDIA_GeForce_RTX_4080,16,
resnet152,64,16,fp32,19.787263870239254,False,NVIDIA_GeForce_RTX_4080,16,
resnet152,64,32,bf16,18.10585594177246,False,NVIDIA_GeForce_RTX_4080,16,
resnet152,64,32,fp16,16.67635154724121,False,NVIDIA_GeForce_RTX_4080,16,
resnet152,64,32,fp32,25.033727645874023,False,NVIDIA_GeForce_RTX_4080,16,
resnet152,64,64,bf16,24.474624633789062,False,NVIDIA_GeForce_RTX_4080,16,
resnet152,64,64,fp16,21.68934440612793,False,NVIDIA_GeForce_RTX_4080,16,
resnet152,64,64,fp32,33.12895965576172,False,NVIDIA_GeForce_RTX_4080,16,
resnet152,128,16,bf16,19.82972717285156,False,NVIDIA_GeForce_RTX_4080,16,
resnet152,128,16,fp16,18.44772720336914,False,NVIDIA_GeForce_RTX_4080,16,
resnet152,128,16,fp32,26.842592239379883,False,NVIDIA_GeForce_RTX_4080,16,
resnet152,128,32,bf16,30.19152069091797,False,NVIDIA_GeForce_RTX_4080,16,
resnet152,128,32,fp16,27.606016159057617,False,NVIDIA_GeForce_RTX_4080,16,
resnet152,128,32,fp32,45.76870346069336,False,NVIDIA_GeForce_RTX_4080,16,
resnet152,128,64,bf16,55.38662338256836,False,NVIDIA_GeForce_RTX_4080,16,
resnet152,128,64,fp16,50.80100631713867,False,NVIDIA_GeForce_RTX_4080,16,
resnet152,128,64,fp32,81.87340545654297,False,NVIDIA_GeForce_RTX_4080,16,
resnet152,224,16,bf16,39.117584228515625,False,NVIDIA_GeForce_RTX_4080,16,
resnet152,224,16,fp16,35.90753555297852,False,NVIDIA_GeForce_RTX_4080,16,
resnet152,224,16,fp32,62.453758239746094,False,NVIDIA_GeForce_RTX_4080,16,
resnet152,224,32,bf16,73.12366485595703,False,NVIDIA_GeForce_RTX_4080,16,
resnet152,224,32,fp16,67.32633972167969,False,NVIDIA_GeForce_RTX_4080,16,
resnet152,224,32,fp32,129.35362243652344,False,NVIDIA_GeForce_RTX_4080,16,
resnet152,224,64,bf16,146.85594177246094,False,NVIDIA_GeForce_RTX_4080,16,
resnet152,224,64,fp16,134.86279296875,False,NVIDIA_GeForce_RTX_4080,16,
resnet152,224,64,fp32,274.6106872558594,False,NVIDIA_GeForce_RTX_4080,16,
resnet18,64,16,bf16,2.249727964401245,False,NVIDIA_GeForce_RTX_4080,16,
resnet18,64,16,fp16,2.1672959327697754,False,NVIDIA_GeForce_RTX_4080,16,
resnet18,64,16,fp32,3.189759969711304,False,NVIDIA_GeForce_RTX_4080,16,
resnet18,64,32,bf16,2.550623893737793,False,NVIDIA_GeForce_RTX_4080,16,
resnet18,64,32,fp16,2.413568019866944,False,NVIDIA_GeForce_RTX_4080,16,
resnet18,64,32,fp32,3.5476319789886475,False,NVIDIA_GeForce_RTX_4080,16,
resnet18,64,64,bf16,3.486720085144043,False,NVIDIA_GeForce_RTX_4080,16,
resnet18,64,64,fp16,3.228032112121582,False,NVIDIA_GeForce_RTX_4080,16,
resnet18,64,64,fp32,4.725024223327637,False,NVIDIA_GeForce_RTX_4080,16,
resnet18,128,16,bf16,3.244352102279663,False,NVIDIA_GeForce_RTX_4080,16,
resnet18,128,16,fp16,3.0820798873901367,False,NVIDIA_GeForce_RTX_4080,16,
resnet18,128,16,fp32,4.010496139526367,False,NVIDIA_GeForce_RTX_4080,16,
resnet18,128,32,bf16,4.684288024902344,False,NVIDIA_GeForce_RTX_4080,16,
resnet18,128,32,fp16,4.349440097808838,False,NVIDIA_GeForce_RTX_4080,16,
resnet18,128,32,fp32,6.879727840423584,False,NVIDIA_GeForce_RTX_4080,16,
resnet18,128,64,bf16,7.984943866729736,False,NVIDIA_GeForce_RTX_4080,16,
resnet18,128,64,fp16,7.38047981262207,False,NVIDIA_GeForce_RTX_4080,16,
resnet18,128,64,fp32,12.195183753967283,False,NVIDIA_GeForce_RTX_4080,16,
resnet18,224,16,bf16,6.449567794799805,False,NVIDIA_GeForce_RTX_4080,16,
resnet18,224,16,fp16,5.864448070526123,False,NVIDIA_GeForce_RTX_4080,16,
resnet18,224,16,fp32,9.54470443725586,False,NVIDIA_GeForce_RTX_4080,16,
resnet18,224,32,bf16,11.870719909667969,False,NVIDIA_GeForce_RTX_4080,16,
resnet18,224,32,fp16,10.93017578125,False,NVIDIA_GeForce_RTX_4080,16,
resnet18,224,32,fp32,18.650495529174805,False,NVIDIA_GeForce_RTX_4080,16,
resnet18,224,64,bf16,24.220672607421875,False,NVIDIA_GeForce_RTX_4080,16,
resnet18,224,64,fp16,20.85120010375977,False,NVIDIA_GeForce_RTX_4080,16,
resnet18,224,64,fp32,38.724609375,False,NVIDIA_GeForce_RTX_4080,16,
resnet200,64,16,bf16,18.885120391845703,False,NVIDIA_GeForce_RTX_4080,16,
resnet200,64,16,fp16,17.95020866394043,False,NVIDIA_GeForce_RTX_4080,16,
resnet200,64,16,fp32,23.060991287231445,False,NVIDIA_GeForce_RTX_4080,16,
resnet200,64,32,bf16,21.617151260375977,False,NVIDIA_GeForce_RTX_4080,16,
resnet200,64,32,fp16,19.752416610717773,False,NVIDIA_GeForce_RTX_4080,16,
resnet200,64,32,fp32,29.339008331298828,False,NVIDIA_GeForce_RTX_4080,16,
resnet200,64,64,bf16,30.36262321472168,False,NVIDIA_GeForce_RTX_4080,16,
resnet200,64,64,fp16,26.65113639831543,False,NVIDIA_GeForce_RTX_4080,16,
resnet200,64,64,fp32,40.11417770385742,False,NVIDIA_GeForce_RTX_4080,16,
resnet200,128,16,bf16,24.355167388916016,False,NVIDIA_GeForce_RTX_4080,16,
resnet200,128,16,fp16,22.441984176635746,False,NVIDIA_GeForce_RTX_4080,16,
resnet200,128,16,fp32,32.78620910644531,False,NVIDIA_GeForce_RTX_4080,16,
resnet200,128,32,bf16,38.505470275878906,False,NVIDIA_GeForce_RTX_4080,16,
resnet200,128,32,fp16,34.68544006347656,False,NVIDIA_GeForce_RTX_4080,16,
resnet200,128,32,fp32,56.793087005615234,False,NVIDIA_GeForce_RTX_4080,16,
resnet200,128,64,bf16,70.47577667236328,False,NVIDIA_GeForce_RTX_4080,16,
resnet200,128,64,fp16,63.70816040039063,False,NVIDIA_GeForce_RTX_4080,16,
resnet200,128,64,fp32,106.9869155883789,False,NVIDIA_GeForce_RTX_4080,16,
resnet200,224,16,bf16,50.73499298095703,False,NVIDIA_GeForce_RTX_4080,16,
resnet200,224,16,fp16,45.34732818603516,False,NVIDIA_GeForce_RTX_4080,16,
resnet200,224,16,fp32,81.73957061767578,False,NVIDIA_GeForce_RTX_4080,16,
resnet200,224,32,bf16,96.44017791748048,False,NVIDIA_GeForce_RTX_4080,16,
resnet200,224,32,fp16,87.10297393798828,False,NVIDIA_GeForce_RTX_4080,16,
resnet200,224,32,fp32,174.03482055664062,False,NVIDIA_GeForce_RTX_4080,16,
resnet200,224,64,bf16,199.3333740234375,False,NVIDIA_GeForce_RTX_4080,16,
resnet200,224,64,fp16,181.3166046142578,False,NVIDIA_GeForce_RTX_4080,16,
resnet200,224,64,fp32,,True,NVIDIA_GeForce_RTX_4080,16,
resnet50,64,16,bf16,5.765632152557373,False,NVIDIA_GeForce_RTX_4080,16,
resnet50,64,16,fp16,5.494783878326416,False,NVIDIA_GeForce_RTX_4080,16,
resnet50,64,16,fp32,7.470911979675293,False,NVIDIA_GeForce_RTX_4080,16,
resnet50,64,32,bf16,6.713200092315674,False,NVIDIA_GeForce_RTX_4080,16,
resnet50,64,32,fp16,6.17467212677002,False,NVIDIA_GeForce_RTX_4080,16,
resnet50,64,32,fp32,9.4269437789917,False,NVIDIA_GeForce_RTX_4080,16,
resnet50,64,64,bf16,9.285056114196776,False,NVIDIA_GeForce_RTX_4080,16,
resnet50,64,64,fp16,8.141679763793945,False,NVIDIA_GeForce_RTX_4080,16,
resnet50,64,64,fp32,12.784128189086914,False,NVIDIA_GeForce_RTX_4080,16,
resnet50,128,16,bf16,7.7460479736328125,False,NVIDIA_GeForce_RTX_4080,16,
resnet50,128,16,fp16,7.14086389541626,False,NVIDIA_GeForce_RTX_4080,16,
resnet50,128,16,fp32,10.457391738891602,False,NVIDIA_GeForce_RTX_4080,16,
resnet50,128,32,bf16,12.06783962249756,False,NVIDIA_GeForce_RTX_4080,16,
resnet50,128,32,fp16,10.909695625305176,False,NVIDIA_GeForce_RTX_4080,16,
resnet50,128,32,fp32,18.654207229614254,False,NVIDIA_GeForce_RTX_4080,16,
resnet50,128,64,bf16,22.2891845703125,False,NVIDIA_GeForce_RTX_4080,16,
resnet50,128,64,fp16,20.175296783447266,False,NVIDIA_GeForce_RTX_4080,16,
resnet50,128,64,fp32,37.49715042114258,False,NVIDIA_GeForce_RTX_4080,16,
resnet50,224,16,bf16,16.49612808227539,False,NVIDIA_GeForce_RTX_4080,16,
resnet50,224,16,fp16,14.80038356781006,False,NVIDIA_GeForce_RTX_4080,16,
resnet50,224,16,fp32,27.351423263549805,False,NVIDIA_GeForce_RTX_4080,16,
resnet50,224,32,bf16,32.835968017578125,False,NVIDIA_GeForce_RTX_4080,16,
resnet50,224,32,fp16,29.955007553100582,False,NVIDIA_GeForce_RTX_4080,16,
resnet50,224,32,fp32,59.18156814575195,False,NVIDIA_GeForce_RTX_4080,16,
resnet50,224,64,bf16,69.32988739013672,False,NVIDIA_GeForce_RTX_4080,16,
resnet50,224,64,fp16,62.86008071899414,False,NVIDIA_GeForce_RTX_4080,16,
resnet50,224,64,fp32,124.99097442626952,False,NVIDIA_GeForce_RTX_4080,16,
resnext101_64x4d,64,16,bf16,17.373008728027344,False,NVIDIA_GeForce_RTX_4080,16,
resnext101_64x4d,64,16,fp16,16.76032066345215,False,NVIDIA_GeForce_RTX_4080,16,
resnext101_64x4d,64,16,fp32,25.80680084228516,False,NVIDIA_GeForce_RTX_4080,16,
resnext101_64x4d,64,32,bf16,20.49787139892578,False,NVIDIA_GeForce_RTX_4080,16,
resnext101_64x4d,64,32,fp16,19.176448822021484,False,NVIDIA_GeForce_RTX_4080,16,
resnext101_64x4d,64,32,fp32,38.44300842285156,False,NVIDIA_GeForce_RTX_4080,16,
resnext101_64x4d,64,64,bf16,28.653568267822266,False,NVIDIA_GeForce_RTX_4080,16,
resnext101_64x4d,64,64,fp16,25.68992042541504,False,NVIDIA_GeForce_RTX_4080,16,
resnext101_64x4d,64,64,fp32,58.27276611328125,False,NVIDIA_GeForce_RTX_4080,16,
resnext101_64x4d,128,16,bf16,22.702640533447266,False,NVIDIA_GeForce_RTX_4080,16,
resnext101_64x4d,128,16,fp16,21.569536209106445,False,NVIDIA_GeForce_RTX_4080,16,
resnext101_64x4d,128,16,fp32,44.233055114746094,False,NVIDIA_GeForce_RTX_4080,16,
resnext101_64x4d,128,32,bf16,36.06732940673828,False,NVIDIA_GeForce_RTX_4080,16,
resnext101_64x4d,128,32,fp16,35.17747116088867,False,NVIDIA_GeForce_RTX_4080,16,
resnext101_64x4d,128,32,fp32,73.45703887939453,False,NVIDIA_GeForce_RTX_4080,16,
resnext101_64x4d,128,64,bf16,62.70649719238281,False,NVIDIA_GeForce_RTX_4080,16,
resnext101_64x4d,128,64,fp16,62.965633392333984,False,NVIDIA_GeForce_RTX_4080,16,
resnext101_64x4d,128,64,fp32,159.28985595703125,False,NVIDIA_GeForce_RTX_4080,16,
resnext101_64x4d,224,16,bf16,50.34700775146485,False,NVIDIA_GeForce_RTX_4080,16,
resnext101_64x4d,224,16,fp16,47.39379119873047,False,NVIDIA_GeForce_RTX_4080,16,
resnext101_64x4d,224,16,fp32,112.54528045654295,False,NVIDIA_GeForce_RTX_4080,16,
resnext101_64x4d,224,32,bf16,105.22726440429688,False,NVIDIA_GeForce_RTX_4080,16,
resnext101_64x4d,224,32,fp16,98.69465637207033,False,NVIDIA_GeForce_RTX_4080,16,
resnext101_64x4d,224,32,fp32,202.5036773681641,False,NVIDIA_GeForce_RTX_4080,16,
resnext101_64x4d,224,64,bf16,211.6300048828125,False,NVIDIA_GeForce_RTX_4080,16,
resnext101_64x4d,224,64,fp16,198.17779541015625,False,NVIDIA_GeForce_RTX_4080,16,
resnext101_64x4d,224,64,fp32,,True,NVIDIA_GeForce_RTX_4080,16,
resnext50_32x4d,64,16,bf16,6.201344013214111,False,NVIDIA_GeForce_RTX_4080,16,
resnext50_32x4d,64,16,fp16,5.9099202156066895,False,NVIDIA_GeForce_RTX_4080,16,
resnext50_32x4d,64,16,fp32,8.192352294921875,False,NVIDIA_GeForce_RTX_4080,16,
resnext50_32x4d,64,32,bf16,7.896575927734375,False,NVIDIA_GeForce_RTX_4080,16,
resnext50_32x4d,64,32,fp16,7.556416034698486,False,NVIDIA_GeForce_RTX_4080,16,
resnext50_32x4d,64,32,fp32,12.113920211791992,False,NVIDIA_GeForce_RTX_4080,16,
resnext50_32x4d,64,64,bf16,12.76313591003418,False,NVIDIA_GeForce_RTX_4080,16,
resnext50_32x4d,64,64,fp16,11.510144233703612,False,NVIDIA_GeForce_RTX_4080,16,
resnext50_32x4d,64,64,fp32,17.556400299072266,False,NVIDIA_GeForce_RTX_4080,16,
resnext50_32x4d,128,16,bf16,8.630784034729004,False,NVIDIA_GeForce_RTX_4080,16,
resnext50_32x4d,128,16,fp16,7.878143787384033,False,NVIDIA_GeForce_RTX_4080,16,
resnext50_32x4d,128,16,fp32,13.693951606750488,False,NVIDIA_GeForce_RTX_4080,16,
resnext50_32x4d,128,32,bf16,14.32972812652588,False,NVIDIA_GeForce_RTX_4080,16,
resnext50_32x4d,128,32,fp16,13.295104026794434,False,NVIDIA_GeForce_RTX_4080,16,
resnext50_32x4d,128,32,fp32,24.231935501098636,False,NVIDIA_GeForce_RTX_4080,16,
resnext50_32x4d,128,64,bf16,26.5675048828125,False,NVIDIA_GeForce_RTX_4080,16,
resnext50_32x4d,128,64,fp16,24.39423942565918,False,NVIDIA_GeForce_RTX_4080,16,
resnext50_32x4d,128,64,fp32,51.452415466308594,False,NVIDIA_GeForce_RTX_4080,16,
resnext50_32x4d,224,16,bf16,18.53696060180664,False,NVIDIA_GeForce_RTX_4080,16,
resnext50_32x4d,224,16,fp16,16.844287872314453,False,NVIDIA_GeForce_RTX_4080,16,
resnext50_32x4d,224,16,fp32,38.48387145996094,False,NVIDIA_GeForce_RTX_4080,16,
resnext50_32x4d,224,32,bf16,38.83673477172852,False,NVIDIA_GeForce_RTX_4080,16,
resnext50_32x4d,224,32,fp16,35.450286865234375,False,NVIDIA_GeForce_RTX_4080,16,
resnext50_32x4d,224,32,fp32,79.97473907470703,False,NVIDIA_GeForce_RTX_4080,16,
resnext50_32x4d,224,64,bf16,85.18605041503906,False,NVIDIA_GeForce_RTX_4080,16,
resnext50_32x4d,224,64,fp16,77.69344329833984,False,NVIDIA_GeForce_RTX_4080,16,
resnext50_32x4d,224,64,fp32,167.206298828125,False,NVIDIA_GeForce_RTX_4080,16,
swin_base_patch4_window7_224,64,16,bf16,14.70867156982422,False,NVIDIA_GeForce_RTX_4080,16,
swin_base_patch4_window7_224,64,16,fp16,14.690815925598145,False,NVIDIA_GeForce_RTX_4080,16,
swin_base_patch4_window7_224,64,16,fp32,18.54707145690918,False,NVIDIA_GeForce_RTX_4080,16,
swin_base_patch4_window7_224,64,32,bf16,17.752527236938477,False,NVIDIA_GeForce_RTX_4080,16,
swin_base_patch4_window7_224,64,32,fp16,17.681407928466797,False,NVIDIA_GeForce_RTX_4080,16,
swin_base_patch4_window7_224,64,32,fp32,26.688512802124023,False,NVIDIA_GeForce_RTX_4080,16,
swin_base_patch4_window7_224,64,64,bf16,24.2554874420166,False,NVIDIA_GeForce_RTX_4080,16,
swin_base_patch4_window7_224,64,64,fp16,24.15052795410156,False,NVIDIA_GeForce_RTX_4080,16,
swin_base_patch4_window7_224,64,64,fp32,43.42612838745117,False,NVIDIA_GeForce_RTX_4080,16,
swin_base_patch4_window7_224,128,16,bf16,30.96780776977539,False,NVIDIA_GeForce_RTX_4080,16,
swin_base_patch4_window7_224,128,16,fp16,30.666751861572266,False,NVIDIA_GeForce_RTX_4080,16,
swin_base_patch4_window7_224,128,16,fp32,57.52729415893555,False,NVIDIA_GeForce_RTX_4080,16,
swin_base_patch4_window7_224,128,32,bf16,51.19180679321289,False,NVIDIA_GeForce_RTX_4080,16,
swin_base_patch4_window7_224,128,32,fp16,50.4529914855957,False,NVIDIA_GeForce_RTX_4080,16,
swin_base_patch4_window7_224,128,32,fp32,105.12588500976562,False,NVIDIA_GeForce_RTX_4080,16,
swin_base_patch4_window7_224,128,64,bf16,100.9781723022461,False,NVIDIA_GeForce_RTX_4080,16,
swin_base_patch4_window7_224,128,64,fp16,100.01663970947266,False,NVIDIA_GeForce_RTX_4080,16,
swin_base_patch4_window7_224,128,64,fp32,209.9957733154297,False,NVIDIA_GeForce_RTX_4080,16,
swin_base_patch4_window7_224,224,16,bf16,50.10889434814453,False,NVIDIA_GeForce_RTX_4080,16,
swin_base_patch4_window7_224,224,16,fp16,49.70444869995117,False,NVIDIA_GeForce_RTX_4080,16,
swin_base_patch4_window7_224,224,16,fp32,100.7685775756836,False,NVIDIA_GeForce_RTX_4080,16,
swin_base_patch4_window7_224,224,32,bf16,95.37126159667967,False,NVIDIA_GeForce_RTX_4080,16,
swin_base_patch4_window7_224,224,32,fp16,94.56629180908205,False,NVIDIA_GeForce_RTX_4080,16,
swin_base_patch4_window7_224,224,32,fp32,191.9411163330078,False,NVIDIA_GeForce_RTX_4080,16,
swin_base_patch4_window7_224,224,64,bf16,195.42315673828125,False,NVIDIA_GeForce_RTX_4080,16,
swin_base_patch4_window7_224,224,64,fp16,194.4437713623047,False,NVIDIA_GeForce_RTX_4080,16,
swin_base_patch4_window7_224,224,64,fp32,,True,NVIDIA_GeForce_RTX_4080,16,
swin_tiny_patch4_window7_224,64,16,bf16,6.231040000915527,False,NVIDIA_GeForce_RTX_4080,16,
swin_tiny_patch4_window7_224,64,16,fp16,6.180255889892578,False,NVIDIA_GeForce_RTX_4080,16,
swin_tiny_patch4_window7_224,64,16,fp32,7.788335800170898,False,NVIDIA_GeForce_RTX_4080,16,
swin_tiny_patch4_window7_224,64,32,bf16,7.657472133636475,False,NVIDIA_GeForce_RTX_4080,16,
swin_tiny_patch4_window7_224,64,32,fp16,7.64467191696167,False,NVIDIA_GeForce_RTX_4080,16,
swin_tiny_patch4_window7_224,64,32,fp32,11.22662353515625,False,NVIDIA_GeForce_RTX_4080,16,
swin_tiny_patch4_window7_224,64,64,bf16,10.797504425048828,False,NVIDIA_GeForce_RTX_4080,16,
swin_tiny_patch4_window7_224,64,64,fp16,10.706432342529297,False,NVIDIA_GeForce_RTX_4080,16,
swin_tiny_patch4_window7_224,64,64,fp32,18.24040031433105,False,NVIDIA_GeForce_RTX_4080,16,
swin_tiny_patch4_window7_224,128,16,bf16,11.61347198486328,False,NVIDIA_GeForce_RTX_4080,16,
swin_tiny_patch4_window7_224,128,16,fp16,11.498496055603027,False,NVIDIA_GeForce_RTX_4080,16,
swin_tiny_patch4_window7_224,128,16,fp32,19.85273551940918,False,NVIDIA_GeForce_RTX_4080,16,
swin_tiny_patch4_window7_224,128,32,bf16,18.928640365600582,False,NVIDIA_GeForce_RTX_4080,16,
swin_tiny_patch4_window7_224,128,32,fp16,18.747264862060547,False,NVIDIA_GeForce_RTX_4080,16,
swin_tiny_patch4_window7_224,128,32,fp32,36.109825134277344,False,NVIDIA_GeForce_RTX_4080,16,
swin_tiny_patch4_window7_224,128,64,bf16,35.89683151245117,False,NVIDIA_GeForce_RTX_4080,16,
swin_tiny_patch4_window7_224,128,64,fp16,35.628543853759766,False,NVIDIA_GeForce_RTX_4080,16,
swin_tiny_patch4_window7_224,128,64,fp32,72.70604705810547,False,NVIDIA_GeForce_RTX_4080,16,
swin_tiny_patch4_window7_224,224,16,bf16,20.322816848754883,False,NVIDIA_GeForce_RTX_4080,16,
swin_tiny_patch4_window7_224,224,16,fp16,20.15897560119629,False,NVIDIA_GeForce_RTX_4080,16,
swin_tiny_patch4_window7_224,224,16,fp32,39.06196975708008,False,NVIDIA_GeForce_RTX_4080,16,
swin_tiny_patch4_window7_224,224,32,bf16,39.92115020751953,False,NVIDIA_GeForce_RTX_4080,16,
swin_tiny_patch4_window7_224,224,32,fp16,39.56100845336914,False,NVIDIA_GeForce_RTX_4080,16,
swin_tiny_patch4_window7_224,224,32,fp32,76.68633270263672,False,NVIDIA_GeForce_RTX_4080,16,
swin_tiny_patch4_window7_224,224,64,bf16,85.40057373046875,False,NVIDIA_GeForce_RTX_4080,16,
swin_tiny_patch4_window7_224,224,64,fp16,85.02425384521484,False,NVIDIA_GeForce_RTX_4080,16,
swin_tiny_patch4_window7_224,224,64,fp32,158.54745483398438,False,NVIDIA_GeForce_RTX_4080,16,
swinv2_cr_tiny_ns_224,64,16,bf16,7.147007942199707,False,NVIDIA_GeForce_RTX_4080,16,
swinv2_cr_tiny_ns_224,64,16,fp16,7.085904121398926,False,NVIDIA_GeForce_RTX_4080,16,
swinv2_cr_tiny_ns_224,64,16,fp32,8.305968284606934,False,NVIDIA_GeForce_RTX_4080,16,
swinv2_cr_tiny_ns_224,64,32,bf16,8.485376358032227,False,NVIDIA_GeForce_RTX_4080,16,
swinv2_cr_tiny_ns_224,64,32,fp16,8.426383972167969,False,NVIDIA_GeForce_RTX_4080,16,
swinv2_cr_tiny_ns_224,64,32,fp32,11.580415725708008,False,NVIDIA_GeForce_RTX_4080,16,
swinv2_cr_tiny_ns_224,64,64,bf16,11.352879524230955,False,NVIDIA_GeForce_RTX_4080,16,
swinv2_cr_tiny_ns_224,64,64,fp16,11.25324821472168,False,NVIDIA_GeForce_RTX_4080,16,
swinv2_cr_tiny_ns_224,64,64,fp32,18.189712524414062,False,NVIDIA_GeForce_RTX_4080,16,
swinv2_cr_tiny_ns_224,128,16,bf16,11.123696327209473,False,NVIDIA_GeForce_RTX_4080,16,
swinv2_cr_tiny_ns_224,128,16,fp16,11.069439888000488,False,NVIDIA_GeForce_RTX_4080,16,
swinv2_cr_tiny_ns_224,128,16,fp32,16.319488525390625,False,NVIDIA_GeForce_RTX_4080,16,
swinv2_cr_tiny_ns_224,128,32,bf16,16.937984466552734,False,NVIDIA_GeForce_RTX_4080,16,
swinv2_cr_tiny_ns_224,128,32,fp16,16.991743087768555,False,NVIDIA_GeForce_RTX_4080,16,
swinv2_cr_tiny_ns_224,128,32,fp32,28.211200714111328,False,NVIDIA_GeForce_RTX_4080,16,
swinv2_cr_tiny_ns_224,128,64,bf16,30.521711349487305,False,NVIDIA_GeForce_RTX_4080,16,
swinv2_cr_tiny_ns_224,128,64,fp16,30.49420738220215,False,NVIDIA_GeForce_RTX_4080,16,
swinv2_cr_tiny_ns_224,128,64,fp32,54.63296127319336,False,NVIDIA_GeForce_RTX_4080,16,
swinv2_cr_tiny_ns_224,224,16,bf16,26.60697555541992,False,NVIDIA_GeForce_RTX_4080,16,
swinv2_cr_tiny_ns_224,224,16,fp16,26.41099166870117,False,NVIDIA_GeForce_RTX_4080,16,
swinv2_cr_tiny_ns_224,224,16,fp32,44.55168151855469,False,NVIDIA_GeForce_RTX_4080,16,
swinv2_cr_tiny_ns_224,224,32,bf16,54.19161605834961,False,NVIDIA_GeForce_RTX_4080,16,
swinv2_cr_tiny_ns_224,224,32,fp16,53.7968635559082,False,NVIDIA_GeForce_RTX_4080,16,
swinv2_cr_tiny_ns_224,224,32,fp32,89.04908752441406,False,NVIDIA_GeForce_RTX_4080,16,
swinv2_cr_tiny_ns_224,224,64,bf16,120.72191619873048,False,NVIDIA_GeForce_RTX_4080,16,
swinv2_cr_tiny_ns_224,224,64,fp16,120.30413055419922,False,NVIDIA_GeForce_RTX_4080,16,
swinv2_cr_tiny_ns_224,224,64,fp32,185.4677734375,False,NVIDIA_GeForce_RTX_4080,16,
twins_pcpvt_small,64,16,bf16,6.700543880462647,False,NVIDIA_GeForce_RTX_4080,16,
twins_pcpvt_small,64,16,fp16,6.6457600593566895,False,NVIDIA_GeForce_RTX_4080,16,
twins_pcpvt_small,64,16,fp32,8.029088020324707,False,NVIDIA_GeForce_RTX_4080,16,
twins_pcpvt_small,64,32,bf16,8.547840118408203,False,NVIDIA_GeForce_RTX_4080,16,
twins_pcpvt_small,64,32,fp16,8.028112411499023,False,NVIDIA_GeForce_RTX_4080,16,
twins_pcpvt_small,64,32,fp32,10.529791831970217,False,NVIDIA_GeForce_RTX_4080,16,
twins_pcpvt_small,64,64,bf16,11.228015899658203,False,NVIDIA_GeForce_RTX_4080,16,
twins_pcpvt_small,64,64,fp16,11.150848388671877,False,NVIDIA_GeForce_RTX_4080,16,
twins_pcpvt_small,64,64,fp32,15.652336120605469,False,NVIDIA_GeForce_RTX_4080,16,
twins_pcpvt_small,128,16,bf16,10.403759956359863,False,NVIDIA_GeForce_RTX_4080,16,
twins_pcpvt_small,128,16,fp16,10.308095932006836,False,NVIDIA_GeForce_RTX_4080,16,
twins_pcpvt_small,128,16,fp32,15.379280090332031,False,NVIDIA_GeForce_RTX_4080,16,
twins_pcpvt_small,128,32,bf16,15.203280448913574,False,NVIDIA_GeForce_RTX_4080,16,
twins_pcpvt_small,128,32,fp16,15.109631538391112,False,NVIDIA_GeForce_RTX_4080,16,
twins_pcpvt_small,128,32,fp32,24.783695220947266,False,NVIDIA_GeForce_RTX_4080,16,
twins_pcpvt_small,128,64,bf16,26.04697608947754,False,NVIDIA_GeForce_RTX_4080,16,
twins_pcpvt_small,128,64,fp16,25.96505546569824,False,NVIDIA_GeForce_RTX_4080,16,
twins_pcpvt_small,128,64,fp32,44.6295051574707,False,NVIDIA_GeForce_RTX_4080,16,
twins_pcpvt_small,224,16,bf16,21.161983489990234,False,NVIDIA_GeForce_RTX_4080,16,
twins_pcpvt_small,224,16,fp16,21.05344009399414,False,NVIDIA_GeForce_RTX_4080,16,
twins_pcpvt_small,224,16,fp32,37.97350311279297,False,NVIDIA_GeForce_RTX_4080,16,
twins_pcpvt_small,224,32,bf16,35.957183837890625,False,NVIDIA_GeForce_RTX_4080,16,
twins_pcpvt_small,224,32,fp16,35.71763229370117,False,NVIDIA_GeForce_RTX_4080,16,
twins_pcpvt_small,224,32,fp32,66.99263763427734,False,NVIDIA_GeForce_RTX_4080,16,
twins_pcpvt_small,224,64,bf16,72.67667388916016,False,NVIDIA_GeForce_RTX_4080,16,
twins_pcpvt_small,224,64,fp16,72.6819839477539,False,NVIDIA_GeForce_RTX_4080,16,
twins_pcpvt_small,224,64,fp32,130.4615936279297,False,NVIDIA_GeForce_RTX_4080,16,
twins_svt_small,64,16,bf16,7.59500789642334,False,NVIDIA_GeForce_RTX_4080,16,
twins_svt_small,64,16,fp16,7.502175807952881,False,NVIDIA_GeForce_RTX_4080,16,
twins_svt_small,64,16,fp32,8.380415916442871,False,NVIDIA_GeForce_RTX_4080,16,
twins_svt_small,64,32,bf16,9.691535949707031,False,NVIDIA_GeForce_RTX_4080,16,
twins_svt_small,64,32,fp16,9.707008361816406,False,NVIDIA_GeForce_RTX_4080,16,
twins_svt_small,64,32,fp32,11.460448265075684,False,NVIDIA_GeForce_RTX_4080,16,
twins_svt_small,64,64,bf16,14.111151695251465,False,NVIDIA_GeForce_RTX_4080,16,
twins_svt_small,64,64,fp16,14.06208038330078,False,NVIDIA_GeForce_RTX_4080,16,
twins_svt_small,64,64,fp32,17.802127838134766,False,NVIDIA_GeForce_RTX_4080,16,
twins_svt_small,128,16,bf16,11.597248077392578,False,NVIDIA_GeForce_RTX_4080,16,
twins_svt_small,128,16,fp16,11.536383628845217,False,NVIDIA_GeForce_RTX_4080,16,
twins_svt_small,128,16,fp32,15.020895957946776,False,NVIDIA_GeForce_RTX_4080,16,
twins_svt_small,128,32,bf16,18.182144165039062,False,NVIDIA_GeForce_RTX_4080,16,
twins_svt_small,128,32,fp16,18.152751922607425,False,NVIDIA_GeForce_RTX_4080,16,
twins_svt_small,128,32,fp32,25.25542449951172,False,NVIDIA_GeForce_RTX_4080,16,
twins_svt_small,128,64,bf16,32.92603302001953,False,NVIDIA_GeForce_RTX_4080,16,
twins_svt_small,128,64,fp16,32.90675354003906,False,NVIDIA_GeForce_RTX_4080,16,
twins_svt_small,128,64,fp32,47.36153411865234,False,NVIDIA_GeForce_RTX_4080,16,
twins_svt_small,224,16,bf16,19.687423706054688,False,NVIDIA_GeForce_RTX_4080,16,
twins_svt_small,224,16,fp16,19.59217643737793,False,NVIDIA_GeForce_RTX_4080,16,
twins_svt_small,224,16,fp32,30.07334327697754,False,NVIDIA_GeForce_RTX_4080,16,
twins_svt_small,224,32,bf16,34.341888427734375,False,NVIDIA_GeForce_RTX_4080,16,
twins_svt_small,224,32,fp16,34.269039154052734,False,NVIDIA_GeForce_RTX_4080,16,
twins_svt_small,224,32,fp32,57.832366943359375,False,NVIDIA_GeForce_RTX_4080,16,
twins_svt_small,224,64,bf16,70.01548767089844,False,NVIDIA_GeForce_RTX_4080,16,
twins_svt_small,224,64,fp16,69.95097351074219,False,NVIDIA_GeForce_RTX_4080,16,
twins_svt_small,224,64,fp32,112.45875549316406,False,NVIDIA_GeForce_RTX_4080,16,
vit_base_patch16_224,64,16,bf16,11.336112022399902,False,NVIDIA_GeForce_RTX_4080,16,
vit_base_patch16_224,64,16,fp16,11.320320129394531,False,NVIDIA_GeForce_RTX_4080,16,
vit_base_patch16_224,64,16,fp32,14.192943572998049,False,NVIDIA_GeForce_RTX_4080,16,
vit_base_patch16_224,64,32,bf16,13.811712265014648,False,NVIDIA_GeForce_RTX_4080,16,
vit_base_patch16_224,64,32,fp16,13.77894401550293,False,NVIDIA_GeForce_RTX_4080,16,
vit_base_patch16_224,64,32,fp32,19.857919692993164,False,NVIDIA_GeForce_RTX_4080,16,
vit_base_patch16_224,64,64,bf16,18.49323272705078,False,NVIDIA_GeForce_RTX_4080,16,
vit_base_patch16_224,64,64,fp16,18.43484878540039,False,NVIDIA_GeForce_RTX_4080,16,
vit_base_patch16_224,64,64,fp32,31.5545597076416,False,NVIDIA_GeForce_RTX_4080,16,
vit_base_patch16_224,128,16,bf16,17.489408493041992,False,NVIDIA_GeForce_RTX_4080,16,
vit_base_patch16_224,128,16,fp16,17.43769645690918,False,NVIDIA_GeForce_RTX_4080,16,
vit_base_patch16_224,128,16,fp32,31.935407638549805,False,NVIDIA_GeForce_RTX_4080,16,
vit_base_patch16_224,128,32,bf16,25.28968048095703,False,NVIDIA_GeForce_RTX_4080,16,
vit_base_patch16_224,128,32,fp16,24.90675163269043,False,NVIDIA_GeForce_RTX_4080,16,
vit_base_patch16_224,128,32,fp32,54.8687858581543,False,NVIDIA_GeForce_RTX_4080,16,
vit_base_patch16_224,128,64,bf16,41.93272018432617,False,NVIDIA_GeForce_RTX_4080,16,
vit_base_patch16_224,128,64,fp16,41.707008361816406,False,NVIDIA_GeForce_RTX_4080,16,
vit_base_patch16_224,128,64,fp32,99.9516143798828,False,NVIDIA_GeForce_RTX_4080,16,
vit_base_patch16_224,224,16,bf16,32.94244766235352,False,NVIDIA_GeForce_RTX_4080,16,
vit_base_patch16_224,224,16,fp16,32.88811111450195,False,NVIDIA_GeForce_RTX_4080,16,
vit_base_patch16_224,224,16,fp32,79.1049575805664,False,NVIDIA_GeForce_RTX_4080,16,
vit_base_patch16_224,224,32,bf16,58.79900741577149,False,NVIDIA_GeForce_RTX_4080,16,
vit_base_patch16_224,224,32,fp16,58.501121520996094,False,NVIDIA_GeForce_RTX_4080,16,
vit_base_patch16_224,224,32,fp32,153.50514221191406,False,NVIDIA_GeForce_RTX_4080,16,
vit_base_patch16_224,224,64,bf16,120.22886657714844,False,NVIDIA_GeForce_RTX_4080,16,
vit_base_patch16_224,224,64,fp16,119.56224060058594,False,NVIDIA_GeForce_RTX_4080,16,
vit_base_patch16_224,224,64,fp32,307.9306335449219,False,NVIDIA_GeForce_RTX_4080,16,
vit_large_patch16_224,64,16,bf16,37.71699142456055,False,NVIDIA_GeForce_RTX_4080,16,
vit_large_patch16_224,64,16,fp16,37.5096321105957,False,NVIDIA_GeForce_RTX_4080,16,
vit_large_patch16_224,64,16,fp32,48.96358489990234,False,NVIDIA_GeForce_RTX_4080,16,
vit_large_patch16_224,64,32,bf16,44.37190246582031,False,NVIDIA_GeForce_RTX_4080,16,
vit_large_patch16_224,64,32,fp16,43.75852966308594,False,NVIDIA_GeForce_RTX_4080,16,
vit_large_patch16_224,64,32,fp32,65.64454650878906,False,NVIDIA_GeForce_RTX_4080,16,
vit_large_patch16_224,64,64,bf16,58.605567932128906,False,NVIDIA_GeForce_RTX_4080,16,
vit_large_patch16_224,64,64,fp16,58.45652770996094,False,NVIDIA_GeForce_RTX_4080,16,
vit_large_patch16_224,64,64,fp32,106.52410888671876,False,NVIDIA_GeForce_RTX_4080,16,
vit_large_patch16_224,128,16,bf16,55.87456130981445,False,NVIDIA_GeForce_RTX_4080,16,
vit_large_patch16_224,128,16,fp16,55.60512161254883,False,NVIDIA_GeForce_RTX_4080,16,
vit_large_patch16_224,128,16,fp32,106.77604675292967,False,NVIDIA_GeForce_RTX_4080,16,
vit_large_patch16_224,128,32,bf16,83.55123138427734,False,NVIDIA_GeForce_RTX_4080,16,
vit_large_patch16_224,128,32,fp16,83.08827209472656,False,NVIDIA_GeForce_RTX_4080,16,
vit_large_patch16_224,128,32,fp32,180.66278076171875,False,NVIDIA_GeForce_RTX_4080,16,
vit_large_patch16_224,128,64,bf16,138.29171752929688,False,NVIDIA_GeForce_RTX_4080,16,
vit_large_patch16_224,128,64,fp16,137.828857421875,False,NVIDIA_GeForce_RTX_4080,16,
vit_large_patch16_224,128,64,fp32,322.99468994140625,False,NVIDIA_GeForce_RTX_4080,16,
vit_large_patch16_224,224,16,bf16,111.4598388671875,False,NVIDIA_GeForce_RTX_4080,16,
vit_large_patch16_224,224,16,fp16,110.98571014404295,False,NVIDIA_GeForce_RTX_4080,16,
vit_large_patch16_224,224,16,fp32,260.47784423828125,False,NVIDIA_GeForce_RTX_4080,16,
vit_large_patch16_224,224,32,bf16,203.3474578857422,False,NVIDIA_GeForce_RTX_4080,16,
vit_large_patch16_224,224,32,fp16,203.0277557373047,False,NVIDIA_GeForce_RTX_4080,16,
vit_large_patch16_224,224,32,fp32,2795.926025390625,False,NVIDIA_GeForce_RTX_4080,16,precision_artifact
vit_large_patch16_224,224,64,bf16,,True,NVIDIA_GeForce_RTX_4080,16,
vit_large_patch16_224,224,64,fp16,,True,NVIDIA_GeForce_RTX_4080,16,
vit_large_patch16_224,224,64,fp32,,True,NVIDIA_GeForce_RTX_4080,16,
vit_small_patch16_224,64,16,bf16,4.301216125488281,False,NVIDIA_GeForce_RTX_4080,16,
vit_small_patch16_224,64,16,fp16,4.301695823669434,False,NVIDIA_GeForce_RTX_4080,16,
vit_small_patch16_224,64,16,fp32,5.461904048919678,False,NVIDIA_GeForce_RTX_4080,16,
vit_small_patch16_224,64,32,bf16,5.097839832305908,False,NVIDIA_GeForce_RTX_4080,16,
vit_small_patch16_224,64,32,fp16,5.083136081695557,False,NVIDIA_GeForce_RTX_4080,16,
vit_small_patch16_224,64,32,fp32,7.464447975158691,False,NVIDIA_GeForce_RTX_4080,16,
vit_small_patch16_224,64,64,bf16,6.818304061889648,False,NVIDIA_GeForce_RTX_4080,16,
vit_small_patch16_224,64,64,fp16,6.823423862457275,False,NVIDIA_GeForce_RTX_4080,16,
vit_small_patch16_224,64,64,fp32,11.08521556854248,False,NVIDIA_GeForce_RTX_4080,16,
vit_small_patch16_224,128,16,bf16,6.386176109313965,False,NVIDIA_GeForce_RTX_4080,16,
vit_small_patch16_224,128,16,fp16,6.378496170043945,False,NVIDIA_GeForce_RTX_4080,16,
vit_small_patch16_224,128,16,fp32,11.292672157287598,False,NVIDIA_GeForce_RTX_4080,16,
vit_small_patch16_224,128,32,bf16,8.974287986755371,False,NVIDIA_GeForce_RTX_4080,16,
vit_small_patch16_224,128,32,fp16,8.957440376281738,False,NVIDIA_GeForce_RTX_4080,16,
vit_small_patch16_224,128,32,fp32,18.917888641357425,False,NVIDIA_GeForce_RTX_4080,16,
vit_small_patch16_224,128,64,bf16,14.44809627532959,False,NVIDIA_GeForce_RTX_4080,16,
vit_small_patch16_224,128,64,fp16,14.40497589111328,False,NVIDIA_GeForce_RTX_4080,16,
vit_small_patch16_224,128,64,fp32,34.181121826171875,False,NVIDIA_GeForce_RTX_4080,16,
vit_small_patch16_224,224,16,bf16,11.24300765991211,False,NVIDIA_GeForce_RTX_4080,16,
vit_small_patch16_224,224,16,fp16,11.168224334716797,False,NVIDIA_GeForce_RTX_4080,16,
vit_small_patch16_224,224,16,fp32,28.39739227294922,False,NVIDIA_GeForce_RTX_4080,16,
vit_small_patch16_224,224,32,bf16,20.328447341918945,False,NVIDIA_GeForce_RTX_4080,16,
vit_small_patch16_224,224,32,fp16,20.1650390625,False,NVIDIA_GeForce_RTX_4080,16,
vit_small_patch16_224,224,32,fp32,52.819454193115234,False,NVIDIA_GeForce_RTX_4080,16,
vit_small_patch16_224,224,64,bf16,38.6441764831543,False,NVIDIA_GeForce_RTX_4080,16,
vit_small_patch16_224,224,64,fp16,38.18956756591797,False,NVIDIA_GeForce_RTX_4080,16,
vit_small_patch16_224,224,64,fp32,101.99286651611328,False,NVIDIA_GeForce_RTX_4080,16,
vit_tiny_patch16_224,64,16,bf16,2.296288013458252,False,NVIDIA_GeForce_RTX_4080,16,
vit_tiny_patch16_224,64,16,fp16,2.2225921154022217,False,NVIDIA_GeForce_RTX_4080,16,
vit_tiny_patch16_224,64,16,fp32,2.597791910171509,False,NVIDIA_GeForce_RTX_4080,16,
vit_tiny_patch16_224,64,32,bf16,2.851327896118164,False,NVIDIA_GeForce_RTX_4080,16,
vit_tiny_patch16_224,64,32,fp16,2.8083200454711914,False,NVIDIA_GeForce_RTX_4080,16,
vit_tiny_patch16_224,64,32,fp32,3.547103881835937,False,NVIDIA_GeForce_RTX_4080,16,
vit_tiny_patch16_224,64,64,bf16,3.382783889770508,False,NVIDIA_GeForce_RTX_4080,16,
vit_tiny_patch16_224,64,64,fp16,3.373055934906006,False,NVIDIA_GeForce_RTX_4080,16,
vit_tiny_patch16_224,64,64,fp32,4.713327884674072,False,NVIDIA_GeForce_RTX_4080,16,
vit_tiny_patch16_224,128,16,bf16,3.166208028793335,False,NVIDIA_GeForce_RTX_4080,16,
vit_tiny_patch16_224,128,16,fp16,3.1624159812927246,False,NVIDIA_GeForce_RTX_4080,16,
vit_tiny_patch16_224,128,16,fp32,5.030911922454834,False,NVIDIA_GeForce_RTX_4080,16,
vit_tiny_patch16_224,128,32,bf16,4.50713586807251,False,NVIDIA_GeForce_RTX_4080,16,
vit_tiny_patch16_224,128,32,fp16,4.497407913208008,False,NVIDIA_GeForce_RTX_4080,16,
vit_tiny_patch16_224,128,32,fp32,7.694255828857422,False,NVIDIA_GeForce_RTX_4080,16,
vit_tiny_patch16_224,128,64,bf16,6.441760063171387,False,NVIDIA_GeForce_RTX_4080,16,
vit_tiny_patch16_224,128,64,fp16,6.398736000061035,False,NVIDIA_GeForce_RTX_4080,16,
vit_tiny_patch16_224,128,64,fp32,13.11633586883545,False,NVIDIA_GeForce_RTX_4080,16,
vit_tiny_patch16_224,224,16,bf16,5.454336166381836,False,NVIDIA_GeForce_RTX_4080,16,
vit_tiny_patch16_224,224,16,fp16,5.432159900665283,False,NVIDIA_GeForce_RTX_4080,16,
vit_tiny_patch16_224,224,16,fp32,11.372032165527344,False,NVIDIA_GeForce_RTX_4080,16,
vit_tiny_patch16_224,224,32,bf16,8.778240203857422,False,NVIDIA_GeForce_RTX_4080,16,
vit_tiny_patch16_224,224,32,fp16,8.724479675292969,False,NVIDIA_GeForce_RTX_4080,16,
vit_tiny_patch16_224,224,32,fp32,20.878847122192383,False,NVIDIA_GeForce_RTX_4080,16,
vit_tiny_patch16_224,224,64,bf16,16.373760223388672,False,NVIDIA_GeForce_RTX_4080,16,
vit_tiny_patch16_224,224,64,fp16,16.226240158081055,False,NVIDIA_GeForce_RTX_4080,16,
vit_tiny_patch16_224,224,64,fp32,40.1525764465332,False,NVIDIA_GeForce_RTX_4080,16,
wide_resnet101_2,64,16,bf16,22.42508888244629,False,NVIDIA_GeForce_RTX_4080,16,
wide_resnet101_2,64,16,fp16,22.658447265625,False,NVIDIA_GeForce_RTX_4080,16,
wide_resnet101_2,64,16,fp32,27.79070472717285,False,NVIDIA_GeForce_RTX_4080,16,
wide_resnet101_2,64,32,bf16,27.175935745239254,False,NVIDIA_GeForce_RTX_4080,16,
wide_resnet101_2,64,32,fp16,28.282367706298828,False,NVIDIA_GeForce_RTX_4080,16,
wide_resnet101_2,64,32,fp32,35.734336853027344,False,NVIDIA_GeForce_RTX_4080,16,
wide_resnet101_2,64,64,bf16,42.59787368774414,False,NVIDIA_GeForce_RTX_4080,16,
wide_resnet101_2,64,64,fp16,41.080833435058594,False,NVIDIA_GeForce_RTX_4080,16,
wide_resnet101_2,64,64,fp32,46.15884780883789,False,NVIDIA_GeForce_RTX_4080,16,
wide_resnet101_2,128,16,bf16,29.66374397277832,False,NVIDIA_GeForce_RTX_4080,16,
wide_resnet101_2,128,16,fp16,28.65407943725586,False,NVIDIA_GeForce_RTX_4080,16,
wide_resnet101_2,128,16,fp32,38.66214370727539,False,NVIDIA_GeForce_RTX_4080,16,
wide_resnet101_2,128,32,bf16,45.0621452331543,False,NVIDIA_GeForce_RTX_4080,16,
wide_resnet101_2,128,32,fp16,43.48764801025391,False,NVIDIA_GeForce_RTX_4080,16,
wide_resnet101_2,128,32,fp32,62.896480560302734,False,NVIDIA_GeForce_RTX_4080,16,
wide_resnet101_2,128,64,bf16,76.98411560058594,False,NVIDIA_GeForce_RTX_4080,16,
wide_resnet101_2,128,64,fp16,73.1412124633789,False,NVIDIA_GeForce_RTX_4080,16,
wide_resnet101_2,128,64,fp32,114.84569549560548,False,NVIDIA_GeForce_RTX_4080,16,
wide_resnet101_2,224,16,bf16,57.569278717041016,False,NVIDIA_GeForce_RTX_4080,16,
wide_resnet101_2,224,16,fp16,55.03777694702149,False,NVIDIA_GeForce_RTX_4080,16,
wide_resnet101_2,224,16,fp32,94.91194915771484,False,NVIDIA_GeForce_RTX_4080,16,
wide_resnet101_2,224,32,bf16,101.85113525390624,False,NVIDIA_GeForce_RTX_4080,16,
wide_resnet101_2,224,32,fp16,97.1852798461914,False,NVIDIA_GeForce_RTX_4080,16,
wide_resnet101_2,224,32,fp32,182.9958648681641,False,NVIDIA_GeForce_RTX_4080,16,
wide_resnet101_2,224,64,bf16,196.2795867919922,False,NVIDIA_GeForce_RTX_4080,16,
wide_resnet101_2,224,64,fp16,186.76361083984372,False,NVIDIA_GeForce_RTX_4080,16,
wide_resnet101_2,224,64,fp32,395.5758056640625,False,NVIDIA_GeForce_RTX_4080,16,
xcit_small_12_p16_224,64,16,bf16,8.177151679992676,False,NVIDIA_GeForce_RTX_4080,16,
xcit_small_12_p16_224,64,16,fp16,8.054783821105957,False,NVIDIA_GeForce_RTX_4080,16,
xcit_small_12_p16_224,64,16,fp32,9.09772777557373,False,NVIDIA_GeForce_RTX_4080,16,
xcit_small_12_p16_224,64,32,bf16,9.636176109313965,False,NVIDIA_GeForce_RTX_4080,16,
xcit_small_12_p16_224,64,32,fp16,9.43718433380127,False,NVIDIA_GeForce_RTX_4080,16,
xcit_small_12_p16_224,64,32,fp32,12.134336471557615,False,NVIDIA_GeForce_RTX_4080,16,
xcit_small_12_p16_224,64,64,bf16,12.14515209197998,False,NVIDIA_GeForce_RTX_4080,16,
xcit_small_12_p16_224,64,64,fp16,11.882495880126951,False,NVIDIA_GeForce_RTX_4080,16,
xcit_small_12_p16_224,64,64,fp32,17.581024169921875,False,NVIDIA_GeForce_RTX_4080,16,
xcit_small_12_p16_224,128,16,bf16,11.927552223205566,False,NVIDIA_GeForce_RTX_4080,16,
xcit_small_12_p16_224,128,16,fp16,11.61676788330078,False,NVIDIA_GeForce_RTX_4080,16,
xcit_small_12_p16_224,128,16,fp32,16.176448822021484,False,NVIDIA_GeForce_RTX_4080,16,
xcit_small_12_p16_224,128,32,bf16,16.913808822631836,False,NVIDIA_GeForce_RTX_4080,16,
xcit_small_12_p16_224,128,32,fp16,16.668672561645508,False,NVIDIA_GeForce_RTX_4080,16,
xcit_small_12_p16_224,128,32,fp32,26.224639892578125,False,NVIDIA_GeForce_RTX_4080,16,
xcit_small_12_p16_224,128,64,bf16,27.682655334472656,False,NVIDIA_GeForce_RTX_4080,16,
xcit_small_12_p16_224,128,64,fp16,27.1856632232666,False,NVIDIA_GeForce_RTX_4080,16,
xcit_small_12_p16_224,128,64,fp32,46.95808029174805,False,NVIDIA_GeForce_RTX_4080,16,
xcit_small_12_p16_224,224,16,bf16,22.435264587402344,False,NVIDIA_GeForce_RTX_4080,16,
xcit_small_12_p16_224,224,16,fp16,21.999616622924805,False,NVIDIA_GeForce_RTX_4080,16,
xcit_small_12_p16_224,224,16,fp32,36.77387237548828,False,NVIDIA_GeForce_RTX_4080,16,
xcit_small_12_p16_224,224,32,bf16,40.712703704833984,False,NVIDIA_GeForce_RTX_4080,16,
xcit_small_12_p16_224,224,32,fp16,39.905792236328125,False,NVIDIA_GeForce_RTX_4080,16,
xcit_small_12_p16_224,224,32,fp32,68.9612808227539,False,NVIDIA_GeForce_RTX_4080,16,
xcit_small_12_p16_224,224,64,bf16,82.90296173095703,False,NVIDIA_GeForce_RTX_4080,16,
xcit_small_12_p16_224,224,64,fp16,81.40217590332031,False,NVIDIA_GeForce_RTX_4080,16,
xcit_small_12_p16_224,224,64,fp32,141.83213806152344,False,NVIDIA_GeForce_RTX_4080,16,
xcit_tiny_12_p16_224,64,16,bf16,5.777408123016357,False,NVIDIA_GeForce_RTX_4080,16,
xcit_tiny_12_p16_224,64,16,fp16,5.522336006164551,False,NVIDIA_GeForce_RTX_4080,16,
xcit_tiny_12_p16_224,64,16,fp32,5.458432197570801,False,NVIDIA_GeForce_RTX_4080,16,
xcit_tiny_12_p16_224,64,32,bf16,6.829567909240723,False,NVIDIA_GeForce_RTX_4080,16,
xcit_tiny_12_p16_224,64,32,fp16,6.498208045959473,False,NVIDIA_GeForce_RTX_4080,16,
xcit_tiny_12_p16_224,64,32,fp32,7.251455783843994,False,NVIDIA_GeForce_RTX_4080,16,
xcit_tiny_12_p16_224,64,64,bf16,7.970304012298584,False,NVIDIA_GeForce_RTX_4080,16,
xcit_tiny_12_p16_224,64,64,fp16,7.518703937530518,False,NVIDIA_GeForce_RTX_4080,16,
xcit_tiny_12_p16_224,64,64,fp32,9.310720443725586,False,NVIDIA_GeForce_RTX_4080,16,
xcit_tiny_12_p16_224,128,16,bf16,7.802207946777344,False,NVIDIA_GeForce_RTX_4080,16,
xcit_tiny_12_p16_224,128,16,fp16,7.345151901245117,False,NVIDIA_GeForce_RTX_4080,16,
xcit_tiny_12_p16_224,128,16,fp32,8.515583992004395,False,NVIDIA_GeForce_RTX_4080,16,
xcit_tiny_12_p16_224,128,32,bf16,9.899840354919434,False,NVIDIA_GeForce_RTX_4080,16,
xcit_tiny_12_p16_224,128,32,fp16,9.468928337097168,False,NVIDIA_GeForce_RTX_4080,16,
xcit_tiny_12_p16_224,128,32,fp32,12.549615859985352,False,NVIDIA_GeForce_RTX_4080,16,
xcit_tiny_12_p16_224,128,64,bf16,14.295040130615234,False,NVIDIA_GeForce_RTX_4080,16,
xcit_tiny_12_p16_224,128,64,fp16,13.748224258422852,False,NVIDIA_GeForce_RTX_4080,16,
xcit_tiny_12_p16_224,128,64,fp32,20.105600357055664,False,NVIDIA_GeForce_RTX_4080,16,
xcit_tiny_12_p16_224,224,16,bf16,12.096287727355955,False,NVIDIA_GeForce_RTX_4080,16,
xcit_tiny_12_p16_224,224,16,fp16,11.819519996643066,False,NVIDIA_GeForce_RTX_4080,16,
xcit_tiny_12_p16_224,224,16,fp32,16.177152633666992,False,NVIDIA_GeForce_RTX_4080,16,
xcit_tiny_12_p16_224,224,32,bf16,19.765247344970703,False,NVIDIA_GeForce_RTX_4080,16,
xcit_tiny_12_p16_224,224,32,fp16,19.1680965423584,False,NVIDIA_GeForce_RTX_4080,16,
xcit_tiny_12_p16_224,224,32,fp32,28.704256057739254,False,NVIDIA_GeForce_RTX_4080,16,
xcit_tiny_12_p16_224,224,64,bf16,37.31353759765625,False,NVIDIA_GeForce_RTX_4080,16,
xcit_tiny_12_p16_224,224,64,fp16,36.02891159057617,False,NVIDIA_GeForce_RTX_4080,16,
xcit_tiny_12_p16_224,224,64,fp32,55.32566452026367,False,NVIDIA_GeForce_RTX_4080,16,
