model,img_size,batch_size,precision,avg_time_ms,oom,gpu,vram_gb,cleanup
beit_large_patch16_224,64,16,bf16,26.77503967285156,False,NVIDIA_GeForce_RTX_4090,24,
beit_large_patch16_224,64,16,fp16,26.9040641784668,False,NVIDIA_GeForce_RTX_4090,24,
beit_large_patch16_224,64,16,fp32,35.079681396484375,False,NVIDIA_GeForce_RTX_4090,24,
beit_large_patch16_224,64,32,bf16,31.42092704772949,False,NVIDIA_GeForce_RTX_4090,24,
beit_large_patch16_224,64,32,fp16,31.436288833618164,False,NVIDIA_GeForce_RTX_4090,24,
beit_large_patch16_224,64,32,fp32,47.93600082397461,False,NVIDIA_GeForce_RTX_4090,24,
beit_large_patch16_224,64,64,bf16,39.74809646606445,False,NVIDIA_GeForce_RTX_4090,24,
beit_large_patch16_224,64,64,fp16,39.8842887878418,False,NVIDIA_GeForce_RTX_4090,24,
beit_large_patch16_224,64,64,fp32,74.16268920898438,False,NVIDIA_GeForce_RTX_4090,24,
beit_large_patch16_224,128,16,bf16,39.91449737548828,False,NVIDIA_GeForce_RTX_4090,24,
beit_large_patch16_224,128,16,fp16,40.149505615234375,False,NVIDIA_GeForce_RTX_4090,24,
beit_large_patch16_224,128,16,fp32,73.72748565673828,False,NVIDIA_GeForce_RTX_4090,24,
beit_large_patch16_224,128,32,bf16,56.12134552001953,False,NVIDIA_GeForce_RTX_4090,24,
beit_large_patch16_224,128,32,fp16,57.22880172729492,False,NVIDIA_GeForce_RTX_4090,24,
beit_large_patch16_224,128,32,fp32,125.28380584716795,False,NVIDIA_GeForce_RTX_4090,24,
beit_large_patch16_224,128,64,bf16,91.80467224121094,False,NVIDIA_GeForce_RTX_4090,24,
beit_large_patch16_224,128,64,fp16,92.5143051147461,False,NVIDIA_GeForce_RTX_4090,24,
beit_large_patch16_224,128,64,fp32,226.76019287109372,False,NVIDIA_GeForce_RTX_4090,24,
beit_large_patch16_224,224,16,bf16,77.94226837158203,False,NVIDIA_GeForce_RTX_4090,24,
beit_large_patch16_224,224,16,fp16,79.58271789550781,False,NVIDIA_GeForce_RTX_4090,24,
beit_large_patch16_224,224,16,fp32,178.95782470703125,False,NVIDIA_GeForce_RTX_4090,24,
beit_large_patch16_224,224,32,bf16,142.06463623046875,False,NVIDIA_GeForce_RTX_4090,24,
beit_large_patch16_224,224,32,fp16,139.76063537597656,False,NVIDIA_GeForce_RTX_4090,24,
beit_large_patch16_224,224,32,fp32,345.1934814453125,False,NVIDIA_GeForce_RTX_4090,24,
beit_large_patch16_224,224,64,bf16,279.1285705566406,False,NVIDIA_GeForce_RTX_4090,24,
beit_large_patch16_224,224,64,fp16,273.8524169921875,False,NVIDIA_GeForce_RTX_4090,24,
beit_large_patch16_224,224,64,fp32,,True,NVIDIA_GeForce_RTX_4090,24,
coatnet_0_rw_224,64,16,bf16,5.550079822540283,False,NVIDIA_GeForce_RTX_4090,24,
coatnet_0_rw_224,64,16,fp16,5.06112003326416,False,NVIDIA_GeForce_RTX_4090,24,
coatnet_0_rw_224,64,16,fp32,5.418496131896973,False,NVIDIA_GeForce_RTX_4090,24,
coatnet_0_rw_224,64,32,bf16,6.424575805664063,False,NVIDIA_GeForce_RTX_4090,24,
coatnet_0_rw_224,64,32,fp16,5.909503936767578,False,NVIDIA_GeForce_RTX_4090,24,
coatnet_0_rw_224,64,32,fp32,7.19974422454834,False,NVIDIA_GeForce_RTX_4090,24,
coatnet_0_rw_224,64,64,bf16,8.483839988708496,False,NVIDIA_GeForce_RTX_4090,24,
coatnet_0_rw_224,64,64,fp16,7.803311824798584,False,NVIDIA_GeForce_RTX_4090,24,
coatnet_0_rw_224,64,64,fp32,10.473983764648438,False,NVIDIA_GeForce_RTX_4090,24,
coatnet_0_rw_224,128,16,bf16,8.385536193847656,False,NVIDIA_GeForce_RTX_4090,24,
coatnet_0_rw_224,128,16,fp16,7.748095989227295,False,NVIDIA_GeForce_RTX_4090,24,
coatnet_0_rw_224,128,16,fp32,9.57481575012207,False,NVIDIA_GeForce_RTX_4090,24,
coatnet_0_rw_224,128,32,bf16,12.241408348083496,False,NVIDIA_GeForce_RTX_4090,24,
coatnet_0_rw_224,128,32,fp16,11.214336395263672,False,NVIDIA_GeForce_RTX_4090,24,
coatnet_0_rw_224,128,32,fp32,17.575328826904297,False,NVIDIA_GeForce_RTX_4090,24,
coatnet_0_rw_224,128,64,bf16,21.65760040283203,False,NVIDIA_GeForce_RTX_4090,24,
coatnet_0_rw_224,128,64,fp16,19.73760032653809,False,NVIDIA_GeForce_RTX_4090,24,
coatnet_0_rw_224,128,64,fp32,35.42015838623047,False,NVIDIA_GeForce_RTX_4090,24,
coatnet_0_rw_224,224,16,bf16,19.142656326293945,False,NVIDIA_GeForce_RTX_4090,24,
coatnet_0_rw_224,224,16,fp16,17.533952713012695,False,NVIDIA_GeForce_RTX_4090,24,
coatnet_0_rw_224,224,16,fp32,30.45268821716309,False,NVIDIA_GeForce_RTX_4090,24,
coatnet_0_rw_224,224,32,bf16,35.63673782348633,False,NVIDIA_GeForce_RTX_4090,24,
coatnet_0_rw_224,224,32,fp16,32.56883239746094,False,NVIDIA_GeForce_RTX_4090,24,
coatnet_0_rw_224,224,32,fp32,62.75174331665039,False,NVIDIA_GeForce_RTX_4090,24,
coatnet_0_rw_224,224,64,bf16,72.0327377319336,False,NVIDIA_GeForce_RTX_4090,24,
coatnet_0_rw_224,224,64,fp16,66.55948638916016,False,NVIDIA_GeForce_RTX_4090,24,
coatnet_0_rw_224,224,64,fp32,127.5863037109375,False,NVIDIA_GeForce_RTX_4090,24,
coatnet_1_rw_224,64,16,bf16,8.833536148071289,False,NVIDIA_GeForce_RTX_4090,24,
coatnet_1_rw_224,64,16,fp16,8.948736190795898,False,NVIDIA_GeForce_RTX_4090,24,
coatnet_1_rw_224,64,16,fp32,9.118720054626465,False,NVIDIA_GeForce_RTX_4090,24,
coatnet_1_rw_224,64,32,bf16,10.52569580078125,False,NVIDIA_GeForce_RTX_4090,24,
coatnet_1_rw_224,64,32,fp16,9.893376350402832,False,NVIDIA_GeForce_RTX_4090,24,
coatnet_1_rw_224,64,32,fp32,12.280271530151367,False,NVIDIA_GeForce_RTX_4090,24,
coatnet_1_rw_224,64,64,bf16,14.235648155212402,False,NVIDIA_GeForce_RTX_4090,24,
coatnet_1_rw_224,64,64,fp16,13.26591968536377,False,NVIDIA_GeForce_RTX_4090,24,
coatnet_1_rw_224,64,64,fp32,18.608640670776367,False,NVIDIA_GeForce_RTX_4090,24,
coatnet_1_rw_224,128,16,bf16,14.15833568572998,False,NVIDIA_GeForce_RTX_4090,24,
coatnet_1_rw_224,128,16,fp16,13.301247596740724,False,NVIDIA_GeForce_RTX_4090,24,
coatnet_1_rw_224,128,16,fp32,17.024511337280273,False,NVIDIA_GeForce_RTX_4090,24,
coatnet_1_rw_224,128,32,bf16,21.320703506469727,False,NVIDIA_GeForce_RTX_4090,24,
coatnet_1_rw_224,128,32,fp16,20.039167404174805,False,NVIDIA_GeForce_RTX_4090,24,
coatnet_1_rw_224,128,32,fp32,31.21459197998047,False,NVIDIA_GeForce_RTX_4090,24,
coatnet_1_rw_224,128,64,bf16,37.4917106628418,False,NVIDIA_GeForce_RTX_4090,24,
coatnet_1_rw_224,128,64,fp16,34.78681564331055,False,NVIDIA_GeForce_RTX_4090,24,
coatnet_1_rw_224,128,64,fp32,61.92639923095703,False,NVIDIA_GeForce_RTX_4090,24,
coatnet_1_rw_224,224,16,bf16,33.94559860229492,False,NVIDIA_GeForce_RTX_4090,24,
coatnet_1_rw_224,224,16,fp16,31.954944610595703,False,NVIDIA_GeForce_RTX_4090,24,
coatnet_1_rw_224,224,16,fp32,54.82342529296875,False,NVIDIA_GeForce_RTX_4090,24,
coatnet_1_rw_224,224,32,bf16,61.45587158203125,False,NVIDIA_GeForce_RTX_4090,24,
coatnet_1_rw_224,224,32,fp16,57.50008010864258,False,NVIDIA_GeForce_RTX_4090,24,
coatnet_1_rw_224,224,32,fp32,111.52435302734376,False,NVIDIA_GeForce_RTX_4090,24,
coatnet_1_rw_224,224,64,bf16,124.40422058105467,False,NVIDIA_GeForce_RTX_4090,24,
coatnet_1_rw_224,224,64,fp16,117.57158660888672,False,NVIDIA_GeForce_RTX_4090,24,
coatnet_1_rw_224,224,64,fp32,225.34605407714844,False,NVIDIA_GeForce_RTX_4090,24,
coatnet_2_rw_224,64,16,bf16,11.453439712524414,False,NVIDIA_GeForce_RTX_4090,24,
coatnet_2_rw_224,64,16,fp16,11.304960250854492,False,NVIDIA_GeForce_RTX_4090,24,
coatnet_2_rw_224,64,16,fp32,12.347887992858888,False,NVIDIA_GeForce_RTX_4090,24,
coatnet_2_rw_224,64,32,bf16,14.2740478515625,False,NVIDIA_GeForce_RTX_4090,24,
coatnet_2_rw_224,64,32,fp16,13.459967613220217,False,NVIDIA_GeForce_RTX_4090,24,
coatnet_2_rw_224,64,32,fp32,17.41619110107422,False,NVIDIA_GeForce_RTX_4090,24,
coatnet_2_rw_224,64,64,bf16,20.7457275390625,False,NVIDIA_GeForce_RTX_4090,24,
coatnet_2_rw_224,64,64,fp16,19.409408569335938,False,NVIDIA_GeForce_RTX_4090,24,
coatnet_2_rw_224,64,64,fp32,27.45804786682129,False,NVIDIA_GeForce_RTX_4090,24,
coatnet_2_rw_224,128,16,bf16,20.01100730895996,False,NVIDIA_GeForce_RTX_4090,24,
coatnet_2_rw_224,128,16,fp16,18.801136016845703,False,NVIDIA_GeForce_RTX_4090,24,
coatnet_2_rw_224,128,16,fp32,25.24928092956543,False,NVIDIA_GeForce_RTX_4090,24,
coatnet_2_rw_224,128,32,bf16,30.63961601257324,False,NVIDIA_GeForce_RTX_4090,24,
coatnet_2_rw_224,128,32,fp16,28.93824005126953,False,NVIDIA_GeForce_RTX_4090,24,
coatnet_2_rw_224,128,32,fp32,47.46393585205078,False,NVIDIA_GeForce_RTX_4090,24,
coatnet_2_rw_224,128,64,bf16,57.17504119873047,False,NVIDIA_GeForce_RTX_4090,24,
coatnet_2_rw_224,128,64,fp16,53.894142150878906,False,NVIDIA_GeForce_RTX_4090,24,
coatnet_2_rw_224,128,64,fp32,97.20263671875,False,NVIDIA_GeForce_RTX_4090,24,
coatnet_2_rw_224,224,16,bf16,47.91193771362305,False,NVIDIA_GeForce_RTX_4090,24,
coatnet_2_rw_224,224,16,fp16,45.06316757202149,False,NVIDIA_GeForce_RTX_4090,24,
coatnet_2_rw_224,224,16,fp32,83.16876983642578,False,NVIDIA_GeForce_RTX_4090,24,
coatnet_2_rw_224,224,32,bf16,93.73849487304688,False,NVIDIA_GeForce_RTX_4090,24,
coatnet_2_rw_224,224,32,fp16,88.60569763183594,False,NVIDIA_GeForce_RTX_4090,24,
coatnet_2_rw_224,224,32,fp32,168.2698211669922,False,NVIDIA_GeForce_RTX_4090,24,
coatnet_2_rw_224,224,64,bf16,189.74514770507807,False,NVIDIA_GeForce_RTX_4090,24,
coatnet_2_rw_224,224,64,fp16,180.35910034179688,False,NVIDIA_GeForce_RTX_4090,24,
coatnet_2_rw_224,224,64,fp32,,True,NVIDIA_GeForce_RTX_4090,24,
convnext_base,64,16,bf16,10.935808181762695,False,NVIDIA_GeForce_RTX_4090,24,
convnext_base,64,16,fp16,11.303423881530762,False,NVIDIA_GeForce_RTX_4090,24,
convnext_base,64,16,fp32,14.064127922058104,False,NVIDIA_GeForce_RTX_4090,24,
convnext_base,64,32,bf16,13.47276782989502,False,NVIDIA_GeForce_RTX_4090,24,
convnext_base,64,32,fp16,13.35142421722412,False,NVIDIA_GeForce_RTX_4090,24,
convnext_base,64,32,fp32,20.34940719604492,False,NVIDIA_GeForce_RTX_4090,24,
convnext_base,64,64,bf16,15.969792366027832,False,NVIDIA_GeForce_RTX_4090,24,
convnext_base,64,64,fp16,16.0184326171875,False,NVIDIA_GeForce_RTX_4090,24,
convnext_base,64,64,fp32,32.01740646362305,False,NVIDIA_GeForce_RTX_4090,24,
convnext_base,128,16,bf16,15.5863037109375,False,NVIDIA_GeForce_RTX_4090,24,
convnext_base,128,16,fp16,15.657983779907228,False,NVIDIA_GeForce_RTX_4090,24,
convnext_base,128,16,fp32,38.407169342041016,False,NVIDIA_GeForce_RTX_4090,24,
convnext_base,128,32,bf16,21.96940803527832,False,NVIDIA_GeForce_RTX_4090,24,
convnext_base,128,32,fp16,21.91206359863281,False,NVIDIA_GeForce_RTX_4090,24,
convnext_base,128,32,fp32,70.90739440917969,False,NVIDIA_GeForce_RTX_4090,24,
convnext_base,128,64,bf16,36.52345657348633,False,NVIDIA_GeForce_RTX_4090,24,
convnext_base,128,64,fp16,36.51942443847656,False,NVIDIA_GeForce_RTX_4090,24,
convnext_base,128,64,fp32,119.07020568847656,False,NVIDIA_GeForce_RTX_4090,24,
convnext_base,224,16,bf16,29.875200271606445,False,NVIDIA_GeForce_RTX_4090,24,
convnext_base,224,16,fp16,30.243328094482425,False,NVIDIA_GeForce_RTX_4090,24,
convnext_base,224,16,fp32,107.83744049072266,False,NVIDIA_GeForce_RTX_4090,24,
convnext_base,224,32,bf16,52.797950744628906,False,NVIDIA_GeForce_RTX_4090,24,
convnext_base,224,32,fp16,53.36217498779297,False,NVIDIA_GeForce_RTX_4090,24,
convnext_base,224,32,fp32,206.3252410888672,False,NVIDIA_GeForce_RTX_4090,24,
convnext_base,224,64,bf16,103.44652557373048,False,NVIDIA_GeForce_RTX_4090,24,
convnext_base,224,64,fp16,102.43020629882812,False,NVIDIA_GeForce_RTX_4090,24,
convnext_base,224,64,fp32,392.0215148925781,False,NVIDIA_GeForce_RTX_4090,24,
convnext_large,64,16,bf16,18.7775993347168,False,NVIDIA_GeForce_RTX_4090,24,
convnext_large,64,16,fp16,18.79756736755371,False,NVIDIA_GeForce_RTX_4090,24,
convnext_large,64,16,fp32,25.15247917175293,False,NVIDIA_GeForce_RTX_4090,24,
convnext_large,64,32,bf16,21.96633529663086,False,NVIDIA_GeForce_RTX_4090,24,
convnext_large,64,32,fp16,21.95097541809082,False,NVIDIA_GeForce_RTX_4090,24,
convnext_large,64,32,fp32,37.38675308227539,False,NVIDIA_GeForce_RTX_4090,24,
convnext_large,64,64,bf16,28.451839447021484,False,NVIDIA_GeForce_RTX_4090,24,
convnext_large,64,64,fp16,28.67558479309082,False,NVIDIA_GeForce_RTX_4090,24,
convnext_large,64,64,fp32,60.10772705078125,False,NVIDIA_GeForce_RTX_4090,24,
convnext_large,128,16,bf16,27.85126495361328,False,NVIDIA_GeForce_RTX_4090,24,
convnext_large,128,16,fp16,28.0581111907959,False,NVIDIA_GeForce_RTX_4090,24,
convnext_large,128,16,fp32,70.49113464355469,False,NVIDIA_GeForce_RTX_4090,24,
convnext_large,128,32,bf16,40.37324905395508,False,NVIDIA_GeForce_RTX_4090,24,
convnext_large,128,32,fp16,40.3317756652832,False,NVIDIA_GeForce_RTX_4090,24,
convnext_large,128,32,fp32,129.9665985107422,False,NVIDIA_GeForce_RTX_4090,24,
convnext_large,128,64,bf16,67.06585693359375,False,NVIDIA_GeForce_RTX_4090,24,
convnext_large,128,64,fp16,66.61068725585938,False,NVIDIA_GeForce_RTX_4090,24,
convnext_large,128,64,fp32,218.6209259033203,False,NVIDIA_GeForce_RTX_4090,24,
convnext_large,224,16,bf16,54.50700759887695,False,NVIDIA_GeForce_RTX_4090,24,
convnext_large,224,16,fp16,54.75425720214844,False,NVIDIA_GeForce_RTX_4090,24,
convnext_large,224,16,fp32,192.0061492919922,False,NVIDIA_GeForce_RTX_4090,24,
convnext_large,224,32,bf16,97.21548461914062,False,NVIDIA_GeForce_RTX_4090,24,
convnext_large,224,32,fp16,95.97952270507812,False,NVIDIA_GeForce_RTX_4090,24,
convnext_large,224,32,fp32,366.877685546875,False,NVIDIA_GeForce_RTX_4090,24,
convnext_large,224,64,bf16,191.0543365478516,False,NVIDIA_GeForce_RTX_4090,24,
convnext_large,224,64,fp16,188.4400634765625,False,NVIDIA_GeForce_RTX_4090,24,
convnext_large,224,64,fp32,,True,NVIDIA_GeForce_RTX_4090,24,
convnext_small,64,16,bf16,9.140735626220703,False,NVIDIA_GeForce_RTX_4090,24,
convnext_small,64,16,fp16,8.574463844299316,False,NVIDIA_GeForce_RTX_4090,24,
convnext_small,64,16,fp32,10.670016288757324,False,NVIDIA_GeForce_RTX_4090,24,
convnext_small,64,32,bf16,10.552319526672363,False,NVIDIA_GeForce_RTX_4090,24,
convnext_small,64,32,fp16,10.256336212158203,False,NVIDIA_GeForce_RTX_4090,24,
convnext_small,64,32,fp32,14.388223648071287,False,NVIDIA_GeForce_RTX_4090,24,
convnext_small,64,64,bf16,12.771807670593262,False,NVIDIA_GeForce_RTX_4090,24,
convnext_small,64,64,fp16,12.730879783630373,False,NVIDIA_GeForce_RTX_4090,24,
convnext_small,64,64,fp32,22.382080078125,False,NVIDIA_GeForce_RTX_4090,24,
convnext_small,128,16,bf16,12.083200454711914,False,NVIDIA_GeForce_RTX_4090,24,
convnext_small,128,16,fp16,12.007424354553224,False,NVIDIA_GeForce_RTX_4090,24,
convnext_small,128,16,fp32,26.241535186767575,False,NVIDIA_GeForce_RTX_4090,24,
convnext_small,128,32,bf16,16.95897674560547,False,NVIDIA_GeForce_RTX_4090,24,
convnext_small,128,32,fp16,16.958463668823242,False,NVIDIA_GeForce_RTX_4090,24,
convnext_small,128,32,fp32,45.79891204833984,False,NVIDIA_GeForce_RTX_4090,24,
convnext_small,128,64,bf16,26.375680923461918,False,NVIDIA_GeForce_RTX_4090,24,
convnext_small,128,64,fp16,26.464767456054688,False,NVIDIA_GeForce_RTX_4090,24,
convnext_small,128,64,fp32,86.66059112548828,False,NVIDIA_GeForce_RTX_4090,24,
convnext_small,224,16,bf16,21.688831329345703,False,NVIDIA_GeForce_RTX_4090,24,
convnext_small,224,16,fp16,22.05593681335449,False,NVIDIA_GeForce_RTX_4090,24,
convnext_small,224,16,fp32,77.15220642089844,False,NVIDIA_GeForce_RTX_4090,24,
convnext_small,224,32,bf16,37.39187240600586,False,NVIDIA_GeForce_RTX_4090,24,
convnext_small,224,32,fp16,37.5290412902832,False,NVIDIA_GeForce_RTX_4090,24,
convnext_small,224,32,fp32,147.5793914794922,False,NVIDIA_GeForce_RTX_4090,24,
convnext_small,224,64,bf16,71.00723266601562,False,NVIDIA_GeForce_RTX_4090,24,
convnext_small,224,64,fp16,70.83776092529297,False,NVIDIA_GeForce_RTX_4090,24,
convnext_small,224,64,fp32,278.45220947265625,False,NVIDIA_GeForce_RTX_4090,24,
convnext_tiny,64,16,bf16,4.6136322021484375,False,NVIDIA_GeForce_RTX_4090,24,
convnext_tiny,64,16,fp16,4.580351829528809,False,NVIDIA_GeForce_RTX_4090,24,
convnext_tiny,64,16,fp32,6.190080165863037,False,NVIDIA_GeForce_RTX_4090,24,
convnext_tiny,64,32,bf16,5.573631763458252,False,NVIDIA_GeForce_RTX_4090,24,
convnext_tiny,64,32,fp16,5.488639831542969,False,NVIDIA_GeForce_RTX_4090,24,
convnext_tiny,64,32,fp32,8.51353645324707,False,NVIDIA_GeForce_RTX_4090,24,
convnext_tiny,64,64,bf16,6.980095863342285,False,NVIDIA_GeForce_RTX_4090,24,
convnext_tiny,64,64,fp16,7.019519805908203,False,NVIDIA_GeForce_RTX_4090,24,
convnext_tiny,64,64,fp32,13.47379207611084,False,NVIDIA_GeForce_RTX_4090,24,
convnext_tiny,128,16,bf16,6.973951816558838,False,NVIDIA_GeForce_RTX_4090,24,
convnext_tiny,128,16,fp16,6.772223949432373,False,NVIDIA_GeForce_RTX_4090,24,
convnext_tiny,128,16,fp32,15.211008071899414,False,NVIDIA_GeForce_RTX_4090,24,
convnext_tiny,128,32,bf16,9.887231826782228,False,NVIDIA_GeForce_RTX_4090,24,
convnext_tiny,128,32,fp16,9.884672164916992,False,NVIDIA_GeForce_RTX_4090,24,
convnext_tiny,128,32,fp32,27.49388885498047,False,NVIDIA_GeForce_RTX_4090,24,
convnext_tiny,128,64,bf16,16.150527954101562,False,NVIDIA_GeForce_RTX_4090,24,
convnext_tiny,128,64,fp16,16.166831970214844,False,NVIDIA_GeForce_RTX_4090,24,
convnext_tiny,128,64,fp32,52.28287887573242,False,NVIDIA_GeForce_RTX_4090,24,
convnext_tiny,224,16,bf16,13.027839660644531,False,NVIDIA_GeForce_RTX_4090,24,
convnext_tiny,224,16,fp16,13.089792251586914,False,NVIDIA_GeForce_RTX_4090,24,
convnext_tiny,224,16,fp32,44.3612174987793,False,NVIDIA_GeForce_RTX_4090,24,
convnext_tiny,224,32,bf16,22.993919372558597,False,NVIDIA_GeForce_RTX_4090,24,
convnext_tiny,224,32,fp16,23.059968948364254,False,NVIDIA_GeForce_RTX_4090,24,
convnext_tiny,224,32,fp32,86.39078521728516,False,NVIDIA_GeForce_RTX_4090,24,
convnext_tiny,224,64,bf16,45.308929443359375,False,NVIDIA_GeForce_RTX_4090,24,
convnext_tiny,224,64,fp16,45.2756462097168,False,NVIDIA_GeForce_RTX_4090,24,
convnext_tiny,224,64,fp32,157.8112030029297,False,NVIDIA_GeForce_RTX_4090,24,
convnextv2_base,64,16,bf16,14.114303588867188,False,NVIDIA_GeForce_RTX_4090,24,
convnextv2_base,64,16,fp16,13.647871971130373,False,NVIDIA_GeForce_RTX_4090,24,
convnextv2_base,64,16,fp32,16.651264190673828,False,NVIDIA_GeForce_RTX_4090,24,
convnextv2_base,64,32,bf16,16.680400848388672,False,NVIDIA_GeForce_RTX_4090,24,
convnextv2_base,64,32,fp16,16.65894317626953,False,NVIDIA_GeForce_RTX_4090,24,
convnextv2_base,64,32,fp32,23.98054313659668,False,NVIDIA_GeForce_RTX_4090,24,
convnextv2_base,64,64,bf16,23.38355255126953,False,NVIDIA_GeForce_RTX_4090,24,
convnextv2_base,64,64,fp16,23.397375106811523,False,NVIDIA_GeForce_RTX_4090,24,
convnextv2_base,64,64,fp32,39.71123123168945,False,NVIDIA_GeForce_RTX_4090,24,
convnextv2_base,128,16,bf16,22.9672966003418,False,NVIDIA_GeForce_RTX_4090,24,
convnextv2_base,128,16,fp16,23.16748809814453,False,NVIDIA_GeForce_RTX_4090,24,
convnextv2_base,128,16,fp32,45.74259185791016,False,NVIDIA_GeForce_RTX_4090,24,
convnextv2_base,128,32,bf16,39.43270492553711,False,NVIDIA_GeForce_RTX_4090,24,
convnextv2_base,128,32,fp16,39.298561096191406,False,NVIDIA_GeForce_RTX_4090,24,
convnextv2_base,128,32,fp32,88.09420776367188,False,NVIDIA_GeForce_RTX_4090,24,
convnextv2_base,128,64,bf16,82.25791931152344,False,NVIDIA_GeForce_RTX_4090,24,
convnextv2_base,128,64,fp16,82.21183776855469,False,NVIDIA_GeForce_RTX_4090,24,
convnextv2_base,128,64,fp32,164.7308807373047,False,NVIDIA_GeForce_RTX_4090,24,
convnextv2_base,224,16,bf16,60.65766525268555,False,NVIDIA_GeForce_RTX_4090,24,
convnextv2_base,224,16,fp16,61.0252799987793,False,NVIDIA_GeForce_RTX_4090,24,
convnextv2_base,224,16,fp32,138.82266235351562,False,NVIDIA_GeForce_RTX_4090,24,
convnextv2_base,224,32,bf16,131.51641845703125,False,NVIDIA_GeForce_RTX_4090,24,
convnextv2_base,224,32,fp16,132.05043029785156,False,NVIDIA_GeForce_RTX_4090,24,
convnextv2_base,224,32,fp32,283.3894348144531,False,NVIDIA_GeForce_RTX_4090,24,
convnextv2_base,224,64,bf16,281.65216064453125,False,NVIDIA_GeForce_RTX_4090,24,
convnextv2_base,224,64,fp16,280.5252990722656,False,NVIDIA_GeForce_RTX_4090,24,
convnextv2_base,224,64,fp32,,True,NVIDIA_GeForce_RTX_4090,24,
deit_base_patch16_224,64,16,bf16,8.216064453125,False,NVIDIA_GeForce_RTX_4090,24,
deit_base_patch16_224,64,16,fp16,8.232352256774902,False,NVIDIA_GeForce_RTX_4090,24,
deit_base_patch16_224,64,16,fp32,10.987008094787598,False,NVIDIA_GeForce_RTX_4090,24,
deit_base_patch16_224,64,32,bf16,9.667072296142578,False,NVIDIA_GeForce_RTX_4090,24,
deit_base_patch16_224,64,32,fp16,9.587200164794922,False,NVIDIA_GeForce_RTX_4090,24,
deit_base_patch16_224,64,32,fp32,15.734784126281738,False,NVIDIA_GeForce_RTX_4090,24,
deit_base_patch16_224,64,64,bf16,12.610560417175291,False,NVIDIA_GeForce_RTX_4090,24,
deit_base_patch16_224,64,64,fp16,12.731904029846191,False,NVIDIA_GeForce_RTX_4090,24,
deit_base_patch16_224,64,64,fp32,23.29395294189453,False,NVIDIA_GeForce_RTX_4090,24,
deit_base_patch16_224,128,16,bf16,12.007935523986816,False,NVIDIA_GeForce_RTX_4090,24,
deit_base_patch16_224,128,16,fp16,12.022784233093262,False,NVIDIA_GeForce_RTX_4090,24,
deit_base_patch16_224,128,16,fp32,23.435775756835938,False,NVIDIA_GeForce_RTX_4090,24,
deit_base_patch16_224,128,32,bf16,17.05881690979004,False,NVIDIA_GeForce_RTX_4090,24,
deit_base_patch16_224,128,32,fp16,17.16582489013672,False,NVIDIA_GeForce_RTX_4090,24,
deit_base_patch16_224,128,32,fp32,37.940208435058594,False,NVIDIA_GeForce_RTX_4090,24,
deit_base_patch16_224,128,64,bf16,27.43603134155273,False,NVIDIA_GeForce_RTX_4090,24,
deit_base_patch16_224,128,64,fp16,27.847679138183597,False,NVIDIA_GeForce_RTX_4090,24,
deit_base_patch16_224,128,64,fp32,65.82579040527344,False,NVIDIA_GeForce_RTX_4090,24,
deit_base_patch16_224,224,16,bf16,22.377471923828125,False,NVIDIA_GeForce_RTX_4090,24,
deit_base_patch16_224,224,16,fp16,22.542335510253903,False,NVIDIA_GeForce_RTX_4090,24,
deit_base_patch16_224,224,16,fp32,55.35641479492188,False,NVIDIA_GeForce_RTX_4090,24,
deit_base_patch16_224,224,32,bf16,39.13727951049805,False,NVIDIA_GeForce_RTX_4090,24,
deit_base_patch16_224,224,32,fp16,38.40256118774414,False,NVIDIA_GeForce_RTX_4090,24,
deit_base_patch16_224,224,32,fp32,102.67084503173828,False,NVIDIA_GeForce_RTX_4090,24,
deit_base_patch16_224,224,64,bf16,77.54496002197266,False,NVIDIA_GeForce_RTX_4090,24,
deit_base_patch16_224,224,64,fp16,76.27519989013672,False,NVIDIA_GeForce_RTX_4090,24,
deit_base_patch16_224,224,64,fp32,205.80096435546875,False,NVIDIA_GeForce_RTX_4090,24,
deit_small_patch16_224,64,16,bf16,3.5732479095458984,False,NVIDIA_GeForce_RTX_4090,24,
deit_small_patch16_224,64,16,fp16,3.5374081134796143,False,NVIDIA_GeForce_RTX_4090,24,
deit_small_patch16_224,64,16,fp32,4.666880130767822,False,NVIDIA_GeForce_RTX_4090,24,
deit_small_patch16_224,64,32,bf16,4.381184101104736,False,NVIDIA_GeForce_RTX_4090,24,
deit_small_patch16_224,64,32,fp16,4.276735782623291,False,NVIDIA_GeForce_RTX_4090,24,
deit_small_patch16_224,64,32,fp32,6.111743927001953,False,NVIDIA_GeForce_RTX_4090,24,
deit_small_patch16_224,64,64,bf16,5.2408318519592285,False,NVIDIA_GeForce_RTX_4090,24,
deit_small_patch16_224,64,64,fp16,5.196784019470215,False,NVIDIA_GeForce_RTX_4090,24,
deit_small_patch16_224,64,64,fp32,9.004032135009766,False,NVIDIA_GeForce_RTX_4090,24,
deit_small_patch16_224,128,16,bf16,5.192704200744629,False,NVIDIA_GeForce_RTX_4090,24,
deit_small_patch16_224,128,16,fp16,5.295104026794434,False,NVIDIA_GeForce_RTX_4090,24,
deit_small_patch16_224,128,16,fp32,9.233407974243164,False,NVIDIA_GeForce_RTX_4090,24,
deit_small_patch16_224,128,32,bf16,6.793727874755859,False,NVIDIA_GeForce_RTX_4090,24,
deit_small_patch16_224,128,32,fp16,6.722559928894043,False,NVIDIA_GeForce_RTX_4090,24,
deit_small_patch16_224,128,32,fp32,13.648896217346191,False,NVIDIA_GeForce_RTX_4090,24,
deit_small_patch16_224,128,64,bf16,10.080767631530762,False,NVIDIA_GeForce_RTX_4090,24,
deit_small_patch16_224,128,64,fp16,10.291711807250977,False,NVIDIA_GeForce_RTX_4090,24,
deit_small_patch16_224,128,64,fp32,23.767040252685547,False,NVIDIA_GeForce_RTX_4090,24,
deit_small_patch16_224,224,16,bf16,8.661503791809082,False,NVIDIA_GeForce_RTX_4090,24,
deit_small_patch16_224,224,16,fp16,8.736255645751953,False,NVIDIA_GeForce_RTX_4090,24,
deit_small_patch16_224,224,16,fp32,20.189695358276367,False,NVIDIA_GeForce_RTX_4090,24,
deit_small_patch16_224,224,32,bf16,14.25766372680664,False,NVIDIA_GeForce_RTX_4090,24,
deit_small_patch16_224,224,32,fp16,14.228480339050291,False,NVIDIA_GeForce_RTX_4090,24,
deit_small_patch16_224,224,32,fp32,36.57011032104492,False,NVIDIA_GeForce_RTX_4090,24,
deit_small_patch16_224,224,64,bf16,25.81702423095703,False,NVIDIA_GeForce_RTX_4090,24,
deit_small_patch16_224,224,64,fp16,26.408447265625,False,NVIDIA_GeForce_RTX_4090,24,
deit_small_patch16_224,224,64,fp32,71.10758209228516,False,NVIDIA_GeForce_RTX_4090,24,
deit_tiny_patch16_224,64,16,bf16,2.397183895111084,False,NVIDIA_GeForce_RTX_4090,24,
deit_tiny_patch16_224,64,16,fp16,2.2650880813598637,False,NVIDIA_GeForce_RTX_4090,24,
deit_tiny_patch16_224,64,16,fp32,2.475008010864258,False,NVIDIA_GeForce_RTX_4090,24,
deit_tiny_patch16_224,64,32,bf16,3.305471897125244,False,NVIDIA_GeForce_RTX_4090,24,
deit_tiny_patch16_224,64,32,fp16,2.875904083251953,False,NVIDIA_GeForce_RTX_4090,24,
deit_tiny_patch16_224,64,32,fp32,3.135999917984009,False,NVIDIA_GeForce_RTX_4090,24,
deit_tiny_patch16_224,64,64,bf16,3.1744000911712646,False,NVIDIA_GeForce_RTX_4090,24,
deit_tiny_patch16_224,64,64,fp16,4.033984184265137,False,NVIDIA_GeForce_RTX_4090,24,
deit_tiny_patch16_224,64,64,fp32,4.882944107055664,False,NVIDIA_GeForce_RTX_4090,24,
deit_tiny_patch16_224,128,16,bf16,3.0878560543060303,False,NVIDIA_GeForce_RTX_4090,24,
deit_tiny_patch16_224,128,16,fp16,2.978816032409668,False,NVIDIA_GeForce_RTX_4090,24,
deit_tiny_patch16_224,128,16,fp32,4.159999847412109,False,NVIDIA_GeForce_RTX_4090,24,
deit_tiny_patch16_224,128,32,bf16,3.774463891983032,False,NVIDIA_GeForce_RTX_4090,24,
deit_tiny_patch16_224,128,32,fp16,3.668992042541504,False,NVIDIA_GeForce_RTX_4090,24,
deit_tiny_patch16_224,128,32,fp32,6.516223907470703,False,NVIDIA_GeForce_RTX_4090,24,
deit_tiny_patch16_224,128,64,bf16,5.100031852722168,False,NVIDIA_GeForce_RTX_4090,24,
deit_tiny_patch16_224,128,64,fp16,5.11897611618042,False,NVIDIA_GeForce_RTX_4090,24,
deit_tiny_patch16_224,128,64,fp32,10.2543363571167,False,NVIDIA_GeForce_RTX_4090,24,
deit_tiny_patch16_224,224,16,bf16,4.645808219909668,False,NVIDIA_GeForce_RTX_4090,24,
deit_tiny_patch16_224,224,16,fp16,4.541952133178711,False,NVIDIA_GeForce_RTX_4090,24,
deit_tiny_patch16_224,224,16,fp32,9.339903831481934,False,NVIDIA_GeForce_RTX_4090,24,
deit_tiny_patch16_224,224,32,bf16,7.000576019287109,False,NVIDIA_GeForce_RTX_4090,24,
deit_tiny_patch16_224,224,32,fp16,6.939119815826416,False,NVIDIA_GeForce_RTX_4090,24,
deit_tiny_patch16_224,224,32,fp32,15.316991806030272,False,NVIDIA_GeForce_RTX_4090,24,
deit_tiny_patch16_224,224,64,bf16,11.900416374206545,False,NVIDIA_GeForce_RTX_4090,24,
deit_tiny_patch16_224,224,64,fp16,11.82975959777832,False,NVIDIA_GeForce_RTX_4090,24,
deit_tiny_patch16_224,224,64,fp32,28.493824005126957,False,NVIDIA_GeForce_RTX_4090,24,
densenet121,64,16,bf16,6.880767822265625,False,NVIDIA_GeForce_RTX_4090,24,
densenet121,64,16,fp16,6.752768039703369,False,NVIDIA_GeForce_RTX_4090,24,
densenet121,64,16,fp32,9.302016258239746,False,NVIDIA_GeForce_RTX_4090,24,
densenet121,64,32,bf16,8.118271827697754,False,NVIDIA_GeForce_RTX_4090,24,
densenet121,64,32,fp16,7.963136196136475,False,NVIDIA_GeForce_RTX_4090,24,
densenet121,64,32,fp32,8.541631698608398,False,NVIDIA_GeForce_RTX_4090,24,
densenet121,64,64,bf16,10.31935977935791,False,NVIDIA_GeForce_RTX_4090,24,
densenet121,64,64,fp16,9.317888259887695,False,NVIDIA_GeForce_RTX_4090,24,
densenet121,64,64,fp32,11.504128456115724,False,NVIDIA_GeForce_RTX_4090,24,
densenet121,128,16,bf16,8.577535629272461,False,NVIDIA_GeForce_RTX_4090,24,
densenet121,128,16,fp16,7.913472175598144,False,NVIDIA_GeForce_RTX_4090,24,
densenet121,128,16,fp32,9.674752235412598,False,NVIDIA_GeForce_RTX_4090,24,
densenet121,128,32,bf16,11.862015724182127,False,NVIDIA_GeForce_RTX_4090,24,
densenet121,128,32,fp16,10.842111587524414,False,NVIDIA_GeForce_RTX_4090,24,
densenet121,128,32,fp32,15.252927780151367,False,NVIDIA_GeForce_RTX_4090,24,
densenet121,128,64,bf16,18.76223945617676,False,NVIDIA_GeForce_RTX_4090,24,
densenet121,128,64,fp16,16.702463150024414,False,NVIDIA_GeForce_RTX_4090,24,
densenet121,128,64,fp32,28.999168395996094,False,NVIDIA_GeForce_RTX_4090,24,
densenet121,224,16,bf16,14.751232147216797,False,NVIDIA_GeForce_RTX_4090,24,
densenet121,224,16,fp16,13.347840309143066,False,NVIDIA_GeForce_RTX_4090,24,
densenet121,224,16,fp32,21.31814384460449,False,NVIDIA_GeForce_RTX_4090,24,
densenet121,224,32,bf16,26.67571258544922,False,NVIDIA_GeForce_RTX_4090,24,
densenet121,224,32,fp16,24.00819206237793,False,NVIDIA_GeForce_RTX_4090,24,
densenet121,224,32,fp32,44.102142333984375,False,NVIDIA_GeForce_RTX_4090,24,
densenet121,224,64,bf16,54.24174499511719,False,NVIDIA_GeForce_RTX_4090,24,
densenet121,224,64,fp16,48.44228744506836,False,NVIDIA_GeForce_RTX_4090,24,
densenet121,224,64,fp32,96.11827087402344,False,NVIDIA_GeForce_RTX_4090,24,
dm_nfnet_f1,64,16,bf16,24.190975189208984,False,NVIDIA_GeForce_RTX_4090,24,
dm_nfnet_f1,64,16,fp16,25.565183639526367,False,NVIDIA_GeForce_RTX_4090,24,
dm_nfnet_f1,64,16,fp32,28.478464126586918,False,NVIDIA_GeForce_RTX_4090,24,
dm_nfnet_f1,64,32,bf16,34.41151809692383,False,NVIDIA_GeForce_RTX_4090,24,
dm_nfnet_f1,64,32,fp16,34.76889419555664,False,NVIDIA_GeForce_RTX_4090,24,
dm_nfnet_f1,64,32,fp32,35.95161437988281,False,NVIDIA_GeForce_RTX_4090,24,
dm_nfnet_f1,64,64,bf16,28.50150489807129,False,NVIDIA_GeForce_RTX_4090,24,
dm_nfnet_f1,64,64,fp16,28.48921585083008,False,NVIDIA_GeForce_RTX_4090,24,
dm_nfnet_f1,64,64,fp32,55.56020736694336,False,NVIDIA_GeForce_RTX_4090,24,
dm_nfnet_f1,128,16,bf16,29.430784225463867,False,NVIDIA_GeForce_RTX_4090,24,
dm_nfnet_f1,128,16,fp16,30.704639434814453,False,NVIDIA_GeForce_RTX_4090,24,
dm_nfnet_f1,128,16,fp32,42.80985641479492,False,NVIDIA_GeForce_RTX_4090,24,
dm_nfnet_f1,128,32,bf16,45.24492645263672,False,NVIDIA_GeForce_RTX_4090,24,
dm_nfnet_f1,128,32,fp16,45.56497573852539,False,NVIDIA_GeForce_RTX_4090,24,
dm_nfnet_f1,128,32,fp32,66.90611267089844,False,NVIDIA_GeForce_RTX_4090,24,
dm_nfnet_f1,128,64,bf16,51.84716796875,False,NVIDIA_GeForce_RTX_4090,24,
dm_nfnet_f1,128,64,fp16,51.20470428466797,False,NVIDIA_GeForce_RTX_4090,24,
dm_nfnet_f1,128,64,fp32,117.12665557861328,False,NVIDIA_GeForce_RTX_4090,24,
dm_nfnet_f1,224,16,bf16,45.841407775878906,False,NVIDIA_GeForce_RTX_4090,24,
dm_nfnet_f1,224,16,fp16,47.600128173828125,False,NVIDIA_GeForce_RTX_4090,24,
dm_nfnet_f1,224,16,fp32,91.85374450683594,False,NVIDIA_GeForce_RTX_4090,24,
dm_nfnet_f1,224,32,bf16,84.75238037109375,False,NVIDIA_GeForce_RTX_4090,24,
dm_nfnet_f1,224,32,fp16,85.02579498291016,False,NVIDIA_GeForce_RTX_4090,24,
dm_nfnet_f1,224,32,fp32,170.376708984375,False,NVIDIA_GeForce_RTX_4090,24,
dm_nfnet_f1,224,64,bf16,146.38546752929688,False,NVIDIA_GeForce_RTX_4090,24,
dm_nfnet_f1,224,64,fp16,145.16372680664062,False,NVIDIA_GeForce_RTX_4090,24,
dm_nfnet_f1,224,64,fp32,370.5804748535156,False,NVIDIA_GeForce_RTX_4090,24,
efficientnet_b0,64,16,bf16,4.675072193145752,False,NVIDIA_GeForce_RTX_4090,24,
efficientnet_b0,64,16,fp16,9.354751586914062,False,NVIDIA_GeForce_RTX_4090,24,
efficientnet_b0,64,16,fp32,3.873280048370361,False,NVIDIA_GeForce_RTX_4090,24,
efficientnet_b0,64,32,bf16,5.633024215698242,False,NVIDIA_GeForce_RTX_4090,24,
efficientnet_b0,64,32,fp16,10.02393627166748,False,NVIDIA_GeForce_RTX_4090,24,
efficientnet_b0,64,32,fp32,4.678656101226807,False,NVIDIA_GeForce_RTX_4090,24,
efficientnet_b0,64,64,bf16,6.869503974914551,False,NVIDIA_GeForce_RTX_4090,24,
efficientnet_b0,64,64,fp16,6.0390400886535645,False,NVIDIA_GeForce_RTX_4090,24,
efficientnet_b0,64,64,fp32,6.48140811920166,False,NVIDIA_GeForce_RTX_4090,24,
efficientnet_b0,128,16,bf16,6.252543926239014,False,NVIDIA_GeForce_RTX_4090,24,
efficientnet_b0,128,16,fp16,5.398528099060059,False,NVIDIA_GeForce_RTX_4090,24,
efficientnet_b0,128,16,fp32,5.26694393157959,False,NVIDIA_GeForce_RTX_4090,24,
efficientnet_b0,128,32,bf16,7.970304012298584,False,NVIDIA_GeForce_RTX_4090,24,
efficientnet_b0,128,32,fp16,7.265791893005371,False,NVIDIA_GeForce_RTX_4090,24,
efficientnet_b0,128,32,fp32,7.926784038543701,False,NVIDIA_GeForce_RTX_4090,24,
efficientnet_b0,128,64,bf16,11.86457633972168,False,NVIDIA_GeForce_RTX_4090,24,
efficientnet_b0,128,64,fp16,10.246095657348633,False,NVIDIA_GeForce_RTX_4090,24,
efficientnet_b0,128,64,fp32,14.8920316696167,False,NVIDIA_GeForce_RTX_4090,24,
efficientnet_b0,224,16,bf16,9.52524757385254,False,NVIDIA_GeForce_RTX_4090,24,
efficientnet_b0,224,16,fp16,7.883776187896728,False,NVIDIA_GeForce_RTX_4090,24,
efficientnet_b0,224,16,fp32,11.201024055480955,False,NVIDIA_GeForce_RTX_4090,24,
efficientnet_b0,224,32,bf16,16.583072662353516,False,NVIDIA_GeForce_RTX_4090,24,
efficientnet_b0,224,32,fp16,12.787712097167969,False,NVIDIA_GeForce_RTX_4090,24,
efficientnet_b0,224,32,fp32,22.902687072753903,False,NVIDIA_GeForce_RTX_4090,24,
efficientnet_b0,224,64,bf16,32.997886657714844,False,NVIDIA_GeForce_RTX_4090,24,
efficientnet_b0,224,64,fp16,26.281471252441406,False,NVIDIA_GeForce_RTX_4090,24,
efficientnet_b0,224,64,fp32,48.6220817565918,False,NVIDIA_GeForce_RTX_4090,24,
efficientnet_b3,64,16,bf16,7.8438401222229,False,NVIDIA_GeForce_RTX_4090,24,
efficientnet_b3,64,16,fp16,7.68614387512207,False,NVIDIA_GeForce_RTX_4090,24,
efficientnet_b3,64,16,fp32,7.258111953735352,False,NVIDIA_GeForce_RTX_4090,24,
efficientnet_b3,64,32,bf16,9.384960174560549,False,NVIDIA_GeForce_RTX_4090,24,
efficientnet_b3,64,32,fp16,8.855039596557617,False,NVIDIA_GeForce_RTX_4090,24,
efficientnet_b3,64,32,fp32,8.920063972473145,False,NVIDIA_GeForce_RTX_4090,24,
efficientnet_b3,64,64,bf16,12.422656059265137,False,NVIDIA_GeForce_RTX_4090,24,
efficientnet_b3,64,64,fp16,11.255776405334473,False,NVIDIA_GeForce_RTX_4090,24,
efficientnet_b3,64,64,fp32,12.65766429901123,False,NVIDIA_GeForce_RTX_4090,24,
efficientnet_b3,128,16,bf16,10.176511764526367,False,NVIDIA_GeForce_RTX_4090,24,
efficientnet_b3,128,16,fp16,9.281536102294922,False,NVIDIA_GeForce_RTX_4090,24,
efficientnet_b3,128,16,fp32,10.42841625213623,False,NVIDIA_GeForce_RTX_4090,24,
efficientnet_b3,128,32,bf16,14.135807991027832,False,NVIDIA_GeForce_RTX_4090,24,
efficientnet_b3,128,32,fp16,12.610048294067385,False,NVIDIA_GeForce_RTX_4090,24,
efficientnet_b3,128,32,fp32,16.026111602783203,False,NVIDIA_GeForce_RTX_4090,24,
efficientnet_b3,128,64,bf16,22.32982444763184,False,NVIDIA_GeForce_RTX_4090,24,
efficientnet_b3,128,64,fp16,18.067968368530277,False,NVIDIA_GeForce_RTX_4090,24,
efficientnet_b3,128,64,fp32,30.638080596923828,False,NVIDIA_GeForce_RTX_4090,24,
efficientnet_b3,224,16,bf16,17.298431396484375,False,NVIDIA_GeForce_RTX_4090,24,
efficientnet_b3,224,16,fp16,13.362688064575195,False,NVIDIA_GeForce_RTX_4090,24,
efficientnet_b3,224,16,fp32,22.618623733520508,False,NVIDIA_GeForce_RTX_4090,24,
efficientnet_b3,224,32,bf16,31.37843132019043,False,NVIDIA_GeForce_RTX_4090,24,
efficientnet_b3,224,32,fp16,24.50739288330078,False,NVIDIA_GeForce_RTX_4090,24,
efficientnet_b3,224,32,fp32,46.329345703125,False,NVIDIA_GeForce_RTX_4090,24,
efficientnet_b3,224,64,bf16,64.40959930419922,False,NVIDIA_GeForce_RTX_4090,24,
efficientnet_b3,224,64,fp16,70.18701171875,False,NVIDIA_GeForce_RTX_4090,24,
efficientnet_b3,224,64,fp32,97.23955535888672,False,NVIDIA_GeForce_RTX_4090,24,
efficientnet_b5,64,16,bf16,13.44046401977539,False,NVIDIA_GeForce_RTX_4090,24,
efficientnet_b5,64,16,fp16,12.644288063049316,False,NVIDIA_GeForce_RTX_4090,24,
efficientnet_b5,64,16,fp32,13.59615993499756,False,NVIDIA_GeForce_RTX_4090,24,
efficientnet_b5,64,32,bf16,16.068096160888672,False,NVIDIA_GeForce_RTX_4090,24,
efficientnet_b5,64,32,fp16,14.079487800598145,False,NVIDIA_GeForce_RTX_4090,24,
efficientnet_b5,64,32,fp32,16.632320404052734,False,NVIDIA_GeForce_RTX_4090,24,
efficientnet_b5,64,64,bf16,21.915647506713867,False,NVIDIA_GeForce_RTX_4090,24,
efficientnet_b5,64,64,fp16,18.59379196166992,False,NVIDIA_GeForce_RTX_4090,24,
efficientnet_b5,64,64,fp32,24.01638412475586,False,NVIDIA_GeForce_RTX_4090,24,
efficientnet_b5,128,16,bf16,17.043968200683594,False,NVIDIA_GeForce_RTX_4090,24,
efficientnet_b5,128,16,fp16,14.470656394958496,False,NVIDIA_GeForce_RTX_4090,24,
efficientnet_b5,128,16,fp32,18.804224014282227,False,NVIDIA_GeForce_RTX_4090,24,
efficientnet_b5,128,32,bf16,23.90323257446289,False,NVIDIA_GeForce_RTX_4090,24,
efficientnet_b5,128,32,fp16,19.574752807617188,False,NVIDIA_GeForce_RTX_4090,24,
efficientnet_b5,128,32,fp32,30.008832931518555,False,NVIDIA_GeForce_RTX_4090,24,
efficientnet_b5,128,64,bf16,40.73215866088867,False,NVIDIA_GeForce_RTX_4090,24,
efficientnet_b5,128,64,fp16,32.66559982299805,False,NVIDIA_GeForce_RTX_4090,24,
efficientnet_b5,128,64,fp32,58.086910247802734,False,NVIDIA_GeForce_RTX_4090,24,
efficientnet_b5,224,16,bf16,30.392831802368164,False,NVIDIA_GeForce_RTX_4090,24,
efficientnet_b5,224,16,fp16,23.459327697753903,False,NVIDIA_GeForce_RTX_4090,24,
efficientnet_b5,224,16,fp32,41.50783920288086,False,NVIDIA_GeForce_RTX_4090,24,
efficientnet_b5,224,32,bf16,58.43251037597656,False,NVIDIA_GeForce_RTX_4090,24,
efficientnet_b5,224,32,fp16,44.67660903930664,False,NVIDIA_GeForce_RTX_4090,24,
efficientnet_b5,224,32,fp32,86.6702880859375,False,NVIDIA_GeForce_RTX_4090,24,
efficientnet_b5,224,64,bf16,116.2541732788086,False,NVIDIA_GeForce_RTX_4090,24,
efficientnet_b5,224,64,fp16,91.1702880859375,False,NVIDIA_GeForce_RTX_4090,24,
efficientnet_b5,224,64,fp32,185.16326904296875,False,NVIDIA_GeForce_RTX_4090,24,
efficientnetv2_l,64,16,bf16,32.10905456542969,False,NVIDIA_GeForce_RTX_4090,24,
efficientnetv2_l,64,16,fp16,29.72518348693848,False,NVIDIA_GeForce_RTX_4090,24,
efficientnetv2_l,64,16,fp32,36.65510559082031,False,NVIDIA_GeForce_RTX_4090,24,
efficientnetv2_l,64,32,bf16,36.5219841003418,False,NVIDIA_GeForce_RTX_4090,24,
efficientnetv2_l,64,32,fp16,33.52524948120117,False,NVIDIA_GeForce_RTX_4090,24,
efficientnetv2_l,64,32,fp32,44.62899017333984,False,NVIDIA_GeForce_RTX_4090,24,
efficientnetv2_l,64,64,bf16,46.24844741821289,False,NVIDIA_GeForce_RTX_4090,24,
efficientnetv2_l,64,64,fp16,40.21401596069336,False,NVIDIA_GeForce_RTX_4090,24,
efficientnetv2_l,64,64,fp32,60.50457763671875,False,NVIDIA_GeForce_RTX_4090,24,
efficientnetv2_l,128,16,bf16,36.40166473388672,False,NVIDIA_GeForce_RTX_4090,24,
efficientnetv2_l,128,16,fp16,33.5918083190918,False,NVIDIA_GeForce_RTX_4090,24,
efficientnetv2_l,128,16,fp32,45.14508819580078,False,NVIDIA_GeForce_RTX_4090,24,
efficientnetv2_l,128,32,bf16,47.62060928344727,False,NVIDIA_GeForce_RTX_4090,24,
efficientnetv2_l,128,32,fp16,42.34700775146485,False,NVIDIA_GeForce_RTX_4090,24,
efficientnetv2_l,128,32,fp32,63.56172943115234,False,NVIDIA_GeForce_RTX_4090,24,
efficientnetv2_l,128,64,bf16,73.9051513671875,False,NVIDIA_GeForce_RTX_4090,24,
efficientnetv2_l,128,64,fp16,63.79008102416992,False,NVIDIA_GeForce_RTX_4090,24,
efficientnetv2_l,128,64,fp32,104.4311065673828,False,NVIDIA_GeForce_RTX_4090,24,
efficientnetv2_l,224,16,bf16,55.160831451416016,False,NVIDIA_GeForce_RTX_4090,24,
efficientnetv2_l,224,16,fp16,45.86547088623047,False,NVIDIA_GeForce_RTX_4090,24,
efficientnetv2_l,224,16,fp32,73.98297882080078,False,NVIDIA_GeForce_RTX_4090,24,
efficientnetv2_l,224,32,bf16,92.6003189086914,False,NVIDIA_GeForce_RTX_4090,24,
efficientnetv2_l,224,32,fp16,221.13381958007807,False,NVIDIA_GeForce_RTX_4090,24,
efficientnetv2_l,224,32,fp32,140.68479919433594,False,NVIDIA_GeForce_RTX_4090,24,
efficientnetv2_l,224,64,bf16,175.00160217285156,False,NVIDIA_GeForce_RTX_4090,24,
efficientnetv2_l,224,64,fp16,145.52880859375,False,NVIDIA_GeForce_RTX_4090,24,
efficientnetv2_l,224,64,fp32,,True,NVIDIA_GeForce_RTX_4090,24,
efficientnetv2_m,64,16,bf16,19.261951446533203,False,NVIDIA_GeForce_RTX_4090,24,
efficientnetv2_m,64,16,fp16,17.63327980041504,False,NVIDIA_GeForce_RTX_4090,24,
efficientnetv2_m,64,16,fp32,19.42527961730957,False,NVIDIA_GeForce_RTX_4090,24,
efficientnetv2_m,64,32,bf16,22.62169647216797,False,NVIDIA_GeForce_RTX_4090,24,
efficientnetv2_m,64,32,fp16,20.24652862548828,False,NVIDIA_GeForce_RTX_4090,24,
efficientnetv2_m,64,32,fp32,23.234560012817383,False,NVIDIA_GeForce_RTX_4090,24,
efficientnetv2_m,64,64,bf16,28.924415588378903,False,NVIDIA_GeForce_RTX_4090,24,
efficientnetv2_m,64,64,fp16,24.81407928466797,False,NVIDIA_GeForce_RTX_4090,24,
efficientnetv2_m,64,64,fp32,31.881216049194336,False,NVIDIA_GeForce_RTX_4090,24,
efficientnetv2_m,128,16,bf16,22.7271671295166,False,NVIDIA_GeForce_RTX_4090,24,
efficientnetv2_m,128,16,fp16,20.1967830657959,False,NVIDIA_GeForce_RTX_4090,24,
efficientnetv2_m,128,16,fp32,24.18022346496582,False,NVIDIA_GeForce_RTX_4090,24,
efficientnetv2_m,128,32,bf16,28.96739196777344,False,NVIDIA_GeForce_RTX_4090,24,
efficientnetv2_m,128,32,fp16,25.265663146972656,False,NVIDIA_GeForce_RTX_4090,24,
efficientnetv2_m,128,32,fp32,33.736656188964844,False,NVIDIA_GeForce_RTX_4090,24,
efficientnetv2_m,128,64,bf16,42.52876663208008,False,NVIDIA_GeForce_RTX_4090,24,
efficientnetv2_m,128,64,fp16,35.9736328125,False,NVIDIA_GeForce_RTX_4090,24,
efficientnetv2_m,128,64,fp32,55.86431884765625,False,NVIDIA_GeForce_RTX_4090,24,
efficientnetv2_m,224,16,bf16,32.20582580566406,False,NVIDIA_GeForce_RTX_4090,24,
efficientnetv2_m,224,16,fp16,26.82569694519043,False,NVIDIA_GeForce_RTX_4090,24,
efficientnetv2_m,224,16,fp32,39.742977142333984,False,NVIDIA_GeForce_RTX_4090,24,
efficientnetv2_m,224,32,bf16,54.988800048828125,False,NVIDIA_GeForce_RTX_4090,24,
efficientnetv2_m,224,32,fp16,43.718143463134766,False,NVIDIA_GeForce_RTX_4090,24,
efficientnetv2_m,224,32,fp32,74.05107116699219,False,NVIDIA_GeForce_RTX_4090,24,
efficientnetv2_m,224,64,bf16,100.63053131103516,False,NVIDIA_GeForce_RTX_4090,24,
efficientnetv2_m,224,64,fp16,79.9892349243164,False,NVIDIA_GeForce_RTX_4090,24,
efficientnetv2_m,224,64,fp32,157.05592346191406,False,NVIDIA_GeForce_RTX_4090,24,
efficientnetv2_s,64,16,bf16,11.152383804321287,False,NVIDIA_GeForce_RTX_4090,24,
efficientnetv2_s,64,16,fp16,10.549759864807127,False,NVIDIA_GeForce_RTX_4090,24,
efficientnetv2_s,64,16,fp32,10.981375694274902,False,NVIDIA_GeForce_RTX_4090,24,
efficientnetv2_s,64,32,bf16,12.659711837768556,False,NVIDIA_GeForce_RTX_4090,24,
efficientnetv2_s,64,32,fp16,11.3372163772583,False,NVIDIA_GeForce_RTX_4090,24,
efficientnetv2_s,64,32,fp32,12.35912036895752,False,NVIDIA_GeForce_RTX_4090,24,
efficientnetv2_s,64,64,bf16,16.10291290283203,False,NVIDIA_GeForce_RTX_4090,24,
efficientnetv2_s,64,64,fp16,13.82851219177246,False,NVIDIA_GeForce_RTX_4090,24,
efficientnetv2_s,64,64,fp32,16.08550453186035,False,NVIDIA_GeForce_RTX_4090,24,
efficientnetv2_s,128,16,bf16,13.221376419067385,False,NVIDIA_GeForce_RTX_4090,24,
efficientnetv2_s,128,16,fp16,11.988479614257812,False,NVIDIA_GeForce_RTX_4090,24,
efficientnetv2_s,128,16,fp32,13.680031776428224,False,NVIDIA_GeForce_RTX_4090,24,
efficientnetv2_s,128,32,bf16,16.33843231201172,False,NVIDIA_GeForce_RTX_4090,24,
efficientnetv2_s,128,32,fp16,14.215167999267578,False,NVIDIA_GeForce_RTX_4090,24,
efficientnetv2_s,128,32,fp32,18.807296752929688,False,NVIDIA_GeForce_RTX_4090,24,
efficientnetv2_s,128,64,bf16,24.223743438720703,False,NVIDIA_GeForce_RTX_4090,24,
efficientnetv2_s,128,64,fp16,20.116464614868164,False,NVIDIA_GeForce_RTX_4090,24,
efficientnetv2_s,128,64,fp32,31.10604858398437,False,NVIDIA_GeForce_RTX_4090,24,
efficientnetv2_s,224,16,bf16,19.471359252929688,False,NVIDIA_GeForce_RTX_4090,24,
efficientnetv2_s,224,16,fp16,16.123903274536133,False,NVIDIA_GeForce_RTX_4090,24,
efficientnetv2_s,224,16,fp32,23.41119956970215,False,NVIDIA_GeForce_RTX_4090,24,
efficientnetv2_s,224,32,bf16,31.871488571166992,False,NVIDIA_GeForce_RTX_4090,24,
efficientnetv2_s,224,32,fp16,25.67731285095215,False,NVIDIA_GeForce_RTX_4090,24,
efficientnetv2_s,224,32,fp32,42.34291076660156,False,NVIDIA_GeForce_RTX_4090,24,
efficientnetv2_s,224,64,bf16,61.1517448425293,False,NVIDIA_GeForce_RTX_4090,24,
efficientnetv2_s,224,64,fp16,49.565185546875,False,NVIDIA_GeForce_RTX_4090,24,
efficientnetv2_s,224,64,fp32,89.81449890136719,False,NVIDIA_GeForce_RTX_4090,24,
fastvit_t12,64,16,bf16,5.402624130249023,False,NVIDIA_GeForce_RTX_4090,24,
fastvit_t12,64,16,fp16,11.048959732055664,False,NVIDIA_GeForce_RTX_4090,24,
fastvit_t12,64,16,fp32,4.448703765869141,False,NVIDIA_GeForce_RTX_4090,24,
fastvit_t12,64,32,bf16,6.3257598876953125,False,NVIDIA_GeForce_RTX_4090,24,
fastvit_t12,64,32,fp16,5.801472187042236,False,NVIDIA_GeForce_RTX_4090,24,
fastvit_t12,64,32,fp32,5.752319812774658,False,NVIDIA_GeForce_RTX_4090,24,
fastvit_t12,64,64,bf16,8.677840232849121,False,NVIDIA_GeForce_RTX_4090,24,
fastvit_t12,64,64,fp16,7.945712089538574,False,NVIDIA_GeForce_RTX_4090,24,
fastvit_t12,64,64,fp32,7.997344017028809,False,NVIDIA_GeForce_RTX_4090,24,
fastvit_t12,128,16,bf16,6.648831844329834,False,NVIDIA_GeForce_RTX_4090,24,
fastvit_t12,128,16,fp16,6.490111827850342,False,NVIDIA_GeForce_RTX_4090,24,
fastvit_t12,128,16,fp32,6.7205119132995605,False,NVIDIA_GeForce_RTX_4090,24,
fastvit_t12,128,32,bf16,9.775103569030762,False,NVIDIA_GeForce_RTX_4090,24,
fastvit_t12,128,32,fp16,9.423808097839355,False,NVIDIA_GeForce_RTX_4090,24,
fastvit_t12,128,32,fp32,11.09500789642334,False,NVIDIA_GeForce_RTX_4090,24,
fastvit_t12,128,64,bf16,17.26968002319336,False,NVIDIA_GeForce_RTX_4090,24,
fastvit_t12,128,64,fp16,15.61292839050293,False,NVIDIA_GeForce_RTX_4090,24,
fastvit_t12,128,64,fp32,19.847679138183597,False,NVIDIA_GeForce_RTX_4090,24,
fastvit_t12,224,16,bf16,12.913151741027832,False,NVIDIA_GeForce_RTX_4090,24,
fastvit_t12,224,16,fp16,11.43654441833496,False,NVIDIA_GeForce_RTX_4090,24,
fastvit_t12,224,16,fp32,14.205439567565918,False,NVIDIA_GeForce_RTX_4090,24,
fastvit_t12,224,32,bf16,24.895999908447266,False,NVIDIA_GeForce_RTX_4090,24,
fastvit_t12,224,32,fp16,22.09177589416504,False,NVIDIA_GeForce_RTX_4090,24,
fastvit_t12,224,32,fp32,29.568511962890625,False,NVIDIA_GeForce_RTX_4090,24,
fastvit_t12,224,64,bf16,50.50470352172852,False,NVIDIA_GeForce_RTX_4090,24,
fastvit_t12,224,64,fp16,45.06572723388672,False,NVIDIA_GeForce_RTX_4090,24,
fastvit_t12,224,64,fp32,64.76390075683594,False,NVIDIA_GeForce_RTX_4090,24,
fastvit_t8,64,16,bf16,4.323328018188477,False,NVIDIA_GeForce_RTX_4090,24,
fastvit_t8,64,16,fp16,4.051455974578857,False,NVIDIA_GeForce_RTX_4090,24,
fastvit_t8,64,16,fp32,6.200831890106201,False,NVIDIA_GeForce_RTX_4090,24,
fastvit_t8,64,32,bf16,4.773375988006592,False,NVIDIA_GeForce_RTX_4090,24,
fastvit_t8,64,32,fp16,10.70847988128662,False,NVIDIA_GeForce_RTX_4090,24,
fastvit_t8,64,32,fp32,4.112895965576172,False,NVIDIA_GeForce_RTX_4090,24,
fastvit_t8,64,64,bf16,6.570496082305908,False,NVIDIA_GeForce_RTX_4090,24,
fastvit_t8,64,64,fp16,5.913087844848633,False,NVIDIA_GeForce_RTX_4090,24,
fastvit_t8,64,64,fp32,5.642240047454834,False,NVIDIA_GeForce_RTX_4090,24,
fastvit_t8,128,16,bf16,5.656064033508301,False,NVIDIA_GeForce_RTX_4090,24,
fastvit_t8,128,16,fp16,5.104127883911133,False,NVIDIA_GeForce_RTX_4090,24,
fastvit_t8,128,16,fp32,4.959743976593018,False,NVIDIA_GeForce_RTX_4090,24,
fastvit_t8,128,32,bf16,7.799712181091309,False,NVIDIA_GeForce_RTX_4090,24,
fastvit_t8,128,32,fp16,6.982096195220947,False,NVIDIA_GeForce_RTX_4090,24,
fastvit_t8,128,32,fp32,7.220223903656006,False,NVIDIA_GeForce_RTX_4090,24,
fastvit_t8,128,64,bf16,12.392959594726562,False,NVIDIA_GeForce_RTX_4090,24,
fastvit_t8,128,64,fp16,11.216896057128906,False,NVIDIA_GeForce_RTX_4090,24,
fastvit_t8,128,64,fp32,12.942336082458496,False,NVIDIA_GeForce_RTX_4090,24,
fastvit_t8,224,16,bf16,9.674240112304688,False,NVIDIA_GeForce_RTX_4090,24,
fastvit_t8,224,16,fp16,9.000448226928711,False,NVIDIA_GeForce_RTX_4090,24,
fastvit_t8,224,16,fp32,9.990655899047852,False,NVIDIA_GeForce_RTX_4090,24,
fastvit_t8,224,32,bf16,17.647104263305664,False,NVIDIA_GeForce_RTX_4090,24,
fastvit_t8,224,32,fp16,15.411184310913086,False,NVIDIA_GeForce_RTX_4090,24,
fastvit_t8,224,32,fp32,20.14259147644043,False,NVIDIA_GeForce_RTX_4090,24,
fastvit_t8,224,64,bf16,36.39961624145508,False,NVIDIA_GeForce_RTX_4090,24,
fastvit_t8,224,64,fp16,31.583232879638672,False,NVIDIA_GeForce_RTX_4090,24,
fastvit_t8,224,64,fp32,43.710975646972656,False,NVIDIA_GeForce_RTX_4090,24,
maxvit_tiny_tf_224,64,16,bf16,11.023360252380373,False,NVIDIA_GeForce_RTX_4090,24,
maxvit_tiny_tf_224,64,16,fp16,11.1528959274292,False,NVIDIA_GeForce_RTX_4090,24,
maxvit_tiny_tf_224,64,16,fp32,13.297151565551758,False,NVIDIA_GeForce_RTX_4090,24,
maxvit_tiny_tf_224,64,32,bf16,13.532159805297852,False,NVIDIA_GeForce_RTX_4090,24,
maxvit_tiny_tf_224,64,32,fp16,13.088255882263184,False,NVIDIA_GeForce_RTX_4090,24,
maxvit_tiny_tf_224,64,32,fp32,19.02540779113769,False,NVIDIA_GeForce_RTX_4090,24,
maxvit_tiny_tf_224,64,64,bf16,18.686975479125977,False,NVIDIA_GeForce_RTX_4090,24,
maxvit_tiny_tf_224,64,64,fp16,17.61172866821289,False,NVIDIA_GeForce_RTX_4090,24,
maxvit_tiny_tf_224,64,64,fp32,30.428672790527344,False,NVIDIA_GeForce_RTX_4090,24,
maxvit_tiny_tf_224,128,16,bf16,15.81004810333252,False,NVIDIA_GeForce_RTX_4090,24,
maxvit_tiny_tf_224,128,16,fp16,15.115263938903809,False,NVIDIA_GeForce_RTX_4090,24,
maxvit_tiny_tf_224,128,16,fp32,22.99955177307129,False,NVIDIA_GeForce_RTX_4090,24,
maxvit_tiny_tf_224,128,32,bf16,24.21811294555664,False,NVIDIA_GeForce_RTX_4090,24,
maxvit_tiny_tf_224,128,32,fp16,22.996448516845703,False,NVIDIA_GeForce_RTX_4090,24,
maxvit_tiny_tf_224,128,32,fp32,39.49568176269531,False,NVIDIA_GeForce_RTX_4090,24,
maxvit_tiny_tf_224,128,64,bf16,42.51238250732422,False,NVIDIA_GeForce_RTX_4090,24,
maxvit_tiny_tf_224,128,64,fp16,40.03583908081055,False,NVIDIA_GeForce_RTX_4090,24,
maxvit_tiny_tf_224,128,64,fp32,75.59219360351562,False,NVIDIA_GeForce_RTX_4090,24,
maxvit_tiny_tf_224,224,16,bf16,32.5928955078125,False,NVIDIA_GeForce_RTX_4090,24,
maxvit_tiny_tf_224,224,16,fp16,30.64831924438477,False,NVIDIA_GeForce_RTX_4090,24,
maxvit_tiny_tf_224,224,16,fp32,54.739967346191406,False,NVIDIA_GeForce_RTX_4090,24,
maxvit_tiny_tf_224,224,32,bf16,58.75660705566406,False,NVIDIA_GeForce_RTX_4090,24,
maxvit_tiny_tf_224,224,32,fp16,55.56633758544922,False,NVIDIA_GeForce_RTX_4090,24,
maxvit_tiny_tf_224,224,32,fp32,107.59219360351562,False,NVIDIA_GeForce_RTX_4090,24,
maxvit_tiny_tf_224,224,64,bf16,124.03609466552734,False,NVIDIA_GeForce_RTX_4090,24,
maxvit_tiny_tf_224,224,64,fp16,120.15257263183594,False,NVIDIA_GeForce_RTX_4090,24,
maxvit_tiny_tf_224,224,64,fp32,218.27020263671875,False,NVIDIA_GeForce_RTX_4090,24,
mixer_b16_224,64,16,bf16,6.939648151397705,False,NVIDIA_GeForce_RTX_4090,24,
mixer_b16_224,64,16,fp16,6.741504192352295,False,NVIDIA_GeForce_RTX_4090,24,
mixer_b16_224,64,16,fp32,9.396736145019531,False,NVIDIA_GeForce_RTX_4090,24,
mixer_b16_224,64,32,bf16,9.297408103942873,False,NVIDIA_GeForce_RTX_4090,24,
mixer_b16_224,64,32,fp16,9.23033618927002,False,NVIDIA_GeForce_RTX_4090,24,
mixer_b16_224,64,32,fp32,15.331839561462402,False,NVIDIA_GeForce_RTX_4090,24,
mixer_b16_224,64,64,bf16,13.9278564453125,False,NVIDIA_GeForce_RTX_4090,24,
mixer_b16_224,64,64,fp16,13.836288452148438,False,NVIDIA_GeForce_RTX_4090,24,
mixer_b16_224,64,64,fp32,27.28443145751953,False,NVIDIA_GeForce_RTX_4090,24,
mixer_b16_224,128,16,bf16,10.169856071472168,False,NVIDIA_GeForce_RTX_4090,24,
mixer_b16_224,128,16,fp16,10.05465602874756,False,NVIDIA_GeForce_RTX_4090,24,
mixer_b16_224,128,16,fp32,17.837568283081055,False,NVIDIA_GeForce_RTX_4090,24,
mixer_b16_224,128,32,bf16,15.536640167236328,False,NVIDIA_GeForce_RTX_4090,24,
mixer_b16_224,128,32,fp16,15.450079917907717,False,NVIDIA_GeForce_RTX_4090,24,
mixer_b16_224,128,32,fp32,30.601215362548828,False,NVIDIA_GeForce_RTX_4090,24,
mixer_b16_224,128,64,bf16,26.01932716369629,False,NVIDIA_GeForce_RTX_4090,24,
mixer_b16_224,128,64,fp16,25.963520050048828,False,NVIDIA_GeForce_RTX_4090,24,
mixer_b16_224,128,64,fp32,55.24480056762695,False,NVIDIA_GeForce_RTX_4090,24,
mixer_b16_224,224,16,bf16,19.650047302246094,False,NVIDIA_GeForce_RTX_4090,24,
mixer_b16_224,224,16,fp16,19.586559295654297,False,NVIDIA_GeForce_RTX_4090,24,
mixer_b16_224,224,16,fp32,42.67417526245117,False,NVIDIA_GeForce_RTX_4090,24,
mixer_b16_224,224,32,bf16,35.18356704711914,False,NVIDIA_GeForce_RTX_4090,24,
mixer_b16_224,224,32,fp16,34.11507034301758,False,NVIDIA_GeForce_RTX_4090,24,
mixer_b16_224,224,32,fp32,76.20454406738281,False,NVIDIA_GeForce_RTX_4090,24,
mixer_b16_224,224,64,bf16,68.69241333007812,False,NVIDIA_GeForce_RTX_4090,24,
mixer_b16_224,224,64,fp16,67.4513931274414,False,NVIDIA_GeForce_RTX_4090,24,
mixer_b16_224,224,64,fp32,153.4228515625,False,NVIDIA_GeForce_RTX_4090,24,
mobilenetv2_100,64,16,bf16,2.830847978591919,False,NVIDIA_GeForce_RTX_4090,24,
mobilenetv2_100,64,16,fp16,2.525696039199829,False,NVIDIA_GeForce_RTX_4090,24,
mobilenetv2_100,64,16,fp32,2.4391679763793945,False,NVIDIA_GeForce_RTX_4090,24,
mobilenetv2_100,64,32,bf16,3.5486719608306885,False,NVIDIA_GeForce_RTX_4090,24,
mobilenetv2_100,64,32,fp16,2.9634079933166504,False,NVIDIA_GeForce_RTX_4090,24,
mobilenetv2_100,64,32,fp32,3.0105600357055664,False,NVIDIA_GeForce_RTX_4090,24,
mobilenetv2_100,64,64,bf16,4.593664169311523,False,NVIDIA_GeForce_RTX_4090,24,
mobilenetv2_100,64,64,fp16,3.743232011795044,False,NVIDIA_GeForce_RTX_4090,24,
mobilenetv2_100,64,64,fp32,4.198400020599365,False,NVIDIA_GeForce_RTX_4090,24,
mobilenetv2_100,128,16,bf16,3.8983678817749023,False,NVIDIA_GeForce_RTX_4090,24,
mobilenetv2_100,128,16,fp16,3.1989760398864746,False,NVIDIA_GeForce_RTX_4090,24,
mobilenetv2_100,128,16,fp32,3.5992801189422607,False,NVIDIA_GeForce_RTX_4090,24,
mobilenetv2_100,128,32,bf16,5.520895957946777,False,NVIDIA_GeForce_RTX_4090,24,
mobilenetv2_100,128,32,fp16,4.471807956695557,False,NVIDIA_GeForce_RTX_4090,24,
mobilenetv2_100,128,32,fp32,5.812736034393311,False,NVIDIA_GeForce_RTX_4090,24,
mobilenetv2_100,128,64,bf16,9.143263816833496,False,NVIDIA_GeForce_RTX_4090,24,
mobilenetv2_100,128,64,fp16,7.241695880889893,False,NVIDIA_GeForce_RTX_4090,24,
mobilenetv2_100,128,64,fp32,11.114496231079102,False,NVIDIA_GeForce_RTX_4090,24,
mobilenetv2_100,224,16,bf16,7.1495680809021,False,NVIDIA_GeForce_RTX_4090,24,
mobilenetv2_100,224,16,fp16,5.4871039390563965,False,NVIDIA_GeForce_RTX_4090,24,
mobilenetv2_100,224,16,fp32,8.483263969421387,False,NVIDIA_GeForce_RTX_4090,24,
mobilenetv2_100,224,32,bf16,13.038592338562012,False,NVIDIA_GeForce_RTX_4090,24,
mobilenetv2_100,224,32,fp16,10.728960037231444,False,NVIDIA_GeForce_RTX_4090,24,
mobilenetv2_100,224,32,fp32,17.796096801757812,False,NVIDIA_GeForce_RTX_4090,24,
mobilenetv2_100,224,64,bf16,26.759632110595703,False,NVIDIA_GeForce_RTX_4090,24,
mobilenetv2_100,224,64,fp16,21.05593681335449,False,NVIDIA_GeForce_RTX_4090,24,
mobilenetv2_100,224,64,fp32,37.68320083618164,False,NVIDIA_GeForce_RTX_4090,24,
mobilenetv3_large_100,64,16,bf16,3.793407917022705,False,NVIDIA_GeForce_RTX_4090,24,
mobilenetv3_large_100,64,16,fp16,4.90342378616333,False,NVIDIA_GeForce_RTX_4090,24,
mobilenetv3_large_100,64,16,fp32,2.495487928390503,False,NVIDIA_GeForce_RTX_4090,24,
mobilenetv3_large_100,64,32,bf16,4.186111927032471,False,NVIDIA_GeForce_RTX_4090,24,
mobilenetv3_large_100,64,32,fp16,3.931648015975952,False,NVIDIA_GeForce_RTX_4090,24,
mobilenetv3_large_100,64,32,fp32,3.393487930297852,False,NVIDIA_GeForce_RTX_4090,24,
mobilenetv3_large_100,64,64,bf16,4.900864124298096,False,NVIDIA_GeForce_RTX_4090,24,
mobilenetv3_large_100,64,64,fp16,7.212543964385986,False,NVIDIA_GeForce_RTX_4090,24,
mobilenetv3_large_100,64,64,fp32,4.129280090332031,False,NVIDIA_GeForce_RTX_4090,24,
mobilenetv3_large_100,128,16,bf16,4.590079784393311,False,NVIDIA_GeForce_RTX_4090,24,
mobilenetv3_large_100,128,16,fp16,3.8707199096679688,False,NVIDIA_GeForce_RTX_4090,24,
mobilenetv3_large_100,128,16,fp32,3.4983999729156494,False,NVIDIA_GeForce_RTX_4090,24,
mobilenetv3_large_100,128,32,bf16,6.458367824554443,False,NVIDIA_GeForce_RTX_4090,24,
mobilenetv3_large_100,128,32,fp16,5.352447986602783,False,NVIDIA_GeForce_RTX_4090,24,
mobilenetv3_large_100,128,32,fp32,4.934656143188477,False,NVIDIA_GeForce_RTX_4090,24,
mobilenetv3_large_100,128,64,bf16,8.40345573425293,False,NVIDIA_GeForce_RTX_4090,24,
mobilenetv3_large_100,128,64,fp16,6.933504104614258,False,NVIDIA_GeForce_RTX_4090,24,
mobilenetv3_large_100,128,64,fp32,8.353280067443848,False,NVIDIA_GeForce_RTX_4090,24,
mobilenetv3_large_100,224,16,bf16,7.000576019287109,False,NVIDIA_GeForce_RTX_4090,24,
mobilenetv3_large_100,224,16,fp16,5.566463947296143,False,NVIDIA_GeForce_RTX_4090,24,
mobilenetv3_large_100,224,16,fp32,6.791168212890625,False,NVIDIA_GeForce_RTX_4090,24,
mobilenetv3_large_100,224,32,bf16,11.386879920959473,False,NVIDIA_GeForce_RTX_4090,24,
mobilenetv3_large_100,224,32,fp16,9.29792022705078,False,NVIDIA_GeForce_RTX_4090,24,
mobilenetv3_large_100,224,32,fp32,12.155391693115234,False,NVIDIA_GeForce_RTX_4090,24,
mobilenetv3_large_100,224,64,bf16,20.552703857421875,False,NVIDIA_GeForce_RTX_4090,24,
mobilenetv3_large_100,224,64,fp16,15.078399658203123,False,NVIDIA_GeForce_RTX_4090,24,
mobilenetv3_large_100,224,64,fp32,26.2108154296875,False,NVIDIA_GeForce_RTX_4090,24,
mobilenetv3_small_100,64,16,bf16,3.594752073287964,False,NVIDIA_GeForce_RTX_4090,24,
mobilenetv3_small_100,64,16,fp16,3.900880098342896,False,NVIDIA_GeForce_RTX_4090,24,
mobilenetv3_small_100,64,16,fp32,1.6235519647598269,False,NVIDIA_GeForce_RTX_4090,24,
mobilenetv3_small_100,64,32,bf16,3.821568012237549,False,NVIDIA_GeForce_RTX_4090,24,
mobilenetv3_small_100,64,32,fp16,3.4216959476470947,False,NVIDIA_GeForce_RTX_4090,24,
mobilenetv3_small_100,64,32,fp32,2.8682239055633545,False,NVIDIA_GeForce_RTX_4090,24,
mobilenetv3_small_100,64,64,bf16,3.676671981811523,False,NVIDIA_GeForce_RTX_4090,24,
mobilenetv3_small_100,64,64,fp16,3.023360013961792,False,NVIDIA_GeForce_RTX_4090,24,
mobilenetv3_small_100,64,64,fp32,2.988032102584839,False,NVIDIA_GeForce_RTX_4090,24,
mobilenetv3_small_100,128,16,bf16,2.871295928955078,False,NVIDIA_GeForce_RTX_4090,24,
mobilenetv3_small_100,128,16,fp16,7.822336196899414,False,NVIDIA_GeForce_RTX_4090,24,slow_outlier
mobilenetv3_small_100,128,16,fp32,2.9276158809661865,False,NVIDIA_GeForce_RTX_4090,24,
mobilenetv3_small_100,128,32,bf16,5.658624172210693,False,NVIDIA_GeForce_RTX_4090,24,
mobilenetv3_small_100,128,32,fp16,4.678656101226807,False,NVIDIA_GeForce_RTX_4090,24,
mobilenetv3_small_100,128,32,fp32,2.716671943664551,False,NVIDIA_GeForce_RTX_4090,24,
mobilenetv3_small_100,128,64,bf16,4.276735782623291,False,NVIDIA_GeForce_RTX_4090,24,
mobilenetv3_small_100,128,64,fp16,3.309056043624878,False,NVIDIA_GeForce_RTX_4090,24,
mobilenetv3_small_100,128,64,fp32,3.6433920860290527,False,NVIDIA_GeForce_RTX_4090,24,
mobilenetv3_small_100,224,16,bf16,3.644927978515625,False,NVIDIA_GeForce_RTX_4090,24,
mobilenetv3_small_100,224,16,fp16,3.0796799659729004,False,NVIDIA_GeForce_RTX_4090,24,
mobilenetv3_small_100,224,16,fp32,3.1872000694274902,False,NVIDIA_GeForce_RTX_4090,24,
mobilenetv3_small_100,224,32,bf16,5.441535949707031,False,NVIDIA_GeForce_RTX_4090,24,
mobilenetv3_small_100,224,32,fp16,7.193088054656982,False,NVIDIA_GeForce_RTX_4090,24,
mobilenetv3_small_100,224,32,fp32,4.836351871490479,False,NVIDIA_GeForce_RTX_4090,24,
mobilenetv3_small_100,224,64,bf16,8.675840377807617,False,NVIDIA_GeForce_RTX_4090,24,
mobilenetv3_small_100,224,64,fp16,11.576831817626951,False,NVIDIA_GeForce_RTX_4090,24,
mobilenetv3_small_100,224,64,fp32,8.986111640930176,False,NVIDIA_GeForce_RTX_4090,24,
mobilevit_s,64,16,bf16,3.926527976989746,False,NVIDIA_GeForce_RTX_4090,24,
mobilevit_s,64,16,fp16,4.6090240478515625,False,NVIDIA_GeForce_RTX_4090,24,
mobilevit_s,64,16,fp32,3.844095945358277,False,NVIDIA_GeForce_RTX_4090,24,
mobilevit_s,64,32,bf16,4.976640224456787,False,NVIDIA_GeForce_RTX_4090,24,
mobilevit_s,64,32,fp16,4.486656188964844,False,NVIDIA_GeForce_RTX_4090,24,
mobilevit_s,64,32,fp32,5.273600101470947,False,NVIDIA_GeForce_RTX_4090,24,
mobilevit_s,64,64,bf16,6.978047847747803,False,NVIDIA_GeForce_RTX_4090,24,
mobilevit_s,64,64,fp16,6.240767955780029,False,NVIDIA_GeForce_RTX_4090,24,
mobilevit_s,64,64,fp32,7.844863891601562,False,NVIDIA_GeForce_RTX_4090,24,
mobilevit_s,128,16,bf16,6.07539176940918,False,NVIDIA_GeForce_RTX_4090,24,
mobilevit_s,128,16,fp16,5.222400188446045,False,NVIDIA_GeForce_RTX_4090,24,
mobilevit_s,128,16,fp32,6.763008117675781,False,NVIDIA_GeForce_RTX_4090,24,
mobilevit_s,128,32,bf16,9.18015956878662,False,NVIDIA_GeForce_RTX_4090,24,
mobilevit_s,128,32,fp16,7.886847972869873,False,NVIDIA_GeForce_RTX_4090,24,
mobilevit_s,128,32,fp32,12.205568313598633,False,NVIDIA_GeForce_RTX_4090,24,
mobilevit_s,128,64,bf16,16.34867286682129,False,NVIDIA_GeForce_RTX_4090,24,
mobilevit_s,128,64,fp16,14.137344360351562,False,NVIDIA_GeForce_RTX_4090,24,
mobilevit_s,128,64,fp32,26.25996780395508,False,NVIDIA_GeForce_RTX_4090,24,
mobilevit_s,224,16,bf16,13.608960151672363,False,NVIDIA_GeForce_RTX_4090,24,
mobilevit_s,224,16,fp16,11.891712188720703,False,NVIDIA_GeForce_RTX_4090,24,
mobilevit_s,224,16,fp32,21.73798370361328,False,NVIDIA_GeForce_RTX_4090,24,
mobilevit_s,224,32,bf16,27.77241516113281,False,NVIDIA_GeForce_RTX_4090,24,
mobilevit_s,224,32,fp16,24.91494369506836,False,NVIDIA_GeForce_RTX_4090,24,
mobilevit_s,224,32,fp32,44.81689453125,False,NVIDIA_GeForce_RTX_4090,24,
mobilevit_s,224,64,bf16,55.956993103027344,False,NVIDIA_GeForce_RTX_4090,24,
mobilevit_s,224,64,fp16,49.74694442749024,False,NVIDIA_GeForce_RTX_4090,24,
mobilevit_s,224,64,fp32,90.77753448486328,False,NVIDIA_GeForce_RTX_4090,24,
mobilevit_xs,64,16,bf16,3.5844640731811523,False,NVIDIA_GeForce_RTX_4090,24,
mobilevit_xs,64,16,fp16,3.2184319496154785,False,NVIDIA_GeForce_RTX_4090,24,
mobilevit_xs,64,16,fp32,3.6474881172180176,False,NVIDIA_GeForce_RTX_4090,24,
mobilevit_xs,64,32,bf16,4.530687808990479,False,NVIDIA_GeForce_RTX_4090,24,
mobilevit_xs,64,32,fp16,4.242432117462158,False,NVIDIA_GeForce_RTX_4090,24,
mobilevit_xs,64,32,fp32,4.325376033782959,False,NVIDIA_GeForce_RTX_4090,24,
mobilevit_xs,64,64,bf16,6.273536205291748,False,NVIDIA_GeForce_RTX_4090,24,
mobilevit_xs,64,64,fp16,5.454336166381836,False,NVIDIA_GeForce_RTX_4090,24,
mobilevit_xs,64,64,fp32,6.384640216827393,False,NVIDIA_GeForce_RTX_4090,24,
mobilevit_xs,128,16,bf16,5.486063957214356,False,NVIDIA_GeForce_RTX_4090,24,
mobilevit_xs,128,16,fp16,4.688896179199219,False,NVIDIA_GeForce_RTX_4090,24,
mobilevit_xs,128,16,fp32,5.722623825073242,False,NVIDIA_GeForce_RTX_4090,24,
mobilevit_xs,128,32,bf16,8.277503967285156,False,NVIDIA_GeForce_RTX_4090,24,
mobilevit_xs,128,32,fp16,7.041024208068848,False,NVIDIA_GeForce_RTX_4090,24,
mobilevit_xs,128,32,fp32,9.847807884216309,False,NVIDIA_GeForce_RTX_4090,24,
mobilevit_xs,128,64,bf16,13.755871772766112,False,NVIDIA_GeForce_RTX_4090,24,
mobilevit_xs,128,64,fp16,11.715583801269531,False,NVIDIA_GeForce_RTX_4090,24,
mobilevit_xs,128,64,fp32,20.630016326904297,False,NVIDIA_GeForce_RTX_4090,24,
mobilevit_xs,224,16,bf16,11.374079704284668,False,NVIDIA_GeForce_RTX_4090,24,
mobilevit_xs,224,16,fp16,9.769984245300291,False,NVIDIA_GeForce_RTX_4090,24,
mobilevit_xs,224,16,fp32,17.068031311035156,False,NVIDIA_GeForce_RTX_4090,24,
mobilevit_xs,224,32,bf16,22.195711135864254,False,NVIDIA_GeForce_RTX_4090,24,
mobilevit_xs,224,32,fp16,19.289087295532227,False,NVIDIA_GeForce_RTX_4090,24,
mobilevit_xs,224,32,fp32,35.30905532836914,False,NVIDIA_GeForce_RTX_4090,24,
mobilevit_xs,224,64,bf16,44.86195373535156,False,NVIDIA_GeForce_RTX_4090,24,
mobilevit_xs,224,64,fp16,39.04512023925781,False,NVIDIA_GeForce_RTX_4090,24,
mobilevit_xs,224,64,fp32,71.64262390136719,False,NVIDIA_GeForce_RTX_4090,24,
mobilevit_xxs,64,16,bf16,5.97657585144043,False,NVIDIA_GeForce_RTX_4090,24,precision_artifact
mobilevit_xxs,64,16,fp16,2.8595199584960938,False,NVIDIA_GeForce_RTX_4090,24,
mobilevit_xxs,64,16,fp32,2.9167840480804443,False,NVIDIA_GeForce_RTX_4090,24,
mobilevit_xxs,64,32,bf16,6.757887840270996,False,NVIDIA_GeForce_RTX_4090,24,
mobilevit_xxs,64,32,fp16,3.40830397605896,False,NVIDIA_GeForce_RTX_4090,24,
mobilevit_xxs,64,32,fp32,10.555392265319824,False,NVIDIA_GeForce_RTX_4090,24,slow_outlier
mobilevit_xxs,64,64,bf16,7.363071918487549,False,NVIDIA_GeForce_RTX_4090,24,
mobilevit_xxs,64,64,fp16,4.55679988861084,False,NVIDIA_GeForce_RTX_4090,24,
mobilevit_xxs,64,64,fp32,6.121471881866455,False,NVIDIA_GeForce_RTX_4090,24,
mobilevit_xxs,128,16,bf16,4.494847774505615,False,NVIDIA_GeForce_RTX_4090,24,
mobilevit_xxs,128,16,fp16,3.735552072525024,False,NVIDIA_GeForce_RTX_4090,24,
mobilevit_xxs,128,16,fp32,4.097536087036133,False,NVIDIA_GeForce_RTX_4090,24,
mobilevit_xxs,128,32,bf16,6.091775894165039,False,NVIDIA_GeForce_RTX_4090,24,
mobilevit_xxs,128,32,fp16,5.153776168823242,False,NVIDIA_GeForce_RTX_4090,24,
mobilevit_xxs,128,32,fp32,6.000639915466309,False,NVIDIA_GeForce_RTX_4090,24,
mobilevit_xxs,128,64,bf16,9.103872299194336,False,NVIDIA_GeForce_RTX_4090,24,
mobilevit_xxs,128,64,fp16,7.5924482345581055,False,NVIDIA_GeForce_RTX_4090,24,
mobilevit_xxs,128,64,fp32,9.869312286376951,False,NVIDIA_GeForce_RTX_4090,24,
mobilevit_xxs,224,16,bf16,7.886847972869873,False,NVIDIA_GeForce_RTX_4090,24,
mobilevit_xxs,224,16,fp16,6.7527360916137695,False,NVIDIA_GeForce_RTX_4090,24,
mobilevit_xxs,224,16,fp32,9.294848442077637,False,NVIDIA_GeForce_RTX_4090,24,
mobilevit_xxs,224,32,bf16,13.320192337036133,False,NVIDIA_GeForce_RTX_4090,24,
mobilevit_xxs,224,32,fp16,11.03667163848877,False,NVIDIA_GeForce_RTX_4090,24,
mobilevit_xxs,224,32,fp32,17.34707260131836,False,NVIDIA_GeForce_RTX_4090,24,
mobilevit_xxs,224,64,bf16,25.445375442504883,False,NVIDIA_GeForce_RTX_4090,24,
mobilevit_xxs,224,64,fp16,20.93209648132324,False,NVIDIA_GeForce_RTX_4090,24,
mobilevit_xxs,224,64,fp32,35.475440979003906,False,NVIDIA_GeForce_RTX_4090,24,
mobilevitv2_100,64,16,bf16,4.541952133178711,False,NVIDIA_GeForce_RTX_4090,24,
mobilevitv2_100,64,16,fp16,4.279295921325684,False,NVIDIA_GeForce_RTX_4090,24,
mobilevitv2_100,64,16,fp32,3.5327999591827397,False,NVIDIA_GeForce_RTX_4090,24,
mobilevitv2_100,64,32,bf16,5.302783966064453,False,NVIDIA_GeForce_RTX_4090,24,
mobilevitv2_100,64,32,fp16,4.896255970001221,False,NVIDIA_GeForce_RTX_4090,24,
mobilevitv2_100,64,32,fp32,4.727295875549316,False,NVIDIA_GeForce_RTX_4090,24,
mobilevitv2_100,64,64,bf16,6.988800048828125,False,NVIDIA_GeForce_RTX_4090,24,
mobilevitv2_100,64,64,fp16,6.267392158508301,False,NVIDIA_GeForce_RTX_4090,24,
mobilevitv2_100,64,64,fp32,6.957056045532227,False,NVIDIA_GeForce_RTX_4090,24,
mobilevitv2_100,128,16,bf16,5.741055965423584,False,NVIDIA_GeForce_RTX_4090,24,
mobilevitv2_100,128,16,fp16,5.182464122772217,False,NVIDIA_GeForce_RTX_4090,24,
mobilevitv2_100,128,16,fp32,5.8122239112854,False,NVIDIA_GeForce_RTX_4090,24,
mobilevitv2_100,128,32,bf16,8.436223983764648,False,NVIDIA_GeForce_RTX_4090,24,
mobilevitv2_100,128,32,fp16,7.459839820861816,False,NVIDIA_GeForce_RTX_4090,24,
mobilevitv2_100,128,32,fp32,10.250176429748535,False,NVIDIA_GeForce_RTX_4090,24,
mobilevitv2_100,128,64,bf16,15.625167846679688,False,NVIDIA_GeForce_RTX_4090,24,
mobilevitv2_100,128,64,fp16,13.789695739746094,False,NVIDIA_GeForce_RTX_4090,24,
mobilevitv2_100,128,64,fp32,21.83628845214844,False,NVIDIA_GeForce_RTX_4090,24,
mobilevitv2_100,224,16,bf16,12.43545627593994,False,NVIDIA_GeForce_RTX_4090,24,
mobilevitv2_100,224,16,fp16,10.966015815734863,False,NVIDIA_GeForce_RTX_4090,24,
mobilevitv2_100,224,16,fp32,17.043455123901367,False,NVIDIA_GeForce_RTX_4090,24,
mobilevitv2_100,224,32,bf16,25.00454330444336,False,NVIDIA_GeForce_RTX_4090,24,
mobilevitv2_100,224,32,fp16,22.428672790527344,False,NVIDIA_GeForce_RTX_4090,24,
mobilevitv2_100,224,32,fp32,35.3177604675293,False,NVIDIA_GeForce_RTX_4090,24,
mobilevitv2_100,224,64,bf16,51.55839920043945,False,NVIDIA_GeForce_RTX_4090,24,
mobilevitv2_100,224,64,fp16,46.48499298095703,False,NVIDIA_GeForce_RTX_4090,24,
mobilevitv2_100,224,64,fp32,71.95597076416016,False,NVIDIA_GeForce_RTX_4090,24,
nfnet_l0,64,16,bf16,10.531392097473145,False,NVIDIA_GeForce_RTX_4090,24,
nfnet_l0,64,16,fp16,10.30348777770996,False,NVIDIA_GeForce_RTX_4090,24,
nfnet_l0,64,16,fp32,9.189375877380373,False,NVIDIA_GeForce_RTX_4090,24,
nfnet_l0,64,32,bf16,12.318719863891602,False,NVIDIA_GeForce_RTX_4090,24,
nfnet_l0,64,32,fp16,12.037152290344238,False,NVIDIA_GeForce_RTX_4090,24,
nfnet_l0,64,32,fp32,11.687408447265623,False,NVIDIA_GeForce_RTX_4090,24,
nfnet_l0,64,64,bf16,12.599807739257812,False,NVIDIA_GeForce_RTX_4090,24,
nfnet_l0,64,64,fp16,11.594752311706545,False,NVIDIA_GeForce_RTX_4090,24,
nfnet_l0,64,64,fp32,16.030208587646484,False,NVIDIA_GeForce_RTX_4090,24,
nfnet_l0,128,16,bf16,11.6746244430542,False,NVIDIA_GeForce_RTX_4090,24,
nfnet_l0,128,16,fp16,11.860431671142578,False,NVIDIA_GeForce_RTX_4090,24,
nfnet_l0,128,16,fp32,13.989824295043944,False,NVIDIA_GeForce_RTX_4090,24,
nfnet_l0,128,32,bf16,15.631360054016112,False,NVIDIA_GeForce_RTX_4090,24,
nfnet_l0,128,32,fp16,16.119295120239258,False,NVIDIA_GeForce_RTX_4090,24,
nfnet_l0,128,32,fp32,19.974655151367188,False,NVIDIA_GeForce_RTX_4090,24,
nfnet_l0,128,64,bf16,19.98080062866211,False,NVIDIA_GeForce_RTX_4090,24,
nfnet_l0,128,64,fp16,19.8656005859375,False,NVIDIA_GeForce_RTX_4090,24,
nfnet_l0,128,64,fp32,40.94515228271485,False,NVIDIA_GeForce_RTX_4090,24,
nfnet_l0,224,16,bf16,17.582592010498047,False,NVIDIA_GeForce_RTX_4090,24,
nfnet_l0,224,16,fp16,16.56934356689453,False,NVIDIA_GeForce_RTX_4090,24,
nfnet_l0,224,16,fp32,29.10830307006836,False,NVIDIA_GeForce_RTX_4090,24,
nfnet_l0,224,32,bf16,28.13337516784668,False,NVIDIA_GeForce_RTX_4090,24,
nfnet_l0,224,32,fp16,28.84659194946289,False,NVIDIA_GeForce_RTX_4090,24,
nfnet_l0,224,32,fp32,47.98201751708984,False,NVIDIA_GeForce_RTX_4090,24,
nfnet_l0,224,64,bf16,52.17433547973633,False,NVIDIA_GeForce_RTX_4090,24,
nfnet_l0,224,64,fp16,51.64031982421875,False,NVIDIA_GeForce_RTX_4090,24,
nfnet_l0,224,64,fp32,114.27993774414062,False,NVIDIA_GeForce_RTX_4090,24,
pvt_v2_b0,64,16,bf16,7.791103839874268,False,NVIDIA_GeForce_RTX_4090,24,slow_outlier
pvt_v2_b0,64,16,fp16,8.974335670471191,False,NVIDIA_GeForce_RTX_4090,24,slow_outlier
pvt_v2_b0,64,16,fp32,3.245055913925171,False,NVIDIA_GeForce_RTX_4090,24,
pvt_v2_b0,64,32,bf16,10.483712196350098,False,NVIDIA_GeForce_RTX_4090,24,slow_outlier
pvt_v2_b0,64,32,fp16,8.828927993774414,False,NVIDIA_GeForce_RTX_4090,24,slow_outlier
pvt_v2_b0,64,32,fp32,4.097023963928223,False,NVIDIA_GeForce_RTX_4090,24,
pvt_v2_b0,64,64,bf16,4.2142720222473145,False,NVIDIA_GeForce_RTX_4090,24,
pvt_v2_b0,64,64,fp16,7.559679985046387,False,NVIDIA_GeForce_RTX_4090,24,
pvt_v2_b0,64,64,fp32,5.45633602142334,False,NVIDIA_GeForce_RTX_4090,24,
pvt_v2_b0,128,16,bf16,4.156352043151856,False,NVIDIA_GeForce_RTX_4090,24,
pvt_v2_b0,128,16,fp16,8.09779167175293,False,NVIDIA_GeForce_RTX_4090,24,
pvt_v2_b0,128,16,fp32,5.156799793243408,False,NVIDIA_GeForce_RTX_4090,24,
pvt_v2_b0,128,32,bf16,5.744128227233887,False,NVIDIA_GeForce_RTX_4090,24,
pvt_v2_b0,128,32,fp16,8.326656341552734,False,NVIDIA_GeForce_RTX_4090,24,
pvt_v2_b0,128,32,fp32,7.629312038421631,False,NVIDIA_GeForce_RTX_4090,24,
pvt_v2_b0,128,64,bf16,8.578559875488281,False,NVIDIA_GeForce_RTX_4090,24,
pvt_v2_b0,128,64,fp16,8.320976257324219,False,NVIDIA_GeForce_RTX_4090,24,
pvt_v2_b0,128,64,fp32,13.07852840423584,False,NVIDIA_GeForce_RTX_4090,24,
pvt_v2_b0,224,16,bf16,7.738368034362793,False,NVIDIA_GeForce_RTX_4090,24,
pvt_v2_b0,224,16,fp16,9.012224197387695,False,NVIDIA_GeForce_RTX_4090,24,
pvt_v2_b0,224,16,fp32,11.645872116088867,False,NVIDIA_GeForce_RTX_4090,24,
pvt_v2_b0,224,32,bf16,10.973183631896973,False,NVIDIA_GeForce_RTX_4090,24,
pvt_v2_b0,224,32,fp16,10.465279579162598,False,NVIDIA_GeForce_RTX_4090,24,
pvt_v2_b0,224,32,fp32,18.622976303100582,False,NVIDIA_GeForce_RTX_4090,24,
pvt_v2_b0,224,64,bf16,20.15488052368164,False,NVIDIA_GeForce_RTX_4090,24,
pvt_v2_b0,224,64,fp16,18.88870429992676,False,NVIDIA_GeForce_RTX_4090,24,
pvt_v2_b0,224,64,fp32,33.93843078613281,False,NVIDIA_GeForce_RTX_4090,24,
pvt_v2_b2,64,16,bf16,6.965184211730957,False,NVIDIA_GeForce_RTX_4090,24,
pvt_v2_b2,64,16,fp16,6.857215881347656,False,NVIDIA_GeForce_RTX_4090,24,
pvt_v2_b2,64,16,fp32,8.72652816772461,False,NVIDIA_GeForce_RTX_4090,24,
pvt_v2_b2,64,32,bf16,8.368047714233398,False,NVIDIA_GeForce_RTX_4090,24,
pvt_v2_b2,64,32,fp16,8.220159530639648,False,NVIDIA_GeForce_RTX_4090,24,
pvt_v2_b2,64,32,fp32,10.148863792419434,False,NVIDIA_GeForce_RTX_4090,24,
pvt_v2_b2,64,64,bf16,10.446847915649414,False,NVIDIA_GeForce_RTX_4090,24,
pvt_v2_b2,64,64,fp16,10.77401638031006,False,NVIDIA_GeForce_RTX_4090,24,
pvt_v2_b2,64,64,fp32,14.189040184020996,False,NVIDIA_GeForce_RTX_4090,24,
pvt_v2_b2,128,16,bf16,9.93996810913086,False,NVIDIA_GeForce_RTX_4090,24,
pvt_v2_b2,128,16,fp16,9.971199989318848,False,NVIDIA_GeForce_RTX_4090,24,
pvt_v2_b2,128,16,fp32,14.325663566589355,False,NVIDIA_GeForce_RTX_4090,24,
pvt_v2_b2,128,32,bf16,13.660160064697266,False,NVIDIA_GeForce_RTX_4090,24,
pvt_v2_b2,128,32,fp16,13.504511833190918,False,NVIDIA_GeForce_RTX_4090,24,
pvt_v2_b2,128,32,fp32,23.373823165893555,False,NVIDIA_GeForce_RTX_4090,24,
pvt_v2_b2,128,64,bf16,23.286272048950195,False,NVIDIA_GeForce_RTX_4090,24,
pvt_v2_b2,128,64,fp16,23.071231842041016,False,NVIDIA_GeForce_RTX_4090,24,
pvt_v2_b2,128,64,fp32,42.824703216552734,False,NVIDIA_GeForce_RTX_4090,24,
pvt_v2_b2,224,16,bf16,19.0064640045166,False,NVIDIA_GeForce_RTX_4090,24,
pvt_v2_b2,224,16,fp16,18.74176025390625,False,NVIDIA_GeForce_RTX_4090,24,
pvt_v2_b2,224,16,fp32,36.12518310546875,False,NVIDIA_GeForce_RTX_4090,24,
pvt_v2_b2,224,32,bf16,31.68358421325684,False,NVIDIA_GeForce_RTX_4090,24,
pvt_v2_b2,224,32,fp16,31.315967559814453,False,NVIDIA_GeForce_RTX_4090,24,
pvt_v2_b2,224,32,fp32,62.25049591064453,False,NVIDIA_GeForce_RTX_4090,24,
pvt_v2_b2,224,64,bf16,63.54380798339844,False,NVIDIA_GeForce_RTX_4090,24,
pvt_v2_b2,224,64,fp16,62.38412857055664,False,NVIDIA_GeForce_RTX_4090,24,
pvt_v2_b2,224,64,fp32,119.35846710205078,False,NVIDIA_GeForce_RTX_4090,24,
pvt_v2_b5,64,16,bf16,19.618816375732425,False,NVIDIA_GeForce_RTX_4090,24,
pvt_v2_b5,64,16,fp16,19.530736923217773,False,NVIDIA_GeForce_RTX_4090,24,
pvt_v2_b5,64,16,fp32,23.21664047241211,False,NVIDIA_GeForce_RTX_4090,24,
pvt_v2_b5,64,32,bf16,22.319599151611328,False,NVIDIA_GeForce_RTX_4090,24,
pvt_v2_b5,64,32,fp16,22.3636474609375,False,NVIDIA_GeForce_RTX_4090,24,
pvt_v2_b5,64,32,fp32,28.34124755859375,False,NVIDIA_GeForce_RTX_4090,24,
pvt_v2_b5,64,64,bf16,28.75391960144043,False,NVIDIA_GeForce_RTX_4090,24,
pvt_v2_b5,64,64,fp16,29.157888412475582,False,NVIDIA_GeForce_RTX_4090,24,
pvt_v2_b5,64,64,fp32,37.51219177246094,False,NVIDIA_GeForce_RTX_4090,24,
pvt_v2_b5,128,16,bf16,25.27027130126953,False,NVIDIA_GeForce_RTX_4090,24,
pvt_v2_b5,128,16,fp16,25.77459144592285,False,NVIDIA_GeForce_RTX_4090,24,
pvt_v2_b5,128,16,fp32,36.141056060791016,False,NVIDIA_GeForce_RTX_4090,24,
pvt_v2_b5,128,32,bf16,33.49043273925781,False,NVIDIA_GeForce_RTX_4090,24,
pvt_v2_b5,128,32,fp16,33.379329681396484,False,NVIDIA_GeForce_RTX_4090,24,
pvt_v2_b5,128,32,fp32,55.36867141723633,False,NVIDIA_GeForce_RTX_4090,24,
pvt_v2_b5,128,64,bf16,50.98803329467773,False,NVIDIA_GeForce_RTX_4090,24,
pvt_v2_b5,128,64,fp16,51.73196792602539,False,NVIDIA_GeForce_RTX_4090,24,
pvt_v2_b5,128,64,fp32,91.72528076171876,False,NVIDIA_GeForce_RTX_4090,24,
pvt_v2_b5,224,16,bf16,42.252288818359375,False,NVIDIA_GeForce_RTX_4090,24,
pvt_v2_b5,224,16,fp16,41.67628860473633,False,NVIDIA_GeForce_RTX_4090,24,
pvt_v2_b5,224,16,fp32,76.42623901367188,False,NVIDIA_GeForce_RTX_4090,24,
pvt_v2_b5,224,32,bf16,63.94060897827149,False,NVIDIA_GeForce_RTX_4090,24,
pvt_v2_b5,224,32,fp16,64.30770874023438,False,NVIDIA_GeForce_RTX_4090,24,
pvt_v2_b5,224,32,fp32,131.44932556152344,False,NVIDIA_GeForce_RTX_4090,24,
pvt_v2_b5,224,64,bf16,120.20480346679688,False,NVIDIA_GeForce_RTX_4090,24,
pvt_v2_b5,224,64,fp16,121.36140441894533,False,NVIDIA_GeForce_RTX_4090,24,
pvt_v2_b5,224,64,fp32,256.2165832519531,False,NVIDIA_GeForce_RTX_4090,24,
regnety_032,64,16,bf16,7.784448146820068,False,NVIDIA_GeForce_RTX_4090,24,
regnety_032,64,16,fp16,7.975423812866211,False,NVIDIA_GeForce_RTX_4090,24,
regnety_032,64,16,fp32,8.112640380859375,False,NVIDIA_GeForce_RTX_4090,24,
regnety_032,64,32,bf16,8.950271606445312,False,NVIDIA_GeForce_RTX_4090,24,
regnety_032,64,32,fp16,8.677375793457031,False,NVIDIA_GeForce_RTX_4090,24,
regnety_032,64,32,fp32,10.887680053710938,False,NVIDIA_GeForce_RTX_4090,24,
regnety_032,64,64,bf16,11.35257625579834,False,NVIDIA_GeForce_RTX_4090,24,
regnety_032,64,64,fp16,10.045439720153809,False,NVIDIA_GeForce_RTX_4090,24,
regnety_032,64,64,fp32,15.905247688293455,False,NVIDIA_GeForce_RTX_4090,24,
regnety_032,128,16,bf16,9.560576438903809,False,NVIDIA_GeForce_RTX_4090,24,
regnety_032,128,16,fp16,8.827903747558594,False,NVIDIA_GeForce_RTX_4090,24,
regnety_032,128,16,fp32,14.1911039352417,False,NVIDIA_GeForce_RTX_4090,24,
regnety_032,128,32,bf16,12.707839965820312,False,NVIDIA_GeForce_RTX_4090,24,
regnety_032,128,32,fp16,11.54918384552002,False,NVIDIA_GeForce_RTX_4090,24,
regnety_032,128,32,fp32,19.569055557250977,False,NVIDIA_GeForce_RTX_4090,24,
regnety_032,128,64,bf16,20.190719604492188,False,NVIDIA_GeForce_RTX_4090,24,
regnety_032,128,64,fp16,17.731584548950195,False,NVIDIA_GeForce_RTX_4090,24,
regnety_032,128,64,fp32,35.42272186279297,False,NVIDIA_GeForce_RTX_4090,24,
regnety_032,224,16,bf16,16.748031616210938,False,NVIDIA_GeForce_RTX_4090,24,
regnety_032,224,16,fp16,15.06764793395996,False,NVIDIA_GeForce_RTX_4090,24,
regnety_032,224,16,fp32,30.493183135986328,False,NVIDIA_GeForce_RTX_4090,24,
regnety_032,224,32,bf16,28.396032333374023,False,NVIDIA_GeForce_RTX_4090,24,
regnety_032,224,32,fp16,25.51910400390625,False,NVIDIA_GeForce_RTX_4090,24,
regnety_032,224,32,fp32,50.06950378417969,False,NVIDIA_GeForce_RTX_4090,24,
regnety_032,224,64,bf16,54.40665435791016,False,NVIDIA_GeForce_RTX_4090,24,
regnety_032,224,64,fp16,48.521728515625,False,NVIDIA_GeForce_RTX_4090,24,
regnety_032,224,64,fp32,106.59891510009766,False,NVIDIA_GeForce_RTX_4090,24,
regnety_080,64,16,bf16,10.644991874694824,False,NVIDIA_GeForce_RTX_4090,24,
regnety_080,64,16,fp16,10.397184371948242,False,NVIDIA_GeForce_RTX_4090,24,
regnety_080,64,16,fp32,11.322879791259766,False,NVIDIA_GeForce_RTX_4090,24,
regnety_080,64,32,bf16,13.413887977600098,False,NVIDIA_GeForce_RTX_4090,24,
regnety_080,64,32,fp16,12.809120178222656,False,NVIDIA_GeForce_RTX_4090,24,
regnety_080,64,32,fp32,15.333888053894045,False,NVIDIA_GeForce_RTX_4090,24,
regnety_080,64,64,bf16,18.947071075439453,False,NVIDIA_GeForce_RTX_4090,24,
regnety_080,64,64,fp16,17.63532829284668,False,NVIDIA_GeForce_RTX_4090,24,
regnety_080,64,64,fp32,24.31385612487793,False,NVIDIA_GeForce_RTX_4090,24,
regnety_080,128,16,bf16,12.79035186767578,False,NVIDIA_GeForce_RTX_4090,24,
regnety_080,128,16,fp16,12.130816459655762,False,NVIDIA_GeForce_RTX_4090,24,
regnety_080,128,16,fp32,22.47225570678711,False,NVIDIA_GeForce_RTX_4090,24,
regnety_080,128,32,bf16,19.142656326293945,False,NVIDIA_GeForce_RTX_4090,24,
regnety_080,128,32,fp16,17.948671340942383,False,NVIDIA_GeForce_RTX_4090,24,
regnety_080,128,32,fp32,31.822847366333008,False,NVIDIA_GeForce_RTX_4090,24,
regnety_080,128,64,bf16,30.331951141357425,False,NVIDIA_GeForce_RTX_4090,24,
regnety_080,128,64,fp16,28.38323211669922,False,NVIDIA_GeForce_RTX_4090,24,
regnety_080,128,64,fp32,66.43246459960938,False,NVIDIA_GeForce_RTX_4090,24,
regnety_080,224,16,bf16,26.10892868041992,False,NVIDIA_GeForce_RTX_4090,24,
regnety_080,224,16,fp16,22.99238395690918,False,NVIDIA_GeForce_RTX_4090,24,
regnety_080,224,16,fp32,48.68352127075195,False,NVIDIA_GeForce_RTX_4090,24,
regnety_080,224,32,bf16,43.9106559753418,False,NVIDIA_GeForce_RTX_4090,24,
regnety_080,224,32,fp16,41.5994873046875,False,NVIDIA_GeForce_RTX_4090,24,
regnety_080,224,32,fp32,78.12351989746094,False,NVIDIA_GeForce_RTX_4090,24,
regnety_080,224,64,bf16,92.19686126708984,False,NVIDIA_GeForce_RTX_4090,24,
regnety_080,224,64,fp16,88.04302215576172,False,NVIDIA_GeForce_RTX_4090,24,
regnety_080,224,64,fp32,164.75033569335938,False,NVIDIA_GeForce_RTX_4090,24,
regnety_160,64,16,bf16,13.85574436187744,False,NVIDIA_GeForce_RTX_4090,24,
regnety_160,64,16,fp16,13.293567657470703,False,NVIDIA_GeForce_RTX_4090,24,
regnety_160,64,16,fp32,19.721216201782227,False,NVIDIA_GeForce_RTX_4090,24,
regnety_160,64,32,bf16,16.327680587768555,False,NVIDIA_GeForce_RTX_4090,24,
regnety_160,64,32,fp16,15.078399658203123,False,NVIDIA_GeForce_RTX_4090,24,
regnety_160,64,32,fp32,26.819072723388672,False,NVIDIA_GeForce_RTX_4090,24,
regnety_160,64,64,bf16,21.88390350341797,False,NVIDIA_GeForce_RTX_4090,24,
regnety_160,64,64,fp16,20.27827262878418,False,NVIDIA_GeForce_RTX_4090,24,
regnety_160,64,64,fp32,42.41715240478516,False,NVIDIA_GeForce_RTX_4090,24,
regnety_160,128,16,bf16,19.543567657470703,False,NVIDIA_GeForce_RTX_4090,24,
regnety_160,128,16,fp16,18.718719482421875,False,NVIDIA_GeForce_RTX_4090,24,
regnety_160,128,16,fp32,33.64915084838867,False,NVIDIA_GeForce_RTX_4090,24,
regnety_160,128,32,bf16,27.882495880126957,False,NVIDIA_GeForce_RTX_4090,24,
regnety_160,128,32,fp16,26.309200286865234,False,NVIDIA_GeForce_RTX_4090,24,
regnety_160,128,32,fp32,50.79705429077149,False,NVIDIA_GeForce_RTX_4090,24,
regnety_160,128,64,bf16,46.39487838745117,False,NVIDIA_GeForce_RTX_4090,24,
regnety_160,128,64,fp16,43.85587310791016,False,NVIDIA_GeForce_RTX_4090,24,
regnety_160,128,64,fp32,100.9812469482422,False,NVIDIA_GeForce_RTX_4090,24,
regnety_160,224,16,bf16,36.34534454345703,False,NVIDIA_GeForce_RTX_4090,24,
regnety_160,224,16,fp16,34.9194221496582,False,NVIDIA_GeForce_RTX_4090,24,
regnety_160,224,16,fp32,82.83545684814453,False,NVIDIA_GeForce_RTX_4090,24,
regnety_160,224,32,bf16,65.75157165527344,False,NVIDIA_GeForce_RTX_4090,24,
regnety_160,224,32,fp16,62.23820877075195,False,NVIDIA_GeForce_RTX_4090,24,
regnety_160,224,32,fp32,157.665283203125,False,NVIDIA_GeForce_RTX_4090,24,
regnety_160,224,64,bf16,138.90867614746094,False,NVIDIA_GeForce_RTX_4090,24,
regnety_160,224,64,fp16,133.3780517578125,False,NVIDIA_GeForce_RTX_4090,24,
regnety_160,224,64,fp32,333.0565185546875,False,NVIDIA_GeForce_RTX_4090,24,
regnety_320,64,16,bf16,21.07383918762207,False,NVIDIA_GeForce_RTX_4090,24,
regnety_320,64,16,fp16,20.45439910888672,False,NVIDIA_GeForce_RTX_4090,24,
regnety_320,64,16,fp32,27.556352615356445,False,NVIDIA_GeForce_RTX_4090,24,
regnety_320,64,32,bf16,24.80121612548828,False,NVIDIA_GeForce_RTX_4090,24,
regnety_320,64,32,fp16,23.733760833740234,False,NVIDIA_GeForce_RTX_4090,24,
regnety_320,64,32,fp32,32.08345413208008,False,NVIDIA_GeForce_RTX_4090,24,
regnety_320,64,64,bf16,31.70568084716797,False,NVIDIA_GeForce_RTX_4090,24,
regnety_320,64,64,fp16,29.80395126342773,False,NVIDIA_GeForce_RTX_4090,24,
regnety_320,64,64,fp32,48.44287872314453,False,NVIDIA_GeForce_RTX_4090,24,
regnety_320,128,16,bf16,28.95257568359375,False,NVIDIA_GeForce_RTX_4090,24,
regnety_320,128,16,fp16,27.932159423828125,False,NVIDIA_GeForce_RTX_4090,24,
regnety_320,128,16,fp32,37.84703826904297,False,NVIDIA_GeForce_RTX_4090,24,
regnety_320,128,32,bf16,41.93638229370117,False,NVIDIA_GeForce_RTX_4090,24,
regnety_320,128,32,fp16,39.89145660400391,False,NVIDIA_GeForce_RTX_4090,24,
regnety_320,128,32,fp32,65.74848175048828,False,NVIDIA_GeForce_RTX_4090,24,
regnety_320,128,64,bf16,72.02705383300781,False,NVIDIA_GeForce_RTX_4090,24,
regnety_320,128,64,fp16,68.93924713134766,False,NVIDIA_GeForce_RTX_4090,24,
regnety_320,128,64,fp32,124.97408294677734,False,NVIDIA_GeForce_RTX_4090,24,
regnety_320,224,16,bf16,58.37516784667969,False,NVIDIA_GeForce_RTX_4090,24,
regnety_320,224,16,fp16,56.216064453125,False,NVIDIA_GeForce_RTX_4090,24,
regnety_320,224,16,fp32,102.44147491455078,False,NVIDIA_GeForce_RTX_4090,24,
regnety_320,224,32,bf16,107.08070373535156,False,NVIDIA_GeForce_RTX_4090,24,
regnety_320,224,32,fp16,102.56845092773438,False,NVIDIA_GeForce_RTX_4090,24,
regnety_320,224,32,fp32,198.86851501464844,False,NVIDIA_GeForce_RTX_4090,24,
regnety_320,224,64,bf16,211.78623962402344,False,NVIDIA_GeForce_RTX_4090,24,
regnety_320,224,64,fp16,205.99757385253903,False,NVIDIA_GeForce_RTX_4090,24,
regnety_320,224,64,fp32,,True,NVIDIA_GeForce_RTX_4090,24,
repvgg_a2,64,16,bf16,5.347328186035156,False,NVIDIA_GeForce_RTX_4090,24,
repvgg_a2,64,16,fp16,5.092304229736328,False,NVIDIA_GeForce_RTX_4090,24,
repvgg_a2,64,16,fp32,9.677311897277832,False,NVIDIA_GeForce_RTX_4090,24,
repvgg_a2,64,32,bf16,6.2018561363220215,False,NVIDIA_GeForce_RTX_4090,24,
repvgg_a2,64,32,fp16,5.760000228881836,False,NVIDIA_GeForce_RTX_4090,24,
repvgg_a2,64,32,fp32,7.549439907073975,False,NVIDIA_GeForce_RTX_4090,24,
repvgg_a2,64,64,bf16,8.257007598876953,False,NVIDIA_GeForce_RTX_4090,24,
repvgg_a2,64,64,fp16,7.550975799560547,False,NVIDIA_GeForce_RTX_4090,24,
repvgg_a2,64,64,fp32,8.60927963256836,False,NVIDIA_GeForce_RTX_4090,24,
repvgg_a2,128,16,bf16,6.696447849273682,False,NVIDIA_GeForce_RTX_4090,24,
repvgg_a2,128,16,fp16,6.390255928039551,False,NVIDIA_GeForce_RTX_4090,24,
repvgg_a2,128,16,fp32,8.231424331665039,False,NVIDIA_GeForce_RTX_4090,24,
repvgg_a2,128,32,bf16,9.064448356628418,False,NVIDIA_GeForce_RTX_4090,24,
repvgg_a2,128,32,fp16,8.481280326843262,False,NVIDIA_GeForce_RTX_4090,24,
repvgg_a2,128,32,fp32,14.071295738220217,False,NVIDIA_GeForce_RTX_4090,24,
repvgg_a2,128,64,bf16,15.559167861938477,False,NVIDIA_GeForce_RTX_4090,24,
repvgg_a2,128,64,fp16,14.25766372680664,False,NVIDIA_GeForce_RTX_4090,24,
repvgg_a2,128,64,fp32,23.56991958618164,False,NVIDIA_GeForce_RTX_4090,24,
repvgg_a2,224,16,bf16,12.62889575958252,False,NVIDIA_GeForce_RTX_4090,24,
repvgg_a2,224,16,fp16,11.699199676513672,False,NVIDIA_GeForce_RTX_4090,24,
repvgg_a2,224,16,fp32,19.75142478942871,False,NVIDIA_GeForce_RTX_4090,24,
repvgg_a2,224,32,bf16,22.318016052246094,False,NVIDIA_GeForce_RTX_4090,24,
repvgg_a2,224,32,fp16,20.78873634338379,False,NVIDIA_GeForce_RTX_4090,24,
repvgg_a2,224,32,fp32,37.92531204223633,False,NVIDIA_GeForce_RTX_4090,24,
repvgg_a2,224,64,bf16,42.88819122314453,False,NVIDIA_GeForce_RTX_4090,24,
repvgg_a2,224,64,fp16,39.74604797363281,False,NVIDIA_GeForce_RTX_4090,24,
repvgg_a2,224,64,fp32,74.91686248779297,False,NVIDIA_GeForce_RTX_4090,24,
resmlp_24_224,64,16,bf16,8.29849624633789,False,NVIDIA_GeForce_RTX_4090,24,
resmlp_24_224,64,16,fp16,8.3123197555542,False,NVIDIA_GeForce_RTX_4090,24,
resmlp_24_224,64,16,fp32,7.370751857757568,False,NVIDIA_GeForce_RTX_4090,24,
resmlp_24_224,64,32,bf16,8.475647926330566,False,NVIDIA_GeForce_RTX_4090,24,
resmlp_24_224,64,32,fp16,6.99238395690918,False,NVIDIA_GeForce_RTX_4090,24,
resmlp_24_224,64,32,fp32,9.058752059936523,False,NVIDIA_GeForce_RTX_4090,24,
resmlp_24_224,64,64,bf16,8.517631530761719,False,NVIDIA_GeForce_RTX_4090,24,
resmlp_24_224,64,64,fp16,8.5447359085083,False,NVIDIA_GeForce_RTX_4090,24,
resmlp_24_224,64,64,fp32,12.271023750305176,False,NVIDIA_GeForce_RTX_4090,24,
resmlp_24_224,128,16,bf16,8.642047882080078,False,NVIDIA_GeForce_RTX_4090,24,
resmlp_24_224,128,16,fp16,8.563199996948242,False,NVIDIA_GeForce_RTX_4090,24,
resmlp_24_224,128,16,fp32,12.48153591156006,False,NVIDIA_GeForce_RTX_4090,24,
resmlp_24_224,128,32,bf16,11.84609603881836,False,NVIDIA_GeForce_RTX_4090,24,
resmlp_24_224,128,32,fp16,11.769856452941896,False,NVIDIA_GeForce_RTX_4090,24,
resmlp_24_224,128,32,fp32,18.13248062133789,False,NVIDIA_GeForce_RTX_4090,24,
resmlp_24_224,128,64,bf16,17.90412712097168,False,NVIDIA_GeForce_RTX_4090,24,
resmlp_24_224,128,64,fp16,17.785343170166016,False,NVIDIA_GeForce_RTX_4090,24,
resmlp_24_224,128,64,fp32,32.12593460083008,False,NVIDIA_GeForce_RTX_4090,24,
resmlp_24_224,224,16,bf16,15.774208068847656,False,NVIDIA_GeForce_RTX_4090,24,
resmlp_24_224,224,16,fp16,15.739392280578612,False,NVIDIA_GeForce_RTX_4090,24,
resmlp_24_224,224,16,fp32,27.65260887145996,False,NVIDIA_GeForce_RTX_4090,24,
resmlp_24_224,224,32,bf16,26.706432342529297,False,NVIDIA_GeForce_RTX_4090,24,
resmlp_24_224,224,32,fp16,26.17344093322754,False,NVIDIA_GeForce_RTX_4090,24,
resmlp_24_224,224,32,fp32,48.70348739624024,False,NVIDIA_GeForce_RTX_4090,24,
resmlp_24_224,224,64,bf16,45.984256744384766,False,NVIDIA_GeForce_RTX_4090,24,
resmlp_24_224,224,64,fp16,46.01188659667969,False,NVIDIA_GeForce_RTX_4090,24,
resmlp_24_224,224,64,fp32,93.34162902832033,False,NVIDIA_GeForce_RTX_4090,24,
resnet101,64,16,bf16,10.04689598083496,False,NVIDIA_GeForce_RTX_4090,24,
resnet101,64,16,fp16,9.348095893859863,False,NVIDIA_GeForce_RTX_4090,24,
resnet101,64,16,fp32,11.275775909423828,False,NVIDIA_GeForce_RTX_4090,24,
resnet101,64,32,bf16,10.906559944152832,False,NVIDIA_GeForce_RTX_4090,24,
resnet101,64,32,fp16,10.028544425964355,False,NVIDIA_GeForce_RTX_4090,24,
resnet101,64,32,fp32,14.29094409942627,False,NVIDIA_GeForce_RTX_4090,24,
resnet101,64,64,bf16,14.197759628295898,False,NVIDIA_GeForce_RTX_4090,24,
resnet101,64,64,fp16,12.766176223754885,False,NVIDIA_GeForce_RTX_4090,24,
resnet101,64,64,fp32,18.291711807250977,False,NVIDIA_GeForce_RTX_4090,24,
resnet101,128,16,bf16,11.57529640197754,False,NVIDIA_GeForce_RTX_4090,24,
resnet101,128,16,fp16,10.706944465637209,False,NVIDIA_GeForce_RTX_4090,24,
resnet101,128,16,fp32,15.431103706359863,False,NVIDIA_GeForce_RTX_4090,24,
resnet101,128,32,bf16,15.831551551818848,False,NVIDIA_GeForce_RTX_4090,24,
resnet101,128,32,fp16,14.466560363769531,False,NVIDIA_GeForce_RTX_4090,24,
resnet101,128,32,fp32,24.95846366882324,False,NVIDIA_GeForce_RTX_4090,24,
resnet101,128,64,bf16,27.46623992919922,False,NVIDIA_GeForce_RTX_4090,24,
resnet101,128,64,fp16,24.9804801940918,False,NVIDIA_GeForce_RTX_4090,24,
resnet101,128,64,fp32,43.24604797363281,False,NVIDIA_GeForce_RTX_4090,24,
resnet101,224,16,bf16,18.99980735778809,False,NVIDIA_GeForce_RTX_4090,24,
resnet101,224,16,fp16,17.284095764160156,False,NVIDIA_GeForce_RTX_4090,24,
resnet101,224,16,fp32,29.095935821533203,False,NVIDIA_GeForce_RTX_4090,24,
resnet101,224,32,bf16,34.44121551513672,False,NVIDIA_GeForce_RTX_4090,24,
resnet101,224,32,fp16,31.66156768798828,False,NVIDIA_GeForce_RTX_4090,24,
resnet101,224,32,fp32,59.7130241394043,False,NVIDIA_GeForce_RTX_4090,24,
resnet101,224,64,bf16,69.34528350830078,False,NVIDIA_GeForce_RTX_4090,24,
resnet101,224,64,fp16,63.22883224487305,False,NVIDIA_GeForce_RTX_4090,24,
resnet101,224,64,fp32,126.68978881835938,False,NVIDIA_GeForce_RTX_4090,24,
resnet152,64,16,bf16,14.2807035446167,False,NVIDIA_GeForce_RTX_4090,24,
resnet152,64,16,fp16,13.57260799407959,False,NVIDIA_GeForce_RTX_4090,24,
resnet152,64,16,fp32,16.014848709106445,False,NVIDIA_GeForce_RTX_4090,24,
resnet152,64,32,bf16,16.000959396362305,False,NVIDIA_GeForce_RTX_4090,24,
resnet152,64,32,fp16,14.825471878051758,False,NVIDIA_GeForce_RTX_4090,24,
resnet152,64,32,fp32,20.24699211120605,False,NVIDIA_GeForce_RTX_4090,24,
resnet152,64,64,bf16,20.560895919799805,False,NVIDIA_GeForce_RTX_4090,24,
resnet152,64,64,fp16,18.33415985107422,False,NVIDIA_GeForce_RTX_4090,24,
resnet152,64,64,fp32,26.32192039489746,False,NVIDIA_GeForce_RTX_4090,24,
resnet152,128,16,bf16,16.472576141357422,False,NVIDIA_GeForce_RTX_4090,24,
resnet152,128,16,fp16,15.332863807678224,False,NVIDIA_GeForce_RTX_4090,24,
resnet152,128,16,fp32,22.053375244140625,False,NVIDIA_GeForce_RTX_4090,24,
resnet152,128,32,bf16,22.51571273803711,False,NVIDIA_GeForce_RTX_4090,24,
resnet152,128,32,fp16,20.54195213317871,False,NVIDIA_GeForce_RTX_4090,24,
resnet152,128,32,fp32,35.31520080566406,False,NVIDIA_GeForce_RTX_4090,24,
resnet152,128,64,bf16,38.94169616699219,False,NVIDIA_GeForce_RTX_4090,24,
resnet152,128,64,fp16,35.1728630065918,False,NVIDIA_GeForce_RTX_4090,24,
resnet152,128,64,fp32,60.28646469116211,False,NVIDIA_GeForce_RTX_4090,24,
resnet152,224,16,bf16,26.655744552612305,False,NVIDIA_GeForce_RTX_4090,24,
resnet152,224,16,fp16,24.452608108520508,False,NVIDIA_GeForce_RTX_4090,24,
resnet152,224,16,fp32,40.47974395751953,False,NVIDIA_GeForce_RTX_4090,24,
resnet152,224,32,bf16,47.78086471557617,False,NVIDIA_GeForce_RTX_4090,24,
resnet152,224,32,fp16,44.25727844238281,False,NVIDIA_GeForce_RTX_4090,24,
resnet152,224,32,fp32,83.09194946289062,False,NVIDIA_GeForce_RTX_4090,24,
resnet152,224,64,bf16,95.56940460205078,False,NVIDIA_GeForce_RTX_4090,24,
resnet152,224,64,fp16,87.58118438720703,False,NVIDIA_GeForce_RTX_4090,24,
resnet152,224,64,fp32,177.99166870117188,False,NVIDIA_GeForce_RTX_4090,24,
resnet18,64,16,bf16,1.9256319999694824,False,NVIDIA_GeForce_RTX_4090,24,
resnet18,64,16,fp16,1.8508800268173216,False,NVIDIA_GeForce_RTX_4090,24,
resnet18,64,16,fp32,2.5676798820495605,False,NVIDIA_GeForce_RTX_4090,24,
resnet18,64,32,bf16,2.6219520568847656,False,NVIDIA_GeForce_RTX_4090,24,
resnet18,64,32,fp16,2.0060160160064697,False,NVIDIA_GeForce_RTX_4090,24,
resnet18,64,32,fp32,2.9122560024261475,False,NVIDIA_GeForce_RTX_4090,24,
resnet18,64,64,bf16,2.989520072937012,False,NVIDIA_GeForce_RTX_4090,24,
resnet18,64,64,fp16,2.8001279830932617,False,NVIDIA_GeForce_RTX_4090,24,
resnet18,64,64,fp32,4.146128177642822,False,NVIDIA_GeForce_RTX_4090,24,
resnet18,128,16,bf16,2.579967975616455,False,NVIDIA_GeForce_RTX_4090,24,
resnet18,128,16,fp16,2.405888080596924,False,NVIDIA_GeForce_RTX_4090,24,
resnet18,128,16,fp32,3.355135917663574,False,NVIDIA_GeForce_RTX_4090,24,
resnet18,128,32,bf16,3.680768013000488,False,NVIDIA_GeForce_RTX_4090,24,
resnet18,128,32,fp16,3.383807897567749,False,NVIDIA_GeForce_RTX_4090,24,
resnet18,128,32,fp32,5.125631809234619,False,NVIDIA_GeForce_RTX_4090,24,
resnet18,128,64,bf16,5.779359817504883,False,NVIDIA_GeForce_RTX_4090,24,
resnet18,128,64,fp16,5.228544235229492,False,NVIDIA_GeForce_RTX_4090,24,
resnet18,128,64,fp32,8.435199737548828,False,NVIDIA_GeForce_RTX_4090,24,
resnet18,224,16,bf16,4.603392124176025,False,NVIDIA_GeForce_RTX_4090,24,
resnet18,224,16,fp16,4.158976078033447,False,NVIDIA_GeForce_RTX_4090,24,
resnet18,224,16,fp32,6.468095779418945,False,NVIDIA_GeForce_RTX_4090,24,
resnet18,224,32,bf16,8.183808326721191,False,NVIDIA_GeForce_RTX_4090,24,
resnet18,224,32,fp16,7.458816051483154,False,NVIDIA_GeForce_RTX_4090,24,
resnet18,224,32,fp32,12.065792083740234,False,NVIDIA_GeForce_RTX_4090,24,
resnet18,224,64,bf16,16.411056518554688,False,NVIDIA_GeForce_RTX_4090,24,
resnet18,224,64,fp16,13.949952125549316,False,NVIDIA_GeForce_RTX_4090,24,
resnet18,224,64,fp32,25.409984588623047,False,NVIDIA_GeForce_RTX_4090,24,
resnet200,64,16,bf16,16.9881591796875,False,NVIDIA_GeForce_RTX_4090,24,
resnet200,64,16,fp16,16.433135986328125,False,NVIDIA_GeForce_RTX_4090,24,
resnet200,64,16,fp32,19.146240234375,False,NVIDIA_GeForce_RTX_4090,24,
resnet200,64,32,bf16,18.754047393798828,False,NVIDIA_GeForce_RTX_4090,24,
resnet200,64,32,fp16,17.249792098999023,False,NVIDIA_GeForce_RTX_4090,24,
resnet200,64,32,fp32,24.178688049316406,False,NVIDIA_GeForce_RTX_4090,24,
resnet200,64,64,bf16,25.27027130126953,False,NVIDIA_GeForce_RTX_4090,24,
resnet200,64,64,fp16,22.603759765625,False,NVIDIA_GeForce_RTX_4090,24,
resnet200,64,64,fp32,31.54739189147949,False,NVIDIA_GeForce_RTX_4090,24,
resnet200,128,16,bf16,19.96544075012207,False,NVIDIA_GeForce_RTX_4090,24,
resnet200,128,16,fp16,18.709455490112305,False,NVIDIA_GeForce_RTX_4090,24,
resnet200,128,16,fp32,26.20876884460449,False,NVIDIA_GeForce_RTX_4090,24,
resnet200,128,32,bf16,28.587007522583008,False,NVIDIA_GeForce_RTX_4090,24,
resnet200,128,32,fp16,26.03264045715332,False,NVIDIA_GeForce_RTX_4090,24,
resnet200,128,32,fp32,42.93222427368164,False,NVIDIA_GeForce_RTX_4090,24,
resnet200,128,64,bf16,48.60825729370117,False,NVIDIA_GeForce_RTX_4090,24,
resnet200,128,64,fp16,43.976192474365234,False,NVIDIA_GeForce_RTX_4090,24,
resnet200,128,64,fp32,76.54450988769531,False,NVIDIA_GeForce_RTX_4090,24,
resnet200,224,16,bf16,34.34751892089844,False,NVIDIA_GeForce_RTX_4090,24,
resnet200,224,16,fp16,30.91507148742676,False,NVIDIA_GeForce_RTX_4090,24,
resnet200,224,16,fp32,52.509185791015625,False,NVIDIA_GeForce_RTX_4090,24,
resnet200,224,32,bf16,62.81779098510742,False,NVIDIA_GeForce_RTX_4090,24,
resnet200,224,32,fp16,57.54572677612305,False,NVIDIA_GeForce_RTX_4090,24,
resnet200,224,32,fp32,112.04300689697266,False,NVIDIA_GeForce_RTX_4090,24,
resnet200,224,64,bf16,129.83859252929688,False,NVIDIA_GeForce_RTX_4090,24,
resnet200,224,64,fp16,119.08601379394533,False,NVIDIA_GeForce_RTX_4090,24,
resnet200,224,64,fp32,245.8434600830078,False,NVIDIA_GeForce_RTX_4090,24,
resnet50,64,16,bf16,5.063168048858643,False,NVIDIA_GeForce_RTX_4090,24,
resnet50,64,16,fp16,4.699135780334473,False,NVIDIA_GeForce_RTX_4090,24,
resnet50,64,16,fp32,6.044608116149902,False,NVIDIA_GeForce_RTX_4090,24,
resnet50,64,32,bf16,5.629424095153809,False,NVIDIA_GeForce_RTX_4090,24,
resnet50,64,32,fp16,5.170688152313232,False,NVIDIA_GeForce_RTX_4090,24,
resnet50,64,32,fp32,7.540736198425293,False,NVIDIA_GeForce_RTX_4090,24,
resnet50,64,64,bf16,7.530496120452881,False,NVIDIA_GeForce_RTX_4090,24,
resnet50,64,64,fp16,6.647295951843262,False,NVIDIA_GeForce_RTX_4090,24,
resnet50,64,64,fp32,9.844736099243164,False,NVIDIA_GeForce_RTX_4090,24,
resnet50,128,16,bf16,6.164959907531738,False,NVIDIA_GeForce_RTX_4090,24,
resnet50,128,16,fp16,5.707231998443604,False,NVIDIA_GeForce_RTX_4090,24,
resnet50,128,16,fp32,8.175616264343262,False,NVIDIA_GeForce_RTX_4090,24,
resnet50,128,32,bf16,8.988160133361816,False,NVIDIA_GeForce_RTX_4090,24,
resnet50,128,32,fp16,8.156671524047852,False,NVIDIA_GeForce_RTX_4090,24,
resnet50,128,32,fp32,13.68934440612793,False,NVIDIA_GeForce_RTX_4090,24,
resnet50,128,64,bf16,15.546879768371582,False,NVIDIA_GeForce_RTX_4090,24,
resnet50,128,64,fp16,14.117376327514648,False,NVIDIA_GeForce_RTX_4090,24,
resnet50,128,64,fp32,26.258432388305664,False,NVIDIA_GeForce_RTX_4090,24,
resnet50,224,16,bf16,11.323391914367676,False,NVIDIA_GeForce_RTX_4090,24,
resnet50,224,16,fp16,10.19545555114746,False,NVIDIA_GeForce_RTX_4090,24,
resnet50,224,16,fp32,18.040319442749023,False,NVIDIA_GeForce_RTX_4090,24,
resnet50,224,32,bf16,21.67598342895508,False,NVIDIA_GeForce_RTX_4090,24,
resnet50,224,32,fp16,19.864063262939453,False,NVIDIA_GeForce_RTX_4090,24,
resnet50,224,32,fp32,38.56537628173828,False,NVIDIA_GeForce_RTX_4090,24,
resnet50,224,64,bf16,45.70051193237305,False,NVIDIA_GeForce_RTX_4090,24,
resnet50,224,64,fp16,41.39315032958984,False,NVIDIA_GeForce_RTX_4090,24,
resnet50,224,64,fp32,81.99987030029297,False,NVIDIA_GeForce_RTX_4090,24,
resnext101_64x4d,64,16,bf16,14.285823822021484,False,NVIDIA_GeForce_RTX_4090,24,
resnext101_64x4d,64,16,fp16,13.69753646850586,False,NVIDIA_GeForce_RTX_4090,24,
resnext101_64x4d,64,16,fp32,18.23230361938477,False,NVIDIA_GeForce_RTX_4090,24,
resnext101_64x4d,64,32,bf16,16.348159790039062,False,NVIDIA_GeForce_RTX_4090,24,
resnext101_64x4d,64,32,fp16,15.10041618347168,False,NVIDIA_GeForce_RTX_4090,24,
resnext101_64x4d,64,32,fp32,28.63715171813965,False,NVIDIA_GeForce_RTX_4090,24,
resnext101_64x4d,64,64,bf16,22.228992462158203,False,NVIDIA_GeForce_RTX_4090,24,
resnext101_64x4d,64,64,fp16,19.678720474243164,False,NVIDIA_GeForce_RTX_4090,24,
resnext101_64x4d,64,64,fp32,41.05419158935547,False,NVIDIA_GeForce_RTX_4090,24,
resnext101_64x4d,128,16,bf16,16.994304656982422,False,NVIDIA_GeForce_RTX_4090,24,
resnext101_64x4d,128,16,fp16,15.721440315246582,False,NVIDIA_GeForce_RTX_4090,24,
resnext101_64x4d,128,16,fp32,32.973777770996094,False,NVIDIA_GeForce_RTX_4090,24,
resnext101_64x4d,128,32,bf16,25.19398307800293,False,NVIDIA_GeForce_RTX_4090,24,
resnext101_64x4d,128,32,fp16,23.051776885986328,False,NVIDIA_GeForce_RTX_4090,24,
resnext101_64x4d,128,32,fp32,51.145729064941406,False,NVIDIA_GeForce_RTX_4090,24,
resnext101_64x4d,128,64,bf16,43.0463981628418,False,NVIDIA_GeForce_RTX_4090,24,
resnext101_64x4d,128,64,fp16,38.62835311889648,False,NVIDIA_GeForce_RTX_4090,24,
resnext101_64x4d,128,64,fp32,119.0487060546875,False,NVIDIA_GeForce_RTX_4090,24,
resnext101_64x4d,224,16,bf16,32.89651107788086,False,NVIDIA_GeForce_RTX_4090,24,
resnext101_64x4d,224,16,fp16,30.86796760559082,False,NVIDIA_GeForce_RTX_4090,24,
resnext101_64x4d,224,16,fp32,82.0285415649414,False,NVIDIA_GeForce_RTX_4090,24,
resnext101_64x4d,224,32,bf16,66.00704193115234,False,NVIDIA_GeForce_RTX_4090,24,
resnext101_64x4d,224,32,fp16,61.48710250854492,False,NVIDIA_GeForce_RTX_4090,24,
resnext101_64x4d,224,32,fp32,133.94790649414062,False,NVIDIA_GeForce_RTX_4090,24,
resnext101_64x4d,224,64,bf16,139.53579711914062,False,NVIDIA_GeForce_RTX_4090,24,
resnext101_64x4d,224,64,fp16,128.80535888671875,False,NVIDIA_GeForce_RTX_4090,24,
resnext101_64x4d,224,64,fp32,273.3076477050781,False,NVIDIA_GeForce_RTX_4090,24,
resnext50_32x4d,64,16,bf16,5.2505598068237305,False,NVIDIA_GeForce_RTX_4090,24,
resnext50_32x4d,64,16,fp16,4.981200218200684,False,NVIDIA_GeForce_RTX_4090,24,
resnext50_32x4d,64,16,fp32,6.363615989685059,False,NVIDIA_GeForce_RTX_4090,24,
resnext50_32x4d,64,32,bf16,6.539775848388672,False,NVIDIA_GeForce_RTX_4090,24,
resnext50_32x4d,64,32,fp16,6.02726411819458,False,NVIDIA_GeForce_RTX_4090,24,
resnext50_32x4d,64,32,fp32,9.415679931640623,False,NVIDIA_GeForce_RTX_4090,24,
resnext50_32x4d,64,64,bf16,9.926655769348145,False,NVIDIA_GeForce_RTX_4090,24,
resnext50_32x4d,64,64,fp16,8.890352249145508,False,NVIDIA_GeForce_RTX_4090,24,
resnext50_32x4d,64,64,fp32,13.111807823181152,False,NVIDIA_GeForce_RTX_4090,24,
resnext50_32x4d,128,16,bf16,6.515200138092041,False,NVIDIA_GeForce_RTX_4090,24,
resnext50_32x4d,128,16,fp16,6.073855876922607,False,NVIDIA_GeForce_RTX_4090,24,
resnext50_32x4d,128,16,fp32,10.1396484375,False,NVIDIA_GeForce_RTX_4090,24,
resnext50_32x4d,128,32,bf16,10.33523178100586,False,NVIDIA_GeForce_RTX_4090,24,
resnext50_32x4d,128,32,fp16,9.447423934936523,False,NVIDIA_GeForce_RTX_4090,24,
resnext50_32x4d,128,32,fp32,17.10848045349121,False,NVIDIA_GeForce_RTX_4090,24,
resnext50_32x4d,128,64,bf16,18.63987159729004,False,NVIDIA_GeForce_RTX_4090,24,
resnext50_32x4d,128,64,fp16,17.013248443603516,False,NVIDIA_GeForce_RTX_4090,24,
resnext50_32x4d,128,64,fp32,36.30643081665039,False,NVIDIA_GeForce_RTX_4090,24,
resnext50_32x4d,224,16,bf16,12.66431999206543,False,NVIDIA_GeForce_RTX_4090,24,
resnext50_32x4d,224,16,fp16,11.728384017944336,False,NVIDIA_GeForce_RTX_4090,24,
resnext50_32x4d,224,16,fp32,26.62246322631836,False,NVIDIA_GeForce_RTX_4090,24,
resnext50_32x4d,224,32,bf16,25.52524757385254,False,NVIDIA_GeForce_RTX_4090,24,
resnext50_32x4d,224,32,fp16,23.185407638549805,False,NVIDIA_GeForce_RTX_4090,24,
resnext50_32x4d,224,32,fp32,52.91775894165039,False,NVIDIA_GeForce_RTX_4090,24,
resnext50_32x4d,224,64,bf16,56.69009780883789,False,NVIDIA_GeForce_RTX_4090,24,
resnext50_32x4d,224,64,fp16,51.61369705200195,False,NVIDIA_GeForce_RTX_4090,24,
resnext50_32x4d,224,64,fp32,110.7394561767578,False,NVIDIA_GeForce_RTX_4090,24,
swin_base_patch4_window7_224,64,16,bf16,11.890607833862305,False,NVIDIA_GeForce_RTX_4090,24,
swin_base_patch4_window7_224,64,16,fp16,11.858943939208984,False,NVIDIA_GeForce_RTX_4090,24,
swin_base_patch4_window7_224,64,16,fp32,14.736384391784668,False,NVIDIA_GeForce_RTX_4090,24,
swin_base_patch4_window7_224,64,32,bf16,14.06873607635498,False,NVIDIA_GeForce_RTX_4090,24,
swin_base_patch4_window7_224,64,32,fp16,14.054911613464355,False,NVIDIA_GeForce_RTX_4090,24,
swin_base_patch4_window7_224,64,32,fp32,20.86502456665039,False,NVIDIA_GeForce_RTX_4090,24,
swin_base_patch4_window7_224,64,64,bf16,18.01113510131836,False,NVIDIA_GeForce_RTX_4090,24,
swin_base_patch4_window7_224,64,64,fp16,18.11199951171875,False,NVIDIA_GeForce_RTX_4090,24,
swin_base_patch4_window7_224,64,64,fp32,31.712255477905277,False,NVIDIA_GeForce_RTX_4090,24,
swin_base_patch4_window7_224,128,16,bf16,22.560768127441406,False,NVIDIA_GeForce_RTX_4090,24,
swin_base_patch4_window7_224,128,16,fp16,22.765567779541016,False,NVIDIA_GeForce_RTX_4090,24,
swin_base_patch4_window7_224,128,16,fp32,40.9881591796875,False,NVIDIA_GeForce_RTX_4090,24,
swin_base_patch4_window7_224,128,32,bf16,34.925567626953125,False,NVIDIA_GeForce_RTX_4090,24,
swin_base_patch4_window7_224,128,32,fp16,34.65011215209961,False,NVIDIA_GeForce_RTX_4090,24,
swin_base_patch4_window7_224,128,32,fp32,72.02508544921875,False,NVIDIA_GeForce_RTX_4090,24,
swin_base_patch4_window7_224,128,64,bf16,64.98252868652344,False,NVIDIA_GeForce_RTX_4090,24,
swin_base_patch4_window7_224,128,64,fp16,64.89190673828125,False,NVIDIA_GeForce_RTX_4090,24,
swin_base_patch4_window7_224,128,64,fp32,138.63168334960938,False,NVIDIA_GeForce_RTX_4090,24,
swin_base_patch4_window7_224,224,16,bf16,34.38489532470703,False,NVIDIA_GeForce_RTX_4090,24,
swin_base_patch4_window7_224,224,16,fp16,34.7694091796875,False,NVIDIA_GeForce_RTX_4090,24,
swin_base_patch4_window7_224,224,16,fp32,70.77931213378906,False,NVIDIA_GeForce_RTX_4090,24,
swin_base_patch4_window7_224,224,32,bf16,62.49369430541992,False,NVIDIA_GeForce_RTX_4090,24,
swin_base_patch4_window7_224,224,32,fp16,62.74816131591797,False,NVIDIA_GeForce_RTX_4090,24,
swin_base_patch4_window7_224,224,32,fp32,131.96595764160156,False,NVIDIA_GeForce_RTX_4090,24,
swin_base_patch4_window7_224,224,64,bf16,127.17414093017578,False,NVIDIA_GeForce_RTX_4090,24,
swin_base_patch4_window7_224,224,64,fp16,126.6201629638672,False,NVIDIA_GeForce_RTX_4090,24,
swin_base_patch4_window7_224,224,64,fp32,260.8598937988281,False,NVIDIA_GeForce_RTX_4090,24,
swin_tiny_patch4_window7_224,64,16,bf16,5.725183963775635,False,NVIDIA_GeForce_RTX_4090,24,
swin_tiny_patch4_window7_224,64,16,fp16,5.616127967834473,False,NVIDIA_GeForce_RTX_4090,24,
swin_tiny_patch4_window7_224,64,16,fp32,6.633471965789795,False,NVIDIA_GeForce_RTX_4090,24,
swin_tiny_patch4_window7_224,64,32,bf16,6.420991897583008,False,NVIDIA_GeForce_RTX_4090,24,
swin_tiny_patch4_window7_224,64,32,fp16,6.312960147857666,False,NVIDIA_GeForce_RTX_4090,24,
swin_tiny_patch4_window7_224,64,32,fp32,9.125887870788574,False,NVIDIA_GeForce_RTX_4090,24,
swin_tiny_patch4_window7_224,64,64,bf16,8.51302433013916,False,NVIDIA_GeForce_RTX_4090,24,
swin_tiny_patch4_window7_224,64,64,fp16,8.38758373260498,False,NVIDIA_GeForce_RTX_4090,24,
swin_tiny_patch4_window7_224,64,64,fp32,14.27558422088623,False,NVIDIA_GeForce_RTX_4090,24,
swin_tiny_patch4_window7_224,128,16,bf16,9.067008018493652,False,NVIDIA_GeForce_RTX_4090,24,
swin_tiny_patch4_window7_224,128,16,fp16,9.101823806762695,False,NVIDIA_GeForce_RTX_4090,24,
swin_tiny_patch4_window7_224,128,16,fp32,15.461888313293455,False,NVIDIA_GeForce_RTX_4090,24,
swin_tiny_patch4_window7_224,128,32,bf16,13.950464248657228,False,NVIDIA_GeForce_RTX_4090,24,
swin_tiny_patch4_window7_224,128,32,fp16,14.013440132141112,False,NVIDIA_GeForce_RTX_4090,24,
swin_tiny_patch4_window7_224,128,32,fp32,26.51852798461914,False,NVIDIA_GeForce_RTX_4090,24,
swin_tiny_patch4_window7_224,128,64,bf16,24.703920364379883,False,NVIDIA_GeForce_RTX_4090,24,
swin_tiny_patch4_window7_224,128,64,fp16,24.887296676635746,False,NVIDIA_GeForce_RTX_4090,24,
swin_tiny_patch4_window7_224,128,64,fp32,50.713600158691406,False,NVIDIA_GeForce_RTX_4090,24,
swin_tiny_patch4_window7_224,224,16,bf16,15.158255577087402,False,NVIDIA_GeForce_RTX_4090,24,
swin_tiny_patch4_window7_224,224,16,fp16,15.199695587158203,False,NVIDIA_GeForce_RTX_4090,24,
swin_tiny_patch4_window7_224,224,16,fp32,28.72268867492676,False,NVIDIA_GeForce_RTX_4090,24,
swin_tiny_patch4_window7_224,224,32,bf16,27.26860809326172,False,NVIDIA_GeForce_RTX_4090,24,
swin_tiny_patch4_window7_224,224,32,fp16,27.305952072143555,False,NVIDIA_GeForce_RTX_4090,24,
swin_tiny_patch4_window7_224,224,32,fp32,54.36057662963867,False,NVIDIA_GeForce_RTX_4090,24,
swin_tiny_patch4_window7_224,224,64,bf16,57.16889572143555,False,NVIDIA_GeForce_RTX_4090,24,
swin_tiny_patch4_window7_224,224,64,fp16,57.337345123291016,False,NVIDIA_GeForce_RTX_4090,24,
swin_tiny_patch4_window7_224,224,64,fp32,109.03961944580078,False,NVIDIA_GeForce_RTX_4090,24,
swinv2_cr_tiny_ns_224,64,16,bf16,7.138783931732178,False,NVIDIA_GeForce_RTX_4090,24,
swinv2_cr_tiny_ns_224,64,16,fp16,6.337024211883545,False,NVIDIA_GeForce_RTX_4090,24,
swinv2_cr_tiny_ns_224,64,16,fp32,7.202256202697754,False,NVIDIA_GeForce_RTX_4090,24,
swinv2_cr_tiny_ns_224,64,32,bf16,7.458303928375244,False,NVIDIA_GeForce_RTX_4090,24,
swinv2_cr_tiny_ns_224,64,32,fp16,7.648255825042725,False,NVIDIA_GeForce_RTX_4090,24,
swinv2_cr_tiny_ns_224,64,32,fp32,9.613311767578123,False,NVIDIA_GeForce_RTX_4090,24,
swinv2_cr_tiny_ns_224,64,64,bf16,9.374208450317385,False,NVIDIA_GeForce_RTX_4090,24,
swinv2_cr_tiny_ns_224,64,64,fp16,9.581055641174316,False,NVIDIA_GeForce_RTX_4090,24,
swinv2_cr_tiny_ns_224,64,64,fp32,14.28326416015625,False,NVIDIA_GeForce_RTX_4090,24,
swinv2_cr_tiny_ns_224,128,16,bf16,9.267200469970703,False,NVIDIA_GeForce_RTX_4090,24,
swinv2_cr_tiny_ns_224,128,16,fp16,9.144304275512695,False,NVIDIA_GeForce_RTX_4090,24,
swinv2_cr_tiny_ns_224,128,16,fp32,13.29099178314209,False,NVIDIA_GeForce_RTX_4090,24,
swinv2_cr_tiny_ns_224,128,32,bf16,13.318655967712402,False,NVIDIA_GeForce_RTX_4090,24,
swinv2_cr_tiny_ns_224,128,32,fp16,13.201919555664062,False,NVIDIA_GeForce_RTX_4090,24,
swinv2_cr_tiny_ns_224,128,32,fp32,21.52652740478516,False,NVIDIA_GeForce_RTX_4090,24,
swinv2_cr_tiny_ns_224,128,64,bf16,22.049776077270508,False,NVIDIA_GeForce_RTX_4090,24,
swinv2_cr_tiny_ns_224,128,64,fp16,22.10047912597656,False,NVIDIA_GeForce_RTX_4090,24,
swinv2_cr_tiny_ns_224,128,64,fp32,39.11833572387695,False,NVIDIA_GeForce_RTX_4090,24,
swinv2_cr_tiny_ns_224,224,16,bf16,19.6362247467041,False,NVIDIA_GeForce_RTX_4090,24,
swinv2_cr_tiny_ns_224,224,16,fp16,19.6495361328125,False,NVIDIA_GeForce_RTX_4090,24,
swinv2_cr_tiny_ns_224,224,16,fp32,32.91187286376953,False,NVIDIA_GeForce_RTX_4090,24,
swinv2_cr_tiny_ns_224,224,32,bf16,36.82815933227539,False,NVIDIA_GeForce_RTX_4090,24,
swinv2_cr_tiny_ns_224,224,32,fp16,36.74163055419922,False,NVIDIA_GeForce_RTX_4090,24,
swinv2_cr_tiny_ns_224,224,32,fp32,62.89049530029297,False,NVIDIA_GeForce_RTX_4090,24,
swinv2_cr_tiny_ns_224,224,64,bf16,80.35533142089844,False,NVIDIA_GeForce_RTX_4090,24,
swinv2_cr_tiny_ns_224,224,64,fp16,80.5042724609375,False,NVIDIA_GeForce_RTX_4090,24,
swinv2_cr_tiny_ns_224,224,64,fp32,128.3583984375,False,NVIDIA_GeForce_RTX_4090,24,
twins_pcpvt_small,64,16,bf16,6.417840003967285,False,NVIDIA_GeForce_RTX_4090,24,
twins_pcpvt_small,64,16,fp16,11.570128440856934,False,NVIDIA_GeForce_RTX_4090,24,
twins_pcpvt_small,64,16,fp32,7.273983955383301,False,NVIDIA_GeForce_RTX_4090,24,
twins_pcpvt_small,64,32,bf16,7.520256042480469,False,NVIDIA_GeForce_RTX_4090,24,
twins_pcpvt_small,64,32,fp16,8.057855606079102,False,NVIDIA_GeForce_RTX_4090,24,
twins_pcpvt_small,64,32,fp32,11.504639625549316,False,NVIDIA_GeForce_RTX_4090,24,
twins_pcpvt_small,64,64,bf16,9.973247528076172,False,NVIDIA_GeForce_RTX_4090,24,
twins_pcpvt_small,64,64,fp16,9.883631706237791,False,NVIDIA_GeForce_RTX_4090,24,
twins_pcpvt_small,64,64,fp32,12.76416015625,False,NVIDIA_GeForce_RTX_4090,24,
twins_pcpvt_small,128,16,bf16,9.185791969299316,False,NVIDIA_GeForce_RTX_4090,24,
twins_pcpvt_small,128,16,fp16,9.135104179382324,False,NVIDIA_GeForce_RTX_4090,24,
twins_pcpvt_small,128,16,fp32,12.742143630981444,False,NVIDIA_GeForce_RTX_4090,24,
twins_pcpvt_small,128,32,bf16,12.723711967468262,False,NVIDIA_GeForce_RTX_4090,24,
twins_pcpvt_small,128,32,fp16,12.094464302062988,False,NVIDIA_GeForce_RTX_4090,24,
twins_pcpvt_small,128,32,fp32,19.93471908569336,False,NVIDIA_GeForce_RTX_4090,24,
twins_pcpvt_small,128,64,bf16,19.904447555541992,False,NVIDIA_GeForce_RTX_4090,24,
twins_pcpvt_small,128,64,fp16,19.86969566345215,False,NVIDIA_GeForce_RTX_4090,24,
twins_pcpvt_small,128,64,fp32,35.38790512084961,False,NVIDIA_GeForce_RTX_4090,24,
twins_pcpvt_small,224,16,bf16,16.80019187927246,False,NVIDIA_GeForce_RTX_4090,24,
twins_pcpvt_small,224,16,fp16,16.710079193115234,False,NVIDIA_GeForce_RTX_4090,24,
twins_pcpvt_small,224,16,fp32,30.94113540649414,False,NVIDIA_GeForce_RTX_4090,24,
twins_pcpvt_small,224,32,bf16,26.22822380065918,False,NVIDIA_GeForce_RTX_4090,24,
twins_pcpvt_small,224,32,fp16,26.32755279541016,False,NVIDIA_GeForce_RTX_4090,24,
twins_pcpvt_small,224,32,fp32,51.66592025756836,False,NVIDIA_GeForce_RTX_4090,24,
twins_pcpvt_small,224,64,bf16,51.58399963378906,False,NVIDIA_GeForce_RTX_4090,24,
twins_pcpvt_small,224,64,fp16,51.979774475097656,False,NVIDIA_GeForce_RTX_4090,24,
twins_pcpvt_small,224,64,fp32,96.96511840820312,False,NVIDIA_GeForce_RTX_4090,24,
twins_svt_small,64,16,bf16,8.248319625854492,False,NVIDIA_GeForce_RTX_4090,24,
twins_svt_small,64,16,fp16,6.5920000076293945,False,NVIDIA_GeForce_RTX_4090,24,
twins_svt_small,64,16,fp32,12.678144454956056,False,NVIDIA_GeForce_RTX_4090,24,
twins_svt_small,64,32,bf16,9.0316801071167,False,NVIDIA_GeForce_RTX_4090,24,
twins_svt_small,64,32,fp16,8.144384384155273,False,NVIDIA_GeForce_RTX_4090,24,
twins_svt_small,64,32,fp32,9.612784385681152,False,NVIDIA_GeForce_RTX_4090,24,
twins_svt_small,64,64,bf16,11.325440406799316,False,NVIDIA_GeForce_RTX_4090,24,
twins_svt_small,64,64,fp16,11.32595157623291,False,NVIDIA_GeForce_RTX_4090,24,
twins_svt_small,64,64,fp32,14.327296257019045,False,NVIDIA_GeForce_RTX_4090,24,
twins_svt_small,128,16,bf16,9.704959869384766,False,NVIDIA_GeForce_RTX_4090,24,
twins_svt_small,128,16,fp16,9.670144081115724,False,NVIDIA_GeForce_RTX_4090,24,
twins_svt_small,128,16,fp32,12.389375686645508,False,NVIDIA_GeForce_RTX_4090,24,
twins_svt_small,128,32,bf16,13.97657585144043,False,NVIDIA_GeForce_RTX_4090,24,
twins_svt_small,128,32,fp16,13.980159759521484,False,NVIDIA_GeForce_RTX_4090,24,
twins_svt_small,128,32,fp32,19.95724868774414,False,NVIDIA_GeForce_RTX_4090,24,
twins_svt_small,128,64,bf16,23.84435272216797,False,NVIDIA_GeForce_RTX_4090,24,
twins_svt_small,128,64,fp16,23.950336456298828,False,NVIDIA_GeForce_RTX_4090,24,
twins_svt_small,128,64,fp32,34.58867263793945,False,NVIDIA_GeForce_RTX_4090,24,
twins_svt_small,224,16,bf16,15.248895645141602,False,NVIDIA_GeForce_RTX_4090,24,
twins_svt_small,224,16,fp16,15.331328392028809,False,NVIDIA_GeForce_RTX_4090,24,
twins_svt_small,224,16,fp32,23.25145530700684,False,NVIDIA_GeForce_RTX_4090,24,
twins_svt_small,224,32,bf16,24.51353645324707,False,NVIDIA_GeForce_RTX_4090,24,
twins_svt_small,224,32,fp16,24.625152587890625,False,NVIDIA_GeForce_RTX_4090,24,
twins_svt_small,224,32,fp32,41.158145904541016,False,NVIDIA_GeForce_RTX_4090,24,
twins_svt_small,224,64,bf16,48.1054573059082,False,NVIDIA_GeForce_RTX_4090,24,
twins_svt_small,224,64,fp16,48.34713745117188,False,NVIDIA_GeForce_RTX_4090,24,
twins_svt_small,224,64,fp32,79.18998718261719,False,NVIDIA_GeForce_RTX_4090,24,
vit_base_patch16_224,64,16,bf16,8.222208023071289,False,NVIDIA_GeForce_RTX_4090,24,
vit_base_patch16_224,64,16,fp16,8.240639686584473,False,NVIDIA_GeForce_RTX_4090,24,
vit_base_patch16_224,64,16,fp32,10.983424186706545,False,NVIDIA_GeForce_RTX_4090,24,
vit_base_patch16_224,64,32,bf16,9.661439895629885,False,NVIDIA_GeForce_RTX_4090,24,
vit_base_patch16_224,64,32,fp16,9.61894416809082,False,NVIDIA_GeForce_RTX_4090,24,
vit_base_patch16_224,64,32,fp32,15.67846393585205,False,NVIDIA_GeForce_RTX_4090,24,
vit_base_patch16_224,64,64,bf16,12.67144012451172,False,NVIDIA_GeForce_RTX_4090,24,
vit_base_patch16_224,64,64,fp16,12.752384185791016,False,NVIDIA_GeForce_RTX_4090,24,
vit_base_patch16_224,64,64,fp32,23.319551467895508,False,NVIDIA_GeForce_RTX_4090,24,
vit_base_patch16_224,128,16,bf16,12.0381441116333,False,NVIDIA_GeForce_RTX_4090,24,
vit_base_patch16_224,128,16,fp16,12.051456451416016,False,NVIDIA_GeForce_RTX_4090,24,
vit_base_patch16_224,128,16,fp32,23.470592498779297,False,NVIDIA_GeForce_RTX_4090,24,
vit_base_patch16_224,128,32,bf16,17.123327255249023,False,NVIDIA_GeForce_RTX_4090,24,
vit_base_patch16_224,128,32,fp16,17.177600860595703,False,NVIDIA_GeForce_RTX_4090,24,
vit_base_patch16_224,128,32,fp32,38.187950134277344,False,NVIDIA_GeForce_RTX_4090,24,
vit_base_patch16_224,128,64,bf16,27.507200241088867,False,NVIDIA_GeForce_RTX_4090,24,
vit_base_patch16_224,128,64,fp16,27.87529563903809,False,NVIDIA_GeForce_RTX_4090,24,
vit_base_patch16_224,128,64,fp32,71.3697280883789,False,NVIDIA_GeForce_RTX_4090,24,
vit_base_patch16_224,224,16,bf16,22.425600051879883,False,NVIDIA_GeForce_RTX_4090,24,
vit_base_patch16_224,224,16,fp16,22.617088317871094,False,NVIDIA_GeForce_RTX_4090,24,
vit_base_patch16_224,224,16,fp32,55.79264068603516,False,NVIDIA_GeForce_RTX_4090,24,
vit_base_patch16_224,224,32,bf16,39.11065673828125,False,NVIDIA_GeForce_RTX_4090,24,
vit_base_patch16_224,224,32,fp16,38.42969512939453,False,NVIDIA_GeForce_RTX_4090,24,
vit_base_patch16_224,224,32,fp32,104.2236785888672,False,NVIDIA_GeForce_RTX_4090,24,
vit_base_patch16_224,224,64,bf16,77.69190216064453,False,NVIDIA_GeForce_RTX_4090,24,
vit_base_patch16_224,224,64,fp16,76.36326599121094,False,NVIDIA_GeForce_RTX_4090,24,
vit_base_patch16_224,224,64,fp32,210.43711853027344,False,NVIDIA_GeForce_RTX_4090,24,
vit_large_patch16_224,64,16,bf16,25.55076789855957,False,NVIDIA_GeForce_RTX_4090,24,
vit_large_patch16_224,64,16,fp16,25.751039505004883,False,NVIDIA_GeForce_RTX_4090,24,
vit_large_patch16_224,64,16,fp32,33.71878433227539,False,NVIDIA_GeForce_RTX_4090,24,
vit_large_patch16_224,64,32,bf16,30.18487930297852,False,NVIDIA_GeForce_RTX_4090,24,
vit_large_patch16_224,64,32,fp16,30.294527053833008,False,NVIDIA_GeForce_RTX_4090,24,
vit_large_patch16_224,64,32,fp32,46.20953750610352,False,NVIDIA_GeForce_RTX_4090,24,
vit_large_patch16_224,64,64,bf16,39.16950225830078,False,NVIDIA_GeForce_RTX_4090,24,
vit_large_patch16_224,64,64,fp16,39.373313903808594,False,NVIDIA_GeForce_RTX_4090,24,
vit_large_patch16_224,64,64,fp32,71.41836547851562,False,NVIDIA_GeForce_RTX_4090,24,
vit_large_patch16_224,128,16,bf16,37.14048004150391,False,NVIDIA_GeForce_RTX_4090,24,
vit_large_patch16_224,128,16,fp16,37.554176330566406,False,NVIDIA_GeForce_RTX_4090,24,
vit_large_patch16_224,128,16,fp32,71.28832244873047,False,NVIDIA_GeForce_RTX_4090,24,
vit_large_patch16_224,128,32,bf16,52.740047454833984,False,NVIDIA_GeForce_RTX_4090,24,
vit_large_patch16_224,128,32,fp16,53.86444854736328,False,NVIDIA_GeForce_RTX_4090,24,
vit_large_patch16_224,128,32,fp32,121.0214385986328,False,NVIDIA_GeForce_RTX_4090,24,
vit_large_patch16_224,128,64,bf16,87.61036682128906,False,NVIDIA_GeForce_RTX_4090,24,
vit_large_patch16_224,128,64,fp16,88.29491424560547,False,NVIDIA_GeForce_RTX_4090,24,
vit_large_patch16_224,128,64,fp32,221.49375915527344,False,NVIDIA_GeForce_RTX_4090,24,
vit_large_patch16_224,224,16,bf16,70.13478088378906,False,NVIDIA_GeForce_RTX_4090,24,
vit_large_patch16_224,224,16,fp16,71.7127685546875,False,NVIDIA_GeForce_RTX_4090,24,
vit_large_patch16_224,224,16,fp32,171.89581298828125,False,NVIDIA_GeForce_RTX_4090,24,
vit_large_patch16_224,224,32,bf16,128.1960906982422,False,NVIDIA_GeForce_RTX_4090,24,
vit_large_patch16_224,224,32,fp16,126.0753936767578,False,NVIDIA_GeForce_RTX_4090,24,
vit_large_patch16_224,224,32,fp32,340.4712829589844,False,NVIDIA_GeForce_RTX_4090,24,
vit_large_patch16_224,224,64,bf16,252.3796539306641,False,NVIDIA_GeForce_RTX_4090,24,
vit_large_patch16_224,224,64,fp16,248.03890991210935,False,NVIDIA_GeForce_RTX_4090,24,
vit_large_patch16_224,224,64,fp32,7503.93701171875,False,NVIDIA_GeForce_RTX_4090,24,precision_artifact
vit_small_patch16_224,64,16,bf16,3.545599937438965,False,NVIDIA_GeForce_RTX_4090,24,
vit_small_patch16_224,64,16,fp16,3.5681281089782715,False,NVIDIA_GeForce_RTX_4090,24,
vit_small_patch16_224,64,16,fp32,4.630527973175049,False,NVIDIA_GeForce_RTX_4090,24,
vit_small_patch16_224,64,32,bf16,4.40883207321167,False,NVIDIA_GeForce_RTX_4090,24,
vit_small_patch16_224,64,32,fp16,4.246528148651123,False,NVIDIA_GeForce_RTX_4090,24,
vit_small_patch16_224,64,32,fp32,6.089727878570557,False,NVIDIA_GeForce_RTX_4090,24,
vit_small_patch16_224,64,64,bf16,5.237247943878174,False,NVIDIA_GeForce_RTX_4090,24,
vit_small_patch16_224,64,64,fp16,5.315584182739258,False,NVIDIA_GeForce_RTX_4090,24,
vit_small_patch16_224,64,64,fp32,9.811455726623535,False,NVIDIA_GeForce_RTX_4090,24,
vit_small_patch16_224,128,16,bf16,5.15123176574707,False,NVIDIA_GeForce_RTX_4090,24,
vit_small_patch16_224,128,16,fp16,4.956111907958984,False,NVIDIA_GeForce_RTX_4090,24,
vit_small_patch16_224,128,16,fp32,9.237504005432127,False,NVIDIA_GeForce_RTX_4090,24,
vit_small_patch16_224,128,32,bf16,6.840832233428955,False,NVIDIA_GeForce_RTX_4090,24,
vit_small_patch16_224,128,32,fp16,6.69542407989502,False,NVIDIA_GeForce_RTX_4090,24,
vit_small_patch16_224,128,32,fp32,13.621760368347168,False,NVIDIA_GeForce_RTX_4090,24,
vit_small_patch16_224,128,64,bf16,10.04697608947754,False,NVIDIA_GeForce_RTX_4090,24,
vit_small_patch16_224,128,64,fp16,10.21388816833496,False,NVIDIA_GeForce_RTX_4090,24,
vit_small_patch16_224,128,64,fp32,23.80031967163086,False,NVIDIA_GeForce_RTX_4090,24,
vit_small_patch16_224,224,16,bf16,8.654335975646973,False,NVIDIA_GeForce_RTX_4090,24,
vit_small_patch16_224,224,16,fp16,8.772607803344727,False,NVIDIA_GeForce_RTX_4090,24,
vit_small_patch16_224,224,16,fp32,20.193279266357425,False,NVIDIA_GeForce_RTX_4090,24,
vit_small_patch16_224,224,32,bf16,14.226431846618652,False,NVIDIA_GeForce_RTX_4090,24,
vit_small_patch16_224,224,32,fp16,14.19315242767334,False,NVIDIA_GeForce_RTX_4090,24,
vit_small_patch16_224,224,32,fp32,36.32179260253906,False,NVIDIA_GeForce_RTX_4090,24,
vit_small_patch16_224,224,64,bf16,25.84012794494629,False,NVIDIA_GeForce_RTX_4090,24,
vit_small_patch16_224,224,64,fp16,26.35264015197754,False,NVIDIA_GeForce_RTX_4090,24,
vit_small_patch16_224,224,64,fp32,69.89926147460938,False,NVIDIA_GeForce_RTX_4090,24,
vit_tiny_patch16_224,64,16,bf16,2.3946239948272705,False,NVIDIA_GeForce_RTX_4090,24,
vit_tiny_patch16_224,64,16,fp16,2.243583917617798,False,NVIDIA_GeForce_RTX_4090,24,
vit_tiny_patch16_224,64,16,fp32,2.451456069946289,False,NVIDIA_GeForce_RTX_4090,24,
vit_tiny_patch16_224,64,32,bf16,3.317728042602539,False,NVIDIA_GeForce_RTX_4090,24,
vit_tiny_patch16_224,64,32,fp16,3.65670394897461,False,NVIDIA_GeForce_RTX_4090,24,
vit_tiny_patch16_224,64,32,fp32,3.8655519485473633,False,NVIDIA_GeForce_RTX_4090,24,
vit_tiny_patch16_224,64,64,bf16,4.0518717765808105,False,NVIDIA_GeForce_RTX_4090,24,
vit_tiny_patch16_224,64,64,fp16,3.685823917388916,False,NVIDIA_GeForce_RTX_4090,24,
vit_tiny_patch16_224,64,64,fp32,4.7672319412231445,False,NVIDIA_GeForce_RTX_4090,24,
vit_tiny_patch16_224,128,16,bf16,3.057055950164795,False,NVIDIA_GeForce_RTX_4090,24,
vit_tiny_patch16_224,128,16,fp16,4.026879787445068,False,NVIDIA_GeForce_RTX_4090,24,
vit_tiny_patch16_224,128,16,fp32,4.3724799156188965,False,NVIDIA_GeForce_RTX_4090,24,
vit_tiny_patch16_224,128,32,bf16,4.056064128875732,False,NVIDIA_GeForce_RTX_4090,24,
vit_tiny_patch16_224,128,32,fp16,4.024831771850586,False,NVIDIA_GeForce_RTX_4090,24,
vit_tiny_patch16_224,128,32,fp32,6.509056091308594,False,NVIDIA_GeForce_RTX_4090,24,
vit_tiny_patch16_224,128,64,bf16,5.106688022613525,False,NVIDIA_GeForce_RTX_4090,24,
vit_tiny_patch16_224,128,64,fp16,5.138432025909424,False,NVIDIA_GeForce_RTX_4090,24,
vit_tiny_patch16_224,128,64,fp32,10.253824234008787,False,NVIDIA_GeForce_RTX_4090,24,
vit_tiny_patch16_224,224,16,bf16,4.645887851715088,False,NVIDIA_GeForce_RTX_4090,24,
vit_tiny_patch16_224,224,16,fp16,4.541440010070801,False,NVIDIA_GeForce_RTX_4090,24,
vit_tiny_patch16_224,224,16,fp32,9.356287956237791,False,NVIDIA_GeForce_RTX_4090,24,
vit_tiny_patch16_224,224,32,bf16,6.945231914520264,False,NVIDIA_GeForce_RTX_4090,24,
vit_tiny_patch16_224,224,32,fp16,6.939136028289795,False,NVIDIA_GeForce_RTX_4090,24,
vit_tiny_patch16_224,224,32,fp32,15.263744354248049,False,NVIDIA_GeForce_RTX_4090,24,
vit_tiny_patch16_224,224,64,bf16,11.899904251098633,False,NVIDIA_GeForce_RTX_4090,24,
vit_tiny_patch16_224,224,64,fp16,11.820032119750977,False,NVIDIA_GeForce_RTX_4090,24,
vit_tiny_patch16_224,224,64,fp32,28.533248901367188,False,NVIDIA_GeForce_RTX_4090,24,
wide_resnet101_2,64,16,bf16,17.82476806640625,False,NVIDIA_GeForce_RTX_4090,24,
wide_resnet101_2,64,16,fp16,17.392127990722656,False,NVIDIA_GeForce_RTX_4090,24,
wide_resnet101_2,64,16,fp32,21.35807991027832,False,NVIDIA_GeForce_RTX_4090,24,
wide_resnet101_2,64,32,bf16,22.60268783569336,False,NVIDIA_GeForce_RTX_4090,24,
wide_resnet101_2,64,32,fp16,21.64731216430664,False,NVIDIA_GeForce_RTX_4090,24,
wide_resnet101_2,64,32,fp32,28.100608825683597,False,NVIDIA_GeForce_RTX_4090,24,
wide_resnet101_2,64,64,bf16,32.34560012817383,False,NVIDIA_GeForce_RTX_4090,24,
wide_resnet101_2,64,64,fp16,30.497791290283203,False,NVIDIA_GeForce_RTX_4090,24,
wide_resnet101_2,64,64,fp32,32.81919860839844,False,NVIDIA_GeForce_RTX_4090,24,
wide_resnet101_2,128,16,bf16,21.40620803833008,False,NVIDIA_GeForce_RTX_4090,24,
wide_resnet101_2,128,16,fp16,20.43852806091309,False,NVIDIA_GeForce_RTX_4090,24,
wide_resnet101_2,128,16,fp32,26.86361694335937,False,NVIDIA_GeForce_RTX_4090,24,
wide_resnet101_2,128,32,bf16,32.43307113647461,False,NVIDIA_GeForce_RTX_4090,24,
wide_resnet101_2,128,32,fp16,30.85619163513184,False,NVIDIA_GeForce_RTX_4090,24,
wide_resnet101_2,128,32,fp32,42.91681671142578,False,NVIDIA_GeForce_RTX_4090,24,
wide_resnet101_2,128,64,bf16,51.10067367553711,False,NVIDIA_GeForce_RTX_4090,24,
wide_resnet101_2,128,64,fp16,48.0629768371582,False,NVIDIA_GeForce_RTX_4090,24,
wide_resnet101_2,128,64,fp32,74.91840362548828,False,NVIDIA_GeForce_RTX_4090,24,
wide_resnet101_2,224,16,bf16,37.80710220336914,False,NVIDIA_GeForce_RTX_4090,24,
wide_resnet101_2,224,16,fp16,36.14201736450195,False,NVIDIA_GeForce_RTX_4090,24,
wide_resnet101_2,224,16,fp32,63.365631103515625,False,NVIDIA_GeForce_RTX_4090,24,
wide_resnet101_2,224,32,bf16,66.81190490722656,False,NVIDIA_GeForce_RTX_4090,24,
wide_resnet101_2,224,32,fp16,63.64057540893555,False,NVIDIA_GeForce_RTX_4090,24,
wide_resnet101_2,224,32,fp32,121.33529663085938,False,NVIDIA_GeForce_RTX_4090,24,
wide_resnet101_2,224,64,bf16,128.52377319335938,False,NVIDIA_GeForce_RTX_4090,24,
wide_resnet101_2,224,64,fp16,121.50323486328124,False,NVIDIA_GeForce_RTX_4090,24,
wide_resnet101_2,224,64,fp32,239.0502471923828,False,NVIDIA_GeForce_RTX_4090,24,
xcit_small_12_p16_224,64,16,bf16,8.515583992004395,False,NVIDIA_GeForce_RTX_4090,24,
xcit_small_12_p16_224,64,16,fp16,7.454207897186279,False,NVIDIA_GeForce_RTX_4090,24,
xcit_small_12_p16_224,64,16,fp32,8.354816436767578,False,NVIDIA_GeForce_RTX_4090,24,
xcit_small_12_p16_224,64,32,bf16,8.986111640930176,False,NVIDIA_GeForce_RTX_4090,24,
xcit_small_12_p16_224,64,32,fp16,8.698880195617676,False,NVIDIA_GeForce_RTX_4090,24,
xcit_small_12_p16_224,64,32,fp32,10.676159858703612,False,NVIDIA_GeForce_RTX_4090,24,
xcit_small_12_p16_224,64,64,bf16,10.505215644836426,False,NVIDIA_GeForce_RTX_4090,24,
xcit_small_12_p16_224,64,64,fp16,13.49785614013672,False,NVIDIA_GeForce_RTX_4090,24,
xcit_small_12_p16_224,64,64,fp32,14.659071922302246,False,NVIDIA_GeForce_RTX_4090,24,
xcit_small_12_p16_224,128,16,bf16,10.890751838684082,False,NVIDIA_GeForce_RTX_4090,24,
xcit_small_12_p16_224,128,16,fp16,11.197440147399902,False,NVIDIA_GeForce_RTX_4090,24,
xcit_small_12_p16_224,128,16,fp32,13.957088470458984,False,NVIDIA_GeForce_RTX_4090,24,
xcit_small_12_p16_224,128,32,bf16,14.118911743164062,False,NVIDIA_GeForce_RTX_4090,24,
xcit_small_12_p16_224,128,32,fp16,14.096896171569824,False,NVIDIA_GeForce_RTX_4090,24,
xcit_small_12_p16_224,128,32,fp32,20.491775512695312,False,NVIDIA_GeForce_RTX_4090,24,
xcit_small_12_p16_224,128,64,bf16,21.28179168701172,False,NVIDIA_GeForce_RTX_4090,24,
xcit_small_12_p16_224,128,64,fp16,20.81996726989746,False,NVIDIA_GeForce_RTX_4090,24,
xcit_small_12_p16_224,128,64,fp32,34.25331115722656,False,NVIDIA_GeForce_RTX_4090,24,
xcit_small_12_p16_224,224,16,bf16,18.47398376464844,False,NVIDIA_GeForce_RTX_4090,24,
xcit_small_12_p16_224,224,16,fp16,18.27020835876465,False,NVIDIA_GeForce_RTX_4090,24,
xcit_small_12_p16_224,224,16,fp32,28.64891242980957,False,NVIDIA_GeForce_RTX_4090,24,
xcit_small_12_p16_224,224,32,bf16,31.029760360717773,False,NVIDIA_GeForce_RTX_4090,24,
xcit_small_12_p16_224,224,32,fp16,30.527999877929688,False,NVIDIA_GeForce_RTX_4090,24,
xcit_small_12_p16_224,224,32,fp32,50.601470947265625,False,NVIDIA_GeForce_RTX_4090,24,
xcit_small_12_p16_224,224,64,bf16,59.23686218261719,False,NVIDIA_GeForce_RTX_4090,24,
xcit_small_12_p16_224,224,64,fp16,58.82777786254883,False,NVIDIA_GeForce_RTX_4090,24,
xcit_small_12_p16_224,224,64,fp32,98.1775360107422,False,NVIDIA_GeForce_RTX_4090,24,
xcit_tiny_12_p16_224,64,16,bf16,6.281216144561768,False,NVIDIA_GeForce_RTX_4090,24,
xcit_tiny_12_p16_224,64,16,fp16,6.280191898345947,False,NVIDIA_GeForce_RTX_4090,24,
xcit_tiny_12_p16_224,64,16,fp32,6.412799835205078,False,NVIDIA_GeForce_RTX_4090,24,
xcit_tiny_12_p16_224,64,32,bf16,6.965248107910156,False,NVIDIA_GeForce_RTX_4090,24,
xcit_tiny_12_p16_224,64,32,fp16,6.614992141723633,False,NVIDIA_GeForce_RTX_4090,24,
xcit_tiny_12_p16_224,64,32,fp32,6.866432189941406,False,NVIDIA_GeForce_RTX_4090,24,
xcit_tiny_12_p16_224,64,64,bf16,7.898111820220947,False,NVIDIA_GeForce_RTX_4090,24,
xcit_tiny_12_p16_224,64,64,fp16,7.732736110687256,False,NVIDIA_GeForce_RTX_4090,24,
xcit_tiny_12_p16_224,64,64,fp32,8.336895942687988,False,NVIDIA_GeForce_RTX_4090,24,
xcit_tiny_12_p16_224,128,16,bf16,7.815680027008057,False,NVIDIA_GeForce_RTX_4090,24,
xcit_tiny_12_p16_224,128,16,fp16,8.333312034606934,False,NVIDIA_GeForce_RTX_4090,24,
xcit_tiny_12_p16_224,128,16,fp32,8.149503707885742,False,NVIDIA_GeForce_RTX_4090,24,
xcit_tiny_12_p16_224,128,32,bf16,9.247743606567385,False,NVIDIA_GeForce_RTX_4090,24,
xcit_tiny_12_p16_224,128,32,fp16,13.683199882507324,False,NVIDIA_GeForce_RTX_4090,24,
xcit_tiny_12_p16_224,128,32,fp32,12.261887550354004,False,NVIDIA_GeForce_RTX_4090,24,
xcit_tiny_12_p16_224,128,64,bf16,12.24396800994873,False,NVIDIA_GeForce_RTX_4090,24,
xcit_tiny_12_p16_224,128,64,fp16,14.928895950317385,False,NVIDIA_GeForce_RTX_4090,24,
xcit_tiny_12_p16_224,128,64,fp32,16.290815353393555,False,NVIDIA_GeForce_RTX_4090,24,
xcit_tiny_12_p16_224,224,16,bf16,11.043328285217283,False,NVIDIA_GeForce_RTX_4090,24,
xcit_tiny_12_p16_224,224,16,fp16,10.862079620361328,False,NVIDIA_GeForce_RTX_4090,24,
xcit_tiny_12_p16_224,224,16,fp32,14.420991897583008,False,NVIDIA_GeForce_RTX_4090,24,
xcit_tiny_12_p16_224,224,32,bf16,16.70195198059082,False,NVIDIA_GeForce_RTX_4090,24,
xcit_tiny_12_p16_224,224,32,fp16,16.224767684936523,False,NVIDIA_GeForce_RTX_4090,24,
xcit_tiny_12_p16_224,224,32,fp32,23.170560836791992,False,NVIDIA_GeForce_RTX_4090,24,
xcit_tiny_12_p16_224,224,64,bf16,29.353471755981445,False,NVIDIA_GeForce_RTX_4090,24,
xcit_tiny_12_p16_224,224,64,fp16,28.381696701049805,False,NVIDIA_GeForce_RTX_4090,24,
xcit_tiny_12_p16_224,224,64,fp32,42.5799674987793,False,NVIDIA_GeForce_RTX_4090,24,
