model,img_size,batch_size,precision,avg_time_ms,oom,gpu,vram_gb,cleanup
beit_large_patch16_224,64,16,bf16,76.98892974853516,False,NVIDIA_GeForce_RTX_3070,8,
beit_large_patch16_224,64,16,fp16,75.54300689697266,False,NVIDIA_GeForce_RTX_3070,8,
beit_large_patch16_224,64,16,fp32,98.50667572021484,False,NVIDIA_GeForce_RTX_3070,8,
beit_large_patch16_224,64,32,bf16,93.16710662841795,False,NVIDIA_GeForce_RTX_3070,8,
beit_large_patch16_224,64,32,fp16,95.478271484375,False,NVIDIA_GeForce_RTX_3070,8,
beit_large_patch16_224,64,32,fp32,148.71603393554688,False,NVIDIA_GeForce_RTX_3070,8,
beit_large_patch16_224,64,64,bf16,134.82138061523438,False,NVIDIA_GeForce_RTX_3070,8,
beit_large_patch16_224,64,64,fp16,140.11639404296875,False,NVIDIA_GeForce_RTX_3070,8,
beit_large_patch16_224,64,64,fp32,240.2896270751953,False,NVIDIA_GeForce_RTX_3070,8,
beit_large_patch16_224,128,16,bf16,135.28472900390625,False,NVIDIA_GeForce_RTX_3070,8,
beit_large_patch16_224,128,16,fp16,140.7641143798828,False,NVIDIA_GeForce_RTX_3070,8,
beit_large_patch16_224,128,16,fp32,241.4633026123047,False,NVIDIA_GeForce_RTX_3070,8,
beit_large_patch16_224,128,32,bf16,,True,NVIDIA_GeForce_RTX_3070,8,
beit_large_patch16_224,128,32,fp16,,True,NVIDIA_GeForce_RTX_3070,8,
beit_large_patch16_224,128,32,fp32,,True,NVIDIA_GeForce_RTX_3070,8,
beit_large_patch16_224,128,64,bf16,,True,NVIDIA_GeForce_RTX_3070,8,
beit_large_patch16_224,128,64,fp16,,True,NVIDIA_GeForce_RTX_3070,8,
beit_large_patch16_224,128,64,fp32,,True,NVIDIA_GeForce_RTX_3070,8,
beit_large_patch16_224,224,16,bf16,,True,NVIDIA_GeForce_RTX_3070,8,
beit_large_patch16_224,224,16,fp16,,True,NVIDIA_GeForce_RTX_3070,8,
beit_large_patch16_224,224,16,fp32,,True,NVIDIA_GeForce_RTX_3070,8,
beit_large_patch16_224,224,32,bf16,,True,NVIDIA_GeForce_RTX_3070,8,
beit_large_patch16_224,224,32,fp16,,True,NVIDIA_GeForce_RTX_3070,8,
beit_large_patch16_224,224,32,fp32,,True,NVIDIA_GeForce_RTX_3070,8,
beit_large_patch16_224,224,64,bf16,,True,NVIDIA_GeForce_RTX_3070,8,
beit_large_patch16_224,224,64,fp16,,True,NVIDIA_GeForce_RTX_3070,8,
beit_large_patch16_224,224,64,fp32,,True,NVIDIA_GeForce_RTX_3070,8,
coatnet_0_rw_224,64,16,bf16,10.793312072753906,False,NVIDIA_GeForce_RTX_3070,8,
coatnet_0_rw_224,64,16,fp16,9.878527641296388,False,NVIDIA_GeForce_RTX_3070,8,
coatnet_0_rw_224,64,16,fp32,13.410240173339844,False,NVIDIA_GeForce_RTX_3070,8,
coatnet_0_rw_224,64,32,bf16,15.207903861999512,False,NVIDIA_GeForce_RTX_3070,8,
coatnet_0_rw_224,64,32,fp16,13.692336082458496,False,NVIDIA_GeForce_RTX_3070,8,
coatnet_0_rw_224,64,32,fp32,21.03193664550781,False,NVIDIA_GeForce_RTX_3070,8,
coatnet_0_rw_224,64,64,bf16,23.93446350097656,False,NVIDIA_GeForce_RTX_3070,8,
coatnet_0_rw_224,64,64,fp16,20.88857650756836,False,NVIDIA_GeForce_RTX_3070,8,
coatnet_0_rw_224,64,64,fp32,36.21478271484375,False,NVIDIA_GeForce_RTX_3070,8,
coatnet_0_rw_224,128,16,bf16,22.8408317565918,False,NVIDIA_GeForce_RTX_3070,8,
coatnet_0_rw_224,128,16,fp16,20.704191207885746,False,NVIDIA_GeForce_RTX_3070,8,
coatnet_0_rw_224,128,16,fp32,32.66960144042969,False,NVIDIA_GeForce_RTX_3070,8,
coatnet_0_rw_224,128,32,bf16,39.81670379638672,False,NVIDIA_GeForce_RTX_3070,8,
coatnet_0_rw_224,128,32,fp16,34.61376190185547,False,NVIDIA_GeForce_RTX_3070,8,
coatnet_0_rw_224,128,32,fp32,59.57734298706055,False,NVIDIA_GeForce_RTX_3070,8,
coatnet_0_rw_224,128,64,bf16,72.052734375,False,NVIDIA_GeForce_RTX_3070,8,
coatnet_0_rw_224,128,64,fp16,63.38351821899414,False,NVIDIA_GeForce_RTX_3070,8,
coatnet_0_rw_224,128,64,fp32,114.1217269897461,False,NVIDIA_GeForce_RTX_3070,8,
coatnet_0_rw_224,224,16,bf16,60.46771240234375,False,NVIDIA_GeForce_RTX_3070,8,
coatnet_0_rw_224,224,16,fp16,54.457855224609375,False,NVIDIA_GeForce_RTX_3070,8,
coatnet_0_rw_224,224,16,fp32,99.7017593383789,False,NVIDIA_GeForce_RTX_3070,8,
coatnet_0_rw_224,224,32,bf16,112.2380828857422,False,NVIDIA_GeForce_RTX_3070,8,
coatnet_0_rw_224,224,32,fp16,99.04730987548828,False,NVIDIA_GeForce_RTX_3070,8,
coatnet_0_rw_224,224,32,fp32,189.8690490722656,False,NVIDIA_GeForce_RTX_3070,8,
coatnet_0_rw_224,224,64,bf16,430.45989990234375,False,NVIDIA_GeForce_RTX_3070,8,
coatnet_0_rw_224,224,64,fp16,390.1649169921875,False,NVIDIA_GeForce_RTX_3070,8,
coatnet_0_rw_224,224,64,fp32,,True,NVIDIA_GeForce_RTX_3070,8,
coatnet_1_rw_224,64,16,bf16,17.688575744628906,False,NVIDIA_GeForce_RTX_3070,8,
coatnet_1_rw_224,64,16,fp16,16.862207412719727,False,NVIDIA_GeForce_RTX_3070,8,
coatnet_1_rw_224,64,16,fp32,27.09862327575684,False,NVIDIA_GeForce_RTX_3070,8,
coatnet_1_rw_224,64,32,bf16,25.172992706298828,False,NVIDIA_GeForce_RTX_3070,8,
coatnet_1_rw_224,64,32,fp16,22.908416748046875,False,NVIDIA_GeForce_RTX_3070,8,
coatnet_1_rw_224,64,32,fp32,36.02739334106445,False,NVIDIA_GeForce_RTX_3070,8,
coatnet_1_rw_224,64,64,bf16,40.392704010009766,False,NVIDIA_GeForce_RTX_3070,8,
coatnet_1_rw_224,64,64,fp16,35.578880310058594,False,NVIDIA_GeForce_RTX_3070,8,
coatnet_1_rw_224,64,64,fp32,61.65350341796875,False,NVIDIA_GeForce_RTX_3070,8,
coatnet_1_rw_224,128,16,bf16,38.58943939208984,False,NVIDIA_GeForce_RTX_3070,8,
coatnet_1_rw_224,128,16,fp16,34.35929489135742,False,NVIDIA_GeForce_RTX_3070,8,
coatnet_1_rw_224,128,16,fp32,56.43366241455078,False,NVIDIA_GeForce_RTX_3070,8,
coatnet_1_rw_224,128,32,bf16,67.2174072265625,False,NVIDIA_GeForce_RTX_3070,8,
coatnet_1_rw_224,128,32,fp16,60.2239990234375,False,NVIDIA_GeForce_RTX_3070,8,
coatnet_1_rw_224,128,32,fp32,103.91910552978516,False,NVIDIA_GeForce_RTX_3070,8,
coatnet_1_rw_224,128,64,bf16,122.58099365234376,False,NVIDIA_GeForce_RTX_3070,8,
coatnet_1_rw_224,128,64,fp16,109.57054138183594,False,NVIDIA_GeForce_RTX_3070,8,
coatnet_1_rw_224,128,64,fp32,,True,NVIDIA_GeForce_RTX_3070,8,
coatnet_1_rw_224,224,16,bf16,104.06092834472656,False,NVIDIA_GeForce_RTX_3070,8,
coatnet_1_rw_224,224,16,fp16,96.2595672607422,False,NVIDIA_GeForce_RTX_3070,8,
coatnet_1_rw_224,224,16,fp32,177.982421875,False,NVIDIA_GeForce_RTX_3070,8,
coatnet_1_rw_224,224,32,bf16,195.8270263671875,False,NVIDIA_GeForce_RTX_3070,8,
coatnet_1_rw_224,224,32,fp16,176.67430114746094,False,NVIDIA_GeForce_RTX_3070,8,
coatnet_1_rw_224,224,32,fp32,,True,NVIDIA_GeForce_RTX_3070,8,
coatnet_1_rw_224,224,64,bf16,,True,NVIDIA_GeForce_RTX_3070,8,
coatnet_1_rw_224,224,64,fp16,,True,NVIDIA_GeForce_RTX_3070,8,
coatnet_1_rw_224,224,64,fp32,,True,NVIDIA_GeForce_RTX_3070,8,
coatnet_2_rw_224,64,16,bf16,27.116544723510746,False,NVIDIA_GeForce_RTX_3070,8,
coatnet_2_rw_224,64,16,fp16,25.321935653686523,False,NVIDIA_GeForce_RTX_3070,8,
coatnet_2_rw_224,64,16,fp32,33.054080963134766,False,NVIDIA_GeForce_RTX_3070,8,
coatnet_2_rw_224,64,32,bf16,37.66681671142578,False,NVIDIA_GeForce_RTX_3070,8,
coatnet_2_rw_224,64,32,fp16,35.57478332519531,False,NVIDIA_GeForce_RTX_3070,8,
coatnet_2_rw_224,64,32,fp32,53.70348739624024,False,NVIDIA_GeForce_RTX_3070,8,
coatnet_2_rw_224,64,64,bf16,61.02169418334961,False,NVIDIA_GeForce_RTX_3070,8,
coatnet_2_rw_224,64,64,fp16,57.49385452270508,False,NVIDIA_GeForce_RTX_3070,8,
coatnet_2_rw_224,64,64,fp32,92.31342315673828,False,NVIDIA_GeForce_RTX_3070,8,
coatnet_2_rw_224,128,16,bf16,58.73191833496094,False,NVIDIA_GeForce_RTX_3070,8,
coatnet_2_rw_224,128,16,fp16,54.69171142578125,False,NVIDIA_GeForce_RTX_3070,8,
coatnet_2_rw_224,128,16,fp32,87.06097412109375,False,NVIDIA_GeForce_RTX_3070,8,
coatnet_2_rw_224,128,32,bf16,100.24237060546876,False,NVIDIA_GeForce_RTX_3070,8,
coatnet_2_rw_224,128,32,fp16,93.43795013427734,False,NVIDIA_GeForce_RTX_3070,8,
coatnet_2_rw_224,128,32,fp32,162.862060546875,False,NVIDIA_GeForce_RTX_3070,8,
coatnet_2_rw_224,128,64,bf16,204.8711700439453,False,NVIDIA_GeForce_RTX_3070,8,
coatnet_2_rw_224,128,64,fp16,190.4363555908203,False,NVIDIA_GeForce_RTX_3070,8,
coatnet_2_rw_224,128,64,fp32,,True,NVIDIA_GeForce_RTX_3070,8,
coatnet_2_rw_224,224,16,bf16,156.1907196044922,False,NVIDIA_GeForce_RTX_3070,8,
coatnet_2_rw_224,224,16,fp16,145.19296264648438,False,NVIDIA_GeForce_RTX_3070,8,
coatnet_2_rw_224,224,16,fp32,,True,NVIDIA_GeForce_RTX_3070,8,
coatnet_2_rw_224,224,32,bf16,,True,NVIDIA_GeForce_RTX_3070,8,
coatnet_2_rw_224,224,32,fp16,,True,NVIDIA_GeForce_RTX_3070,8,
coatnet_2_rw_224,224,32,fp32,,True,NVIDIA_GeForce_RTX_3070,8,
coatnet_2_rw_224,224,64,bf16,,True,NVIDIA_GeForce_RTX_3070,8,
coatnet_2_rw_224,224,64,fp16,,True,NVIDIA_GeForce_RTX_3070,8,
coatnet_2_rw_224,224,64,fp32,,True,NVIDIA_GeForce_RTX_3070,8,
convnext_base,64,16,bf16,25.33100891113281,False,NVIDIA_GeForce_RTX_3070,8,
convnext_base,64,16,fp16,25.00044822692871,False,NVIDIA_GeForce_RTX_3070,8,
convnext_base,64,16,fp32,38.46807861328125,False,NVIDIA_GeForce_RTX_3070,8,
convnext_base,64,32,bf16,33.48019027709961,False,NVIDIA_GeForce_RTX_3070,8,
convnext_base,64,32,fp16,34.43849563598633,False,NVIDIA_GeForce_RTX_3070,8,
convnext_base,64,32,fp32,66.63526153564453,False,NVIDIA_GeForce_RTX_3070,8,
convnext_base,64,64,bf16,49.592750549316406,False,NVIDIA_GeForce_RTX_3070,8,
convnext_base,64,64,fp16,49.98195266723633,False,NVIDIA_GeForce_RTX_3070,8,
convnext_base,64,64,fp32,98.87907409667967,False,NVIDIA_GeForce_RTX_3070,8,
convnext_base,128,16,bf16,46.88793563842773,False,NVIDIA_GeForce_RTX_3070,8,
convnext_base,128,16,fp16,46.36467361450195,False,NVIDIA_GeForce_RTX_3070,8,
convnext_base,128,16,fp32,102.96883392333984,False,NVIDIA_GeForce_RTX_3070,8,
convnext_base,128,32,bf16,74.52057647705078,False,NVIDIA_GeForce_RTX_3070,8,
convnext_base,128,32,fp16,77.01907348632812,False,NVIDIA_GeForce_RTX_3070,8,
convnext_base,128,32,fp32,399.0348510742188,False,NVIDIA_GeForce_RTX_3070,8,
convnext_base,128,64,bf16,141.18858337402344,False,NVIDIA_GeForce_RTX_3070,8,
convnext_base,128,64,fp16,152.74649047851562,False,NVIDIA_GeForce_RTX_3070,8,
convnext_base,128,64,fp32,2238.664306640625,False,NVIDIA_GeForce_RTX_3070,8,precision_artifact
convnext_base,224,16,bf16,108.08831787109376,False,NVIDIA_GeForce_RTX_3070,8,
convnext_base,224,16,fp16,107.62185668945312,False,NVIDIA_GeForce_RTX_3070,8,
convnext_base,224,16,fp32,457.7925109863281,False,NVIDIA_GeForce_RTX_3070,8,
convnext_base,224,32,bf16,351.7516784667969,False,NVIDIA_GeForce_RTX_3070,8,
convnext_base,224,32,fp16,354.068359375,False,NVIDIA_GeForce_RTX_3070,8,
convnext_base,224,32,fp32,,True,NVIDIA_GeForce_RTX_3070,8,
convnext_base,224,64,bf16,,True,NVIDIA_GeForce_RTX_3070,8,
convnext_base,224,64,fp16,,True,NVIDIA_GeForce_RTX_3070,8,
convnext_base,224,64,fp32,,True,NVIDIA_GeForce_RTX_3070,8,
convnext_large,64,16,bf16,50.26707077026367,False,NVIDIA_GeForce_RTX_3070,8,
convnext_large,64,16,fp16,50.05507278442383,False,NVIDIA_GeForce_RTX_3070,8,
convnext_large,64,16,fp32,71.46952056884766,False,NVIDIA_GeForce_RTX_3070,8,
convnext_large,64,32,bf16,66.57331085205078,False,NVIDIA_GeForce_RTX_3070,8,
convnext_large,64,32,fp16,65.31635284423828,False,NVIDIA_GeForce_RTX_3070,8,
convnext_large,64,32,fp32,120.23969268798828,False,NVIDIA_GeForce_RTX_3070,8,
convnext_large,64,64,bf16,95.50489807128906,False,NVIDIA_GeForce_RTX_3070,8,
convnext_large,64,64,fp16,93.5367660522461,False,NVIDIA_GeForce_RTX_3070,8,
convnext_large,64,64,fp32,184.00665283203125,False,NVIDIA_GeForce_RTX_3070,8,
convnext_large,128,16,bf16,90.55007934570312,False,NVIDIA_GeForce_RTX_3070,8,
convnext_large,128,16,fp16,88.42086029052734,False,NVIDIA_GeForce_RTX_3070,8,
convnext_large,128,16,fp32,192.76492309570312,False,NVIDIA_GeForce_RTX_3070,8,
convnext_large,128,32,bf16,141.58216857910156,False,NVIDIA_GeForce_RTX_3070,8,
convnext_large,128,32,fp16,142.70050048828125,False,NVIDIA_GeForce_RTX_3070,8,
convnext_large,128,32,fp32,656.565185546875,False,NVIDIA_GeForce_RTX_3070,8,
convnext_large,128,64,bf16,,True,NVIDIA_GeForce_RTX_3070,8,
convnext_large,128,64,fp16,,True,NVIDIA_GeForce_RTX_3070,8,
convnext_large,128,64,fp32,,True,NVIDIA_GeForce_RTX_3070,8,
convnext_large,224,16,bf16,221.3026885986328,False,NVIDIA_GeForce_RTX_3070,8,
convnext_large,224,16,fp16,2320.835693359375,False,NVIDIA_GeForce_RTX_3070,8,slow_outlier
convnext_large,224,16,fp32,,True,NVIDIA_GeForce_RTX_3070,8,
convnext_large,224,32,bf16,,True,NVIDIA_GeForce_RTX_3070,8,
convnext_large,224,32,fp16,,True,NVIDIA_GeForce_RTX_3070,8,
convnext_large,224,32,fp32,,True,NVIDIA_GeForce_RTX_3070,8,
convnext_large,224,64,bf16,,True,NVIDIA_GeForce_RTX_3070,8,
convnext_large,224,64,fp16,,True,NVIDIA_GeForce_RTX_3070,8,
convnext_large,224,64,fp32,,True,NVIDIA_GeForce_RTX_3070,8,
convnext_small,64,16,bf16,17.107967376708984,False,NVIDIA_GeForce_RTX_3070,8,
convnext_small,64,16,fp16,16.56012725830078,False,NVIDIA_GeForce_RTX_3070,8,
convnext_small,64,16,fp32,27.093040466308597,False,NVIDIA_GeForce_RTX_3070,8,
convnext_small,64,32,bf16,22.553600311279297,False,NVIDIA_GeForce_RTX_3070,8,
convnext_small,64,32,fp16,22.208511352539062,False,NVIDIA_GeForce_RTX_3070,8,
convnext_small,64,32,fp32,48.4051513671875,False,NVIDIA_GeForce_RTX_3070,8,
convnext_small,64,64,bf16,33.508785247802734,False,NVIDIA_GeForce_RTX_3070,8,
convnext_small,64,64,fp16,32.75873565673828,False,NVIDIA_GeForce_RTX_3070,8,
convnext_small,64,64,fp32,68.60527801513672,False,NVIDIA_GeForce_RTX_3070,8,
convnext_small,128,16,bf16,30.99033546447754,False,NVIDIA_GeForce_RTX_3070,8,
convnext_small,128,16,fp16,30.22540855407715,False,NVIDIA_GeForce_RTX_3070,8,
convnext_small,128,16,fp32,73.09403228759766,False,NVIDIA_GeForce_RTX_3070,8,
convnext_small,128,32,bf16,50.37055969238281,False,NVIDIA_GeForce_RTX_3070,8,
convnext_small,128,32,fp16,49.81760025024414,False,NVIDIA_GeForce_RTX_3070,8,
convnext_small,128,32,fp32,290.845703125,False,NVIDIA_GeForce_RTX_3070,8,
convnext_small,128,64,bf16,92.9059829711914,False,NVIDIA_GeForce_RTX_3070,8,
convnext_small,128,64,fp16,91.72633361816406,False,NVIDIA_GeForce_RTX_3070,8,
convnext_small,128,64,fp32,363.8000183105469,False,NVIDIA_GeForce_RTX_3070,8,
convnext_small,224,16,bf16,70.77069091796875,False,NVIDIA_GeForce_RTX_3070,8,
convnext_small,224,16,fp16,70.67340850830078,False,NVIDIA_GeForce_RTX_3070,8,
convnext_small,224,16,fp32,319.9559631347656,False,NVIDIA_GeForce_RTX_3070,8,
convnext_small,224,32,bf16,127.98548889160156,False,NVIDIA_GeForce_RTX_3070,8,
convnext_small,224,32,fp16,128.23143005371094,False,NVIDIA_GeForce_RTX_3070,8,
convnext_small,224,32,fp32,580.7754516601562,False,NVIDIA_GeForce_RTX_3070,8,
convnext_small,224,64,bf16,,True,NVIDIA_GeForce_RTX_3070,8,
convnext_small,224,64,fp16,,True,NVIDIA_GeForce_RTX_3070,8,
convnext_small,224,64,fp32,,True,NVIDIA_GeForce_RTX_3070,8,
convnext_tiny,64,16,bf16,9.69313621520996,False,NVIDIA_GeForce_RTX_3070,8,
convnext_tiny,64,16,fp16,9.35251235961914,False,NVIDIA_GeForce_RTX_3070,8,
convnext_tiny,64,16,fp32,16.977983474731445,False,NVIDIA_GeForce_RTX_3070,8,
convnext_tiny,64,32,bf16,12.79692840576172,False,NVIDIA_GeForce_RTX_3070,8,
convnext_tiny,64,32,fp16,12.442031860351562,False,NVIDIA_GeForce_RTX_3070,8,
convnext_tiny,64,32,fp32,32.83211135864258,False,NVIDIA_GeForce_RTX_3070,8,
convnext_tiny,64,64,bf16,19.22508811950684,False,NVIDIA_GeForce_RTX_3070,8,
convnext_tiny,64,64,fp16,19.05817604064941,False,NVIDIA_GeForce_RTX_3070,8,
convnext_tiny,64,64,fp32,42.47347259521485,False,NVIDIA_GeForce_RTX_3070,8,
convnext_tiny,128,16,bf16,18.25833511352539,False,NVIDIA_GeForce_RTX_3070,8,
convnext_tiny,128,16,fp16,17.971712112426758,False,NVIDIA_GeForce_RTX_3070,8,
convnext_tiny,128,16,fp32,44.43191909790039,False,NVIDIA_GeForce_RTX_3070,8,
convnext_tiny,128,32,bf16,29.87571144104004,False,NVIDIA_GeForce_RTX_3070,8,
convnext_tiny,128,32,fp16,29.54747200012207,False,NVIDIA_GeForce_RTX_3070,8,
convnext_tiny,128,32,fp32,126.27337646484376,False,NVIDIA_GeForce_RTX_3070,8,
convnext_tiny,128,64,bf16,54.52177429199219,False,NVIDIA_GeForce_RTX_3070,8,
convnext_tiny,128,64,fp16,53.97350311279297,False,NVIDIA_GeForce_RTX_3070,8,
convnext_tiny,128,64,fp32,172.8317413330078,False,NVIDIA_GeForce_RTX_3070,8,
convnext_tiny,224,16,bf16,41.57270431518555,False,NVIDIA_GeForce_RTX_3070,8,
convnext_tiny,224,16,fp16,41.99062347412109,False,NVIDIA_GeForce_RTX_3070,8,
convnext_tiny,224,16,fp32,148.35934448242188,False,NVIDIA_GeForce_RTX_3070,8,
convnext_tiny,224,32,bf16,75.78470611572266,False,NVIDIA_GeForce_RTX_3070,8,
convnext_tiny,224,32,fp16,75.30445098876953,False,NVIDIA_GeForce_RTX_3070,8,
convnext_tiny,224,32,fp32,227.53314208984372,False,NVIDIA_GeForce_RTX_3070,8,
convnext_tiny,224,64,bf16,141.91001892089844,False,NVIDIA_GeForce_RTX_3070,8,
convnext_tiny,224,64,fp16,154.04135131835938,False,NVIDIA_GeForce_RTX_3070,8,
convnext_tiny,224,64,fp32,,True,NVIDIA_GeForce_RTX_3070,8,
convnextv2_base,64,16,bf16,34.13702392578125,False,NVIDIA_GeForce_RTX_3070,8,
convnextv2_base,64,16,fp16,34.130943298339844,False,NVIDIA_GeForce_RTX_3070,8,
convnextv2_base,64,16,fp32,47.03732681274414,False,NVIDIA_GeForce_RTX_3070,8,
convnextv2_base,64,32,bf16,52.26188659667969,False,NVIDIA_GeForce_RTX_3070,8,
convnextv2_base,64,32,fp16,52.94131088256836,False,NVIDIA_GeForce_RTX_3070,8,
convnextv2_base,64,32,fp32,85.24748992919922,False,NVIDIA_GeForce_RTX_3070,8,
convnextv2_base,64,64,bf16,86.89708709716797,False,NVIDIA_GeForce_RTX_3070,8,
convnextv2_base,64,64,fp16,86.21875,False,NVIDIA_GeForce_RTX_3070,8,
convnextv2_base,64,64,fp32,130.42860412597656,False,NVIDIA_GeForce_RTX_3070,8,
convnextv2_base,128,16,bf16,82.86412811279297,False,NVIDIA_GeForce_RTX_3070,8,
convnextv2_base,128,16,fp16,82.59379577636719,False,NVIDIA_GeForce_RTX_3070,8,
convnextv2_base,128,16,fp32,136.6449432373047,False,NVIDIA_GeForce_RTX_3070,8,
convnextv2_base,128,32,bf16,144.15359497070312,False,NVIDIA_GeForce_RTX_3070,8,
convnextv2_base,128,32,fp16,146.98342895507812,False,NVIDIA_GeForce_RTX_3070,8,
convnextv2_base,128,32,fp32,470.9140319824219,False,NVIDIA_GeForce_RTX_3070,8,
convnextv2_base,128,64,bf16,309.96685791015625,False,NVIDIA_GeForce_RTX_3070,8,
convnextv2_base,128,64,fp16,351.5334167480469,False,NVIDIA_GeForce_RTX_3070,8,
convnextv2_base,128,64,fp32,,True,NVIDIA_GeForce_RTX_3070,8,
convnextv2_base,224,16,bf16,212.22845458984372,False,NVIDIA_GeForce_RTX_3070,8,
convnextv2_base,224,16,fp16,212.81382751464844,False,NVIDIA_GeForce_RTX_3070,8,
convnextv2_base,224,16,fp32,,True,NVIDIA_GeForce_RTX_3070,8,
convnextv2_base,224,32,bf16,,True,NVIDIA_GeForce_RTX_3070,8,
convnextv2_base,224,32,fp16,,True,NVIDIA_GeForce_RTX_3070,8,
convnextv2_base,224,32,fp32,,True,NVIDIA_GeForce_RTX_3070,8,
convnextv2_base,224,64,bf16,,True,NVIDIA_GeForce_RTX_3070,8,
convnextv2_base,224,64,fp16,,True,NVIDIA_GeForce_RTX_3070,8,
convnextv2_base,224,64,fp32,,True,NVIDIA_GeForce_RTX_3070,8,
deit_base_patch16_224,64,16,bf16,22.121984481811523,False,NVIDIA_GeForce_RTX_3070,8,
deit_base_patch16_224,64,16,fp16,22.2740478515625,False,NVIDIA_GeForce_RTX_3070,8,
deit_base_patch16_224,64,16,fp32,29.16703987121582,False,NVIDIA_GeForce_RTX_3070,8,
deit_base_patch16_224,64,32,bf16,29.420543670654297,False,NVIDIA_GeForce_RTX_3070,8,
deit_base_patch16_224,64,32,fp16,29.136383056640625,False,NVIDIA_GeForce_RTX_3070,8,
deit_base_patch16_224,64,32,fp32,43.81742477416992,False,NVIDIA_GeForce_RTX_3070,8,
deit_base_patch16_224,64,64,bf16,43.29676818847656,False,NVIDIA_GeForce_RTX_3070,8,
deit_base_patch16_224,64,64,fp16,41.42643356323242,False,NVIDIA_GeForce_RTX_3070,8,
deit_base_patch16_224,64,64,fp32,73.55801391601562,False,NVIDIA_GeForce_RTX_3070,8,
deit_base_patch16_224,128,16,bf16,40.29481506347656,False,NVIDIA_GeForce_RTX_3070,8,
deit_base_patch16_224,128,16,fp16,38.93094253540039,False,NVIDIA_GeForce_RTX_3070,8,
deit_base_patch16_224,128,16,fp32,73.77458953857422,False,NVIDIA_GeForce_RTX_3070,8,
deit_base_patch16_224,128,32,bf16,61.55366516113281,False,NVIDIA_GeForce_RTX_3070,8,
deit_base_patch16_224,128,32,fp16,60.548095703125,False,NVIDIA_GeForce_RTX_3070,8,
deit_base_patch16_224,128,32,fp32,132.0984649658203,False,NVIDIA_GeForce_RTX_3070,8,
deit_base_patch16_224,128,64,bf16,108.83430480957033,False,NVIDIA_GeForce_RTX_3070,8,
deit_base_patch16_224,128,64,fp16,105.33837127685548,False,NVIDIA_GeForce_RTX_3070,8,
deit_base_patch16_224,128,64,fp32,236.2777557373047,False,NVIDIA_GeForce_RTX_3070,8,
deit_base_patch16_224,224,16,bf16,83.1641616821289,False,NVIDIA_GeForce_RTX_3070,8,
deit_base_patch16_224,224,16,fp16,82.92249298095703,False,NVIDIA_GeForce_RTX_3070,8,
deit_base_patch16_224,224,16,fp32,197.5541076660156,False,NVIDIA_GeForce_RTX_3070,8,
deit_base_patch16_224,224,32,bf16,153.27130126953125,False,NVIDIA_GeForce_RTX_3070,8,
deit_base_patch16_224,224,32,fp16,151.74330139160156,False,NVIDIA_GeForce_RTX_3070,8,
deit_base_patch16_224,224,32,fp32,369.69573974609375,False,NVIDIA_GeForce_RTX_3070,8,
deit_base_patch16_224,224,64,bf16,279.4050598144531,False,NVIDIA_GeForce_RTX_3070,8,
deit_base_patch16_224,224,64,fp16,276.6734924316406,False,NVIDIA_GeForce_RTX_3070,8,
deit_base_patch16_224,224,64,fp32,,True,NVIDIA_GeForce_RTX_3070,8,
deit_small_patch16_224,64,16,bf16,7.558047771453857,False,NVIDIA_GeForce_RTX_3070,8,
deit_small_patch16_224,64,16,fp16,7.171040058135986,False,NVIDIA_GeForce_RTX_3070,8,
deit_small_patch16_224,64,16,fp32,10.378239631652832,False,NVIDIA_GeForce_RTX_3070,8,
deit_small_patch16_224,64,32,bf16,9.943344116210938,False,NVIDIA_GeForce_RTX_3070,8,
deit_small_patch16_224,64,32,fp16,9.499135971069336,False,NVIDIA_GeForce_RTX_3070,8,
deit_small_patch16_224,64,32,fp32,15.220735549926758,False,NVIDIA_GeForce_RTX_3070,8,
deit_small_patch16_224,64,64,bf16,14.341119766235352,False,NVIDIA_GeForce_RTX_3070,8,
deit_small_patch16_224,64,64,fp16,13.954560279846191,False,NVIDIA_GeForce_RTX_3070,8,
deit_small_patch16_224,64,64,fp32,23.74135971069336,False,NVIDIA_GeForce_RTX_3070,8,
deit_small_patch16_224,128,16,bf16,13.16761589050293,False,NVIDIA_GeForce_RTX_3070,8,
deit_small_patch16_224,128,16,fp16,12.73036766052246,False,NVIDIA_GeForce_RTX_3070,8,
deit_small_patch16_224,128,16,fp32,24.27903938293457,False,NVIDIA_GeForce_RTX_3070,8,
deit_small_patch16_224,128,32,bf16,20.931072235107425,False,NVIDIA_GeForce_RTX_3070,8,
deit_small_patch16_224,128,32,fp16,20.205888748168945,False,NVIDIA_GeForce_RTX_3070,8,
deit_small_patch16_224,128,32,fp32,42.97062301635742,False,NVIDIA_GeForce_RTX_3070,8,
deit_small_patch16_224,128,64,bf16,37.80863952636719,False,NVIDIA_GeForce_RTX_3070,8,
deit_small_patch16_224,128,64,fp16,36.368385314941406,False,NVIDIA_GeForce_RTX_3070,8,
deit_small_patch16_224,128,64,fp32,76.95718383789062,False,NVIDIA_GeForce_RTX_3070,8,
deit_small_patch16_224,224,16,bf16,28.3187198638916,False,NVIDIA_GeForce_RTX_3070,8,
deit_small_patch16_224,224,16,fp16,29.15123176574707,False,NVIDIA_GeForce_RTX_3070,8,
deit_small_patch16_224,224,16,fp32,67.44217681884766,False,NVIDIA_GeForce_RTX_3070,8,
deit_small_patch16_224,224,32,bf16,53.00835037231445,False,NVIDIA_GeForce_RTX_3070,8,
deit_small_patch16_224,224,32,fp16,51.8026237487793,False,NVIDIA_GeForce_RTX_3070,8,
deit_small_patch16_224,224,32,fp32,120.46369934082033,False,NVIDIA_GeForce_RTX_3070,8,
deit_small_patch16_224,224,64,bf16,98.1702117919922,False,NVIDIA_GeForce_RTX_3070,8,
deit_small_patch16_224,224,64,fp16,96.3008804321289,False,NVIDIA_GeForce_RTX_3070,8,
deit_small_patch16_224,224,64,fp32,236.4671936035156,False,NVIDIA_GeForce_RTX_3070,8,
deit_tiny_patch16_224,64,16,bf16,4.002799987792969,False,NVIDIA_GeForce_RTX_3070,8,
deit_tiny_patch16_224,64,16,fp16,3.7201919555664062,False,NVIDIA_GeForce_RTX_3070,8,
deit_tiny_patch16_224,64,16,fp32,4.713391780853272,False,NVIDIA_GeForce_RTX_3070,8,
deit_tiny_patch16_224,64,32,bf16,4.947936058044434,False,NVIDIA_GeForce_RTX_3070,8,
deit_tiny_patch16_224,64,32,fp16,4.648431777954102,False,NVIDIA_GeForce_RTX_3070,8,
deit_tiny_patch16_224,64,32,fp32,6.892543792724609,False,NVIDIA_GeForce_RTX_3070,8,
deit_tiny_patch16_224,64,64,bf16,6.614384174346924,False,NVIDIA_GeForce_RTX_3070,8,
deit_tiny_patch16_224,64,64,fp16,6.191616058349609,False,NVIDIA_GeForce_RTX_3070,8,
deit_tiny_patch16_224,64,64,fp32,10.167296409606934,False,NVIDIA_GeForce_RTX_3070,8,
deit_tiny_patch16_224,128,16,bf16,6.379519939422607,False,NVIDIA_GeForce_RTX_3070,8,
deit_tiny_patch16_224,128,16,fp16,5.688320159912109,False,NVIDIA_GeForce_RTX_3070,8,
deit_tiny_patch16_224,128,16,fp32,10.580479621887209,False,NVIDIA_GeForce_RTX_3070,8,
deit_tiny_patch16_224,128,32,bf16,9.074175834655762,False,NVIDIA_GeForce_RTX_3070,8,
deit_tiny_patch16_224,128,32,fp16,8.641535758972168,False,NVIDIA_GeForce_RTX_3070,8,
deit_tiny_patch16_224,128,32,fp32,17.226192474365234,False,NVIDIA_GeForce_RTX_3070,8,
deit_tiny_patch16_224,128,64,bf16,15.895407676696776,False,NVIDIA_GeForce_RTX_3070,8,
deit_tiny_patch16_224,128,64,fp16,16.48632049560547,False,NVIDIA_GeForce_RTX_3070,8,
deit_tiny_patch16_224,128,64,fp32,30.027088165283203,False,NVIDIA_GeForce_RTX_3070,8,
deit_tiny_patch16_224,224,16,bf16,12.733440399169922,False,NVIDIA_GeForce_RTX_3070,8,
deit_tiny_patch16_224,224,16,fp16,12.317055702209473,False,NVIDIA_GeForce_RTX_3070,8,
deit_tiny_patch16_224,224,16,fp32,26.464256286621094,False,NVIDIA_GeForce_RTX_3070,8,
deit_tiny_patch16_224,224,32,bf16,22.583295822143555,False,NVIDIA_GeForce_RTX_3070,8,
deit_tiny_patch16_224,224,32,fp16,22.76095962524414,False,NVIDIA_GeForce_RTX_3070,8,
deit_tiny_patch16_224,224,32,fp32,48.206336975097656,False,NVIDIA_GeForce_RTX_3070,8,
deit_tiny_patch16_224,224,64,bf16,44.02936172485352,False,NVIDIA_GeForce_RTX_3070,8,
deit_tiny_patch16_224,224,64,fp16,42.17393493652344,False,NVIDIA_GeForce_RTX_3070,8,
deit_tiny_patch16_224,224,64,fp32,91.67865753173828,False,NVIDIA_GeForce_RTX_3070,8,
densenet121,64,16,bf16,11.410943984985352,False,NVIDIA_GeForce_RTX_3070,8,
densenet121,64,16,fp16,11.63708782196045,False,NVIDIA_GeForce_RTX_3070,8,
densenet121,64,16,fp32,14.06105613708496,False,NVIDIA_GeForce_RTX_3070,8,
densenet121,64,32,bf16,15.164928436279297,False,NVIDIA_GeForce_RTX_3070,8,
densenet121,64,32,fp16,15.25657558441162,False,NVIDIA_GeForce_RTX_3070,8,
densenet121,64,32,fp32,19.8065128326416,False,NVIDIA_GeForce_RTX_3070,8,
densenet121,64,64,bf16,23.43065643310547,False,NVIDIA_GeForce_RTX_3070,8,
densenet121,64,64,fp16,22.86587142944336,False,NVIDIA_GeForce_RTX_3070,8,
densenet121,64,64,fp32,31.11113548278809,False,NVIDIA_GeForce_RTX_3070,8,
densenet121,128,16,bf16,20.267824172973636,False,NVIDIA_GeForce_RTX_3070,8,
densenet121,128,16,fp16,18.60044860839844,False,NVIDIA_GeForce_RTX_3070,8,
densenet121,128,16,fp32,27.620864868164062,False,NVIDIA_GeForce_RTX_3070,8,
densenet121,128,32,bf16,32.34956741333008,False,NVIDIA_GeForce_RTX_3070,8,
densenet121,128,32,fp16,30.77427291870117,False,NVIDIA_GeForce_RTX_3070,8,
densenet121,128,32,fp32,56.53281784057617,False,NVIDIA_GeForce_RTX_3070,8,
densenet121,128,64,bf16,57.13100814819336,False,NVIDIA_GeForce_RTX_3070,8,
densenet121,128,64,fp16,54.41535949707031,False,NVIDIA_GeForce_RTX_3070,8,
densenet121,128,64,fp32,92.43750762939452,False,NVIDIA_GeForce_RTX_3070,8,
densenet121,224,16,bf16,47.120384216308594,False,NVIDIA_GeForce_RTX_3070,8,
densenet121,224,16,fp16,42.63065719604492,False,NVIDIA_GeForce_RTX_3070,8,
densenet121,224,16,fp32,72.30770874023438,False,NVIDIA_GeForce_RTX_3070,8,
densenet121,224,32,bf16,82.2428970336914,False,NVIDIA_GeForce_RTX_3070,8,
densenet121,224,32,fp16,75.53485107421875,False,NVIDIA_GeForce_RTX_3070,8,
densenet121,224,32,fp32,142.6549835205078,False,NVIDIA_GeForce_RTX_3070,8,
densenet121,224,64,bf16,160.6947784423828,False,NVIDIA_GeForce_RTX_3070,8,
densenet121,224,64,fp16,149.5925750732422,False,NVIDIA_GeForce_RTX_3070,8,
densenet121,224,64,fp32,,True,NVIDIA_GeForce_RTX_3070,8,
dm_nfnet_f1,64,16,bf16,52.98040008544922,False,NVIDIA_GeForce_RTX_3070,8,
dm_nfnet_f1,64,16,fp16,53.11332702636719,False,NVIDIA_GeForce_RTX_3070,8,
dm_nfnet_f1,64,16,fp32,65.70494079589844,False,NVIDIA_GeForce_RTX_3070,8,
dm_nfnet_f1,64,32,bf16,68.38886260986328,False,NVIDIA_GeForce_RTX_3070,8,
dm_nfnet_f1,64,32,fp16,67.89778900146484,False,NVIDIA_GeForce_RTX_3070,8,
dm_nfnet_f1,64,32,fp32,86.91619110107422,False,NVIDIA_GeForce_RTX_3070,8,
dm_nfnet_f1,64,64,bf16,104.3393783569336,False,NVIDIA_GeForce_RTX_3070,8,
dm_nfnet_f1,64,64,fp16,103.75016021728516,False,NVIDIA_GeForce_RTX_3070,8,
dm_nfnet_f1,64,64,fp32,131.82925415039062,False,NVIDIA_GeForce_RTX_3070,8,
dm_nfnet_f1,128,16,bf16,78.46949005126953,False,NVIDIA_GeForce_RTX_3070,8,
dm_nfnet_f1,128,16,fp16,77.97553253173828,False,NVIDIA_GeForce_RTX_3070,8,
dm_nfnet_f1,128,16,fp32,107.7869110107422,False,NVIDIA_GeForce_RTX_3070,8,
dm_nfnet_f1,128,32,bf16,122.44940948486328,False,NVIDIA_GeForce_RTX_3070,8,
dm_nfnet_f1,128,32,fp16,122.01579284667967,False,NVIDIA_GeForce_RTX_3070,8,
dm_nfnet_f1,128,32,fp32,198.3033599853516,False,NVIDIA_GeForce_RTX_3070,8,
dm_nfnet_f1,128,64,bf16,208.5246124267578,False,NVIDIA_GeForce_RTX_3070,8,
dm_nfnet_f1,128,64,fp16,208.84169006347656,False,NVIDIA_GeForce_RTX_3070,8,
dm_nfnet_f1,128,64,fp32,,True,NVIDIA_GeForce_RTX_3070,8,
dm_nfnet_f1,224,16,bf16,159.9119415283203,False,NVIDIA_GeForce_RTX_3070,8,
dm_nfnet_f1,224,16,fp16,157.27667236328125,False,NVIDIA_GeForce_RTX_3070,8,
dm_nfnet_f1,224,16,fp32,,True,NVIDIA_GeForce_RTX_3070,8,
dm_nfnet_f1,224,32,bf16,466.7462158203125,False,NVIDIA_GeForce_RTX_3070,8,
dm_nfnet_f1,224,32,fp16,467.0695190429688,False,NVIDIA_GeForce_RTX_3070,8,
dm_nfnet_f1,224,32,fp32,,True,NVIDIA_GeForce_RTX_3070,8,
dm_nfnet_f1,224,64,bf16,,True,NVIDIA_GeForce_RTX_3070,8,
dm_nfnet_f1,224,64,fp16,,True,NVIDIA_GeForce_RTX_3070,8,
dm_nfnet_f1,224,64,fp32,,True,NVIDIA_GeForce_RTX_3070,8,
efficientnet_b0,64,16,bf16,7.474175930023193,False,NVIDIA_GeForce_RTX_3070,8,
efficientnet_b0,64,16,fp16,7.765503883361816,False,NVIDIA_GeForce_RTX_3070,8,
efficientnet_b0,64,16,fp32,8.858624458312988,False,NVIDIA_GeForce_RTX_3070,8,
efficientnet_b0,64,32,bf16,9.898943901062012,False,NVIDIA_GeForce_RTX_3070,8,
efficientnet_b0,64,32,fp16,9.71776008605957,False,NVIDIA_GeForce_RTX_3070,8,
efficientnet_b0,64,32,fp32,11.65721607208252,False,NVIDIA_GeForce_RTX_3070,8,
efficientnet_b0,64,64,bf16,16.24883270263672,False,NVIDIA_GeForce_RTX_3070,8,
efficientnet_b0,64,64,fp16,14.08614444732666,False,NVIDIA_GeForce_RTX_3070,8,
efficientnet_b0,64,64,fp32,19.039743423461918,False,NVIDIA_GeForce_RTX_3070,8,
efficientnet_b0,128,16,bf16,12.560895919799805,False,NVIDIA_GeForce_RTX_3070,8,
efficientnet_b0,128,16,fp16,10.63270378112793,False,NVIDIA_GeForce_RTX_3070,8,
efficientnet_b0,128,16,fp32,15.730175971984863,False,NVIDIA_GeForce_RTX_3070,8,
efficientnet_b0,128,32,bf16,20.61244773864746,False,NVIDIA_GeForce_RTX_3070,8,
efficientnet_b0,128,32,fp16,17.102720260620117,False,NVIDIA_GeForce_RTX_3070,8,
efficientnet_b0,128,32,fp32,26.72435188293457,False,NVIDIA_GeForce_RTX_3070,8,
efficientnet_b0,128,64,bf16,35.39353561401367,False,NVIDIA_GeForce_RTX_3070,8,
efficientnet_b0,128,64,fp16,28.37811279296875,False,NVIDIA_GeForce_RTX_3070,8,
efficientnet_b0,128,64,fp32,50.3930892944336,False,NVIDIA_GeForce_RTX_3070,8,
efficientnet_b0,224,16,bf16,28.42367935180664,False,NVIDIA_GeForce_RTX_3070,8,
efficientnet_b0,224,16,fp16,21.71494483947754,False,NVIDIA_GeForce_RTX_3070,8,
efficientnet_b0,224,16,fp32,37.25361633300781,False,NVIDIA_GeForce_RTX_3070,8,
efficientnet_b0,224,32,bf16,52.27315139770508,False,NVIDIA_GeForce_RTX_3070,8,
efficientnet_b0,224,32,fp16,39.63129425048828,False,NVIDIA_GeForce_RTX_3070,8,
efficientnet_b0,224,32,fp32,72.1981430053711,False,NVIDIA_GeForce_RTX_3070,8,
efficientnet_b0,224,64,bf16,98.83392333984376,False,NVIDIA_GeForce_RTX_3070,8,
efficientnet_b0,224,64,fp16,75.28390502929688,False,NVIDIA_GeForce_RTX_3070,8,
efficientnet_b0,224,64,fp32,140.48919677734375,False,NVIDIA_GeForce_RTX_3070,8,
efficientnet_b3,64,16,bf16,14.732799530029297,False,NVIDIA_GeForce_RTX_3070,8,
efficientnet_b3,64,16,fp16,13.64463996887207,False,NVIDIA_GeForce_RTX_3070,8,
efficientnet_b3,64,16,fp32,15.963647842407228,False,NVIDIA_GeForce_RTX_3070,8,
efficientnet_b3,64,32,bf16,19.39967918395996,False,NVIDIA_GeForce_RTX_3070,8,
efficientnet_b3,64,32,fp16,17.07811164855957,False,NVIDIA_GeForce_RTX_3070,8,
efficientnet_b3,64,32,fp32,23.529327392578125,False,NVIDIA_GeForce_RTX_3070,8,
efficientnet_b3,64,64,bf16,30.03335952758789,False,NVIDIA_GeForce_RTX_3070,8,
efficientnet_b3,64,64,fp16,25.58720016479492,False,NVIDIA_GeForce_RTX_3070,8,
efficientnet_b3,64,64,fp32,39.56940841674805,False,NVIDIA_GeForce_RTX_3070,8,
efficientnet_b3,128,16,bf16,23.185775756835938,False,NVIDIA_GeForce_RTX_3070,8,
efficientnet_b3,128,16,fp16,18.958335876464844,False,NVIDIA_GeForce_RTX_3070,8,
efficientnet_b3,128,16,fp32,31.943679809570312,False,NVIDIA_GeForce_RTX_3070,8,
efficientnet_b3,128,32,bf16,38.181888580322266,False,NVIDIA_GeForce_RTX_3070,8,
efficientnet_b3,128,32,fp16,31.191551208496094,False,NVIDIA_GeForce_RTX_3070,8,
efficientnet_b3,128,32,fp32,53.285377502441406,False,NVIDIA_GeForce_RTX_3070,8,
efficientnet_b3,128,64,bf16,69.96113586425781,False,NVIDIA_GeForce_RTX_3070,8,
efficientnet_b3,128,64,fp16,56.76287841796875,False,NVIDIA_GeForce_RTX_3070,8,
efficientnet_b3,128,64,fp32,99.5425262451172,False,NVIDIA_GeForce_RTX_3070,8,
efficientnet_b3,224,16,bf16,54.37486267089844,False,NVIDIA_GeForce_RTX_3070,8,
efficientnet_b3,224,16,fp16,41.066497802734375,False,NVIDIA_GeForce_RTX_3070,8,
efficientnet_b3,224,16,fp32,74.52820587158203,False,NVIDIA_GeForce_RTX_3070,8,
efficientnet_b3,224,32,bf16,100.79987335205078,False,NVIDIA_GeForce_RTX_3070,8,
efficientnet_b3,224,32,fp16,76.4958724975586,False,NVIDIA_GeForce_RTX_3070,8,
efficientnet_b3,224,32,fp32,219.1180725097656,False,NVIDIA_GeForce_RTX_3070,8,
efficientnet_b3,224,64,bf16,415.333251953125,False,NVIDIA_GeForce_RTX_3070,8,
efficientnet_b3,224,64,fp16,365.5024719238281,False,NVIDIA_GeForce_RTX_3070,8,
efficientnet_b3,224,64,fp32,,True,NVIDIA_GeForce_RTX_3070,8,
efficientnet_b5,64,16,bf16,28.149248123168945,False,NVIDIA_GeForce_RTX_3070,8,
efficientnet_b5,64,16,fp16,25.112064361572266,False,NVIDIA_GeForce_RTX_3070,8,
efficientnet_b5,64,16,fp32,31.374176025390625,False,NVIDIA_GeForce_RTX_3070,8,
efficientnet_b5,64,32,bf16,37.6181755065918,False,NVIDIA_GeForce_RTX_3070,8,
efficientnet_b5,64,32,fp16,32.52217483520508,False,NVIDIA_GeForce_RTX_3070,8,
efficientnet_b5,64,32,fp32,45.73388671875,False,NVIDIA_GeForce_RTX_3070,8,
efficientnet_b5,64,64,bf16,59.84921646118164,False,NVIDIA_GeForce_RTX_3070,8,
efficientnet_b5,64,64,fp16,49.84524917602539,False,NVIDIA_GeForce_RTX_3070,8,
efficientnet_b5,64,64,fp32,78.57244873046875,False,NVIDIA_GeForce_RTX_3070,8,
efficientnet_b5,128,16,bf16,44.34782409667969,False,NVIDIA_GeForce_RTX_3070,8,
efficientnet_b5,128,16,fp16,35.85740661621094,False,NVIDIA_GeForce_RTX_3070,8,
efficientnet_b5,128,16,fp32,60.327247619628906,False,NVIDIA_GeForce_RTX_3070,8,
efficientnet_b5,128,32,bf16,73.82933044433594,False,NVIDIA_GeForce_RTX_3070,8,
efficientnet_b5,128,32,fp16,58.92147064208984,False,NVIDIA_GeForce_RTX_3070,8,
efficientnet_b5,128,32,fp32,102.44239807128906,False,NVIDIA_GeForce_RTX_3070,8,
efficientnet_b5,128,64,bf16,131.90902709960938,False,NVIDIA_GeForce_RTX_3070,8,
efficientnet_b5,128,64,fp16,104.25446319580078,False,NVIDIA_GeForce_RTX_3070,8,
efficientnet_b5,128,64,fp32,,True,NVIDIA_GeForce_RTX_3070,8,
efficientnet_b5,224,16,bf16,102.29138946533205,False,NVIDIA_GeForce_RTX_3070,8,
efficientnet_b5,224,16,fp16,75.4261245727539,False,NVIDIA_GeForce_RTX_3070,8,
efficientnet_b5,224,16,fp32,141.18502807617188,False,NVIDIA_GeForce_RTX_3070,8,
efficientnet_b5,224,32,bf16,187.28857421875,False,NVIDIA_GeForce_RTX_3070,8,
efficientnet_b5,224,32,fp16,138.04896545410156,False,NVIDIA_GeForce_RTX_3070,8,
efficientnet_b5,224,32,fp32,,True,NVIDIA_GeForce_RTX_3070,8,
efficientnet_b5,224,64,bf16,,True,NVIDIA_GeForce_RTX_3070,8,
efficientnet_b5,224,64,fp16,,True,NVIDIA_GeForce_RTX_3070,8,
efficientnet_b5,224,64,fp32,,True,NVIDIA_GeForce_RTX_3070,8,
efficientnetv2_l,64,16,bf16,65.28153228759766,False,NVIDIA_GeForce_RTX_3070,8,
efficientnetv2_l,64,16,fp16,62.67238235473633,False,NVIDIA_GeForce_RTX_3070,8,
efficientnetv2_l,64,16,fp32,84.01868438720703,False,NVIDIA_GeForce_RTX_3070,8,
efficientnetv2_l,64,32,bf16,79.96965026855469,False,NVIDIA_GeForce_RTX_3070,8,
efficientnetv2_l,64,32,fp16,74.16217803955078,False,NVIDIA_GeForce_RTX_3070,8,
efficientnetv2_l,64,32,fp32,116.11334228515624,False,NVIDIA_GeForce_RTX_3070,8,
efficientnetv2_l,64,64,bf16,118.92530822753906,False,NVIDIA_GeForce_RTX_3070,8,
efficientnetv2_l,64,64,fp16,104.6659698486328,False,NVIDIA_GeForce_RTX_3070,8,
efficientnetv2_l,64,64,fp32,175.56520080566406,False,NVIDIA_GeForce_RTX_3070,8,
efficientnetv2_l,128,16,bf16,84.75847625732422,False,NVIDIA_GeForce_RTX_3070,8,
efficientnetv2_l,128,16,fp16,76.94884490966797,False,NVIDIA_GeForce_RTX_3070,8,
efficientnetv2_l,128,16,fp32,128.43673706054688,False,NVIDIA_GeForce_RTX_3070,8,
efficientnetv2_l,128,32,bf16,132.68992614746094,False,NVIDIA_GeForce_RTX_3070,8,
efficientnetv2_l,128,32,fp16,117.98983764648438,False,NVIDIA_GeForce_RTX_3070,8,
efficientnetv2_l,128,32,fp32,583.2350463867188,False,NVIDIA_GeForce_RTX_3070,8,slow_outlier
efficientnetv2_l,128,64,bf16,1094.286376953125,False,NVIDIA_GeForce_RTX_3070,8,slow_outlier
efficientnetv2_l,128,64,fp16,952.4049682617188,False,NVIDIA_GeForce_RTX_3070,8,slow_outlier
efficientnetv2_l,128,64,fp32,,True,NVIDIA_GeForce_RTX_3070,8,
efficientnetv2_l,224,16,bf16,214.617919921875,False,NVIDIA_GeForce_RTX_3070,8,
efficientnetv2_l,224,16,fp16,180.1454925537109,False,NVIDIA_GeForce_RTX_3070,8,
efficientnetv2_l,224,16,fp32,,True,NVIDIA_GeForce_RTX_3070,8,
efficientnetv2_l,224,32,bf16,,True,NVIDIA_GeForce_RTX_3070,8,
efficientnetv2_l,224,32,fp16,,True,NVIDIA_GeForce_RTX_3070,8,
efficientnetv2_l,224,32,fp32,,True,NVIDIA_GeForce_RTX_3070,8,
efficientnetv2_l,224,64,bf16,,True,NVIDIA_GeForce_RTX_3070,8,
efficientnetv2_l,224,64,fp16,,True,NVIDIA_GeForce_RTX_3070,8,
efficientnetv2_l,224,64,fp32,,True,NVIDIA_GeForce_RTX_3070,8,
efficientnetv2_m,64,16,bf16,37.35599899291992,False,NVIDIA_GeForce_RTX_3070,8,
efficientnetv2_m,64,16,fp16,34.7059211730957,False,NVIDIA_GeForce_RTX_3070,8,
efficientnetv2_m,64,16,fp32,43.273216247558594,False,NVIDIA_GeForce_RTX_3070,8,
efficientnetv2_m,64,32,bf16,47.14547348022461,False,NVIDIA_GeForce_RTX_3070,8,
efficientnetv2_m,64,32,fp16,41.96249771118164,False,NVIDIA_GeForce_RTX_3070,8,
efficientnetv2_m,64,32,fp32,57.63679885864258,False,NVIDIA_GeForce_RTX_3070,8,
efficientnetv2_m,64,64,bf16,70.46297454833984,False,NVIDIA_GeForce_RTX_3070,8,
efficientnetv2_m,64,64,fp16,60.3397102355957,False,NVIDIA_GeForce_RTX_3070,8,
efficientnetv2_m,64,64,fp32,95.49209594726562,False,NVIDIA_GeForce_RTX_3070,8,
efficientnetv2_m,128,16,bf16,49.81862258911133,False,NVIDIA_GeForce_RTX_3070,8,
efficientnetv2_m,128,16,fp16,43.88505554199219,False,NVIDIA_GeForce_RTX_3070,8,
efficientnetv2_m,128,16,fp32,68.10504150390625,False,NVIDIA_GeForce_RTX_3070,8,
efficientnetv2_m,128,32,bf16,76.93516540527344,False,NVIDIA_GeForce_RTX_3070,8,
efficientnetv2_m,128,32,fp16,66.6777572631836,False,NVIDIA_GeForce_RTX_3070,8,
efficientnetv2_m,128,32,fp32,108.16817474365234,False,NVIDIA_GeForce_RTX_3070,8,
efficientnetv2_m,128,64,bf16,130.13551330566406,False,NVIDIA_GeForce_RTX_3070,8,
efficientnetv2_m,128,64,fp16,119.531005859375,False,NVIDIA_GeForce_RTX_3070,8,
efficientnetv2_m,128,64,fp32,1183.5313720703125,False,NVIDIA_GeForce_RTX_3070,8,precision_artifact
efficientnetv2_m,224,16,bf16,102.03187561035156,False,NVIDIA_GeForce_RTX_3070,8,
efficientnetv2_m,224,16,fp16,82.68695831298828,False,NVIDIA_GeForce_RTX_3070,8,
efficientnetv2_m,224,16,fp32,142.70101928710938,False,NVIDIA_GeForce_RTX_3070,8,
efficientnetv2_m,224,32,bf16,180.4138946533203,False,NVIDIA_GeForce_RTX_3070,8,
efficientnetv2_m,224,32,fp16,146.55734252929688,False,NVIDIA_GeForce_RTX_3070,8,
efficientnetv2_m,224,32,fp32,,True,NVIDIA_GeForce_RTX_3070,8,
efficientnetv2_m,224,64,bf16,,True,NVIDIA_GeForce_RTX_3070,8,
efficientnetv2_m,224,64,fp16,,True,NVIDIA_GeForce_RTX_3070,8,
efficientnetv2_m,224,64,fp32,,True,NVIDIA_GeForce_RTX_3070,8,
efficientnetv2_s,64,16,bf16,18.345983505249023,False,NVIDIA_GeForce_RTX_3070,8,
efficientnetv2_s,64,16,fp16,17.55886459350586,False,NVIDIA_GeForce_RTX_3070,8,
efficientnetv2_s,64,16,fp32,21.610864639282227,False,NVIDIA_GeForce_RTX_3070,8,
efficientnetv2_s,64,32,bf16,24.40651130676269,False,NVIDIA_GeForce_RTX_3070,8,
efficientnetv2_s,64,32,fp16,22.56793594360352,False,NVIDIA_GeForce_RTX_3070,8,
efficientnetv2_s,64,32,fp32,29.1112003326416,False,NVIDIA_GeForce_RTX_3070,8,
efficientnetv2_s,64,64,bf16,37.170654296875,False,NVIDIA_GeForce_RTX_3070,8,
efficientnetv2_s,64,64,fp16,32.78420639038086,False,NVIDIA_GeForce_RTX_3070,8,
efficientnetv2_s,64,64,fp32,48.09409713745117,False,NVIDIA_GeForce_RTX_3070,8,
efficientnetv2_s,128,16,bf16,25.93024063110352,False,NVIDIA_GeForce_RTX_3070,8,
efficientnetv2_s,128,16,fp16,23.021503448486328,False,NVIDIA_GeForce_RTX_3070,8,
efficientnetv2_s,128,16,fp32,37.885440826416016,False,NVIDIA_GeForce_RTX_3070,8,
efficientnetv2_s,128,32,bf16,41.74334335327149,False,NVIDIA_GeForce_RTX_3070,8,
efficientnetv2_s,128,32,fp16,36.28838348388672,False,NVIDIA_GeForce_RTX_3070,8,
efficientnetv2_s,128,32,fp32,59.81900787353516,False,NVIDIA_GeForce_RTX_3070,8,
efficientnetv2_s,128,64,bf16,71.16492462158203,False,NVIDIA_GeForce_RTX_3070,8,
efficientnetv2_s,128,64,fp16,61.19833755493164,False,NVIDIA_GeForce_RTX_3070,8,
efficientnetv2_s,128,64,fp32,116.49842834472656,False,NVIDIA_GeForce_RTX_3070,8,
efficientnetv2_s,224,16,bf16,55.96774291992188,False,NVIDIA_GeForce_RTX_3070,8,
efficientnetv2_s,224,16,fp16,45.908992767333984,False,NVIDIA_GeForce_RTX_3070,8,
efficientnetv2_s,224,16,fp32,80.76487731933594,False,NVIDIA_GeForce_RTX_3070,8,
efficientnetv2_s,224,32,bf16,100.4932632446289,False,NVIDIA_GeForce_RTX_3070,8,
efficientnetv2_s,224,32,fp16,80.76585388183594,False,NVIDIA_GeForce_RTX_3070,8,
efficientnetv2_s,224,32,fp32,450.8696899414063,False,NVIDIA_GeForce_RTX_3070,8,slow_outlier
efficientnetv2_s,224,64,bf16,291.00323486328125,False,NVIDIA_GeForce_RTX_3070,8,
efficientnetv2_s,224,64,fp16,158.84031677246094,False,NVIDIA_GeForce_RTX_3070,8,
efficientnetv2_s,224,64,fp32,,True,NVIDIA_GeForce_RTX_3070,8,
fastvit_t12,64,16,bf16,9.555968284606934,False,NVIDIA_GeForce_RTX_3070,8,
fastvit_t12,64,16,fp16,9.968480110168455,False,NVIDIA_GeForce_RTX_3070,8,
fastvit_t12,64,16,fp32,10.53593635559082,False,NVIDIA_GeForce_RTX_3070,8,
fastvit_t12,64,32,bf16,13.644288063049316,False,NVIDIA_GeForce_RTX_3070,8,
fastvit_t12,64,32,fp16,12.76416015625,False,NVIDIA_GeForce_RTX_3070,8,
fastvit_t12,64,32,fp32,14.774271965026855,False,NVIDIA_GeForce_RTX_3070,8,
fastvit_t12,64,64,bf16,21.019472122192383,False,NVIDIA_GeForce_RTX_3070,8,
fastvit_t12,64,64,fp16,20.073776245117188,False,NVIDIA_GeForce_RTX_3070,8,
fastvit_t12,64,64,fp32,25.176559448242188,False,NVIDIA_GeForce_RTX_3070,8,
fastvit_t12,128,16,bf16,17.03046417236328,False,NVIDIA_GeForce_RTX_3070,8,
fastvit_t12,128,16,fp16,15.97439956665039,False,NVIDIA_GeForce_RTX_3070,8,
fastvit_t12,128,16,fp32,20.64384078979492,False,NVIDIA_GeForce_RTX_3070,8,
fastvit_t12,128,32,bf16,30.581247329711918,False,NVIDIA_GeForce_RTX_3070,8,
fastvit_t12,128,32,fp16,27.748767852783203,False,NVIDIA_GeForce_RTX_3070,8,
fastvit_t12,128,32,fp32,36.66585540771485,False,NVIDIA_GeForce_RTX_3070,8,
fastvit_t12,128,64,bf16,57.553409576416016,False,NVIDIA_GeForce_RTX_3070,8,
fastvit_t12,128,64,fp16,52.92646408081055,False,NVIDIA_GeForce_RTX_3070,8,
fastvit_t12,128,64,fp32,70.23257446289062,False,NVIDIA_GeForce_RTX_3070,8,
fastvit_t12,224,16,bf16,44.74828720092773,False,NVIDIA_GeForce_RTX_3070,8,
fastvit_t12,224,16,fp16,40.827903747558594,False,NVIDIA_GeForce_RTX_3070,8,
fastvit_t12,224,16,fp32,52.9249267578125,False,NVIDIA_GeForce_RTX_3070,8,
fastvit_t12,224,32,bf16,86.1987075805664,False,NVIDIA_GeForce_RTX_3070,8,
fastvit_t12,224,32,fp16,78.65805053710938,False,NVIDIA_GeForce_RTX_3070,8,
fastvit_t12,224,32,fp32,104.1817626953125,False,NVIDIA_GeForce_RTX_3070,8,
fastvit_t12,224,64,bf16,166.53248596191406,False,NVIDIA_GeForce_RTX_3070,8,
fastvit_t12,224,64,fp16,152.45619201660156,False,NVIDIA_GeForce_RTX_3070,8,
fastvit_t12,224,64,fp32,207.1234588623047,False,NVIDIA_GeForce_RTX_3070,8,
fastvit_t8,64,16,bf16,6.83519983291626,False,NVIDIA_GeForce_RTX_3070,8,
fastvit_t8,64,16,fp16,7.137184143066406,False,NVIDIA_GeForce_RTX_3070,8,
fastvit_t8,64,16,fp32,7.066624164581299,False,NVIDIA_GeForce_RTX_3070,8,
fastvit_t8,64,32,bf16,9.429887771606444,False,NVIDIA_GeForce_RTX_3070,8,
fastvit_t8,64,32,fp16,9.588224411010742,False,NVIDIA_GeForce_RTX_3070,8,
fastvit_t8,64,32,fp32,10.124143600463867,False,NVIDIA_GeForce_RTX_3070,8,
fastvit_t8,64,64,bf16,15.629311561584473,False,NVIDIA_GeForce_RTX_3070,8,
fastvit_t8,64,64,fp16,15.213567733764648,False,NVIDIA_GeForce_RTX_3070,8,
fastvit_t8,64,64,fp32,16.723968505859375,False,NVIDIA_GeForce_RTX_3070,8,
fastvit_t8,128,16,bf16,12.350943565368652,False,NVIDIA_GeForce_RTX_3070,8,
fastvit_t8,128,16,fp16,11.462143898010254,False,NVIDIA_GeForce_RTX_3070,8,
fastvit_t8,128,16,fp32,14.076751708984377,False,NVIDIA_GeForce_RTX_3070,8,
fastvit_t8,128,32,bf16,21.87724876403809,False,NVIDIA_GeForce_RTX_3070,8,
fastvit_t8,128,32,fp16,19.8338565826416,False,NVIDIA_GeForce_RTX_3070,8,
fastvit_t8,128,32,fp32,25.06598472595215,False,NVIDIA_GeForce_RTX_3070,8,
fastvit_t8,128,64,bf16,40.99628829956055,False,NVIDIA_GeForce_RTX_3070,8,
fastvit_t8,128,64,fp16,37.065216064453125,False,NVIDIA_GeForce_RTX_3070,8,
fastvit_t8,128,64,fp32,47.70150375366211,False,NVIDIA_GeForce_RTX_3070,8,
fastvit_t8,224,16,bf16,31.710208892822266,False,NVIDIA_GeForce_RTX_3070,8,
fastvit_t8,224,16,fp16,28.39295959472656,False,NVIDIA_GeForce_RTX_3070,8,
fastvit_t8,224,16,fp32,36.29363250732422,False,NVIDIA_GeForce_RTX_3070,8,
fastvit_t8,224,32,bf16,60.61516952514648,False,NVIDIA_GeForce_RTX_3070,8,
fastvit_t8,224,32,fp16,54.48960113525391,False,NVIDIA_GeForce_RTX_3070,8,
fastvit_t8,224,32,fp32,71.26886749267578,False,NVIDIA_GeForce_RTX_3070,8,
fastvit_t8,224,64,bf16,118.27593231201172,False,NVIDIA_GeForce_RTX_3070,8,
fastvit_t8,224,64,fp16,106.579345703125,False,NVIDIA_GeForce_RTX_3070,8,
fastvit_t8,224,64,fp32,139.66848754882812,False,NVIDIA_GeForce_RTX_3070,8,
maxvit_tiny_tf_224,64,16,bf16,21.429759979248047,False,NVIDIA_GeForce_RTX_3070,8,
maxvit_tiny_tf_224,64,16,fp16,20.368240356445312,False,NVIDIA_GeForce_RTX_3070,8,
maxvit_tiny_tf_224,64,16,fp32,32.67617416381836,False,NVIDIA_GeForce_RTX_3070,8,
maxvit_tiny_tf_224,64,32,bf16,31.62572860717773,False,NVIDIA_GeForce_RTX_3070,8,
maxvit_tiny_tf_224,64,32,fp16,29.444095611572266,False,NVIDIA_GeForce_RTX_3070,8,
maxvit_tiny_tf_224,64,32,fp32,52.97663879394531,False,NVIDIA_GeForce_RTX_3070,8,
maxvit_tiny_tf_224,64,64,bf16,50.46527862548828,False,NVIDIA_GeForce_RTX_3070,8,
maxvit_tiny_tf_224,64,64,fp16,47.18080139160156,False,NVIDIA_GeForce_RTX_3070,8,
maxvit_tiny_tf_224,64,64,fp32,94.20441436767578,False,NVIDIA_GeForce_RTX_3070,8,
maxvit_tiny_tf_224,128,16,bf16,40.19609451293945,False,NVIDIA_GeForce_RTX_3070,8,
maxvit_tiny_tf_224,128,16,fp16,37.04012680053711,False,NVIDIA_GeForce_RTX_3070,8,
maxvit_tiny_tf_224,128,16,fp32,65.17862701416016,False,NVIDIA_GeForce_RTX_3070,8,
maxvit_tiny_tf_224,128,32,bf16,69.69953918457031,False,NVIDIA_GeForce_RTX_3070,8,
maxvit_tiny_tf_224,128,32,fp16,64.8243179321289,False,NVIDIA_GeForce_RTX_3070,8,
maxvit_tiny_tf_224,128,32,fp32,118.78451538085938,False,NVIDIA_GeForce_RTX_3070,8,
maxvit_tiny_tf_224,128,64,bf16,128.2713623046875,False,NVIDIA_GeForce_RTX_3070,8,
maxvit_tiny_tf_224,128,64,fp16,119.86073303222656,False,NVIDIA_GeForce_RTX_3070,8,
maxvit_tiny_tf_224,128,64,fp32,,True,NVIDIA_GeForce_RTX_3070,8,
maxvit_tiny_tf_224,224,16,bf16,97.57892608642578,False,NVIDIA_GeForce_RTX_3070,8,
maxvit_tiny_tf_224,224,16,fp16,90.41664123535156,False,NVIDIA_GeForce_RTX_3070,8,
maxvit_tiny_tf_224,224,16,fp32,161.98757934570312,False,NVIDIA_GeForce_RTX_3070,8,
maxvit_tiny_tf_224,224,32,bf16,179.72122192382812,False,NVIDIA_GeForce_RTX_3070,8,
maxvit_tiny_tf_224,224,32,fp16,166.12095642089844,False,NVIDIA_GeForce_RTX_3070,8,
maxvit_tiny_tf_224,224,32,fp32,,True,NVIDIA_GeForce_RTX_3070,8,
maxvit_tiny_tf_224,224,64,bf16,,True,NVIDIA_GeForce_RTX_3070,8,
maxvit_tiny_tf_224,224,64,fp16,,True,NVIDIA_GeForce_RTX_3070,8,
maxvit_tiny_tf_224,224,64,fp32,,True,NVIDIA_GeForce_RTX_3070,8,
mixer_b16_224,64,16,bf16,19.907072067260746,False,NVIDIA_GeForce_RTX_3070,8,
mixer_b16_224,64,16,fp16,19.507200241088867,False,NVIDIA_GeForce_RTX_3070,8,
mixer_b16_224,64,16,fp32,26.30348777770996,False,NVIDIA_GeForce_RTX_3070,8,
mixer_b16_224,64,32,bf16,28.86180877685547,False,NVIDIA_GeForce_RTX_3070,8,
mixer_b16_224,64,32,fp16,27.77124786376953,False,NVIDIA_GeForce_RTX_3070,8,
mixer_b16_224,64,32,fp32,42.654544830322266,False,NVIDIA_GeForce_RTX_3070,8,
mixer_b16_224,64,64,bf16,45.04012680053711,False,NVIDIA_GeForce_RTX_3070,8,
mixer_b16_224,64,64,fp16,43.77856063842773,False,NVIDIA_GeForce_RTX_3070,8,
mixer_b16_224,64,64,fp32,76.82389068603516,False,NVIDIA_GeForce_RTX_3070,8,
mixer_b16_224,128,16,bf16,33.0700798034668,False,NVIDIA_GeForce_RTX_3070,8,
mixer_b16_224,128,16,fp16,31.609344482421875,False,NVIDIA_GeForce_RTX_3070,8,
mixer_b16_224,128,16,fp32,56.15958404541016,False,NVIDIA_GeForce_RTX_3070,8,
mixer_b16_224,128,32,bf16,53.060577392578125,False,NVIDIA_GeForce_RTX_3070,8,
mixer_b16_224,128,32,fp16,52.29721450805664,False,NVIDIA_GeForce_RTX_3070,8,
mixer_b16_224,128,32,fp32,101.87000274658205,False,NVIDIA_GeForce_RTX_3070,8,
mixer_b16_224,128,64,bf16,94.79782104492188,False,NVIDIA_GeForce_RTX_3070,8,
mixer_b16_224,128,64,fp16,91.38636779785156,False,NVIDIA_GeForce_RTX_3070,8,
mixer_b16_224,128,64,fp32,187.95724487304688,False,NVIDIA_GeForce_RTX_3070,8,
mixer_b16_224,224,16,bf16,69.30158233642578,False,NVIDIA_GeForce_RTX_3070,8,
mixer_b16_224,224,16,fp16,68.84607696533203,False,NVIDIA_GeForce_RTX_3070,8,
mixer_b16_224,224,16,fp32,137.77197265625,False,NVIDIA_GeForce_RTX_3070,8,
mixer_b16_224,224,32,bf16,127.69638061523438,False,NVIDIA_GeForce_RTX_3070,8,
mixer_b16_224,224,32,fp16,126.0206069946289,False,NVIDIA_GeForce_RTX_3070,8,
mixer_b16_224,224,32,fp32,260.4988098144531,False,NVIDIA_GeForce_RTX_3070,8,
mixer_b16_224,224,64,bf16,238.04928588867188,False,NVIDIA_GeForce_RTX_3070,8,
mixer_b16_224,224,64,fp16,237.22897338867188,False,NVIDIA_GeForce_RTX_3070,8,
mixer_b16_224,224,64,fp32,,True,NVIDIA_GeForce_RTX_3070,8,
mobilenetv2_100,64,16,bf16,4.412911891937256,False,NVIDIA_GeForce_RTX_3070,8,
mobilenetv2_100,64,16,fp16,4.024831771850586,False,NVIDIA_GeForce_RTX_3070,8,
mobilenetv2_100,64,16,fp32,5.063680171966553,False,NVIDIA_GeForce_RTX_3070,8,
mobilenetv2_100,64,32,bf16,6.577663898468018,False,NVIDIA_GeForce_RTX_3070,8,
mobilenetv2_100,64,32,fp16,5.640192031860352,False,NVIDIA_GeForce_RTX_3070,8,
mobilenetv2_100,64,32,fp32,7.704576015472412,False,NVIDIA_GeForce_RTX_3070,8,
mobilenetv2_100,64,64,bf16,10.909695625305176,False,NVIDIA_GeForce_RTX_3070,8,
mobilenetv2_100,64,64,fp16,8.962559700012207,False,NVIDIA_GeForce_RTX_3070,8,
mobilenetv2_100,64,64,fp32,13.39084815979004,False,NVIDIA_GeForce_RTX_3070,8,
mobilenetv2_100,128,16,bf16,8.506367683410645,False,NVIDIA_GeForce_RTX_3070,8,
mobilenetv2_100,128,16,fp16,6.859263896942139,False,NVIDIA_GeForce_RTX_3070,8,
mobilenetv2_100,128,16,fp32,11.108351707458496,False,NVIDIA_GeForce_RTX_3070,8,
mobilenetv2_100,128,32,bf16,14.569984436035156,False,NVIDIA_GeForce_RTX_3070,8,
mobilenetv2_100,128,32,fp16,11.764047622680664,False,NVIDIA_GeForce_RTX_3070,8,
mobilenetv2_100,128,32,fp32,19.60331153869629,False,NVIDIA_GeForce_RTX_3070,8,
mobilenetv2_100,128,64,bf16,26.30036735534668,False,NVIDIA_GeForce_RTX_3070,8,
mobilenetv2_100,128,64,fp16,20.66636848449707,False,NVIDIA_GeForce_RTX_3070,8,
mobilenetv2_100,128,64,fp32,37.32992172241211,False,NVIDIA_GeForce_RTX_3070,8,
mobilenetv2_100,224,16,bf16,21.373952865600582,False,NVIDIA_GeForce_RTX_3070,8,
mobilenetv2_100,224,16,fp16,16.448511123657227,False,NVIDIA_GeForce_RTX_3070,8,
mobilenetv2_100,224,16,fp32,28.281343460083008,False,NVIDIA_GeForce_RTX_3070,8,
mobilenetv2_100,224,32,bf16,39.65635299682617,False,NVIDIA_GeForce_RTX_3070,8,
mobilenetv2_100,224,32,fp16,30.617599487304688,False,NVIDIA_GeForce_RTX_3070,8,
mobilenetv2_100,224,32,fp32,54.885887145996094,False,NVIDIA_GeForce_RTX_3070,8,
mobilenetv2_100,224,64,bf16,76.0268783569336,False,NVIDIA_GeForce_RTX_3070,8,
mobilenetv2_100,224,64,fp16,58.65216064453125,False,NVIDIA_GeForce_RTX_3070,8,
mobilenetv2_100,224,64,fp32,107.73248291015624,False,NVIDIA_GeForce_RTX_3070,8,
mobilenetv3_large_100,64,16,bf16,5.8787841796875,False,NVIDIA_GeForce_RTX_3070,8,
mobilenetv3_large_100,64,16,fp16,7.089663982391357,False,NVIDIA_GeForce_RTX_3070,8,
mobilenetv3_large_100,64,16,fp32,5.0032639503479,False,NVIDIA_GeForce_RTX_3070,8,
mobilenetv3_large_100,64,32,bf16,6.294528007507324,False,NVIDIA_GeForce_RTX_3070,8,
mobilenetv3_large_100,64,32,fp16,5.607935905456543,False,NVIDIA_GeForce_RTX_3070,8,
mobilenetv3_large_100,64,32,fp32,6.946303844451904,False,NVIDIA_GeForce_RTX_3070,8,
mobilenetv3_large_100,64,64,bf16,9.29535961151123,False,NVIDIA_GeForce_RTX_3070,8,
mobilenetv3_large_100,64,64,fp16,7.940095901489258,False,NVIDIA_GeForce_RTX_3070,8,
mobilenetv3_large_100,64,64,fp32,10.728960037231444,False,NVIDIA_GeForce_RTX_3070,8,
mobilenetv3_large_100,128,16,bf16,7.563776016235352,False,NVIDIA_GeForce_RTX_3070,8,
mobilenetv3_large_100,128,16,fp16,6.94271993637085,False,NVIDIA_GeForce_RTX_3070,8,
mobilenetv3_large_100,128,16,fp32,9.161104202270508,False,NVIDIA_GeForce_RTX_3070,8,
mobilenetv3_large_100,128,32,bf16,12.569600105285645,False,NVIDIA_GeForce_RTX_3070,8,
mobilenetv3_large_100,128,32,fp16,11.951583862304688,False,NVIDIA_GeForce_RTX_3070,8,
mobilenetv3_large_100,128,32,fp32,15.62399959564209,False,NVIDIA_GeForce_RTX_3070,8,
mobilenetv3_large_100,128,64,bf16,21.37446403503418,False,NVIDIA_GeForce_RTX_3070,8,
mobilenetv3_large_100,128,64,fp16,17.580991744995117,False,NVIDIA_GeForce_RTX_3070,8,
mobilenetv3_large_100,128,64,fp32,28.13695907592773,False,NVIDIA_GeForce_RTX_3070,8,
mobilenetv3_large_100,224,16,bf16,16.91289520263672,False,NVIDIA_GeForce_RTX_3070,8,
mobilenetv3_large_100,224,16,fp16,13.412863731384276,False,NVIDIA_GeForce_RTX_3070,8,
mobilenetv3_large_100,224,16,fp32,21.403135299682617,False,NVIDIA_GeForce_RTX_3070,8,
mobilenetv3_large_100,224,32,bf16,30.92838478088379,False,NVIDIA_GeForce_RTX_3070,8,
mobilenetv3_large_100,224,32,fp16,24.194047927856445,False,NVIDIA_GeForce_RTX_3070,8,
mobilenetv3_large_100,224,32,fp32,41.75872039794922,False,NVIDIA_GeForce_RTX_3070,8,
mobilenetv3_large_100,224,64,bf16,59.415409088134766,False,NVIDIA_GeForce_RTX_3070,8,
mobilenetv3_large_100,224,64,fp16,46.58982467651367,False,NVIDIA_GeForce_RTX_3070,8,
mobilenetv3_large_100,224,64,fp32,89.99065399169922,False,NVIDIA_GeForce_RTX_3070,8,
mobilenetv3_small_100,64,16,bf16,3.413343906402588,False,NVIDIA_GeForce_RTX_3070,8,
mobilenetv3_small_100,64,16,fp16,5.067776203155518,False,NVIDIA_GeForce_RTX_3070,8,
mobilenetv3_small_100,64,16,fp32,2.8574559688568115,False,NVIDIA_GeForce_RTX_3070,8,
mobilenetv3_small_100,64,32,bf16,4.687280178070068,False,NVIDIA_GeForce_RTX_3070,8,
mobilenetv3_small_100,64,32,fp16,4.388175964355469,False,NVIDIA_GeForce_RTX_3070,8,
mobilenetv3_small_100,64,32,fp32,3.7109758853912354,False,NVIDIA_GeForce_RTX_3070,8,
mobilenetv3_small_100,64,64,bf16,6.987264156341553,False,NVIDIA_GeForce_RTX_3070,8,
mobilenetv3_small_100,64,64,fp16,6.409728050231934,False,NVIDIA_GeForce_RTX_3070,8,
mobilenetv3_small_100,64,64,fp32,5.148159980773926,False,NVIDIA_GeForce_RTX_3070,8,
mobilenetv3_small_100,128,16,bf16,5.618688106536865,False,NVIDIA_GeForce_RTX_3070,8,
mobilenetv3_small_100,128,16,fp16,3.886591911315918,False,NVIDIA_GeForce_RTX_3070,8,
mobilenetv3_small_100,128,16,fp32,4.09174394607544,False,NVIDIA_GeForce_RTX_3070,8,
mobilenetv3_small_100,128,32,bf16,5.634448051452637,False,NVIDIA_GeForce_RTX_3070,8,
mobilenetv3_small_100,128,32,fp16,4.737023830413818,False,NVIDIA_GeForce_RTX_3070,8,
mobilenetv3_small_100,128,32,fp32,7.028719902038574,False,NVIDIA_GeForce_RTX_3070,8,
mobilenetv3_small_100,128,64,bf16,8.777071952819824,False,NVIDIA_GeForce_RTX_3070,8,
mobilenetv3_small_100,128,64,fp16,7.094272136688232,False,NVIDIA_GeForce_RTX_3070,8,
mobilenetv3_small_100,128,64,fp32,10.93575954437256,False,NVIDIA_GeForce_RTX_3070,8,
mobilenetv3_small_100,224,16,bf16,7.707071781158447,False,NVIDIA_GeForce_RTX_3070,8,
mobilenetv3_small_100,224,16,fp16,5.954415798187256,False,NVIDIA_GeForce_RTX_3070,8,
mobilenetv3_small_100,224,16,fp32,8.062975883483887,False,NVIDIA_GeForce_RTX_3070,8,
mobilenetv3_small_100,224,32,bf16,12.24499225616455,False,NVIDIA_GeForce_RTX_3070,8,
mobilenetv3_small_100,224,32,fp16,9.985024452209473,False,NVIDIA_GeForce_RTX_3070,8,
mobilenetv3_small_100,224,32,fp32,15.25759983062744,False,NVIDIA_GeForce_RTX_3070,8,
mobilenetv3_small_100,224,64,bf16,22.90377616882324,False,NVIDIA_GeForce_RTX_3070,8,
mobilenetv3_small_100,224,64,fp16,17.27743911743164,False,NVIDIA_GeForce_RTX_3070,8,
mobilenetv3_small_100,224,64,fp32,28.68716812133789,False,NVIDIA_GeForce_RTX_3070,8,
mobilevit_s,64,16,bf16,7.3118720054626465,False,NVIDIA_GeForce_RTX_3070,8,
mobilevit_s,64,16,fp16,6.692351818084717,False,NVIDIA_GeForce_RTX_3070,8,
mobilevit_s,64,16,fp32,8.615360260009766,False,NVIDIA_GeForce_RTX_3070,8,
mobilevit_s,64,32,bf16,11.964415550231934,False,NVIDIA_GeForce_RTX_3070,8,
mobilevit_s,64,32,fp16,10.522512435913086,False,NVIDIA_GeForce_RTX_3070,8,
mobilevit_s,64,32,fp32,14.657535552978516,False,NVIDIA_GeForce_RTX_3070,8,
mobilevit_s,64,64,bf16,18.27532768249512,False,NVIDIA_GeForce_RTX_3070,8,
mobilevit_s,64,64,fp16,16.103424072265625,False,NVIDIA_GeForce_RTX_3070,8,
mobilevit_s,64,64,fp32,25.8606071472168,False,NVIDIA_GeForce_RTX_3070,8,
mobilevit_s,128,16,bf16,14.87615966796875,False,NVIDIA_GeForce_RTX_3070,8,
mobilevit_s,128,16,fp16,12.682095527648926,False,NVIDIA_GeForce_RTX_3070,8,
mobilevit_s,128,16,fp32,21.88902473449707,False,NVIDIA_GeForce_RTX_3070,8,
mobilevit_s,128,32,bf16,26.26150321960449,False,NVIDIA_GeForce_RTX_3070,8,
mobilevit_s,128,32,fp16,22.83718490600586,False,NVIDIA_GeForce_RTX_3070,8,
mobilevit_s,128,32,fp32,40.506832122802734,False,NVIDIA_GeForce_RTX_3070,8,
mobilevit_s,128,64,bf16,49.96249771118164,False,NVIDIA_GeForce_RTX_3070,8,
mobilevit_s,128,64,fp16,43.55379104614258,False,NVIDIA_GeForce_RTX_3070,8,
mobilevit_s,128,64,fp32,76.20658874511719,False,NVIDIA_GeForce_RTX_3070,8,
mobilevit_s,224,16,bf16,39.71481704711914,False,NVIDIA_GeForce_RTX_3070,8,
mobilevit_s,224,16,fp16,34.72025680541992,False,NVIDIA_GeForce_RTX_3070,8,
mobilevit_s,224,16,fp32,63.874881744384766,False,NVIDIA_GeForce_RTX_3070,8,
mobilevit_s,224,32,bf16,75.39353942871094,False,NVIDIA_GeForce_RTX_3070,8,
mobilevit_s,224,32,fp16,65.47660827636719,False,NVIDIA_GeForce_RTX_3070,8,
mobilevit_s,224,32,fp32,124.59212493896484,False,NVIDIA_GeForce_RTX_3070,8,
mobilevit_s,224,64,bf16,152.45567321777344,False,NVIDIA_GeForce_RTX_3070,8,
mobilevit_s,224,64,fp16,133.22291564941406,False,NVIDIA_GeForce_RTX_3070,8,
mobilevit_s,224,64,fp32,,True,NVIDIA_GeForce_RTX_3070,8,
mobilevit_xs,64,16,bf16,7.541247844696045,False,NVIDIA_GeForce_RTX_3070,8,
mobilevit_xs,64,16,fp16,7.019983768463135,False,NVIDIA_GeForce_RTX_3070,8,
mobilevit_xs,64,16,fp32,6.548367977142334,False,NVIDIA_GeForce_RTX_3070,8,
mobilevit_xs,64,32,bf16,11.64185619354248,False,NVIDIA_GeForce_RTX_3070,8,
mobilevit_xs,64,32,fp16,10.81497573852539,False,NVIDIA_GeForce_RTX_3070,8,
mobilevit_xs,64,32,fp32,10.976767539978027,False,NVIDIA_GeForce_RTX_3070,8,
mobilevit_xs,64,64,bf16,20.39142417907715,False,NVIDIA_GeForce_RTX_3070,8,
mobilevit_xs,64,64,fp16,18.76620864868164,False,NVIDIA_GeForce_RTX_3070,8,
mobilevit_xs,64,64,fp32,19.0699520111084,False,NVIDIA_GeForce_RTX_3070,8,
mobilevit_xs,128,16,bf16,13.897215843200684,False,NVIDIA_GeForce_RTX_3070,8,
mobilevit_xs,128,16,fp16,12.094464302062988,False,NVIDIA_GeForce_RTX_3070,8,
mobilevit_xs,128,16,fp32,16.652799606323242,False,NVIDIA_GeForce_RTX_3070,8,
mobilevit_xs,128,32,bf16,24.372224807739254,False,NVIDIA_GeForce_RTX_3070,8,
mobilevit_xs,128,32,fp16,21.493183135986328,False,NVIDIA_GeForce_RTX_3070,8,
mobilevit_xs,128,32,fp32,31.343616485595703,False,NVIDIA_GeForce_RTX_3070,8,
mobilevit_xs,128,64,bf16,42.73817443847656,False,NVIDIA_GeForce_RTX_3070,8,
mobilevit_xs,128,64,fp16,36.853759765625,False,NVIDIA_GeForce_RTX_3070,8,
mobilevit_xs,128,64,fp32,58.93465423583984,False,NVIDIA_GeForce_RTX_3070,8,
mobilevit_xs,224,16,bf16,32.939918518066406,False,NVIDIA_GeForce_RTX_3070,8,
mobilevit_xs,224,16,fp16,28.36633682250977,False,NVIDIA_GeForce_RTX_3070,8,
mobilevit_xs,224,16,fp32,50.173439025878906,False,NVIDIA_GeForce_RTX_3070,8,
mobilevit_xs,224,32,bf16,60.21734237670898,False,NVIDIA_GeForce_RTX_3070,8,
mobilevit_xs,224,32,fp16,52.31718444824219,False,NVIDIA_GeForce_RTX_3070,8,
mobilevit_xs,224,32,fp32,97.97425842285156,False,NVIDIA_GeForce_RTX_3070,8,
mobilevit_xs,224,64,bf16,119.24518585205078,False,NVIDIA_GeForce_RTX_3070,8,
mobilevit_xs,224,64,fp16,103.06244659423828,False,NVIDIA_GeForce_RTX_3070,8,
mobilevit_xs,224,64,fp32,,True,NVIDIA_GeForce_RTX_3070,8,
mobilevit_xxs,64,16,bf16,5.493760108947754,False,NVIDIA_GeForce_RTX_3070,8,
mobilevit_xxs,64,16,fp16,5.299712181091309,False,NVIDIA_GeForce_RTX_3070,8,
mobilevit_xxs,64,16,fp32,4.747568130493164,False,NVIDIA_GeForce_RTX_3070,8,
mobilevit_xxs,64,32,bf16,8.549375534057617,False,NVIDIA_GeForce_RTX_3070,8,
mobilevit_xxs,64,32,fp16,8.09932804107666,False,NVIDIA_GeForce_RTX_3070,8,
mobilevit_xxs,64,32,fp32,7.192944049835205,False,NVIDIA_GeForce_RTX_3070,8,
mobilevit_xxs,64,64,bf16,13.952447891235352,False,NVIDIA_GeForce_RTX_3070,8,
mobilevit_xxs,64,64,fp16,13.19219207763672,False,NVIDIA_GeForce_RTX_3070,8,
mobilevit_xxs,64,64,fp32,11.826095581054688,False,NVIDIA_GeForce_RTX_3070,8,
mobilevit_xxs,128,16,bf16,8.50380802154541,False,NVIDIA_GeForce_RTX_3070,8,
mobilevit_xxs,128,16,fp16,7.681951999664307,False,NVIDIA_GeForce_RTX_3070,8,
mobilevit_xxs,128,16,fp32,9.000448226928711,False,NVIDIA_GeForce_RTX_3070,8,
mobilevit_xxs,128,32,bf16,14.316495895385742,False,NVIDIA_GeForce_RTX_3070,8,
mobilevit_xxs,128,32,fp16,12.805551528930664,False,NVIDIA_GeForce_RTX_3070,8,
mobilevit_xxs,128,32,fp32,15.68563175201416,False,NVIDIA_GeForce_RTX_3070,8,
mobilevit_xxs,128,64,bf16,25.56928062438965,False,NVIDIA_GeForce_RTX_3070,8,
mobilevit_xxs,128,64,fp16,22.761472702026367,False,NVIDIA_GeForce_RTX_3070,8,
mobilevit_xxs,128,64,fp32,29.38368034362793,False,NVIDIA_GeForce_RTX_3070,8,
mobilevit_xxs,224,16,bf16,18.406911849975582,False,NVIDIA_GeForce_RTX_3070,8,
mobilevit_xxs,224,16,fp16,16.157184600830078,False,NVIDIA_GeForce_RTX_3070,8,
mobilevit_xxs,224,16,fp32,26.389503479003903,False,NVIDIA_GeForce_RTX_3070,8,
mobilevit_xxs,224,32,bf16,34.493953704833984,False,NVIDIA_GeForce_RTX_3070,8,
mobilevit_xxs,224,32,fp16,29.979135513305664,False,NVIDIA_GeForce_RTX_3070,8,
mobilevit_xxs,224,32,fp32,49.63993453979492,False,NVIDIA_GeForce_RTX_3070,8,
mobilevit_xxs,224,64,bf16,64.80793762207031,False,NVIDIA_GeForce_RTX_3070,8,
mobilevit_xxs,224,64,fp16,55.96915054321289,False,NVIDIA_GeForce_RTX_3070,8,
mobilevit_xxs,224,64,fp32,97.24515533447266,False,NVIDIA_GeForce_RTX_3070,8,
mobilevitv2_100,64,16,bf16,6.896639823913574,False,NVIDIA_GeForce_RTX_3070,8,
mobilevitv2_100,64,16,fp16,6.255616188049316,False,NVIDIA_GeForce_RTX_3070,8,
mobilevitv2_100,64,16,fp32,7.968143939971924,False,NVIDIA_GeForce_RTX_3070,8,
mobilevitv2_100,64,32,bf16,10.396160125732422,False,NVIDIA_GeForce_RTX_3070,8,
mobilevitv2_100,64,32,fp16,9.240575790405272,False,NVIDIA_GeForce_RTX_3070,8,
mobilevitv2_100,64,32,fp32,12.826623916625977,False,NVIDIA_GeForce_RTX_3070,8,
mobilevitv2_100,64,64,bf16,17.342464447021484,False,NVIDIA_GeForce_RTX_3070,8,
mobilevitv2_100,64,64,fp16,15.32211208343506,False,NVIDIA_GeForce_RTX_3070,8,
mobilevitv2_100,64,64,fp32,22.33907127380371,False,NVIDIA_GeForce_RTX_3070,8,
mobilevitv2_100,128,16,bf16,13.795743942260742,False,NVIDIA_GeForce_RTX_3070,8,
mobilevitv2_100,128,16,fp16,11.89680004119873,False,NVIDIA_GeForce_RTX_3070,8,
mobilevitv2_100,128,16,fp32,18.47398376464844,False,NVIDIA_GeForce_RTX_3070,8,
mobilevitv2_100,128,32,bf16,23.78947257995605,False,NVIDIA_GeForce_RTX_3070,8,
mobilevitv2_100,128,32,fp16,21.367807388305664,False,NVIDIA_GeForce_RTX_3070,8,
mobilevitv2_100,128,32,fp32,33.67424011230469,False,NVIDIA_GeForce_RTX_3070,8,
mobilevitv2_100,128,64,bf16,43.822078704833984,False,NVIDIA_GeForce_RTX_3070,8,
mobilevitv2_100,128,64,fp16,38.2043342590332,False,NVIDIA_GeForce_RTX_3070,8,
mobilevitv2_100,128,64,fp32,64.30207824707031,False,NVIDIA_GeForce_RTX_3070,8,
mobilevitv2_100,224,16,bf16,36.19327926635742,False,NVIDIA_GeForce_RTX_3070,8,
mobilevitv2_100,224,16,fp16,31.25606346130371,False,NVIDIA_GeForce_RTX_3070,8,
mobilevitv2_100,224,16,fp32,50.42073440551758,False,NVIDIA_GeForce_RTX_3070,8,
mobilevitv2_100,224,32,bf16,70.28377532958984,False,NVIDIA_GeForce_RTX_3070,8,
mobilevitv2_100,224,32,fp16,62.26022338867188,False,NVIDIA_GeForce_RTX_3070,8,
mobilevitv2_100,224,32,fp32,101.48505401611328,False,NVIDIA_GeForce_RTX_3070,8,
mobilevitv2_100,224,64,bf16,141.22802734375,False,NVIDIA_GeForce_RTX_3070,8,
mobilevitv2_100,224,64,fp16,121.2702407836914,False,NVIDIA_GeForce_RTX_3070,8,
mobilevitv2_100,224,64,fp32,,True,NVIDIA_GeForce_RTX_3070,8,
nfnet_l0,64,16,bf16,13.918208122253418,False,NVIDIA_GeForce_RTX_3070,8,
nfnet_l0,64,16,fp16,13.855232238769531,False,NVIDIA_GeForce_RTX_3070,8,
nfnet_l0,64,16,fp32,22.849632263183597,False,NVIDIA_GeForce_RTX_3070,8,
nfnet_l0,64,32,bf16,16.933887481689453,False,NVIDIA_GeForce_RTX_3070,8,
nfnet_l0,64,32,fp16,16.507904052734375,False,NVIDIA_GeForce_RTX_3070,8,
nfnet_l0,64,32,fp32,32.36812973022461,False,NVIDIA_GeForce_RTX_3070,8,
nfnet_l0,64,64,bf16,24.44683265686035,False,NVIDIA_GeForce_RTX_3070,8,
nfnet_l0,64,64,fp16,23.888992309570312,False,NVIDIA_GeForce_RTX_3070,8,
nfnet_l0,64,64,fp32,45.41643142700195,False,NVIDIA_GeForce_RTX_3070,8,
nfnet_l0,128,16,bf16,22.684160232543945,False,NVIDIA_GeForce_RTX_3070,8,
nfnet_l0,128,16,fp16,22.109071731567383,False,NVIDIA_GeForce_RTX_3070,8,
nfnet_l0,128,16,fp32,37.09904098510742,False,NVIDIA_GeForce_RTX_3070,8,
nfnet_l0,128,32,bf16,34.31675338745117,False,NVIDIA_GeForce_RTX_3070,8,
nfnet_l0,128,32,fp16,34.17452621459961,False,NVIDIA_GeForce_RTX_3070,8,
nfnet_l0,128,32,fp32,59.94803237915039,False,NVIDIA_GeForce_RTX_3070,8,
nfnet_l0,128,64,bf16,59.07916641235352,False,NVIDIA_GeForce_RTX_3070,8,
nfnet_l0,128,64,fp16,58.701358795166016,False,NVIDIA_GeForce_RTX_3070,8,
nfnet_l0,128,64,fp32,104.04147338867188,False,NVIDIA_GeForce_RTX_3070,8,
nfnet_l0,224,16,bf16,49.21395111083984,False,NVIDIA_GeForce_RTX_3070,8,
nfnet_l0,224,16,fp16,47.98771286010742,False,NVIDIA_GeForce_RTX_3070,8,
nfnet_l0,224,16,fp32,101.1015396118164,False,NVIDIA_GeForce_RTX_3070,8,
nfnet_l0,224,32,bf16,86.0466079711914,False,NVIDIA_GeForce_RTX_3070,8,
nfnet_l0,224,32,fp16,85.55966186523438,False,NVIDIA_GeForce_RTX_3070,8,
nfnet_l0,224,32,fp32,157.191162109375,False,NVIDIA_GeForce_RTX_3070,8,
nfnet_l0,224,64,bf16,164.05862426757812,False,NVIDIA_GeForce_RTX_3070,8,
nfnet_l0,224,64,fp16,163.31869506835938,False,NVIDIA_GeForce_RTX_3070,8,
nfnet_l0,224,64,fp32,,True,NVIDIA_GeForce_RTX_3070,8,
pvt_v2_b0,64,16,bf16,4.4593281745910645,False,NVIDIA_GeForce_RTX_3070,8,
pvt_v2_b0,64,16,fp16,5.268991947174072,False,NVIDIA_GeForce_RTX_3070,8,
pvt_v2_b0,64,16,fp32,4.9351677894592285,False,NVIDIA_GeForce_RTX_3070,8,
pvt_v2_b0,64,32,bf16,5.884416103363037,False,NVIDIA_GeForce_RTX_3070,8,
pvt_v2_b0,64,32,fp16,9.207743644714355,False,NVIDIA_GeForce_RTX_3070,8,
pvt_v2_b0,64,32,fp32,7.065599918365479,False,NVIDIA_GeForce_RTX_3070,8,
pvt_v2_b0,64,64,bf16,8.498160362243652,False,NVIDIA_GeForce_RTX_3070,8,
pvt_v2_b0,64,64,fp16,7.8935041427612305,False,NVIDIA_GeForce_RTX_3070,8,
pvt_v2_b0,64,64,fp32,11.571711540222168,False,NVIDIA_GeForce_RTX_3070,8,
pvt_v2_b0,128,16,bf16,8.367551803588867,False,NVIDIA_GeForce_RTX_3070,8,
pvt_v2_b0,128,16,fp16,10.788335800170898,False,NVIDIA_GeForce_RTX_3070,8,
pvt_v2_b0,128,16,fp32,10.664959907531738,False,NVIDIA_GeForce_RTX_3070,8,
pvt_v2_b0,128,32,bf16,12.94438362121582,False,NVIDIA_GeForce_RTX_3070,8,
pvt_v2_b0,128,32,fp16,12.08569622039795,False,NVIDIA_GeForce_RTX_3070,8,
pvt_v2_b0,128,32,fp32,18.234752655029297,False,NVIDIA_GeForce_RTX_3070,8,
pvt_v2_b0,128,64,bf16,22.000640869140625,False,NVIDIA_GeForce_RTX_3070,8,
pvt_v2_b0,128,64,fp16,22.01702308654785,False,NVIDIA_GeForce_RTX_3070,8,
pvt_v2_b0,128,64,fp32,33.47353744506836,False,NVIDIA_GeForce_RTX_3070,8,
pvt_v2_b0,224,16,bf16,17.416175842285156,False,NVIDIA_GeForce_RTX_3070,8,
pvt_v2_b0,224,16,fp16,17.286096572875977,False,NVIDIA_GeForce_RTX_3070,8,
pvt_v2_b0,224,16,fp32,28.141056060791016,False,NVIDIA_GeForce_RTX_3070,8,
pvt_v2_b0,224,32,bf16,31.02617645263672,False,NVIDIA_GeForce_RTX_3070,8,
pvt_v2_b0,224,32,fp16,29.76255989074707,False,NVIDIA_GeForce_RTX_3070,8,
pvt_v2_b0,224,32,fp32,48.91593551635742,False,NVIDIA_GeForce_RTX_3070,8,
pvt_v2_b0,224,64,bf16,57.12998580932617,False,NVIDIA_GeForce_RTX_3070,8,
pvt_v2_b0,224,64,fp16,56.73267364501953,False,NVIDIA_GeForce_RTX_3070,8,
pvt_v2_b0,224,64,fp32,129.63072204589844,False,NVIDIA_GeForce_RTX_3070,8,
pvt_v2_b2,64,16,bf16,12.27673625946045,False,NVIDIA_GeForce_RTX_3070,8,
pvt_v2_b2,64,16,fp16,11.663359642028809,False,NVIDIA_GeForce_RTX_3070,8,
pvt_v2_b2,64,16,fp32,15.41478443145752,False,NVIDIA_GeForce_RTX_3070,8,
pvt_v2_b2,64,32,bf16,16.33995246887207,False,NVIDIA_GeForce_RTX_3070,8,
pvt_v2_b2,64,32,fp16,16.836496353149414,False,NVIDIA_GeForce_RTX_3070,8,
pvt_v2_b2,64,32,fp32,22.547456741333008,False,NVIDIA_GeForce_RTX_3070,8,
pvt_v2_b2,64,64,bf16,24.907264709472656,False,NVIDIA_GeForce_RTX_3070,8,
pvt_v2_b2,64,64,fp16,24.22475242614746,False,NVIDIA_GeForce_RTX_3070,8,
pvt_v2_b2,64,64,fp32,37.38828659057617,False,NVIDIA_GeForce_RTX_3070,8,
pvt_v2_b2,128,16,bf16,23.08966445922852,False,NVIDIA_GeForce_RTX_3070,8,
pvt_v2_b2,128,16,fp16,22.55001640319824,False,NVIDIA_GeForce_RTX_3070,8,
pvt_v2_b2,128,16,fp32,35.73793411254883,False,NVIDIA_GeForce_RTX_3070,8,
pvt_v2_b2,128,32,bf16,38.09686279296875,False,NVIDIA_GeForce_RTX_3070,8,
pvt_v2_b2,128,32,fp16,37.60892868041992,False,NVIDIA_GeForce_RTX_3070,8,
pvt_v2_b2,128,32,fp32,61.78355026245117,False,NVIDIA_GeForce_RTX_3070,8,
pvt_v2_b2,128,64,bf16,67.757568359375,False,NVIDIA_GeForce_RTX_3070,8,
pvt_v2_b2,128,64,fp16,67.38526153564453,False,NVIDIA_GeForce_RTX_3070,8,
pvt_v2_b2,128,64,fp32,114.58252716064452,False,NVIDIA_GeForce_RTX_3070,8,
pvt_v2_b2,224,16,bf16,54.3559684753418,False,NVIDIA_GeForce_RTX_3070,8,
pvt_v2_b2,224,16,fp16,54.049278259277344,False,NVIDIA_GeForce_RTX_3070,8,
pvt_v2_b2,224,16,fp32,93.34323120117188,False,NVIDIA_GeForce_RTX_3070,8,
pvt_v2_b2,224,32,bf16,95.37996673583984,False,NVIDIA_GeForce_RTX_3070,8,
pvt_v2_b2,224,32,fp16,95.6246109008789,False,NVIDIA_GeForce_RTX_3070,8,
pvt_v2_b2,224,32,fp32,169.4708251953125,False,NVIDIA_GeForce_RTX_3070,8,
pvt_v2_b2,224,64,bf16,415.0625305175781,False,NVIDIA_GeForce_RTX_3070,8,
pvt_v2_b2,224,64,fp16,468.4000244140625,False,NVIDIA_GeForce_RTX_3070,8,
pvt_v2_b2,224,64,fp32,,True,NVIDIA_GeForce_RTX_3070,8,
pvt_v2_b5,64,16,bf16,36.60185623168945,False,NVIDIA_GeForce_RTX_3070,8,
pvt_v2_b5,64,16,fp16,34.542015075683594,False,NVIDIA_GeForce_RTX_3070,8,
pvt_v2_b5,64,16,fp32,42.912254333496094,False,NVIDIA_GeForce_RTX_3070,8,
pvt_v2_b5,64,32,bf16,46.85408020019531,False,NVIDIA_GeForce_RTX_3070,8,
pvt_v2_b5,64,32,fp16,45.588993072509766,False,NVIDIA_GeForce_RTX_3070,8,
pvt_v2_b5,64,32,fp32,60.438846588134766,False,NVIDIA_GeForce_RTX_3070,8,
pvt_v2_b5,64,64,bf16,67.99052429199219,False,NVIDIA_GeForce_RTX_3070,8,
pvt_v2_b5,64,64,fp16,65.08185577392578,False,NVIDIA_GeForce_RTX_3070,8,
pvt_v2_b5,64,64,fp32,95.17874908447266,False,NVIDIA_GeForce_RTX_3070,8,
pvt_v2_b5,128,16,bf16,58.684417724609375,False,NVIDIA_GeForce_RTX_3070,8,
pvt_v2_b5,128,16,fp16,56.13105773925781,False,NVIDIA_GeForce_RTX_3070,8,
pvt_v2_b5,128,16,fp32,89.60562896728516,False,NVIDIA_GeForce_RTX_3070,8,
pvt_v2_b5,128,32,bf16,92.37094116210938,False,NVIDIA_GeForce_RTX_3070,8,
pvt_v2_b5,128,32,fp16,91.64288330078124,False,NVIDIA_GeForce_RTX_3070,8,
pvt_v2_b5,128,32,fp32,151.36337280273438,False,NVIDIA_GeForce_RTX_3070,8,
pvt_v2_b5,128,64,bf16,157.35800170898438,False,NVIDIA_GeForce_RTX_3070,8,
pvt_v2_b5,128,64,fp16,156.8757781982422,False,NVIDIA_GeForce_RTX_3070,8,
pvt_v2_b5,128,64,fp32,,True,NVIDIA_GeForce_RTX_3070,8,
pvt_v2_b5,224,16,bf16,125.02783966064452,False,NVIDIA_GeForce_RTX_3070,8,
pvt_v2_b5,224,16,fp16,128.10035705566406,False,NVIDIA_GeForce_RTX_3070,8,
pvt_v2_b5,224,16,fp32,228.37759399414065,False,NVIDIA_GeForce_RTX_3070,8,
pvt_v2_b5,224,32,bf16,,True,NVIDIA_GeForce_RTX_3070,8,
pvt_v2_b5,224,32,fp16,,True,NVIDIA_GeForce_RTX_3070,8,
pvt_v2_b5,224,32,fp32,,True,NVIDIA_GeForce_RTX_3070,8,
pvt_v2_b5,224,64,bf16,,True,NVIDIA_GeForce_RTX_3070,8,
pvt_v2_b5,224,64,fp16,,True,NVIDIA_GeForce_RTX_3070,8,
pvt_v2_b5,224,64,fp32,,True,NVIDIA_GeForce_RTX_3070,8,
regnety_032,64,16,bf16,17.57276725769043,False,NVIDIA_GeForce_RTX_3070,8,
regnety_032,64,16,fp16,17.092496871948242,False,NVIDIA_GeForce_RTX_3070,8,
regnety_032,64,16,fp32,22.44811248779297,False,NVIDIA_GeForce_RTX_3070,8,
regnety_032,64,32,bf16,16.391679763793945,False,NVIDIA_GeForce_RTX_3070,8,
regnety_032,64,32,fp16,15.251968383789062,False,NVIDIA_GeForce_RTX_3070,8,
regnety_032,64,32,fp32,29.012592315673828,False,NVIDIA_GeForce_RTX_3070,8,
regnety_032,64,64,bf16,23.846399307250977,False,NVIDIA_GeForce_RTX_3070,8,
regnety_032,64,64,fp16,21.493600845336918,False,NVIDIA_GeForce_RTX_3070,8,
regnety_032,64,64,fp32,41.32147216796875,False,NVIDIA_GeForce_RTX_3070,8,
regnety_032,128,16,bf16,21.403648376464844,False,NVIDIA_GeForce_RTX_3070,8,
regnety_032,128,16,fp16,19.504640579223636,False,NVIDIA_GeForce_RTX_3070,8,
regnety_032,128,16,fp32,35.171329498291016,False,NVIDIA_GeForce_RTX_3070,8,
regnety_032,128,32,bf16,35.53059387207031,False,NVIDIA_GeForce_RTX_3070,8,
regnety_032,128,32,fp16,31.83647918701172,False,NVIDIA_GeForce_RTX_3070,8,
regnety_032,128,32,fp32,66.0955810546875,False,NVIDIA_GeForce_RTX_3070,8,
regnety_032,128,64,bf16,66.74278259277344,False,NVIDIA_GeForce_RTX_3070,8,
regnety_032,128,64,fp16,58.25945663452149,False,NVIDIA_GeForce_RTX_3070,8,
regnety_032,128,64,fp32,101.94073486328124,False,NVIDIA_GeForce_RTX_3070,8,
regnety_032,224,16,bf16,52.75494384765625,False,NVIDIA_GeForce_RTX_3070,8,
regnety_032,224,16,fp16,46.13564682006836,False,NVIDIA_GeForce_RTX_3070,8,
regnety_032,224,16,fp32,103.4813461303711,False,NVIDIA_GeForce_RTX_3070,8,
regnety_032,224,32,bf16,95.97644805908205,False,NVIDIA_GeForce_RTX_3070,8,
regnety_032,224,32,fp16,84.62438201904297,False,NVIDIA_GeForce_RTX_3070,8,
regnety_032,224,32,fp32,161.14431762695312,False,NVIDIA_GeForce_RTX_3070,8,
regnety_032,224,64,bf16,179.3243865966797,False,NVIDIA_GeForce_RTX_3070,8,
regnety_032,224,64,fp16,154.5891876220703,False,NVIDIA_GeForce_RTX_3070,8,
regnety_032,224,64,fp32,,True,NVIDIA_GeForce_RTX_3070,8,
regnety_080,64,16,bf16,22.095359802246094,False,NVIDIA_GeForce_RTX_3070,8,
regnety_080,64,16,fp16,21.963247299194336,False,NVIDIA_GeForce_RTX_3070,8,
regnety_080,64,16,fp32,36.63667297363281,False,NVIDIA_GeForce_RTX_3070,8,
regnety_080,64,32,bf16,34.037105560302734,False,NVIDIA_GeForce_RTX_3070,8,
regnety_080,64,32,fp16,33.579952239990234,False,NVIDIA_GeForce_RTX_3070,8,
regnety_080,64,32,fp32,45.75697708129883,False,NVIDIA_GeForce_RTX_3070,8,
regnety_080,64,64,bf16,34.41289520263672,False,NVIDIA_GeForce_RTX_3070,8,
regnety_080,64,64,fp16,32.741886138916016,False,NVIDIA_GeForce_RTX_3070,8,
regnety_080,64,64,fp32,61.21673583984375,False,NVIDIA_GeForce_RTX_3070,8,
regnety_080,128,16,bf16,31.229440689086918,False,NVIDIA_GeForce_RTX_3070,8,
regnety_080,128,16,fp16,29.75166320800781,False,NVIDIA_GeForce_RTX_3070,8,
regnety_080,128,16,fp32,61.28478240966797,False,NVIDIA_GeForce_RTX_3070,8,
regnety_080,128,32,bf16,52.20694351196289,False,NVIDIA_GeForce_RTX_3070,8,
regnety_080,128,32,fp16,50.20294570922852,False,NVIDIA_GeForce_RTX_3070,8,
regnety_080,128,32,fp32,95.78966522216795,False,NVIDIA_GeForce_RTX_3070,8,
regnety_080,128,64,bf16,95.28880310058594,False,NVIDIA_GeForce_RTX_3070,8,
regnety_080,128,64,fp16,90.99665832519533,False,NVIDIA_GeForce_RTX_3070,8,
regnety_080,128,64,fp32,178.19793701171875,False,NVIDIA_GeForce_RTX_3070,8,
regnety_080,224,16,bf16,81.54590606689453,False,NVIDIA_GeForce_RTX_3070,8,
regnety_080,224,16,fp16,78.03801727294922,False,NVIDIA_GeForce_RTX_3070,8,
regnety_080,224,16,fp32,172.4923095703125,False,NVIDIA_GeForce_RTX_3070,8,
regnety_080,224,32,bf16,142.3190155029297,False,NVIDIA_GeForce_RTX_3070,8,
regnety_080,224,32,fp16,132.65203857421875,False,NVIDIA_GeForce_RTX_3070,8,
regnety_080,224,32,fp32,,True,NVIDIA_GeForce_RTX_3070,8,
regnety_080,224,64,bf16,,True,NVIDIA_GeForce_RTX_3070,8,
regnety_080,224,64,fp16,,True,NVIDIA_GeForce_RTX_3070,8,
regnety_080,224,64,fp32,,True,NVIDIA_GeForce_RTX_3070,8,
regnety_160,64,16,bf16,105.77777862548828,False,NVIDIA_GeForce_RTX_3070,8,
regnety_160,64,16,fp16,109.57707214355467,False,NVIDIA_GeForce_RTX_3070,8,
regnety_160,64,16,fp32,45.71271896362305,False,NVIDIA_GeForce_RTX_3070,8,
regnety_160,64,32,bf16,185.6595764160156,False,NVIDIA_GeForce_RTX_3070,8,
regnety_160,64,32,fp16,186.3910369873047,False,NVIDIA_GeForce_RTX_3070,8,
regnety_160,64,32,fp32,71.9846420288086,False,NVIDIA_GeForce_RTX_3070,8,
regnety_160,64,64,bf16,313.9691467285156,False,NVIDIA_GeForce_RTX_3070,8,
regnety_160,64,64,fp16,315.6137084960937,False,NVIDIA_GeForce_RTX_3070,8,slow_outlier
regnety_160,64,64,fp32,117.32569885253906,False,NVIDIA_GeForce_RTX_3070,8,
regnety_160,128,16,bf16,119.04460906982422,False,NVIDIA_GeForce_RTX_3070,8,
regnety_160,128,16,fp16,119.57778930664062,False,NVIDIA_GeForce_RTX_3070,8,
regnety_160,128,16,fp32,86.4480972290039,False,NVIDIA_GeForce_RTX_3070,8,
regnety_160,128,32,bf16,222.62786865234372,False,NVIDIA_GeForce_RTX_3070,8,
regnety_160,128,32,fp16,233.18081665039065,False,NVIDIA_GeForce_RTX_3070,8,
regnety_160,128,32,fp32,162.10166931152344,False,NVIDIA_GeForce_RTX_3070,8,
regnety_160,128,64,bf16,151.06723022460938,False,NVIDIA_GeForce_RTX_3070,8,
regnety_160,128,64,fp16,147.0689697265625,False,NVIDIA_GeForce_RTX_3070,8,
regnety_160,128,64,fp32,,True,NVIDIA_GeForce_RTX_3070,8,
regnety_160,224,16,bf16,187.07046508789065,False,NVIDIA_GeForce_RTX_3070,8,
regnety_160,224,16,fp16,182.4977264404297,False,NVIDIA_GeForce_RTX_3070,8,
regnety_160,224,16,fp32,752.4141845703125,False,NVIDIA_GeForce_RTX_3070,8,slow_outlier
regnety_160,224,32,bf16,,True,NVIDIA_GeForce_RTX_3070,8,
regnety_160,224,32,fp16,,True,NVIDIA_GeForce_RTX_3070,8,
regnety_160,224,32,fp32,,True,NVIDIA_GeForce_RTX_3070,8,
regnety_160,224,64,bf16,,True,NVIDIA_GeForce_RTX_3070,8,
regnety_160,224,64,fp16,,True,NVIDIA_GeForce_RTX_3070,8,
regnety_160,224,64,fp32,,True,NVIDIA_GeForce_RTX_3070,8,
regnety_320,64,16,bf16,50.998783111572266,False,NVIDIA_GeForce_RTX_3070,8,
regnety_320,64,16,fp16,58.42691040039063,False,NVIDIA_GeForce_RTX_3070,8,
regnety_320,64,16,fp32,64.60356903076172,False,NVIDIA_GeForce_RTX_3070,8,
regnety_320,64,32,bf16,60.92748641967773,False,NVIDIA_GeForce_RTX_3070,8,
regnety_320,64,32,fp16,61.286399841308594,False,NVIDIA_GeForce_RTX_3070,8,
regnety_320,64,32,fp32,101.76412963867188,False,NVIDIA_GeForce_RTX_3070,8,
regnety_320,64,64,bf16,90.0066909790039,False,NVIDIA_GeForce_RTX_3070,8,
regnety_320,64,64,fp16,91.36748504638672,False,NVIDIA_GeForce_RTX_3070,8,
regnety_320,64,64,fp32,157.92991638183594,False,NVIDIA_GeForce_RTX_3070,8,
regnety_320,128,16,bf16,83.47560119628906,False,NVIDIA_GeForce_RTX_3070,8,
regnety_320,128,16,fp16,79.73216247558594,False,NVIDIA_GeForce_RTX_3070,8,
regnety_320,128,16,fp32,126.1430206298828,False,NVIDIA_GeForce_RTX_3070,8,
regnety_320,128,32,bf16,133.22132873535156,False,NVIDIA_GeForce_RTX_3070,8,
regnety_320,128,32,fp16,127.2965087890625,False,NVIDIA_GeForce_RTX_3070,8,
regnety_320,128,32,fp32,224.79769897460935,False,NVIDIA_GeForce_RTX_3070,8,
regnety_320,128,64,bf16,236.0227813720703,False,NVIDIA_GeForce_RTX_3070,8,
regnety_320,128,64,fp16,222.90328979492188,False,NVIDIA_GeForce_RTX_3070,8,
regnety_320,128,64,fp32,,True,NVIDIA_GeForce_RTX_3070,8,
regnety_320,224,16,bf16,189.9766540527344,False,NVIDIA_GeForce_RTX_3070,8,
regnety_320,224,16,fp16,181.7194366455078,False,NVIDIA_GeForce_RTX_3070,8,
regnety_320,224,16,fp32,,True,NVIDIA_GeForce_RTX_3070,8,
regnety_320,224,32,bf16,,True,NVIDIA_GeForce_RTX_3070,8,
regnety_320,224,32,fp16,,True,NVIDIA_GeForce_RTX_3070,8,
regnety_320,224,32,fp32,,True,NVIDIA_GeForce_RTX_3070,8,
regnety_320,224,64,bf16,,True,NVIDIA_GeForce_RTX_3070,8,
regnety_320,224,64,fp16,,True,NVIDIA_GeForce_RTX_3070,8,
regnety_320,224,64,fp32,,True,NVIDIA_GeForce_RTX_3070,8,
repvgg_a2,64,16,bf16,11.14419174194336,False,NVIDIA_GeForce_RTX_3070,8,
repvgg_a2,64,16,fp16,10.84774398803711,False,NVIDIA_GeForce_RTX_3070,8,
repvgg_a2,64,16,fp32,13.49068832397461,False,NVIDIA_GeForce_RTX_3070,8,
repvgg_a2,64,32,bf16,14.732640266418455,False,NVIDIA_GeForce_RTX_3070,8,
repvgg_a2,64,32,fp16,14.09382438659668,False,NVIDIA_GeForce_RTX_3070,8,
repvgg_a2,64,32,fp32,17.964031219482422,False,NVIDIA_GeForce_RTX_3070,8,
repvgg_a2,64,64,bf16,21.420543670654297,False,NVIDIA_GeForce_RTX_3070,8,
repvgg_a2,64,64,fp16,21.314048767089844,False,NVIDIA_GeForce_RTX_3070,8,
repvgg_a2,64,64,fp32,26.967039108276367,False,NVIDIA_GeForce_RTX_3070,8,
repvgg_a2,128,16,bf16,18.534400939941406,False,NVIDIA_GeForce_RTX_3070,8,
repvgg_a2,128,16,fp16,17.682880401611328,False,NVIDIA_GeForce_RTX_3070,8,
repvgg_a2,128,16,fp32,26.075647354125977,False,NVIDIA_GeForce_RTX_3070,8,
repvgg_a2,128,32,bf16,30.07846450805664,False,NVIDIA_GeForce_RTX_3070,8,
repvgg_a2,128,32,fp16,28.075008392333984,False,NVIDIA_GeForce_RTX_3070,8,
repvgg_a2,128,32,fp32,45.4911994934082,False,NVIDIA_GeForce_RTX_3070,8,
repvgg_a2,128,64,bf16,50.82712173461914,False,NVIDIA_GeForce_RTX_3070,8,
repvgg_a2,128,64,fp16,47.493614196777344,False,NVIDIA_GeForce_RTX_3070,8,
repvgg_a2,128,64,fp32,82.83187103271484,False,NVIDIA_GeForce_RTX_3070,8,
repvgg_a2,224,16,bf16,39.29492950439453,False,NVIDIA_GeForce_RTX_3070,8,
repvgg_a2,224,16,fp16,37.21099090576172,False,NVIDIA_GeForce_RTX_3070,8,
repvgg_a2,224,16,fp32,64.14080047607422,False,NVIDIA_GeForce_RTX_3070,8,
repvgg_a2,224,32,bf16,74.99314880371094,False,NVIDIA_GeForce_RTX_3070,8,
repvgg_a2,224,32,fp16,69.72518157958984,False,NVIDIA_GeForce_RTX_3070,8,
repvgg_a2,224,32,fp32,127.47264099121094,False,NVIDIA_GeForce_RTX_3070,8,
repvgg_a2,224,64,bf16,134.35838317871094,False,NVIDIA_GeForce_RTX_3070,8,
repvgg_a2,224,64,fp16,124.8322525024414,False,NVIDIA_GeForce_RTX_3070,8,
repvgg_a2,224,64,fp32,235.98080444335935,False,NVIDIA_GeForce_RTX_3070,8,
resmlp_24_224,64,16,bf16,11.129664421081545,False,NVIDIA_GeForce_RTX_3070,8,
resmlp_24_224,64,16,fp16,10.532352447509766,False,NVIDIA_GeForce_RTX_3070,8,
resmlp_24_224,64,16,fp32,13.453200340270996,False,NVIDIA_GeForce_RTX_3070,8,
resmlp_24_224,64,32,bf16,14.063023567199709,False,NVIDIA_GeForce_RTX_3070,8,
resmlp_24_224,64,32,fp16,13.499903678894045,False,NVIDIA_GeForce_RTX_3070,8,
resmlp_24_224,64,32,fp32,19.87276840209961,False,NVIDIA_GeForce_RTX_3070,8,
resmlp_24_224,64,64,bf16,19.800031661987305,False,NVIDIA_GeForce_RTX_3070,8,
resmlp_24_224,64,64,fp16,19.312095642089844,False,NVIDIA_GeForce_RTX_3070,8,
resmlp_24_224,64,64,fp32,31.3625602722168,False,NVIDIA_GeForce_RTX_3070,8,
resmlp_24_224,128,16,bf16,19.992576599121094,False,NVIDIA_GeForce_RTX_3070,8,
resmlp_24_224,128,16,fp16,19.817279815673828,False,NVIDIA_GeForce_RTX_3070,8,
resmlp_24_224,128,16,fp32,31.34003257751465,False,NVIDIA_GeForce_RTX_3070,8,
resmlp_24_224,128,32,bf16,34.806785583496094,False,NVIDIA_GeForce_RTX_3070,8,
resmlp_24_224,128,32,fp16,33.94764709472656,False,NVIDIA_GeForce_RTX_3070,8,
resmlp_24_224,128,32,fp32,57.15660858154297,False,NVIDIA_GeForce_RTX_3070,8,
resmlp_24_224,128,64,bf16,64.02559661865234,False,NVIDIA_GeForce_RTX_3070,8,
resmlp_24_224,128,64,fp16,62.51417541503906,False,NVIDIA_GeForce_RTX_3070,8,
resmlp_24_224,128,64,fp32,102.40545654296876,False,NVIDIA_GeForce_RTX_3070,8,
resmlp_24_224,224,16,bf16,49.93791961669922,False,NVIDIA_GeForce_RTX_3070,8,
resmlp_24_224,224,16,fp16,50.73388671875,False,NVIDIA_GeForce_RTX_3070,8,
resmlp_24_224,224,16,fp32,87.47622680664062,False,NVIDIA_GeForce_RTX_3070,8,
resmlp_24_224,224,32,bf16,92.63191986083984,False,NVIDIA_GeForce_RTX_3070,8,
resmlp_24_224,224,32,fp16,92.58854675292967,False,NVIDIA_GeForce_RTX_3070,8,
resmlp_24_224,224,32,fp32,156.32998657226562,False,NVIDIA_GeForce_RTX_3070,8,
resmlp_24_224,224,64,bf16,173.75929260253906,False,NVIDIA_GeForce_RTX_3070,8,
resmlp_24_224,224,64,fp16,170.78732299804688,False,NVIDIA_GeForce_RTX_3070,8,
resmlp_24_224,224,64,fp32,,True,NVIDIA_GeForce_RTX_3070,8,
resnet101,64,16,bf16,19.79136085510254,False,NVIDIA_GeForce_RTX_3070,8,
resnet101,64,16,fp16,19.047935485839844,False,NVIDIA_GeForce_RTX_3070,8,
resnet101,64,16,fp32,26.95356750488281,False,NVIDIA_GeForce_RTX_3070,8,
resnet101,64,32,bf16,27.267072677612305,False,NVIDIA_GeForce_RTX_3070,8,
resnet101,64,32,fp16,24.731584548950195,False,NVIDIA_GeForce_RTX_3070,8,
resnet101,64,32,fp32,32.864768981933594,False,NVIDIA_GeForce_RTX_3070,8,
resnet101,64,64,bf16,33.08595275878906,False,NVIDIA_GeForce_RTX_3070,8,
resnet101,64,64,fp16,29.21656036376953,False,NVIDIA_GeForce_RTX_3070,8,
resnet101,64,64,fp32,51.85996627807617,False,NVIDIA_GeForce_RTX_3070,8,
resnet101,128,16,bf16,28.600831985473636,False,NVIDIA_GeForce_RTX_3070,8,
resnet101,128,16,fp16,26.80620765686035,False,NVIDIA_GeForce_RTX_3070,8,
resnet101,128,16,fp32,43.32236862182617,False,NVIDIA_GeForce_RTX_3070,8,
resnet101,128,32,bf16,46.56383895874024,False,NVIDIA_GeForce_RTX_3070,8,
resnet101,128,32,fp16,43.3699836730957,False,NVIDIA_GeForce_RTX_3070,8,
resnet101,128,32,fp32,75.64543914794922,False,NVIDIA_GeForce_RTX_3070,8,
resnet101,128,64,bf16,81.75718688964844,False,NVIDIA_GeForce_RTX_3070,8,
resnet101,128,64,fp16,75.81696319580078,False,NVIDIA_GeForce_RTX_3070,8,
resnet101,128,64,fp32,135.76754760742188,False,NVIDIA_GeForce_RTX_3070,8,
resnet101,224,16,bf16,67.24864196777344,False,NVIDIA_GeForce_RTX_3070,8,
resnet101,224,16,fp16,62.65745544433594,False,NVIDIA_GeForce_RTX_3070,8,
resnet101,224,16,fp32,108.2751235961914,False,NVIDIA_GeForce_RTX_3070,8,
resnet101,224,32,bf16,121.65617370605467,False,NVIDIA_GeForce_RTX_3070,8,
resnet101,224,32,fp16,111.58370971679688,False,NVIDIA_GeForce_RTX_3070,8,
resnet101,224,32,fp32,209.64096069335935,False,NVIDIA_GeForce_RTX_3070,8,
resnet101,224,64,bf16,231.21766662597656,False,NVIDIA_GeForce_RTX_3070,8,
resnet101,224,64,fp16,213.74362182617188,False,NVIDIA_GeForce_RTX_3070,8,
resnet101,224,64,fp32,,True,NVIDIA_GeForce_RTX_3070,8,
resnet152,64,16,bf16,28.2741756439209,False,NVIDIA_GeForce_RTX_3070,8,
resnet152,64,16,fp16,27.278335571289062,False,NVIDIA_GeForce_RTX_3070,8,
resnet152,64,16,fp32,39.06039810180664,False,NVIDIA_GeForce_RTX_3070,8,
resnet152,64,32,bf16,38.076751708984375,False,NVIDIA_GeForce_RTX_3070,8,
resnet152,64,32,fp16,35.901424407958984,False,NVIDIA_GeForce_RTX_3070,8,
resnet152,64,32,fp32,46.82700729370117,False,NVIDIA_GeForce_RTX_3070,8,
resnet152,64,64,bf16,46.56588745117188,False,NVIDIA_GeForce_RTX_3070,8,
resnet152,64,64,fp16,41.52983856201172,False,NVIDIA_GeForce_RTX_3070,8,
resnet152,64,64,fp32,72.48638153076172,False,NVIDIA_GeForce_RTX_3070,8,
resnet152,128,16,bf16,40.755104064941406,False,NVIDIA_GeForce_RTX_3070,8,
resnet152,128,16,fp16,38.54489517211914,False,NVIDIA_GeForce_RTX_3070,8,
resnet152,128,16,fp32,60.8384017944336,False,NVIDIA_GeForce_RTX_3070,8,
resnet152,128,32,bf16,66.0324478149414,False,NVIDIA_GeForce_RTX_3070,8,
resnet152,128,32,fp16,61.64838409423828,False,NVIDIA_GeForce_RTX_3070,8,
resnet152,128,32,fp32,107.28900909423828,False,NVIDIA_GeForce_RTX_3070,8,
resnet152,128,64,bf16,115.71609497070312,False,NVIDIA_GeForce_RTX_3070,8,
resnet152,128,64,fp16,107.21842956542967,False,NVIDIA_GeForce_RTX_3070,8,
resnet152,128,64,fp32,192.4309234619141,False,NVIDIA_GeForce_RTX_3070,8,
resnet152,224,16,bf16,95.6211166381836,False,NVIDIA_GeForce_RTX_3070,8,
resnet152,224,16,fp16,88.53094482421875,False,NVIDIA_GeForce_RTX_3070,8,
resnet152,224,16,fp32,154.0167694091797,False,NVIDIA_GeForce_RTX_3070,8,
resnet152,224,32,bf16,172.5982666015625,False,NVIDIA_GeForce_RTX_3070,8,
resnet152,224,32,fp16,170.6997833251953,False,NVIDIA_GeForce_RTX_3070,8,
resnet152,224,32,fp32,,True,NVIDIA_GeForce_RTX_3070,8,
resnet152,224,64,bf16,,True,NVIDIA_GeForce_RTX_3070,8,
resnet152,224,64,fp16,,True,NVIDIA_GeForce_RTX_3070,8,
resnet152,224,64,fp32,,True,NVIDIA_GeForce_RTX_3070,8,
resnet18,64,16,bf16,4.217199802398682,False,NVIDIA_GeForce_RTX_3070,8,
resnet18,64,16,fp16,4.073472023010254,False,NVIDIA_GeForce_RTX_3070,8,
resnet18,64,16,fp32,4.86195182800293,False,NVIDIA_GeForce_RTX_3070,8,
resnet18,64,32,bf16,5.249536037445068,False,NVIDIA_GeForce_RTX_3070,8,
resnet18,64,32,fp16,4.981167793273926,False,NVIDIA_GeForce_RTX_3070,8,
resnet18,64,32,fp32,6.404607772827148,False,NVIDIA_GeForce_RTX_3070,8,
resnet18,64,64,bf16,7.249407768249512,False,NVIDIA_GeForce_RTX_3070,8,
resnet18,64,64,fp16,6.767104148864746,False,NVIDIA_GeForce_RTX_3070,8,
resnet18,64,64,fp32,9.60204792022705,False,NVIDIA_GeForce_RTX_3070,8,
resnet18,128,16,bf16,6.83673620223999,False,NVIDIA_GeForce_RTX_3070,8,
resnet18,128,16,fp16,6.533120155334473,False,NVIDIA_GeForce_RTX_3070,8,
resnet18,128,16,fp32,9.286144256591797,False,NVIDIA_GeForce_RTX_3070,8,
resnet18,128,32,bf16,10.779135704040527,False,NVIDIA_GeForce_RTX_3070,8,
resnet18,128,32,fp16,10.082816123962402,False,NVIDIA_GeForce_RTX_3070,8,
resnet18,128,32,fp32,15.729663848876951,False,NVIDIA_GeForce_RTX_3070,8,
resnet18,128,64,bf16,18.466127395629883,False,NVIDIA_GeForce_RTX_3070,8,
resnet18,128,64,fp16,17.095680236816406,False,NVIDIA_GeForce_RTX_3070,8,
resnet18,128,64,fp32,28.224000930786133,False,NVIDIA_GeForce_RTX_3070,8,
resnet18,224,16,bf16,15.615488052368164,False,NVIDIA_GeForce_RTX_3070,8,
resnet18,224,16,fp16,14.552576065063477,False,NVIDIA_GeForce_RTX_3070,8,
resnet18,224,16,fp32,23.619007110595703,False,NVIDIA_GeForce_RTX_3070,8,
resnet18,224,32,bf16,27.070463180541992,False,NVIDIA_GeForce_RTX_3070,8,
resnet18,224,32,fp16,25.054208755493164,False,NVIDIA_GeForce_RTX_3070,8,
resnet18,224,32,fp32,43.30752182006836,False,NVIDIA_GeForce_RTX_3070,8,
resnet18,224,64,bf16,50.94707107543945,False,NVIDIA_GeForce_RTX_3070,8,
resnet18,224,64,fp16,47.24940872192383,False,NVIDIA_GeForce_RTX_3070,8,
resnet18,224,64,fp32,83.05305480957031,False,NVIDIA_GeForce_RTX_3070,8,
resnet200,64,16,bf16,33.10745620727539,False,NVIDIA_GeForce_RTX_3070,8,
resnet200,64,16,fp16,31.93907165527344,False,NVIDIA_GeForce_RTX_3070,8,
resnet200,64,16,fp32,44.81689453125,False,NVIDIA_GeForce_RTX_3070,8,
resnet200,64,32,bf16,45.45638275146485,False,NVIDIA_GeForce_RTX_3070,8,
resnet200,64,32,fp16,42.49087905883789,False,NVIDIA_GeForce_RTX_3070,8,
resnet200,64,32,fp32,57.5506706237793,False,NVIDIA_GeForce_RTX_3070,8,
resnet200,64,64,bf16,57.87340927124024,False,NVIDIA_GeForce_RTX_3070,8,
resnet200,64,64,fp16,52.38374328613281,False,NVIDIA_GeForce_RTX_3070,8,
resnet200,64,64,fp32,91.30035400390624,False,NVIDIA_GeForce_RTX_3070,8,
resnet200,128,16,bf16,52.81889724731445,False,NVIDIA_GeForce_RTX_3070,8,
resnet200,128,16,fp16,49.94303894042969,False,NVIDIA_GeForce_RTX_3070,8,
resnet200,128,16,fp32,78.07279968261719,False,NVIDIA_GeForce_RTX_3070,8,
resnet200,128,32,bf16,86.47097778320312,False,NVIDIA_GeForce_RTX_3070,8,
resnet200,128,32,fp16,80.4669418334961,False,NVIDIA_GeForce_RTX_3070,8,
resnet200,128,32,fp32,141.06411743164062,False,NVIDIA_GeForce_RTX_3070,8,
resnet200,128,64,bf16,155.8446044921875,False,NVIDIA_GeForce_RTX_3070,8,
resnet200,128,64,fp16,143.21400451660156,False,NVIDIA_GeForce_RTX_3070,8,
resnet200,128,64,fp32,945.5420532226562,False,NVIDIA_GeForce_RTX_3070,8,precision_artifact
resnet200,224,16,bf16,126.03801727294922,False,NVIDIA_GeForce_RTX_3070,8,
resnet200,224,16,fp16,115.77804565429688,False,NVIDIA_GeForce_RTX_3070,8,
resnet200,224,16,fp32,208.2406463623047,False,NVIDIA_GeForce_RTX_3070,8,
resnet200,224,32,bf16,229.95851135253903,False,NVIDIA_GeForce_RTX_3070,8,
resnet200,224,32,fp16,209.3634490966797,False,NVIDIA_GeForce_RTX_3070,8,
resnet200,224,32,fp32,,True,NVIDIA_GeForce_RTX_3070,8,
resnet200,224,64,bf16,,True,NVIDIA_GeForce_RTX_3070,8,
resnet200,224,64,fp16,,True,NVIDIA_GeForce_RTX_3070,8,
resnet200,224,64,fp32,,True,NVIDIA_GeForce_RTX_3070,8,
resnet50,64,16,bf16,10.354991912841797,False,NVIDIA_GeForce_RTX_3070,8,
resnet50,64,16,fp16,9.840975761413574,False,NVIDIA_GeForce_RTX_3070,8,
resnet50,64,16,fp32,13.753664016723633,False,NVIDIA_GeForce_RTX_3070,8,
resnet50,64,32,bf16,13.82750415802002,False,NVIDIA_GeForce_RTX_3070,8,
resnet50,64,32,fp16,12.728320121765137,False,NVIDIA_GeForce_RTX_3070,8,
resnet50,64,32,fp32,19.006975173950195,False,NVIDIA_GeForce_RTX_3070,8,
resnet50,64,64,bf16,19.33209609985352,False,NVIDIA_GeForce_RTX_3070,8,
resnet50,64,64,fp16,17.024368286132812,False,NVIDIA_GeForce_RTX_3070,8,
resnet50,64,64,fp32,30.27547264099121,False,NVIDIA_GeForce_RTX_3070,8,
resnet50,128,16,bf16,17.193424224853516,False,NVIDIA_GeForce_RTX_3070,8,
resnet50,128,16,fp16,15.927807807922363,False,NVIDIA_GeForce_RTX_3070,8,
resnet50,128,16,fp32,26.122751235961918,False,NVIDIA_GeForce_RTX_3070,8,
resnet50,128,32,bf16,27.88145637512207,False,NVIDIA_GeForce_RTX_3070,8,
resnet50,128,32,fp16,25.626623153686523,False,NVIDIA_GeForce_RTX_3070,8,
resnet50,128,32,fp32,45.66835021972656,False,NVIDIA_GeForce_RTX_3070,8,
resnet50,128,64,bf16,50.209617614746094,False,NVIDIA_GeForce_RTX_3070,8,
resnet50,128,64,fp16,46.13118362426758,False,NVIDIA_GeForce_RTX_3070,8,
resnet50,128,64,fp32,83.10062408447266,False,NVIDIA_GeForce_RTX_3070,8,
resnet50,224,16,bf16,40.2237434387207,False,NVIDIA_GeForce_RTX_3070,8,
resnet50,224,16,fp16,37.4021110534668,False,NVIDIA_GeForce_RTX_3070,8,
resnet50,224,16,fp32,65.53395080566406,False,NVIDIA_GeForce_RTX_3070,8,
resnet50,224,32,bf16,72.9384994506836,False,NVIDIA_GeForce_RTX_3070,8,
resnet50,224,32,fp16,66.9122543334961,False,NVIDIA_GeForce_RTX_3070,8,
resnet50,224,32,fp32,125.5695343017578,False,NVIDIA_GeForce_RTX_3070,8,
resnet50,224,64,bf16,139.03103637695312,False,NVIDIA_GeForce_RTX_3070,8,
resnet50,224,64,fp16,129.5675811767578,False,NVIDIA_GeForce_RTX_3070,8,
resnet50,224,64,fp32,,True,NVIDIA_GeForce_RTX_3070,8,
resnext101_64x4d,64,16,bf16,29.042560577392575,False,NVIDIA_GeForce_RTX_3070,8,
resnext101_64x4d,64,16,fp16,27.999744415283203,False,NVIDIA_GeForce_RTX_3070,8,
resnext101_64x4d,64,16,fp32,63.830528259277344,False,NVIDIA_GeForce_RTX_3070,8,
resnext101_64x4d,64,32,bf16,38.11223983764648,False,NVIDIA_GeForce_RTX_3070,8,
resnext101_64x4d,64,32,fp16,35.91526412963867,False,NVIDIA_GeForce_RTX_3070,8,
resnext101_64x4d,64,32,fp32,76.57933044433594,False,NVIDIA_GeForce_RTX_3070,8,
resnext101_64x4d,64,64,bf16,57.19193649291992,False,NVIDIA_GeForce_RTX_3070,8,
resnext101_64x4d,64,64,fp16,51.468223571777344,False,NVIDIA_GeForce_RTX_3070,8,
resnext101_64x4d,64,64,fp32,141.50502014160156,False,NVIDIA_GeForce_RTX_3070,8,
resnext101_64x4d,128,16,bf16,51.097599029541016,False,NVIDIA_GeForce_RTX_3070,8,
resnext101_64x4d,128,16,fp16,48.10291290283203,False,NVIDIA_GeForce_RTX_3070,8,
resnext101_64x4d,128,16,fp32,107.00748443603516,False,NVIDIA_GeForce_RTX_3070,8,
resnext101_64x4d,128,32,bf16,86.26175689697266,False,NVIDIA_GeForce_RTX_3070,8,
resnext101_64x4d,128,32,fp16,81.42233276367188,False,NVIDIA_GeForce_RTX_3070,8,
resnext101_64x4d,128,32,fp32,177.3614044189453,False,NVIDIA_GeForce_RTX_3070,8,
resnext101_64x4d,128,64,bf16,159.75885009765625,False,NVIDIA_GeForce_RTX_3070,8,
resnext101_64x4d,128,64,fp16,146.66342163085938,False,NVIDIA_GeForce_RTX_3070,8,
resnext101_64x4d,128,64,fp32,13499.6162109375,False,NVIDIA_GeForce_RTX_3070,8,precision_artifact
resnext101_64x4d,224,16,bf16,128.50790405273438,False,NVIDIA_GeForce_RTX_3070,8,
resnext101_64x4d,224,16,fp16,118.57151794433594,False,NVIDIA_GeForce_RTX_3070,8,
resnext101_64x4d,224,16,fp32,247.4596710205078,False,NVIDIA_GeForce_RTX_3070,8,
resnext101_64x4d,224,32,bf16,235.8394927978516,False,NVIDIA_GeForce_RTX_3070,8,
resnext101_64x4d,224,32,fp16,397.3483581542969,False,NVIDIA_GeForce_RTX_3070,8,
resnext101_64x4d,224,32,fp32,,True,NVIDIA_GeForce_RTX_3070,8,
resnext101_64x4d,224,64,bf16,,True,NVIDIA_GeForce_RTX_3070,8,
resnext101_64x4d,224,64,fp16,,True,NVIDIA_GeForce_RTX_3070,8,
resnext101_64x4d,224,64,fp32,,True,NVIDIA_GeForce_RTX_3070,8,
resnext50_32x4d,64,16,bf16,10.143712043762209,False,NVIDIA_GeForce_RTX_3070,8,
resnext50_32x4d,64,16,fp16,9.558927536010742,False,NVIDIA_GeForce_RTX_3070,8,
resnext50_32x4d,64,16,fp32,17.40065574645996,False,NVIDIA_GeForce_RTX_3070,8,
resnext50_32x4d,64,32,bf16,13.603839874267578,False,NVIDIA_GeForce_RTX_3070,8,
resnext50_32x4d,64,32,fp16,12.452752113342283,False,NVIDIA_GeForce_RTX_3070,8,
resnext50_32x4d,64,32,fp32,24.497072219848636,False,NVIDIA_GeForce_RTX_3070,8,
resnext50_32x4d,64,64,bf16,21.82963180541992,False,NVIDIA_GeForce_RTX_3070,8,
resnext50_32x4d,64,64,fp16,19.078128814697266,False,NVIDIA_GeForce_RTX_3070,8,
resnext50_32x4d,64,64,fp32,39.57246398925781,False,NVIDIA_GeForce_RTX_3070,8,
resnext50_32x4d,128,16,bf16,18.983936309814453,False,NVIDIA_GeForce_RTX_3070,8,
resnext50_32x4d,128,16,fp16,17.288623809814453,False,NVIDIA_GeForce_RTX_3070,8,
resnext50_32x4d,128,16,fp32,30.793664932250977,False,NVIDIA_GeForce_RTX_3070,8,
resnext50_32x4d,128,32,bf16,31.75833511352539,False,NVIDIA_GeForce_RTX_3070,8,
resnext50_32x4d,128,32,fp16,29.113344192504883,False,NVIDIA_GeForce_RTX_3070,8,
resnext50_32x4d,128,32,fp32,57.84576034545898,False,NVIDIA_GeForce_RTX_3070,8,
resnext50_32x4d,128,64,bf16,59.11742401123047,False,NVIDIA_GeForce_RTX_3070,8,
resnext50_32x4d,128,64,fp16,54.1214714050293,False,NVIDIA_GeForce_RTX_3070,8,
resnext50_32x4d,128,64,fp32,105.61331176757812,False,NVIDIA_GeForce_RTX_3070,8,
resnext50_32x4d,224,16,bf16,47.949310302734375,False,NVIDIA_GeForce_RTX_3070,8,
resnext50_32x4d,224,16,fp16,42.83187103271485,False,NVIDIA_GeForce_RTX_3070,8,
resnext50_32x4d,224,16,fp32,82.46116638183594,False,NVIDIA_GeForce_RTX_3070,8,
resnext50_32x4d,224,32,bf16,87.13728332519531,False,NVIDIA_GeForce_RTX_3070,8,
resnext50_32x4d,224,32,fp16,79.89657592773438,False,NVIDIA_GeForce_RTX_3070,8,
resnext50_32x4d,224,32,fp32,159.96876525878906,False,NVIDIA_GeForce_RTX_3070,8,
resnext50_32x4d,224,64,bf16,169.45706176757812,False,NVIDIA_GeForce_RTX_3070,8,
resnext50_32x4d,224,64,fp16,156.6878662109375,False,NVIDIA_GeForce_RTX_3070,8,
resnext50_32x4d,224,64,fp32,,True,NVIDIA_GeForce_RTX_3070,8,
swin_base_patch4_window7_224,64,16,bf16,27.46006393432617,False,NVIDIA_GeForce_RTX_3070,8,
swin_base_patch4_window7_224,64,16,fp16,27.36319923400879,False,NVIDIA_GeForce_RTX_3070,8,
swin_base_patch4_window7_224,64,16,fp32,37.42873764038086,False,NVIDIA_GeForce_RTX_3070,8,
swin_base_patch4_window7_224,64,32,bf16,36.73190307617188,False,NVIDIA_GeForce_RTX_3070,8,
swin_base_patch4_window7_224,64,32,fp16,36.48699188232422,False,NVIDIA_GeForce_RTX_3070,8,
swin_base_patch4_window7_224,64,32,fp32,56.91084671020508,False,NVIDIA_GeForce_RTX_3070,8,
swin_base_patch4_window7_224,64,64,bf16,55.90528106689453,False,NVIDIA_GeForce_RTX_3070,8,
swin_base_patch4_window7_224,64,64,fp16,54.97446441650391,False,NVIDIA_GeForce_RTX_3070,8,
swin_base_patch4_window7_224,64,64,fp32,98.30963134765624,False,NVIDIA_GeForce_RTX_3070,8,
swin_base_patch4_window7_224,128,16,bf16,76.76569366455078,False,NVIDIA_GeForce_RTX_3070,8,
swin_base_patch4_window7_224,128,16,fp16,76.27008056640625,False,NVIDIA_GeForce_RTX_3070,8,
swin_base_patch4_window7_224,128,16,fp32,135.34361267089844,False,NVIDIA_GeForce_RTX_3070,8,
swin_base_patch4_window7_224,128,32,bf16,130.98789978027344,False,NVIDIA_GeForce_RTX_3070,8,
swin_base_patch4_window7_224,128,32,fp16,132.50611877441406,False,NVIDIA_GeForce_RTX_3070,8,
swin_base_patch4_window7_224,128,32,fp32,252.5665283203125,False,NVIDIA_GeForce_RTX_3070,8,
swin_base_patch4_window7_224,128,64,bf16,1040.1416015625,False,NVIDIA_GeForce_RTX_3070,8,slow_outlier
swin_base_patch4_window7_224,128,64,fp16,1062.95947265625,False,NVIDIA_GeForce_RTX_3070,8,slow_outlier
swin_base_patch4_window7_224,128,64,fp32,,True,NVIDIA_GeForce_RTX_3070,8,
swin_base_patch4_window7_224,224,16,bf16,129.10182189941406,False,NVIDIA_GeForce_RTX_3070,8,
swin_base_patch4_window7_224,224,16,fp16,128.09718322753906,False,NVIDIA_GeForce_RTX_3070,8,
swin_base_patch4_window7_224,224,16,fp32,233.8805694580078,False,NVIDIA_GeForce_RTX_3070,8,
swin_base_patch4_window7_224,224,32,bf16,502.6421813964844,False,NVIDIA_GeForce_RTX_3070,8,
swin_base_patch4_window7_224,224,32,fp16,515.4851684570312,False,NVIDIA_GeForce_RTX_3070,8,
swin_base_patch4_window7_224,224,32,fp32,,True,NVIDIA_GeForce_RTX_3070,8,
swin_base_patch4_window7_224,224,64,bf16,,True,NVIDIA_GeForce_RTX_3070,8,
swin_base_patch4_window7_224,224,64,fp16,,True,NVIDIA_GeForce_RTX_3070,8,
swin_base_patch4_window7_224,224,64,fp32,,True,NVIDIA_GeForce_RTX_3070,8,
swin_tiny_patch4_window7_224,64,16,bf16,11.202560424804688,False,NVIDIA_GeForce_RTX_3070,8,
swin_tiny_patch4_window7_224,64,16,fp16,10.82972812652588,False,NVIDIA_GeForce_RTX_3070,8,
swin_tiny_patch4_window7_224,64,16,fp32,15.354368209838867,False,NVIDIA_GeForce_RTX_3070,8,
swin_tiny_patch4_window7_224,64,32,bf16,15.861760139465332,False,NVIDIA_GeForce_RTX_3070,8,
swin_tiny_patch4_window7_224,64,32,fp16,15.52843189239502,False,NVIDIA_GeForce_RTX_3070,8,
swin_tiny_patch4_window7_224,64,32,fp32,24.807279586791992,False,NVIDIA_GeForce_RTX_3070,8,
swin_tiny_patch4_window7_224,64,64,bf16,25.27433586120605,False,NVIDIA_GeForce_RTX_3070,8,
swin_tiny_patch4_window7_224,64,64,fp16,24.92313575744629,False,NVIDIA_GeForce_RTX_3070,8,
swin_tiny_patch4_window7_224,64,64,fp32,42.39155197143555,False,NVIDIA_GeForce_RTX_3070,8,
swin_tiny_patch4_window7_224,128,16,bf16,27.564367294311523,False,NVIDIA_GeForce_RTX_3070,8,
swin_tiny_patch4_window7_224,128,16,fp16,27.53638458251953,False,NVIDIA_GeForce_RTX_3070,8,
swin_tiny_patch4_window7_224,128,16,fp32,47.59134292602539,False,NVIDIA_GeForce_RTX_3070,8,
swin_tiny_patch4_window7_224,128,32,bf16,48.75468826293945,False,NVIDIA_GeForce_RTX_3070,8,
swin_tiny_patch4_window7_224,128,32,fp16,48.54272079467773,False,NVIDIA_GeForce_RTX_3070,8,
swin_tiny_patch4_window7_224,128,32,fp32,86.74747467041016,False,NVIDIA_GeForce_RTX_3070,8,
swin_tiny_patch4_window7_224,128,64,bf16,90.27581024169922,False,NVIDIA_GeForce_RTX_3070,8,
swin_tiny_patch4_window7_224,128,64,fp16,89.56416320800781,False,NVIDIA_GeForce_RTX_3070,8,
swin_tiny_patch4_window7_224,128,64,fp32,165.1532745361328,False,NVIDIA_GeForce_RTX_3070,8,
swin_tiny_patch4_window7_224,224,16,bf16,52.133888244628906,False,NVIDIA_GeForce_RTX_3070,8,
swin_tiny_patch4_window7_224,224,16,fp16,51.805694580078125,False,NVIDIA_GeForce_RTX_3070,8,
swin_tiny_patch4_window7_224,224,16,fp32,92.57933044433594,False,NVIDIA_GeForce_RTX_3070,8,
swin_tiny_patch4_window7_224,224,32,bf16,95.70508575439452,False,NVIDIA_GeForce_RTX_3070,8,
swin_tiny_patch4_window7_224,224,32,fp16,95.28916931152344,False,NVIDIA_GeForce_RTX_3070,8,
swin_tiny_patch4_window7_224,224,32,fp32,172.6571502685547,False,NVIDIA_GeForce_RTX_3070,8,
swin_tiny_patch4_window7_224,224,64,bf16,181.70828247070312,False,NVIDIA_GeForce_RTX_3070,8,
swin_tiny_patch4_window7_224,224,64,fp16,181.52294921875,False,NVIDIA_GeForce_RTX_3070,8,
swin_tiny_patch4_window7_224,224,64,fp32,,True,NVIDIA_GeForce_RTX_3070,8,
swinv2_cr_tiny_ns_224,64,16,bf16,12.011520385742188,False,NVIDIA_GeForce_RTX_3070,8,
swinv2_cr_tiny_ns_224,64,16,fp16,11.602944374084473,False,NVIDIA_GeForce_RTX_3070,8,
swinv2_cr_tiny_ns_224,64,16,fp32,15.467424392700195,False,NVIDIA_GeForce_RTX_3070,8,
swinv2_cr_tiny_ns_224,64,32,bf16,16.201215744018555,False,NVIDIA_GeForce_RTX_3070,8,
swinv2_cr_tiny_ns_224,64,32,fp16,15.803888320922852,False,NVIDIA_GeForce_RTX_3070,8,
swinv2_cr_tiny_ns_224,64,32,fp32,24.1582088470459,False,NVIDIA_GeForce_RTX_3070,8,
swinv2_cr_tiny_ns_224,64,64,bf16,25.473535537719727,False,NVIDIA_GeForce_RTX_3070,8,
swinv2_cr_tiny_ns_224,64,64,fp16,25.09721565246582,False,NVIDIA_GeForce_RTX_3070,8,
swinv2_cr_tiny_ns_224,64,64,fp32,41.84163284301758,False,NVIDIA_GeForce_RTX_3070,8,
swinv2_cr_tiny_ns_224,128,16,bf16,25.10438346862793,False,NVIDIA_GeForce_RTX_3070,8,
swinv2_cr_tiny_ns_224,128,16,fp16,24.68382453918457,False,NVIDIA_GeForce_RTX_3070,8,
swinv2_cr_tiny_ns_224,128,16,fp32,37.56390380859375,False,NVIDIA_GeForce_RTX_3070,8,
swinv2_cr_tiny_ns_224,128,32,bf16,43.81849670410156,False,NVIDIA_GeForce_RTX_3070,8,
swinv2_cr_tiny_ns_224,128,32,fp16,43.2276496887207,False,NVIDIA_GeForce_RTX_3070,8,
swinv2_cr_tiny_ns_224,128,32,fp32,68.71756744384766,False,NVIDIA_GeForce_RTX_3070,8,
swinv2_cr_tiny_ns_224,128,64,bf16,80.32921600341797,False,NVIDIA_GeForce_RTX_3070,8,
swinv2_cr_tiny_ns_224,128,64,fp16,80.71577453613281,False,NVIDIA_GeForce_RTX_3070,8,
swinv2_cr_tiny_ns_224,128,64,fp32,129.81350708007812,False,NVIDIA_GeForce_RTX_3070,8,
swinv2_cr_tiny_ns_224,224,16,bf16,71.28934478759766,False,NVIDIA_GeForce_RTX_3070,8,
swinv2_cr_tiny_ns_224,224,16,fp16,70.67289733886719,False,NVIDIA_GeForce_RTX_3070,8,
swinv2_cr_tiny_ns_224,224,16,fp32,108.76825714111328,False,NVIDIA_GeForce_RTX_3070,8,
swinv2_cr_tiny_ns_224,224,32,bf16,131.31007385253906,False,NVIDIA_GeForce_RTX_3070,8,
swinv2_cr_tiny_ns_224,224,32,fp16,130.46766662597656,False,NVIDIA_GeForce_RTX_3070,8,
swinv2_cr_tiny_ns_224,224,32,fp32,200.0353240966797,False,NVIDIA_GeForce_RTX_3070,8,
swinv2_cr_tiny_ns_224,224,64,bf16,,True,NVIDIA_GeForce_RTX_3070,8,
swinv2_cr_tiny_ns_224,224,64,fp16,,True,NVIDIA_GeForce_RTX_3070,8,
swinv2_cr_tiny_ns_224,224,64,fp32,,True,NVIDIA_GeForce_RTX_3070,8,
twins_pcpvt_small,64,16,bf16,11.002367973327637,False,NVIDIA_GeForce_RTX_3070,8,
twins_pcpvt_small,64,16,fp16,10.92198371887207,False,NVIDIA_GeForce_RTX_3070,8,
twins_pcpvt_small,64,16,fp32,13.889023780822754,False,NVIDIA_GeForce_RTX_3070,8,
twins_pcpvt_small,64,32,bf16,14.58687973022461,False,NVIDIA_GeForce_RTX_3070,8,
twins_pcpvt_small,64,32,fp16,15.025152206420898,False,NVIDIA_GeForce_RTX_3070,8,
twins_pcpvt_small,64,32,fp32,19.82156753540039,False,NVIDIA_GeForce_RTX_3070,8,
twins_pcpvt_small,64,64,bf16,21.11467170715332,False,NVIDIA_GeForce_RTX_3070,8,
twins_pcpvt_small,64,64,fp16,20.377552032470703,False,NVIDIA_GeForce_RTX_3070,8,
twins_pcpvt_small,64,64,fp32,32.41001510620117,False,NVIDIA_GeForce_RTX_3070,8,
twins_pcpvt_small,128,16,bf16,20.06208038330078,False,NVIDIA_GeForce_RTX_3070,8,
twins_pcpvt_small,128,16,fp16,19.24807929992676,False,NVIDIA_GeForce_RTX_3070,8,
twins_pcpvt_small,128,16,fp32,30.30780792236328,False,NVIDIA_GeForce_RTX_3070,8,
twins_pcpvt_small,128,32,bf16,31.83616065979004,False,NVIDIA_GeForce_RTX_3070,8,
twins_pcpvt_small,128,32,fp16,32.29743957519531,False,NVIDIA_GeForce_RTX_3070,8,
twins_pcpvt_small,128,32,fp32,51.940704345703125,False,NVIDIA_GeForce_RTX_3070,8,
twins_pcpvt_small,128,64,bf16,56.44287872314453,False,NVIDIA_GeForce_RTX_3070,8,
twins_pcpvt_small,128,64,fp16,55.84380722045898,False,NVIDIA_GeForce_RTX_3070,8,
twins_pcpvt_small,128,64,fp32,96.40652465820312,False,NVIDIA_GeForce_RTX_3070,8,
twins_pcpvt_small,224,16,bf16,45.97043228149414,False,NVIDIA_GeForce_RTX_3070,8,
twins_pcpvt_small,224,16,fp16,45.504512786865234,False,NVIDIA_GeForce_RTX_3070,8,
twins_pcpvt_small,224,16,fp32,78.31489562988281,False,NVIDIA_GeForce_RTX_3070,8,
twins_pcpvt_small,224,32,bf16,79.66149139404297,False,NVIDIA_GeForce_RTX_3070,8,
twins_pcpvt_small,224,32,fp16,79.95033264160156,False,NVIDIA_GeForce_RTX_3070,8,
twins_pcpvt_small,224,32,fp32,140.97970581054688,False,NVIDIA_GeForce_RTX_3070,8,
twins_pcpvt_small,224,64,bf16,150.33445739746094,False,NVIDIA_GeForce_RTX_3070,8,
twins_pcpvt_small,224,64,fp16,150.24273681640625,False,NVIDIA_GeForce_RTX_3070,8,
twins_pcpvt_small,224,64,fp32,,True,NVIDIA_GeForce_RTX_3070,8,
twins_svt_small,64,16,bf16,13.266816139221191,False,NVIDIA_GeForce_RTX_3070,8,
twins_svt_small,64,16,fp16,12.97920036315918,False,NVIDIA_GeForce_RTX_3070,8,
twins_svt_small,64,16,fp32,15.49465560913086,False,NVIDIA_GeForce_RTX_3070,8,
twins_svt_small,64,32,bf16,19.51487922668457,False,NVIDIA_GeForce_RTX_3070,8,
twins_svt_small,64,32,fp16,19.12985610961914,False,NVIDIA_GeForce_RTX_3070,8,
twins_svt_small,64,32,fp32,24.26214408874512,False,NVIDIA_GeForce_RTX_3070,8,
twins_svt_small,64,64,bf16,31.567359924316406,False,NVIDIA_GeForce_RTX_3070,8,
twins_svt_small,64,64,fp16,32.33524703979492,False,NVIDIA_GeForce_RTX_3070,8,
twins_svt_small,64,64,fp32,41.10899353027344,False,NVIDIA_GeForce_RTX_3070,8,
twins_svt_small,128,16,bf16,25.58310317993164,False,NVIDIA_GeForce_RTX_3070,8,
twins_svt_small,128,16,fp16,24.68846321105957,False,NVIDIA_GeForce_RTX_3070,8,
twins_svt_small,128,16,fp32,33.50929641723633,False,NVIDIA_GeForce_RTX_3070,8,
twins_svt_small,128,32,bf16,44.179969787597656,False,NVIDIA_GeForce_RTX_3070,8,
twins_svt_small,128,32,fp16,43.403263092041016,False,NVIDIA_GeForce_RTX_3070,8,
twins_svt_small,128,32,fp32,60.41241455078125,False,NVIDIA_GeForce_RTX_3070,8,
twins_svt_small,128,64,bf16,80.46284484863281,False,NVIDIA_GeForce_RTX_3070,8,
twins_svt_small,128,64,fp16,79.8177261352539,False,NVIDIA_GeForce_RTX_3070,8,
twins_svt_small,128,64,fp32,112.1601791381836,False,NVIDIA_GeForce_RTX_3070,8,
twins_svt_small,224,16,bf16,46.99443054199219,False,NVIDIA_GeForce_RTX_3070,8,
twins_svt_small,224,16,fp16,45.80590438842773,False,NVIDIA_GeForce_RTX_3070,8,
twins_svt_small,224,16,fp32,68.84659576416016,False,NVIDIA_GeForce_RTX_3070,8,
twins_svt_small,224,32,bf16,83.68994903564453,False,NVIDIA_GeForce_RTX_3070,8,
twins_svt_small,224,32,fp16,82.82828521728516,False,NVIDIA_GeForce_RTX_3070,8,
twins_svt_small,224,32,fp32,124.5710220336914,False,NVIDIA_GeForce_RTX_3070,8,
twins_svt_small,224,64,bf16,158.78810119628906,False,NVIDIA_GeForce_RTX_3070,8,
twins_svt_small,224,64,fp16,156.7703094482422,False,NVIDIA_GeForce_RTX_3070,8,
twins_svt_small,224,64,fp32,236.9827880859375,False,NVIDIA_GeForce_RTX_3070,8,
vit_base_patch16_224,64,16,bf16,22.415807723999023,False,NVIDIA_GeForce_RTX_3070,8,
vit_base_patch16_224,64,16,fp16,22.2827205657959,False,NVIDIA_GeForce_RTX_3070,8,
vit_base_patch16_224,64,16,fp32,28.961280822753903,False,NVIDIA_GeForce_RTX_3070,8,
vit_base_patch16_224,64,32,bf16,29.202943801879883,False,NVIDIA_GeForce_RTX_3070,8,
vit_base_patch16_224,64,32,fp16,29.96156883239746,False,NVIDIA_GeForce_RTX_3070,8,
vit_base_patch16_224,64,32,fp32,43.34739303588867,False,NVIDIA_GeForce_RTX_3070,8,
vit_base_patch16_224,64,64,bf16,43.26078414916992,False,NVIDIA_GeForce_RTX_3070,8,
vit_base_patch16_224,64,64,fp16,41.62662506103516,False,NVIDIA_GeForce_RTX_3070,8,
vit_base_patch16_224,64,64,fp32,73.28809356689453,False,NVIDIA_GeForce_RTX_3070,8,
vit_base_patch16_224,128,16,bf16,40.05683135986328,False,NVIDIA_GeForce_RTX_3070,8,
vit_base_patch16_224,128,16,fp16,38.740352630615234,False,NVIDIA_GeForce_RTX_3070,8,
vit_base_patch16_224,128,16,fp32,73.48019409179688,False,NVIDIA_GeForce_RTX_3070,8,
vit_base_patch16_224,128,32,bf16,61.56339263916016,False,NVIDIA_GeForce_RTX_3070,8,
vit_base_patch16_224,128,32,fp16,60.54707336425781,False,NVIDIA_GeForce_RTX_3070,8,
vit_base_patch16_224,128,32,fp32,131.78726196289062,False,NVIDIA_GeForce_RTX_3070,8,
vit_base_patch16_224,128,64,bf16,109.02835083007812,False,NVIDIA_GeForce_RTX_3070,8,
vit_base_patch16_224,128,64,fp16,105.28511810302734,False,NVIDIA_GeForce_RTX_3070,8,
vit_base_patch16_224,128,64,fp32,235.35302734375,False,NVIDIA_GeForce_RTX_3070,8,
vit_base_patch16_224,224,16,bf16,83.20651245117188,False,NVIDIA_GeForce_RTX_3070,8,
vit_base_patch16_224,224,16,fp16,83.38581085205078,False,NVIDIA_GeForce_RTX_3070,8,
vit_base_patch16_224,224,16,fp32,197.86802673339844,False,NVIDIA_GeForce_RTX_3070,8,
vit_base_patch16_224,224,32,bf16,153.25486755371094,False,NVIDIA_GeForce_RTX_3070,8,
vit_base_patch16_224,224,32,fp16,151.88372802734375,False,NVIDIA_GeForce_RTX_3070,8,
vit_base_patch16_224,224,32,fp32,370.5999450683594,False,NVIDIA_GeForce_RTX_3070,8,
vit_base_patch16_224,224,64,bf16,280.0711669921875,False,NVIDIA_GeForce_RTX_3070,8,
vit_base_patch16_224,224,64,fp16,276.284423828125,False,NVIDIA_GeForce_RTX_3070,8,
vit_base_patch16_224,224,64,fp32,,True,NVIDIA_GeForce_RTX_3070,8,
vit_large_patch16_224,64,16,bf16,76.76825714111328,False,NVIDIA_GeForce_RTX_3070,8,
vit_large_patch16_224,64,16,fp16,75.28294372558594,False,NVIDIA_GeForce_RTX_3070,8,
vit_large_patch16_224,64,16,fp32,96.67481231689452,False,NVIDIA_GeForce_RTX_3070,8,
vit_large_patch16_224,64,32,bf16,93.4676513671875,False,NVIDIA_GeForce_RTX_3070,8,
vit_large_patch16_224,64,32,fp16,96.28211212158205,False,NVIDIA_GeForce_RTX_3070,8,
vit_large_patch16_224,64,32,fp32,146.07205200195312,False,NVIDIA_GeForce_RTX_3070,8,
vit_large_patch16_224,64,64,bf16,134.8167724609375,False,NVIDIA_GeForce_RTX_3070,8,
vit_large_patch16_224,64,64,fp16,139.7445526123047,False,NVIDIA_GeForce_RTX_3070,8,
vit_large_patch16_224,64,64,fp32,234.556884765625,False,NVIDIA_GeForce_RTX_3070,8,
vit_large_patch16_224,128,16,bf16,128.96705627441406,False,NVIDIA_GeForce_RTX_3070,8,
vit_large_patch16_224,128,16,fp16,134.5974884033203,False,NVIDIA_GeForce_RTX_3070,8,
vit_large_patch16_224,128,16,fp32,234.2400054931641,False,NVIDIA_GeForce_RTX_3070,8,
vit_large_patch16_224,128,32,bf16,996.2086181640624,False,NVIDIA_GeForce_RTX_3070,8,slow_outlier
vit_large_patch16_224,128,32,fp16,1015.2344360351562,False,NVIDIA_GeForce_RTX_3070,8,slow_outlier
vit_large_patch16_224,128,32,fp32,,True,NVIDIA_GeForce_RTX_3070,8,
vit_large_patch16_224,128,64,bf16,,True,NVIDIA_GeForce_RTX_3070,8,
vit_large_patch16_224,128,64,fp16,,True,NVIDIA_GeForce_RTX_3070,8,
vit_large_patch16_224,128,64,fp32,,True,NVIDIA_GeForce_RTX_3070,8,
vit_large_patch16_224,224,16,bf16,,True,NVIDIA_GeForce_RTX_3070,8,
vit_large_patch16_224,224,16,fp16,,True,NVIDIA_GeForce_RTX_3070,8,
vit_large_patch16_224,224,16,fp32,,True,NVIDIA_GeForce_RTX_3070,8,
vit_large_patch16_224,224,32,bf16,,True,NVIDIA_GeForce_RTX_3070,8,
vit_large_patch16_224,224,32,fp16,,True,NVIDIA_GeForce_RTX_3070,8,
vit_large_patch16_224,224,32,fp32,,True,NVIDIA_GeForce_RTX_3070,8,
vit_large_patch16_224,224,64,bf16,,True,NVIDIA_GeForce_RTX_3070,8,
vit_large_patch16_224,224,64,fp16,,True,NVIDIA_GeForce_RTX_3070,8,
vit_large_patch16_224,224,64,fp32,,True,NVIDIA_GeForce_RTX_3070,8,
vit_small_patch16_224,64,16,bf16,7.576064109802246,False,NVIDIA_GeForce_RTX_3070,8,
vit_small_patch16_224,64,16,fp16,7.192463874816895,False,NVIDIA_GeForce_RTX_3070,8,
vit_small_patch16_224,64,16,fp32,10.381104469299316,False,NVIDIA_GeForce_RTX_3070,8,
vit_small_patch16_224,64,32,bf16,9.955840110778809,False,NVIDIA_GeForce_RTX_3070,8,
vit_small_patch16_224,64,32,fp16,9.524224281311035,False,NVIDIA_GeForce_RTX_3070,8,
vit_small_patch16_224,64,32,fp32,15.18284797668457,False,NVIDIA_GeForce_RTX_3070,8,
vit_small_patch16_224,64,64,bf16,14.343680381774902,False,NVIDIA_GeForce_RTX_3070,8,
vit_small_patch16_224,64,64,fp16,14.00115203857422,False,NVIDIA_GeForce_RTX_3070,8,
vit_small_patch16_224,64,64,fp32,23.84676742553711,False,NVIDIA_GeForce_RTX_3070,8,
vit_small_patch16_224,128,16,bf16,13.182975769042969,False,NVIDIA_GeForce_RTX_3070,8,
vit_small_patch16_224,128,16,fp16,12.730879783630373,False,NVIDIA_GeForce_RTX_3070,8,
vit_small_patch16_224,128,16,fp32,24.53288078308105,False,NVIDIA_GeForce_RTX_3070,8,
vit_small_patch16_224,128,32,bf16,20.95238494873047,False,NVIDIA_GeForce_RTX_3070,8,
vit_small_patch16_224,128,32,fp16,20.288000106811523,False,NVIDIA_GeForce_RTX_3070,8,
vit_small_patch16_224,128,32,fp32,42.86412811279297,False,NVIDIA_GeForce_RTX_3070,8,
vit_small_patch16_224,128,64,bf16,37.99193572998047,False,NVIDIA_GeForce_RTX_3070,8,
vit_small_patch16_224,128,64,fp16,36.80292892456055,False,NVIDIA_GeForce_RTX_3070,8,
vit_small_patch16_224,128,64,fp32,76.66432189941406,False,NVIDIA_GeForce_RTX_3070,8,
vit_small_patch16_224,224,16,bf16,28.45883178710937,False,NVIDIA_GeForce_RTX_3070,8,
vit_small_patch16_224,224,16,fp16,28.79825592041016,False,NVIDIA_GeForce_RTX_3070,8,
vit_small_patch16_224,224,16,fp32,67.85075378417969,False,NVIDIA_GeForce_RTX_3070,8,
vit_small_patch16_224,224,32,bf16,53.09740829467773,False,NVIDIA_GeForce_RTX_3070,8,
vit_small_patch16_224,224,32,fp16,51.88864135742188,False,NVIDIA_GeForce_RTX_3070,8,
vit_small_patch16_224,224,32,fp32,120.50367736816406,False,NVIDIA_GeForce_RTX_3070,8,
vit_small_patch16_224,224,64,bf16,97.87494659423828,False,NVIDIA_GeForce_RTX_3070,8,
vit_small_patch16_224,224,64,fp16,96.65945434570312,False,NVIDIA_GeForce_RTX_3070,8,
vit_small_patch16_224,224,64,fp32,236.65306091308597,False,NVIDIA_GeForce_RTX_3070,8,
vit_tiny_patch16_224,64,16,bf16,4.011519908905029,False,NVIDIA_GeForce_RTX_3070,8,
vit_tiny_patch16_224,64,16,fp16,3.716048002243042,False,NVIDIA_GeForce_RTX_3070,8,
vit_tiny_patch16_224,64,16,fp32,4.696944236755371,False,NVIDIA_GeForce_RTX_3070,8,
vit_tiny_patch16_224,64,32,bf16,4.958159923553467,False,NVIDIA_GeForce_RTX_3070,8,
vit_tiny_patch16_224,64,32,fp16,4.659711837768555,False,NVIDIA_GeForce_RTX_3070,8,
vit_tiny_patch16_224,64,32,fp32,6.897488117218018,False,NVIDIA_GeForce_RTX_3070,8,
vit_tiny_patch16_224,64,64,bf16,6.62988805770874,False,NVIDIA_GeForce_RTX_3070,8,
vit_tiny_patch16_224,64,64,fp16,6.211008071899414,False,NVIDIA_GeForce_RTX_3070,8,
vit_tiny_patch16_224,64,64,fp32,10.186240196228027,False,NVIDIA_GeForce_RTX_3070,8,
vit_tiny_patch16_224,128,16,bf16,6.387199878692627,False,NVIDIA_GeForce_RTX_3070,8,
vit_tiny_patch16_224,128,16,fp16,5.723135948181152,False,NVIDIA_GeForce_RTX_3070,8,
vit_tiny_patch16_224,128,16,fp32,10.594816207885742,False,NVIDIA_GeForce_RTX_3070,8,
vit_tiny_patch16_224,128,32,bf16,9.093631744384766,False,NVIDIA_GeForce_RTX_3070,8,
vit_tiny_patch16_224,128,32,fp16,8.651776313781738,False,NVIDIA_GeForce_RTX_3070,8,
vit_tiny_patch16_224,128,32,fp32,17.281871795654297,False,NVIDIA_GeForce_RTX_3070,8,
vit_tiny_patch16_224,128,64,bf16,15.939071655273438,False,NVIDIA_GeForce_RTX_3070,8,
vit_tiny_patch16_224,128,64,fp16,15.681920051574709,False,NVIDIA_GeForce_RTX_3070,8,
vit_tiny_patch16_224,128,64,fp32,30.037887573242188,False,NVIDIA_GeForce_RTX_3070,8,
vit_tiny_patch16_224,224,16,bf16,12.758527755737305,False,NVIDIA_GeForce_RTX_3070,8,
vit_tiny_patch16_224,224,16,fp16,12.369855880737305,False,NVIDIA_GeForce_RTX_3070,8,
vit_tiny_patch16_224,224,16,fp32,26.04800033569336,False,NVIDIA_GeForce_RTX_3070,8,
vit_tiny_patch16_224,224,32,bf16,22.632768630981445,False,NVIDIA_GeForce_RTX_3070,8,
vit_tiny_patch16_224,224,32,fp16,22.81574440002441,False,NVIDIA_GeForce_RTX_3070,8,
vit_tiny_patch16_224,224,32,fp32,48.239105224609375,False,NVIDIA_GeForce_RTX_3070,8,
vit_tiny_patch16_224,224,64,bf16,44.00640106201172,False,NVIDIA_GeForce_RTX_3070,8,
vit_tiny_patch16_224,224,64,fp16,42.52257537841797,False,NVIDIA_GeForce_RTX_3070,8,
vit_tiny_patch16_224,224,64,fp32,91.60997009277344,False,NVIDIA_GeForce_RTX_3070,8,
wide_resnet101_2,64,16,bf16,38.49216079711914,False,NVIDIA_GeForce_RTX_3070,8,
wide_resnet101_2,64,16,fp16,37.8346061706543,False,NVIDIA_GeForce_RTX_3070,8,
wide_resnet101_2,64,16,fp32,57.21241760253906,False,NVIDIA_GeForce_RTX_3070,8,
wide_resnet101_2,64,32,bf16,47.67478561401367,False,NVIDIA_GeForce_RTX_3070,8,
wide_resnet101_2,64,32,fp16,46.00627136230469,False,NVIDIA_GeForce_RTX_3070,8,
wide_resnet101_2,64,32,fp32,68.82559967041016,False,NVIDIA_GeForce_RTX_3070,8,
wide_resnet101_2,64,64,bf16,67.66182708740234,False,NVIDIA_GeForce_RTX_3070,8,
wide_resnet101_2,64,64,fp16,62.65548706054688,False,NVIDIA_GeForce_RTX_3070,8,
wide_resnet101_2,64,64,fp32,103.08084869384766,False,NVIDIA_GeForce_RTX_3070,8,
wide_resnet101_2,128,16,bf16,61.347633361816406,False,NVIDIA_GeForce_RTX_3070,8,
wide_resnet101_2,128,16,fp16,58.990047454833984,False,NVIDIA_GeForce_RTX_3070,8,
wide_resnet101_2,128,16,fp32,88.67123413085938,False,NVIDIA_GeForce_RTX_3070,8,
wide_resnet101_2,128,32,bf16,93.7492446899414,False,NVIDIA_GeForce_RTX_3070,8,
wide_resnet101_2,128,32,fp16,89.95003509521484,False,NVIDIA_GeForce_RTX_3070,8,
wide_resnet101_2,128,32,fp32,154.39456176757812,False,NVIDIA_GeForce_RTX_3070,8,
wide_resnet101_2,128,64,bf16,163.22695922851562,False,NVIDIA_GeForce_RTX_3070,8,
wide_resnet101_2,128,64,fp16,163.36227416992188,False,NVIDIA_GeForce_RTX_3070,8,
wide_resnet101_2,128,64,fp32,311.1506042480469,False,NVIDIA_GeForce_RTX_3070,8,
wide_resnet101_2,224,16,bf16,131.68588256835938,False,NVIDIA_GeForce_RTX_3070,8,
wide_resnet101_2,224,16,fp16,124.55423736572266,False,NVIDIA_GeForce_RTX_3070,8,
wide_resnet101_2,224,16,fp32,220.21478271484372,False,NVIDIA_GeForce_RTX_3070,8,
wide_resnet101_2,224,32,bf16,231.32774353027344,False,NVIDIA_GeForce_RTX_3070,8,
wide_resnet101_2,224,32,fp16,220.4605407714844,False,NVIDIA_GeForce_RTX_3070,8,
wide_resnet101_2,224,32,fp32,,True,NVIDIA_GeForce_RTX_3070,8,
wide_resnet101_2,224,64,bf16,,True,NVIDIA_GeForce_RTX_3070,8,
wide_resnet101_2,224,64,fp16,,True,NVIDIA_GeForce_RTX_3070,8,
wide_resnet101_2,224,64,fp32,,True,NVIDIA_GeForce_RTX_3070,8,
xcit_small_12_p16_224,64,16,bf16,13.041664123535156,False,NVIDIA_GeForce_RTX_3070,8,
xcit_small_12_p16_224,64,16,fp16,12.486031532287598,False,NVIDIA_GeForce_RTX_3070,8,
xcit_small_12_p16_224,64,16,fp32,15.721983909606934,False,NVIDIA_GeForce_RTX_3070,8,
xcit_small_12_p16_224,64,32,bf16,18.16873550415039,False,NVIDIA_GeForce_RTX_3070,8,
xcit_small_12_p16_224,64,32,fp16,16.583168029785156,False,NVIDIA_GeForce_RTX_3070,8,
xcit_small_12_p16_224,64,32,fp32,23.9052791595459,False,NVIDIA_GeForce_RTX_3070,8,
xcit_small_12_p16_224,64,64,bf16,26.605567932128903,False,NVIDIA_GeForce_RTX_3070,8,
xcit_small_12_p16_224,64,64,fp16,25.60860824584961,False,NVIDIA_GeForce_RTX_3070,8,
xcit_small_12_p16_224,64,64,fp32,39.37945556640625,False,NVIDIA_GeForce_RTX_3070,8,
xcit_small_12_p16_224,128,16,bf16,23.10758399963379,False,NVIDIA_GeForce_RTX_3070,8,
xcit_small_12_p16_224,128,16,fp16,22.27609634399414,False,NVIDIA_GeForce_RTX_3070,8,
xcit_small_12_p16_224,128,16,fp32,34.48625564575195,False,NVIDIA_GeForce_RTX_3070,8,
xcit_small_12_p16_224,128,32,bf16,39.28620910644531,False,NVIDIA_GeForce_RTX_3070,8,
xcit_small_12_p16_224,128,32,fp16,38.324161529541016,False,NVIDIA_GeForce_RTX_3070,8,
xcit_small_12_p16_224,128,32,fp32,61.276161193847656,False,NVIDIA_GeForce_RTX_3070,8,
xcit_small_12_p16_224,128,64,bf16,74.74124908447266,False,NVIDIA_GeForce_RTX_3070,8,
xcit_small_12_p16_224,128,64,fp16,73.833984375,False,NVIDIA_GeForce_RTX_3070,8,
xcit_small_12_p16_224,128,64,fp32,113.52217864990234,False,NVIDIA_GeForce_RTX_3070,8,
xcit_small_12_p16_224,224,16,bf16,56.015872955322266,False,NVIDIA_GeForce_RTX_3070,8,
xcit_small_12_p16_224,224,16,fp16,56.58257675170898,False,NVIDIA_GeForce_RTX_3070,8,
xcit_small_12_p16_224,224,16,fp32,89.47191619873047,False,NVIDIA_GeForce_RTX_3070,8,
xcit_small_12_p16_224,224,32,bf16,106.6588134765625,False,NVIDIA_GeForce_RTX_3070,8,
xcit_small_12_p16_224,224,32,fp16,105.5163803100586,False,NVIDIA_GeForce_RTX_3070,8,
xcit_small_12_p16_224,224,32,fp32,162.4780731201172,False,NVIDIA_GeForce_RTX_3070,8,
xcit_small_12_p16_224,224,64,bf16,203.0146484375,False,NVIDIA_GeForce_RTX_3070,8,
xcit_small_12_p16_224,224,64,fp16,200.86886596679688,False,NVIDIA_GeForce_RTX_3070,8,
xcit_small_12_p16_224,224,64,fp32,,True,NVIDIA_GeForce_RTX_3070,8,
xcit_tiny_12_p16_224,64,16,bf16,8.265727996826172,False,NVIDIA_GeForce_RTX_3070,8,
xcit_tiny_12_p16_224,64,16,fp16,8.049663543701172,False,NVIDIA_GeForce_RTX_3070,8,
xcit_tiny_12_p16_224,64,16,fp32,8.650639533996582,False,NVIDIA_GeForce_RTX_3070,8,
xcit_tiny_12_p16_224,64,32,bf16,10.347519874572754,False,NVIDIA_GeForce_RTX_3070,8,
xcit_tiny_12_p16_224,64,32,fp16,10.689536094665527,False,NVIDIA_GeForce_RTX_3070,8,
xcit_tiny_12_p16_224,64,32,fp32,12.214271545410156,False,NVIDIA_GeForce_RTX_3070,8,
xcit_tiny_12_p16_224,64,64,bf16,13.58028793334961,False,NVIDIA_GeForce_RTX_3070,8,
xcit_tiny_12_p16_224,64,64,fp16,12.836864471435549,False,NVIDIA_GeForce_RTX_3070,8,
xcit_tiny_12_p16_224,64,64,fp32,18.49497604370117,False,NVIDIA_GeForce_RTX_3070,8,
xcit_tiny_12_p16_224,128,16,bf16,14.54694366455078,False,NVIDIA_GeForce_RTX_3070,8,
xcit_tiny_12_p16_224,128,16,fp16,11.618144035339355,False,NVIDIA_GeForce_RTX_3070,8,
xcit_tiny_12_p16_224,128,16,fp32,16.441343307495117,False,NVIDIA_GeForce_RTX_3070,8,
xcit_tiny_12_p16_224,128,32,bf16,18.490367889404297,False,NVIDIA_GeForce_RTX_3070,8,
xcit_tiny_12_p16_224,128,32,fp16,19.35308837890625,False,NVIDIA_GeForce_RTX_3070,8,
xcit_tiny_12_p16_224,128,32,fp32,25.46739196777344,False,NVIDIA_GeForce_RTX_3070,8,
xcit_tiny_12_p16_224,128,64,bf16,33.509376525878906,False,NVIDIA_GeForce_RTX_3070,8,
xcit_tiny_12_p16_224,128,64,fp16,33.360321044921875,False,NVIDIA_GeForce_RTX_3070,8,
xcit_tiny_12_p16_224,128,64,fp32,47.654911041259766,False,NVIDIA_GeForce_RTX_3070,8,
xcit_tiny_12_p16_224,224,16,bf16,25.756160736083984,False,NVIDIA_GeForce_RTX_3070,8,
xcit_tiny_12_p16_224,224,16,fp16,25.404415130615234,False,NVIDIA_GeForce_RTX_3070,8,
xcit_tiny_12_p16_224,224,16,fp32,35.9628791809082,False,NVIDIA_GeForce_RTX_3070,8,
xcit_tiny_12_p16_224,224,32,bf16,49.386497497558594,False,NVIDIA_GeForce_RTX_3070,8,
xcit_tiny_12_p16_224,224,32,fp16,49.63840103149414,False,NVIDIA_GeForce_RTX_3070,8,
xcit_tiny_12_p16_224,224,32,fp32,70.32572937011719,False,NVIDIA_GeForce_RTX_3070,8,
xcit_tiny_12_p16_224,224,64,bf16,96.5928955078125,False,NVIDIA_GeForce_RTX_3070,8,
xcit_tiny_12_p16_224,224,64,fp16,94.6529312133789,False,NVIDIA_GeForce_RTX_3070,8,
xcit_tiny_12_p16_224,224,64,fp32,133.3693389892578,False,NVIDIA_GeForce_RTX_3070,8,
