model,img_size,batch_size,precision,avg_time_ms,oom,gpu,vram_gb,cleanup
beit_large_patch16_224,64,16,bf16,35.41486358642578,False,NVIDIA_GeForce_RTX_4080_SUPER,16,
beit_large_patch16_224,64,16,fp16,35.41191864013672,False,NVIDIA_GeForce_RTX_4080_SUPER,16,
beit_large_patch16_224,64,16,fp32,46.60478210449219,False,NVIDIA_GeForce_RTX_4080_SUPER,16,
beit_large_patch16_224,64,32,bf16,42.96529769897461,False,NVIDIA_GeForce_RTX_4080_SUPER,16,
beit_large_patch16_224,64,32,fp16,42.81393432617188,False,NVIDIA_GeForce_RTX_4080_SUPER,16,
beit_large_patch16_224,64,32,fp32,65.76537322998047,False,NVIDIA_GeForce_RTX_4080_SUPER,16,
beit_large_patch16_224,64,64,bf16,56.21401596069336,False,NVIDIA_GeForce_RTX_4080_SUPER,16,
beit_large_patch16_224,64,64,fp16,55.96518325805664,False,NVIDIA_GeForce_RTX_4080_SUPER,16,
beit_large_patch16_224,64,64,fp32,102.65548706054688,False,NVIDIA_GeForce_RTX_4080_SUPER,16,
beit_large_patch16_224,128,16,bf16,56.44009780883789,False,NVIDIA_GeForce_RTX_4080_SUPER,16,
beit_large_patch16_224,128,16,fp16,56.22824096679688,False,NVIDIA_GeForce_RTX_4080_SUPER,16,
beit_large_patch16_224,128,16,fp32,101.71078491210938,False,NVIDIA_GeForce_RTX_4080_SUPER,16,
beit_large_patch16_224,128,32,bf16,83.59219360351562,False,NVIDIA_GeForce_RTX_4080_SUPER,16,
beit_large_patch16_224,128,32,fp16,82.57177734375,False,NVIDIA_GeForce_RTX_4080_SUPER,16,
beit_large_patch16_224,128,32,fp32,176.505615234375,False,NVIDIA_GeForce_RTX_4080_SUPER,16,
beit_large_patch16_224,128,64,bf16,137.333251953125,False,NVIDIA_GeForce_RTX_4080_SUPER,16,
beit_large_patch16_224,128,64,fp16,136.61129760742188,False,NVIDIA_GeForce_RTX_4080_SUPER,16,
beit_large_patch16_224,128,64,fp32,330.6275939941406,False,NVIDIA_GeForce_RTX_4080_SUPER,16,
beit_large_patch16_224,224,16,bf16,112.76337432861328,False,NVIDIA_GeForce_RTX_4080_SUPER,16,
beit_large_patch16_224,224,16,fp16,111.91390228271484,False,NVIDIA_GeForce_RTX_4080_SUPER,16,
beit_large_patch16_224,224,16,fp32,254.67800903320312,False,NVIDIA_GeForce_RTX_4080_SUPER,16,
beit_large_patch16_224,224,32,bf16,202.71820068359372,False,NVIDIA_GeForce_RTX_4080_SUPER,16,
beit_large_patch16_224,224,32,fp16,201.406982421875,False,NVIDIA_GeForce_RTX_4080_SUPER,16,
beit_large_patch16_224,224,32,fp32,,True,NVIDIA_GeForce_RTX_4080_SUPER,16,
beit_large_patch16_224,224,64,bf16,,True,NVIDIA_GeForce_RTX_4080_SUPER,16,
beit_large_patch16_224,224,64,fp16,,True,NVIDIA_GeForce_RTX_4080_SUPER,16,
beit_large_patch16_224,224,64,fp32,,True,NVIDIA_GeForce_RTX_4080_SUPER,16,
coatnet_0_rw_224,64,16,bf16,6.142816066741943,False,NVIDIA_GeForce_RTX_4080_SUPER,16,
coatnet_0_rw_224,64,16,fp16,5.785600185394287,False,NVIDIA_GeForce_RTX_4080_SUPER,16,
coatnet_0_rw_224,64,16,fp32,6.436783790588379,False,NVIDIA_GeForce_RTX_4080_SUPER,16,
coatnet_0_rw_224,64,32,bf16,7.590672016143799,False,NVIDIA_GeForce_RTX_4080_SUPER,16,
coatnet_0_rw_224,64,32,fp16,6.931903839111328,False,NVIDIA_GeForce_RTX_4080_SUPER,16,
coatnet_0_rw_224,64,32,fp32,8.820223808288574,False,NVIDIA_GeForce_RTX_4080_SUPER,16,
coatnet_0_rw_224,64,64,bf16,10.690848350524902,False,NVIDIA_GeForce_RTX_4080_SUPER,16,
coatnet_0_rw_224,64,64,fp16,9.587712287902832,False,NVIDIA_GeForce_RTX_4080_SUPER,16,
coatnet_0_rw_224,64,64,fp32,13.591312408447266,False,NVIDIA_GeForce_RTX_4080_SUPER,16,
coatnet_0_rw_224,128,16,bf16,10.35264015197754,False,NVIDIA_GeForce_RTX_4080_SUPER,16,
coatnet_0_rw_224,128,16,fp16,9.380640029907228,False,NVIDIA_GeForce_RTX_4080_SUPER,16,
coatnet_0_rw_224,128,16,fp32,12.460368156433104,False,NVIDIA_GeForce_RTX_4080_SUPER,16,
coatnet_0_rw_224,128,32,bf16,16.015871047973633,False,NVIDIA_GeForce_RTX_4080_SUPER,16,
coatnet_0_rw_224,128,32,fp16,14.339584350585938,False,NVIDIA_GeForce_RTX_4080_SUPER,16,
coatnet_0_rw_224,128,32,fp32,23.434703826904297,False,NVIDIA_GeForce_RTX_4080_SUPER,16,
coatnet_0_rw_224,128,64,bf16,29.625856399536133,False,NVIDIA_GeForce_RTX_4080_SUPER,16,
coatnet_0_rw_224,128,64,fp16,26.304000854492188,False,NVIDIA_GeForce_RTX_4080_SUPER,16,
coatnet_0_rw_224,128,64,fp32,49.247745513916016,False,NVIDIA_GeForce_RTX_4080_SUPER,16,
coatnet_0_rw_224,224,16,bf16,24.48721694946289,False,NVIDIA_GeForce_RTX_4080_SUPER,16,
coatnet_0_rw_224,224,16,fp16,21.934080123901367,False,NVIDIA_GeForce_RTX_4080_SUPER,16,
coatnet_0_rw_224,224,16,fp32,40.91988754272461,False,NVIDIA_GeForce_RTX_4080_SUPER,16,
coatnet_0_rw_224,224,32,bf16,48.86307144165039,False,NVIDIA_GeForce_RTX_4080_SUPER,16,
coatnet_0_rw_224,224,32,fp16,44.17420959472656,False,NVIDIA_GeForce_RTX_4080_SUPER,16,
coatnet_0_rw_224,224,32,fp32,85.99756622314453,False,NVIDIA_GeForce_RTX_4080_SUPER,16,
coatnet_0_rw_224,224,64,bf16,99.76315307617188,False,NVIDIA_GeForce_RTX_4080_SUPER,16,
coatnet_0_rw_224,224,64,fp16,91.04998779296876,False,NVIDIA_GeForce_RTX_4080_SUPER,16,
coatnet_0_rw_224,224,64,fp32,179.9536590576172,False,NVIDIA_GeForce_RTX_4080_SUPER,16,
coatnet_1_rw_224,64,16,bf16,10.019184112548828,False,NVIDIA_GeForce_RTX_4080_SUPER,16,
coatnet_1_rw_224,64,16,fp16,9.487360000610352,False,NVIDIA_GeForce_RTX_4080_SUPER,16,
coatnet_1_rw_224,64,16,fp32,10.605055809020996,False,NVIDIA_GeForce_RTX_4080_SUPER,16,
coatnet_1_rw_224,64,32,bf16,12.478431701660156,False,NVIDIA_GeForce_RTX_4080_SUPER,16,
coatnet_1_rw_224,64,32,fp16,11.52190399169922,False,NVIDIA_GeForce_RTX_4080_SUPER,16,
coatnet_1_rw_224,64,32,fp32,14.97599983215332,False,NVIDIA_GeForce_RTX_4080_SUPER,16,
coatnet_1_rw_224,64,64,bf16,18.131967544555664,False,NVIDIA_GeForce_RTX_4080_SUPER,16,
coatnet_1_rw_224,64,64,fp16,16.612863540649414,False,NVIDIA_GeForce_RTX_4080_SUPER,16,
coatnet_1_rw_224,64,64,fp32,24.332735061645508,False,NVIDIA_GeForce_RTX_4080_SUPER,16,
coatnet_1_rw_224,128,16,bf16,17.591808319091797,False,NVIDIA_GeForce_RTX_4080_SUPER,16,
coatnet_1_rw_224,128,16,fp16,16.260095596313477,False,NVIDIA_GeForce_RTX_4080_SUPER,16,
coatnet_1_rw_224,128,16,fp32,22.452207565307617,False,NVIDIA_GeForce_RTX_4080_SUPER,16,
coatnet_1_rw_224,128,32,bf16,28.14156723022461,False,NVIDIA_GeForce_RTX_4080_SUPER,16,
coatnet_1_rw_224,128,32,fp16,25.83945655822754,False,NVIDIA_GeForce_RTX_4080_SUPER,16,
coatnet_1_rw_224,128,32,fp32,41.78022384643555,False,NVIDIA_GeForce_RTX_4080_SUPER,16,
coatnet_1_rw_224,128,64,bf16,51.51887893676758,False,NVIDIA_GeForce_RTX_4080_SUPER,16,
coatnet_1_rw_224,128,64,fp16,46.97395324707031,False,NVIDIA_GeForce_RTX_4080_SUPER,16,
coatnet_1_rw_224,128,64,fp32,86.37747192382812,False,NVIDIA_GeForce_RTX_4080_SUPER,16,
coatnet_1_rw_224,224,16,bf16,43.5721435546875,False,NVIDIA_GeForce_RTX_4080_SUPER,16,
coatnet_1_rw_224,224,16,fp16,39.93753433227539,False,NVIDIA_GeForce_RTX_4080_SUPER,16,
coatnet_1_rw_224,224,16,fp32,73.90306854248047,False,NVIDIA_GeForce_RTX_4080_SUPER,16,
coatnet_1_rw_224,224,32,bf16,84.79828643798828,False,NVIDIA_GeForce_RTX_4080_SUPER,16,
coatnet_1_rw_224,224,32,fp16,78.68046569824219,False,NVIDIA_GeForce_RTX_4080_SUPER,16,
coatnet_1_rw_224,224,32,fp32,152.8739776611328,False,NVIDIA_GeForce_RTX_4080_SUPER,16,
coatnet_1_rw_224,224,64,bf16,172.1107635498047,False,NVIDIA_GeForce_RTX_4080_SUPER,16,
coatnet_1_rw_224,224,64,fp16,161.30712890625,False,NVIDIA_GeForce_RTX_4080_SUPER,16,
coatnet_1_rw_224,224,64,fp32,,True,NVIDIA_GeForce_RTX_4080_SUPER,16,
coatnet_2_rw_224,64,16,bf16,14.186271667480469,False,NVIDIA_GeForce_RTX_4080_SUPER,16,
coatnet_2_rw_224,64,16,fp16,13.268848419189451,False,NVIDIA_GeForce_RTX_4080_SUPER,16,
coatnet_2_rw_224,64,16,fp32,15.392255783081056,False,NVIDIA_GeForce_RTX_4080_SUPER,16,
coatnet_2_rw_224,64,32,bf16,18.25331115722656,False,NVIDIA_GeForce_RTX_4080_SUPER,16,
coatnet_2_rw_224,64,32,fp16,17.051136016845703,False,NVIDIA_GeForce_RTX_4080_SUPER,16,
coatnet_2_rw_224,64,32,fp32,22.81574440002441,False,NVIDIA_GeForce_RTX_4080_SUPER,16,
coatnet_2_rw_224,64,64,bf16,27.6918888092041,False,NVIDIA_GeForce_RTX_4080_SUPER,16,
coatnet_2_rw_224,64,64,fp16,25.439231872558597,False,NVIDIA_GeForce_RTX_4080_SUPER,16,
coatnet_2_rw_224,64,64,fp32,38.2929916381836,False,NVIDIA_GeForce_RTX_4080_SUPER,16,
coatnet_2_rw_224,128,16,bf16,26.02342414855957,False,NVIDIA_GeForce_RTX_4080_SUPER,16,
coatnet_2_rw_224,128,16,fp16,24.046592712402344,False,NVIDIA_GeForce_RTX_4080_SUPER,16,
coatnet_2_rw_224,128,16,fp32,35.490814208984375,False,NVIDIA_GeForce_RTX_4080_SUPER,16,
coatnet_2_rw_224,128,32,bf16,43.1539192199707,False,NVIDIA_GeForce_RTX_4080_SUPER,16,
coatnet_2_rw_224,128,32,fp16,39.95326232910156,False,NVIDIA_GeForce_RTX_4080_SUPER,16,
coatnet_2_rw_224,128,32,fp32,68.46817779541016,False,NVIDIA_GeForce_RTX_4080_SUPER,16,
coatnet_2_rw_224,128,64,bf16,82.22771453857422,False,NVIDIA_GeForce_RTX_4080_SUPER,16,
coatnet_2_rw_224,128,64,fp16,76.33612823486328,False,NVIDIA_GeForce_RTX_4080_SUPER,16,
coatnet_2_rw_224,128,64,fp32,141.43988037109375,False,NVIDIA_GeForce_RTX_4080_SUPER,16,
coatnet_2_rw_224,224,16,bf16,67.49787139892578,False,NVIDIA_GeForce_RTX_4080_SUPER,16,
coatnet_2_rw_224,224,16,fp16,62.90366363525391,False,NVIDIA_GeForce_RTX_4080_SUPER,16,
coatnet_2_rw_224,224,16,fp32,118.6839370727539,False,NVIDIA_GeForce_RTX_4080_SUPER,16,
coatnet_2_rw_224,224,32,bf16,133.0635528564453,False,NVIDIA_GeForce_RTX_4080_SUPER,16,
coatnet_2_rw_224,224,32,fp16,124.85147094726562,False,NVIDIA_GeForce_RTX_4080_SUPER,16,
coatnet_2_rw_224,224,32,fp32,,True,NVIDIA_GeForce_RTX_4080_SUPER,16,
coatnet_2_rw_224,224,64,bf16,,True,NVIDIA_GeForce_RTX_4080_SUPER,16,
coatnet_2_rw_224,224,64,fp16,,True,NVIDIA_GeForce_RTX_4080_SUPER,16,
coatnet_2_rw_224,224,64,fp32,,True,NVIDIA_GeForce_RTX_4080_SUPER,16,
convnext_base,64,16,bf16,13.315072059631348,False,NVIDIA_GeForce_RTX_4080_SUPER,16,
convnext_base,64,16,fp16,13.225855827331545,False,NVIDIA_GeForce_RTX_4080_SUPER,16,
convnext_base,64,16,fp32,17.173871994018555,False,NVIDIA_GeForce_RTX_4080_SUPER,16,
convnext_base,64,32,bf16,15.906160354614258,False,NVIDIA_GeForce_RTX_4080_SUPER,16,
convnext_base,64,32,fp16,15.818608283996582,False,NVIDIA_GeForce_RTX_4080_SUPER,16,
convnext_base,64,32,fp32,25.33324813842773,False,NVIDIA_GeForce_RTX_4080_SUPER,16,
convnext_base,64,64,bf16,20.83001518249512,False,NVIDIA_GeForce_RTX_4080_SUPER,16,
convnext_base,64,64,fp16,20.736799240112305,False,NVIDIA_GeForce_RTX_4080_SUPER,16,
convnext_base,64,64,fp32,41.60563278198242,False,NVIDIA_GeForce_RTX_4080_SUPER,16,
convnext_base,128,16,bf16,20.247039794921875,False,NVIDIA_GeForce_RTX_4080_SUPER,16,
convnext_base,128,16,fp16,20.15692710876465,False,NVIDIA_GeForce_RTX_4080_SUPER,16,
convnext_base,128,16,fp32,48.278465270996094,False,NVIDIA_GeForce_RTX_4080_SUPER,16,
convnext_base,128,32,bf16,30.78656005859375,False,NVIDIA_GeForce_RTX_4080_SUPER,16,
convnext_base,128,32,fp16,30.740480422973636,False,NVIDIA_GeForce_RTX_4080_SUPER,16,
convnext_base,128,32,fp32,91.73811340332033,False,NVIDIA_GeForce_RTX_4080_SUPER,16,
convnext_base,128,64,bf16,52.53721618652344,False,NVIDIA_GeForce_RTX_4080_SUPER,16,
convnext_base,128,64,fp16,52.2239990234375,False,NVIDIA_GeForce_RTX_4080_SUPER,16,
convnext_base,128,64,fp32,159.8626708984375,False,NVIDIA_GeForce_RTX_4080_SUPER,16,
convnext_base,224,16,bf16,41.553409576416016,False,NVIDIA_GeForce_RTX_4080_SUPER,16,
convnext_base,224,16,fp16,41.23443222045898,False,NVIDIA_GeForce_RTX_4080_SUPER,16,
convnext_base,224,16,fp32,136.86265563964844,False,NVIDIA_GeForce_RTX_4080_SUPER,16,
convnext_base,224,32,bf16,74.41561889648438,False,NVIDIA_GeForce_RTX_4080_SUPER,16,
convnext_base,224,32,fp16,73.81964874267578,False,NVIDIA_GeForce_RTX_4080_SUPER,16,
convnext_base,224,32,fp32,264.0184326171875,False,NVIDIA_GeForce_RTX_4080_SUPER,16,
convnext_base,224,64,bf16,146.1190948486328,False,NVIDIA_GeForce_RTX_4080_SUPER,16,
convnext_base,224,64,fp16,145.50709533691406,False,NVIDIA_GeForce_RTX_4080_SUPER,16,
convnext_base,224,64,fp32,,True,NVIDIA_GeForce_RTX_4080_SUPER,16,
convnext_large,64,16,bf16,24.761695861816406,False,NVIDIA_GeForce_RTX_4080_SUPER,16,
convnext_large,64,16,fp16,24.661376953125,False,NVIDIA_GeForce_RTX_4080_SUPER,16,
convnext_large,64,16,fp32,31.79520034790039,False,NVIDIA_GeForce_RTX_4080_SUPER,16,
convnext_large,64,32,bf16,29.77228736877441,False,NVIDIA_GeForce_RTX_4080_SUPER,16,
convnext_large,64,32,fp16,29.648895263671875,False,NVIDIA_GeForce_RTX_4080_SUPER,16,
convnext_large,64,32,fp32,45.982208251953125,False,NVIDIA_GeForce_RTX_4080_SUPER,16,
convnext_large,64,64,bf16,38.53363037109375,False,NVIDIA_GeForce_RTX_4080_SUPER,16,
convnext_large,64,64,fp16,38.37728118896485,False,NVIDIA_GeForce_RTX_4080_SUPER,16,
convnext_large,64,64,fp32,77.82144165039062,False,NVIDIA_GeForce_RTX_4080_SUPER,16,
convnext_large,128,16,bf16,37.74054336547852,False,NVIDIA_GeForce_RTX_4080_SUPER,16,
convnext_large,128,16,fp16,37.5813102722168,False,NVIDIA_GeForce_RTX_4080_SUPER,16,
convnext_large,128,16,fp32,89.07417297363281,False,NVIDIA_GeForce_RTX_4080_SUPER,16,
convnext_large,128,32,bf16,55.49311828613281,False,NVIDIA_GeForce_RTX_4080_SUPER,16,
convnext_large,128,32,fp16,55.207279205322266,False,NVIDIA_GeForce_RTX_4080_SUPER,16,
convnext_large,128,32,fp32,165.02835083007812,False,NVIDIA_GeForce_RTX_4080_SUPER,16,
convnext_large,128,64,bf16,95.30316925048828,False,NVIDIA_GeForce_RTX_4080_SUPER,16,
convnext_large,128,64,fp16,94.7179183959961,False,NVIDIA_GeForce_RTX_4080_SUPER,16,
convnext_large,128,64,fp32,291.7211303710937,False,NVIDIA_GeForce_RTX_4080_SUPER,16,
convnext_large,224,16,bf16,76.68172454833984,False,NVIDIA_GeForce_RTX_4080_SUPER,16,
convnext_large,224,16,fp16,76.02474975585938,False,NVIDIA_GeForce_RTX_4080_SUPER,16,
convnext_large,224,16,fp32,249.15342712402344,False,NVIDIA_GeForce_RTX_4080_SUPER,16,
convnext_large,224,32,bf16,138.51239013671875,False,NVIDIA_GeForce_RTX_4080_SUPER,16,
convnext_large,224,32,fp16,137.76077270507812,False,NVIDIA_GeForce_RTX_4080_SUPER,16,
convnext_large,224,32,fp32,13032.1513671875,False,NVIDIA_GeForce_RTX_4080_SUPER,16,precision_artifact
convnext_large,224,64,bf16,,True,NVIDIA_GeForce_RTX_4080_SUPER,16,
convnext_large,224,64,fp16,,True,NVIDIA_GeForce_RTX_4080_SUPER,16,
convnext_large,224,64,fp32,,True,NVIDIA_GeForce_RTX_4080_SUPER,16,
convnext_small,64,16,bf16,10.292176246643066,False,NVIDIA_GeForce_RTX_4080_SUPER,16,
convnext_small,64,16,fp16,10.21491241455078,False,NVIDIA_GeForce_RTX_4080_SUPER,16,
convnext_small,64,16,fp32,12.057087898254396,False,NVIDIA_GeForce_RTX_4080_SUPER,16,
convnext_small,64,32,bf16,11.587583541870115,False,NVIDIA_GeForce_RTX_4080_SUPER,16,
convnext_small,64,32,fp16,12.177824020385742,False,NVIDIA_GeForce_RTX_4080_SUPER,16,
convnext_small,64,32,fp32,17.12531280517578,False,NVIDIA_GeForce_RTX_4080_SUPER,16,
convnext_small,64,64,bf16,14.813695907592772,False,NVIDIA_GeForce_RTX_4080_SUPER,16,
convnext_small,64,64,fp16,14.774255752563477,False,NVIDIA_GeForce_RTX_4080_SUPER,16,
convnext_small,64,64,fp32,27.240447998046875,False,NVIDIA_GeForce_RTX_4080_SUPER,16,
convnext_small,128,16,bf16,14.585856437683104,False,NVIDIA_GeForce_RTX_4080_SUPER,16,
convnext_small,128,16,fp16,14.524928092956545,False,NVIDIA_GeForce_RTX_4080_SUPER,16,
convnext_small,128,16,fp32,31.79827117919922,False,NVIDIA_GeForce_RTX_4080_SUPER,16,
convnext_small,128,32,bf16,20.974592208862305,False,NVIDIA_GeForce_RTX_4080_SUPER,16,
convnext_small,128,32,fp16,20.88038444519043,False,NVIDIA_GeForce_RTX_4080_SUPER,16,
convnext_small,128,32,fp32,59.56227111816406,False,NVIDIA_GeForce_RTX_4080_SUPER,16,
convnext_small,128,64,bf16,35.08609771728516,False,NVIDIA_GeForce_RTX_4080_SUPER,16,
convnext_small,128,64,fp16,34.97216033935547,False,NVIDIA_GeForce_RTX_4080_SUPER,16,
convnext_small,128,64,fp32,112.58246612548828,False,NVIDIA_GeForce_RTX_4080_SUPER,16,
convnext_small,224,16,bf16,27.52497673034668,False,NVIDIA_GeForce_RTX_4080_SUPER,16,
convnext_small,224,16,fp16,27.3636474609375,False,NVIDIA_GeForce_RTX_4080_SUPER,16,
convnext_small,224,16,fp32,96.15151977539062,False,NVIDIA_GeForce_RTX_4080_SUPER,16,
convnext_small,224,32,bf16,50.55582427978516,False,NVIDIA_GeForce_RTX_4080_SUPER,16,
convnext_small,224,32,fp16,50.35353469848633,False,NVIDIA_GeForce_RTX_4080_SUPER,16,
convnext_small,224,32,fp32,190.28070068359372,False,NVIDIA_GeForce_RTX_4080_SUPER,16,
convnext_small,224,64,bf16,98.81393432617188,False,NVIDIA_GeForce_RTX_4080_SUPER,16,
convnext_small,224,64,fp16,98.46934509277344,False,NVIDIA_GeForce_RTX_4080_SUPER,16,
convnext_small,224,64,fp32,357.0005798339844,False,NVIDIA_GeForce_RTX_4080_SUPER,16,
convnext_tiny,64,16,bf16,5.401455879211426,False,NVIDIA_GeForce_RTX_4080_SUPER,16,
convnext_tiny,64,16,fp16,5.367616176605225,False,NVIDIA_GeForce_RTX_4080_SUPER,16,
convnext_tiny,64,16,fp32,7.049215793609619,False,NVIDIA_GeForce_RTX_4080_SUPER,16,
convnext_tiny,64,32,bf16,6.5326080322265625,False,NVIDIA_GeForce_RTX_4080_SUPER,16,
convnext_tiny,64,32,fp16,6.505472183227539,False,NVIDIA_GeForce_RTX_4080_SUPER,16,
convnext_tiny,64,32,fp32,10.162591934204102,False,NVIDIA_GeForce_RTX_4080_SUPER,16,
convnext_tiny,64,64,bf16,8.574975967407227,False,NVIDIA_GeForce_RTX_4080_SUPER,16,
convnext_tiny,64,64,fp16,8.524800300598145,False,NVIDIA_GeForce_RTX_4080_SUPER,16,
convnext_tiny,64,64,fp32,16.451536178588867,False,NVIDIA_GeForce_RTX_4080_SUPER,16,
convnext_tiny,128,16,bf16,8.329039573669434,False,NVIDIA_GeForce_RTX_4080_SUPER,16,
convnext_tiny,128,16,fp16,8.41267204284668,False,NVIDIA_GeForce_RTX_4080_SUPER,16,
convnext_tiny,128,16,fp32,18.67059135437012,False,NVIDIA_GeForce_RTX_4080_SUPER,16,
convnext_tiny,128,32,bf16,12.534543991088867,False,NVIDIA_GeForce_RTX_4080_SUPER,16,
convnext_tiny,128,32,fp16,12.453887939453123,False,NVIDIA_GeForce_RTX_4080_SUPER,16,
convnext_tiny,128,32,fp32,34.455039978027344,False,NVIDIA_GeForce_RTX_4080_SUPER,16,
convnext_tiny,128,64,bf16,21.37174415588379,False,NVIDIA_GeForce_RTX_4080_SUPER,16,
convnext_tiny,128,64,fp16,21.28268814086914,False,NVIDIA_GeForce_RTX_4080_SUPER,16,
convnext_tiny,128,64,fp32,66.68131256103516,False,NVIDIA_GeForce_RTX_4080_SUPER,16,
convnext_tiny,224,16,bf16,16.613168716430664,False,NVIDIA_GeForce_RTX_4080_SUPER,16,
convnext_tiny,224,16,fp16,16.543231964111328,False,NVIDIA_GeForce_RTX_4080_SUPER,16,
convnext_tiny,224,16,fp32,55.06713485717773,False,NVIDIA_GeForce_RTX_4080_SUPER,16,
convnext_tiny,224,32,bf16,31.244239807128903,False,NVIDIA_GeForce_RTX_4080_SUPER,16,
convnext_tiny,224,32,fp16,31.096832275390625,False,NVIDIA_GeForce_RTX_4080_SUPER,16,
convnext_tiny,224,32,fp32,109.9310073852539,False,NVIDIA_GeForce_RTX_4080_SUPER,16,
convnext_tiny,224,64,bf16,63.17144012451172,False,NVIDIA_GeForce_RTX_4080_SUPER,16,
convnext_tiny,224,64,fp16,62.97446441650391,False,NVIDIA_GeForce_RTX_4080_SUPER,16,
convnext_tiny,224,64,fp32,203.5184631347656,False,NVIDIA_GeForce_RTX_4080_SUPER,16,
convnextv2_base,64,16,bf16,16.21401596069336,False,NVIDIA_GeForce_RTX_4080_SUPER,16,
convnextv2_base,64,16,fp16,16.15243148803711,False,NVIDIA_GeForce_RTX_4080_SUPER,16,
convnextv2_base,64,16,fp32,19.723552703857425,False,NVIDIA_GeForce_RTX_4080_SUPER,16,
convnextv2_base,64,32,bf16,20.478368759155277,False,NVIDIA_GeForce_RTX_4080_SUPER,16,
convnextv2_base,64,32,fp16,20.621152877807617,False,NVIDIA_GeForce_RTX_4080_SUPER,16,
convnextv2_base,64,32,fp32,29.563840866088867,False,NVIDIA_GeForce_RTX_4080_SUPER,16,
convnextv2_base,64,64,bf16,30.583759307861328,False,NVIDIA_GeForce_RTX_4080_SUPER,16,
convnextv2_base,64,64,fp16,30.46236801147461,False,NVIDIA_GeForce_RTX_4080_SUPER,16,
convnextv2_base,64,64,fp32,51.50259017944336,False,NVIDIA_GeForce_RTX_4080_SUPER,16,
convnextv2_base,128,16,bf16,29.77724838256836,False,NVIDIA_GeForce_RTX_4080_SUPER,16,
convnextv2_base,128,16,fp16,29.684223175048828,False,NVIDIA_GeForce_RTX_4080_SUPER,16,
convnextv2_base,128,16,fp32,57.922847747802734,False,NVIDIA_GeForce_RTX_4080_SUPER,16,
convnextv2_base,128,32,bf16,55.16236877441406,False,NVIDIA_GeForce_RTX_4080_SUPER,16,
convnextv2_base,128,32,fp16,54.98931121826172,False,NVIDIA_GeForce_RTX_4080_SUPER,16,
convnextv2_base,128,32,fp32,116.5665283203125,False,NVIDIA_GeForce_RTX_4080_SUPER,16,
convnextv2_base,128,64,bf16,119.27040100097656,False,NVIDIA_GeForce_RTX_4080_SUPER,16,
convnextv2_base,128,64,fp16,119.05622100830078,False,NVIDIA_GeForce_RTX_4080_SUPER,16,
convnextv2_base,128,64,fp32,225.83091735839844,False,NVIDIA_GeForce_RTX_4080_SUPER,16,
convnextv2_base,224,16,bf16,87.42655944824219,False,NVIDIA_GeForce_RTX_4080_SUPER,16,
convnextv2_base,224,16,fp16,87.1458740234375,False,NVIDIA_GeForce_RTX_4080_SUPER,16,
convnextv2_base,224,16,fp32,182.49708557128903,False,NVIDIA_GeForce_RTX_4080_SUPER,16,
convnextv2_base,224,32,bf16,191.30880737304688,False,NVIDIA_GeForce_RTX_4080_SUPER,16,
convnextv2_base,224,32,fp16,190.9713897705078,False,NVIDIA_GeForce_RTX_4080_SUPER,16,
convnextv2_base,224,32,fp32,379.3023986816406,False,NVIDIA_GeForce_RTX_4080_SUPER,16,
convnextv2_base,224,64,bf16,,True,NVIDIA_GeForce_RTX_4080_SUPER,16,
convnextv2_base,224,64,fp16,,True,NVIDIA_GeForce_RTX_4080_SUPER,16,
convnextv2_base,224,64,fp32,,True,NVIDIA_GeForce_RTX_4080_SUPER,16,
deit_base_patch16_224,64,16,bf16,10.98742389678955,False,NVIDIA_GeForce_RTX_4080_SUPER,16,
deit_base_patch16_224,64,16,fp16,10.968928337097168,False,NVIDIA_GeForce_RTX_4080_SUPER,16,
deit_base_patch16_224,64,16,fp32,13.633536338806152,False,NVIDIA_GeForce_RTX_4080_SUPER,16,
deit_base_patch16_224,64,32,bf16,13.327872276306152,False,NVIDIA_GeForce_RTX_4080_SUPER,16,
deit_base_patch16_224,64,32,fp16,13.332480430603027,False,NVIDIA_GeForce_RTX_4080_SUPER,16,
deit_base_patch16_224,64,32,fp32,19.11020851135254,False,NVIDIA_GeForce_RTX_4080_SUPER,16,
deit_base_patch16_224,64,64,bf16,17.677759170532227,False,NVIDIA_GeForce_RTX_4080_SUPER,16,
deit_base_patch16_224,64,64,fp16,17.1901912689209,False,NVIDIA_GeForce_RTX_4080_SUPER,16,
deit_base_patch16_224,64,64,fp32,30.3636474609375,False,NVIDIA_GeForce_RTX_4080_SUPER,16,
deit_base_patch16_224,128,16,bf16,16.8089599609375,False,NVIDIA_GeForce_RTX_4080_SUPER,16,
deit_base_patch16_224,128,16,fp16,16.21246337890625,False,NVIDIA_GeForce_RTX_4080_SUPER,16,
deit_base_patch16_224,128,16,fp32,30.36160087585449,False,NVIDIA_GeForce_RTX_4080_SUPER,16,
deit_base_patch16_224,128,32,bf16,24.20019149780273,False,NVIDIA_GeForce_RTX_4080_SUPER,16,
deit_base_patch16_224,128,32,fp16,23.873023986816406,False,NVIDIA_GeForce_RTX_4080_SUPER,16,
deit_base_patch16_224,128,32,fp32,51.047359466552734,False,NVIDIA_GeForce_RTX_4080_SUPER,16,
deit_base_patch16_224,128,64,bf16,39.27347183227539,False,NVIDIA_GeForce_RTX_4080_SUPER,16,
deit_base_patch16_224,128,64,fp16,39.04767990112305,False,NVIDIA_GeForce_RTX_4080_SUPER,16,
deit_base_patch16_224,128,64,fp32,93.65862274169922,False,NVIDIA_GeForce_RTX_4080_SUPER,16,
deit_base_patch16_224,224,16,bf16,31.856128692626957,False,NVIDIA_GeForce_RTX_4080_SUPER,16,
deit_base_patch16_224,224,16,fp16,31.686080932617188,False,NVIDIA_GeForce_RTX_4080_SUPER,16,
deit_base_patch16_224,224,16,fp32,77.07894134521484,False,NVIDIA_GeForce_RTX_4080_SUPER,16,
deit_base_patch16_224,224,32,bf16,56.26161575317383,False,NVIDIA_GeForce_RTX_4080_SUPER,16,
deit_base_patch16_224,224,32,fp16,55.90323257446289,False,NVIDIA_GeForce_RTX_4080_SUPER,16,
deit_base_patch16_224,224,32,fp32,151.74758911132812,False,NVIDIA_GeForce_RTX_4080_SUPER,16,
deit_base_patch16_224,224,64,bf16,115.12115478515624,False,NVIDIA_GeForce_RTX_4080_SUPER,16,
deit_base_patch16_224,224,64,fp16,114.45350646972656,False,NVIDIA_GeForce_RTX_4080_SUPER,16,
deit_base_patch16_224,224,64,fp32,306.62860107421875,False,NVIDIA_GeForce_RTX_4080_SUPER,16,
deit_small_patch16_224,64,16,bf16,4.2296319007873535,False,NVIDIA_GeForce_RTX_4080_SUPER,16,
deit_small_patch16_224,64,16,fp16,4.229472160339356,False,NVIDIA_GeForce_RTX_4080_SUPER,16,
deit_small_patch16_224,64,16,fp32,5.377024173736572,False,NVIDIA_GeForce_RTX_4080_SUPER,16,
deit_small_patch16_224,64,32,bf16,4.997039794921875,False,NVIDIA_GeForce_RTX_4080_SUPER,16,
deit_small_patch16_224,64,32,fp16,4.993023872375488,False,NVIDIA_GeForce_RTX_4080_SUPER,16,
deit_small_patch16_224,64,32,fp32,7.272448062896728,False,NVIDIA_GeForce_RTX_4080_SUPER,16,
deit_small_patch16_224,64,64,bf16,6.516223907470703,False,NVIDIA_GeForce_RTX_4080_SUPER,16,
deit_small_patch16_224,64,64,fp16,6.597631931304932,False,NVIDIA_GeForce_RTX_4080_SUPER,16,
deit_small_patch16_224,64,64,fp32,10.588671684265137,False,NVIDIA_GeForce_RTX_4080_SUPER,16,
deit_small_patch16_224,128,16,bf16,6.246848106384277,False,NVIDIA_GeForce_RTX_4080_SUPER,16,
deit_small_patch16_224,128,16,fp16,6.244351863861084,False,NVIDIA_GeForce_RTX_4080_SUPER,16,
deit_small_patch16_224,128,16,fp32,10.952192306518556,False,NVIDIA_GeForce_RTX_4080_SUPER,16,
deit_small_patch16_224,128,32,bf16,8.779264450073242,False,NVIDIA_GeForce_RTX_4080_SUPER,16,
deit_small_patch16_224,128,32,fp16,8.766464233398438,False,NVIDIA_GeForce_RTX_4080_SUPER,16,
deit_small_patch16_224,128,32,fp32,18.006528854370117,False,NVIDIA_GeForce_RTX_4080_SUPER,16,
deit_small_patch16_224,128,64,bf16,13.824000358581545,False,NVIDIA_GeForce_RTX_4080_SUPER,16,
deit_small_patch16_224,128,64,fp16,13.733216285705566,False,NVIDIA_GeForce_RTX_4080_SUPER,16,
deit_small_patch16_224,128,64,fp32,32.339454650878906,False,NVIDIA_GeForce_RTX_4080_SUPER,16,
deit_small_patch16_224,224,16,bf16,11.004416465759276,False,NVIDIA_GeForce_RTX_4080_SUPER,16,
deit_small_patch16_224,224,16,fp16,10.942975997924805,False,NVIDIA_GeForce_RTX_4080_SUPER,16,
deit_small_patch16_224,224,16,fp32,26.9168643951416,False,NVIDIA_GeForce_RTX_4080_SUPER,16,
deit_small_patch16_224,224,32,bf16,19.585023880004883,False,NVIDIA_GeForce_RTX_4080_SUPER,16,
deit_small_patch16_224,224,32,fp16,19.48415946960449,False,NVIDIA_GeForce_RTX_4080_SUPER,16,
deit_small_patch16_224,224,32,fp32,50.82158279418945,False,NVIDIA_GeForce_RTX_4080_SUPER,16,
deit_small_patch16_224,224,64,bf16,37.019649505615234,False,NVIDIA_GeForce_RTX_4080_SUPER,16,
deit_small_patch16_224,224,64,fp16,36.71380615234375,False,NVIDIA_GeForce_RTX_4080_SUPER,16,
deit_small_patch16_224,224,64,fp32,98.7852783203125,False,NVIDIA_GeForce_RTX_4080_SUPER,16,
deit_tiny_patch16_224,64,16,bf16,2.287935972213745,False,NVIDIA_GeForce_RTX_4080_SUPER,16,
deit_tiny_patch16_224,64,16,fp16,2.216959953308105,False,NVIDIA_GeForce_RTX_4080_SUPER,16,
deit_tiny_patch16_224,64,16,fp32,2.595328092575073,False,NVIDIA_GeForce_RTX_4080_SUPER,16,
deit_tiny_patch16_224,64,32,bf16,2.832159996032715,False,NVIDIA_GeForce_RTX_4080_SUPER,16,
deit_tiny_patch16_224,64,32,fp16,2.789776086807251,False,NVIDIA_GeForce_RTX_4080_SUPER,16,
deit_tiny_patch16_224,64,32,fp32,3.5828800201416016,False,NVIDIA_GeForce_RTX_4080_SUPER,16,
deit_tiny_patch16_224,64,64,bf16,3.338752031326294,False,NVIDIA_GeForce_RTX_4080_SUPER,16,
deit_tiny_patch16_224,64,64,fp16,3.3339359760284424,False,NVIDIA_GeForce_RTX_4080_SUPER,16,
deit_tiny_patch16_224,64,64,fp32,4.644351959228516,False,NVIDIA_GeForce_RTX_4080_SUPER,16,
deit_tiny_patch16_224,128,16,bf16,3.1275839805603027,False,NVIDIA_GeForce_RTX_4080_SUPER,16,
deit_tiny_patch16_224,128,16,fp16,4.147488117218018,False,NVIDIA_GeForce_RTX_4080_SUPER,16,
deit_tiny_patch16_224,128,16,fp32,4.981135845184326,False,NVIDIA_GeForce_RTX_4080_SUPER,16,
deit_tiny_patch16_224,128,32,bf16,4.386303901672363,False,NVIDIA_GeForce_RTX_4080_SUPER,16,
deit_tiny_patch16_224,128,32,fp16,4.382527828216553,False,NVIDIA_GeForce_RTX_4080_SUPER,16,
deit_tiny_patch16_224,128,32,fp32,7.546720027923584,False,NVIDIA_GeForce_RTX_4080_SUPER,16,
deit_tiny_patch16_224,128,64,bf16,6.29860782623291,False,NVIDIA_GeForce_RTX_4080_SUPER,16,
deit_tiny_patch16_224,128,64,fp16,6.286848068237305,False,NVIDIA_GeForce_RTX_4080_SUPER,16,
deit_tiny_patch16_224,128,64,fp32,12.384592056274414,False,NVIDIA_GeForce_RTX_4080_SUPER,16,
deit_tiny_patch16_224,224,16,bf16,5.387263774871826,False,NVIDIA_GeForce_RTX_4080_SUPER,16,
deit_tiny_patch16_224,224,16,fp16,5.352367877960205,False,NVIDIA_GeForce_RTX_4080_SUPER,16,
deit_tiny_patch16_224,224,16,fp32,11.117568016052246,False,NVIDIA_GeForce_RTX_4080_SUPER,16,
deit_tiny_patch16_224,224,32,bf16,8.60927963256836,False,NVIDIA_GeForce_RTX_4080_SUPER,16,
deit_tiny_patch16_224,224,32,fp16,8.534463882446289,False,NVIDIA_GeForce_RTX_4080_SUPER,16,
deit_tiny_patch16_224,224,32,fp32,19.697664260864254,False,NVIDIA_GeForce_RTX_4080_SUPER,16,
deit_tiny_patch16_224,224,64,bf16,15.80185604095459,False,NVIDIA_GeForce_RTX_4080_SUPER,16,
deit_tiny_patch16_224,224,64,fp16,15.6669921875,False,NVIDIA_GeForce_RTX_4080_SUPER,16,
deit_tiny_patch16_224,224,64,fp32,38.29452896118164,False,NVIDIA_GeForce_RTX_4080_SUPER,16,
densenet121,64,16,bf16,6.9415202140808105,False,NVIDIA_GeForce_RTX_4080_SUPER,16,
densenet121,64,16,fp16,7.998976230621338,False,NVIDIA_GeForce_RTX_4080_SUPER,16,
densenet121,64,16,fp32,7.164927959442139,False,NVIDIA_GeForce_RTX_4080_SUPER,16,
densenet121,64,32,bf16,8.401408195495605,False,NVIDIA_GeForce_RTX_4080_SUPER,16,
densenet121,64,32,fp16,8.751407623291016,False,NVIDIA_GeForce_RTX_4080_SUPER,16,
densenet121,64,32,fp32,9.12179183959961,False,NVIDIA_GeForce_RTX_4080_SUPER,16,
densenet121,64,64,bf16,11.502032279968262,False,NVIDIA_GeForce_RTX_4080_SUPER,16,
densenet121,64,64,fp16,10.385904312133787,False,NVIDIA_GeForce_RTX_4080_SUPER,16,
densenet121,64,64,fp32,13.57107162475586,False,NVIDIA_GeForce_RTX_4080_SUPER,16,
densenet121,128,16,bf16,9.385984420776367,False,NVIDIA_GeForce_RTX_4080_SUPER,16,
densenet121,128,16,fp16,8.614399909973145,False,NVIDIA_GeForce_RTX_4080_SUPER,16,
densenet121,128,16,fp32,10.851103782653809,False,NVIDIA_GeForce_RTX_4080_SUPER,16,
densenet121,128,32,bf16,13.891072273254396,False,NVIDIA_GeForce_RTX_4080_SUPER,16,
densenet121,128,32,fp16,12.487680435180664,False,NVIDIA_GeForce_RTX_4080_SUPER,16,
densenet121,128,32,fp32,18.383344650268555,False,NVIDIA_GeForce_RTX_4080_SUPER,16,
densenet121,128,64,bf16,22.92406463623047,False,NVIDIA_GeForce_RTX_4080_SUPER,16,
densenet121,128,64,fp16,20.1036319732666,False,NVIDIA_GeForce_RTX_4080_SUPER,16,
densenet121,128,64,fp32,38.34099197387695,False,NVIDIA_GeForce_RTX_4080_SUPER,16,
densenet121,224,16,bf16,18.312992095947266,False,NVIDIA_GeForce_RTX_4080_SUPER,16,
densenet121,224,16,fp16,16.187904357910156,False,NVIDIA_GeForce_RTX_4080_SUPER,16,
densenet121,224,16,fp32,27.65670394897461,False,NVIDIA_GeForce_RTX_4080_SUPER,16,
densenet121,224,32,bf16,34.86756896972656,False,NVIDIA_GeForce_RTX_4080_SUPER,16,
densenet121,224,32,fp16,31.14240074157715,False,NVIDIA_GeForce_RTX_4080_SUPER,16,
densenet121,224,32,fp32,60.77080154418945,False,NVIDIA_GeForce_RTX_4080_SUPER,16,
densenet121,224,64,bf16,73.12840270996094,False,NVIDIA_GeForce_RTX_4080_SUPER,16,
densenet121,224,64,fp16,65.56617736816406,False,NVIDIA_GeForce_RTX_4080_SUPER,16,
densenet121,224,64,fp32,134.6447296142578,False,NVIDIA_GeForce_RTX_4080_SUPER,16,
dm_nfnet_f1,64,16,bf16,29.69036865234375,False,NVIDIA_GeForce_RTX_4080_SUPER,16,
dm_nfnet_f1,64,16,fp16,31.1484489440918,False,NVIDIA_GeForce_RTX_4080_SUPER,16,
dm_nfnet_f1,64,16,fp32,35.25408172607422,False,NVIDIA_GeForce_RTX_4080_SUPER,16,
dm_nfnet_f1,64,32,bf16,43.51583862304688,False,NVIDIA_GeForce_RTX_4080_SUPER,16,
dm_nfnet_f1,64,32,fp16,43.802528381347656,False,NVIDIA_GeForce_RTX_4080_SUPER,16,
dm_nfnet_f1,64,32,fp32,45.2224006652832,False,NVIDIA_GeForce_RTX_4080_SUPER,16,
dm_nfnet_f1,64,64,bf16,35.57427215576172,False,NVIDIA_GeForce_RTX_4080_SUPER,16,
dm_nfnet_f1,64,64,fp16,35.73441696166992,False,NVIDIA_GeForce_RTX_4080_SUPER,16,
dm_nfnet_f1,64,64,fp32,69.46662139892578,False,NVIDIA_GeForce_RTX_4080_SUPER,16,
dm_nfnet_f1,128,16,bf16,37.91206359863281,False,NVIDIA_GeForce_RTX_4080_SUPER,16,
dm_nfnet_f1,128,16,fp16,38.90195083618164,False,NVIDIA_GeForce_RTX_4080_SUPER,16,
dm_nfnet_f1,128,16,fp32,51.61830520629883,False,NVIDIA_GeForce_RTX_4080_SUPER,16,
dm_nfnet_f1,128,32,bf16,59.97516632080078,False,NVIDIA_GeForce_RTX_4080_SUPER,16,
dm_nfnet_f1,128,32,fp16,60.76652908325195,False,NVIDIA_GeForce_RTX_4080_SUPER,16,
dm_nfnet_f1,128,32,fp32,81.76744079589844,False,NVIDIA_GeForce_RTX_4080_SUPER,16,
dm_nfnet_f1,128,64,bf16,70.56073760986328,False,NVIDIA_GeForce_RTX_4080_SUPER,16,
dm_nfnet_f1,128,64,fp16,72.45311737060547,False,NVIDIA_GeForce_RTX_4080_SUPER,16,
dm_nfnet_f1,128,64,fp32,152.29473876953125,False,NVIDIA_GeForce_RTX_4080_SUPER,16,
dm_nfnet_f1,224,16,bf16,63.18316650390625,False,NVIDIA_GeForce_RTX_4080_SUPER,16,
dm_nfnet_f1,224,16,fp16,63.45004653930664,False,NVIDIA_GeForce_RTX_4080_SUPER,16,
dm_nfnet_f1,224,16,fp32,118.28851318359376,False,NVIDIA_GeForce_RTX_4080_SUPER,16,
dm_nfnet_f1,224,32,bf16,118.11424255371094,False,NVIDIA_GeForce_RTX_4080_SUPER,16,
dm_nfnet_f1,224,32,fp16,117.84038543701172,False,NVIDIA_GeForce_RTX_4080_SUPER,16,
dm_nfnet_f1,224,32,fp32,228.0804748535156,False,NVIDIA_GeForce_RTX_4080_SUPER,16,
dm_nfnet_f1,224,64,bf16,210.10536193847656,False,NVIDIA_GeForce_RTX_4080_SUPER,16,
dm_nfnet_f1,224,64,fp16,208.56207275390625,False,NVIDIA_GeForce_RTX_4080_SUPER,16,
dm_nfnet_f1,224,64,fp32,,True,NVIDIA_GeForce_RTX_4080_SUPER,16,
efficientnet_b0,64,16,bf16,5.461472034454346,False,NVIDIA_GeForce_RTX_4080_SUPER,16,
efficientnet_b0,64,16,fp16,5.012415885925293,False,NVIDIA_GeForce_RTX_4080_SUPER,16,
efficientnet_b0,64,16,fp32,4.1702399253845215,False,NVIDIA_GeForce_RTX_4080_SUPER,16,
efficientnet_b0,64,32,bf16,6.170623779296875,False,NVIDIA_GeForce_RTX_4080_SUPER,16,
efficientnet_b0,64,32,fp16,5.457359790802002,False,NVIDIA_GeForce_RTX_4080_SUPER,16,
efficientnet_b0,64,32,fp32,5.488992214202881,False,NVIDIA_GeForce_RTX_4080_SUPER,16,
efficientnet_b0,64,64,bf16,7.926735877990723,False,NVIDIA_GeForce_RTX_4080_SUPER,16,
efficientnet_b0,64,64,fp16,6.925151824951172,False,NVIDIA_GeForce_RTX_4080_SUPER,16,
efficientnet_b0,64,64,fp32,7.767551898956299,False,NVIDIA_GeForce_RTX_4080_SUPER,16,
efficientnet_b0,128,16,bf16,6.524415969848633,False,NVIDIA_GeForce_RTX_4080_SUPER,16,
efficientnet_b0,128,16,fp16,6.152048110961914,False,NVIDIA_GeForce_RTX_4080_SUPER,16,
efficientnet_b0,128,16,fp32,6.135295867919922,False,NVIDIA_GeForce_RTX_4080_SUPER,16,
efficientnet_b0,128,32,bf16,9.805744171142578,False,NVIDIA_GeForce_RTX_4080_SUPER,16,
efficientnet_b0,128,32,fp16,8.7673921585083,False,NVIDIA_GeForce_RTX_4080_SUPER,16,
efficientnet_b0,128,32,fp32,9.919440269470217,False,NVIDIA_GeForce_RTX_4080_SUPER,16,
efficientnet_b0,128,64,bf16,14.833951950073242,False,NVIDIA_GeForce_RTX_4080_SUPER,16,
efficientnet_b0,128,64,fp16,11.918720245361328,False,NVIDIA_GeForce_RTX_4080_SUPER,16,
efficientnet_b0,128,64,fp32,19.974031448364254,False,NVIDIA_GeForce_RTX_4080_SUPER,16,
efficientnet_b0,224,16,bf16,11.480992317199709,False,NVIDIA_GeForce_RTX_4080_SUPER,16,
efficientnet_b0,224,16,fp16,8.819007873535156,False,NVIDIA_GeForce_RTX_4080_SUPER,16,
efficientnet_b0,224,16,fp32,14.509568214416504,False,NVIDIA_GeForce_RTX_4080_SUPER,16,
efficientnet_b0,224,32,bf16,21.217199325561523,False,NVIDIA_GeForce_RTX_4080_SUPER,16,
efficientnet_b0,224,32,fp16,16.378368377685547,False,NVIDIA_GeForce_RTX_4080_SUPER,16,
efficientnet_b0,224,32,fp32,31.21139144897461,False,NVIDIA_GeForce_RTX_4080_SUPER,16,
efficientnet_b0,224,64,bf16,44.0002555847168,False,NVIDIA_GeForce_RTX_4080_SUPER,16,
efficientnet_b0,224,64,fp16,34.83340835571289,False,NVIDIA_GeForce_RTX_4080_SUPER,16,
efficientnet_b0,224,64,fp32,67.55174255371094,False,NVIDIA_GeForce_RTX_4080_SUPER,16,
efficientnet_b3,64,16,bf16,8.641023635864258,False,NVIDIA_GeForce_RTX_4080_SUPER,16,
efficientnet_b3,64,16,fp16,8.67516803741455,False,NVIDIA_GeForce_RTX_4080_SUPER,16,
efficientnet_b3,64,16,fp32,8.1909761428833,False,NVIDIA_GeForce_RTX_4080_SUPER,16,
efficientnet_b3,64,32,bf16,11.103232383728027,False,NVIDIA_GeForce_RTX_4080_SUPER,16,
efficientnet_b3,64,32,fp16,9.670144081115724,False,NVIDIA_GeForce_RTX_4080_SUPER,16,
efficientnet_b3,64,32,fp32,10.72480010986328,False,NVIDIA_GeForce_RTX_4080_SUPER,16,
efficientnet_b3,64,64,bf16,15.03219223022461,False,NVIDIA_GeForce_RTX_4080_SUPER,16,
efficientnet_b3,64,64,fp16,12.943679809570312,False,NVIDIA_GeForce_RTX_4080_SUPER,16,
efficientnet_b3,64,64,fp32,16.03276824951172,False,NVIDIA_GeForce_RTX_4080_SUPER,16,
efficientnet_b3,128,16,bf16,12.07859230041504,False,NVIDIA_GeForce_RTX_4080_SUPER,16,
efficientnet_b3,128,16,fp16,10.86464023590088,False,NVIDIA_GeForce_RTX_4080_SUPER,16,
efficientnet_b3,128,16,fp32,12.438528060913086,False,NVIDIA_GeForce_RTX_4080_SUPER,16,
efficientnet_b3,128,32,bf16,17.785232543945312,False,NVIDIA_GeForce_RTX_4080_SUPER,16,
efficientnet_b3,128,32,fp16,14.805855751037598,False,NVIDIA_GeForce_RTX_4080_SUPER,16,
efficientnet_b3,128,32,fp32,20.73139190673828,False,NVIDIA_GeForce_RTX_4080_SUPER,16,
efficientnet_b3,128,64,bf16,28.83868789672852,False,NVIDIA_GeForce_RTX_4080_SUPER,16,
efficientnet_b3,128,64,fp16,23.0753116607666,False,NVIDIA_GeForce_RTX_4080_SUPER,16,
efficientnet_b3,128,64,fp32,41.74694442749024,False,NVIDIA_GeForce_RTX_4080_SUPER,16,
efficientnet_b3,224,16,bf16,21.6954402923584,False,NVIDIA_GeForce_RTX_4080_SUPER,16,
efficientnet_b3,224,16,fp16,16.677776336669922,False,NVIDIA_GeForce_RTX_4080_SUPER,16,
efficientnet_b3,224,16,fp32,30.248783111572266,False,NVIDIA_GeForce_RTX_4080_SUPER,16,
efficientnet_b3,224,32,bf16,41.43513488769531,False,NVIDIA_GeForce_RTX_4080_SUPER,16,
efficientnet_b3,224,32,fp16,31.751680374145508,False,NVIDIA_GeForce_RTX_4080_SUPER,16,
efficientnet_b3,224,32,fp32,63.80492782592773,False,NVIDIA_GeForce_RTX_4080_SUPER,16,
efficientnet_b3,224,64,bf16,86.3128662109375,False,NVIDIA_GeForce_RTX_4080_SUPER,16,
efficientnet_b3,224,64,fp16,68.20394897460938,False,NVIDIA_GeForce_RTX_4080_SUPER,16,
efficientnet_b3,224,64,fp32,137.03782653808594,False,NVIDIA_GeForce_RTX_4080_SUPER,16,
efficientnet_b5,64,16,bf16,15.219200134277344,False,NVIDIA_GeForce_RTX_4080_SUPER,16,
efficientnet_b5,64,16,fp16,13.89187240600586,False,NVIDIA_GeForce_RTX_4080_SUPER,16,
efficientnet_b5,64,16,fp32,15.761919975280762,False,NVIDIA_GeForce_RTX_4080_SUPER,16,
efficientnet_b5,64,32,bf16,19.45702362060547,False,NVIDIA_GeForce_RTX_4080_SUPER,16,
efficientnet_b5,64,32,fp16,16.734207153320312,False,NVIDIA_GeForce_RTX_4080_SUPER,16,
efficientnet_b5,64,32,fp32,20.587520599365234,False,NVIDIA_GeForce_RTX_4080_SUPER,16,
efficientnet_b5,64,64,bf16,27.354080200195312,False,NVIDIA_GeForce_RTX_4080_SUPER,16,
efficientnet_b5,64,64,fp16,22.8549919128418,False,NVIDIA_GeForce_RTX_4080_SUPER,16,
efficientnet_b5,64,64,fp32,30.70699119567871,False,NVIDIA_GeForce_RTX_4080_SUPER,16,
efficientnet_b5,128,16,bf16,20.741439819335938,False,NVIDIA_GeForce_RTX_4080_SUPER,16,
efficientnet_b5,128,16,fp16,16.978944778442383,False,NVIDIA_GeForce_RTX_4080_SUPER,16,
efficientnet_b5,128,16,fp32,23.446016311645508,False,NVIDIA_GeForce_RTX_4080_SUPER,16,
efficientnet_b5,128,32,bf16,30.35985565185547,False,NVIDIA_GeForce_RTX_4080_SUPER,16,
efficientnet_b5,128,32,fp16,24.57481575012207,False,NVIDIA_GeForce_RTX_4080_SUPER,16,
efficientnet_b5,128,32,fp32,39.24059295654297,False,NVIDIA_GeForce_RTX_4080_SUPER,16,
efficientnet_b5,128,64,bf16,53.88372802734375,False,NVIDIA_GeForce_RTX_4080_SUPER,16,
efficientnet_b5,128,64,fp16,42.39974212646485,False,NVIDIA_GeForce_RTX_4080_SUPER,16,
efficientnet_b5,128,64,fp32,80.25804901123047,False,NVIDIA_GeForce_RTX_4080_SUPER,16,
efficientnet_b5,224,16,bf16,39.74993515014648,False,NVIDIA_GeForce_RTX_4080_SUPER,16,
efficientnet_b5,224,16,fp16,30.113279342651367,False,NVIDIA_GeForce_RTX_4080_SUPER,16,
efficientnet_b5,224,16,fp32,56.59135818481445,False,NVIDIA_GeForce_RTX_4080_SUPER,16,
efficientnet_b5,224,32,bf16,77.85002899169922,False,NVIDIA_GeForce_RTX_4080_SUPER,16,
efficientnet_b5,224,32,fp16,59.39694213867188,False,NVIDIA_GeForce_RTX_4080_SUPER,16,
efficientnet_b5,224,32,fp32,121.00454711914062,False,NVIDIA_GeForce_RTX_4080_SUPER,16,
efficientnet_b5,224,64,bf16,159.95391845703125,False,NVIDIA_GeForce_RTX_4080_SUPER,16,
efficientnet_b5,224,64,fp16,125.1737289428711,False,NVIDIA_GeForce_RTX_4080_SUPER,16,
efficientnet_b5,224,64,fp32,,True,NVIDIA_GeForce_RTX_4080_SUPER,16,
efficientnetv2_l,64,16,bf16,35.56300735473633,False,NVIDIA_GeForce_RTX_4080_SUPER,16,
efficientnetv2_l,64,16,fp16,34.475887298583984,False,NVIDIA_GeForce_RTX_4080_SUPER,16,
efficientnetv2_l,64,16,fp32,44.439903259277344,False,NVIDIA_GeForce_RTX_4080_SUPER,16,
efficientnetv2_l,64,32,bf16,43.17030334472656,False,NVIDIA_GeForce_RTX_4080_SUPER,16,
efficientnetv2_l,64,32,fp16,40.353790283203125,False,NVIDIA_GeForce_RTX_4080_SUPER,16,
efficientnetv2_l,64,32,fp32,56.91070556640625,False,NVIDIA_GeForce_RTX_4080_SUPER,16,
efficientnetv2_l,64,64,bf16,56.17715072631836,False,NVIDIA_GeForce_RTX_4080_SUPER,16,
efficientnetv2_l,64,64,fp16,49.9571533203125,False,NVIDIA_GeForce_RTX_4080_SUPER,16,
efficientnetv2_l,64,64,fp32,79.30623626708984,False,NVIDIA_GeForce_RTX_4080_SUPER,16,
efficientnetv2_l,128,16,bf16,44.1342887878418,False,NVIDIA_GeForce_RTX_4080_SUPER,16,
efficientnetv2_l,128,16,fp16,40.85041427612305,False,NVIDIA_GeForce_RTX_4080_SUPER,16,
efficientnetv2_l,128,16,fp32,55.99436950683594,False,NVIDIA_GeForce_RTX_4080_SUPER,16,
efficientnetv2_l,128,32,bf16,60.9986572265625,False,NVIDIA_GeForce_RTX_4080_SUPER,16,
efficientnetv2_l,128,32,fp16,53.83833694458008,False,NVIDIA_GeForce_RTX_4080_SUPER,16,
efficientnetv2_l,128,32,fp32,82.52006530761719,False,NVIDIA_GeForce_RTX_4080_SUPER,16,
efficientnetv2_l,128,64,bf16,98.4949722290039,False,NVIDIA_GeForce_RTX_4080_SUPER,16,
efficientnetv2_l,128,64,fp16,84.19840240478516,False,NVIDIA_GeForce_RTX_4080_SUPER,16,
efficientnetv2_l,128,64,fp32,142.9207000732422,False,NVIDIA_GeForce_RTX_4080_SUPER,16,
efficientnetv2_l,224,16,bf16,72.17817687988281,False,NVIDIA_GeForce_RTX_4080_SUPER,16,
efficientnetv2_l,224,16,fp16,59.35550308227539,False,NVIDIA_GeForce_RTX_4080_SUPER,16,
efficientnetv2_l,224,16,fp32,100.8885726928711,False,NVIDIA_GeForce_RTX_4080_SUPER,16,
efficientnetv2_l,224,32,bf16,125.7886734008789,False,NVIDIA_GeForce_RTX_4080_SUPER,16,
efficientnetv2_l,224,32,fp16,101.65196990966795,False,NVIDIA_GeForce_RTX_4080_SUPER,16,
efficientnetv2_l,224,32,fp32,,True,NVIDIA_GeForce_RTX_4080_SUPER,16,
efficientnetv2_l,224,64,bf16,,True,NVIDIA_GeForce_RTX_4080_SUPER,16,
efficientnetv2_l,224,64,fp16,,True,NVIDIA_GeForce_RTX_4080_SUPER,16,
efficientnetv2_l,224,64,fp32,,True,NVIDIA_GeForce_RTX_4080_SUPER,16,
efficientnetv2_m,64,16,bf16,21.689136505126957,False,NVIDIA_GeForce_RTX_4080_SUPER,16,
efficientnetv2_m,64,16,fp16,20.11136054992676,False,NVIDIA_GeForce_RTX_4080_SUPER,16,
efficientnetv2_m,64,16,fp32,22.804479598999023,False,NVIDIA_GeForce_RTX_4080_SUPER,16,
efficientnetv2_m,64,32,bf16,26.84160041809082,False,NVIDIA_GeForce_RTX_4080_SUPER,16,
efficientnetv2_m,64,32,fp16,24.00511932373047,False,NVIDIA_GeForce_RTX_4080_SUPER,16,
efficientnetv2_m,64,32,fp32,28.63907241821289,False,NVIDIA_GeForce_RTX_4080_SUPER,16,
efficientnetv2_m,64,64,bf16,35.83214569091797,False,NVIDIA_GeForce_RTX_4080_SUPER,16,
efficientnetv2_m,64,64,fp16,30.706079483032227,False,NVIDIA_GeForce_RTX_4080_SUPER,16,
efficientnetv2_m,64,64,fp32,40.55654525756836,False,NVIDIA_GeForce_RTX_4080_SUPER,16,
efficientnetv2_m,128,16,bf16,26.710399627685547,False,NVIDIA_GeForce_RTX_4080_SUPER,16,
efficientnetv2_m,128,16,fp16,24.27289581298828,False,NVIDIA_GeForce_RTX_4080_SUPER,16,
efficientnetv2_m,128,16,fp32,29.57236862182617,False,NVIDIA_GeForce_RTX_4080_SUPER,16,
efficientnetv2_m,128,32,bf16,36.401153564453125,False,NVIDIA_GeForce_RTX_4080_SUPER,16,
efficientnetv2_m,128,32,fp16,31.51103973388672,False,NVIDIA_GeForce_RTX_4080_SUPER,16,
efficientnetv2_m,128,32,fp32,43.1016960144043,False,NVIDIA_GeForce_RTX_4080_SUPER,16,
efficientnetv2_m,128,64,bf16,55.12324905395508,False,NVIDIA_GeForce_RTX_4080_SUPER,16,
efficientnetv2_m,128,64,fp16,45.967166900634766,False,NVIDIA_GeForce_RTX_4080_SUPER,16,
efficientnetv2_m,128,64,fp32,73.53323364257812,False,NVIDIA_GeForce_RTX_4080_SUPER,16,
efficientnetv2_m,224,16,bf16,40.76646423339844,False,NVIDIA_GeForce_RTX_4080_SUPER,16,
efficientnetv2_m,224,16,fp16,32.76697540283203,False,NVIDIA_GeForce_RTX_4080_SUPER,16,
efficientnetv2_m,224,16,fp32,52.746238708496094,False,NVIDIA_GeForce_RTX_4080_SUPER,16,
efficientnetv2_m,224,32,bf16,70.3482894897461,False,NVIDIA_GeForce_RTX_4080_SUPER,16,
efficientnetv2_m,224,32,fp16,55.51411056518555,False,NVIDIA_GeForce_RTX_4080_SUPER,16,
efficientnetv2_m,224,32,fp32,102.32569885253906,False,NVIDIA_GeForce_RTX_4080_SUPER,16,
efficientnetv2_m,224,64,bf16,135.216064453125,False,NVIDIA_GeForce_RTX_4080_SUPER,16,
efficientnetv2_m,224,64,fp16,108.66732788085938,False,NVIDIA_GeForce_RTX_4080_SUPER,16,
efficientnetv2_m,224,64,fp32,,True,NVIDIA_GeForce_RTX_4080_SUPER,16,
efficientnetv2_s,64,16,bf16,11.998496055603027,False,NVIDIA_GeForce_RTX_4080_SUPER,16,
efficientnetv2_s,64,16,fp16,11.387680053710938,False,NVIDIA_GeForce_RTX_4080_SUPER,16,
efficientnetv2_s,64,16,fp32,12.056976318359377,False,NVIDIA_GeForce_RTX_4080_SUPER,16,
efficientnetv2_s,64,32,bf16,14.09945583343506,False,NVIDIA_GeForce_RTX_4080_SUPER,16,
efficientnetv2_s,64,32,fp16,13.210927963256836,False,NVIDIA_GeForce_RTX_4080_SUPER,16,
efficientnetv2_s,64,32,fp32,14.996992111206056,False,NVIDIA_GeForce_RTX_4080_SUPER,16,
efficientnetv2_s,64,64,bf16,18.82926368713379,False,NVIDIA_GeForce_RTX_4080_SUPER,16,
efficientnetv2_s,64,64,fp16,16.60518455505371,False,NVIDIA_GeForce_RTX_4080_SUPER,16,
efficientnetv2_s,64,64,fp32,20.364160537719727,False,NVIDIA_GeForce_RTX_4080_SUPER,16,
efficientnetv2_s,128,16,bf16,14.9409761428833,False,NVIDIA_GeForce_RTX_4080_SUPER,16,
efficientnetv2_s,128,16,fp16,13.617631912231444,False,NVIDIA_GeForce_RTX_4080_SUPER,16,
efficientnetv2_s,128,16,fp32,16.20172882080078,False,NVIDIA_GeForce_RTX_4080_SUPER,16,
efficientnetv2_s,128,32,bf16,19.97299194335937,False,NVIDIA_GeForce_RTX_4080_SUPER,16,
efficientnetv2_s,128,32,fp16,17.02689552307129,False,NVIDIA_GeForce_RTX_4080_SUPER,16,
efficientnetv2_s,128,32,fp32,23.774208068847656,False,NVIDIA_GeForce_RTX_4080_SUPER,16,
efficientnetv2_s,128,64,bf16,30.97395133972168,False,NVIDIA_GeForce_RTX_4080_SUPER,16,
efficientnetv2_s,128,64,fp16,25.585952758789062,False,NVIDIA_GeForce_RTX_4080_SUPER,16,
efficientnetv2_s,128,64,fp32,40.96255874633789,False,NVIDIA_GeForce_RTX_4080_SUPER,16,
efficientnetv2_s,224,16,bf16,23.95947265625,False,NVIDIA_GeForce_RTX_4080_SUPER,16,
efficientnetv2_s,224,16,fp16,19.68281555175781,False,NVIDIA_GeForce_RTX_4080_SUPER,16,
efficientnetv2_s,224,16,fp32,30.55300712585449,False,NVIDIA_GeForce_RTX_4080_SUPER,16,
efficientnetv2_s,224,32,bf16,41.00352096557617,False,NVIDIA_GeForce_RTX_4080_SUPER,16,
efficientnetv2_s,224,32,fp16,32.77312088012695,False,NVIDIA_GeForce_RTX_4080_SUPER,16,
efficientnetv2_s,224,32,fp32,58.61171340942383,False,NVIDIA_GeForce_RTX_4080_SUPER,16,
efficientnetv2_s,224,64,bf16,82.5983657836914,False,NVIDIA_GeForce_RTX_4080_SUPER,16,
efficientnetv2_s,224,64,fp16,67.20703887939453,False,NVIDIA_GeForce_RTX_4080_SUPER,16,
efficientnetv2_s,224,64,fp32,128.30975341796875,False,NVIDIA_GeForce_RTX_4080_SUPER,16,
fastvit_t12,64,16,bf16,5.574143886566162,False,NVIDIA_GeForce_RTX_4080_SUPER,16,
fastvit_t12,64,16,fp16,11.674112319946287,False,NVIDIA_GeForce_RTX_4080_SUPER,16,
fastvit_t12,64,16,fp32,5.1080641746521,False,NVIDIA_GeForce_RTX_4080_SUPER,16,
fastvit_t12,64,32,bf16,7.039487838745117,False,NVIDIA_GeForce_RTX_4080_SUPER,16,
fastvit_t12,64,32,fp16,6.496255874633789,False,NVIDIA_GeForce_RTX_4080_SUPER,16,
fastvit_t12,64,32,fp32,6.882575988769531,False,NVIDIA_GeForce_RTX_4080_SUPER,16,
fastvit_t12,64,64,bf16,9.882623672485352,False,NVIDIA_GeForce_RTX_4080_SUPER,16,
fastvit_t12,64,64,fp16,9.618864059448242,False,NVIDIA_GeForce_RTX_4080_SUPER,16,
fastvit_t12,64,64,fp32,10.381296157836914,False,NVIDIA_GeForce_RTX_4080_SUPER,16,
fastvit_t12,128,16,bf16,7.95033597946167,False,NVIDIA_GeForce_RTX_4080_SUPER,16,
fastvit_t12,128,16,fp16,7.877535820007324,False,NVIDIA_GeForce_RTX_4080_SUPER,16,
fastvit_t12,128,16,fp32,8.181103706359863,False,NVIDIA_GeForce_RTX_4080_SUPER,16,
fastvit_t12,128,32,bf16,12.301615715026855,False,NVIDIA_GeForce_RTX_4080_SUPER,16,
fastvit_t12,128,32,fp16,11.20246410369873,False,NVIDIA_GeForce_RTX_4080_SUPER,16,
fastvit_t12,128,32,fp32,14.129039764404297,False,NVIDIA_GeForce_RTX_4080_SUPER,16,
fastvit_t12,128,64,bf16,23.11884880065918,False,NVIDIA_GeForce_RTX_4080_SUPER,16,
fastvit_t12,128,64,fp16,20.942800521850582,False,NVIDIA_GeForce_RTX_4080_SUPER,16,
fastvit_t12,128,64,fp32,26.877439498901367,False,NVIDIA_GeForce_RTX_4080_SUPER,16,
fastvit_t12,224,16,bf16,16.936384201049805,False,NVIDIA_GeForce_RTX_4080_SUPER,16,
fastvit_t12,224,16,fp16,14.915583610534668,False,NVIDIA_GeForce_RTX_4080_SUPER,16,
fastvit_t12,224,16,fp32,19.238191604614254,False,NVIDIA_GeForce_RTX_4080_SUPER,16,
fastvit_t12,224,32,bf16,33.130496978759766,False,NVIDIA_GeForce_RTX_4080_SUPER,16,
fastvit_t12,224,32,fp16,29.47225570678711,False,NVIDIA_GeForce_RTX_4080_SUPER,16,
fastvit_t12,224,32,fp32,41.33478546142578,False,NVIDIA_GeForce_RTX_4080_SUPER,16,
fastvit_t12,224,64,bf16,71.18745422363281,False,NVIDIA_GeForce_RTX_4080_SUPER,16,
fastvit_t12,224,64,fp16,63.768062591552734,False,NVIDIA_GeForce_RTX_4080_SUPER,16,
fastvit_t12,224,64,fp32,93.13945770263672,False,NVIDIA_GeForce_RTX_4080_SUPER,16,
fastvit_t8,64,16,bf16,4.451295852661133,False,NVIDIA_GeForce_RTX_4080_SUPER,16,
fastvit_t8,64,16,fp16,4.394832134246826,False,NVIDIA_GeForce_RTX_4080_SUPER,16,
fastvit_t8,64,16,fp32,3.753904104232788,False,NVIDIA_GeForce_RTX_4080_SUPER,16,
fastvit_t8,64,32,bf16,6.2612481117248535,False,NVIDIA_GeForce_RTX_4080_SUPER,16,
fastvit_t8,64,32,fp16,4.903711795806885,False,NVIDIA_GeForce_RTX_4080_SUPER,16,
fastvit_t8,64,32,fp32,4.742656230926514,False,NVIDIA_GeForce_RTX_4080_SUPER,16,
fastvit_t8,64,64,bf16,7.113215923309326,False,NVIDIA_GeForce_RTX_4080_SUPER,16,
fastvit_t8,64,64,fp16,6.904111862182617,False,NVIDIA_GeForce_RTX_4080_SUPER,16,
fastvit_t8,64,64,fp32,6.749152183532715,False,NVIDIA_GeForce_RTX_4080_SUPER,16,
fastvit_t8,128,16,bf16,6.006192207336426,False,NVIDIA_GeForce_RTX_4080_SUPER,16,
fastvit_t8,128,16,fp16,5.902336120605469,False,NVIDIA_GeForce_RTX_4080_SUPER,16,
fastvit_t8,128,16,fp32,5.726607799530029,False,NVIDIA_GeForce_RTX_4080_SUPER,16,
fastvit_t8,128,32,bf16,8.877568244934082,False,NVIDIA_GeForce_RTX_4080_SUPER,16,
fastvit_t8,128,32,fp16,8.557567596435547,False,NVIDIA_GeForce_RTX_4080_SUPER,16,
fastvit_t8,128,32,fp32,9.051136016845703,False,NVIDIA_GeForce_RTX_4080_SUPER,16,
fastvit_t8,128,64,bf16,15.613439559936523,False,NVIDIA_GeForce_RTX_4080_SUPER,16,
fastvit_t8,128,64,fp16,13.927424430847168,False,NVIDIA_GeForce_RTX_4080_SUPER,16,
fastvit_t8,128,64,fp32,17.119232177734375,False,NVIDIA_GeForce_RTX_4080_SUPER,16,
fastvit_t8,224,16,bf16,12.19430446624756,False,NVIDIA_GeForce_RTX_4080_SUPER,16,
fastvit_t8,224,16,fp16,10.54310417175293,False,NVIDIA_GeForce_RTX_4080_SUPER,16,
fastvit_t8,224,16,fp32,12.897279739379885,False,NVIDIA_GeForce_RTX_4080_SUPER,16,
fastvit_t8,224,32,bf16,23.12886428833008,False,NVIDIA_GeForce_RTX_4080_SUPER,16,
fastvit_t8,224,32,fp16,20.185359954833984,False,NVIDIA_GeForce_RTX_4080_SUPER,16,
fastvit_t8,224,32,fp32,27.38319969177246,False,NVIDIA_GeForce_RTX_4080_SUPER,16,
fastvit_t8,224,64,bf16,48.71577453613281,False,NVIDIA_GeForce_RTX_4080_SUPER,16,
fastvit_t8,224,64,fp16,43.05152130126953,False,NVIDIA_GeForce_RTX_4080_SUPER,16,
fastvit_t8,224,64,fp32,61.53062438964844,False,NVIDIA_GeForce_RTX_4080_SUPER,16,
maxvit_tiny_tf_224,64,16,bf16,12.58240032196045,False,NVIDIA_GeForce_RTX_4080_SUPER,16,
maxvit_tiny_tf_224,64,16,fp16,12.527104377746582,False,NVIDIA_GeForce_RTX_4080_SUPER,16,
maxvit_tiny_tf_224,64,16,fp32,16.02662467956543,False,NVIDIA_GeForce_RTX_4080_SUPER,16,
maxvit_tiny_tf_224,64,32,bf16,15.6943359375,False,NVIDIA_GeForce_RTX_4080_SUPER,16,
maxvit_tiny_tf_224,64,32,fp16,14.920559883117676,False,NVIDIA_GeForce_RTX_4080_SUPER,16,
maxvit_tiny_tf_224,64,32,fp32,23.756256103515625,False,NVIDIA_GeForce_RTX_4080_SUPER,16,
maxvit_tiny_tf_224,64,64,bf16,23.016447067260746,False,NVIDIA_GeForce_RTX_4080_SUPER,16,
maxvit_tiny_tf_224,64,64,fp16,21.56216049194336,False,NVIDIA_GeForce_RTX_4080_SUPER,16,
maxvit_tiny_tf_224,64,64,fp32,40.11212921142578,False,NVIDIA_GeForce_RTX_4080_SUPER,16,
maxvit_tiny_tf_224,128,16,bf16,18.92398452758789,False,NVIDIA_GeForce_RTX_4080_SUPER,16,
maxvit_tiny_tf_224,128,16,fp16,17.810943603515625,False,NVIDIA_GeForce_RTX_4080_SUPER,16,
maxvit_tiny_tf_224,128,16,fp32,28.531200408935547,False,NVIDIA_GeForce_RTX_4080_SUPER,16,
maxvit_tiny_tf_224,128,32,bf16,31.088031768798828,False,NVIDIA_GeForce_RTX_4080_SUPER,16,
maxvit_tiny_tf_224,128,32,fp16,29.260751724243164,False,NVIDIA_GeForce_RTX_4080_SUPER,16,
maxvit_tiny_tf_224,128,32,fp32,52.06937789916992,False,NVIDIA_GeForce_RTX_4080_SUPER,16,
maxvit_tiny_tf_224,128,64,bf16,56.93632125854492,False,NVIDIA_GeForce_RTX_4080_SUPER,16,
maxvit_tiny_tf_224,128,64,fp16,53.370304107666016,False,NVIDIA_GeForce_RTX_4080_SUPER,16,
maxvit_tiny_tf_224,128,64,fp32,103.3014907836914,False,NVIDIA_GeForce_RTX_4080_SUPER,16,
maxvit_tiny_tf_224,224,16,bf16,42.46681594848633,False,NVIDIA_GeForce_RTX_4080_SUPER,16,
maxvit_tiny_tf_224,224,16,fp16,39.60662460327149,False,NVIDIA_GeForce_RTX_4080_SUPER,16,
maxvit_tiny_tf_224,224,16,fp32,72.74444580078125,False,NVIDIA_GeForce_RTX_4080_SUPER,16,
maxvit_tiny_tf_224,224,32,bf16,81.11204528808594,False,NVIDIA_GeForce_RTX_4080_SUPER,16,
maxvit_tiny_tf_224,224,32,fp16,76.32128143310547,False,NVIDIA_GeForce_RTX_4080_SUPER,16,
maxvit_tiny_tf_224,224,32,fp32,147.6618194580078,False,NVIDIA_GeForce_RTX_4080_SUPER,16,
maxvit_tiny_tf_224,224,64,bf16,166.5597381591797,False,NVIDIA_GeForce_RTX_4080_SUPER,16,
maxvit_tiny_tf_224,224,64,fp16,158.5810546875,False,NVIDIA_GeForce_RTX_4080_SUPER,16,
maxvit_tiny_tf_224,224,64,fp32,,True,NVIDIA_GeForce_RTX_4080_SUPER,16,
mixer_b16_224,64,16,bf16,8.795056343078613,False,NVIDIA_GeForce_RTX_4080_SUPER,16,
mixer_b16_224,64,16,fp16,8.734175682067871,False,NVIDIA_GeForce_RTX_4080_SUPER,16,
mixer_b16_224,64,16,fp32,11.810288429260254,False,NVIDIA_GeForce_RTX_4080_SUPER,16,
mixer_b16_224,64,32,bf16,12.48748779296875,False,NVIDIA_GeForce_RTX_4080_SUPER,16,
mixer_b16_224,64,32,fp16,12.274175643920898,False,NVIDIA_GeForce_RTX_4080_SUPER,16,
mixer_b16_224,64,32,fp32,19.04588890075684,False,NVIDIA_GeForce_RTX_4080_SUPER,16,
mixer_b16_224,64,64,bf16,18.840576171875,False,NVIDIA_GeForce_RTX_4080_SUPER,16,
mixer_b16_224,64,64,fp16,18.68339157104492,False,NVIDIA_GeForce_RTX_4080_SUPER,16,
mixer_b16_224,64,64,fp32,36.652305603027344,False,NVIDIA_GeForce_RTX_4080_SUPER,16,
mixer_b16_224,128,16,bf16,13.60588836669922,False,NVIDIA_GeForce_RTX_4080_SUPER,16,
mixer_b16_224,128,16,fp16,13.48703956604004,False,NVIDIA_GeForce_RTX_4080_SUPER,16,
mixer_b16_224,128,16,fp32,23.237632751464844,False,NVIDIA_GeForce_RTX_4080_SUPER,16,
mixer_b16_224,128,32,bf16,20.757871627807617,False,NVIDIA_GeForce_RTX_4080_SUPER,16,
mixer_b16_224,128,32,fp16,20.6824951171875,False,NVIDIA_GeForce_RTX_4080_SUPER,16,
mixer_b16_224,128,32,fp32,41.233375549316406,False,NVIDIA_GeForce_RTX_4080_SUPER,16,
mixer_b16_224,128,64,bf16,35.805694580078125,False,NVIDIA_GeForce_RTX_4080_SUPER,16,
mixer_b16_224,128,64,fp16,35.61113739013672,False,NVIDIA_GeForce_RTX_4080_SUPER,16,
mixer_b16_224,128,64,fp32,77.80044555664062,False,NVIDIA_GeForce_RTX_4080_SUPER,16,
mixer_b16_224,224,16,bf16,26.527551651000977,False,NVIDIA_GeForce_RTX_4080_SUPER,16,
mixer_b16_224,224,16,fp16,26.369535446166992,False,NVIDIA_GeForce_RTX_4080_SUPER,16,
mixer_b16_224,224,16,fp32,55.60827255249024,False,NVIDIA_GeForce_RTX_4080_SUPER,16,
mixer_b16_224,224,32,bf16,47.78129577636719,False,NVIDIA_GeForce_RTX_4080_SUPER,16,
mixer_b16_224,224,32,fp16,47.526737213134766,False,NVIDIA_GeForce_RTX_4080_SUPER,16,
mixer_b16_224,224,32,fp32,107.56147003173828,False,NVIDIA_GeForce_RTX_4080_SUPER,16,
mixer_b16_224,224,64,bf16,97.9481430053711,False,NVIDIA_GeForce_RTX_4080_SUPER,16,
mixer_b16_224,224,64,fp16,97.31107330322266,False,NVIDIA_GeForce_RTX_4080_SUPER,16,
mixer_b16_224,224,64,fp32,216.7638702392578,False,NVIDIA_GeForce_RTX_4080_SUPER,16,
mobilenetv2_100,64,16,bf16,2.9972479343414307,False,NVIDIA_GeForce_RTX_4080_SUPER,16,
mobilenetv2_100,64,16,fp16,2.653696060180664,False,NVIDIA_GeForce_RTX_4080_SUPER,16,
mobilenetv2_100,64,16,fp32,2.5477120876312256,False,NVIDIA_GeForce_RTX_4080_SUPER,16,
mobilenetv2_100,64,32,bf16,3.9229440689086914,False,NVIDIA_GeForce_RTX_4080_SUPER,16,
mobilenetv2_100,64,32,fp16,3.2680959701538086,False,NVIDIA_GeForce_RTX_4080_SUPER,16,
mobilenetv2_100,64,32,fp32,3.452800035476685,False,NVIDIA_GeForce_RTX_4080_SUPER,16,
mobilenetv2_100,64,64,bf16,5.323775768280029,False,NVIDIA_GeForce_RTX_4080_SUPER,16,
mobilenetv2_100,64,64,fp16,4.361584186553955,False,NVIDIA_GeForce_RTX_4080_SUPER,16,
mobilenetv2_100,64,64,fp32,5.141503810882568,False,NVIDIA_GeForce_RTX_4080_SUPER,16,
mobilenetv2_100,128,16,bf16,4.315135955810547,False,NVIDIA_GeForce_RTX_4080_SUPER,16,
mobilenetv2_100,128,16,fp16,3.59553599357605,False,NVIDIA_GeForce_RTX_4080_SUPER,16,
mobilenetv2_100,128,16,fp32,4.213247776031494,False,NVIDIA_GeForce_RTX_4080_SUPER,16,
mobilenetv2_100,128,32,bf16,6.750192165374756,False,NVIDIA_GeForce_RTX_4080_SUPER,16,
mobilenetv2_100,128,32,fp16,5.533184051513672,False,NVIDIA_GeForce_RTX_4080_SUPER,16,
mobilenetv2_100,128,32,fp32,7.3937602043151855,False,NVIDIA_GeForce_RTX_4080_SUPER,16,
mobilenetv2_100,128,64,bf16,11.333984375,False,NVIDIA_GeForce_RTX_4080_SUPER,16,
mobilenetv2_100,128,64,fp16,8.93286418914795,False,NVIDIA_GeForce_RTX_4080_SUPER,16,
mobilenetv2_100,128,64,fp32,15.043071746826172,False,NVIDIA_GeForce_RTX_4080_SUPER,16,
mobilenetv2_100,224,16,bf16,8.586751937866211,False,NVIDIA_GeForce_RTX_4080_SUPER,16,
mobilenetv2_100,224,16,fp16,6.550015926361084,False,NVIDIA_GeForce_RTX_4080_SUPER,16,
mobilenetv2_100,224,16,fp32,11.0175199508667,False,NVIDIA_GeForce_RTX_4080_SUPER,16,
mobilenetv2_100,224,32,bf16,16.606992721557617,False,NVIDIA_GeForce_RTX_4080_SUPER,16,
mobilenetv2_100,224,32,fp16,12.968255996704102,False,NVIDIA_GeForce_RTX_4080_SUPER,16,
mobilenetv2_100,224,32,fp32,24.352767944335938,False,NVIDIA_GeForce_RTX_4080_SUPER,16,
mobilenetv2_100,224,64,bf16,34.50316619873047,False,NVIDIA_GeForce_RTX_4080_SUPER,16,
mobilenetv2_100,224,64,fp16,27.421167373657227,False,NVIDIA_GeForce_RTX_4080_SUPER,16,
mobilenetv2_100,224,64,fp32,52.18587112426758,False,NVIDIA_GeForce_RTX_4080_SUPER,16,
mobilenetv3_large_100,64,16,bf16,4.382192134857178,False,NVIDIA_GeForce_RTX_4080_SUPER,16,
mobilenetv3_large_100,64,16,fp16,3.485183954238892,False,NVIDIA_GeForce_RTX_4080_SUPER,16,
mobilenetv3_large_100,64,16,fp32,2.9300320148468018,False,NVIDIA_GeForce_RTX_4080_SUPER,16,
mobilenetv3_large_100,64,32,bf16,5.246928215026856,False,NVIDIA_GeForce_RTX_4080_SUPER,16,
mobilenetv3_large_100,64,32,fp16,4.103983879089356,False,NVIDIA_GeForce_RTX_4080_SUPER,16,
mobilenetv3_large_100,64,32,fp32,3.4306559562683105,False,NVIDIA_GeForce_RTX_4080_SUPER,16,
mobilenetv3_large_100,64,64,bf16,5.454304218292236,False,NVIDIA_GeForce_RTX_4080_SUPER,16,
mobilenetv3_large_100,64,64,fp16,4.579247951507568,False,NVIDIA_GeForce_RTX_4080_SUPER,16,
mobilenetv3_large_100,64,64,fp32,4.829023838043213,False,NVIDIA_GeForce_RTX_4080_SUPER,16,
mobilenetv3_large_100,128,16,bf16,5.12665605545044,False,NVIDIA_GeForce_RTX_4080_SUPER,16,
mobilenetv3_large_100,128,16,fp16,10.974127769470217,False,NVIDIA_GeForce_RTX_4080_SUPER,16,
mobilenetv3_large_100,128,16,fp32,3.831808090209961,False,NVIDIA_GeForce_RTX_4080_SUPER,16,
mobilenetv3_large_100,128,32,bf16,7.109632015228272,False,NVIDIA_GeForce_RTX_4080_SUPER,16,
mobilenetv3_large_100,128,32,fp16,6.38105583190918,False,NVIDIA_GeForce_RTX_4080_SUPER,16,
mobilenetv3_large_100,128,32,fp32,5.893631935119629,False,NVIDIA_GeForce_RTX_4080_SUPER,16,
mobilenetv3_large_100,128,64,bf16,9.836015701293944,False,NVIDIA_GeForce_RTX_4080_SUPER,16,
mobilenetv3_large_100,128,64,fp16,8.372735977172852,False,NVIDIA_GeForce_RTX_4080_SUPER,16,
mobilenetv3_large_100,128,64,fp32,10.662400245666504,False,NVIDIA_GeForce_RTX_4080_SUPER,16,
mobilenetv3_large_100,224,16,bf16,7.855423927307129,False,NVIDIA_GeForce_RTX_4080_SUPER,16,
mobilenetv3_large_100,224,16,fp16,6.548992156982422,False,NVIDIA_GeForce_RTX_4080_SUPER,16,
mobilenetv3_large_100,224,16,fp32,8.29849624633789,False,NVIDIA_GeForce_RTX_4080_SUPER,16,
mobilenetv3_large_100,224,32,bf16,13.956607818603516,False,NVIDIA_GeForce_RTX_4080_SUPER,16,
mobilenetv3_large_100,224,32,fp16,10.94591999053955,False,NVIDIA_GeForce_RTX_4080_SUPER,16,
mobilenetv3_large_100,224,32,fp32,15.929344177246094,False,NVIDIA_GeForce_RTX_4080_SUPER,16,
mobilenetv3_large_100,224,64,bf16,25.70649528503418,False,NVIDIA_GeForce_RTX_4080_SUPER,16,
mobilenetv3_large_100,224,64,fp16,19.37436866760254,False,NVIDIA_GeForce_RTX_4080_SUPER,16,
mobilenetv3_large_100,224,64,fp32,35.46316909790039,False,NVIDIA_GeForce_RTX_4080_SUPER,16,
mobilenetv3_small_100,64,16,bf16,3.3570239543914795,False,NVIDIA_GeForce_RTX_4080_SUPER,16,
mobilenetv3_small_100,64,16,fp16,3.786240100860596,False,NVIDIA_GeForce_RTX_4080_SUPER,16,
mobilenetv3_small_100,64,16,fp32,1.6194560527801514,False,NVIDIA_GeForce_RTX_4080_SUPER,16,
mobilenetv3_small_100,64,32,bf16,3.427328109741211,False,NVIDIA_GeForce_RTX_4080_SUPER,16,
mobilenetv3_small_100,64,32,fp16,3.714560031890869,False,NVIDIA_GeForce_RTX_4080_SUPER,16,
mobilenetv3_small_100,64,32,fp32,3.067903995513916,False,NVIDIA_GeForce_RTX_4080_SUPER,16,
mobilenetv3_small_100,64,64,bf16,3.8389759063720703,False,NVIDIA_GeForce_RTX_4080_SUPER,16,
mobilenetv3_small_100,64,64,fp16,3.2839040756225586,False,NVIDIA_GeForce_RTX_4080_SUPER,16,
mobilenetv3_small_100,64,64,fp32,3.361279964447021,False,NVIDIA_GeForce_RTX_4080_SUPER,16,
mobilenetv3_small_100,128,16,bf16,5.129151821136475,False,NVIDIA_GeForce_RTX_4080_SUPER,16,
mobilenetv3_small_100,128,16,fp16,4.564479827880859,False,NVIDIA_GeForce_RTX_4080_SUPER,16,
mobilenetv3_small_100,128,16,fp32,2.714047908782959,False,NVIDIA_GeForce_RTX_4080_SUPER,16,
mobilenetv3_small_100,128,32,bf16,3.9296000003814697,False,NVIDIA_GeForce_RTX_4080_SUPER,16,
mobilenetv3_small_100,128,32,fp16,3.575680017471313,False,NVIDIA_GeForce_RTX_4080_SUPER,16,
mobilenetv3_small_100,128,32,fp32,3.480576038360596,False,NVIDIA_GeForce_RTX_4080_SUPER,16,
mobilenetv3_small_100,128,64,bf16,4.7815680503845215,False,NVIDIA_GeForce_RTX_4080_SUPER,16,
mobilenetv3_small_100,128,64,fp16,3.722656011581421,False,NVIDIA_GeForce_RTX_4080_SUPER,16,
mobilenetv3_small_100,128,64,fp32,4.198800086975098,False,NVIDIA_GeForce_RTX_4080_SUPER,16,
mobilenetv3_small_100,224,16,bf16,4.170639991760254,False,NVIDIA_GeForce_RTX_4080_SUPER,16,
mobilenetv3_small_100,224,16,fp16,3.3038079738616943,False,NVIDIA_GeForce_RTX_4080_SUPER,16,
mobilenetv3_small_100,224,16,fp32,3.498496055603028,False,NVIDIA_GeForce_RTX_4080_SUPER,16,
mobilenetv3_small_100,224,32,bf16,6.116864204406738,False,NVIDIA_GeForce_RTX_4080_SUPER,16,
mobilenetv3_small_100,224,32,fp16,5.012479782104492,False,NVIDIA_GeForce_RTX_4080_SUPER,16,
mobilenetv3_small_100,224,32,fp32,5.756927967071533,False,NVIDIA_GeForce_RTX_4080_SUPER,16,
mobilenetv3_small_100,224,64,bf16,10.307583808898926,False,NVIDIA_GeForce_RTX_4080_SUPER,16,
mobilenetv3_small_100,224,64,fp16,7.662432193756103,False,NVIDIA_GeForce_RTX_4080_SUPER,16,
mobilenetv3_small_100,224,64,fp32,11.564864158630373,False,NVIDIA_GeForce_RTX_4080_SUPER,16,
mobilevit_s,64,16,bf16,4.197375774383545,False,NVIDIA_GeForce_RTX_4080_SUPER,16,
mobilevit_s,64,16,fp16,3.860480070114136,False,NVIDIA_GeForce_RTX_4080_SUPER,16,
mobilevit_s,64,16,fp32,4.308239936828613,False,NVIDIA_GeForce_RTX_4080_SUPER,16,
mobilevit_s,64,32,bf16,5.638656139373779,False,NVIDIA_GeForce_RTX_4080_SUPER,16,
mobilevit_s,64,32,fp16,5.096447944641113,False,NVIDIA_GeForce_RTX_4080_SUPER,16,
mobilevit_s,64,32,fp32,6.246399879455566,False,NVIDIA_GeForce_RTX_4080_SUPER,16,
mobilevit_s,64,64,bf16,8.228863716125488,False,NVIDIA_GeForce_RTX_4080_SUPER,16,
mobilevit_s,64,64,fp16,7.344399929046631,False,NVIDIA_GeForce_RTX_4080_SUPER,16,
mobilevit_s,64,64,fp32,9.908543586730955,False,NVIDIA_GeForce_RTX_4080_SUPER,16,
mobilevit_s,128,16,bf16,6.993408203125,False,NVIDIA_GeForce_RTX_4080_SUPER,16,
mobilevit_s,128,16,fp16,5.981184005737305,False,NVIDIA_GeForce_RTX_4080_SUPER,16,
mobilevit_s,128,16,fp32,8.282624244689941,False,NVIDIA_GeForce_RTX_4080_SUPER,16,
mobilevit_s,128,32,bf16,11.42630386352539,False,NVIDIA_GeForce_RTX_4080_SUPER,16,
mobilevit_s,128,32,fp16,9.883968353271484,False,NVIDIA_GeForce_RTX_4080_SUPER,16,
mobilevit_s,128,32,fp32,16.212480545043945,False,NVIDIA_GeForce_RTX_4080_SUPER,16,
mobilevit_s,128,64,bf16,21.612016677856445,False,NVIDIA_GeForce_RTX_4080_SUPER,16,
mobilevit_s,128,64,fp16,18.61836814880371,False,NVIDIA_GeForce_RTX_4080_SUPER,16,
mobilevit_s,128,64,fp32,35.9724006652832,False,NVIDIA_GeForce_RTX_4080_SUPER,16,
mobilevit_s,224,16,bf16,17.419599533081055,False,NVIDIA_GeForce_RTX_4080_SUPER,16,
mobilevit_s,224,16,fp16,15.140352249145508,False,NVIDIA_GeForce_RTX_4080_SUPER,16,
mobilevit_s,224,16,fp32,28.972543716430664,False,NVIDIA_GeForce_RTX_4080_SUPER,16,
mobilevit_s,224,32,bf16,36.99814224243164,False,NVIDIA_GeForce_RTX_4080_SUPER,16,
mobilevit_s,224,32,fp16,32.822078704833984,False,NVIDIA_GeForce_RTX_4080_SUPER,16,
mobilevit_s,224,32,fp32,60.65971374511719,False,NVIDIA_GeForce_RTX_4080_SUPER,16,
mobilevit_s,224,64,bf16,74.63604736328125,False,NVIDIA_GeForce_RTX_4080_SUPER,16,
mobilevit_s,224,64,fp16,66.53743743896484,False,NVIDIA_GeForce_RTX_4080_SUPER,16,
mobilevit_s,224,64,fp32,125.27616119384766,False,NVIDIA_GeForce_RTX_4080_SUPER,16,
mobilevit_xs,64,16,bf16,4.264815807342529,False,NVIDIA_GeForce_RTX_4080_SUPER,16,
mobilevit_xs,64,16,fp16,3.363679885864258,False,NVIDIA_GeForce_RTX_4080_SUPER,16,
mobilevit_xs,64,16,fp32,3.891103982925415,False,NVIDIA_GeForce_RTX_4080_SUPER,16,
mobilevit_xs,64,32,bf16,4.91102409362793,False,NVIDIA_GeForce_RTX_4080_SUPER,16,
mobilevit_xs,64,32,fp16,4.655375957489014,False,NVIDIA_GeForce_RTX_4080_SUPER,16,
mobilevit_xs,64,32,fp32,5.016064167022705,False,NVIDIA_GeForce_RTX_4080_SUPER,16,
mobilevit_xs,64,64,bf16,7.364607810974121,False,NVIDIA_GeForce_RTX_4080_SUPER,16,
mobilevit_xs,64,64,fp16,6.333439826965332,False,NVIDIA_GeForce_RTX_4080_SUPER,16,
mobilevit_xs,64,64,fp32,7.908736228942871,False,NVIDIA_GeForce_RTX_4080_SUPER,16,
mobilevit_xs,128,16,bf16,6.279679775238037,False,NVIDIA_GeForce_RTX_4080_SUPER,16,
mobilevit_xs,128,16,fp16,5.554687976837158,False,NVIDIA_GeForce_RTX_4080_SUPER,16,
mobilevit_xs,128,16,fp32,6.811647891998291,False,NVIDIA_GeForce_RTX_4080_SUPER,16,
mobilevit_xs,128,32,bf16,9.767935752868652,False,NVIDIA_GeForce_RTX_4080_SUPER,16,
mobilevit_xs,128,32,fp16,8.50534439086914,False,NVIDIA_GeForce_RTX_4080_SUPER,16,
mobilevit_xs,128,32,fp32,12.706815719604492,False,NVIDIA_GeForce_RTX_4080_SUPER,16,
mobilevit_xs,128,64,bf16,17.253887176513672,False,NVIDIA_GeForce_RTX_4080_SUPER,16,
mobilevit_xs,128,64,fp16,14.877152442932127,False,NVIDIA_GeForce_RTX_4080_SUPER,16,
mobilevit_xs,128,64,fp32,27.81849670410156,False,NVIDIA_GeForce_RTX_4080_SUPER,16,
mobilevit_xs,224,16,bf16,13.75334358215332,False,NVIDIA_GeForce_RTX_4080_SUPER,16,
mobilevit_xs,224,16,fp16,11.919872283935549,False,NVIDIA_GeForce_RTX_4080_SUPER,16,
mobilevit_xs,224,16,fp32,22.46451187133789,False,NVIDIA_GeForce_RTX_4080_SUPER,16,
mobilevit_xs,224,32,bf16,28.51942443847656,False,NVIDIA_GeForce_RTX_4080_SUPER,16,
mobilevit_xs,224,32,fp16,24.875328063964844,False,NVIDIA_GeForce_RTX_4080_SUPER,16,
mobilevit_xs,224,32,fp32,47.82073593139648,False,NVIDIA_GeForce_RTX_4080_SUPER,16,
mobilevit_xs,224,64,bf16,58.09239959716797,False,NVIDIA_GeForce_RTX_4080_SUPER,16,
mobilevit_xs,224,64,fp16,50.8916015625,False,NVIDIA_GeForce_RTX_4080_SUPER,16,
mobilevit_xs,224,64,fp32,98.07598114013672,False,NVIDIA_GeForce_RTX_4080_SUPER,16,
mobilevit_xxs,64,16,bf16,4.752895832061768,False,NVIDIA_GeForce_RTX_4080_SUPER,16,
mobilevit_xxs,64,16,fp16,2.812416076660156,False,NVIDIA_GeForce_RTX_4080_SUPER,16,
mobilevit_xxs,64,16,fp32,3.4734079837799072,False,NVIDIA_GeForce_RTX_4080_SUPER,16,
mobilevit_xxs,64,32,bf16,7.861743927001953,False,NVIDIA_GeForce_RTX_4080_SUPER,16,
mobilevit_xxs,64,32,fp16,4.726672172546387,False,NVIDIA_GeForce_RTX_4080_SUPER,16,
mobilevit_xxs,64,32,fp32,4.979087829589844,False,NVIDIA_GeForce_RTX_4080_SUPER,16,
mobilevit_xxs,64,64,bf16,5.716879844665527,False,NVIDIA_GeForce_RTX_4080_SUPER,16,
mobilevit_xxs,64,64,fp16,4.912559986114502,False,NVIDIA_GeForce_RTX_4080_SUPER,16,
mobilevit_xxs,64,64,fp32,5.858304023742676,False,NVIDIA_GeForce_RTX_4080_SUPER,16,
mobilevit_xxs,128,16,bf16,4.6282877922058105,False,NVIDIA_GeForce_RTX_4080_SUPER,16,
mobilevit_xxs,128,16,fp16,3.949568033218384,False,NVIDIA_GeForce_RTX_4080_SUPER,16,
mobilevit_xxs,128,16,fp32,4.453375816345215,False,NVIDIA_GeForce_RTX_4080_SUPER,16,
mobilevit_xxs,128,32,bf16,6.768976211547852,False,NVIDIA_GeForce_RTX_4080_SUPER,16,
mobilevit_xxs,128,32,fp16,5.612880229949951,False,NVIDIA_GeForce_RTX_4080_SUPER,16,
mobilevit_xxs,128,32,fp32,6.643167972564697,False,NVIDIA_GeForce_RTX_4080_SUPER,16,
mobilevit_xxs,128,64,bf16,10.266112327575684,False,NVIDIA_GeForce_RTX_4080_SUPER,16,
mobilevit_xxs,128,64,fp16,8.666943550109863,False,NVIDIA_GeForce_RTX_4080_SUPER,16,
mobilevit_xxs,128,64,fp32,11.942336082458496,False,NVIDIA_GeForce_RTX_4080_SUPER,16,
mobilevit_xxs,224,16,bf16,8.616959571838379,False,NVIDIA_GeForce_RTX_4080_SUPER,16,
mobilevit_xxs,224,16,fp16,7.350080013275146,False,NVIDIA_GeForce_RTX_4080_SUPER,16,
mobilevit_xxs,224,16,fp32,11.105088233947754,False,NVIDIA_GeForce_RTX_4080_SUPER,16,
mobilevit_xxs,224,32,bf16,15.331839561462402,False,NVIDIA_GeForce_RTX_4080_SUPER,16,
mobilevit_xxs,224,32,fp16,12.617039680480955,False,NVIDIA_GeForce_RTX_4080_SUPER,16,
mobilevit_xxs,224,32,fp32,21.615039825439453,False,NVIDIA_GeForce_RTX_4080_SUPER,16,
mobilevit_xxs,224,64,bf16,29.576704025268555,False,NVIDIA_GeForce_RTX_4080_SUPER,16,
mobilevit_xxs,224,64,fp16,24.673791885375977,False,NVIDIA_GeForce_RTX_4080_SUPER,16,
mobilevit_xxs,224,64,fp32,45.8680305480957,False,NVIDIA_GeForce_RTX_4080_SUPER,16,
mobilevitv2_100,64,16,bf16,4.585472106933594,False,NVIDIA_GeForce_RTX_4080_SUPER,16,
mobilevitv2_100,64,16,fp16,4.262400150299072,False,NVIDIA_GeForce_RTX_4080_SUPER,16,
mobilevitv2_100,64,16,fp32,3.78931188583374,False,NVIDIA_GeForce_RTX_4080_SUPER,16,
mobilevitv2_100,64,32,bf16,5.607935905456543,False,NVIDIA_GeForce_RTX_4080_SUPER,16,
mobilevitv2_100,64,32,fp16,5.0527520179748535,False,NVIDIA_GeForce_RTX_4080_SUPER,16,
mobilevitv2_100,64,32,fp32,5.352960109710693,False,NVIDIA_GeForce_RTX_4080_SUPER,16,
mobilevitv2_100,64,64,bf16,7.802351951599121,False,NVIDIA_GeForce_RTX_4080_SUPER,16,
mobilevitv2_100,64,64,fp16,6.901760101318359,False,NVIDIA_GeForce_RTX_4080_SUPER,16,
mobilevitv2_100,64,64,fp32,8.466431617736816,False,NVIDIA_GeForce_RTX_4080_SUPER,16,
mobilevitv2_100,128,16,bf16,6.598656177520752,False,NVIDIA_GeForce_RTX_4080_SUPER,16,
mobilevitv2_100,128,16,fp16,5.687808036804199,False,NVIDIA_GeForce_RTX_4080_SUPER,16,
mobilevitv2_100,128,16,fp32,6.861824035644531,False,NVIDIA_GeForce_RTX_4080_SUPER,16,
mobilevitv2_100,128,32,bf16,10.475008010864258,False,NVIDIA_GeForce_RTX_4080_SUPER,16,
mobilevitv2_100,128,32,fp16,8.890368461608887,False,NVIDIA_GeForce_RTX_4080_SUPER,16,
mobilevitv2_100,128,32,fp32,13.54800033569336,False,NVIDIA_GeForce_RTX_4080_SUPER,16,
mobilevitv2_100,128,64,bf16,20.261823654174805,False,NVIDIA_GeForce_RTX_4080_SUPER,16,
mobilevitv2_100,128,64,fp16,17.428287506103516,False,NVIDIA_GeForce_RTX_4080_SUPER,16,
mobilevitv2_100,128,64,fp32,29.86319923400879,False,NVIDIA_GeForce_RTX_4080_SUPER,16,
mobilevitv2_100,224,16,bf16,16.11622428894043,False,NVIDIA_GeForce_RTX_4080_SUPER,16,
mobilevitv2_100,224,16,fp16,13.723648071289062,False,NVIDIA_GeForce_RTX_4080_SUPER,16,
mobilevitv2_100,224,16,fp32,22.557647705078125,False,NVIDIA_GeForce_RTX_4080_SUPER,16,
mobilevitv2_100,224,32,bf16,33.91793441772461,False,NVIDIA_GeForce_RTX_4080_SUPER,16,
mobilevitv2_100,224,32,fp16,29.587343215942383,False,NVIDIA_GeForce_RTX_4080_SUPER,16,
mobilevitv2_100,224,32,fp32,48.52326583862305,False,NVIDIA_GeForce_RTX_4080_SUPER,16,
mobilevitv2_100,224,64,bf16,68.50048065185547,False,NVIDIA_GeForce_RTX_4080_SUPER,16,
mobilevitv2_100,224,64,fp16,61.224735260009766,False,NVIDIA_GeForce_RTX_4080_SUPER,16,
mobilevitv2_100,224,64,fp32,100.65459442138672,False,NVIDIA_GeForce_RTX_4080_SUPER,16,
nfnet_l0,64,16,bf16,10.785504341125488,False,NVIDIA_GeForce_RTX_4080_SUPER,16,
nfnet_l0,64,16,fp16,11.52195167541504,False,NVIDIA_GeForce_RTX_4080_SUPER,16,
nfnet_l0,64,16,fp32,10.727423667907717,False,NVIDIA_GeForce_RTX_4080_SUPER,16,
nfnet_l0,64,32,bf16,13.67959976196289,False,NVIDIA_GeForce_RTX_4080_SUPER,16,
nfnet_l0,64,32,fp16,14.953984260559082,False,NVIDIA_GeForce_RTX_4080_SUPER,16,
nfnet_l0,64,32,fp32,13.95798397064209,False,NVIDIA_GeForce_RTX_4080_SUPER,16,
nfnet_l0,64,64,bf16,13.455360412597656,False,NVIDIA_GeForce_RTX_4080_SUPER,16,
nfnet_l0,64,64,fp16,13.596943855285645,False,NVIDIA_GeForce_RTX_4080_SUPER,16,
nfnet_l0,64,64,fp32,19.39798355102539,False,NVIDIA_GeForce_RTX_4080_SUPER,16,
nfnet_l0,128,16,bf16,13.708255767822266,False,NVIDIA_GeForce_RTX_4080_SUPER,16,
nfnet_l0,128,16,fp16,13.62769603729248,False,NVIDIA_GeForce_RTX_4080_SUPER,16,
nfnet_l0,128,16,fp32,16.11008071899414,False,NVIDIA_GeForce_RTX_4080_SUPER,16,
nfnet_l0,128,32,bf16,19.679744720458984,False,NVIDIA_GeForce_RTX_4080_SUPER,16,
nfnet_l0,128,32,fp16,19.95636749267578,False,NVIDIA_GeForce_RTX_4080_SUPER,16,
nfnet_l0,128,32,fp32,25.199216842651367,False,NVIDIA_GeForce_RTX_4080_SUPER,16,
nfnet_l0,128,64,bf16,26.11199951171875,False,NVIDIA_GeForce_RTX_4080_SUPER,16,
nfnet_l0,128,64,fp16,25.296384811401367,False,NVIDIA_GeForce_RTX_4080_SUPER,16,
nfnet_l0,128,64,fp32,51.12729644775391,False,NVIDIA_GeForce_RTX_4080_SUPER,16,
nfnet_l0,224,16,bf16,20.800512313842773,False,NVIDIA_GeForce_RTX_4080_SUPER,16,
nfnet_l0,224,16,fp16,21.74396705627441,False,NVIDIA_GeForce_RTX_4080_SUPER,16,
nfnet_l0,224,16,fp32,36.99460983276367,False,NVIDIA_GeForce_RTX_4080_SUPER,16,
nfnet_l0,224,32,bf16,38.1158561706543,False,NVIDIA_GeForce_RTX_4080_SUPER,16,
nfnet_l0,224,32,fp16,38.714542388916016,False,NVIDIA_GeForce_RTX_4080_SUPER,16,
nfnet_l0,224,32,fp32,68.56011199951172,False,NVIDIA_GeForce_RTX_4080_SUPER,16,
nfnet_l0,224,64,bf16,74.51238250732422,False,NVIDIA_GeForce_RTX_4080_SUPER,16,
nfnet_l0,224,64,fp16,73.0275650024414,False,NVIDIA_GeForce_RTX_4080_SUPER,16,
nfnet_l0,224,64,fp32,156.18492126464844,False,NVIDIA_GeForce_RTX_4080_SUPER,16,
pvt_v2_b0,64,16,bf16,2.8092639446258545,False,NVIDIA_GeForce_RTX_4080_SUPER,16,
pvt_v2_b0,64,16,fp16,6.294528007507324,False,NVIDIA_GeForce_RTX_4080_SUPER,16,
pvt_v2_b0,64,16,fp32,3.750400066375733,False,NVIDIA_GeForce_RTX_4080_SUPER,16,
pvt_v2_b0,64,32,bf16,10.483712196350098,False,NVIDIA_GeForce_RTX_4080_SUPER,16,precision_artifact
pvt_v2_b0,64,32,fp16,3.383807897567749,False,NVIDIA_GeForce_RTX_4080_SUPER,16,
pvt_v2_b0,64,32,fp32,4.318687915802002,False,NVIDIA_GeForce_RTX_4080_SUPER,16,
pvt_v2_b0,64,64,bf16,4.519423961639404,False,NVIDIA_GeForce_RTX_4080_SUPER,16,
pvt_v2_b0,64,64,fp16,4.4999680519104,False,NVIDIA_GeForce_RTX_4080_SUPER,16,
pvt_v2_b0,64,64,fp32,6.12505578994751,False,NVIDIA_GeForce_RTX_4080_SUPER,16,
pvt_v2_b0,128,16,bf16,4.384255886077881,False,NVIDIA_GeForce_RTX_4080_SUPER,16,
pvt_v2_b0,128,16,fp16,4.25878381729126,False,NVIDIA_GeForce_RTX_4080_SUPER,16,
pvt_v2_b0,128,16,fp32,5.945343971252441,False,NVIDIA_GeForce_RTX_4080_SUPER,16,
pvt_v2_b0,128,32,bf16,6.57151985168457,False,NVIDIA_GeForce_RTX_4080_SUPER,16,
pvt_v2_b0,128,32,fp16,8.616864204406738,False,NVIDIA_GeForce_RTX_4080_SUPER,16,
pvt_v2_b0,128,32,fp32,8.65174388885498,False,NVIDIA_GeForce_RTX_4080_SUPER,16,
pvt_v2_b0,128,64,bf16,10.22715187072754,False,NVIDIA_GeForce_RTX_4080_SUPER,16,
pvt_v2_b0,128,64,fp16,9.755423545837402,False,NVIDIA_GeForce_RTX_4080_SUPER,16,
pvt_v2_b0,128,64,fp32,15.88150405883789,False,NVIDIA_GeForce_RTX_4080_SUPER,16,
pvt_v2_b0,224,16,bf16,9.033023834228516,False,NVIDIA_GeForce_RTX_4080_SUPER,16,
pvt_v2_b0,224,16,fp16,7.972127914428711,False,NVIDIA_GeForce_RTX_4080_SUPER,16,
pvt_v2_b0,224,16,fp32,13.41164779663086,False,NVIDIA_GeForce_RTX_4080_SUPER,16,
pvt_v2_b0,224,32,bf16,13.28384017944336,False,NVIDIA_GeForce_RTX_4080_SUPER,16,
pvt_v2_b0,224,32,fp16,12.542400360107422,False,NVIDIA_GeForce_RTX_4080_SUPER,16,
pvt_v2_b0,224,32,fp32,23.01430320739746,False,NVIDIA_GeForce_RTX_4080_SUPER,16,
pvt_v2_b0,224,64,bf16,27.32953643798828,False,NVIDIA_GeForce_RTX_4080_SUPER,16,
pvt_v2_b0,224,64,fp16,25.026031494140625,False,NVIDIA_GeForce_RTX_4080_SUPER,16,
pvt_v2_b0,224,64,fp32,44.566017150878906,False,NVIDIA_GeForce_RTX_4080_SUPER,16,
pvt_v2_b2,64,16,bf16,6.958367824554443,False,NVIDIA_GeForce_RTX_4080_SUPER,16,
pvt_v2_b2,64,16,fp16,7.432528018951416,False,NVIDIA_GeForce_RTX_4080_SUPER,16,
pvt_v2_b2,64,16,fp32,8.615936279296875,False,NVIDIA_GeForce_RTX_4080_SUPER,16,
pvt_v2_b2,64,32,bf16,8.944128036499023,False,NVIDIA_GeForce_RTX_4080_SUPER,16,
pvt_v2_b2,64,32,fp16,8.973823547363281,False,NVIDIA_GeForce_RTX_4080_SUPER,16,
pvt_v2_b2,64,32,fp32,11.376543998718262,False,NVIDIA_GeForce_RTX_4080_SUPER,16,
pvt_v2_b2,64,64,bf16,11.895631790161133,False,NVIDIA_GeForce_RTX_4080_SUPER,16,
pvt_v2_b2,64,64,fp16,12.538368225097656,False,NVIDIA_GeForce_RTX_4080_SUPER,16,
pvt_v2_b2,64,64,fp32,17.229312896728516,False,NVIDIA_GeForce_RTX_4080_SUPER,16,
pvt_v2_b2,128,16,bf16,11.104255676269531,False,NVIDIA_GeForce_RTX_4080_SUPER,16,
pvt_v2_b2,128,16,fp16,11.579888343811035,False,NVIDIA_GeForce_RTX_4080_SUPER,16,
pvt_v2_b2,128,16,fp32,17.212928771972656,False,NVIDIA_GeForce_RTX_4080_SUPER,16,
pvt_v2_b2,128,32,bf16,16.468448638916016,False,NVIDIA_GeForce_RTX_4080_SUPER,16,
pvt_v2_b2,128,32,fp16,16.38092803955078,False,NVIDIA_GeForce_RTX_4080_SUPER,16,
pvt_v2_b2,128,32,fp32,28.920320510864254,False,NVIDIA_GeForce_RTX_4080_SUPER,16,
pvt_v2_b2,128,64,bf16,29.712383270263672,False,NVIDIA_GeForce_RTX_4080_SUPER,16,
pvt_v2_b2,128,64,fp16,29.25721549987793,False,NVIDIA_GeForce_RTX_4080_SUPER,16,
pvt_v2_b2,128,64,fp32,53.54235076904297,False,NVIDIA_GeForce_RTX_4080_SUPER,16,
pvt_v2_b2,224,16,bf16,23.569904327392575,False,NVIDIA_GeForce_RTX_4080_SUPER,16,
pvt_v2_b2,224,16,fp16,23.423295974731445,False,NVIDIA_GeForce_RTX_4080_SUPER,16,
pvt_v2_b2,224,16,fp32,44.24585723876953,False,NVIDIA_GeForce_RTX_4080_SUPER,16,
pvt_v2_b2,224,32,bf16,43.03104019165039,False,NVIDIA_GeForce_RTX_4080_SUPER,16,
pvt_v2_b2,224,32,fp16,41.77908706665039,False,NVIDIA_GeForce_RTX_4080_SUPER,16,
pvt_v2_b2,224,32,fp32,80.21443176269531,False,NVIDIA_GeForce_RTX_4080_SUPER,16,
pvt_v2_b2,224,64,bf16,87.41324615478516,False,NVIDIA_GeForce_RTX_4080_SUPER,16,
pvt_v2_b2,224,64,fp16,84.97151947021484,False,NVIDIA_GeForce_RTX_4080_SUPER,16,
pvt_v2_b2,224,64,fp32,157.7118682861328,False,NVIDIA_GeForce_RTX_4080_SUPER,16,
pvt_v2_b5,64,16,bf16,20.717056274414062,False,NVIDIA_GeForce_RTX_4080_SUPER,16,
pvt_v2_b5,64,16,fp16,20.953392028808597,False,NVIDIA_GeForce_RTX_4080_SUPER,16,
pvt_v2_b5,64,16,fp32,24.749568939208984,False,NVIDIA_GeForce_RTX_4080_SUPER,16,
pvt_v2_b5,64,32,bf16,24.19803237915039,False,NVIDIA_GeForce_RTX_4080_SUPER,16,
pvt_v2_b5,64,32,fp16,24.40243148803711,False,NVIDIA_GeForce_RTX_4080_SUPER,16,
pvt_v2_b5,64,32,fp32,31.963552474975582,False,NVIDIA_GeForce_RTX_4080_SUPER,16,
pvt_v2_b5,64,64,bf16,32.264625549316406,False,NVIDIA_GeForce_RTX_4080_SUPER,16,
pvt_v2_b5,64,64,fp16,32.48729705810547,False,NVIDIA_GeForce_RTX_4080_SUPER,16,
pvt_v2_b5,64,64,fp32,43.38566589355469,False,NVIDIA_GeForce_RTX_4080_SUPER,16,
pvt_v2_b5,128,16,bf16,28.336639404296875,False,NVIDIA_GeForce_RTX_4080_SUPER,16,
pvt_v2_b5,128,16,fp16,28.73643112182617,False,NVIDIA_GeForce_RTX_4080_SUPER,16,
pvt_v2_b5,128,16,fp32,41.32027053833008,False,NVIDIA_GeForce_RTX_4080_SUPER,16,
pvt_v2_b5,128,32,bf16,39.16080093383789,False,NVIDIA_GeForce_RTX_4080_SUPER,16,
pvt_v2_b5,128,32,fp16,39.656959533691406,False,NVIDIA_GeForce_RTX_4080_SUPER,16,
pvt_v2_b5,128,32,fp32,64.22579193115234,False,NVIDIA_GeForce_RTX_4080_SUPER,16,
pvt_v2_b5,128,64,bf16,62.10406494140625,False,NVIDIA_GeForce_RTX_4080_SUPER,16,
pvt_v2_b5,128,64,fp16,62.4335823059082,False,NVIDIA_GeForce_RTX_4080_SUPER,16,
pvt_v2_b5,128,64,fp32,112.66484832763672,False,NVIDIA_GeForce_RTX_4080_SUPER,16,
pvt_v2_b5,224,16,bf16,52.133888244628906,False,NVIDIA_GeForce_RTX_4080_SUPER,16,
pvt_v2_b5,224,16,fp16,52.00179290771485,False,NVIDIA_GeForce_RTX_4080_SUPER,16,
pvt_v2_b5,224,16,fp32,95.83614349365234,False,NVIDIA_GeForce_RTX_4080_SUPER,16,
pvt_v2_b5,224,32,bf16,85.34315490722656,False,NVIDIA_GeForce_RTX_4080_SUPER,16,
pvt_v2_b5,224,32,fp16,84.85580444335938,False,NVIDIA_GeForce_RTX_4080_SUPER,16,
pvt_v2_b5,224,32,fp32,171.58656311035156,False,NVIDIA_GeForce_RTX_4080_SUPER,16,
pvt_v2_b5,224,64,bf16,166.73123168945312,False,NVIDIA_GeForce_RTX_4080_SUPER,16,
pvt_v2_b5,224,64,fp16,164.9049530029297,False,NVIDIA_GeForce_RTX_4080_SUPER,16,
pvt_v2_b5,224,64,fp32,,True,NVIDIA_GeForce_RTX_4080_SUPER,16,
regnety_032,64,16,bf16,8.258432388305664,False,NVIDIA_GeForce_RTX_4080_SUPER,16,
regnety_032,64,16,fp16,7.969552040100098,False,NVIDIA_GeForce_RTX_4080_SUPER,16,
regnety_032,64,16,fp32,8.571056365966797,False,NVIDIA_GeForce_RTX_4080_SUPER,16,
regnety_032,64,32,bf16,10.030495643615724,False,NVIDIA_GeForce_RTX_4080_SUPER,16,
regnety_032,64,32,fp16,9.375743865966797,False,NVIDIA_GeForce_RTX_4080_SUPER,16,
regnety_032,64,32,fp32,12.41156768798828,False,NVIDIA_GeForce_RTX_4080_SUPER,16,
regnety_032,64,64,bf16,12.829183578491213,False,NVIDIA_GeForce_RTX_4080_SUPER,16,
regnety_032,64,64,fp16,11.35974407196045,False,NVIDIA_GeForce_RTX_4080_SUPER,16,
regnety_032,64,64,fp32,18.82632064819336,False,NVIDIA_GeForce_RTX_4080_SUPER,16,
regnety_032,128,16,bf16,11.081727981567385,False,NVIDIA_GeForce_RTX_4080_SUPER,16,
regnety_032,128,16,fp16,10.167807579040527,False,NVIDIA_GeForce_RTX_4080_SUPER,16,
regnety_032,128,16,fp32,15.396528244018556,False,NVIDIA_GeForce_RTX_4080_SUPER,16,
regnety_032,128,32,bf16,15.832063674926758,False,NVIDIA_GeForce_RTX_4080_SUPER,16,
regnety_032,128,32,fp16,14.26483154296875,False,NVIDIA_GeForce_RTX_4080_SUPER,16,
regnety_032,128,32,fp32,23.537296295166016,False,NVIDIA_GeForce_RTX_4080_SUPER,16,
regnety_032,128,64,bf16,26.566144943237305,False,NVIDIA_GeForce_RTX_4080_SUPER,16,
regnety_032,128,64,fp16,23.260480880737305,False,NVIDIA_GeForce_RTX_4080_SUPER,16,
regnety_032,128,64,fp32,44.42808151245117,False,NVIDIA_GeForce_RTX_4080_SUPER,16,
regnety_032,224,16,bf16,22.22627258300781,False,NVIDIA_GeForce_RTX_4080_SUPER,16,
regnety_032,224,16,fp16,18.79910469055176,False,NVIDIA_GeForce_RTX_4080_SUPER,16,
regnety_032,224,16,fp32,35.62456130981445,False,NVIDIA_GeForce_RTX_4080_SUPER,16,
regnety_032,224,32,bf16,38.84563064575195,False,NVIDIA_GeForce_RTX_4080_SUPER,16,
regnety_032,224,32,fp16,33.21036911010742,False,NVIDIA_GeForce_RTX_4080_SUPER,16,
regnety_032,224,32,fp32,65.00147247314453,False,NVIDIA_GeForce_RTX_4080_SUPER,16,
regnety_032,224,64,bf16,75.31520080566406,False,NVIDIA_GeForce_RTX_4080_SUPER,16,
regnety_032,224,64,fp16,65.89183807373047,False,NVIDIA_GeForce_RTX_4080_SUPER,16,
regnety_032,224,64,fp32,145.56005859375,False,NVIDIA_GeForce_RTX_4080_SUPER,16,
regnety_080,64,16,bf16,13.020544052124023,False,NVIDIA_GeForce_RTX_4080_SUPER,16,
regnety_080,64,16,fp16,12.684592247009276,False,NVIDIA_GeForce_RTX_4080_SUPER,16,
regnety_080,64,16,fp32,13.562368392944336,False,NVIDIA_GeForce_RTX_4080_SUPER,16,
regnety_080,64,32,bf16,17.251920700073242,False,NVIDIA_GeForce_RTX_4080_SUPER,16,
regnety_080,64,32,fp16,16.549488067626953,False,NVIDIA_GeForce_RTX_4080_SUPER,16,
regnety_080,64,32,fp32,18.741247177124023,False,NVIDIA_GeForce_RTX_4080_SUPER,16,
regnety_080,64,64,bf16,25.095760345458984,False,NVIDIA_GeForce_RTX_4080_SUPER,16,
regnety_080,64,64,fp16,23.49395179748535,False,NVIDIA_GeForce_RTX_4080_SUPER,16,
regnety_080,64,64,fp32,30.577760696411133,False,NVIDIA_GeForce_RTX_4080_SUPER,16,
regnety_080,128,16,bf16,16.57966423034668,False,NVIDIA_GeForce_RTX_4080_SUPER,16,
regnety_080,128,16,fp16,15.993215560913086,False,NVIDIA_GeForce_RTX_4080_SUPER,16,
regnety_080,128,16,fp32,25.88547134399414,False,NVIDIA_GeForce_RTX_4080_SUPER,16,
regnety_080,128,32,bf16,26.57436752319336,False,NVIDIA_GeForce_RTX_4080_SUPER,16,
regnety_080,128,32,fp16,25.724687576293945,False,NVIDIA_GeForce_RTX_4080_SUPER,16,
regnety_080,128,32,fp32,40.14284896850586,False,NVIDIA_GeForce_RTX_4080_SUPER,16,
regnety_080,128,64,bf16,40.54079818725586,False,NVIDIA_GeForce_RTX_4080_SUPER,16,
regnety_080,128,64,fp16,39.62980651855469,False,NVIDIA_GeForce_RTX_4080_SUPER,16,
regnety_080,128,64,fp32,83.23123168945312,False,NVIDIA_GeForce_RTX_4080_SUPER,16,
regnety_080,224,16,bf16,32.35287857055664,False,NVIDIA_GeForce_RTX_4080_SUPER,16,
regnety_080,224,16,fp16,30.945615768432617,False,NVIDIA_GeForce_RTX_4080_SUPER,16,
regnety_080,224,16,fp32,62.46192169189453,False,NVIDIA_GeForce_RTX_4080_SUPER,16,
regnety_080,224,32,bf16,62.7134895324707,False,NVIDIA_GeForce_RTX_4080_SUPER,16,
regnety_080,224,32,fp16,57.37228775024414,False,NVIDIA_GeForce_RTX_4080_SUPER,16,
regnety_080,224,32,fp32,111.99282836914062,False,NVIDIA_GeForce_RTX_4080_SUPER,16,
regnety_080,224,64,bf16,125.60928344726562,False,NVIDIA_GeForce_RTX_4080_SUPER,16,
regnety_080,224,64,fp16,119.37596893310548,False,NVIDIA_GeForce_RTX_4080_SUPER,16,
regnety_080,224,64,fp32,255.15054321289065,False,NVIDIA_GeForce_RTX_4080_SUPER,16,
regnety_160,64,16,bf16,16.942079544067383,False,NVIDIA_GeForce_RTX_4080_SUPER,16,
regnety_160,64,16,fp16,16.08243179321289,False,NVIDIA_GeForce_RTX_4080_SUPER,16,
regnety_160,64,16,fp32,24.29248046875,False,NVIDIA_GeForce_RTX_4080_SUPER,16,
regnety_160,64,32,bf16,20.652816772460938,False,NVIDIA_GeForce_RTX_4080_SUPER,16,
regnety_160,64,32,fp16,18.93324851989746,False,NVIDIA_GeForce_RTX_4080_SUPER,16,
regnety_160,64,32,fp32,33.925758361816406,False,NVIDIA_GeForce_RTX_4080_SUPER,16,
regnety_160,64,64,bf16,27.852127075195312,False,NVIDIA_GeForce_RTX_4080_SUPER,16,
regnety_160,64,64,fp16,25.695215225219727,False,NVIDIA_GeForce_RTX_4080_SUPER,16,
regnety_160,64,64,fp32,53.90591812133789,False,NVIDIA_GeForce_RTX_4080_SUPER,16,
regnety_160,128,16,bf16,25.376256942749023,False,NVIDIA_GeForce_RTX_4080_SUPER,16,
regnety_160,128,16,fp16,24.56475257873535,False,NVIDIA_GeForce_RTX_4080_SUPER,16,
regnety_160,128,16,fp32,39.31603240966797,False,NVIDIA_GeForce_RTX_4080_SUPER,16,
regnety_160,128,32,bf16,37.52732849121094,False,NVIDIA_GeForce_RTX_4080_SUPER,16,
regnety_160,128,32,fp16,36.95872116088867,False,NVIDIA_GeForce_RTX_4080_SUPER,16,
regnety_160,128,32,fp32,64.05786895751953,False,NVIDIA_GeForce_RTX_4080_SUPER,16,
regnety_160,128,64,bf16,64.16947174072266,False,NVIDIA_GeForce_RTX_4080_SUPER,16,
regnety_160,128,64,fp16,61.58782577514648,False,NVIDIA_GeForce_RTX_4080_SUPER,16,
regnety_160,128,64,fp32,131.08493041992188,False,NVIDIA_GeForce_RTX_4080_SUPER,16,
regnety_160,224,16,bf16,49.65785598754883,False,NVIDIA_GeForce_RTX_4080_SUPER,16,
regnety_160,224,16,fp16,47.71676635742188,False,NVIDIA_GeForce_RTX_4080_SUPER,16,
regnety_160,224,16,fp32,101.52899169921876,False,NVIDIA_GeForce_RTX_4080_SUPER,16,
regnety_160,224,32,bf16,91.85012817382812,False,NVIDIA_GeForce_RTX_4080_SUPER,16,
regnety_160,224,32,fp16,88.22843170166016,False,NVIDIA_GeForce_RTX_4080_SUPER,16,
regnety_160,224,32,fp32,200.3241729736328,False,NVIDIA_GeForce_RTX_4080_SUPER,16,
regnety_160,224,64,bf16,191.17759704589844,False,NVIDIA_GeForce_RTX_4080_SUPER,16,
regnety_160,224,64,fp16,186.5569000244141,False,NVIDIA_GeForce_RTX_4080_SUPER,16,
regnety_160,224,64,fp32,,True,NVIDIA_GeForce_RTX_4080_SUPER,16,
regnety_320,64,16,bf16,26.51852798461914,False,NVIDIA_GeForce_RTX_4080_SUPER,16,
regnety_320,64,16,fp16,25.68700790405273,False,NVIDIA_GeForce_RTX_4080_SUPER,16,
regnety_320,64,16,fp32,35.65311813354492,False,NVIDIA_GeForce_RTX_4080_SUPER,16,
regnety_320,64,32,bf16,31.577104568481445,False,NVIDIA_GeForce_RTX_4080_SUPER,16,
regnety_320,64,32,fp16,29.44870376586914,False,NVIDIA_GeForce_RTX_4080_SUPER,16,
regnety_320,64,32,fp32,43.68815994262695,False,NVIDIA_GeForce_RTX_4080_SUPER,16,
regnety_320,64,64,bf16,41.35236740112305,False,NVIDIA_GeForce_RTX_4080_SUPER,16,
regnety_320,64,64,fp16,39.65534210205078,False,NVIDIA_GeForce_RTX_4080_SUPER,16,
regnety_320,64,64,fp32,68.69305419921875,False,NVIDIA_GeForce_RTX_4080_SUPER,16,
regnety_320,128,16,bf16,39.118896484375,False,NVIDIA_GeForce_RTX_4080_SUPER,16,
regnety_320,128,16,fp16,37.69635009765625,False,NVIDIA_GeForce_RTX_4080_SUPER,16,
regnety_320,128,16,fp32,53.40224075317383,False,NVIDIA_GeForce_RTX_4080_SUPER,16,
regnety_320,128,32,bf16,56.98567962646485,False,NVIDIA_GeForce_RTX_4080_SUPER,16,
regnety_320,128,32,fp16,56.99291229248047,False,NVIDIA_GeForce_RTX_4080_SUPER,16,
regnety_320,128,32,fp32,94.3379364013672,False,NVIDIA_GeForce_RTX_4080_SUPER,16,
regnety_320,128,64,bf16,99.550048828125,False,NVIDIA_GeForce_RTX_4080_SUPER,16,
regnety_320,128,64,fp16,100.3324966430664,False,NVIDIA_GeForce_RTX_4080_SUPER,16,
regnety_320,128,64,fp32,182.0185546875,False,NVIDIA_GeForce_RTX_4080_SUPER,16,
regnety_320,224,16,bf16,80.88899230957031,False,NVIDIA_GeForce_RTX_4080_SUPER,16,
regnety_320,224,16,fp16,78.43775939941406,False,NVIDIA_GeForce_RTX_4080_SUPER,16,
regnety_320,224,16,fp32,143.72354125976562,False,NVIDIA_GeForce_RTX_4080_SUPER,16,
regnety_320,224,32,bf16,151.90476989746094,False,NVIDIA_GeForce_RTX_4080_SUPER,16,
regnety_320,224,32,fp16,148.17816162109375,False,NVIDIA_GeForce_RTX_4080_SUPER,16,
regnety_320,224,32,fp32,524.7548217773438,False,NVIDIA_GeForce_RTX_4080_SUPER,16,
regnety_320,224,64,bf16,304.4931030273437,False,NVIDIA_GeForce_RTX_4080_SUPER,16,
regnety_320,224,64,fp16,296.2708435058594,False,NVIDIA_GeForce_RTX_4080_SUPER,16,
regnety_320,224,64,fp32,,True,NVIDIA_GeForce_RTX_4080_SUPER,16,
repvgg_a2,64,16,bf16,6.312736034393311,False,NVIDIA_GeForce_RTX_4080_SUPER,16,
repvgg_a2,64,16,fp16,6.1091837882995605,False,NVIDIA_GeForce_RTX_4080_SUPER,16,
repvgg_a2,64,16,fp32,7.602687835693359,False,NVIDIA_GeForce_RTX_4080_SUPER,16,
repvgg_a2,64,32,bf16,7.355391979217529,False,NVIDIA_GeForce_RTX_4080_SUPER,16,
repvgg_a2,64,32,fp16,6.928768157958984,False,NVIDIA_GeForce_RTX_4080_SUPER,16,
repvgg_a2,64,32,fp32,8.905728340148926,False,NVIDIA_GeForce_RTX_4080_SUPER,16,
repvgg_a2,64,64,bf16,10.107376098632812,False,NVIDIA_GeForce_RTX_4080_SUPER,16,
repvgg_a2,64,64,fp16,9.343999862670898,False,NVIDIA_GeForce_RTX_4080_SUPER,16,
repvgg_a2,64,64,fp32,11.751248359680176,False,NVIDIA_GeForce_RTX_4080_SUPER,16,
repvgg_a2,128,16,bf16,8.730064392089844,False,NVIDIA_GeForce_RTX_4080_SUPER,16,
repvgg_a2,128,16,fp16,8.269760131835938,False,NVIDIA_GeForce_RTX_4080_SUPER,16,
repvgg_a2,128,16,fp32,11.877375602722168,False,NVIDIA_GeForce_RTX_4080_SUPER,16,
repvgg_a2,128,32,bf16,12.935168266296388,False,NVIDIA_GeForce_RTX_4080_SUPER,16,
repvgg_a2,128,32,fp16,12.148736000061035,False,NVIDIA_GeForce_RTX_4080_SUPER,16,
repvgg_a2,128,32,fp32,18.77299118041992,False,NVIDIA_GeForce_RTX_4080_SUPER,16,
repvgg_a2,128,64,bf16,22.327295303344727,False,NVIDIA_GeForce_RTX_4080_SUPER,16,
repvgg_a2,128,64,fp16,20.79692840576172,False,NVIDIA_GeForce_RTX_4080_SUPER,16,
repvgg_a2,128,64,fp32,35.76825714111328,False,NVIDIA_GeForce_RTX_4080_SUPER,16,
repvgg_a2,224,16,bf16,16.05120086669922,False,NVIDIA_GeForce_RTX_4080_SUPER,16,
repvgg_a2,224,16,fp16,15.022480010986328,False,NVIDIA_GeForce_RTX_4080_SUPER,16,
repvgg_a2,224,16,fp32,26.31475257873535,False,NVIDIA_GeForce_RTX_4080_SUPER,16,
repvgg_a2,224,32,bf16,29.05241584777832,False,NVIDIA_GeForce_RTX_4080_SUPER,16,
repvgg_a2,224,32,fp16,27.609600067138672,False,NVIDIA_GeForce_RTX_4080_SUPER,16,
repvgg_a2,224,32,fp32,51.86708831787109,False,NVIDIA_GeForce_RTX_4080_SUPER,16,
repvgg_a2,224,64,bf16,57.397247314453125,False,NVIDIA_GeForce_RTX_4080_SUPER,16,
repvgg_a2,224,64,fp16,54.055423736572266,False,NVIDIA_GeForce_RTX_4080_SUPER,16,
repvgg_a2,224,64,fp32,108.49171447753906,False,NVIDIA_GeForce_RTX_4080_SUPER,16,
resmlp_24_224,64,16,bf16,9.141695976257324,False,NVIDIA_GeForce_RTX_4080_SUPER,16,
resmlp_24_224,64,16,fp16,9.602352142333984,False,NVIDIA_GeForce_RTX_4080_SUPER,16,
resmlp_24_224,64,16,fp32,7.862080097198486,False,NVIDIA_GeForce_RTX_4080_SUPER,16,
resmlp_24_224,64,32,bf16,7.742976188659668,False,NVIDIA_GeForce_RTX_4080_SUPER,16,
resmlp_24_224,64,32,fp16,7.681024074554443,False,NVIDIA_GeForce_RTX_4080_SUPER,16,
resmlp_24_224,64,32,fp32,9.989631652832031,False,NVIDIA_GeForce_RTX_4080_SUPER,16,
resmlp_24_224,64,64,bf16,9.68227195739746,False,NVIDIA_GeForce_RTX_4080_SUPER,16,
resmlp_24_224,64,64,fp16,9.596416473388672,False,NVIDIA_GeForce_RTX_4080_SUPER,16,
resmlp_24_224,64,64,fp32,14.013279914855955,False,NVIDIA_GeForce_RTX_4080_SUPER,16,
resmlp_24_224,128,16,bf16,9.9542236328125,False,NVIDIA_GeForce_RTX_4080_SUPER,16,
resmlp_24_224,128,16,fp16,9.884127616882324,False,NVIDIA_GeForce_RTX_4080_SUPER,16,
resmlp_24_224,128,16,fp32,14.329343795776367,False,NVIDIA_GeForce_RTX_4080_SUPER,16,
resmlp_24_224,128,32,bf16,13.917695999145508,False,NVIDIA_GeForce_RTX_4080_SUPER,16,
resmlp_24_224,128,32,fp16,13.840383529663086,False,NVIDIA_GeForce_RTX_4080_SUPER,16,
resmlp_24_224,128,32,fp32,23.99486351013184,False,NVIDIA_GeForce_RTX_4080_SUPER,16,
resmlp_24_224,128,64,bf16,22.68926429748535,False,NVIDIA_GeForce_RTX_4080_SUPER,16,
resmlp_24_224,128,64,fp16,22.552335739135746,False,NVIDIA_GeForce_RTX_4080_SUPER,16,
resmlp_24_224,128,64,fp32,42.92607879638672,False,NVIDIA_GeForce_RTX_4080_SUPER,16,
resmlp_24_224,224,16,bf16,18.871807098388672,False,NVIDIA_GeForce_RTX_4080_SUPER,16,
resmlp_24_224,224,16,fp16,18.899808883666992,False,NVIDIA_GeForce_RTX_4080_SUPER,16,
resmlp_24_224,224,16,fp32,35.04742431640625,False,NVIDIA_GeForce_RTX_4080_SUPER,16,
resmlp_24_224,224,32,bf16,33.947105407714844,False,NVIDIA_GeForce_RTX_4080_SUPER,16,
resmlp_24_224,224,32,fp16,33.81708908081055,False,NVIDIA_GeForce_RTX_4080_SUPER,16,
resmlp_24_224,224,32,fp32,66.03247833251953,False,NVIDIA_GeForce_RTX_4080_SUPER,16,
resmlp_24_224,224,64,bf16,62.83622360229492,False,NVIDIA_GeForce_RTX_4080_SUPER,16,
resmlp_24_224,224,64,fp16,62.44095993041992,False,NVIDIA_GeForce_RTX_4080_SUPER,16,
resmlp_24_224,224,64,fp32,126.24676513671876,False,NVIDIA_GeForce_RTX_4080_SUPER,16,
resnet101,64,16,bf16,10.93836784362793,False,NVIDIA_GeForce_RTX_4080_SUPER,16,
resnet101,64,16,fp16,10.490816116333008,False,NVIDIA_GeForce_RTX_4080_SUPER,16,
resnet101,64,16,fp32,13.50755214691162,False,NVIDIA_GeForce_RTX_4080_SUPER,16,
resnet101,64,32,bf16,12.392959594726562,False,NVIDIA_GeForce_RTX_4080_SUPER,16,
resnet101,64,32,fp16,11.451343536376951,False,NVIDIA_GeForce_RTX_4080_SUPER,16,
resnet101,64,32,fp32,16.963071823120117,False,NVIDIA_GeForce_RTX_4080_SUPER,16,
resnet101,64,64,bf16,16.707584381103516,False,NVIDIA_GeForce_RTX_4080_SUPER,16,
resnet101,64,64,fp16,14.738304138183594,False,NVIDIA_GeForce_RTX_4080_SUPER,16,
resnet101,64,64,fp32,22.577455520629883,False,NVIDIA_GeForce_RTX_4080_SUPER,16,
resnet101,128,16,bf16,13.63865566253662,False,NVIDIA_GeForce_RTX_4080_SUPER,16,
resnet101,128,16,fp16,12.703231811523438,False,NVIDIA_GeForce_RTX_4080_SUPER,16,
resnet101,128,16,fp32,18.418575286865234,False,NVIDIA_GeForce_RTX_4080_SUPER,16,
resnet101,128,32,bf16,20.54707145690918,False,NVIDIA_GeForce_RTX_4080_SUPER,16,
resnet101,128,32,fp16,18.79843139648437,False,NVIDIA_GeForce_RTX_4080_SUPER,16,
resnet101,128,32,fp32,31.612415313720703,False,NVIDIA_GeForce_RTX_4080_SUPER,16,
resnet101,128,64,bf16,37.79020690917969,False,NVIDIA_GeForce_RTX_4080_SUPER,16,
resnet101,128,64,fp16,34.49599838256836,False,NVIDIA_GeForce_RTX_4080_SUPER,16,
resnet101,128,64,fp32,57.13510513305664,False,NVIDIA_GeForce_RTX_4080_SUPER,16,
resnet101,224,16,bf16,27.041791915893555,False,NVIDIA_GeForce_RTX_4080_SUPER,16,
resnet101,224,16,fp16,24.65331268310547,False,NVIDIA_GeForce_RTX_4080_SUPER,16,
resnet101,224,16,fp32,43.14828872680664,False,NVIDIA_GeForce_RTX_4080_SUPER,16,
resnet101,224,32,bf16,50.85950469970703,False,NVIDIA_GeForce_RTX_4080_SUPER,16,
resnet101,224,32,fp16,47.032833099365234,False,NVIDIA_GeForce_RTX_4080_SUPER,16,
resnet101,224,32,fp32,89.312255859375,False,NVIDIA_GeForce_RTX_4080_SUPER,16,
resnet101,224,64,bf16,100.95257568359376,False,NVIDIA_GeForce_RTX_4080_SUPER,16,
resnet101,224,64,fp16,92.59366607666016,False,NVIDIA_GeForce_RTX_4080_SUPER,16,
resnet101,224,64,fp32,184.5876617431641,False,NVIDIA_GeForce_RTX_4080_SUPER,16,
resnet152,64,16,bf16,15.673855781555176,False,NVIDIA_GeForce_RTX_4080_SUPER,16,
resnet152,64,16,fp16,15.020544052124023,False,NVIDIA_GeForce_RTX_4080_SUPER,16,
resnet152,64,16,fp32,19.157791137695312,False,NVIDIA_GeForce_RTX_4080_SUPER,16,
resnet152,64,32,bf16,17.734655380249023,False,NVIDIA_GeForce_RTX_4080_SUPER,16,
resnet152,64,32,fp16,16.387584686279297,False,NVIDIA_GeForce_RTX_4080_SUPER,16,
resnet152,64,32,fp32,24.097280502319336,False,NVIDIA_GeForce_RTX_4080_SUPER,16,
resnet152,64,64,bf16,23.967552185058597,False,NVIDIA_GeForce_RTX_4080_SUPER,16,
resnet152,64,64,fp16,21.137407302856445,False,NVIDIA_GeForce_RTX_4080_SUPER,16,
resnet152,64,64,fp32,32.13721466064453,False,NVIDIA_GeForce_RTX_4080_SUPER,16,
resnet152,128,16,bf16,19.47648048400879,False,NVIDIA_GeForce_RTX_4080_SUPER,16,
resnet152,128,16,fp16,18.09199905395508,False,NVIDIA_GeForce_RTX_4080_SUPER,16,
resnet152,128,16,fp32,26.396671295166016,False,NVIDIA_GeForce_RTX_4080_SUPER,16,
resnet152,128,32,bf16,29.338111877441406,False,NVIDIA_GeForce_RTX_4080_SUPER,16,
resnet152,128,32,fp16,26.76838493347168,False,NVIDIA_GeForce_RTX_4080_SUPER,16,
resnet152,128,32,fp32,44.67448043823242,False,NVIDIA_GeForce_RTX_4080_SUPER,16,
resnet152,128,64,bf16,53.62001419067383,False,NVIDIA_GeForce_RTX_4080_SUPER,16,
resnet152,128,64,fp16,49.03782272338867,False,NVIDIA_GeForce_RTX_4080_SUPER,16,
resnet152,128,64,fp32,79.2308349609375,False,NVIDIA_GeForce_RTX_4080_SUPER,16,
resnet152,224,16,bf16,38.21567916870117,False,NVIDIA_GeForce_RTX_4080_SUPER,16,
resnet152,224,16,fp16,34.9752311706543,False,NVIDIA_GeForce_RTX_4080_SUPER,16,
resnet152,224,16,fp32,60.62641525268555,False,NVIDIA_GeForce_RTX_4080_SUPER,16,
resnet152,224,32,bf16,70.9088134765625,False,NVIDIA_GeForce_RTX_4080_SUPER,16,
resnet152,224,32,fp16,65.231201171875,False,NVIDIA_GeForce_RTX_4080_SUPER,16,
resnet152,224,32,fp32,124.7640609741211,False,NVIDIA_GeForce_RTX_4080_SUPER,16,
resnet152,224,64,bf16,139.64236450195312,False,NVIDIA_GeForce_RTX_4080_SUPER,16,
resnet152,224,64,fp16,128.27520751953125,False,NVIDIA_GeForce_RTX_4080_SUPER,16,
resnet152,224,64,fp32,259.2921447753906,False,NVIDIA_GeForce_RTX_4080_SUPER,16,
resnet18,64,16,bf16,2.194432020187378,False,NVIDIA_GeForce_RTX_4080_SUPER,16,
resnet18,64,16,fp16,2.113888025283813,False,NVIDIA_GeForce_RTX_4080_SUPER,16,
resnet18,64,16,fp32,3.0940160751342773,False,NVIDIA_GeForce_RTX_4080_SUPER,16,
resnet18,64,32,bf16,2.4883201122283936,False,NVIDIA_GeForce_RTX_4080_SUPER,16,
resnet18,64,32,fp16,2.350591897964477,False,NVIDIA_GeForce_RTX_4080_SUPER,16,
resnet18,64,32,fp32,3.471791982650757,False,NVIDIA_GeForce_RTX_4080_SUPER,16,
resnet18,64,64,bf16,3.414367914199829,False,NVIDIA_GeForce_RTX_4080_SUPER,16,
resnet18,64,64,fp16,3.151263952255249,False,NVIDIA_GeForce_RTX_4080_SUPER,16,
resnet18,64,64,fp32,4.58081579208374,False,NVIDIA_GeForce_RTX_4080_SUPER,16,
resnet18,128,16,bf16,3.1733438968658447,False,NVIDIA_GeForce_RTX_4080_SUPER,16,
resnet18,128,16,fp16,3.0151679515838623,False,NVIDIA_GeForce_RTX_4080_SUPER,16,
resnet18,128,16,fp32,3.940351963043213,False,NVIDIA_GeForce_RTX_4080_SUPER,16,
resnet18,128,32,bf16,4.548064231872559,False,NVIDIA_GeForce_RTX_4080_SUPER,16,
resnet18,128,32,fp16,4.223904132843018,False,NVIDIA_GeForce_RTX_4080_SUPER,16,
resnet18,128,32,fp32,6.701056003570557,False,NVIDIA_GeForce_RTX_4080_SUPER,16,
resnet18,128,64,bf16,7.794464111328125,False,NVIDIA_GeForce_RTX_4080_SUPER,16,
resnet18,128,64,fp16,7.159296035766602,False,NVIDIA_GeForce_RTX_4080_SUPER,16,
resnet18,128,64,fp32,11.598336219787598,False,NVIDIA_GeForce_RTX_4080_SUPER,16,
resnet18,224,16,bf16,6.217152118682861,False,NVIDIA_GeForce_RTX_4080_SUPER,16,
resnet18,224,16,fp16,5.664112091064453,False,NVIDIA_GeForce_RTX_4080_SUPER,16,
resnet18,224,16,fp32,9.20041561126709,False,NVIDIA_GeForce_RTX_4080_SUPER,16,
resnet18,224,32,bf16,11.395584106445312,False,NVIDIA_GeForce_RTX_4080_SUPER,16,
resnet18,224,32,fp16,10.522944450378418,False,NVIDIA_GeForce_RTX_4080_SUPER,16,
resnet18,224,32,fp32,17.921024322509766,False,NVIDIA_GeForce_RTX_4080_SUPER,16,
resnet18,224,64,bf16,23.07225608825684,False,NVIDIA_GeForce_RTX_4080_SUPER,16,
resnet18,224,64,fp16,19.815248489379883,False,NVIDIA_GeForce_RTX_4080_SUPER,16,
resnet18,224,64,fp32,36.33958435058594,False,NVIDIA_GeForce_RTX_4080_SUPER,16,
resnet200,64,16,bf16,18.5218563079834,False,NVIDIA_GeForce_RTX_4080_SUPER,16,
resnet200,64,16,fp16,17.603071212768555,False,NVIDIA_GeForce_RTX_4080_SUPER,16,
resnet200,64,16,fp32,22.500864028930664,False,NVIDIA_GeForce_RTX_4080_SUPER,16,
resnet200,64,32,bf16,21.49870491027832,False,NVIDIA_GeForce_RTX_4080_SUPER,16,
resnet200,64,32,fp16,19.331567764282227,False,NVIDIA_GeForce_RTX_4080_SUPER,16,
resnet200,64,32,fp32,28.5787353515625,False,NVIDIA_GeForce_RTX_4080_SUPER,16,
resnet200,64,64,bf16,29.818687438964844,False,NVIDIA_GeForce_RTX_4080_SUPER,16,
resnet200,64,64,fp16,26.09849548339844,False,NVIDIA_GeForce_RTX_4080_SUPER,16,
resnet200,64,64,fp32,39.22636795043945,False,NVIDIA_GeForce_RTX_4080_SUPER,16,
resnet200,128,16,bf16,23.864320755004883,False,NVIDIA_GeForce_RTX_4080_SUPER,16,
resnet200,128,16,fp16,22.0134391784668,False,NVIDIA_GeForce_RTX_4080_SUPER,16,
resnet200,128,16,fp32,31.880495071411133,False,NVIDIA_GeForce_RTX_4080_SUPER,16,
resnet200,128,32,bf16,37.34527969360352,False,NVIDIA_GeForce_RTX_4080_SUPER,16,
resnet200,128,32,fp16,33.80731201171875,False,NVIDIA_GeForce_RTX_4080_SUPER,16,
resnet200,128,32,fp32,55.256446838378906,False,NVIDIA_GeForce_RTX_4080_SUPER,16,
resnet200,128,64,bf16,68.43545532226562,False,NVIDIA_GeForce_RTX_4080_SUPER,16,
resnet200,128,64,fp16,61.72057723999024,False,NVIDIA_GeForce_RTX_4080_SUPER,16,
resnet200,128,64,fp32,103.33121490478516,False,NVIDIA_GeForce_RTX_4080_SUPER,16,
resnet200,224,16,bf16,49.38393783569336,False,NVIDIA_GeForce_RTX_4080_SUPER,16,
resnet200,224,16,fp16,44.27264022827149,False,NVIDIA_GeForce_RTX_4080_SUPER,16,
resnet200,224,16,fp32,79.02668762207031,False,NVIDIA_GeForce_RTX_4080_SUPER,16,
resnet200,224,32,bf16,92.86962890625,False,NVIDIA_GeForce_RTX_4080_SUPER,16,
resnet200,224,32,fp16,83.92797088623047,False,NVIDIA_GeForce_RTX_4080_SUPER,16,
resnet200,224,32,fp32,167.25453186035156,False,NVIDIA_GeForce_RTX_4080_SUPER,16,
resnet200,224,64,bf16,189.1031036376953,False,NVIDIA_GeForce_RTX_4080_SUPER,16,
resnet200,224,64,fp16,171.82106018066406,False,NVIDIA_GeForce_RTX_4080_SUPER,16,
resnet200,224,64,fp32,,True,NVIDIA_GeForce_RTX_4080_SUPER,16,
resnet50,64,16,bf16,5.622208118438721,False,NVIDIA_GeForce_RTX_4080_SUPER,16,
resnet50,64,16,fp16,5.352367877960205,False,NVIDIA_GeForce_RTX_4080_SUPER,16,
resnet50,64,16,fp32,7.223264217376709,False,NVIDIA_GeForce_RTX_4080_SUPER,16,
resnet50,64,32,bf16,6.547967910766602,False,NVIDIA_GeForce_RTX_4080_SUPER,16,
resnet50,64,32,fp16,6.016384124755859,False,NVIDIA_GeForce_RTX_4080_SUPER,16,
resnet50,64,32,fp32,9.094127655029297,False,NVIDIA_GeForce_RTX_4080_SUPER,16,
resnet50,64,64,bf16,9.051487922668455,False,NVIDIA_GeForce_RTX_4080_SUPER,16,
resnet50,64,64,fp16,7.936800003051758,False,NVIDIA_GeForce_RTX_4080_SUPER,16,
resnet50,64,64,fp32,12.396544456481934,False,NVIDIA_GeForce_RTX_4080_SUPER,16,
resnet50,128,16,bf16,7.556096076965332,False,NVIDIA_GeForce_RTX_4080_SUPER,16,
resnet50,128,16,fp16,6.97324800491333,False,NVIDIA_GeForce_RTX_4080_SUPER,16,
resnet50,128,16,fp32,10.151215553283691,False,NVIDIA_GeForce_RTX_4080_SUPER,16,
resnet50,128,32,bf16,11.752752304077148,False,NVIDIA_GeForce_RTX_4080_SUPER,16,
resnet50,128,32,fp16,10.593791961669922,False,NVIDIA_GeForce_RTX_4080_SUPER,16,
resnet50,128,32,fp32,18.102672576904297,False,NVIDIA_GeForce_RTX_4080_SUPER,16,
resnet50,128,64,bf16,21.627391815185547,False,NVIDIA_GeForce_RTX_4080_SUPER,16,
resnet50,128,64,fp16,19.474943161010746,False,NVIDIA_GeForce_RTX_4080_SUPER,16,
resnet50,128,64,fp32,36.0181770324707,False,NVIDIA_GeForce_RTX_4080_SUPER,16,
resnet50,224,16,bf16,16.017919540405273,False,NVIDIA_GeForce_RTX_4080_SUPER,16,
resnet50,224,16,fp16,14.35801601409912,False,NVIDIA_GeForce_RTX_4080_SUPER,16,
resnet50,224,16,fp32,26.375167846679688,False,NVIDIA_GeForce_RTX_4080_SUPER,16,
resnet50,224,32,bf16,31.64455986022949,False,NVIDIA_GeForce_RTX_4080_SUPER,16,
resnet50,224,32,fp16,28.980735778808597,False,NVIDIA_GeForce_RTX_4080_SUPER,16,
resnet50,224,32,fp32,56.86616134643555,False,NVIDIA_GeForce_RTX_4080_SUPER,16,
resnet50,224,64,bf16,66.25788879394531,False,NVIDIA_GeForce_RTX_4080_SUPER,16,
resnet50,224,64,fp16,60.116817474365234,False,NVIDIA_GeForce_RTX_4080_SUPER,16,
resnet50,224,64,fp32,118.74918365478516,False,NVIDIA_GeForce_RTX_4080_SUPER,16,
resnext101_64x4d,64,16,bf16,16.903167724609375,False,NVIDIA_GeForce_RTX_4080_SUPER,16,
resnext101_64x4d,64,16,fp16,16.324607849121094,False,NVIDIA_GeForce_RTX_4080_SUPER,16,
resnext101_64x4d,64,16,fp32,24.97158432006836,False,NVIDIA_GeForce_RTX_4080_SUPER,16,
resnext101_64x4d,64,32,bf16,19.95980834960937,False,NVIDIA_GeForce_RTX_4080_SUPER,16,
resnext101_64x4d,64,32,fp16,18.79372787475586,False,NVIDIA_GeForce_RTX_4080_SUPER,16,
resnext101_64x4d,64,32,fp32,37.130638122558594,False,NVIDIA_GeForce_RTX_4080_SUPER,16,
resnext101_64x4d,64,64,bf16,28.030351638793945,False,NVIDIA_GeForce_RTX_4080_SUPER,16,
resnext101_64x4d,64,64,fp16,24.947200775146484,False,NVIDIA_GeForce_RTX_4080_SUPER,16,
resnext101_64x4d,64,64,fp32,56.09868621826172,False,NVIDIA_GeForce_RTX_4080_SUPER,16,
resnext101_64x4d,128,16,bf16,22.275840759277344,False,NVIDIA_GeForce_RTX_4080_SUPER,16,
resnext101_64x4d,128,16,fp16,21.00889587402344,False,NVIDIA_GeForce_RTX_4080_SUPER,16,
resnext101_64x4d,128,16,fp32,43.01772689819336,False,NVIDIA_GeForce_RTX_4080_SUPER,16,
resnext101_64x4d,128,32,bf16,35.095550537109375,False,NVIDIA_GeForce_RTX_4080_SUPER,16,
resnext101_64x4d,128,32,fp16,34.34239959716797,False,NVIDIA_GeForce_RTX_4080_SUPER,16,
resnext101_64x4d,128,32,fp32,70.6478042602539,False,NVIDIA_GeForce_RTX_4080_SUPER,16,
resnext101_64x4d,128,64,bf16,60.846561431884766,False,NVIDIA_GeForce_RTX_4080_SUPER,16,
resnext101_64x4d,128,64,fp16,60.57057571411133,False,NVIDIA_GeForce_RTX_4080_SUPER,16,
resnext101_64x4d,128,64,fp32,153.96249389648438,False,NVIDIA_GeForce_RTX_4080_SUPER,16,
resnext101_64x4d,224,16,bf16,48.8176155090332,False,NVIDIA_GeForce_RTX_4080_SUPER,16,
resnext101_64x4d,224,16,fp16,45.87827301025391,False,NVIDIA_GeForce_RTX_4080_SUPER,16,
resnext101_64x4d,224,16,fp32,110.2008285522461,False,NVIDIA_GeForce_RTX_4080_SUPER,16,
resnext101_64x4d,224,32,bf16,100.81158447265624,False,NVIDIA_GeForce_RTX_4080_SUPER,16,
resnext101_64x4d,224,32,fp16,94.77324676513672,False,NVIDIA_GeForce_RTX_4080_SUPER,16,
resnext101_64x4d,224,32,fp32,195.17059326171875,False,NVIDIA_GeForce_RTX_4080_SUPER,16,
resnext101_64x4d,224,64,bf16,203.40203857421875,False,NVIDIA_GeForce_RTX_4080_SUPER,16,
resnext101_64x4d,224,64,fp16,190.2202911376953,False,NVIDIA_GeForce_RTX_4080_SUPER,16,
resnext101_64x4d,224,64,fp32,,True,NVIDIA_GeForce_RTX_4080_SUPER,16,
resnext50_32x4d,64,16,bf16,6.033919811248779,False,NVIDIA_GeForce_RTX_4080_SUPER,16,
resnext50_32x4d,64,16,fp16,5.768703937530518,False,NVIDIA_GeForce_RTX_4080_SUPER,16,
resnext50_32x4d,64,16,fp32,8.00819206237793,False,NVIDIA_GeForce_RTX_4080_SUPER,16,
resnext50_32x4d,64,32,bf16,7.675903797149658,False,NVIDIA_GeForce_RTX_4080_SUPER,16,
resnext50_32x4d,64,32,fp16,7.351136207580566,False,NVIDIA_GeForce_RTX_4080_SUPER,16,
resnext50_32x4d,64,32,fp32,11.675135612487791,False,NVIDIA_GeForce_RTX_4080_SUPER,16,
resnext50_32x4d,64,64,bf16,12.397007942199709,False,NVIDIA_GeForce_RTX_4080_SUPER,16,
resnext50_32x4d,64,64,fp16,11.156479835510254,False,NVIDIA_GeForce_RTX_4080_SUPER,16,
resnext50_32x4d,64,64,fp32,16.891727447509766,False,NVIDIA_GeForce_RTX_4080_SUPER,16,
resnext50_32x4d,128,16,bf16,8.387439727783203,False,NVIDIA_GeForce_RTX_4080_SUPER,16,
resnext50_32x4d,128,16,fp16,7.668064117431641,False,NVIDIA_GeForce_RTX_4080_SUPER,16,
resnext50_32x4d,128,16,fp32,13.272064208984377,False,NVIDIA_GeForce_RTX_4080_SUPER,16,
resnext50_32x4d,128,32,bf16,13.99995231628418,False,NVIDIA_GeForce_RTX_4080_SUPER,16,
resnext50_32x4d,128,32,fp16,12.93344020843506,False,NVIDIA_GeForce_RTX_4080_SUPER,16,
resnext50_32x4d,128,32,fp32,23.37996864318848,False,NVIDIA_GeForce_RTX_4080_SUPER,16,
resnext50_32x4d,128,64,bf16,25.653247833251957,False,NVIDIA_GeForce_RTX_4080_SUPER,16,
resnext50_32x4d,128,64,fp16,23.46630477905273,False,NVIDIA_GeForce_RTX_4080_SUPER,16,
resnext50_32x4d,128,64,fp32,49.42729568481445,False,NVIDIA_GeForce_RTX_4080_SUPER,16,
resnext50_32x4d,224,16,bf16,18.064815521240234,False,NVIDIA_GeForce_RTX_4080_SUPER,16,
resnext50_32x4d,224,16,fp16,16.376319885253906,False,NVIDIA_GeForce_RTX_4080_SUPER,16,
resnext50_32x4d,224,16,fp32,36.8776969909668,False,NVIDIA_GeForce_RTX_4080_SUPER,16,
resnext50_32x4d,224,32,bf16,37.43159866333008,False,NVIDIA_GeForce_RTX_4080_SUPER,16,
resnext50_32x4d,224,32,fp16,34.31625747680664,False,NVIDIA_GeForce_RTX_4080_SUPER,16,
resnext50_32x4d,224,32,fp32,76.74555206298828,False,NVIDIA_GeForce_RTX_4080_SUPER,16,
resnext50_32x4d,224,64,bf16,81.6055679321289,False,NVIDIA_GeForce_RTX_4080_SUPER,16,
resnext50_32x4d,224,64,fp16,74.72980499267578,False,NVIDIA_GeForce_RTX_4080_SUPER,16,
resnext50_32x4d,224,64,fp32,159.5918426513672,False,NVIDIA_GeForce_RTX_4080_SUPER,16,
swin_base_patch4_window7_224,64,16,bf16,14.793999671936035,False,NVIDIA_GeForce_RTX_4080_SUPER,16,
swin_base_patch4_window7_224,64,16,fp16,14.37276840209961,False,NVIDIA_GeForce_RTX_4080_SUPER,16,
swin_base_patch4_window7_224,64,16,fp32,18.241424560546875,False,NVIDIA_GeForce_RTX_4080_SUPER,16,
swin_base_patch4_window7_224,64,32,bf16,17.382783889770508,False,NVIDIA_GeForce_RTX_4080_SUPER,16,
swin_base_patch4_window7_224,64,32,fp16,17.33198356628418,False,NVIDIA_GeForce_RTX_4080_SUPER,16,
swin_base_patch4_window7_224,64,32,fp32,26.155519485473636,False,NVIDIA_GeForce_RTX_4080_SUPER,16,
swin_base_patch4_window7_224,64,64,bf16,23.81056022644043,False,NVIDIA_GeForce_RTX_4080_SUPER,16,
swin_base_patch4_window7_224,64,64,fp16,23.52025604248047,False,NVIDIA_GeForce_RTX_4080_SUPER,16,
swin_base_patch4_window7_224,64,64,fp32,41.75,False,NVIDIA_GeForce_RTX_4080_SUPER,16,
swin_base_patch4_window7_224,128,16,bf16,30.04979133605957,False,NVIDIA_GeForce_RTX_4080_SUPER,16,
swin_base_patch4_window7_224,128,16,fp16,29.793119430541992,False,NVIDIA_GeForce_RTX_4080_SUPER,16,
swin_base_patch4_window7_224,128,16,fp32,54.62255859375,False,NVIDIA_GeForce_RTX_4080_SUPER,16,
swin_base_patch4_window7_224,128,32,bf16,49.32952117919922,False,NVIDIA_GeForce_RTX_4080_SUPER,16,
swin_base_patch4_window7_224,128,32,fp16,48.88264083862305,False,NVIDIA_GeForce_RTX_4080_SUPER,16,
swin_base_patch4_window7_224,128,32,fp32,100.1860809326172,False,NVIDIA_GeForce_RTX_4080_SUPER,16,
swin_base_patch4_window7_224,128,64,bf16,94.69588470458984,False,NVIDIA_GeForce_RTX_4080_SUPER,16,
swin_base_patch4_window7_224,128,64,fp16,94.10662078857422,False,NVIDIA_GeForce_RTX_4080_SUPER,16,
swin_base_patch4_window7_224,128,64,fp32,199.28662109375,False,NVIDIA_GeForce_RTX_4080_SUPER,16,
swin_base_patch4_window7_224,224,16,bf16,47.89851379394531,False,NVIDIA_GeForce_RTX_4080_SUPER,16,
swin_base_patch4_window7_224,224,16,fp16,47.2437744140625,False,NVIDIA_GeForce_RTX_4080_SUPER,16,
swin_base_patch4_window7_224,224,16,fp32,95.27910614013672,False,NVIDIA_GeForce_RTX_4080_SUPER,16,
swin_base_patch4_window7_224,224,32,bf16,89.59283447265625,False,NVIDIA_GeForce_RTX_4080_SUPER,16,
swin_base_patch4_window7_224,224,32,fp16,88.99942779541016,False,NVIDIA_GeForce_RTX_4080_SUPER,16,
swin_base_patch4_window7_224,224,32,fp32,182.66522216796875,False,NVIDIA_GeForce_RTX_4080_SUPER,16,
swin_base_patch4_window7_224,224,64,bf16,182.2550201416016,False,NVIDIA_GeForce_RTX_4080_SUPER,16,
swin_base_patch4_window7_224,224,64,fp16,181.6524810791016,False,NVIDIA_GeForce_RTX_4080_SUPER,16,
swin_base_patch4_window7_224,224,64,fp32,,True,NVIDIA_GeForce_RTX_4080_SUPER,16,
swin_tiny_patch4_window7_224,64,16,bf16,6.118783950805664,False,NVIDIA_GeForce_RTX_4080_SUPER,16,
swin_tiny_patch4_window7_224,64,16,fp16,6.071231842041016,False,NVIDIA_GeForce_RTX_4080_SUPER,16,
swin_tiny_patch4_window7_224,64,16,fp32,7.611392021179199,False,NVIDIA_GeForce_RTX_4080_SUPER,16,
swin_tiny_patch4_window7_224,64,32,bf16,7.639967918395996,False,NVIDIA_GeForce_RTX_4080_SUPER,16,
swin_tiny_patch4_window7_224,64,32,fp16,7.617455959320068,False,NVIDIA_GeForce_RTX_4080_SUPER,16,
swin_tiny_patch4_window7_224,64,32,fp32,11.029919624328612,False,NVIDIA_GeForce_RTX_4080_SUPER,16,
swin_tiny_patch4_window7_224,64,64,bf16,10.514415740966797,False,NVIDIA_GeForce_RTX_4080_SUPER,16,
swin_tiny_patch4_window7_224,64,64,fp16,10.576160430908203,False,NVIDIA_GeForce_RTX_4080_SUPER,16,
swin_tiny_patch4_window7_224,64,64,fp32,17.73299217224121,False,NVIDIA_GeForce_RTX_4080_SUPER,16,
swin_tiny_patch4_window7_224,128,16,bf16,11.433456420898438,False,NVIDIA_GeForce_RTX_4080_SUPER,16,
swin_tiny_patch4_window7_224,128,16,fp16,11.372976303100586,False,NVIDIA_GeForce_RTX_4080_SUPER,16,
swin_tiny_patch4_window7_224,128,16,fp32,19.2040958404541,False,NVIDIA_GeForce_RTX_4080_SUPER,16,
swin_tiny_patch4_window7_224,128,32,bf16,18.407264709472656,False,NVIDIA_GeForce_RTX_4080_SUPER,16,
swin_tiny_patch4_window7_224,128,32,fp16,18.257871627807617,False,NVIDIA_GeForce_RTX_4080_SUPER,16,
swin_tiny_patch4_window7_224,128,32,fp32,34.58867263793945,False,NVIDIA_GeForce_RTX_4080_SUPER,16,
swin_tiny_patch4_window7_224,128,64,bf16,34.305023193359375,False,NVIDIA_GeForce_RTX_4080_SUPER,16,
swin_tiny_patch4_window7_224,128,64,fp16,33.96249771118164,False,NVIDIA_GeForce_RTX_4080_SUPER,16,
swin_tiny_patch4_window7_224,128,64,fp32,69.42566680908203,False,NVIDIA_GeForce_RTX_4080_SUPER,16,
swin_tiny_patch4_window7_224,224,16,bf16,19.49951934814453,False,NVIDIA_GeForce_RTX_4080_SUPER,16,
swin_tiny_patch4_window7_224,224,16,fp16,19.363264083862305,False,NVIDIA_GeForce_RTX_4080_SUPER,16,
swin_tiny_patch4_window7_224,224,16,fp32,37.27644729614258,False,NVIDIA_GeForce_RTX_4080_SUPER,16,
swin_tiny_patch4_window7_224,224,32,bf16,38.27097702026367,False,NVIDIA_GeForce_RTX_4080_SUPER,16,
swin_tiny_patch4_window7_224,224,32,fp16,38.0897102355957,False,NVIDIA_GeForce_RTX_4080_SUPER,16,
swin_tiny_patch4_window7_224,224,32,fp32,74.22054290771484,False,NVIDIA_GeForce_RTX_4080_SUPER,16,
swin_tiny_patch4_window7_224,224,64,bf16,81.58719635009766,False,NVIDIA_GeForce_RTX_4080_SUPER,16,
swin_tiny_patch4_window7_224,224,64,fp16,81.31890869140625,False,NVIDIA_GeForce_RTX_4080_SUPER,16,
swin_tiny_patch4_window7_224,224,64,fp32,150.37747192382812,False,NVIDIA_GeForce_RTX_4080_SUPER,16,
swinv2_cr_tiny_ns_224,64,16,bf16,7.034768104553223,False,NVIDIA_GeForce_RTX_4080_SUPER,16,
swinv2_cr_tiny_ns_224,64,16,fp16,6.954927921295166,False,NVIDIA_GeForce_RTX_4080_SUPER,16,
swinv2_cr_tiny_ns_224,64,16,fp32,8.11303997039795,False,NVIDIA_GeForce_RTX_4080_SUPER,16,
swinv2_cr_tiny_ns_224,64,32,bf16,8.71168041229248,False,NVIDIA_GeForce_RTX_4080_SUPER,16,
swinv2_cr_tiny_ns_224,64,32,fp16,8.268799781799316,False,NVIDIA_GeForce_RTX_4080_SUPER,16,
swinv2_cr_tiny_ns_224,64,32,fp32,11.284912109375,False,NVIDIA_GeForce_RTX_4080_SUPER,16,
swinv2_cr_tiny_ns_224,64,64,bf16,11.268400192260742,False,NVIDIA_GeForce_RTX_4080_SUPER,16,
swinv2_cr_tiny_ns_224,64,64,fp16,10.992112159729004,False,NVIDIA_GeForce_RTX_4080_SUPER,16,
swinv2_cr_tiny_ns_224,64,64,fp32,17.70854377746582,False,NVIDIA_GeForce_RTX_4080_SUPER,16,
swinv2_cr_tiny_ns_224,128,16,bf16,10.861568450927734,False,NVIDIA_GeForce_RTX_4080_SUPER,16,
swinv2_cr_tiny_ns_224,128,16,fp16,10.842415809631348,False,NVIDIA_GeForce_RTX_4080_SUPER,16,
swinv2_cr_tiny_ns_224,128,16,fp32,15.82427215576172,False,NVIDIA_GeForce_RTX_4080_SUPER,16,
swinv2_cr_tiny_ns_224,128,32,bf16,16.46131134033203,False,NVIDIA_GeForce_RTX_4080_SUPER,16,
swinv2_cr_tiny_ns_224,128,32,fp16,16.492528915405273,False,NVIDIA_GeForce_RTX_4080_SUPER,16,
swinv2_cr_tiny_ns_224,128,32,fp32,27.146751403808597,False,NVIDIA_GeForce_RTX_4080_SUPER,16,
swinv2_cr_tiny_ns_224,128,64,bf16,29.518320083618164,False,NVIDIA_GeForce_RTX_4080_SUPER,16,
swinv2_cr_tiny_ns_224,128,64,fp16,29.313024520874023,False,NVIDIA_GeForce_RTX_4080_SUPER,16,
swinv2_cr_tiny_ns_224,128,64,fp32,52.02931213378906,False,NVIDIA_GeForce_RTX_4080_SUPER,16,
swinv2_cr_tiny_ns_224,224,16,bf16,25.55276870727539,False,NVIDIA_GeForce_RTX_4080_SUPER,16,
swinv2_cr_tiny_ns_224,224,16,fp16,25.50619125366211,False,NVIDIA_GeForce_RTX_4080_SUPER,16,
swinv2_cr_tiny_ns_224,224,16,fp32,42.59481430053711,False,NVIDIA_GeForce_RTX_4080_SUPER,16,
swinv2_cr_tiny_ns_224,224,32,bf16,51.79340744018555,False,NVIDIA_GeForce_RTX_4080_SUPER,16,
swinv2_cr_tiny_ns_224,224,32,fp16,51.4595832824707,False,NVIDIA_GeForce_RTX_4080_SUPER,16,
swinv2_cr_tiny_ns_224,224,32,fp32,86.04057312011719,False,NVIDIA_GeForce_RTX_4080_SUPER,16,
swinv2_cr_tiny_ns_224,224,64,bf16,115.2363510131836,False,NVIDIA_GeForce_RTX_4080_SUPER,16,
swinv2_cr_tiny_ns_224,224,64,fp16,114.65984344482422,False,NVIDIA_GeForce_RTX_4080_SUPER,16,
swinv2_cr_tiny_ns_224,224,64,fp32,178.07565307617188,False,NVIDIA_GeForce_RTX_4080_SUPER,16,
twins_pcpvt_small,64,16,bf16,6.895952224731445,False,NVIDIA_GeForce_RTX_4080_SUPER,16,
twins_pcpvt_small,64,16,fp16,6.856639862060547,False,NVIDIA_GeForce_RTX_4080_SUPER,16,
twins_pcpvt_small,64,16,fp32,7.8054399490356445,False,NVIDIA_GeForce_RTX_4080_SUPER,16,
twins_pcpvt_small,64,32,bf16,8.246175765991211,False,NVIDIA_GeForce_RTX_4080_SUPER,16,
twins_pcpvt_small,64,32,fp16,8.237567901611328,False,NVIDIA_GeForce_RTX_4080_SUPER,16,
twins_pcpvt_small,64,32,fp32,10.214400291442873,False,NVIDIA_GeForce_RTX_4080_SUPER,16,
twins_pcpvt_small,64,64,bf16,11.458047866821287,False,NVIDIA_GeForce_RTX_4080_SUPER,16,
twins_pcpvt_small,64,64,fp16,10.64857578277588,False,NVIDIA_GeForce_RTX_4080_SUPER,16,
twins_pcpvt_small,64,64,fp32,15.422351837158203,False,NVIDIA_GeForce_RTX_4080_SUPER,16,
twins_pcpvt_small,128,16,bf16,10.589183807373049,False,NVIDIA_GeForce_RTX_4080_SUPER,16,
twins_pcpvt_small,128,16,fp16,10.499391555786133,False,NVIDIA_GeForce_RTX_4080_SUPER,16,
twins_pcpvt_small,128,16,fp32,15.129487991333008,False,NVIDIA_GeForce_RTX_4080_SUPER,16,
twins_pcpvt_small,128,32,bf16,14.470656394958496,False,NVIDIA_GeForce_RTX_4080_SUPER,16,
twins_pcpvt_small,128,32,fp16,14.427424430847168,False,NVIDIA_GeForce_RTX_4080_SUPER,16,
twins_pcpvt_small,128,32,fp32,23.981056213378903,False,NVIDIA_GeForce_RTX_4080_SUPER,16,
twins_pcpvt_small,128,64,bf16,24.76019287109375,False,NVIDIA_GeForce_RTX_4080_SUPER,16,
twins_pcpvt_small,128,64,fp16,24.69017601013184,False,NVIDIA_GeForce_RTX_4080_SUPER,16,
twins_pcpvt_small,128,64,fp32,42.87926483154297,False,NVIDIA_GeForce_RTX_4080_SUPER,16,
twins_pcpvt_small,224,16,bf16,20.48204803466797,False,NVIDIA_GeForce_RTX_4080_SUPER,16,
twins_pcpvt_small,224,16,fp16,20.35798454284668,False,NVIDIA_GeForce_RTX_4080_SUPER,16,
twins_pcpvt_small,224,16,fp32,36.69292831420898,False,NVIDIA_GeForce_RTX_4080_SUPER,16,
twins_pcpvt_small,224,32,bf16,34.65625762939453,False,NVIDIA_GeForce_RTX_4080_SUPER,16,
twins_pcpvt_small,224,32,fp16,34.42278289794922,False,NVIDIA_GeForce_RTX_4080_SUPER,16,
twins_pcpvt_small,224,32,fp32,64.67922973632812,False,NVIDIA_GeForce_RTX_4080_SUPER,16,
twins_pcpvt_small,224,64,bf16,69.78508758544922,False,NVIDIA_GeForce_RTX_4080_SUPER,16,
twins_pcpvt_small,224,64,fp16,69.76051330566406,False,NVIDIA_GeForce_RTX_4080_SUPER,16,
twins_pcpvt_small,224,64,fp32,125.51372528076172,False,NVIDIA_GeForce_RTX_4080_SUPER,16,
twins_svt_small,64,16,bf16,7.433216094970703,False,NVIDIA_GeForce_RTX_4080_SUPER,16,
twins_svt_small,64,16,fp16,7.360879898071289,False,NVIDIA_GeForce_RTX_4080_SUPER,16,
twins_svt_small,64,16,fp32,8.311615943908691,False,NVIDIA_GeForce_RTX_4080_SUPER,16,
twins_svt_small,64,32,bf16,9.503520011901855,False,NVIDIA_GeForce_RTX_4080_SUPER,16,
twins_svt_small,64,32,fp16,9.562623977661133,False,NVIDIA_GeForce_RTX_4080_SUPER,16,
twins_svt_small,64,32,fp32,11.294048309326172,False,NVIDIA_GeForce_RTX_4080_SUPER,16,
twins_svt_small,64,64,bf16,13.736448287963867,False,NVIDIA_GeForce_RTX_4080_SUPER,16,
twins_svt_small,64,64,fp16,13.714783668518066,False,NVIDIA_GeForce_RTX_4080_SUPER,16,
twins_svt_small,64,64,fp32,17.40390396118164,False,NVIDIA_GeForce_RTX_4080_SUPER,16,
twins_svt_small,128,16,bf16,11.405823707580566,False,NVIDIA_GeForce_RTX_4080_SUPER,16,
twins_svt_small,128,16,fp16,11.337712287902832,False,NVIDIA_GeForce_RTX_4080_SUPER,16,
twins_svt_small,128,16,fp32,14.722047805786133,False,NVIDIA_GeForce_RTX_4080_SUPER,16,
twins_svt_small,128,32,bf16,17.647104263305664,False,NVIDIA_GeForce_RTX_4080_SUPER,16,
twins_svt_small,128,32,fp16,17.585567474365234,False,NVIDIA_GeForce_RTX_4080_SUPER,16,
twins_svt_small,128,32,fp32,24.366928100585938,False,NVIDIA_GeForce_RTX_4080_SUPER,16,
twins_svt_small,128,64,bf16,31.78751945495605,False,NVIDIA_GeForce_RTX_4080_SUPER,16,
twins_svt_small,128,64,fp16,31.73273658752441,False,NVIDIA_GeForce_RTX_4080_SUPER,16,
twins_svt_small,128,64,fp32,45.848575592041016,False,NVIDIA_GeForce_RTX_4080_SUPER,16,
twins_svt_small,224,16,bf16,19.192127227783203,False,NVIDIA_GeForce_RTX_4080_SUPER,16,
twins_svt_small,224,16,fp16,19.112960815429688,False,NVIDIA_GeForce_RTX_4080_SUPER,16,
twins_svt_small,224,16,fp32,29.063535690307617,False,NVIDIA_GeForce_RTX_4080_SUPER,16,
twins_svt_small,224,32,bf16,32.97785568237305,False,NVIDIA_GeForce_RTX_4080_SUPER,16,
twins_svt_small,224,32,fp16,32.917808532714844,False,NVIDIA_GeForce_RTX_4080_SUPER,16,
twins_svt_small,224,32,fp32,55.43577575683594,False,NVIDIA_GeForce_RTX_4080_SUPER,16,
twins_svt_small,224,64,bf16,66.72537231445312,False,NVIDIA_GeForce_RTX_4080_SUPER,16,
twins_svt_small,224,64,fp16,66.69035339355469,False,NVIDIA_GeForce_RTX_4080_SUPER,16,
twins_svt_small,224,64,fp32,108.46665954589844,False,NVIDIA_GeForce_RTX_4080_SUPER,16,
vit_base_patch16_224,64,16,bf16,10.987407684326172,False,NVIDIA_GeForce_RTX_4080_SUPER,16,
vit_base_patch16_224,64,16,fp16,10.977791786193848,False,NVIDIA_GeForce_RTX_4080_SUPER,16,
vit_base_patch16_224,64,16,fp32,13.626879692077637,False,NVIDIA_GeForce_RTX_4080_SUPER,16,
vit_base_patch16_224,64,32,bf16,13.355008125305176,False,NVIDIA_GeForce_RTX_4080_SUPER,16,
vit_base_patch16_224,64,32,fp16,13.32249641418457,False,NVIDIA_GeForce_RTX_4080_SUPER,16,
vit_base_patch16_224,64,32,fp32,19.163135528564453,False,NVIDIA_GeForce_RTX_4080_SUPER,16,
vit_base_patch16_224,64,64,bf16,17.663488388061523,False,NVIDIA_GeForce_RTX_4080_SUPER,16,
vit_base_patch16_224,64,64,fp16,17.201152801513672,False,NVIDIA_GeForce_RTX_4080_SUPER,16,
vit_base_patch16_224,64,64,fp32,30.504959106445312,False,NVIDIA_GeForce_RTX_4080_SUPER,16,
vit_base_patch16_224,128,16,bf16,16.817983627319336,False,NVIDIA_GeForce_RTX_4080_SUPER,16,
vit_base_patch16_224,128,16,fp16,16.2139835357666,False,NVIDIA_GeForce_RTX_4080_SUPER,16,
vit_base_patch16_224,128,16,fp32,30.37113571166992,False,NVIDIA_GeForce_RTX_4080_SUPER,16,
vit_base_patch16_224,128,32,bf16,24.224159240722656,False,NVIDIA_GeForce_RTX_4080_SUPER,16,
vit_base_patch16_224,128,32,fp16,23.88974380493164,False,NVIDIA_GeForce_RTX_4080_SUPER,16,
vit_base_patch16_224,128,32,fp32,51.55635070800781,False,NVIDIA_GeForce_RTX_4080_SUPER,16,
vit_base_patch16_224,128,64,bf16,39.270240783691406,False,NVIDIA_GeForce_RTX_4080_SUPER,16,
vit_base_patch16_224,128,64,fp16,38.9826545715332,False,NVIDIA_GeForce_RTX_4080_SUPER,16,
vit_base_patch16_224,128,64,fp32,94.08255767822266,False,NVIDIA_GeForce_RTX_4080_SUPER,16,
vit_base_patch16_224,224,16,bf16,31.87763214111328,False,NVIDIA_GeForce_RTX_4080_SUPER,16,
vit_base_patch16_224,224,16,fp16,31.6757755279541,False,NVIDIA_GeForce_RTX_4080_SUPER,16,
vit_base_patch16_224,224,16,fp32,77.3391342163086,False,NVIDIA_GeForce_RTX_4080_SUPER,16,
vit_base_patch16_224,224,32,bf16,56.328704833984375,False,NVIDIA_GeForce_RTX_4080_SUPER,16,
vit_base_patch16_224,224,32,fp16,55.96416091918945,False,NVIDIA_GeForce_RTX_4080_SUPER,16,
vit_base_patch16_224,224,32,fp32,154.23638916015625,False,NVIDIA_GeForce_RTX_4080_SUPER,16,
vit_base_patch16_224,224,64,bf16,115.12371063232422,False,NVIDIA_GeForce_RTX_4080_SUPER,16,
vit_base_patch16_224,224,64,fp16,114.5344009399414,False,NVIDIA_GeForce_RTX_4080_SUPER,16,
vit_base_patch16_224,224,64,fp32,306.84295654296875,False,NVIDIA_GeForce_RTX_4080_SUPER,16,
vit_large_patch16_224,64,16,bf16,34.582366943359375,False,NVIDIA_GeForce_RTX_4080_SUPER,16,
vit_large_patch16_224,64,16,fp16,34.55129623413086,False,NVIDIA_GeForce_RTX_4080_SUPER,16,
vit_large_patch16_224,64,16,fp32,45.16535949707031,False,NVIDIA_GeForce_RTX_4080_SUPER,16,
vit_large_patch16_224,64,32,bf16,42.16718292236328,False,NVIDIA_GeForce_RTX_4080_SUPER,16,
vit_large_patch16_224,64,32,fp16,42.0761604309082,False,NVIDIA_GeForce_RTX_4080_SUPER,16,
vit_large_patch16_224,64,32,fp32,63.81209564208984,False,NVIDIA_GeForce_RTX_4080_SUPER,16,
vit_large_patch16_224,64,64,bf16,56.25894546508789,False,NVIDIA_GeForce_RTX_4080_SUPER,16,
vit_large_patch16_224,64,64,fp16,56.068607330322266,False,NVIDIA_GeForce_RTX_4080_SUPER,16,
vit_large_patch16_224,64,64,fp32,100.88140869140624,False,NVIDIA_GeForce_RTX_4080_SUPER,16,
vit_large_patch16_224,128,16,bf16,53.70060729980469,False,NVIDIA_GeForce_RTX_4080_SUPER,16,
vit_large_patch16_224,128,16,fp16,53.506046295166016,False,NVIDIA_GeForce_RTX_4080_SUPER,16,
vit_large_patch16_224,128,16,fp32,100.64787292480467,False,NVIDIA_GeForce_RTX_4080_SUPER,16,
vit_large_patch16_224,128,32,bf16,79.83763122558594,False,NVIDIA_GeForce_RTX_4080_SUPER,16,
vit_large_patch16_224,128,32,fp16,78.84134674072266,False,NVIDIA_GeForce_RTX_4080_SUPER,16,
vit_large_patch16_224,128,32,fp32,172.83482360839844,False,NVIDIA_GeForce_RTX_4080_SUPER,16,
vit_large_patch16_224,128,64,bf16,132.5299530029297,False,NVIDIA_GeForce_RTX_4080_SUPER,16,
vit_large_patch16_224,128,64,fp16,132.29823303222656,False,NVIDIA_GeForce_RTX_4080_SUPER,16,
vit_large_patch16_224,128,64,fp32,325.4808349609375,False,NVIDIA_GeForce_RTX_4080_SUPER,16,
vit_large_patch16_224,224,16,bf16,103.22471618652344,False,NVIDIA_GeForce_RTX_4080_SUPER,16,
vit_large_patch16_224,224,16,fp16,102.6201629638672,False,NVIDIA_GeForce_RTX_4080_SUPER,16,
vit_large_patch16_224,224,16,fp32,254.73880004882807,False,NVIDIA_GeForce_RTX_4080_SUPER,16,
vit_large_patch16_224,224,32,bf16,185.68858337402344,False,NVIDIA_GeForce_RTX_4080_SUPER,16,
vit_large_patch16_224,224,32,fp16,184.6696319580078,False,NVIDIA_GeForce_RTX_4080_SUPER,16,
vit_large_patch16_224,224,32,fp32,9970.2373046875,False,NVIDIA_GeForce_RTX_4080_SUPER,16,precision_artifact
vit_large_patch16_224,224,64,bf16,,True,NVIDIA_GeForce_RTX_4080_SUPER,16,
vit_large_patch16_224,224,64,fp16,,True,NVIDIA_GeForce_RTX_4080_SUPER,16,
vit_large_patch16_224,224,64,fp32,,True,NVIDIA_GeForce_RTX_4080_SUPER,16,
vit_small_patch16_224,64,16,bf16,4.220736026763916,False,NVIDIA_GeForce_RTX_4080_SUPER,16,
vit_small_patch16_224,64,16,fp16,4.22273588180542,False,NVIDIA_GeForce_RTX_4080_SUPER,16,
vit_small_patch16_224,64,16,fp32,5.370880126953125,False,NVIDIA_GeForce_RTX_4080_SUPER,16,
vit_small_patch16_224,64,32,bf16,5.095424175262451,False,NVIDIA_GeForce_RTX_4080_SUPER,16,
vit_small_patch16_224,64,32,fp16,5.086048126220703,False,NVIDIA_GeForce_RTX_4080_SUPER,16,
vit_small_patch16_224,64,32,fp32,7.309311866760254,False,NVIDIA_GeForce_RTX_4080_SUPER,16,
vit_small_patch16_224,64,64,bf16,6.513423919677734,False,NVIDIA_GeForce_RTX_4080_SUPER,16,
vit_small_patch16_224,64,64,fp16,6.506383895874023,False,NVIDIA_GeForce_RTX_4080_SUPER,16,
vit_small_patch16_224,64,64,fp32,10.638751983642578,False,NVIDIA_GeForce_RTX_4080_SUPER,16,
vit_small_patch16_224,128,16,bf16,6.170383930206299,False,NVIDIA_GeForce_RTX_4080_SUPER,16,
vit_small_patch16_224,128,16,fp16,6.165328025817871,False,NVIDIA_GeForce_RTX_4080_SUPER,16,
vit_small_patch16_224,128,16,fp32,10.963456153869627,False,NVIDIA_GeForce_RTX_4080_SUPER,16,
vit_small_patch16_224,128,32,bf16,8.788384437561035,False,NVIDIA_GeForce_RTX_4080_SUPER,16,
vit_small_patch16_224,128,32,fp16,8.753087997436523,False,NVIDIA_GeForce_RTX_4080_SUPER,16,
vit_small_patch16_224,128,32,fp32,17.86419105529785,False,NVIDIA_GeForce_RTX_4080_SUPER,16,
vit_small_patch16_224,128,64,bf16,13.837823867797852,False,NVIDIA_GeForce_RTX_4080_SUPER,16,
vit_small_patch16_224,128,64,fp16,13.747152328491213,False,NVIDIA_GeForce_RTX_4080_SUPER,16,
vit_small_patch16_224,128,64,fp32,32.22929763793945,False,NVIDIA_GeForce_RTX_4080_SUPER,16,
vit_small_patch16_224,224,16,bf16,11.104656219482422,False,NVIDIA_GeForce_RTX_4080_SUPER,16,
vit_small_patch16_224,224,16,fp16,10.950480461120604,False,NVIDIA_GeForce_RTX_4080_SUPER,16,
vit_small_patch16_224,224,16,fp32,26.97612762451172,False,NVIDIA_GeForce_RTX_4080_SUPER,16,
vit_small_patch16_224,224,32,bf16,19.586959838867188,False,NVIDIA_GeForce_RTX_4080_SUPER,16,
vit_small_patch16_224,224,32,fp16,19.511632919311523,False,NVIDIA_GeForce_RTX_4080_SUPER,16,
vit_small_patch16_224,224,32,fp32,50.6607666015625,False,NVIDIA_GeForce_RTX_4080_SUPER,16,
vit_small_patch16_224,224,64,bf16,37.00377655029297,False,NVIDIA_GeForce_RTX_4080_SUPER,16,
vit_small_patch16_224,224,64,fp16,36.70783996582031,False,NVIDIA_GeForce_RTX_4080_SUPER,16,
vit_small_patch16_224,224,64,fp32,99.01414489746094,False,NVIDIA_GeForce_RTX_4080_SUPER,16,
vit_tiny_patch16_224,64,16,bf16,2.2864160537719727,False,NVIDIA_GeForce_RTX_4080_SUPER,16,
vit_tiny_patch16_224,64,16,fp16,2.213263988494873,False,NVIDIA_GeForce_RTX_4080_SUPER,16,
vit_tiny_patch16_224,64,16,fp32,2.5958399772644043,False,NVIDIA_GeForce_RTX_4080_SUPER,16,
vit_tiny_patch16_224,64,32,bf16,2.9295520782470703,False,NVIDIA_GeForce_RTX_4080_SUPER,16,
vit_tiny_patch16_224,64,32,fp16,2.7811200618743896,False,NVIDIA_GeForce_RTX_4080_SUPER,16,
vit_tiny_patch16_224,64,32,fp32,3.5783679485321045,False,NVIDIA_GeForce_RTX_4080_SUPER,16,
vit_tiny_patch16_224,64,64,bf16,3.3412320613861084,False,NVIDIA_GeForce_RTX_4080_SUPER,16,
vit_tiny_patch16_224,64,64,fp16,4.065279960632324,False,NVIDIA_GeForce_RTX_4080_SUPER,16,
vit_tiny_patch16_224,64,64,fp32,4.664752006530762,False,NVIDIA_GeForce_RTX_4080_SUPER,16,
vit_tiny_patch16_224,128,16,bf16,3.1344640254974365,False,NVIDIA_GeForce_RTX_4080_SUPER,16,
vit_tiny_patch16_224,128,16,fp16,3.1288321018218994,False,NVIDIA_GeForce_RTX_4080_SUPER,16,
vit_tiny_patch16_224,128,16,fp32,4.96281623840332,False,NVIDIA_GeForce_RTX_4080_SUPER,16,
vit_tiny_patch16_224,128,32,bf16,4.379024028778076,False,NVIDIA_GeForce_RTX_4080_SUPER,16,
vit_tiny_patch16_224,128,32,fp16,6.0390400886535645,False,NVIDIA_GeForce_RTX_4080_SUPER,16,
vit_tiny_patch16_224,128,32,fp32,7.555071830749512,False,NVIDIA_GeForce_RTX_4080_SUPER,16,
vit_tiny_patch16_224,128,64,bf16,6.424575805664063,False,NVIDIA_GeForce_RTX_4080_SUPER,16,
vit_tiny_patch16_224,128,64,fp16,6.392096042633057,False,NVIDIA_GeForce_RTX_4080_SUPER,16,
vit_tiny_patch16_224,128,64,fp32,12.448543548583984,False,NVIDIA_GeForce_RTX_4080_SUPER,16,
vit_tiny_patch16_224,224,16,bf16,5.3632001876831055,False,NVIDIA_GeForce_RTX_4080_SUPER,16,
vit_tiny_patch16_224,224,16,fp16,5.342720031738281,False,NVIDIA_GeForce_RTX_4080_SUPER,16,
vit_tiny_patch16_224,224,16,fp32,11.216896057128906,False,NVIDIA_GeForce_RTX_4080_SUPER,16,
vit_tiny_patch16_224,224,32,bf16,8.611776351928711,False,NVIDIA_GeForce_RTX_4080_SUPER,16,
vit_tiny_patch16_224,224,32,fp16,8.536848068237305,False,NVIDIA_GeForce_RTX_4080_SUPER,16,
vit_tiny_patch16_224,224,32,fp32,19.78398323059082,False,NVIDIA_GeForce_RTX_4080_SUPER,16,
vit_tiny_patch16_224,224,64,bf16,15.814576148986816,False,NVIDIA_GeForce_RTX_4080_SUPER,16,
vit_tiny_patch16_224,224,64,fp16,15.660528182983398,False,NVIDIA_GeForce_RTX_4080_SUPER,16,
vit_tiny_patch16_224,224,64,fp32,38.16532897949219,False,NVIDIA_GeForce_RTX_4080_SUPER,16,
wide_resnet101_2,64,16,bf16,21.737472534179688,False,NVIDIA_GeForce_RTX_4080_SUPER,16,
wide_resnet101_2,64,16,fp16,21.960975646972656,False,NVIDIA_GeForce_RTX_4080_SUPER,16,
wide_resnet101_2,64,16,fp32,26.84308815002441,False,NVIDIA_GeForce_RTX_4080_SUPER,16,
wide_resnet101_2,64,32,bf16,26.43124771118164,False,NVIDIA_GeForce_RTX_4080_SUPER,16,
wide_resnet101_2,64,32,fp16,27.23072052001953,False,NVIDIA_GeForce_RTX_4080_SUPER,16,
wide_resnet101_2,64,32,fp32,34.433536529541016,False,NVIDIA_GeForce_RTX_4080_SUPER,16,
wide_resnet101_2,64,64,bf16,41.32556915283203,False,NVIDIA_GeForce_RTX_4080_SUPER,16,
wide_resnet101_2,64,64,fp16,39.61190414428711,False,NVIDIA_GeForce_RTX_4080_SUPER,16,
wide_resnet101_2,64,64,fp32,44.34259033203125,False,NVIDIA_GeForce_RTX_4080_SUPER,16,
wide_resnet101_2,128,16,bf16,28.84239959716797,False,NVIDIA_GeForce_RTX_4080_SUPER,16,
wide_resnet101_2,128,16,fp16,27.775487899780277,False,NVIDIA_GeForce_RTX_4080_SUPER,16,
wide_resnet101_2,128,16,fp32,37.53318405151367,False,NVIDIA_GeForce_RTX_4080_SUPER,16,
wide_resnet101_2,128,32,bf16,43.680545806884766,False,NVIDIA_GeForce_RTX_4080_SUPER,16,
wide_resnet101_2,128,32,fp16,42.08932876586914,False,NVIDIA_GeForce_RTX_4080_SUPER,16,
wide_resnet101_2,128,32,fp32,61.04422378540039,False,NVIDIA_GeForce_RTX_4080_SUPER,16,
wide_resnet101_2,128,64,bf16,74.33830261230469,False,NVIDIA_GeForce_RTX_4080_SUPER,16,
wide_resnet101_2,128,64,fp16,70.56690979003906,False,NVIDIA_GeForce_RTX_4080_SUPER,16,
wide_resnet101_2,128,64,fp32,111.18592071533205,False,NVIDIA_GeForce_RTX_4080_SUPER,16,
wide_resnet101_2,224,16,bf16,55.74224090576172,False,NVIDIA_GeForce_RTX_4080_SUPER,16,
wide_resnet101_2,224,16,fp16,53.078369140625,False,NVIDIA_GeForce_RTX_4080_SUPER,16,
wide_resnet101_2,224,16,fp32,91.32134246826172,False,NVIDIA_GeForce_RTX_4080_SUPER,16,
wide_resnet101_2,224,32,bf16,98.09092712402344,False,NVIDIA_GeForce_RTX_4080_SUPER,16,
wide_resnet101_2,224,32,fp16,93.90233612060548,False,NVIDIA_GeForce_RTX_4080_SUPER,16,
wide_resnet101_2,224,32,fp32,173.45484924316406,False,NVIDIA_GeForce_RTX_4080_SUPER,16,
wide_resnet101_2,224,64,bf16,184.3367462158203,False,NVIDIA_GeForce_RTX_4080_SUPER,16,
wide_resnet101_2,224,64,fp16,175.40638732910156,False,NVIDIA_GeForce_RTX_4080_SUPER,16,
wide_resnet101_2,224,64,fp32,340.9422302246094,False,NVIDIA_GeForce_RTX_4080_SUPER,16,
xcit_small_12_p16_224,64,16,bf16,8.094719886779785,False,NVIDIA_GeForce_RTX_4080_SUPER,16,
xcit_small_12_p16_224,64,16,fp16,7.980544090270996,False,NVIDIA_GeForce_RTX_4080_SUPER,16,
xcit_small_12_p16_224,64,16,fp32,8.964431762695312,False,NVIDIA_GeForce_RTX_4080_SUPER,16,
xcit_small_12_p16_224,64,32,bf16,9.543168067932127,False,NVIDIA_GeForce_RTX_4080_SUPER,16,
xcit_small_12_p16_224,64,32,fp16,9.349632263183594,False,NVIDIA_GeForce_RTX_4080_SUPER,16,
xcit_small_12_p16_224,64,32,fp32,11.984895706176758,False,NVIDIA_GeForce_RTX_4080_SUPER,16,
xcit_small_12_p16_224,64,64,bf16,11.95411205291748,False,NVIDIA_GeForce_RTX_4080_SUPER,16,
xcit_small_12_p16_224,64,64,fp16,11.635711669921877,False,NVIDIA_GeForce_RTX_4080_SUPER,16,
xcit_small_12_p16_224,64,64,fp32,17.175376892089844,False,NVIDIA_GeForce_RTX_4080_SUPER,16,
xcit_small_12_p16_224,128,16,bf16,11.745216369628906,False,NVIDIA_GeForce_RTX_4080_SUPER,16,
xcit_small_12_p16_224,128,16,fp16,11.469823837280272,False,NVIDIA_GeForce_RTX_4080_SUPER,16,
xcit_small_12_p16_224,128,16,fp32,15.871999740600586,False,NVIDIA_GeForce_RTX_4080_SUPER,16,
xcit_small_12_p16_224,128,32,bf16,16.68556785583496,False,NVIDIA_GeForce_RTX_4080_SUPER,16,
xcit_small_12_p16_224,128,32,fp16,16.409568786621094,False,NVIDIA_GeForce_RTX_4080_SUPER,16,
xcit_small_12_p16_224,128,32,fp32,25.38425636291504,False,NVIDIA_GeForce_RTX_4080_SUPER,16,
xcit_small_12_p16_224,128,64,bf16,26.93572807312012,False,NVIDIA_GeForce_RTX_4080_SUPER,16,
xcit_small_12_p16_224,128,64,fp16,26.46272087097168,False,NVIDIA_GeForce_RTX_4080_SUPER,16,
xcit_small_12_p16_224,128,64,fp32,45.40467071533203,False,NVIDIA_GeForce_RTX_4080_SUPER,16,
xcit_small_12_p16_224,224,16,bf16,22.05023956298828,False,NVIDIA_GeForce_RTX_4080_SUPER,16,
xcit_small_12_p16_224,224,16,fp16,21.717504501342773,False,NVIDIA_GeForce_RTX_4080_SUPER,16,
xcit_small_12_p16_224,224,16,fp32,35.72735977172852,False,NVIDIA_GeForce_RTX_4080_SUPER,16,
xcit_small_12_p16_224,224,32,bf16,39.584590911865234,False,NVIDIA_GeForce_RTX_4080_SUPER,16,
xcit_small_12_p16_224,224,32,fp16,38.97087860107422,False,NVIDIA_GeForce_RTX_4080_SUPER,16,
xcit_small_12_p16_224,224,32,fp32,67.19744110107422,False,NVIDIA_GeForce_RTX_4080_SUPER,16,
xcit_small_12_p16_224,224,64,bf16,80.15411376953125,False,NVIDIA_GeForce_RTX_4080_SUPER,16,
xcit_small_12_p16_224,224,64,fp16,78.74765014648438,False,NVIDIA_GeForce_RTX_4080_SUPER,16,
xcit_small_12_p16_224,224,64,fp32,134.04620361328125,False,NVIDIA_GeForce_RTX_4080_SUPER,16,
xcit_tiny_12_p16_224,64,16,bf16,5.768080234527588,False,NVIDIA_GeForce_RTX_4080_SUPER,16,
xcit_tiny_12_p16_224,64,16,fp16,5.523856163024902,False,NVIDIA_GeForce_RTX_4080_SUPER,16,
xcit_tiny_12_p16_224,64,16,fp32,5.473584175109863,False,NVIDIA_GeForce_RTX_4080_SUPER,16,
xcit_tiny_12_p16_224,64,32,bf16,6.837152004241943,False,NVIDIA_GeForce_RTX_4080_SUPER,16,
xcit_tiny_12_p16_224,64,32,fp16,6.500864028930664,False,NVIDIA_GeForce_RTX_4080_SUPER,16,
xcit_tiny_12_p16_224,64,32,fp32,7.239168167114258,False,NVIDIA_GeForce_RTX_4080_SUPER,16,
xcit_tiny_12_p16_224,64,64,bf16,7.913936138153076,False,NVIDIA_GeForce_RTX_4080_SUPER,16,
xcit_tiny_12_p16_224,64,64,fp16,7.486976146697998,False,NVIDIA_GeForce_RTX_4080_SUPER,16,
xcit_tiny_12_p16_224,64,64,fp32,9.219584465026855,False,NVIDIA_GeForce_RTX_4080_SUPER,16,
xcit_tiny_12_p16_224,128,16,bf16,7.761407852172852,False,NVIDIA_GeForce_RTX_4080_SUPER,16,
xcit_tiny_12_p16_224,128,16,fp16,7.305215835571289,False,NVIDIA_GeForce_RTX_4080_SUPER,16,
xcit_tiny_12_p16_224,128,16,fp32,8.476160049438477,False,NVIDIA_GeForce_RTX_4080_SUPER,16,
xcit_tiny_12_p16_224,128,32,bf16,9.89419174194336,False,NVIDIA_GeForce_RTX_4080_SUPER,16,
xcit_tiny_12_p16_224,128,32,fp16,14.992223739624023,False,NVIDIA_GeForce_RTX_4080_SUPER,16,
xcit_tiny_12_p16_224,128,32,fp32,12.41700839996338,False,NVIDIA_GeForce_RTX_4080_SUPER,16,
xcit_tiny_12_p16_224,128,64,bf16,14.09075164794922,False,NVIDIA_GeForce_RTX_4080_SUPER,16,
xcit_tiny_12_p16_224,128,64,fp16,13.558671951293944,False,NVIDIA_GeForce_RTX_4080_SUPER,16,
xcit_tiny_12_p16_224,128,64,fp32,19.54897689819336,False,NVIDIA_GeForce_RTX_4080_SUPER,16,
xcit_tiny_12_p16_224,224,16,bf16,12.053983688354492,False,NVIDIA_GeForce_RTX_4080_SUPER,16,
xcit_tiny_12_p16_224,224,16,fp16,11.7642240524292,False,NVIDIA_GeForce_RTX_4080_SUPER,16,
xcit_tiny_12_p16_224,224,16,fp32,15.925248146057127,False,NVIDIA_GeForce_RTX_4080_SUPER,16,
xcit_tiny_12_p16_224,224,32,bf16,19.515888214111328,False,NVIDIA_GeForce_RTX_4080_SUPER,16,
xcit_tiny_12_p16_224,224,32,fp16,19.1278076171875,False,NVIDIA_GeForce_RTX_4080_SUPER,16,
xcit_tiny_12_p16_224,224,32,fp32,28.10875129699707,False,NVIDIA_GeForce_RTX_4080_SUPER,16,
xcit_tiny_12_p16_224,224,64,bf16,36.41985702514648,False,NVIDIA_GeForce_RTX_4080_SUPER,16,
xcit_tiny_12_p16_224,224,64,fp16,35.335166931152344,False,NVIDIA_GeForce_RTX_4080_SUPER,16,
xcit_tiny_12_p16_224,224,64,fp32,53.388671875,False,NVIDIA_GeForce_RTX_4080_SUPER,16,
