model,img_size,batch_size,precision,avg_time_ms,oom,gpu,vram_gb,cleanup
beit_large_patch16_224,64,16,bf16,58.03875350952149,False,NVIDIA_GeForce_RTX_5060_Ti,16,
beit_large_patch16_224,64,16,fp16,56.71150588989258,False,NVIDIA_GeForce_RTX_5060_Ti,16,
beit_large_patch16_224,64,16,fp32,84.0169906616211,False,NVIDIA_GeForce_RTX_5060_Ti,16,
beit_large_patch16_224,64,32,bf16,70.20442962646484,False,NVIDIA_GeForce_RTX_5060_Ti,16,
beit_large_patch16_224,64,32,fp16,70.02629089355469,False,NVIDIA_GeForce_RTX_5060_Ti,16,
beit_large_patch16_224,64,32,fp32,120.12606048583984,False,NVIDIA_GeForce_RTX_5060_Ti,16,
beit_large_patch16_224,64,64,bf16,96.21355438232422,False,NVIDIA_GeForce_RTX_5060_Ti,16,
beit_large_patch16_224,64,64,fp16,95.67385864257812,False,NVIDIA_GeForce_RTX_5060_Ti,16,
beit_large_patch16_224,64,64,fp32,199.7486572265625,False,NVIDIA_GeForce_RTX_5060_Ti,16,
beit_large_patch16_224,128,16,bf16,96.29888153076172,False,NVIDIA_GeForce_RTX_5060_Ti,16,
beit_large_patch16_224,128,16,fp16,95.82901000976562,False,NVIDIA_GeForce_RTX_5060_Ti,16,
beit_large_patch16_224,128,16,fp32,200.0256805419922,False,NVIDIA_GeForce_RTX_5060_Ti,16,
beit_large_patch16_224,128,32,bf16,149.4721221923828,False,NVIDIA_GeForce_RTX_5060_Ti,16,
beit_large_patch16_224,128,32,fp16,149.13848876953125,False,NVIDIA_GeForce_RTX_5060_Ti,16,
beit_large_patch16_224,128,32,fp32,363.3316345214844,False,NVIDIA_GeForce_RTX_5060_Ti,16,
beit_large_patch16_224,128,64,bf16,265.06427001953125,False,NVIDIA_GeForce_RTX_5060_Ti,16,
beit_large_patch16_224,128,64,fp16,262.5193176269531,False,NVIDIA_GeForce_RTX_5060_Ti,16,
beit_large_patch16_224,128,64,fp32,685.0784912109375,False,NVIDIA_GeForce_RTX_5060_Ti,16,
beit_large_patch16_224,224,16,bf16,220.8143768310547,False,NVIDIA_GeForce_RTX_5060_Ti,16,
beit_large_patch16_224,224,16,fp16,219.07562255859372,False,NVIDIA_GeForce_RTX_5060_Ti,16,
beit_large_patch16_224,224,16,fp32,551.0908813476562,False,NVIDIA_GeForce_RTX_5060_Ti,16,
beit_large_patch16_224,224,32,bf16,413.8806457519531,False,NVIDIA_GeForce_RTX_5060_Ti,16,
beit_large_patch16_224,224,32,fp16,409.9551086425781,False,NVIDIA_GeForce_RTX_5060_Ti,16,
beit_large_patch16_224,224,32,fp32,,True,NVIDIA_GeForce_RTX_5060_Ti,16,
beit_large_patch16_224,224,64,bf16,,True,NVIDIA_GeForce_RTX_5060_Ti,16,
beit_large_patch16_224,224,64,fp16,,True,NVIDIA_GeForce_RTX_5060_Ti,16,
beit_large_patch16_224,224,64,fp32,,True,NVIDIA_GeForce_RTX_5060_Ti,16,
coatnet_0_rw_224,64,16,bf16,9.185152053833008,False,NVIDIA_GeForce_RTX_5060_Ti,16,
coatnet_0_rw_224,64,16,fp16,8.036399841308594,False,NVIDIA_GeForce_RTX_5060_Ti,16,
coatnet_0_rw_224,64,16,fp32,9.404959678649902,False,NVIDIA_GeForce_RTX_5060_Ti,16,
coatnet_0_rw_224,64,32,bf16,11.40345573425293,False,NVIDIA_GeForce_RTX_5060_Ti,16,
coatnet_0_rw_224,64,32,fp16,10.036735534667969,False,NVIDIA_GeForce_RTX_5060_Ti,16,
coatnet_0_rw_224,64,32,fp32,13.617424011230469,False,NVIDIA_GeForce_RTX_5060_Ti,16,
coatnet_0_rw_224,64,64,bf16,17.65782356262207,False,NVIDIA_GeForce_RTX_5060_Ti,16,
coatnet_0_rw_224,64,64,fp16,15.219200134277344,False,NVIDIA_GeForce_RTX_5060_Ti,16,
coatnet_0_rw_224,64,64,fp32,24.706144332885746,False,NVIDIA_GeForce_RTX_5060_Ti,16,
coatnet_0_rw_224,128,16,bf16,17.015920639038086,False,NVIDIA_GeForce_RTX_5060_Ti,16,
coatnet_0_rw_224,128,16,fp16,14.0829439163208,False,NVIDIA_GeForce_RTX_5060_Ti,16,
coatnet_0_rw_224,128,16,fp32,21.868064880371094,False,NVIDIA_GeForce_RTX_5060_Ti,16,
coatnet_0_rw_224,128,32,bf16,28.31929588317871,False,NVIDIA_GeForce_RTX_5060_Ti,16,
coatnet_0_rw_224,128,32,fp16,23.822895050048828,False,NVIDIA_GeForce_RTX_5060_Ti,16,
coatnet_0_rw_224,128,32,fp32,44.2918701171875,False,NVIDIA_GeForce_RTX_5060_Ti,16,
coatnet_0_rw_224,128,64,bf16,56.21992111206055,False,NVIDIA_GeForce_RTX_5060_Ti,16,
coatnet_0_rw_224,128,64,fp16,47.9752311706543,False,NVIDIA_GeForce_RTX_5060_Ti,16,
coatnet_0_rw_224,128,64,fp32,91.1594696044922,False,NVIDIA_GeForce_RTX_5060_Ti,16,
coatnet_0_rw_224,224,16,bf16,46.70270538330078,False,NVIDIA_GeForce_RTX_5060_Ti,16,
coatnet_0_rw_224,224,16,fp16,40.18791961669922,False,NVIDIA_GeForce_RTX_5060_Ti,16,
coatnet_0_rw_224,224,16,fp32,78.01313781738281,False,NVIDIA_GeForce_RTX_5060_Ti,16,
coatnet_0_rw_224,224,32,bf16,93.32052612304688,False,NVIDIA_GeForce_RTX_5060_Ti,16,
coatnet_0_rw_224,224,32,fp16,81.2231216430664,False,NVIDIA_GeForce_RTX_5060_Ti,16,
coatnet_0_rw_224,224,32,fp32,160.45960998535156,False,NVIDIA_GeForce_RTX_5060_Ti,16,
coatnet_0_rw_224,224,64,bf16,190.3152313232422,False,NVIDIA_GeForce_RTX_5060_Ti,16,
coatnet_0_rw_224,224,64,fp16,168.38626098632812,False,NVIDIA_GeForce_RTX_5060_Ti,16,
coatnet_0_rw_224,224,64,fp32,325.0042419433594,False,NVIDIA_GeForce_RTX_5060_Ti,16,
coatnet_1_rw_224,64,16,bf16,14.880847930908203,False,NVIDIA_GeForce_RTX_5060_Ti,16,
coatnet_1_rw_224,64,16,fp16,13.323823928833008,False,NVIDIA_GeForce_RTX_5060_Ti,16,
coatnet_1_rw_224,64,16,fp32,15.673727989196776,False,NVIDIA_GeForce_RTX_5060_Ti,16,
coatnet_1_rw_224,64,32,bf16,18.98942375183105,False,NVIDIA_GeForce_RTX_5060_Ti,16,
coatnet_1_rw_224,64,32,fp16,17.005712509155273,False,NVIDIA_GeForce_RTX_5060_Ti,16,
coatnet_1_rw_224,64,32,fp32,23.826112747192383,False,NVIDIA_GeForce_RTX_5060_Ti,16,
coatnet_1_rw_224,64,64,bf16,30.80086326599121,False,NVIDIA_GeForce_RTX_5060_Ti,16,
coatnet_1_rw_224,64,64,fp16,26.723407745361328,False,NVIDIA_GeForce_RTX_5060_Ti,16,
coatnet_1_rw_224,64,64,fp32,42.7322883605957,False,NVIDIA_GeForce_RTX_5060_Ti,16,
coatnet_1_rw_224,128,16,bf16,29.007007598876957,False,NVIDIA_GeForce_RTX_5060_Ti,16,
coatnet_1_rw_224,128,16,fp16,25.00564765930176,False,NVIDIA_GeForce_RTX_5060_Ti,16,
coatnet_1_rw_224,128,16,fp32,38.61824035644531,False,NVIDIA_GeForce_RTX_5060_Ti,16,
coatnet_1_rw_224,128,32,bf16,49.44907379150391,False,NVIDIA_GeForce_RTX_5060_Ti,16,
coatnet_1_rw_224,128,32,fp16,42.959022521972656,False,NVIDIA_GeForce_RTX_5060_Ti,16,
coatnet_1_rw_224,128,32,fp32,77.40129852294922,False,NVIDIA_GeForce_RTX_5060_Ti,16,
coatnet_1_rw_224,128,64,bf16,96.1420669555664,False,NVIDIA_GeForce_RTX_5060_Ti,16,
coatnet_1_rw_224,128,64,fp16,82.97112274169922,False,NVIDIA_GeForce_RTX_5060_Ti,16,
coatnet_1_rw_224,128,64,fp32,154.18704223632812,False,NVIDIA_GeForce_RTX_5060_Ti,16,
coatnet_1_rw_224,224,16,bf16,81.42960357666016,False,NVIDIA_GeForce_RTX_5060_Ti,16,
coatnet_1_rw_224,224,16,fp16,71.870849609375,False,NVIDIA_GeForce_RTX_5060_Ti,16,
coatnet_1_rw_224,224,16,fp32,138.4698944091797,False,NVIDIA_GeForce_RTX_5060_Ti,16,
coatnet_1_rw_224,224,32,bf16,161.7626190185547,False,NVIDIA_GeForce_RTX_5060_Ti,16,
coatnet_1_rw_224,224,32,fp16,145.0458221435547,False,NVIDIA_GeForce_RTX_5060_Ti,16,
coatnet_1_rw_224,224,32,fp32,283.4940185546875,False,NVIDIA_GeForce_RTX_5060_Ti,16,
coatnet_1_rw_224,224,64,bf16,328.98956298828125,False,NVIDIA_GeForce_RTX_5060_Ti,16,
coatnet_1_rw_224,224,64,fp16,300.4740295410156,False,NVIDIA_GeForce_RTX_5060_Ti,16,
coatnet_1_rw_224,224,64,fp32,,True,NVIDIA_GeForce_RTX_5060_Ti,16,
coatnet_2_rw_224,64,16,bf16,21.611696243286133,False,NVIDIA_GeForce_RTX_5060_Ti,16,
coatnet_2_rw_224,64,16,fp16,19.710464477539062,False,NVIDIA_GeForce_RTX_5060_Ti,16,
coatnet_2_rw_224,64,16,fp32,24.87436866760254,False,NVIDIA_GeForce_RTX_5060_Ti,16,
coatnet_2_rw_224,64,32,bf16,30.031152725219727,False,NVIDIA_GeForce_RTX_5060_Ti,16,
coatnet_2_rw_224,64,32,fp16,26.84312057495117,False,NVIDIA_GeForce_RTX_5060_Ti,16,
coatnet_2_rw_224,64,32,fp32,40.48820877075195,False,NVIDIA_GeForce_RTX_5060_Ti,16,
coatnet_2_rw_224,64,64,bf16,49.27006530761719,False,NVIDIA_GeForce_RTX_5060_Ti,16,
coatnet_2_rw_224,64,64,fp16,43.66432189941406,False,NVIDIA_GeForce_RTX_5060_Ti,16,
coatnet_2_rw_224,64,64,fp32,72.06731414794922,False,NVIDIA_GeForce_RTX_5060_Ti,16,
coatnet_2_rw_224,128,16,bf16,45.92279815673828,False,NVIDIA_GeForce_RTX_5060_Ti,16,
coatnet_2_rw_224,128,16,fp16,39.1400146484375,False,NVIDIA_GeForce_RTX_5060_Ti,16,
coatnet_2_rw_224,128,16,fp32,65.4020004272461,False,NVIDIA_GeForce_RTX_5060_Ti,16,
coatnet_2_rw_224,128,32,bf16,80.4740982055664,False,NVIDIA_GeForce_RTX_5060_Ti,16,
coatnet_2_rw_224,128,32,fp16,70.78807830810547,False,NVIDIA_GeForce_RTX_5060_Ti,16,
coatnet_2_rw_224,128,32,fp32,130.38275146484375,False,NVIDIA_GeForce_RTX_5060_Ti,16,
coatnet_2_rw_224,128,64,bf16,157.5789031982422,False,NVIDIA_GeForce_RTX_5060_Ti,16,
coatnet_2_rw_224,128,64,fp16,139.95127868652344,False,NVIDIA_GeForce_RTX_5060_Ti,16,
coatnet_2_rw_224,128,64,fp32,255.6759033203125,False,NVIDIA_GeForce_RTX_5060_Ti,16,
coatnet_2_rw_224,224,16,bf16,131.52423095703125,False,NVIDIA_GeForce_RTX_5060_Ti,16,
coatnet_2_rw_224,224,16,fp16,117.01667022705078,False,NVIDIA_GeForce_RTX_5060_Ti,16,
coatnet_2_rw_224,224,16,fp32,218.6311492919922,False,NVIDIA_GeForce_RTX_5060_Ti,16,
coatnet_2_rw_224,224,32,bf16,259.3147888183594,False,NVIDIA_GeForce_RTX_5060_Ti,16,
coatnet_2_rw_224,224,32,fp16,234.52268981933597,False,NVIDIA_GeForce_RTX_5060_Ti,16,
coatnet_2_rw_224,224,32,fp32,,True,NVIDIA_GeForce_RTX_5060_Ti,16,
coatnet_2_rw_224,224,64,bf16,,True,NVIDIA_GeForce_RTX_5060_Ti,16,
coatnet_2_rw_224,224,64,fp16,,True,NVIDIA_GeForce_RTX_5060_Ti,16,
coatnet_2_rw_224,224,64,fp32,,True,NVIDIA_GeForce_RTX_5060_Ti,16,
convnext_base,64,16,bf16,19.112688064575195,False,NVIDIA_GeForce_RTX_5060_Ti,16,
convnext_base,64,16,fp16,19.00851249694824,False,NVIDIA_GeForce_RTX_5060_Ti,16,
convnext_base,64,16,fp32,27.70310401916504,False,NVIDIA_GeForce_RTX_5060_Ti,16,
convnext_base,64,32,bf16,23.500303268432617,False,NVIDIA_GeForce_RTX_5060_Ti,16,
convnext_base,64,32,fp16,23.339712142944336,False,NVIDIA_GeForce_RTX_5060_Ti,16,
convnext_base,64,32,fp32,42.21102523803711,False,NVIDIA_GeForce_RTX_5060_Ti,16,
convnext_base,64,64,bf16,32.54934310913086,False,NVIDIA_GeForce_RTX_5060_Ti,16,
convnext_base,64,64,fp16,32.44771194458008,False,NVIDIA_GeForce_RTX_5060_Ti,16,
convnext_base,64,64,fp32,72.1398696899414,False,NVIDIA_GeForce_RTX_5060_Ti,16,
convnext_base,128,16,bf16,31.975631713867188,False,NVIDIA_GeForce_RTX_5060_Ti,16,
convnext_base,128,16,fp16,31.662368774414062,False,NVIDIA_GeForce_RTX_5060_Ti,16,
convnext_base,128,16,fp32,80.19331359863281,False,NVIDIA_GeForce_RTX_5060_Ti,16,
convnext_base,128,32,bf16,51.04659271240234,False,NVIDIA_GeForce_RTX_5060_Ti,16,
convnext_base,128,32,fp16,50.38328170776367,False,NVIDIA_GeForce_RTX_5060_Ti,16,
convnext_base,128,32,fp32,155.28103637695312,False,NVIDIA_GeForce_RTX_5060_Ti,16,
convnext_base,128,64,bf16,92.05643463134766,False,NVIDIA_GeForce_RTX_5060_Ti,16,
convnext_base,128,64,fp16,91.56999969482422,False,NVIDIA_GeForce_RTX_5060_Ti,16,
convnext_base,128,64,fp32,312.7132873535156,False,NVIDIA_GeForce_RTX_5060_Ti,16,
convnext_base,224,16,bf16,72.69486236572266,False,NVIDIA_GeForce_RTX_5060_Ti,16,
convnext_base,224,16,fp16,72.31098937988281,False,NVIDIA_GeForce_RTX_5060_Ti,16,
convnext_base,224,16,fp32,261.9209899902344,False,NVIDIA_GeForce_RTX_5060_Ti,16,
convnext_base,224,32,bf16,141.36322021484375,False,NVIDIA_GeForce_RTX_5060_Ti,16,
convnext_base,224,32,fp16,140.69564819335938,False,NVIDIA_GeForce_RTX_5060_Ti,16,
convnext_base,224,32,fp32,520.8231201171875,False,NVIDIA_GeForce_RTX_5060_Ti,16,
convnext_base,224,64,bf16,291.3739624023437,False,NVIDIA_GeForce_RTX_5060_Ti,16,
convnext_base,224,64,fp16,289.1415710449219,False,NVIDIA_GeForce_RTX_5060_Ti,16,
convnext_base,224,64,fp32,,True,NVIDIA_GeForce_RTX_5060_Ti,16,
convnext_large,64,16,bf16,39.3426399230957,False,NVIDIA_GeForce_RTX_5060_Ti,16,
convnext_large,64,16,fp16,39.185585021972656,False,NVIDIA_GeForce_RTX_5060_Ti,16,
convnext_large,64,16,fp32,55.207008361816406,False,NVIDIA_GeForce_RTX_5060_Ti,16,
convnext_large,64,32,bf16,46.94268798828125,False,NVIDIA_GeForce_RTX_5060_Ti,16,
convnext_large,64,32,fp16,46.70939254760742,False,NVIDIA_GeForce_RTX_5060_Ti,16,
convnext_large,64,32,fp32,84.61695861816406,False,NVIDIA_GeForce_RTX_5060_Ti,16,
convnext_large,64,64,bf16,64.10444641113281,False,NVIDIA_GeForce_RTX_5060_Ti,16,
convnext_large,64,64,fp16,63.72964859008789,False,NVIDIA_GeForce_RTX_5060_Ti,16,
convnext_large,64,64,fp32,145.49246215820312,False,NVIDIA_GeForce_RTX_5060_Ti,16,
convnext_large,128,16,bf16,62.8166389465332,False,NVIDIA_GeForce_RTX_5060_Ti,16,
convnext_large,128,16,fp16,62.54347229003906,False,NVIDIA_GeForce_RTX_5060_Ti,16,
convnext_large,128,16,fp32,162.06808471679688,False,NVIDIA_GeForce_RTX_5060_Ti,16,
convnext_large,128,32,bf16,100.18154907226562,False,NVIDIA_GeForce_RTX_5060_Ti,16,
convnext_large,128,32,fp16,98.86483001708984,False,NVIDIA_GeForce_RTX_5060_Ti,16,
convnext_large,128,32,fp32,309.60272216796875,False,NVIDIA_GeForce_RTX_5060_Ti,16,
convnext_large,128,64,bf16,181.59104919433597,False,NVIDIA_GeForce_RTX_5060_Ti,16,
convnext_large,128,64,fp16,179.34085083007812,False,NVIDIA_GeForce_RTX_5060_Ti,16,
convnext_large,128,64,fp32,607.9085083007812,False,NVIDIA_GeForce_RTX_5060_Ti,16,
convnext_large,224,16,bf16,143.5946044921875,False,NVIDIA_GeForce_RTX_5060_Ti,16,
convnext_large,224,16,fp16,142.1929168701172,False,NVIDIA_GeForce_RTX_5060_Ti,16,
convnext_large,224,16,fp32,503.02935791015625,False,NVIDIA_GeForce_RTX_5060_Ti,16,
convnext_large,224,32,bf16,270.56719970703125,False,NVIDIA_GeForce_RTX_5060_Ti,16,
convnext_large,224,32,fp16,268.0986633300781,False,NVIDIA_GeForce_RTX_5060_Ti,16,
convnext_large,224,32,fp32,1015.1953735351562,False,NVIDIA_GeForce_RTX_5060_Ti,16,
convnext_large,224,64,bf16,,True,NVIDIA_GeForce_RTX_5060_Ti,16,
convnext_large,224,64,fp16,,True,NVIDIA_GeForce_RTX_5060_Ti,16,
convnext_large,224,64,fp32,,True,NVIDIA_GeForce_RTX_5060_Ti,16,
convnext_small,64,16,bf16,16.23102378845215,False,NVIDIA_GeForce_RTX_5060_Ti,16,
convnext_small,64,16,fp16,15.995087623596191,False,NVIDIA_GeForce_RTX_5060_Ti,16,
convnext_small,64,16,fp32,19.4161434173584,False,NVIDIA_GeForce_RTX_5060_Ti,16,
convnext_small,64,32,bf16,22.905168533325195,False,NVIDIA_GeForce_RTX_5060_Ti,16,
convnext_small,64,32,fp16,22.80159950256348,False,NVIDIA_GeForce_RTX_5060_Ti,16,
convnext_small,64,32,fp32,28.77540779113769,False,NVIDIA_GeForce_RTX_5060_Ti,16,
convnext_small,64,64,bf16,35.748382568359375,False,NVIDIA_GeForce_RTX_5060_Ti,16,
convnext_small,64,64,fp16,35.48196792602539,False,NVIDIA_GeForce_RTX_5060_Ti,16,
convnext_small,64,64,fp32,47.9667854309082,False,NVIDIA_GeForce_RTX_5060_Ti,16,
convnext_small,128,16,bf16,20.9182243347168,False,NVIDIA_GeForce_RTX_5060_Ti,16,
convnext_small,128,16,fp16,20.713903427124023,False,NVIDIA_GeForce_RTX_5060_Ti,16,
convnext_small,128,16,fp32,55.94302368164063,False,NVIDIA_GeForce_RTX_5060_Ti,16,
convnext_small,128,32,bf16,33.54444885253906,False,NVIDIA_GeForce_RTX_5060_Ti,16,
convnext_small,128,32,fp16,33.01947021484375,False,NVIDIA_GeForce_RTX_5060_Ti,16,
convnext_small,128,32,fp32,106.63275146484376,False,NVIDIA_GeForce_RTX_5060_Ti,16,
convnext_small,128,64,bf16,60.65176010131836,False,NVIDIA_GeForce_RTX_5060_Ti,16,
convnext_small,128,64,fp16,60.2133903503418,False,NVIDIA_GeForce_RTX_5060_Ti,16,
convnext_small,128,64,fp32,212.4137725830078,False,NVIDIA_GeForce_RTX_5060_Ti,16,
convnext_small,224,16,bf16,47.62164688110352,False,NVIDIA_GeForce_RTX_5060_Ti,16,
convnext_small,224,16,fp16,47.63249588012695,False,NVIDIA_GeForce_RTX_5060_Ti,16,
convnext_small,224,16,fp32,177.7798309326172,False,NVIDIA_GeForce_RTX_5060_Ti,16,
convnext_small,224,32,bf16,91.39449310302734,False,NVIDIA_GeForce_RTX_5060_Ti,16,
convnext_small,224,32,fp16,89.33878326416016,False,NVIDIA_GeForce_RTX_5060_Ti,16,
convnext_small,224,32,fp32,357.7778625488281,False,NVIDIA_GeForce_RTX_5060_Ti,16,
convnext_small,224,64,bf16,191.3628845214844,False,NVIDIA_GeForce_RTX_5060_Ti,16,
convnext_small,224,64,fp16,190.79122924804688,False,NVIDIA_GeForce_RTX_5060_Ti,16,
convnext_small,224,64,fp32,726.9832763671875,False,NVIDIA_GeForce_RTX_5060_Ti,16,
convnext_tiny,64,16,bf16,10.426992416381836,False,NVIDIA_GeForce_RTX_5060_Ti,16,
convnext_tiny,64,16,fp16,10.333647727966309,False,NVIDIA_GeForce_RTX_5060_Ti,16,
convnext_tiny,64,16,fp32,11.249664306640623,False,NVIDIA_GeForce_RTX_5060_Ti,16,
convnext_tiny,64,32,bf16,16.222288131713867,False,NVIDIA_GeForce_RTX_5060_Ti,16,
convnext_tiny,64,32,fp16,15.935312271118164,False,NVIDIA_GeForce_RTX_5060_Ti,16,
convnext_tiny,64,32,fp32,17.602928161621094,False,NVIDIA_GeForce_RTX_5060_Ti,16,
convnext_tiny,64,64,bf16,26.81787109375,False,NVIDIA_GeForce_RTX_5060_Ti,16,
convnext_tiny,64,64,fp16,26.64289665222168,False,NVIDIA_GeForce_RTX_5060_Ti,16,
convnext_tiny,64,64,fp32,30.436304092407227,False,NVIDIA_GeForce_RTX_5060_Ti,16,
convnext_tiny,128,16,bf16,12.288175582885742,False,NVIDIA_GeForce_RTX_5060_Ti,16,
convnext_tiny,128,16,fp16,12.206815719604492,False,NVIDIA_GeForce_RTX_5060_Ti,16,
convnext_tiny,128,16,fp32,34.393104553222656,False,NVIDIA_GeForce_RTX_5060_Ti,16,
convnext_tiny,128,32,bf16,20.405839920043945,False,NVIDIA_GeForce_RTX_5060_Ti,16,
convnext_tiny,128,32,fp16,20.173967361450195,False,NVIDIA_GeForce_RTX_5060_Ti,16,
convnext_tiny,128,32,fp32,67.26964569091797,False,NVIDIA_GeForce_RTX_5060_Ti,16,
convnext_tiny,128,64,bf16,38.35414505004883,False,NVIDIA_GeForce_RTX_5060_Ti,16,
convnext_tiny,128,64,fp16,37.88844680786133,False,NVIDIA_GeForce_RTX_5060_Ti,16,
convnext_tiny,128,64,fp32,134.80665588378906,False,NVIDIA_GeForce_RTX_5060_Ti,16,
convnext_tiny,224,16,bf16,29.118816375732425,False,NVIDIA_GeForce_RTX_5060_Ti,16,
convnext_tiny,224,16,fp16,29.015504837036133,False,NVIDIA_GeForce_RTX_5060_Ti,16,
convnext_tiny,224,16,fp32,109.15158081054688,False,NVIDIA_GeForce_RTX_5060_Ti,16,
convnext_tiny,224,32,bf16,58.20158386230469,False,NVIDIA_GeForce_RTX_5060_Ti,16,
convnext_tiny,224,32,fp16,57.98632049560547,False,NVIDIA_GeForce_RTX_5060_Ti,16,
convnext_tiny,224,32,fp32,221.1486358642578,False,NVIDIA_GeForce_RTX_5060_Ti,16,
convnext_tiny,224,64,bf16,120.0792007446289,False,NVIDIA_GeForce_RTX_5060_Ti,16,
convnext_tiny,224,64,fp16,117.48795318603516,False,NVIDIA_GeForce_RTX_5060_Ti,16,
convnext_tiny,224,64,fp32,443.6728515625,False,NVIDIA_GeForce_RTX_5060_Ti,16,
convnextv2_base,64,16,bf16,23.491840362548828,False,NVIDIA_GeForce_RTX_5060_Ti,16,
convnextv2_base,64,16,fp16,23.45767974853516,False,NVIDIA_GeForce_RTX_5060_Ti,16,
convnextv2_base,64,16,fp32,31.71143913269043,False,NVIDIA_GeForce_RTX_5060_Ti,16,
convnextv2_base,64,32,bf16,32.4998893737793,False,NVIDIA_GeForce_RTX_5060_Ti,16,
convnextv2_base,64,32,fp16,32.15068817138672,False,NVIDIA_GeForce_RTX_5060_Ti,16,
convnextv2_base,64,32,fp32,50.68492889404297,False,NVIDIA_GeForce_RTX_5060_Ti,16,
convnextv2_base,64,64,bf16,54.04091262817383,False,NVIDIA_GeForce_RTX_5060_Ti,16,
convnextv2_base,64,64,fp16,53.77699279785156,False,NVIDIA_GeForce_RTX_5060_Ti,16,
convnextv2_base,64,64,fp32,94.11170959472656,False,NVIDIA_GeForce_RTX_5060_Ti,16,
convnextv2_base,128,16,bf16,52.92729568481445,False,NVIDIA_GeForce_RTX_5060_Ti,16,
convnextv2_base,128,16,fp16,52.70646286010742,False,NVIDIA_GeForce_RTX_5060_Ti,16,
convnextv2_base,128,16,fp32,101.89132690429688,False,NVIDIA_GeForce_RTX_5060_Ti,16,
convnextv2_base,128,32,bf16,106.96631622314452,False,NVIDIA_GeForce_RTX_5060_Ti,16,
convnextv2_base,128,32,fp16,106.19070434570312,False,NVIDIA_GeForce_RTX_5060_Ti,16,
convnextv2_base,128,32,fp32,210.01272583007807,False,NVIDIA_GeForce_RTX_5060_Ti,16,
convnextv2_base,128,64,bf16,227.16098022460935,False,NVIDIA_GeForce_RTX_5060_Ti,16,
convnextv2_base,128,64,fp16,226.4161529541016,False,NVIDIA_GeForce_RTX_5060_Ti,16,
convnextv2_base,128,64,fp32,445.4636535644531,False,NVIDIA_GeForce_RTX_5060_Ti,16,
convnextv2_base,224,16,bf16,170.5125732421875,False,NVIDIA_GeForce_RTX_5060_Ti,16,
convnextv2_base,224,16,fp16,170.48252868652344,False,NVIDIA_GeForce_RTX_5060_Ti,16,
convnextv2_base,224,16,fp32,360.3900146484375,False,NVIDIA_GeForce_RTX_5060_Ti,16,
convnextv2_base,224,32,bf16,354.9770812988281,False,NVIDIA_GeForce_RTX_5060_Ti,16,
convnextv2_base,224,32,fp16,354.1094055175781,False,NVIDIA_GeForce_RTX_5060_Ti,16,
convnextv2_base,224,32,fp32,726.4049072265625,False,NVIDIA_GeForce_RTX_5060_Ti,16,
convnextv2_base,224,64,bf16,,True,NVIDIA_GeForce_RTX_5060_Ti,16,
convnextv2_base,224,64,fp16,,True,NVIDIA_GeForce_RTX_5060_Ti,16,
convnextv2_base,224,64,fp32,,True,NVIDIA_GeForce_RTX_5060_Ti,16,
deit_base_patch16_224,64,16,bf16,16.85495948791504,False,NVIDIA_GeForce_RTX_5060_Ti,16,
deit_base_patch16_224,64,16,fp16,16.82494354248047,False,NVIDIA_GeForce_RTX_5060_Ti,16,
deit_base_patch16_224,64,16,fp32,24.318832397460938,False,NVIDIA_GeForce_RTX_5060_Ti,16,
deit_base_patch16_224,64,32,bf16,20.47158432006836,False,NVIDIA_GeForce_RTX_5060_Ti,16,
deit_base_patch16_224,64,32,fp16,20.46630477905273,False,NVIDIA_GeForce_RTX_5060_Ti,16,
deit_base_patch16_224,64,32,fp32,34.43975830078125,False,NVIDIA_GeForce_RTX_5060_Ti,16,
deit_base_patch16_224,64,64,bf16,28.25403213500977,False,NVIDIA_GeForce_RTX_5060_Ti,16,
deit_base_patch16_224,64,64,fp16,28.16519927978516,False,NVIDIA_GeForce_RTX_5060_Ti,16,
deit_base_patch16_224,64,64,fp32,57.88691329956055,False,NVIDIA_GeForce_RTX_5060_Ti,16,
deit_base_patch16_224,128,16,bf16,26.413663864135746,False,NVIDIA_GeForce_RTX_5060_Ti,16,
deit_base_patch16_224,128,16,fp16,26.312864303588867,False,NVIDIA_GeForce_RTX_5060_Ti,16,
deit_base_patch16_224,128,16,fp32,58.04332733154297,False,NVIDIA_GeForce_RTX_5060_Ti,16,
deit_base_patch16_224,128,32,bf16,40.40009689331055,False,NVIDIA_GeForce_RTX_5060_Ti,16,
deit_base_patch16_224,128,32,fp16,40.274688720703125,False,NVIDIA_GeForce_RTX_5060_Ti,16,
deit_base_patch16_224,128,32,fp32,103.3882064819336,False,NVIDIA_GeForce_RTX_5060_Ti,16,
deit_base_patch16_224,128,64,bf16,74.93790435791016,False,NVIDIA_GeForce_RTX_5060_Ti,16,
deit_base_patch16_224,128,64,fp16,74.5041275024414,False,NVIDIA_GeForce_RTX_5060_Ti,16,
deit_base_patch16_224,128,64,fp32,202.81239318847656,False,NVIDIA_GeForce_RTX_5060_Ti,16,
deit_base_patch16_224,224,16,bf16,57.88934326171875,False,NVIDIA_GeForce_RTX_5060_Ti,16,
deit_base_patch16_224,224,16,fp16,57.49062347412109,False,NVIDIA_GeForce_RTX_5060_Ti,16,
deit_base_patch16_224,224,16,fp32,162.3410186767578,False,NVIDIA_GeForce_RTX_5060_Ti,16,
deit_base_patch16_224,224,32,bf16,109.40038299560548,False,NVIDIA_GeForce_RTX_5060_Ti,16,
deit_base_patch16_224,224,32,fp16,108.4668197631836,False,NVIDIA_GeForce_RTX_5060_Ti,16,
deit_base_patch16_224,224,32,fp32,315.4870910644531,False,NVIDIA_GeForce_RTX_5060_Ti,16,
deit_base_patch16_224,224,64,bf16,219.79290771484372,False,NVIDIA_GeForce_RTX_5060_Ti,16,
deit_base_patch16_224,224,64,fp16,217.9607086181641,False,NVIDIA_GeForce_RTX_5060_Ti,16,
deit_base_patch16_224,224,64,fp32,621.22021484375,False,NVIDIA_GeForce_RTX_5060_Ti,16,
deit_small_patch16_224,64,16,bf16,5.780799865722656,False,NVIDIA_GeForce_RTX_5060_Ti,16,
deit_small_patch16_224,64,16,fp16,5.721551895141602,False,NVIDIA_GeForce_RTX_5060_Ti,16,
deit_small_patch16_224,64,16,fp32,8.54377555847168,False,NVIDIA_GeForce_RTX_5060_Ti,16,
deit_small_patch16_224,64,32,bf16,7.081024169921875,False,NVIDIA_GeForce_RTX_5060_Ti,16,
deit_small_patch16_224,64,32,fp16,7.028048038482666,False,NVIDIA_GeForce_RTX_5060_Ti,16,
deit_small_patch16_224,64,32,fp32,11.654848098754885,False,NVIDIA_GeForce_RTX_5060_Ti,16,
deit_small_patch16_224,64,64,bf16,9.31383991241455,False,NVIDIA_GeForce_RTX_5060_Ti,16,
deit_small_patch16_224,64,64,fp16,9.237775802612305,False,NVIDIA_GeForce_RTX_5060_Ti,16,
deit_small_patch16_224,64,64,fp32,18.89411163330078,False,NVIDIA_GeForce_RTX_5060_Ti,16,
deit_small_patch16_224,128,16,bf16,8.513888359069824,False,NVIDIA_GeForce_RTX_5060_Ti,16,
deit_small_patch16_224,128,16,fp16,8.488304138183594,False,NVIDIA_GeForce_RTX_5060_Ti,16,
deit_small_patch16_224,128,16,fp32,19.0493278503418,False,NVIDIA_GeForce_RTX_5060_Ti,16,
deit_small_patch16_224,128,32,bf16,12.809647560119627,False,NVIDIA_GeForce_RTX_5060_Ti,16,
deit_small_patch16_224,128,32,fp16,12.853759765625,False,NVIDIA_GeForce_RTX_5060_Ti,16,
deit_small_patch16_224,128,32,fp32,31.51100730895996,False,NVIDIA_GeForce_RTX_5060_Ti,16,
deit_small_patch16_224,128,64,bf16,22.304288864135746,False,NVIDIA_GeForce_RTX_5060_Ti,16,
deit_small_patch16_224,128,64,fp16,22.21491241455078,False,NVIDIA_GeForce_RTX_5060_Ti,16,
deit_small_patch16_224,128,64,fp32,59.87164688110352,False,NVIDIA_GeForce_RTX_5060_Ti,16,
deit_small_patch16_224,224,16,bf16,18.368959426879883,False,NVIDIA_GeForce_RTX_5060_Ti,16,
deit_small_patch16_224,224,16,fp16,18.2903995513916,False,NVIDIA_GeForce_RTX_5060_Ti,16,
deit_small_patch16_224,224,16,fp32,49.36030578613281,False,NVIDIA_GeForce_RTX_5060_Ti,16,
deit_small_patch16_224,224,32,bf16,33.689456939697266,False,NVIDIA_GeForce_RTX_5060_Ti,16,
deit_small_patch16_224,224,32,fp16,33.63515090942383,False,NVIDIA_GeForce_RTX_5060_Ti,16,
deit_small_patch16_224,224,32,fp32,98.2357940673828,False,NVIDIA_GeForce_RTX_5060_Ti,16,
deit_small_patch16_224,224,64,bf16,71.91632080078125,False,NVIDIA_GeForce_RTX_5060_Ti,16,
deit_small_patch16_224,224,64,fp16,71.95630645751953,False,NVIDIA_GeForce_RTX_5060_Ti,16,
deit_small_patch16_224,224,64,fp32,197.6411590576172,False,NVIDIA_GeForce_RTX_5060_Ti,16,
deit_tiny_patch16_224,64,16,bf16,2.972928047180176,False,NVIDIA_GeForce_RTX_5060_Ti,16,
deit_tiny_patch16_224,64,16,fp16,2.835520029067993,False,NVIDIA_GeForce_RTX_5060_Ti,16,
deit_tiny_patch16_224,64,16,fp32,3.952336072921753,False,NVIDIA_GeForce_RTX_5060_Ti,16,
deit_tiny_patch16_224,64,32,bf16,3.664128065109253,False,NVIDIA_GeForce_RTX_5060_Ti,16,
deit_tiny_patch16_224,64,32,fp16,3.5215680599212646,False,NVIDIA_GeForce_RTX_5060_Ti,16,
deit_tiny_patch16_224,64,32,fp32,5.327871799468994,False,NVIDIA_GeForce_RTX_5060_Ti,16,
deit_tiny_patch16_224,64,64,bf16,4.616640090942383,False,NVIDIA_GeForce_RTX_5060_Ti,16,
deit_tiny_patch16_224,64,64,fp16,4.519824028015137,False,NVIDIA_GeForce_RTX_5060_Ti,16,
deit_tiny_patch16_224,64,64,fp32,7.759823799133301,False,NVIDIA_GeForce_RTX_5060_Ti,16,
deit_tiny_patch16_224,128,16,bf16,4.211008071899414,False,NVIDIA_GeForce_RTX_5060_Ti,16,
deit_tiny_patch16_224,128,16,fp16,4.123536109924316,False,NVIDIA_GeForce_RTX_5060_Ti,16,
deit_tiny_patch16_224,128,16,fp32,7.815343856811523,False,NVIDIA_GeForce_RTX_5060_Ti,16,
deit_tiny_patch16_224,128,32,bf16,5.874703884124756,False,NVIDIA_GeForce_RTX_5060_Ti,16,
deit_tiny_patch16_224,128,32,fp16,5.793680191040039,False,NVIDIA_GeForce_RTX_5060_Ti,16,
deit_tiny_patch16_224,128,32,fp32,12.676735877990724,False,NVIDIA_GeForce_RTX_5060_Ti,16,
deit_tiny_patch16_224,128,64,bf16,9.806447982788086,False,NVIDIA_GeForce_RTX_5060_Ti,16,
deit_tiny_patch16_224,128,64,fp16,9.611583709716797,False,NVIDIA_GeForce_RTX_5060_Ti,16,
deit_tiny_patch16_224,128,64,fp32,22.43886375427246,False,NVIDIA_GeForce_RTX_5060_Ti,16,
deit_tiny_patch16_224,224,16,bf16,8.1189603805542,False,NVIDIA_GeForce_RTX_5060_Ti,16,
deit_tiny_patch16_224,224,16,fp16,7.924384117126465,False,NVIDIA_GeForce_RTX_5060_Ti,16,
deit_tiny_patch16_224,224,16,fp32,19.23219108581543,False,NVIDIA_GeForce_RTX_5060_Ti,16,
deit_tiny_patch16_224,224,32,bf16,14.37279987335205,False,NVIDIA_GeForce_RTX_5060_Ti,16,
deit_tiny_patch16_224,224,32,fp16,14.005215644836426,False,NVIDIA_GeForce_RTX_5060_Ti,16,
deit_tiny_patch16_224,224,32,fp32,36.01331329345703,False,NVIDIA_GeForce_RTX_5060_Ti,16,
deit_tiny_patch16_224,224,64,bf16,26.74239921569824,False,NVIDIA_GeForce_RTX_5060_Ti,16,
deit_tiny_patch16_224,224,64,fp16,26.53507232666016,False,NVIDIA_GeForce_RTX_5060_Ti,16,
deit_tiny_patch16_224,224,64,fp32,73.6954116821289,False,NVIDIA_GeForce_RTX_5060_Ti,16,
densenet121,64,16,bf16,10.877167701721191,False,NVIDIA_GeForce_RTX_5060_Ti,16,
densenet121,64,16,fp16,11.574560165405272,False,NVIDIA_GeForce_RTX_5060_Ti,16,
densenet121,64,16,fp32,9.525103569030762,False,NVIDIA_GeForce_RTX_5060_Ti,16,
densenet121,64,32,bf16,15.722271919250488,False,NVIDIA_GeForce_RTX_5060_Ti,16,
densenet121,64,32,fp16,16.910703659057617,False,NVIDIA_GeForce_RTX_5060_Ti,16,
densenet121,64,32,fp32,13.60756778717041,False,NVIDIA_GeForce_RTX_5060_Ti,16,
densenet121,64,64,bf16,25.79964828491211,False,NVIDIA_GeForce_RTX_5060_Ti,16,
densenet121,64,64,fp16,23.341087341308597,False,NVIDIA_GeForce_RTX_5060_Ti,16,
densenet121,64,64,fp32,25.1966552734375,False,NVIDIA_GeForce_RTX_5060_Ti,16,
densenet121,128,16,bf16,16.99220848083496,False,NVIDIA_GeForce_RTX_5060_Ti,16,
densenet121,128,16,fp16,15.06768035888672,False,NVIDIA_GeForce_RTX_5060_Ti,16,
densenet121,128,16,fp32,17.548751831054688,False,NVIDIA_GeForce_RTX_5060_Ti,16,
densenet121,128,32,bf16,27.61542320251465,False,NVIDIA_GeForce_RTX_5060_Ti,16,
densenet121,128,32,fp16,24.09740829467773,False,NVIDIA_GeForce_RTX_5060_Ti,16,
densenet121,128,32,fp32,34.38750457763672,False,NVIDIA_GeForce_RTX_5060_Ti,16,
densenet121,128,64,bf16,49.31086349487305,False,NVIDIA_GeForce_RTX_5060_Ti,16,
densenet121,128,64,fp16,41.543487548828125,False,NVIDIA_GeForce_RTX_5060_Ti,16,
densenet121,128,64,fp32,82.86764526367188,False,NVIDIA_GeForce_RTX_5060_Ti,16,
densenet121,224,16,bf16,33.30974578857422,False,NVIDIA_GeForce_RTX_5060_Ti,16,
densenet121,224,16,fp16,28.379375457763672,False,NVIDIA_GeForce_RTX_5060_Ti,16,
densenet121,224,16,fp32,53.28160095214844,False,NVIDIA_GeForce_RTX_5060_Ti,16,
densenet121,224,32,bf16,67.82832336425781,False,NVIDIA_GeForce_RTX_5060_Ti,16,
densenet121,224,32,fp16,58.2620964050293,False,NVIDIA_GeForce_RTX_5060_Ti,16,
densenet121,224,32,fp32,115.64363098144533,False,NVIDIA_GeForce_RTX_5060_Ti,16,
densenet121,224,64,bf16,138.63853454589844,False,NVIDIA_GeForce_RTX_5060_Ti,16,
densenet121,224,64,fp16,123.89643096923828,False,NVIDIA_GeForce_RTX_5060_Ti,16,
densenet121,224,64,fp32,245.8419342041016,False,NVIDIA_GeForce_RTX_5060_Ti,16,
dm_nfnet_f1,64,16,bf16,39.42486572265625,False,NVIDIA_GeForce_RTX_5060_Ti,16,
dm_nfnet_f1,64,16,fp16,38.17550277709961,False,NVIDIA_GeForce_RTX_5060_Ti,16,
dm_nfnet_f1,64,16,fp32,71.6954116821289,False,NVIDIA_GeForce_RTX_5060_Ti,16,
dm_nfnet_f1,64,32,bf16,50.76833724975586,False,NVIDIA_GeForce_RTX_5060_Ti,16,
dm_nfnet_f1,64,32,fp16,49.779327392578125,False,NVIDIA_GeForce_RTX_5060_Ti,16,
dm_nfnet_f1,64,32,fp32,110.30115509033205,False,NVIDIA_GeForce_RTX_5060_Ti,16,
dm_nfnet_f1,64,64,bf16,78.06609344482422,False,NVIDIA_GeForce_RTX_5060_Ti,16,
dm_nfnet_f1,64,64,fp16,75.40628814697266,False,NVIDIA_GeForce_RTX_5060_Ti,16,
dm_nfnet_f1,64,64,fp32,142.14744567871094,False,NVIDIA_GeForce_RTX_5060_Ti,16,
dm_nfnet_f1,128,16,bf16,56.30615997314453,False,NVIDIA_GeForce_RTX_5060_Ti,16,
dm_nfnet_f1,128,16,fp16,54.62460708618164,False,NVIDIA_GeForce_RTX_5060_Ti,16,
dm_nfnet_f1,128,16,fp32,97.3572769165039,False,NVIDIA_GeForce_RTX_5060_Ti,16,
dm_nfnet_f1,128,32,bf16,86.760498046875,False,NVIDIA_GeForce_RTX_5060_Ti,16,
dm_nfnet_f1,128,32,fp16,83.4243392944336,False,NVIDIA_GeForce_RTX_5060_Ti,16,
dm_nfnet_f1,128,32,fp32,166.6567840576172,False,NVIDIA_GeForce_RTX_5060_Ti,16,
dm_nfnet_f1,128,64,bf16,145.00665283203125,False,NVIDIA_GeForce_RTX_5060_Ti,16,
dm_nfnet_f1,128,64,fp16,139.9792022705078,False,NVIDIA_GeForce_RTX_5060_Ti,16,
dm_nfnet_f1,128,64,fp32,275.8957824707031,False,NVIDIA_GeForce_RTX_5060_Ti,16,
dm_nfnet_f1,224,16,bf16,112.0172348022461,False,NVIDIA_GeForce_RTX_5060_Ti,16,
dm_nfnet_f1,224,16,fp16,107.4110107421875,False,NVIDIA_GeForce_RTX_5060_Ti,16,
dm_nfnet_f1,224,16,fp32,211.13198852539065,False,NVIDIA_GeForce_RTX_5060_Ti,16,
dm_nfnet_f1,224,32,bf16,212.85630798339844,False,NVIDIA_GeForce_RTX_5060_Ti,16,
dm_nfnet_f1,224,32,fp16,207.6468963623047,False,NVIDIA_GeForce_RTX_5060_Ti,16,
dm_nfnet_f1,224,32,fp32,421.4109191894531,False,NVIDIA_GeForce_RTX_5060_Ti,16,
dm_nfnet_f1,224,64,bf16,424.6877136230469,False,NVIDIA_GeForce_RTX_5060_Ti,16,
dm_nfnet_f1,224,64,fp16,415.7225341796875,False,NVIDIA_GeForce_RTX_5060_Ti,16,
dm_nfnet_f1,224,64,fp32,,True,NVIDIA_GeForce_RTX_5060_Ti,16,
efficientnet_b0,64,16,bf16,5.868495941162109,False,NVIDIA_GeForce_RTX_5060_Ti,16,
efficientnet_b0,64,16,fp16,5.253856182098389,False,NVIDIA_GeForce_RTX_5060_Ti,16,
efficientnet_b0,64,16,fp32,6.287631988525391,False,NVIDIA_GeForce_RTX_5060_Ti,16,
efficientnet_b0,64,32,bf16,7.925551891326904,False,NVIDIA_GeForce_RTX_5060_Ti,16,
efficientnet_b0,64,32,fp16,6.974512100219727,False,NVIDIA_GeForce_RTX_5060_Ti,16,
efficientnet_b0,64,32,fp32,9.126288414001465,False,NVIDIA_GeForce_RTX_5060_Ti,16,
efficientnet_b0,64,64,bf16,11.871935844421388,False,NVIDIA_GeForce_RTX_5060_Ti,16,
efficientnet_b0,64,64,fp16,9.942815780639648,False,NVIDIA_GeForce_RTX_5060_Ti,16,
efficientnet_b0,64,64,fp32,16.535247802734375,False,NVIDIA_GeForce_RTX_5060_Ti,16,
efficientnet_b0,128,16,bf16,8.793519973754883,False,NVIDIA_GeForce_RTX_5060_Ti,16,
efficientnet_b0,128,16,fp16,7.170000076293945,False,NVIDIA_GeForce_RTX_5060_Ti,16,
efficientnet_b0,128,16,fp32,10.303263664245604,False,NVIDIA_GeForce_RTX_5060_Ti,16,
efficientnet_b0,128,32,bf16,14.725423812866213,False,NVIDIA_GeForce_RTX_5060_Ti,16,
efficientnet_b0,128,32,fp16,11.744000434875488,False,NVIDIA_GeForce_RTX_5060_Ti,16,
efficientnet_b0,128,32,fp32,19.74928092956543,False,NVIDIA_GeForce_RTX_5060_Ti,16,
efficientnet_b0,128,64,bf16,28.47715187072754,False,NVIDIA_GeForce_RTX_5060_Ti,16,
efficientnet_b0,128,64,fp16,23.293920516967773,False,NVIDIA_GeForce_RTX_5060_Ti,16,
efficientnet_b0,128,64,fp32,42.52918243408203,False,NVIDIA_GeForce_RTX_5060_Ti,16,
efficientnet_b0,224,16,bf16,19.886512756347656,False,NVIDIA_GeForce_RTX_5060_Ti,16,
efficientnet_b0,224,16,fp16,14.78495979309082,False,NVIDIA_GeForce_RTX_5060_Ti,16,
efficientnet_b0,224,16,fp32,27.865135192871094,False,NVIDIA_GeForce_RTX_5060_Ti,16,
efficientnet_b0,224,32,bf16,39.8818244934082,False,NVIDIA_GeForce_RTX_5060_Ti,16,
efficientnet_b0,224,32,fp16,29.90439987182617,False,NVIDIA_GeForce_RTX_5060_Ti,16,
efficientnet_b0,224,32,fp32,58.51508712768555,False,NVIDIA_GeForce_RTX_5060_Ti,16,
efficientnet_b0,224,64,bf16,82.73788452148438,False,NVIDIA_GeForce_RTX_5060_Ti,16,
efficientnet_b0,224,64,fp16,63.441009521484375,False,NVIDIA_GeForce_RTX_5060_Ti,16,
efficientnet_b0,224,64,fp32,125.10508728027344,False,NVIDIA_GeForce_RTX_5060_Ti,16,
efficientnet_b3,64,16,bf16,12.075648307800291,False,NVIDIA_GeForce_RTX_5060_Ti,16,
efficientnet_b3,64,16,fp16,10.383008003234863,False,NVIDIA_GeForce_RTX_5060_Ti,16,
efficientnet_b3,64,16,fp32,13.642895698547363,False,NVIDIA_GeForce_RTX_5060_Ti,16,
efficientnet_b3,64,32,bf16,16.42780876159668,False,NVIDIA_GeForce_RTX_5060_Ti,16,
efficientnet_b3,64,32,fp16,13.335071563720703,False,NVIDIA_GeForce_RTX_5060_Ti,16,
efficientnet_b3,64,32,fp32,21.586111068725582,False,NVIDIA_GeForce_RTX_5060_Ti,16,
efficientnet_b3,64,64,bf16,24.833744049072266,False,NVIDIA_GeForce_RTX_5060_Ti,16,
efficientnet_b3,64,64,fp16,20.04350471496582,False,NVIDIA_GeForce_RTX_5060_Ti,16,
efficientnet_b3,64,64,fp32,38.85580825805664,False,NVIDIA_GeForce_RTX_5060_Ti,16,
efficientnet_b3,128,16,bf16,18.893455505371094,False,NVIDIA_GeForce_RTX_5060_Ti,16,
efficientnet_b3,128,16,fp16,14.970959663391112,False,NVIDIA_GeForce_RTX_5060_Ti,16,
efficientnet_b3,128,16,fp32,22.3045597076416,False,NVIDIA_GeForce_RTX_5060_Ti,16,
efficientnet_b3,128,32,bf16,31.603551864624023,False,NVIDIA_GeForce_RTX_5060_Ti,16,
efficientnet_b3,128,32,fp16,24.967744827270508,False,NVIDIA_GeForce_RTX_5060_Ti,16,
efficientnet_b3,128,32,fp32,43.23078536987305,False,NVIDIA_GeForce_RTX_5060_Ti,16,
efficientnet_b3,128,64,bf16,61.092655181884766,False,NVIDIA_GeForce_RTX_5060_Ti,16,
efficientnet_b3,128,64,fp16,47.98070526123047,False,NVIDIA_GeForce_RTX_5060_Ti,16,
efficientnet_b3,128,64,fp32,89.40900421142578,False,NVIDIA_GeForce_RTX_5060_Ti,16,
efficientnet_b3,224,16,bf16,41.2184944152832,False,NVIDIA_GeForce_RTX_5060_Ti,16,
efficientnet_b3,224,16,fp16,30.245264053344727,False,NVIDIA_GeForce_RTX_5060_Ti,16,
efficientnet_b3,224,16,fp32,58.70649719238281,False,NVIDIA_GeForce_RTX_5060_Ti,16,
efficientnet_b3,224,32,bf16,82.53883361816406,False,NVIDIA_GeForce_RTX_5060_Ti,16,
efficientnet_b3,224,32,fp16,60.88951873779297,False,NVIDIA_GeForce_RTX_5060_Ti,16,
efficientnet_b3,224,32,fp32,120.2174072265625,False,NVIDIA_GeForce_RTX_5060_Ti,16,
efficientnet_b3,224,64,bf16,165.05946350097656,False,NVIDIA_GeForce_RTX_5060_Ti,16,
efficientnet_b3,224,64,fp16,125.58992004394533,False,NVIDIA_GeForce_RTX_5060_Ti,16,
efficientnet_b3,224,64,fp32,257.9552001953125,False,NVIDIA_GeForce_RTX_5060_Ti,16,
efficientnet_b5,64,16,bf16,22.73758316040039,False,NVIDIA_GeForce_RTX_5060_Ti,16,
efficientnet_b5,64,16,fp16,20.215007781982425,False,NVIDIA_GeForce_RTX_5060_Ti,16,
efficientnet_b5,64,16,fp32,26.62772750854492,False,NVIDIA_GeForce_RTX_5060_Ti,16,
efficientnet_b5,64,32,bf16,31.28228759765625,False,NVIDIA_GeForce_RTX_5060_Ti,16,
efficientnet_b5,64,32,fp16,26.18507194519043,False,NVIDIA_GeForce_RTX_5060_Ti,16,
efficientnet_b5,64,32,fp32,42.13827133178711,False,NVIDIA_GeForce_RTX_5060_Ti,16,
efficientnet_b5,64,64,bf16,49.625247955322266,False,NVIDIA_GeForce_RTX_5060_Ti,16,
efficientnet_b5,64,64,fp16,40.44137573242188,False,NVIDIA_GeForce_RTX_5060_Ti,16,
efficientnet_b5,64,64,fp32,76.34989166259766,False,NVIDIA_GeForce_RTX_5060_Ti,16,
efficientnet_b5,128,16,bf16,34.47071838378906,False,NVIDIA_GeForce_RTX_5060_Ti,16,
efficientnet_b5,128,16,fp16,27.02280044555664,False,NVIDIA_GeForce_RTX_5060_Ti,16,
efficientnet_b5,128,16,fp32,43.52686309814453,False,NVIDIA_GeForce_RTX_5060_Ti,16,
efficientnet_b5,128,32,bf16,57.5807991027832,False,NVIDIA_GeForce_RTX_5060_Ti,16,
efficientnet_b5,128,32,fp16,44.57656097412109,False,NVIDIA_GeForce_RTX_5060_Ti,16,
efficientnet_b5,128,32,fp32,83.63475036621094,False,NVIDIA_GeForce_RTX_5060_Ti,16,
efficientnet_b5,128,64,bf16,113.11675262451172,False,NVIDIA_GeForce_RTX_5060_Ti,16,
efficientnet_b5,128,64,fp16,87.1430892944336,False,NVIDIA_GeForce_RTX_5060_Ti,16,
efficientnet_b5,128,64,fp32,171.2736053466797,False,NVIDIA_GeForce_RTX_5060_Ti,16,
efficientnet_b5,224,16,bf16,76.8839340209961,False,NVIDIA_GeForce_RTX_5060_Ti,16,
efficientnet_b5,224,16,fp16,55.1475830078125,False,NVIDIA_GeForce_RTX_5060_Ti,16,
efficientnet_b5,224,16,fp32,112.50157165527344,False,NVIDIA_GeForce_RTX_5060_Ti,16,
efficientnet_b5,224,32,bf16,152.88180541992188,False,NVIDIA_GeForce_RTX_5060_Ti,16,
efficientnet_b5,224,32,fp16,111.85935974121094,False,NVIDIA_GeForce_RTX_5060_Ti,16,
efficientnet_b5,224,32,fp32,235.0990753173828,False,NVIDIA_GeForce_RTX_5060_Ti,16,
efficientnet_b5,224,64,bf16,320.2851867675781,False,NVIDIA_GeForce_RTX_5060_Ti,16,
efficientnet_b5,224,64,fp16,235.879638671875,False,NVIDIA_GeForce_RTX_5060_Ti,16,
efficientnet_b5,224,64,fp32,,True,NVIDIA_GeForce_RTX_5060_Ti,16,
efficientnetv2_l,64,16,bf16,56.2695198059082,False,NVIDIA_GeForce_RTX_5060_Ti,16,
efficientnetv2_l,64,16,fp16,51.16070556640625,False,NVIDIA_GeForce_RTX_5060_Ti,16,
efficientnetv2_l,64,16,fp32,77.7198715209961,False,NVIDIA_GeForce_RTX_5060_Ti,16,
efficientnetv2_l,64,32,bf16,74.60063934326172,False,NVIDIA_GeForce_RTX_5060_Ti,16,
efficientnetv2_l,64,32,fp16,66.482177734375,False,NVIDIA_GeForce_RTX_5060_Ti,16,
efficientnetv2_l,64,32,fp32,124.51641845703124,False,NVIDIA_GeForce_RTX_5060_Ti,16,
efficientnetv2_l,64,64,bf16,120.31190490722656,False,NVIDIA_GeForce_RTX_5060_Ti,16,
efficientnetv2_l,64,64,fp16,103.21208190917967,False,NVIDIA_GeForce_RTX_5060_Ti,16,
efficientnetv2_l,64,64,fp32,214.53663635253903,False,NVIDIA_GeForce_RTX_5060_Ti,16,
efficientnetv2_l,128,16,bf16,80.77289581298828,False,NVIDIA_GeForce_RTX_5060_Ti,16,
efficientnetv2_l,128,16,fp16,72.06588745117188,False,NVIDIA_GeForce_RTX_5060_Ti,16,
efficientnetv2_l,128,16,fp32,101.6011199951172,False,NVIDIA_GeForce_RTX_5060_Ti,16,
efficientnetv2_l,128,32,bf16,130.64747619628906,False,NVIDIA_GeForce_RTX_5060_Ti,16,
efficientnetv2_l,128,32,fp16,115.52410888671876,False,NVIDIA_GeForce_RTX_5060_Ti,16,
efficientnetv2_l,128,32,fp32,178.15655517578125,False,NVIDIA_GeForce_RTX_5060_Ti,16,
efficientnetv2_l,128,64,bf16,242.6038818359375,False,NVIDIA_GeForce_RTX_5060_Ti,16,
efficientnetv2_l,128,64,fp16,213.06565856933597,False,NVIDIA_GeForce_RTX_5060_Ti,16,
efficientnetv2_l,128,64,fp32,340.944091796875,False,NVIDIA_GeForce_RTX_5060_Ti,16,
efficientnetv2_l,224,16,bf16,139.9502410888672,False,NVIDIA_GeForce_RTX_5060_Ti,16,
efficientnetv2_l,224,16,fp16,113.88641357421876,False,NVIDIA_GeForce_RTX_5060_Ti,16,
efficientnetv2_l,224,16,fp32,201.3060760498047,False,NVIDIA_GeForce_RTX_5060_Ti,16,
efficientnetv2_l,224,32,bf16,262.8645324707031,False,NVIDIA_GeForce_RTX_5060_Ti,16,
efficientnetv2_l,224,32,fp16,215.8714141845703,False,NVIDIA_GeForce_RTX_5060_Ti,16,
efficientnetv2_l,224,32,fp32,,True,NVIDIA_GeForce_RTX_5060_Ti,16,
efficientnetv2_l,224,64,bf16,,True,NVIDIA_GeForce_RTX_5060_Ti,16,
efficientnetv2_l,224,64,fp16,,True,NVIDIA_GeForce_RTX_5060_Ti,16,
efficientnetv2_l,224,64,fp32,,True,NVIDIA_GeForce_RTX_5060_Ti,16,
efficientnetv2_m,64,16,bf16,31.68275260925293,False,NVIDIA_GeForce_RTX_5060_Ti,16,
efficientnetv2_m,64,16,fp16,28.30361557006836,False,NVIDIA_GeForce_RTX_5060_Ti,16,
efficientnetv2_m,64,16,fp32,38.60299301147461,False,NVIDIA_GeForce_RTX_5060_Ti,16,
efficientnetv2_m,64,32,bf16,40.77449417114258,False,NVIDIA_GeForce_RTX_5060_Ti,16,
efficientnetv2_m,64,32,fp16,35.36996841430664,False,NVIDIA_GeForce_RTX_5060_Ti,16,
efficientnetv2_m,64,32,fp32,61.25350570678711,False,NVIDIA_GeForce_RTX_5060_Ti,16,
efficientnetv2_m,64,64,bf16,63.36105728149414,False,NVIDIA_GeForce_RTX_5060_Ti,16,
efficientnetv2_m,64,64,fp16,51.85475158691406,False,NVIDIA_GeForce_RTX_5060_Ti,16,
efficientnetv2_m,64,64,fp32,109.22441864013672,False,NVIDIA_GeForce_RTX_5060_Ti,16,
efficientnetv2_m,128,16,bf16,40.92127990722656,False,NVIDIA_GeForce_RTX_5060_Ti,16,
efficientnetv2_m,128,16,fp16,36.0243034362793,False,NVIDIA_GeForce_RTX_5060_Ti,16,
efficientnetv2_m,128,16,fp32,52.31744003295898,False,NVIDIA_GeForce_RTX_5060_Ti,16,
efficientnetv2_m,128,32,bf16,62.64345550537109,False,NVIDIA_GeForce_RTX_5060_Ti,16,
efficientnetv2_m,128,32,fp16,53.95342254638672,False,NVIDIA_GeForce_RTX_5060_Ti,16,
efficientnetv2_m,128,32,fp32,89.15526580810547,False,NVIDIA_GeForce_RTX_5060_Ti,16,
efficientnetv2_m,128,64,bf16,112.31912231445312,False,NVIDIA_GeForce_RTX_5060_Ti,16,
efficientnetv2_m,128,64,fp16,93.23550415039062,False,NVIDIA_GeForce_RTX_5060_Ti,16,
efficientnetv2_m,128,64,fp32,179.9100341796875,False,NVIDIA_GeForce_RTX_5060_Ti,16,
efficientnetv2_m,224,16,bf16,73.22590637207031,False,NVIDIA_GeForce_RTX_5060_Ti,16,
efficientnetv2_m,224,16,fp16,59.89585494995117,False,NVIDIA_GeForce_RTX_5060_Ti,16,
efficientnetv2_m,224,16,fp32,105.12312316894533,False,NVIDIA_GeForce_RTX_5060_Ti,16,
efficientnetv2_m,224,32,bf16,136.22604370117188,False,NVIDIA_GeForce_RTX_5060_Ti,16,
efficientnetv2_m,224,32,fp16,108.46390533447266,False,NVIDIA_GeForce_RTX_5060_Ti,16,
efficientnetv2_m,224,32,fp32,215.15133666992188,False,NVIDIA_GeForce_RTX_5060_Ti,16,
efficientnetv2_m,224,64,bf16,277.7393798828125,False,NVIDIA_GeForce_RTX_5060_Ti,16,
efficientnetv2_m,224,64,fp16,224.46856689453125,False,NVIDIA_GeForce_RTX_5060_Ti,16,
efficientnetv2_m,224,64,fp32,,True,NVIDIA_GeForce_RTX_5060_Ti,16,
efficientnetv2_s,64,16,bf16,15.74766445159912,False,NVIDIA_GeForce_RTX_5060_Ti,16,
efficientnetv2_s,64,16,fp16,14.173760414123535,False,NVIDIA_GeForce_RTX_5060_Ti,16,
efficientnetv2_s,64,16,fp32,18.7968807220459,False,NVIDIA_GeForce_RTX_5060_Ti,16,
efficientnetv2_s,64,32,bf16,20.31118392944336,False,NVIDIA_GeForce_RTX_5060_Ti,16,
efficientnetv2_s,64,32,fp16,18.12343978881836,False,NVIDIA_GeForce_RTX_5060_Ti,16,
efficientnetv2_s,64,32,fp32,31.597055435180664,False,NVIDIA_GeForce_RTX_5060_Ti,16,
efficientnetv2_s,64,64,bf16,31.12001609802246,False,NVIDIA_GeForce_RTX_5060_Ti,16,
efficientnetv2_s,64,64,fp16,26.57233619689941,False,NVIDIA_GeForce_RTX_5060_Ti,16,
efficientnetv2_s,64,64,fp32,53.29056167602539,False,NVIDIA_GeForce_RTX_5060_Ti,16,
efficientnetv2_s,128,16,bf16,21.864255905151367,False,NVIDIA_GeForce_RTX_5060_Ti,16,
efficientnetv2_s,128,16,fp16,19.1658878326416,False,NVIDIA_GeForce_RTX_5060_Ti,16,
efficientnetv2_s,128,16,fp32,25.91206359863281,False,NVIDIA_GeForce_RTX_5060_Ti,16,
efficientnetv2_s,128,32,bf16,36.231422424316406,False,NVIDIA_GeForce_RTX_5060_Ti,16,
efficientnetv2_s,128,32,fp16,30.99553680419922,False,NVIDIA_GeForce_RTX_5060_Ti,16,
efficientnetv2_s,128,32,fp32,48.79975891113281,False,NVIDIA_GeForce_RTX_5060_Ti,16,
efficientnetv2_s,128,64,bf16,66.6314697265625,False,NVIDIA_GeForce_RTX_5060_Ti,16,
efficientnetv2_s,128,64,fp16,56.878814697265625,False,NVIDIA_GeForce_RTX_5060_Ti,16,
efficientnetv2_s,128,64,fp32,96.62459564208984,False,NVIDIA_GeForce_RTX_5060_Ti,16,
efficientnetv2_s,224,16,bf16,40.20735931396485,False,NVIDIA_GeForce_RTX_5060_Ti,16,
efficientnetv2_s,224,16,fp16,32.0573616027832,False,NVIDIA_GeForce_RTX_5060_Ti,16,
efficientnetv2_s,224,16,fp32,58.22516632080078,False,NVIDIA_GeForce_RTX_5060_Ti,16,
efficientnetv2_s,224,32,bf16,76.09500885009766,False,NVIDIA_GeForce_RTX_5060_Ti,16,
efficientnetv2_s,224,32,fp16,60.68012619018555,False,NVIDIA_GeForce_RTX_5060_Ti,16,
efficientnetv2_s,224,32,fp32,122.36945343017578,False,NVIDIA_GeForce_RTX_5060_Ti,16,
efficientnetv2_s,224,64,bf16,157.89662170410156,False,NVIDIA_GeForce_RTX_5060_Ti,16,
efficientnetv2_s,224,64,fp16,125.88706970214844,False,NVIDIA_GeForce_RTX_5060_Ti,16,
efficientnetv2_s,224,64,fp32,257.5610656738281,False,NVIDIA_GeForce_RTX_5060_Ti,16,
fastvit_t12,64,16,bf16,7.530543804168701,False,NVIDIA_GeForce_RTX_5060_Ti,16,
fastvit_t12,64,16,fp16,7.007359981536865,False,NVIDIA_GeForce_RTX_5060_Ti,16,
fastvit_t12,64,16,fp32,8.469056129455566,False,NVIDIA_GeForce_RTX_5060_Ti,16,
fastvit_t12,64,32,bf16,10.538368225097656,False,NVIDIA_GeForce_RTX_5060_Ti,16,
fastvit_t12,64,32,fp16,9.589664459228516,False,NVIDIA_GeForce_RTX_5060_Ti,16,
fastvit_t12,64,32,fp32,13.032272338867188,False,NVIDIA_GeForce_RTX_5060_Ti,16,
fastvit_t12,64,64,bf16,18.056079864501957,False,NVIDIA_GeForce_RTX_5060_Ti,16,
fastvit_t12,64,64,fp16,16.62041664123535,False,NVIDIA_GeForce_RTX_5060_Ti,16,
fastvit_t12,64,64,fp32,22.035232543945312,False,NVIDIA_GeForce_RTX_5060_Ti,16,
fastvit_t12,128,16,bf16,12.510272026062012,False,NVIDIA_GeForce_RTX_5060_Ti,16,
fastvit_t12,128,16,fp16,11.10206413269043,False,NVIDIA_GeForce_RTX_5060_Ti,16,
fastvit_t12,128,16,fp32,14.322239875793455,False,NVIDIA_GeForce_RTX_5060_Ti,16,
fastvit_t12,128,32,bf16,21.82489585876465,False,NVIDIA_GeForce_RTX_5060_Ti,16,
fastvit_t12,128,32,fp16,19.280431747436523,False,NVIDIA_GeForce_RTX_5060_Ti,16,
fastvit_t12,128,32,fp32,27.619535446166992,False,NVIDIA_GeForce_RTX_5060_Ti,16,
fastvit_t12,128,64,bf16,44.16510391235352,False,NVIDIA_GeForce_RTX_5060_Ti,16,
fastvit_t12,128,64,fp16,39.85251235961914,False,NVIDIA_GeForce_RTX_5060_Ti,16,
fastvit_t12,128,64,fp32,56.46144104003906,False,NVIDIA_GeForce_RTX_5060_Ti,16,
fastvit_t12,224,16,bf16,31.71036720275879,False,NVIDIA_GeForce_RTX_5060_Ti,16,
fastvit_t12,224,16,fp16,27.424224853515625,False,NVIDIA_GeForce_RTX_5060_Ti,16,
fastvit_t12,224,16,fp32,38.51377487182617,False,NVIDIA_GeForce_RTX_5060_Ti,16,
fastvit_t12,224,32,bf16,65.14636993408203,False,NVIDIA_GeForce_RTX_5060_Ti,16,
fastvit_t12,224,32,fp16,58.28195190429688,False,NVIDIA_GeForce_RTX_5060_Ti,16,
fastvit_t12,224,32,fp32,82.85749053955078,False,NVIDIA_GeForce_RTX_5060_Ti,16,
fastvit_t12,224,64,bf16,139.66046142578125,False,NVIDIA_GeForce_RTX_5060_Ti,16,
fastvit_t12,224,64,fp16,127.95825958251952,False,NVIDIA_GeForce_RTX_5060_Ti,16,
fastvit_t12,224,64,fp32,175.69256591796875,False,NVIDIA_GeForce_RTX_5060_Ti,16,
fastvit_t8,64,16,bf16,5.235072135925293,False,NVIDIA_GeForce_RTX_5060_Ti,16,
fastvit_t8,64,16,fp16,4.798064231872559,False,NVIDIA_GeForce_RTX_5060_Ti,16,
fastvit_t8,64,16,fp32,5.458687782287598,False,NVIDIA_GeForce_RTX_5060_Ti,16,
fastvit_t8,64,32,bf16,7.159023761749268,False,NVIDIA_GeForce_RTX_5060_Ti,16,
fastvit_t8,64,32,fp16,6.424928188323975,False,NVIDIA_GeForce_RTX_5060_Ti,16,
fastvit_t8,64,32,fp32,8.418399810791016,False,NVIDIA_GeForce_RTX_5060_Ti,16,
fastvit_t8,64,64,bf16,11.182944297790527,False,NVIDIA_GeForce_RTX_5060_Ti,16,
fastvit_t8,64,64,fp16,9.828432083129885,False,NVIDIA_GeForce_RTX_5060_Ti,16,
fastvit_t8,64,64,fp32,14.441871643066406,False,NVIDIA_GeForce_RTX_5060_Ti,16,
fastvit_t8,128,16,bf16,8.936384201049805,False,NVIDIA_GeForce_RTX_5060_Ti,16,
fastvit_t8,128,16,fp16,7.973455905914307,False,NVIDIA_GeForce_RTX_5060_Ti,16,
fastvit_t8,128,16,fp32,9.356528282165527,False,NVIDIA_GeForce_RTX_5060_Ti,16,
fastvit_t8,128,32,bf16,15.543135643005373,False,NVIDIA_GeForce_RTX_5060_Ti,16,
fastvit_t8,128,32,fp16,13.81497573852539,False,NVIDIA_GeForce_RTX_5060_Ti,16,
fastvit_t8,128,32,fp32,17.602127075195312,False,NVIDIA_GeForce_RTX_5060_Ti,16,
fastvit_t8,128,64,bf16,30.533056259155277,False,NVIDIA_GeForce_RTX_5060_Ti,16,
fastvit_t8,128,64,fp16,27.368528366088867,False,NVIDIA_GeForce_RTX_5060_Ti,16,
fastvit_t8,128,64,fp32,36.659454345703125,False,NVIDIA_GeForce_RTX_5060_Ti,16,
fastvit_t8,224,16,bf16,21.596752166748047,False,NVIDIA_GeForce_RTX_5060_Ti,16,
fastvit_t8,224,16,fp16,19.174848556518555,False,NVIDIA_GeForce_RTX_5060_Ti,16,
fastvit_t8,224,16,fp32,25.498144149780277,False,NVIDIA_GeForce_RTX_5060_Ti,16,
fastvit_t8,224,32,bf16,43.88214492797852,False,NVIDIA_GeForce_RTX_5060_Ti,16,
fastvit_t8,224,32,fp16,39.62748718261719,False,NVIDIA_GeForce_RTX_5060_Ti,16,
fastvit_t8,224,32,fp32,55.06265640258789,False,NVIDIA_GeForce_RTX_5060_Ti,16,
fastvit_t8,224,64,bf16,95.11561584472656,False,NVIDIA_GeForce_RTX_5060_Ti,16,
fastvit_t8,224,64,fp16,85.39412689208984,False,NVIDIA_GeForce_RTX_5060_Ti,16,
fastvit_t8,224,64,fp32,118.28091430664062,False,NVIDIA_GeForce_RTX_5060_Ti,16,
maxvit_tiny_tf_224,64,16,bf16,17.690223693847656,False,NVIDIA_GeForce_RTX_5060_Ti,16,
maxvit_tiny_tf_224,64,16,fp16,16.739423751831055,False,NVIDIA_GeForce_RTX_5060_Ti,16,
maxvit_tiny_tf_224,64,16,fp32,26.132095336914062,False,NVIDIA_GeForce_RTX_5060_Ti,16,
maxvit_tiny_tf_224,64,32,bf16,25.57137680053711,False,NVIDIA_GeForce_RTX_5060_Ti,16,
maxvit_tiny_tf_224,64,32,fp16,23.80873680114746,False,NVIDIA_GeForce_RTX_5060_Ti,16,
maxvit_tiny_tf_224,64,32,fp32,40.99985504150391,False,NVIDIA_GeForce_RTX_5060_Ti,16,
maxvit_tiny_tf_224,64,64,bf16,42.97132873535156,False,NVIDIA_GeForce_RTX_5060_Ti,16,
maxvit_tiny_tf_224,64,64,fp16,39.974159240722656,False,NVIDIA_GeForce_RTX_5060_Ti,16,
maxvit_tiny_tf_224,64,64,fp32,75.42715454101562,False,NVIDIA_GeForce_RTX_5060_Ti,16,
maxvit_tiny_tf_224,128,16,bf16,31.211456298828125,False,NVIDIA_GeForce_RTX_5060_Ti,16,
maxvit_tiny_tf_224,128,16,fp16,28.426464080810547,False,NVIDIA_GeForce_RTX_5060_Ti,16,
maxvit_tiny_tf_224,128,16,fp32,47.93059158325195,False,NVIDIA_GeForce_RTX_5060_Ti,16,
maxvit_tiny_tf_224,128,32,bf16,53.82284927368164,False,NVIDIA_GeForce_RTX_5060_Ti,16,
maxvit_tiny_tf_224,128,32,fp16,50.15841674804688,False,NVIDIA_GeForce_RTX_5060_Ti,16,
maxvit_tiny_tf_224,128,32,fp32,94.07179260253906,False,NVIDIA_GeForce_RTX_5060_Ti,16,
maxvit_tiny_tf_224,128,64,bf16,108.0298080444336,False,NVIDIA_GeForce_RTX_5060_Ti,16,
maxvit_tiny_tf_224,128,64,fp16,100.27439880371094,False,NVIDIA_GeForce_RTX_5060_Ti,16,
maxvit_tiny_tf_224,128,64,fp32,190.4850006103516,False,NVIDIA_GeForce_RTX_5060_Ti,16,
maxvit_tiny_tf_224,224,16,bf16,77.62187194824219,False,NVIDIA_GeForce_RTX_5060_Ti,16,
maxvit_tiny_tf_224,224,16,fp16,71.70606231689453,False,NVIDIA_GeForce_RTX_5060_Ti,16,
maxvit_tiny_tf_224,224,16,fp32,130.02804565429688,False,NVIDIA_GeForce_RTX_5060_Ti,16,
maxvit_tiny_tf_224,224,32,bf16,154.77391052246094,False,NVIDIA_GeForce_RTX_5060_Ti,16,
maxvit_tiny_tf_224,224,32,fp16,143.87709045410156,False,NVIDIA_GeForce_RTX_5060_Ti,16,
maxvit_tiny_tf_224,224,32,fp32,264.21844482421875,False,NVIDIA_GeForce_RTX_5060_Ti,16,
maxvit_tiny_tf_224,224,64,bf16,314.4676513671875,False,NVIDIA_GeForce_RTX_5060_Ti,16,
maxvit_tiny_tf_224,224,64,fp16,296.2813415527344,False,NVIDIA_GeForce_RTX_5060_Ti,16,
maxvit_tiny_tf_224,224,64,fp32,,True,NVIDIA_GeForce_RTX_5060_Ti,16,
mixer_b16_224,64,16,bf16,13.40062427520752,False,NVIDIA_GeForce_RTX_5060_Ti,16,
mixer_b16_224,64,16,fp16,13.29379177093506,False,NVIDIA_GeForce_RTX_5060_Ti,16,
mixer_b16_224,64,16,fp32,19.66510391235352,False,NVIDIA_GeForce_RTX_5060_Ti,16,
mixer_b16_224,64,32,bf16,18.57142448425293,False,NVIDIA_GeForce_RTX_5060_Ti,16,
mixer_b16_224,64,32,fp16,18.0076961517334,False,NVIDIA_GeForce_RTX_5060_Ti,16,
mixer_b16_224,64,32,fp32,37.09654235839844,False,NVIDIA_GeForce_RTX_5060_Ti,16,
mixer_b16_224,64,64,bf16,32.07417678833008,False,NVIDIA_GeForce_RTX_5060_Ti,16,
mixer_b16_224,64,64,fp16,31.82115173339844,False,NVIDIA_GeForce_RTX_5060_Ti,16,
mixer_b16_224,64,64,fp32,71.5499496459961,False,NVIDIA_GeForce_RTX_5060_Ti,16,
mixer_b16_224,128,16,bf16,21.192176818847656,False,NVIDIA_GeForce_RTX_5060_Ti,16,
mixer_b16_224,128,16,fp16,21.012800216674805,False,NVIDIA_GeForce_RTX_5060_Ti,16,
mixer_b16_224,128,16,fp32,42.57793426513672,False,NVIDIA_GeForce_RTX_5060_Ti,16,
mixer_b16_224,128,32,bf16,33.98307037353516,False,NVIDIA_GeForce_RTX_5060_Ti,16,
mixer_b16_224,128,32,fp16,33.77076721191406,False,NVIDIA_GeForce_RTX_5060_Ti,16,
mixer_b16_224,128,32,fp32,82.3068618774414,False,NVIDIA_GeForce_RTX_5060_Ti,16,
mixer_b16_224,128,64,bf16,66.37175750732422,False,NVIDIA_GeForce_RTX_5060_Ti,16,
mixer_b16_224,128,64,fp16,65.90264129638672,False,NVIDIA_GeForce_RTX_5060_Ti,16,
mixer_b16_224,128,64,fp32,166.3961944580078,False,NVIDIA_GeForce_RTX_5060_Ti,16,
mixer_b16_224,224,16,bf16,46.77171325683594,False,NVIDIA_GeForce_RTX_5060_Ti,16,
mixer_b16_224,224,16,fp16,46.64596939086914,False,NVIDIA_GeForce_RTX_5060_Ti,16,
mixer_b16_224,224,16,fp32,114.43685150146484,False,NVIDIA_GeForce_RTX_5060_Ti,16,
mixer_b16_224,224,32,bf16,90.8610382080078,False,NVIDIA_GeForce_RTX_5060_Ti,16,
mixer_b16_224,224,32,fp16,90.57584381103516,False,NVIDIA_GeForce_RTX_5060_Ti,16,
mixer_b16_224,224,32,fp32,226.21197509765625,False,NVIDIA_GeForce_RTX_5060_Ti,16,
mixer_b16_224,224,64,bf16,187.96804809570312,False,NVIDIA_GeForce_RTX_5060_Ti,16,
mixer_b16_224,224,64,fp16,184.187744140625,False,NVIDIA_GeForce_RTX_5060_Ti,16,
mixer_b16_224,224,64,fp32,453.6179809570313,False,NVIDIA_GeForce_RTX_5060_Ti,16,
mobilenetv2_100,64,16,bf16,3.4408960342407227,False,NVIDIA_GeForce_RTX_5060_Ti,16,
mobilenetv2_100,64,16,fp16,2.989487886428833,False,NVIDIA_GeForce_RTX_5060_Ti,16,
mobilenetv2_100,64,16,fp32,3.985008001327514,False,NVIDIA_GeForce_RTX_5060_Ti,16,
mobilenetv2_100,64,32,bf16,4.81771183013916,False,NVIDIA_GeForce_RTX_5060_Ti,16,
mobilenetv2_100,64,32,fp16,3.9005279541015625,False,NVIDIA_GeForce_RTX_5060_Ti,16,
mobilenetv2_100,64,32,fp32,5.660624027252197,False,NVIDIA_GeForce_RTX_5060_Ti,16,
mobilenetv2_100,64,64,bf16,7.436399936676025,False,NVIDIA_GeForce_RTX_5060_Ti,16,
mobilenetv2_100,64,64,fp16,5.809487819671631,False,NVIDIA_GeForce_RTX_5060_Ti,16,
mobilenetv2_100,64,64,fp32,10.334256172180176,False,NVIDIA_GeForce_RTX_5060_Ti,16,
mobilenetv2_100,128,16,bf16,5.814879894256592,False,NVIDIA_GeForce_RTX_5060_Ti,16,
mobilenetv2_100,128,16,fp16,4.574672222137451,False,NVIDIA_GeForce_RTX_5060_Ti,16,
mobilenetv2_100,128,16,fp32,7.041632175445557,False,NVIDIA_GeForce_RTX_5060_Ti,16,
mobilenetv2_100,128,32,bf16,10.145503997802734,False,NVIDIA_GeForce_RTX_5060_Ti,16,
mobilenetv2_100,128,32,fp16,7.766960144042969,False,NVIDIA_GeForce_RTX_5060_Ti,16,
mobilenetv2_100,128,32,fp32,13.75550365447998,False,NVIDIA_GeForce_RTX_5060_Ti,16,
mobilenetv2_100,128,64,bf16,20.52542304992676,False,NVIDIA_GeForce_RTX_5060_Ti,16,
mobilenetv2_100,128,64,fp16,16.328367233276367,False,NVIDIA_GeForce_RTX_5060_Ti,16,
mobilenetv2_100,128,64,fp32,30.43377685546875,False,NVIDIA_GeForce_RTX_5060_Ti,16,
mobilenetv2_100,224,16,bf16,14.48641586303711,False,NVIDIA_GeForce_RTX_5060_Ti,16,
mobilenetv2_100,224,16,fp16,11.066896438598633,False,NVIDIA_GeForce_RTX_5060_Ti,16,
mobilenetv2_100,224,16,fp32,21.19112014770508,False,NVIDIA_GeForce_RTX_5060_Ti,16,
mobilenetv2_100,224,32,bf16,30.076719284057617,False,NVIDIA_GeForce_RTX_5060_Ti,16,
mobilenetv2_100,224,32,fp16,23.432016372680664,False,NVIDIA_GeForce_RTX_5060_Ti,16,
mobilenetv2_100,224,32,fp32,43.45683288574219,False,NVIDIA_GeForce_RTX_5060_Ti,16,
mobilenetv2_100,224,64,bf16,62.01878356933594,False,NVIDIA_GeForce_RTX_5060_Ti,16,
mobilenetv2_100,224,64,fp16,50.11150360107422,False,NVIDIA_GeForce_RTX_5060_Ti,16,
mobilenetv2_100,224,64,fp32,95.272705078125,False,NVIDIA_GeForce_RTX_5060_Ti,16,
mobilenetv3_large_100,64,16,bf16,3.8684639930725098,False,NVIDIA_GeForce_RTX_5060_Ti,16,
mobilenetv3_large_100,64,16,fp16,3.4976320266723637,False,NVIDIA_GeForce_RTX_5060_Ti,16,
mobilenetv3_large_100,64,16,fp32,4.256927967071533,False,NVIDIA_GeForce_RTX_5060_Ti,16,
mobilenetv3_large_100,64,32,bf16,5.121071815490723,False,NVIDIA_GeForce_RTX_5060_Ti,16,
mobilenetv3_large_100,64,32,fp16,4.465680122375488,False,NVIDIA_GeForce_RTX_5060_Ti,16,
mobilenetv3_large_100,64,32,fp32,6.098688125610352,False,NVIDIA_GeForce_RTX_5060_Ti,16,
mobilenetv3_large_100,64,64,bf16,7.274191856384277,False,NVIDIA_GeForce_RTX_5060_Ti,16,
mobilenetv3_large_100,64,64,fp16,6.070896148681641,False,NVIDIA_GeForce_RTX_5060_Ti,16,
mobilenetv3_large_100,64,64,fp32,8.89139175415039,False,NVIDIA_GeForce_RTX_5060_Ti,16,
mobilenetv3_large_100,128,16,bf16,5.616127967834473,False,NVIDIA_GeForce_RTX_5060_Ti,16,
mobilenetv3_large_100,128,16,fp16,4.732944011688232,False,NVIDIA_GeForce_RTX_5060_Ti,16,
mobilenetv3_large_100,128,16,fp32,6.385712146759033,False,NVIDIA_GeForce_RTX_5060_Ti,16,
mobilenetv3_large_100,128,32,bf16,8.97379207611084,False,NVIDIA_GeForce_RTX_5060_Ti,16,
mobilenetv3_large_100,128,32,fp16,7.399295806884766,False,NVIDIA_GeForce_RTX_5060_Ti,16,
mobilenetv3_large_100,128,32,fp32,11.077296257019045,False,NVIDIA_GeForce_RTX_5060_Ti,16,
mobilenetv3_large_100,128,64,bf16,15.941871643066406,False,NVIDIA_GeForce_RTX_5060_Ti,16,
mobilenetv3_large_100,128,64,fp16,12.822223663330078,False,NVIDIA_GeForce_RTX_5060_Ti,16,
mobilenetv3_large_100,128,64,fp32,21.232128143310547,False,NVIDIA_GeForce_RTX_5060_Ti,16,
mobilenetv3_large_100,224,16,bf16,11.803183555603027,False,NVIDIA_GeForce_RTX_5060_Ti,16,
mobilenetv3_large_100,224,16,fp16,8.909040451049805,False,NVIDIA_GeForce_RTX_5060_Ti,16,
mobilenetv3_large_100,224,16,fp32,14.58198356628418,False,NVIDIA_GeForce_RTX_5060_Ti,16,
mobilenetv3_large_100,224,32,bf16,22.418672561645508,False,NVIDIA_GeForce_RTX_5060_Ti,16,
mobilenetv3_large_100,224,32,fp16,16.88559913635254,False,NVIDIA_GeForce_RTX_5060_Ti,16,
mobilenetv3_large_100,224,32,fp32,31.404848098754883,False,NVIDIA_GeForce_RTX_5060_Ti,16,
mobilenetv3_large_100,224,64,bf16,47.520206451416016,False,NVIDIA_GeForce_RTX_5060_Ti,16,
mobilenetv3_large_100,224,64,fp16,37.30516815185547,False,NVIDIA_GeForce_RTX_5060_Ti,16,
mobilenetv3_large_100,224,64,fp32,67.65180969238281,False,NVIDIA_GeForce_RTX_5060_Ti,16,
mobilenetv3_small_100,64,16,bf16,2.228543996810913,False,NVIDIA_GeForce_RTX_5060_Ti,16,
mobilenetv3_small_100,64,16,fp16,2.0634560585021973,False,NVIDIA_GeForce_RTX_5060_Ti,16,
mobilenetv3_small_100,64,16,fp32,2.378528118133545,False,NVIDIA_GeForce_RTX_5060_Ti,16,
mobilenetv3_small_100,64,32,bf16,2.9179840087890625,False,NVIDIA_GeForce_RTX_5060_Ti,16,
mobilenetv3_small_100,64,32,fp16,2.618544101715088,False,NVIDIA_GeForce_RTX_5060_Ti,16,
mobilenetv3_small_100,64,32,fp32,3.1915841102600098,False,NVIDIA_GeForce_RTX_5060_Ti,16,
mobilenetv3_small_100,64,64,bf16,4.111824035644531,False,NVIDIA_GeForce_RTX_5060_Ti,16,
mobilenetv3_small_100,64,64,fp16,3.5635039806365967,False,NVIDIA_GeForce_RTX_5060_Ti,16,
mobilenetv3_small_100,64,64,fp32,4.110015869140625,False,NVIDIA_GeForce_RTX_5060_Ti,16,
mobilenetv3_small_100,128,16,bf16,3.249824047088623,False,NVIDIA_GeForce_RTX_5060_Ti,16,
mobilenetv3_small_100,128,16,fp16,2.737760066986084,False,NVIDIA_GeForce_RTX_5060_Ti,16,
mobilenetv3_small_100,128,16,fp32,3.127968072891236,False,NVIDIA_GeForce_RTX_5060_Ti,16,
mobilenetv3_small_100,128,32,bf16,4.539648056030273,False,NVIDIA_GeForce_RTX_5060_Ti,16,
mobilenetv3_small_100,128,32,fp16,3.683984041213989,False,NVIDIA_GeForce_RTX_5060_Ti,16,
mobilenetv3_small_100,128,32,fp32,4.541903972625732,False,NVIDIA_GeForce_RTX_5060_Ti,16,
mobilenetv3_small_100,128,64,bf16,6.571296215057373,False,NVIDIA_GeForce_RTX_5060_Ti,16,
mobilenetv3_small_100,128,64,fp16,5.188960075378418,False,NVIDIA_GeForce_RTX_5060_Ti,16,
mobilenetv3_small_100,128,64,fp32,7.3438720703125,False,NVIDIA_GeForce_RTX_5060_Ti,16,
mobilenetv3_small_100,224,16,bf16,5.19652795791626,False,NVIDIA_GeForce_RTX_5060_Ti,16,
mobilenetv3_small_100,224,16,fp16,3.8612799644470215,False,NVIDIA_GeForce_RTX_5060_Ti,16,
mobilenetv3_small_100,224,16,fp32,5.539455890655518,False,NVIDIA_GeForce_RTX_5060_Ti,16,
mobilenetv3_small_100,224,32,bf16,8.87112045288086,False,NVIDIA_GeForce_RTX_5060_Ti,16,
mobilenetv3_small_100,224,32,fp16,6.504591941833496,False,NVIDIA_GeForce_RTX_5060_Ti,16,
mobilenetv3_small_100,224,32,fp32,10.515007972717283,False,NVIDIA_GeForce_RTX_5060_Ti,16,
mobilenetv3_small_100,224,64,bf16,17.394655227661133,False,NVIDIA_GeForce_RTX_5060_Ti,16,
mobilenetv3_small_100,224,64,fp16,12.606528282165527,False,NVIDIA_GeForce_RTX_5060_Ti,16,
mobilenetv3_small_100,224,64,fp32,21.27395248413086,False,NVIDIA_GeForce_RTX_5060_Ti,16,
mobilevit_s,64,16,bf16,5.358975887298584,False,NVIDIA_GeForce_RTX_5060_Ti,16,
mobilevit_s,64,16,fp16,4.74838399887085,False,NVIDIA_GeForce_RTX_5060_Ti,16,
mobilevit_s,64,16,fp32,6.617167949676514,False,NVIDIA_GeForce_RTX_5060_Ti,16,
mobilevit_s,64,32,bf16,7.796512126922607,False,NVIDIA_GeForce_RTX_5060_Ti,16,
mobilevit_s,64,32,fp16,6.743552207946777,False,NVIDIA_GeForce_RTX_5060_Ti,16,
mobilevit_s,64,32,fp32,10.206704139709473,False,NVIDIA_GeForce_RTX_5060_Ti,16,
mobilevit_s,64,64,bf16,12.393728256225586,False,NVIDIA_GeForce_RTX_5060_Ti,16,
mobilevit_s,64,64,fp16,10.675423622131348,False,NVIDIA_GeForce_RTX_5060_Ti,16,
mobilevit_s,64,64,fp32,19.2304801940918,False,NVIDIA_GeForce_RTX_5060_Ti,16,
mobilevit_s,128,16,bf16,10.203887939453123,False,NVIDIA_GeForce_RTX_5060_Ti,16,
mobilevit_s,128,16,fp16,8.433520317077637,False,NVIDIA_GeForce_RTX_5060_Ti,16,
mobilevit_s,128,16,fp32,14.84603214263916,False,NVIDIA_GeForce_RTX_5060_Ti,16,
mobilevit_s,128,32,bf16,18.918176651000977,False,NVIDIA_GeForce_RTX_5060_Ti,16,
mobilevit_s,128,32,fp16,15.89395236968994,False,NVIDIA_GeForce_RTX_5060_Ti,16,
mobilevit_s,128,32,fp32,30.89748764038086,False,NVIDIA_GeForce_RTX_5060_Ti,16,
mobilevit_s,128,64,bf16,39.853759765625,False,NVIDIA_GeForce_RTX_5060_Ti,16,
mobilevit_s,128,64,fp16,33.581504821777344,False,NVIDIA_GeForce_RTX_5060_Ti,16,
mobilevit_s,128,64,fp32,64.26428985595703,False,NVIDIA_GeForce_RTX_5060_Ti,16,
mobilevit_s,224,16,bf16,30.841039657592773,False,NVIDIA_GeForce_RTX_5060_Ti,16,
mobilevit_s,224,16,fp16,25.960912704467773,False,NVIDIA_GeForce_RTX_5060_Ti,16,
mobilevit_s,224,16,fp32,51.67736053466797,False,NVIDIA_GeForce_RTX_5060_Ti,16,
mobilevit_s,224,32,bf16,64.36102294921875,False,NVIDIA_GeForce_RTX_5060_Ti,16,
mobilevit_s,224,32,fp16,54.933841705322266,False,NVIDIA_GeForce_RTX_5060_Ti,16,
mobilevit_s,224,32,fp32,106.22360229492188,False,NVIDIA_GeForce_RTX_5060_Ti,16,
mobilevit_s,224,64,bf16,131.82611083984375,False,NVIDIA_GeForce_RTX_5060_Ti,16,
mobilevit_s,224,64,fp16,114.6022720336914,False,NVIDIA_GeForce_RTX_5060_Ti,16,
mobilevit_s,224,64,fp32,216.12258911132807,False,NVIDIA_GeForce_RTX_5060_Ti,16,
mobilevit_xs,64,16,bf16,4.34987211227417,False,NVIDIA_GeForce_RTX_5060_Ti,16,
mobilevit_xs,64,16,fp16,4.099215984344482,False,NVIDIA_GeForce_RTX_5060_Ti,16,
mobilevit_xs,64,16,fp32,4.753871917724609,False,NVIDIA_GeForce_RTX_5060_Ti,16,
mobilevit_xs,64,32,bf16,6.2439680099487305,False,NVIDIA_GeForce_RTX_5060_Ti,16,
mobilevit_xs,64,32,fp16,5.929391860961914,False,NVIDIA_GeForce_RTX_5060_Ti,16,
mobilevit_xs,64,32,fp32,7.035168170928955,False,NVIDIA_GeForce_RTX_5060_Ti,16,
mobilevit_xs,64,64,bf16,10.172800064086914,False,NVIDIA_GeForce_RTX_5060_Ti,16,
mobilevit_xs,64,64,fp16,9.25,False,NVIDIA_GeForce_RTX_5060_Ti,16,
mobilevit_xs,64,64,fp32,12.815407752990724,False,NVIDIA_GeForce_RTX_5060_Ti,16,
mobilevit_xs,128,16,bf16,8.278176307678223,False,NVIDIA_GeForce_RTX_5060_Ti,16,
mobilevit_xs,128,16,fp16,7.163616180419922,False,NVIDIA_GeForce_RTX_5060_Ti,16,
mobilevit_xs,128,16,fp32,11.030991554260254,False,NVIDIA_GeForce_RTX_5060_Ti,16,
mobilevit_xs,128,32,bf16,15.145919799804688,False,NVIDIA_GeForce_RTX_5060_Ti,16,
mobilevit_xs,128,32,fp16,13.19007968902588,False,NVIDIA_GeForce_RTX_5060_Ti,16,
mobilevit_xs,128,32,fp32,23.31729507446289,False,NVIDIA_GeForce_RTX_5060_Ti,16,
mobilevit_xs,128,64,bf16,31.60590362548828,False,NVIDIA_GeForce_RTX_5060_Ti,16,
mobilevit_xs,128,64,fp16,27.161359786987305,False,NVIDIA_GeForce_RTX_5060_Ti,16,
mobilevit_xs,128,64,fp32,49.18742370605469,False,NVIDIA_GeForce_RTX_5060_Ti,16,
mobilevit_xs,224,16,bf16,23.766111373901367,False,NVIDIA_GeForce_RTX_5060_Ti,16,
mobilevit_xs,224,16,fp16,20.352575302124023,False,NVIDIA_GeForce_RTX_5060_Ti,16,
mobilevit_xs,224,16,fp32,40.11619186401367,False,NVIDIA_GeForce_RTX_5060_Ti,16,
mobilevit_xs,224,32,bf16,49.9389762878418,False,NVIDIA_GeForce_RTX_5060_Ti,16,
mobilevit_xs,224,32,fp16,42.358097076416016,False,NVIDIA_GeForce_RTX_5060_Ti,16,
mobilevit_xs,224,32,fp32,82.1884994506836,False,NVIDIA_GeForce_RTX_5060_Ti,16,
mobilevit_xs,224,64,bf16,102.4741439819336,False,NVIDIA_GeForce_RTX_5060_Ti,16,
mobilevit_xs,224,64,fp16,88.59820556640625,False,NVIDIA_GeForce_RTX_5060_Ti,16,
mobilevit_xs,224,64,fp32,168.07754516601562,False,NVIDIA_GeForce_RTX_5060_Ti,16,
mobilevit_xxs,64,16,bf16,3.517280101776123,False,NVIDIA_GeForce_RTX_5060_Ti,16,
mobilevit_xxs,64,16,fp16,3.380880117416382,False,NVIDIA_GeForce_RTX_5060_Ti,16,
mobilevit_xxs,64,16,fp32,3.685728073120117,False,NVIDIA_GeForce_RTX_5060_Ti,16,
mobilevit_xxs,64,32,bf16,4.878719806671143,False,NVIDIA_GeForce_RTX_5060_Ti,16,
mobilevit_xxs,64,32,fp16,4.711808204650879,False,NVIDIA_GeForce_RTX_5060_Ti,16,
mobilevit_xxs,64,32,fp32,5.629824161529541,False,NVIDIA_GeForce_RTX_5060_Ti,16,
mobilevit_xxs,64,64,bf16,6.917215824127197,False,NVIDIA_GeForce_RTX_5060_Ti,16,
mobilevit_xxs,64,64,fp16,6.645408153533936,False,NVIDIA_GeForce_RTX_5060_Ti,16,
mobilevit_xxs,64,64,fp32,8.455455780029297,False,NVIDIA_GeForce_RTX_5060_Ti,16,
mobilevit_xxs,128,16,bf16,5.302768230438232,False,NVIDIA_GeForce_RTX_5060_Ti,16,
mobilevit_xxs,128,16,fp16,4.740303993225098,False,NVIDIA_GeForce_RTX_5060_Ti,16,
mobilevit_xxs,128,16,fp32,5.912112236022949,False,NVIDIA_GeForce_RTX_5060_Ti,16,
mobilevit_xxs,128,32,bf16,8.147567749023438,False,NVIDIA_GeForce_RTX_5060_Ti,16,
mobilevit_xxs,128,32,fp16,7.395984172821045,False,NVIDIA_GeForce_RTX_5060_Ti,16,
mobilevit_xxs,128,32,fp32,10.2018404006958,False,NVIDIA_GeForce_RTX_5060_Ti,16,
mobilevit_xxs,128,64,bf16,14.96987247467041,False,NVIDIA_GeForce_RTX_5060_Ti,16,
mobilevit_xxs,128,64,fp16,13.07260799407959,False,NVIDIA_GeForce_RTX_5060_Ti,16,
mobilevit_xxs,128,64,fp32,21.12436866760254,False,NVIDIA_GeForce_RTX_5060_Ti,16,
mobilevit_xxs,224,16,bf16,11.480655670166016,False,NVIDIA_GeForce_RTX_5060_Ti,16,
mobilevit_xxs,224,16,fp16,10.211296081542969,False,NVIDIA_GeForce_RTX_5060_Ti,16,
mobilevit_xxs,224,16,fp32,18.34643173217773,False,NVIDIA_GeForce_RTX_5060_Ti,16,
mobilevit_xxs,224,32,bf16,22.63934326171875,False,NVIDIA_GeForce_RTX_5060_Ti,16,
mobilevit_xxs,224,32,fp16,19.86772727966309,False,NVIDIA_GeForce_RTX_5060_Ti,16,
mobilevit_xxs,224,32,fp32,37.58143997192383,False,NVIDIA_GeForce_RTX_5060_Ti,16,
mobilevit_xxs,224,64,bf16,47.78311920166016,False,NVIDIA_GeForce_RTX_5060_Ti,16,
mobilevit_xxs,224,64,fp16,41.64206314086914,False,NVIDIA_GeForce_RTX_5060_Ti,16,
mobilevit_xxs,224,64,fp32,79.09849548339844,False,NVIDIA_GeForce_RTX_5060_Ti,16,
mobilevitv2_100,64,16,bf16,4.995408058166504,False,NVIDIA_GeForce_RTX_5060_Ti,16,
mobilevitv2_100,64,16,fp16,4.296095848083496,False,NVIDIA_GeForce_RTX_5060_Ti,16,
mobilevitv2_100,64,16,fp32,5.51094388961792,False,NVIDIA_GeForce_RTX_5060_Ti,16,
mobilevitv2_100,64,32,bf16,7.228752136230469,False,NVIDIA_GeForce_RTX_5060_Ti,16,
mobilevitv2_100,64,32,fp16,6.036096096038818,False,NVIDIA_GeForce_RTX_5060_Ti,16,
mobilevitv2_100,64,32,fp32,8.732416152954102,False,NVIDIA_GeForce_RTX_5060_Ti,16,
mobilevitv2_100,64,64,bf16,11.990799903869627,False,NVIDIA_GeForce_RTX_5060_Ti,16,
mobilevitv2_100,64,64,fp16,9.890928268432615,False,NVIDIA_GeForce_RTX_5060_Ti,16,
mobilevitv2_100,64,64,fp32,16.437408447265625,False,NVIDIA_GeForce_RTX_5060_Ti,16,
mobilevitv2_100,128,16,bf16,9.7216157913208,False,NVIDIA_GeForce_RTX_5060_Ti,16,
mobilevitv2_100,128,16,fp16,7.668288230895996,False,NVIDIA_GeForce_RTX_5060_Ti,16,
mobilevitv2_100,128,16,fp32,12.23145580291748,False,NVIDIA_GeForce_RTX_5060_Ti,16,
mobilevitv2_100,128,32,bf16,18.01043128967285,False,NVIDIA_GeForce_RTX_5060_Ti,16,
mobilevitv2_100,128,32,fp16,14.369647979736328,False,NVIDIA_GeForce_RTX_5060_Ti,16,
mobilevitv2_100,128,32,fp32,25.97747230529785,False,NVIDIA_GeForce_RTX_5060_Ti,16,
mobilevitv2_100,128,64,bf16,38.05547332763672,False,NVIDIA_GeForce_RTX_5060_Ti,16,
mobilevitv2_100,128,64,fp16,30.790719985961918,False,NVIDIA_GeForce_RTX_5060_Ti,16,
mobilevitv2_100,128,64,fp32,53.47334289550781,False,NVIDIA_GeForce_RTX_5060_Ti,16,
mobilevitv2_100,224,16,bf16,29.26881599426269,False,NVIDIA_GeForce_RTX_5060_Ti,16,
mobilevitv2_100,224,16,fp16,23.38483238220215,False,NVIDIA_GeForce_RTX_5060_Ti,16,
mobilevitv2_100,224,16,fp32,40.42617416381836,False,NVIDIA_GeForce_RTX_5060_Ti,16,
mobilevitv2_100,224,32,bf16,59.52439880371094,False,NVIDIA_GeForce_RTX_5060_Ti,16,
mobilevitv2_100,224,32,fp16,49.21039962768555,False,NVIDIA_GeForce_RTX_5060_Ti,16,
mobilevitv2_100,224,32,fp32,85.14694213867188,False,NVIDIA_GeForce_RTX_5060_Ti,16,
mobilevitv2_100,224,64,bf16,122.0188446044922,False,NVIDIA_GeForce_RTX_5060_Ti,16,
mobilevitv2_100,224,64,fp16,104.83824157714844,False,NVIDIA_GeForce_RTX_5060_Ti,16,
mobilevitv2_100,224,64,fp32,176.90774536132812,False,NVIDIA_GeForce_RTX_5060_Ti,16,
nfnet_l0,64,16,bf16,12.894559860229492,False,NVIDIA_GeForce_RTX_5060_Ti,16,
nfnet_l0,64,16,fp16,12.057680130004885,False,NVIDIA_GeForce_RTX_5060_Ti,16,
nfnet_l0,64,16,fp32,18.63567924499512,False,NVIDIA_GeForce_RTX_5060_Ti,16,
nfnet_l0,64,32,bf16,16.949392318725586,False,NVIDIA_GeForce_RTX_5060_Ti,16,
nfnet_l0,64,32,fp16,16.85361671447754,False,NVIDIA_GeForce_RTX_5060_Ti,16,
nfnet_l0,64,32,fp32,34.99476623535156,False,NVIDIA_GeForce_RTX_5060_Ti,16,
nfnet_l0,64,64,bf16,26.984031677246094,False,NVIDIA_GeForce_RTX_5060_Ti,16,
nfnet_l0,64,64,fp16,26.21731185913086,False,NVIDIA_GeForce_RTX_5060_Ti,16,
nfnet_l0,64,64,fp32,44.92902374267578,False,NVIDIA_GeForce_RTX_5060_Ti,16,
nfnet_l0,128,16,bf16,18.811328887939453,False,NVIDIA_GeForce_RTX_5060_Ti,16,
nfnet_l0,128,16,fp16,16.909343719482422,False,NVIDIA_GeForce_RTX_5060_Ti,16,
nfnet_l0,128,16,fp32,26.44369506835937,False,NVIDIA_GeForce_RTX_5060_Ti,16,
nfnet_l0,128,32,bf16,30.37500762939453,False,NVIDIA_GeForce_RTX_5060_Ti,16,
nfnet_l0,128,32,fp16,28.33220863342285,False,NVIDIA_GeForce_RTX_5060_Ti,16,
nfnet_l0,128,32,fp32,53.52560043334961,False,NVIDIA_GeForce_RTX_5060_Ti,16,
nfnet_l0,128,64,bf16,56.02596664428711,False,NVIDIA_GeForce_RTX_5060_Ti,16,
nfnet_l0,128,64,fp16,53.81195068359375,False,NVIDIA_GeForce_RTX_5060_Ti,16,
nfnet_l0,128,64,fp32,100.60926055908205,False,NVIDIA_GeForce_RTX_5060_Ti,16,
nfnet_l0,224,16,bf16,36.62628936767578,False,NVIDIA_GeForce_RTX_5060_Ti,16,
nfnet_l0,224,16,fp16,34.53384017944336,False,NVIDIA_GeForce_RTX_5060_Ti,16,
nfnet_l0,224,16,fp32,68.34286499023438,False,NVIDIA_GeForce_RTX_5060_Ti,16,
nfnet_l0,224,32,bf16,71.00234985351562,False,NVIDIA_GeForce_RTX_5060_Ti,16,
nfnet_l0,224,32,fp16,67.44172668457031,False,NVIDIA_GeForce_RTX_5060_Ti,16,
nfnet_l0,224,32,fp32,139.26849365234375,False,NVIDIA_GeForce_RTX_5060_Ti,16,
nfnet_l0,224,64,bf16,141.89332580566406,False,NVIDIA_GeForce_RTX_5060_Ti,16,
nfnet_l0,224,64,fp16,137.1640625,False,NVIDIA_GeForce_RTX_5060_Ti,16,
nfnet_l0,224,64,fp32,277.597900390625,False,NVIDIA_GeForce_RTX_5060_Ti,16,
pvt_v2_b0,64,16,bf16,2.979072093963623,False,NVIDIA_GeForce_RTX_5060_Ti,16,
pvt_v2_b0,64,16,fp16,2.9772000312805176,False,NVIDIA_GeForce_RTX_5060_Ti,16,
pvt_v2_b0,64,16,fp32,3.65664005279541,False,NVIDIA_GeForce_RTX_5060_Ti,16,
pvt_v2_b0,64,32,bf16,3.9232800006866455,False,NVIDIA_GeForce_RTX_5060_Ti,16,
pvt_v2_b0,64,32,fp16,3.890736103057861,False,NVIDIA_GeForce_RTX_5060_Ti,16,
pvt_v2_b0,64,32,fp32,5.220975875854492,False,NVIDIA_GeForce_RTX_5060_Ti,16,
pvt_v2_b0,64,64,bf16,5.4700798988342285,False,NVIDIA_GeForce_RTX_5060_Ti,16,
pvt_v2_b0,64,64,fp16,5.372896194458008,False,NVIDIA_GeForce_RTX_5060_Ti,16,
pvt_v2_b0,64,64,fp32,8.038000106811523,False,NVIDIA_GeForce_RTX_5060_Ti,16,
pvt_v2_b0,128,16,bf16,5.153088092803955,False,NVIDIA_GeForce_RTX_5060_Ti,16,
pvt_v2_b0,128,16,fp16,5.034463882446289,False,NVIDIA_GeForce_RTX_5060_Ti,16,
pvt_v2_b0,128,16,fp32,7.58460807800293,False,NVIDIA_GeForce_RTX_5060_Ti,16,
pvt_v2_b0,128,32,bf16,8.149423599243164,False,NVIDIA_GeForce_RTX_5060_Ti,16,
pvt_v2_b0,128,32,fp16,8.032064437866211,False,NVIDIA_GeForce_RTX_5060_Ti,16,
pvt_v2_b0,128,32,fp32,13.566944122314451,False,NVIDIA_GeForce_RTX_5060_Ti,16,
pvt_v2_b0,128,64,bf16,15.385775566101074,False,NVIDIA_GeForce_RTX_5060_Ti,16,
pvt_v2_b0,128,64,fp16,15.123488426208496,False,NVIDIA_GeForce_RTX_5060_Ti,16,
pvt_v2_b0,128,64,fp32,26.67835235595703,False,NVIDIA_GeForce_RTX_5060_Ti,16,
pvt_v2_b0,224,16,bf16,11.963040351867676,False,NVIDIA_GeForce_RTX_5060_Ti,16,
pvt_v2_b0,224,16,fp16,11.87604808807373,False,NVIDIA_GeForce_RTX_5060_Ti,16,
pvt_v2_b0,224,16,fp32,21.59931182861328,False,NVIDIA_GeForce_RTX_5060_Ti,16,
pvt_v2_b0,224,32,bf16,22.55726432800293,False,NVIDIA_GeForce_RTX_5060_Ti,16,
pvt_v2_b0,224,32,fp16,22.398527145385746,False,NVIDIA_GeForce_RTX_5060_Ti,16,
pvt_v2_b0,224,32,fp32,39.954078674316406,False,NVIDIA_GeForce_RTX_5060_Ti,16,
pvt_v2_b0,224,64,bf16,46.66915130615234,False,NVIDIA_GeForce_RTX_5060_Ti,16,
pvt_v2_b0,224,64,fp16,46.63449478149414,False,NVIDIA_GeForce_RTX_5060_Ti,16,
pvt_v2_b0,224,64,fp32,79.36093139648438,False,NVIDIA_GeForce_RTX_5060_Ti,16,
pvt_v2_b2,64,16,bf16,9.656160354614258,False,NVIDIA_GeForce_RTX_5060_Ti,16,
pvt_v2_b2,64,16,fp16,9.143664360046388,False,NVIDIA_GeForce_RTX_5060_Ti,16,
pvt_v2_b2,64,16,fp32,12.776864051818848,False,NVIDIA_GeForce_RTX_5060_Ti,16,
pvt_v2_b2,64,32,bf16,11.559807777404783,False,NVIDIA_GeForce_RTX_5060_Ti,16,
pvt_v2_b2,64,32,fp16,11.407936096191406,False,NVIDIA_GeForce_RTX_5060_Ti,16,
pvt_v2_b2,64,32,fp32,18.567216873168945,False,NVIDIA_GeForce_RTX_5060_Ti,16,
pvt_v2_b2,64,64,bf16,16.241647720336914,False,NVIDIA_GeForce_RTX_5060_Ti,16,
pvt_v2_b2,64,64,fp16,16.18230438232422,False,NVIDIA_GeForce_RTX_5060_Ti,16,
pvt_v2_b2,64,64,fp32,30.948223114013672,False,NVIDIA_GeForce_RTX_5060_Ti,16,
pvt_v2_b2,128,16,bf16,15.800687789916992,False,NVIDIA_GeForce_RTX_5060_Ti,16,
pvt_v2_b2,128,16,fp16,15.376463890075684,False,NVIDIA_GeForce_RTX_5060_Ti,16,
pvt_v2_b2,128,16,fp32,27.775840759277344,False,NVIDIA_GeForce_RTX_5060_Ti,16,
pvt_v2_b2,128,32,bf16,26.23472023010254,False,NVIDIA_GeForce_RTX_5060_Ti,16,
pvt_v2_b2,128,32,fp16,25.797536849975582,False,NVIDIA_GeForce_RTX_5060_Ti,16,
pvt_v2_b2,128,32,fp32,49.37412643432617,False,NVIDIA_GeForce_RTX_5060_Ti,16,
pvt_v2_b2,128,64,bf16,49.29859161376953,False,NVIDIA_GeForce_RTX_5060_Ti,16,
pvt_v2_b2,128,64,fp16,48.91019058227539,False,NVIDIA_GeForce_RTX_5060_Ti,16,
pvt_v2_b2,128,64,fp32,92.95728302001952,False,NVIDIA_GeForce_RTX_5060_Ti,16,
pvt_v2_b2,224,16,bf16,38.03948974609375,False,NVIDIA_GeForce_RTX_5060_Ti,16,
pvt_v2_b2,224,16,fp16,37.83262252807617,False,NVIDIA_GeForce_RTX_5060_Ti,16,
pvt_v2_b2,224,16,fp32,75.43576049804688,False,NVIDIA_GeForce_RTX_5060_Ti,16,
pvt_v2_b2,224,32,bf16,73.96022033691406,False,NVIDIA_GeForce_RTX_5060_Ti,16,
pvt_v2_b2,224,32,fp16,75.3031005859375,False,NVIDIA_GeForce_RTX_5060_Ti,16,
pvt_v2_b2,224,32,fp32,141.47535705566406,False,NVIDIA_GeForce_RTX_5060_Ti,16,
pvt_v2_b2,224,64,bf16,154.62660217285156,False,NVIDIA_GeForce_RTX_5060_Ti,16,
pvt_v2_b2,224,64,fp16,155.60354614257812,False,NVIDIA_GeForce_RTX_5060_Ti,16,
pvt_v2_b2,224,64,fp32,283.1656188964844,False,NVIDIA_GeForce_RTX_5060_Ti,16,
pvt_v2_b5,64,16,bf16,28.62571144104004,False,NVIDIA_GeForce_RTX_5060_Ti,16,
pvt_v2_b5,64,16,fp16,28.056320190429688,False,NVIDIA_GeForce_RTX_5060_Ti,16,
pvt_v2_b5,64,16,fp32,40.06769561767578,False,NVIDIA_GeForce_RTX_5060_Ti,16,
pvt_v2_b5,64,32,bf16,33.09577560424805,False,NVIDIA_GeForce_RTX_5060_Ti,16,
pvt_v2_b5,64,32,fp16,33.15345764160156,False,NVIDIA_GeForce_RTX_5060_Ti,16,
pvt_v2_b5,64,32,fp32,54.90179061889648,False,NVIDIA_GeForce_RTX_5060_Ti,16,
pvt_v2_b5,64,64,bf16,43.37022399902344,False,NVIDIA_GeForce_RTX_5060_Ti,16,
pvt_v2_b5,64,64,fp16,42.7067985534668,False,NVIDIA_GeForce_RTX_5060_Ti,16,
pvt_v2_b5,64,64,fp32,79.62908935546875,False,NVIDIA_GeForce_RTX_5060_Ti,16,
pvt_v2_b5,128,16,bf16,41.0993766784668,False,NVIDIA_GeForce_RTX_5060_Ti,16,
pvt_v2_b5,128,16,fp16,40.2496337890625,False,NVIDIA_GeForce_RTX_5060_Ti,16,
pvt_v2_b5,128,16,fp32,69.3944320678711,False,NVIDIA_GeForce_RTX_5060_Ti,16,
pvt_v2_b5,128,32,bf16,57.98735809326172,False,NVIDIA_GeForce_RTX_5060_Ti,16,
pvt_v2_b5,128,32,fp16,57.452144622802734,False,NVIDIA_GeForce_RTX_5060_Ti,16,
pvt_v2_b5,128,32,fp32,107.21052551269533,False,NVIDIA_GeForce_RTX_5060_Ti,16,
pvt_v2_b5,128,64,bf16,96.95999908447266,False,NVIDIA_GeForce_RTX_5060_Ti,16,
pvt_v2_b5,128,64,fp16,94.51461029052734,False,NVIDIA_GeForce_RTX_5060_Ti,16,
pvt_v2_b5,128,64,fp32,198.8885955810547,False,NVIDIA_GeForce_RTX_5060_Ti,16,
pvt_v2_b5,224,16,bf16,80.1219711303711,False,NVIDIA_GeForce_RTX_5060_Ti,16,
pvt_v2_b5,224,16,fp16,79.5248031616211,False,NVIDIA_GeForce_RTX_5060_Ti,16,
pvt_v2_b5,224,16,fp32,160.84597778320312,False,NVIDIA_GeForce_RTX_5060_Ti,16,
pvt_v2_b5,224,32,bf16,143.10000610351562,False,NVIDIA_GeForce_RTX_5060_Ti,16,
pvt_v2_b5,224,32,fp16,150.61520385742188,False,NVIDIA_GeForce_RTX_5060_Ti,16,
pvt_v2_b5,224,32,fp32,321.5374755859375,False,NVIDIA_GeForce_RTX_5060_Ti,16,
pvt_v2_b5,224,64,bf16,311.1220703125,False,NVIDIA_GeForce_RTX_5060_Ti,16,
pvt_v2_b5,224,64,fp16,314.9645690917969,False,NVIDIA_GeForce_RTX_5060_Ti,16,
pvt_v2_b5,224,64,fp32,,True,NVIDIA_GeForce_RTX_5060_Ti,16,
regnety_032,64,16,bf16,9.8722562789917,False,NVIDIA_GeForce_RTX_5060_Ti,16,
regnety_032,64,16,fp16,9.886735916137695,False,NVIDIA_GeForce_RTX_5060_Ti,16,
regnety_032,64,16,fp32,14.246944427490234,False,NVIDIA_GeForce_RTX_5060_Ti,16,
regnety_032,64,32,bf16,12.695216178894045,False,NVIDIA_GeForce_RTX_5060_Ti,16,
regnety_032,64,32,fp16,12.345503807067873,False,NVIDIA_GeForce_RTX_5060_Ti,16,
regnety_032,64,32,fp32,21.872528076171875,False,NVIDIA_GeForce_RTX_5060_Ti,16,
regnety_032,64,64,bf16,20.07969665527344,False,NVIDIA_GeForce_RTX_5060_Ti,16,
regnety_032,64,64,fp16,18.866863250732425,False,NVIDIA_GeForce_RTX_5060_Ti,16,
regnety_032,64,64,fp32,33.462799072265625,False,NVIDIA_GeForce_RTX_5060_Ti,16,
regnety_032,128,16,bf16,18.36414337158203,False,NVIDIA_GeForce_RTX_5060_Ti,16,
regnety_032,128,16,fp16,16.9036808013916,False,NVIDIA_GeForce_RTX_5060_Ti,16,
regnety_032,128,16,fp32,27.923152923583984,False,NVIDIA_GeForce_RTX_5060_Ti,16,
regnety_032,128,32,bf16,27.0937442779541,False,NVIDIA_GeForce_RTX_5060_Ti,16,
regnety_032,128,32,fp16,23.777807235717773,False,NVIDIA_GeForce_RTX_5060_Ti,16,
regnety_032,128,32,fp32,38.46867370605469,False,NVIDIA_GeForce_RTX_5060_Ti,16,
regnety_032,128,64,bf16,60.42443084716797,False,NVIDIA_GeForce_RTX_5060_Ti,16,
regnety_032,128,64,fp16,51.32353591918945,False,NVIDIA_GeForce_RTX_5060_Ti,16,
regnety_032,128,64,fp32,75.1209945678711,False,NVIDIA_GeForce_RTX_5060_Ti,16,
regnety_032,224,16,bf16,42.83137512207031,False,NVIDIA_GeForce_RTX_5060_Ti,16,
regnety_032,224,16,fp16,35.79216003417969,False,NVIDIA_GeForce_RTX_5060_Ti,16,
regnety_032,224,16,fp32,57.08643341064453,False,NVIDIA_GeForce_RTX_5060_Ti,16,
regnety_032,224,32,bf16,74.01747131347656,False,NVIDIA_GeForce_RTX_5060_Ti,16,
regnety_032,224,32,fp16,64.7502212524414,False,NVIDIA_GeForce_RTX_5060_Ti,16,
regnety_032,224,32,fp32,115.38384246826172,False,NVIDIA_GeForce_RTX_5060_Ti,16,
regnety_032,224,64,bf16,157.8907012939453,False,NVIDIA_GeForce_RTX_5060_Ti,16,
regnety_032,224,64,fp16,141.67596435546875,False,NVIDIA_GeForce_RTX_5060_Ti,16,
regnety_032,224,64,fp32,254.73562622070312,False,NVIDIA_GeForce_RTX_5060_Ti,16,
regnety_080,64,16,bf16,18.540512084960938,False,NVIDIA_GeForce_RTX_5060_Ti,16,
regnety_080,64,16,fp16,17.759695053100586,False,NVIDIA_GeForce_RTX_5060_Ti,16,
regnety_080,64,16,fp32,21.45150375366211,False,NVIDIA_GeForce_RTX_5060_Ti,16,
regnety_080,64,32,bf16,28.30975914001465,False,NVIDIA_GeForce_RTX_5060_Ti,16,
regnety_080,64,32,fp16,27.957263946533203,False,NVIDIA_GeForce_RTX_5060_Ti,16,
regnety_080,64,32,fp32,34.69868850708008,False,NVIDIA_GeForce_RTX_5060_Ti,16,
regnety_080,64,64,bf16,49.47724914550781,False,NVIDIA_GeForce_RTX_5060_Ti,16,
regnety_080,64,64,fp16,48.420047760009766,False,NVIDIA_GeForce_RTX_5060_Ti,16,
regnety_080,64,64,fp32,74.34785461425781,False,NVIDIA_GeForce_RTX_5060_Ti,16,
regnety_080,128,16,bf16,28.63539123535156,False,NVIDIA_GeForce_RTX_5060_Ti,16,
regnety_080,128,16,fp16,26.8862247467041,False,NVIDIA_GeForce_RTX_5060_Ti,16,
regnety_080,128,16,fp32,36.603553771972656,False,NVIDIA_GeForce_RTX_5060_Ti,16,
regnety_080,128,32,bf16,50.719200134277344,False,NVIDIA_GeForce_RTX_5060_Ti,16,
regnety_080,128,32,fp16,47.362064361572266,False,NVIDIA_GeForce_RTX_5060_Ti,16,
regnety_080,128,32,fp32,66.33214569091797,False,NVIDIA_GeForce_RTX_5060_Ti,16,
regnety_080,128,64,bf16,81.9732666015625,False,NVIDIA_GeForce_RTX_5060_Ti,16,
regnety_080,128,64,fp16,73.43766021728516,False,NVIDIA_GeForce_RTX_5060_Ti,16,
regnety_080,128,64,fp32,182.6380920410156,False,NVIDIA_GeForce_RTX_5060_Ti,16,
regnety_080,224,16,bf16,63.42985534667969,False,NVIDIA_GeForce_RTX_5060_Ti,16,
regnety_080,224,16,fp16,56.52280044555664,False,NVIDIA_GeForce_RTX_5060_Ti,16,
regnety_080,224,16,fp32,104.9487075805664,False,NVIDIA_GeForce_RTX_5060_Ti,16,
regnety_080,224,32,bf16,129.20651245117188,False,NVIDIA_GeForce_RTX_5060_Ti,16,
regnety_080,224,32,fp16,115.06483459472656,False,NVIDIA_GeForce_RTX_5060_Ti,16,
regnety_080,224,32,fp32,219.6895294189453,False,NVIDIA_GeForce_RTX_5060_Ti,16,
regnety_080,224,64,bf16,254.1029052734375,False,NVIDIA_GeForce_RTX_5060_Ti,16,
regnety_080,224,64,fp16,235.43942260742188,False,NVIDIA_GeForce_RTX_5060_Ti,16,
regnety_080,224,64,fp32,5889.0693359375,False,NVIDIA_GeForce_RTX_5060_Ti,16,precision_artifact
regnety_160,64,16,bf16,39.34793472290039,False,NVIDIA_GeForce_RTX_5060_Ti,16,
regnety_160,64,16,fp16,38.10513687133789,False,NVIDIA_GeForce_RTX_5060_Ti,16,
regnety_160,64,16,fp32,39.14982223510742,False,NVIDIA_GeForce_RTX_5060_Ti,16,
regnety_160,64,32,bf16,58.72054290771485,False,NVIDIA_GeForce_RTX_5060_Ti,16,
regnety_160,64,32,fp16,55.59172821044922,False,NVIDIA_GeForce_RTX_5060_Ti,16,
regnety_160,64,32,fp32,63.82753753662109,False,NVIDIA_GeForce_RTX_5060_Ti,16,
regnety_160,64,64,bf16,96.426513671875,False,NVIDIA_GeForce_RTX_5060_Ti,16,
regnety_160,64,64,fp16,89.51216125488281,False,NVIDIA_GeForce_RTX_5060_Ti,16,
regnety_160,64,64,fp32,91.68373107910156,False,NVIDIA_GeForce_RTX_5060_Ti,16,
regnety_160,128,16,bf16,55.45951843261719,False,NVIDIA_GeForce_RTX_5060_Ti,16,
regnety_160,128,16,fp16,52.40679931640625,False,NVIDIA_GeForce_RTX_5060_Ti,16,
regnety_160,128,16,fp32,57.858863830566406,False,NVIDIA_GeForce_RTX_5060_Ti,16,
regnety_160,128,32,bf16,91.6028823852539,False,NVIDIA_GeForce_RTX_5060_Ti,16,
regnety_160,128,32,fp16,85.76459503173828,False,NVIDIA_GeForce_RTX_5060_Ti,16,
regnety_160,128,32,fp32,121.60700988769533,False,NVIDIA_GeForce_RTX_5060_Ti,16,
regnety_160,128,64,bf16,168.19154357910156,False,NVIDIA_GeForce_RTX_5060_Ti,16,
regnety_160,128,64,fp16,158.06260681152344,False,NVIDIA_GeForce_RTX_5060_Ti,16,
regnety_160,128,64,fp32,239.88096618652344,False,NVIDIA_GeForce_RTX_5060_Ti,16,
regnety_160,224,16,bf16,106.7458724975586,False,NVIDIA_GeForce_RTX_5060_Ti,16,
regnety_160,224,16,fp16,98.10679626464844,False,NVIDIA_GeForce_RTX_5060_Ti,16,
regnety_160,224,16,fp32,171.78994750976562,False,NVIDIA_GeForce_RTX_5060_Ti,16,
regnety_160,224,32,bf16,193.4761962890625,False,NVIDIA_GeForce_RTX_5060_Ti,16,
regnety_160,224,32,fp16,179.83656311035156,False,NVIDIA_GeForce_RTX_5060_Ti,16,
regnety_160,224,32,fp32,344.8511962890625,False,NVIDIA_GeForce_RTX_5060_Ti,16,
regnety_160,224,64,bf16,389.0830993652344,False,NVIDIA_GeForce_RTX_5060_Ti,16,
regnety_160,224,64,fp16,367.98193359375,False,NVIDIA_GeForce_RTX_5060_Ti,16,
regnety_160,224,64,fp32,,True,NVIDIA_GeForce_RTX_5060_Ti,16,
regnety_320,64,16,bf16,58.59579086303711,False,NVIDIA_GeForce_RTX_5060_Ti,16,
regnety_320,64,16,fp16,57.11027145385742,False,NVIDIA_GeForce_RTX_5060_Ti,16,
regnety_320,64,16,fp32,73.57110595703125,False,NVIDIA_GeForce_RTX_5060_Ti,16,
regnety_320,64,32,bf16,83.8253402709961,False,NVIDIA_GeForce_RTX_5060_Ti,16,
regnety_320,64,32,fp16,79.71713256835938,False,NVIDIA_GeForce_RTX_5060_Ti,16,
regnety_320,64,32,fp32,101.29417419433594,False,NVIDIA_GeForce_RTX_5060_Ti,16,
regnety_320,64,64,bf16,137.04721069335938,False,NVIDIA_GeForce_RTX_5060_Ti,16,
regnety_320,64,64,fp16,128.3622589111328,False,NVIDIA_GeForce_RTX_5060_Ti,16,
regnety_320,64,64,fp32,150.5706329345703,False,NVIDIA_GeForce_RTX_5060_Ti,16,
regnety_320,128,16,bf16,77.34102630615234,False,NVIDIA_GeForce_RTX_5060_Ti,16,
regnety_320,128,16,fp16,74.40409851074219,False,NVIDIA_GeForce_RTX_5060_Ti,16,
regnety_320,128,16,fp32,110.58139038085938,False,NVIDIA_GeForce_RTX_5060_Ti,16,
regnety_320,128,32,bf16,130.16818237304688,False,NVIDIA_GeForce_RTX_5060_Ti,16,
regnety_320,128,32,fp16,125.15750122070312,False,NVIDIA_GeForce_RTX_5060_Ti,16,
regnety_320,128,32,fp32,201.4645538330078,False,NVIDIA_GeForce_RTX_5060_Ti,16,
regnety_320,128,64,bf16,240.81381225585935,False,NVIDIA_GeForce_RTX_5060_Ti,16,
regnety_320,128,64,fp16,232.7478179931641,False,NVIDIA_GeForce_RTX_5060_Ti,16,
regnety_320,128,64,fp32,387.8135986328125,False,NVIDIA_GeForce_RTX_5060_Ti,16,
regnety_320,224,16,bf16,164.9128875732422,False,NVIDIA_GeForce_RTX_5060_Ti,16,
regnety_320,224,16,fp16,155.64898681640625,False,NVIDIA_GeForce_RTX_5060_Ti,16,
regnety_320,224,16,fp32,283.1000366210937,False,NVIDIA_GeForce_RTX_5060_Ti,16,
regnety_320,224,32,bf16,297.0581359863281,False,NVIDIA_GeForce_RTX_5060_Ti,16,
regnety_320,224,32,fp16,283.00103759765625,False,NVIDIA_GeForce_RTX_5060_Ti,16,
regnety_320,224,32,fp32,575.581787109375,False,NVIDIA_GeForce_RTX_5060_Ti,16,
regnety_320,224,64,bf16,580.7549438476562,False,NVIDIA_GeForce_RTX_5060_Ti,16,
regnety_320,224,64,fp16,557.42578125,False,NVIDIA_GeForce_RTX_5060_Ti,16,
regnety_320,224,64,fp32,,True,NVIDIA_GeForce_RTX_5060_Ti,16,
repvgg_a2,64,16,bf16,8.441535949707031,False,NVIDIA_GeForce_RTX_5060_Ti,16,
repvgg_a2,64,16,fp16,8.173999786376953,False,NVIDIA_GeForce_RTX_5060_Ti,16,
repvgg_a2,64,16,fp32,10.888976097106934,False,NVIDIA_GeForce_RTX_5060_Ti,16,
repvgg_a2,64,32,bf16,10.359807968139648,False,NVIDIA_GeForce_RTX_5060_Ti,16,
repvgg_a2,64,32,fp16,9.728879928588867,False,NVIDIA_GeForce_RTX_5060_Ti,16,
repvgg_a2,64,32,fp32,17.088560104370117,False,NVIDIA_GeForce_RTX_5060_Ti,16,
repvgg_a2,64,64,bf16,15.435343742370604,False,NVIDIA_GeForce_RTX_5060_Ti,16,
repvgg_a2,64,64,fp16,14.17788791656494,False,NVIDIA_GeForce_RTX_5060_Ti,16,
repvgg_a2,64,64,fp32,23.98924827575684,False,NVIDIA_GeForce_RTX_5060_Ti,16,
repvgg_a2,128,16,bf16,13.211296081542969,False,NVIDIA_GeForce_RTX_5060_Ti,16,
repvgg_a2,128,16,fp16,12.400416374206545,False,NVIDIA_GeForce_RTX_5060_Ti,16,
repvgg_a2,128,16,fp32,18.927520751953125,False,NVIDIA_GeForce_RTX_5060_Ti,16,
repvgg_a2,128,32,bf16,20.19603157043457,False,NVIDIA_GeForce_RTX_5060_Ti,16,
repvgg_a2,128,32,fp16,18.751855850219727,False,NVIDIA_GeForce_RTX_5060_Ti,16,
repvgg_a2,128,32,fp32,32.14619064331055,False,NVIDIA_GeForce_RTX_5060_Ti,16,
repvgg_a2,128,64,bf16,36.99915313720703,False,NVIDIA_GeForce_RTX_5060_Ti,16,
repvgg_a2,128,64,fp16,34.6186408996582,False,NVIDIA_GeForce_RTX_5060_Ti,16,
repvgg_a2,128,64,fp32,58.70380783081055,False,NVIDIA_GeForce_RTX_5060_Ti,16,
repvgg_a2,224,16,bf16,28.68819236755371,False,NVIDIA_GeForce_RTX_5060_Ti,16,
repvgg_a2,224,16,fp16,26.57918357849121,False,NVIDIA_GeForce_RTX_5060_Ti,16,
repvgg_a2,224,16,fp32,46.54899215698242,False,NVIDIA_GeForce_RTX_5060_Ti,16,
repvgg_a2,224,32,bf16,53.84897613525391,False,NVIDIA_GeForce_RTX_5060_Ti,16,
repvgg_a2,224,32,fp16,49.81744003295898,False,NVIDIA_GeForce_RTX_5060_Ti,16,
repvgg_a2,224,32,fp32,94.5064926147461,False,NVIDIA_GeForce_RTX_5060_Ti,16,
repvgg_a2,224,64,bf16,107.4550552368164,False,NVIDIA_GeForce_RTX_5060_Ti,16,
repvgg_a2,224,64,fp16,99.75587463378906,False,NVIDIA_GeForce_RTX_5060_Ti,16,
repvgg_a2,224,64,fp32,192.1352996826172,False,NVIDIA_GeForce_RTX_5060_Ti,16,
resmlp_24_224,64,16,bf16,8.429056167602539,False,NVIDIA_GeForce_RTX_5060_Ti,16,
resmlp_24_224,64,16,fp16,8.359264373779297,False,NVIDIA_GeForce_RTX_5060_Ti,16,
resmlp_24_224,64,16,fp32,11.331263542175291,False,NVIDIA_GeForce_RTX_5060_Ti,16,
resmlp_24_224,64,32,bf16,10.23361587524414,False,NVIDIA_GeForce_RTX_5060_Ti,16,
resmlp_24_224,64,32,fp16,10.091936111450195,False,NVIDIA_GeForce_RTX_5060_Ti,16,
resmlp_24_224,64,32,fp32,16.18172836303711,False,NVIDIA_GeForce_RTX_5060_Ti,16,
resmlp_24_224,64,64,bf16,13.223376274108888,False,NVIDIA_GeForce_RTX_5060_Ti,16,
resmlp_24_224,64,64,fp16,12.984064102172852,False,NVIDIA_GeForce_RTX_5060_Ti,16,
resmlp_24_224,64,64,fp32,24.04790306091309,False,NVIDIA_GeForce_RTX_5060_Ti,16,
resmlp_24_224,128,16,bf16,13.497232437133787,False,NVIDIA_GeForce_RTX_5060_Ti,16,
resmlp_24_224,128,16,fp16,13.38657569885254,False,NVIDIA_GeForce_RTX_5060_Ti,16,
resmlp_24_224,128,16,fp32,22.82961654663086,False,NVIDIA_GeForce_RTX_5060_Ti,16,
resmlp_24_224,128,32,bf16,20.814512252807617,False,NVIDIA_GeForce_RTX_5060_Ti,16,
resmlp_24_224,128,32,fp16,20.680944442749023,False,NVIDIA_GeForce_RTX_5060_Ti,16,
resmlp_24_224,128,32,fp32,40.32521438598633,False,NVIDIA_GeForce_RTX_5060_Ti,16,
resmlp_24_224,128,64,bf16,36.104400634765625,False,NVIDIA_GeForce_RTX_5060_Ti,16,
resmlp_24_224,128,64,fp16,35.68787384033203,False,NVIDIA_GeForce_RTX_5060_Ti,16,
resmlp_24_224,128,64,fp32,76.7548828125,False,NVIDIA_GeForce_RTX_5060_Ti,16,
resmlp_24_224,224,16,bf16,30.73510360717773,False,NVIDIA_GeForce_RTX_5060_Ti,16,
resmlp_24_224,224,16,fp16,30.4040641784668,False,NVIDIA_GeForce_RTX_5060_Ti,16,
resmlp_24_224,224,16,fp32,63.29087829589844,False,NVIDIA_GeForce_RTX_5060_Ti,16,
resmlp_24_224,224,32,bf16,57.200721740722656,False,NVIDIA_GeForce_RTX_5060_Ti,16,
resmlp_24_224,224,32,fp16,56.88888168334961,False,NVIDIA_GeForce_RTX_5060_Ti,16,
resmlp_24_224,224,32,fp32,127.86283111572266,False,NVIDIA_GeForce_RTX_5060_Ti,16,
resmlp_24_224,224,64,bf16,128.45118713378906,False,NVIDIA_GeForce_RTX_5060_Ti,16,
resmlp_24_224,224,64,fp16,130.395263671875,False,NVIDIA_GeForce_RTX_5060_Ti,16,
resmlp_24_224,224,64,fp32,260.6199645996094,False,NVIDIA_GeForce_RTX_5060_Ti,16,
resnet101,64,16,bf16,15.448304176330566,False,NVIDIA_GeForce_RTX_5060_Ti,16,
resnet101,64,16,fp16,14.530447959899902,False,NVIDIA_GeForce_RTX_5060_Ti,16,
resnet101,64,16,fp32,22.603071212768555,False,NVIDIA_GeForce_RTX_5060_Ti,16,
resnet101,64,32,bf16,21.922176361083984,False,NVIDIA_GeForce_RTX_5060_Ti,16,
resnet101,64,32,fp16,19.865455627441406,False,NVIDIA_GeForce_RTX_5060_Ti,16,
resnet101,64,32,fp32,32.106910705566406,False,NVIDIA_GeForce_RTX_5060_Ti,16,
resnet101,64,64,bf16,38.82212829589844,False,NVIDIA_GeForce_RTX_5060_Ti,16,
resnet101,64,64,fp16,34.361839294433594,False,NVIDIA_GeForce_RTX_5060_Ti,16,
resnet101,64,64,fp32,55.35555267333984,False,NVIDIA_GeForce_RTX_5060_Ti,16,
resnet101,128,16,bf16,23.646896362304688,False,NVIDIA_GeForce_RTX_5060_Ti,16,
resnet101,128,16,fp16,20.22372817993164,False,NVIDIA_GeForce_RTX_5060_Ti,16,
resnet101,128,16,fp32,31.85619163513184,False,NVIDIA_GeForce_RTX_5060_Ti,16,
resnet101,128,32,bf16,39.089454650878906,False,NVIDIA_GeForce_RTX_5060_Ti,16,
resnet101,128,32,fp16,33.36822509765625,False,NVIDIA_GeForce_RTX_5060_Ti,16,
resnet101,128,32,fp32,59.14468765258789,False,NVIDIA_GeForce_RTX_5060_Ti,16,
resnet101,128,64,bf16,75.49037170410156,False,NVIDIA_GeForce_RTX_5060_Ti,16,
resnet101,128,64,fp16,65.7037124633789,False,NVIDIA_GeForce_RTX_5060_Ti,16,
resnet101,128,64,fp32,112.63961791992188,False,NVIDIA_GeForce_RTX_5060_Ti,16,
resnet101,224,16,bf16,47.65465545654297,False,NVIDIA_GeForce_RTX_5060_Ti,16,
resnet101,224,16,fp16,42.64998245239258,False,NVIDIA_GeForce_RTX_5060_Ti,16,
resnet101,224,16,fp32,77.75943756103516,False,NVIDIA_GeForce_RTX_5060_Ti,16,
resnet101,224,32,bf16,92.97267150878906,False,NVIDIA_GeForce_RTX_5060_Ti,16,
resnet101,224,32,fp16,83.4990234375,False,NVIDIA_GeForce_RTX_5060_Ti,16,
resnet101,224,32,fp32,160.388427734375,False,NVIDIA_GeForce_RTX_5060_Ti,16,
resnet101,224,64,bf16,188.38348388671875,False,NVIDIA_GeForce_RTX_5060_Ti,16,
resnet101,224,64,fp16,172.03286743164062,False,NVIDIA_GeForce_RTX_5060_Ti,16,
resnet101,224,64,fp32,338.6983947753906,False,NVIDIA_GeForce_RTX_5060_Ti,16,
resnet152,64,16,bf16,21.9945125579834,False,NVIDIA_GeForce_RTX_5060_Ti,16,
resnet152,64,16,fp16,20.795167922973636,False,NVIDIA_GeForce_RTX_5060_Ti,16,
resnet152,64,16,fp32,31.530672073364254,False,NVIDIA_GeForce_RTX_5060_Ti,16,
resnet152,64,32,bf16,31.506336212158203,False,NVIDIA_GeForce_RTX_5060_Ti,16,
resnet152,64,32,fp16,28.09111976623535,False,NVIDIA_GeForce_RTX_5060_Ti,16,
resnet152,64,32,fp32,44.5840950012207,False,NVIDIA_GeForce_RTX_5060_Ti,16,
resnet152,64,64,bf16,56.669921875,False,NVIDIA_GeForce_RTX_5060_Ti,16,
resnet152,64,64,fp16,50.76831817626953,False,NVIDIA_GeForce_RTX_5060_Ti,16,
resnet152,64,64,fp32,77.89472198486328,False,NVIDIA_GeForce_RTX_5060_Ti,16,
resnet152,128,16,bf16,34.43843078613281,False,NVIDIA_GeForce_RTX_5060_Ti,16,
resnet152,128,16,fp16,28.610048294067383,False,NVIDIA_GeForce_RTX_5060_Ti,16,
resnet152,128,16,fp32,44.93417739868164,False,NVIDIA_GeForce_RTX_5060_Ti,16,
resnet152,128,32,bf16,56.71958541870117,False,NVIDIA_GeForce_RTX_5060_Ti,16,
resnet152,128,32,fp16,47.66166305541992,False,NVIDIA_GeForce_RTX_5060_Ti,16,
resnet152,128,32,fp32,82.62675476074219,False,NVIDIA_GeForce_RTX_5060_Ti,16,
resnet152,128,64,bf16,107.87289428710938,False,NVIDIA_GeForce_RTX_5060_Ti,16,
resnet152,128,64,fp16,93.35517120361328,False,NVIDIA_GeForce_RTX_5060_Ti,16,
resnet152,128,64,fp32,156.119873046875,False,NVIDIA_GeForce_RTX_5060_Ti,16,
resnet152,224,16,bf16,66.42638397216797,False,NVIDIA_GeForce_RTX_5060_Ti,16,
resnet152,224,16,fp16,59.505008697509766,False,NVIDIA_GeForce_RTX_5060_Ti,16,
resnet152,224,16,fp32,107.48458862304688,False,NVIDIA_GeForce_RTX_5060_Ti,16,
resnet152,224,32,bf16,127.65705871582033,False,NVIDIA_GeForce_RTX_5060_Ti,16,
resnet152,224,32,fp16,116.11326599121094,False,NVIDIA_GeForce_RTX_5060_Ti,16,
resnet152,224,32,fp32,224.20755004882807,False,NVIDIA_GeForce_RTX_5060_Ti,16,
resnet152,224,64,bf16,264.2003479003906,False,NVIDIA_GeForce_RTX_5060_Ti,16,
resnet152,224,64,fp16,240.45265197753903,False,NVIDIA_GeForce_RTX_5060_Ti,16,
resnet152,224,64,fp32,594.3561401367188,False,NVIDIA_GeForce_RTX_5060_Ti,16,
resnet18,64,16,bf16,3.4113121032714844,False,NVIDIA_GeForce_RTX_5060_Ti,16,
resnet18,64,16,fp16,3.310528039932251,False,NVIDIA_GeForce_RTX_5060_Ti,16,
resnet18,64,16,fp32,5.25270414352417,False,NVIDIA_GeForce_RTX_5060_Ti,16,
resnet18,64,32,bf16,3.914112091064453,False,NVIDIA_GeForce_RTX_5060_Ti,16,
resnet18,64,32,fp16,3.718719959259033,False,NVIDIA_GeForce_RTX_5060_Ti,16,
resnet18,64,32,fp32,7.424975872039795,False,NVIDIA_GeForce_RTX_5060_Ti,16,
resnet18,64,64,bf16,5.191391944885254,False,NVIDIA_GeForce_RTX_5060_Ti,16,
resnet18,64,64,fp16,4.792304039001465,False,NVIDIA_GeForce_RTX_5060_Ti,16,
resnet18,64,64,fp32,12.46343994140625,False,NVIDIA_GeForce_RTX_5060_Ti,16,
resnet18,128,16,bf16,5.001984119415283,False,NVIDIA_GeForce_RTX_5060_Ti,16,
resnet18,128,16,fp16,4.783088207244873,False,NVIDIA_GeForce_RTX_5060_Ti,16,
resnet18,128,16,fp32,7.4751200675964355,False,NVIDIA_GeForce_RTX_5060_Ti,16,
resnet18,128,32,bf16,8.022480010986328,False,NVIDIA_GeForce_RTX_5060_Ti,16,
resnet18,128,32,fp16,7.59827184677124,False,NVIDIA_GeForce_RTX_5060_Ti,16,
resnet18,128,32,fp32,11.300463676452637,False,NVIDIA_GeForce_RTX_5060_Ti,16,
resnet18,128,64,bf16,13.398816108703612,False,NVIDIA_GeForce_RTX_5060_Ti,16,
resnet18,128,64,fp16,12.616512298583984,False,NVIDIA_GeForce_RTX_5060_Ti,16,
resnet18,128,64,fp32,24.512752532958984,False,NVIDIA_GeForce_RTX_5060_Ti,16,
resnet18,224,16,bf16,10.48799991607666,False,NVIDIA_GeForce_RTX_5060_Ti,16,
resnet18,224,16,fp16,10.005375862121582,False,NVIDIA_GeForce_RTX_5060_Ti,16,
resnet18,224,16,fp32,16.9507999420166,False,NVIDIA_GeForce_RTX_5060_Ti,16,
resnet18,224,32,bf16,19.326351165771484,False,NVIDIA_GeForce_RTX_5060_Ti,16,
resnet18,224,32,fp16,18.64918327331543,False,NVIDIA_GeForce_RTX_5060_Ti,16,
resnet18,224,32,fp32,33.782718658447266,False,NVIDIA_GeForce_RTX_5060_Ti,16,
resnet18,224,64,bf16,39.94254302978516,False,NVIDIA_GeForce_RTX_5060_Ti,16,
resnet18,224,64,fp16,37.413230895996094,False,NVIDIA_GeForce_RTX_5060_Ti,16,
resnet18,224,64,fp32,72.27403259277344,False,NVIDIA_GeForce_RTX_5060_Ti,16,
resnet200,64,16,bf16,25.61510467529297,False,NVIDIA_GeForce_RTX_5060_Ti,16,
resnet200,64,16,fp16,23.95356750488281,False,NVIDIA_GeForce_RTX_5060_Ti,16,
resnet200,64,16,fp32,36.26700973510742,False,NVIDIA_GeForce_RTX_5060_Ti,16,
resnet200,64,32,bf16,37.04934310913086,False,NVIDIA_GeForce_RTX_5060_Ti,16,
resnet200,64,32,fp16,33.17416000366211,False,NVIDIA_GeForce_RTX_5060_Ti,16,
resnet200,64,32,fp32,52.33134460449219,False,NVIDIA_GeForce_RTX_5060_Ti,16,
resnet200,64,64,bf16,65.445068359375,False,NVIDIA_GeForce_RTX_5060_Ti,16,
resnet200,64,64,fp16,57.865631103515625,False,NVIDIA_GeForce_RTX_5060_Ti,16,
resnet200,64,64,fp32,92.5095672607422,False,NVIDIA_GeForce_RTX_5060_Ti,16,
resnet200,128,16,bf16,42.11057662963867,False,NVIDIA_GeForce_RTX_5060_Ti,16,
resnet200,128,16,fp16,34.8092155456543,False,NVIDIA_GeForce_RTX_5060_Ti,16,
resnet200,128,16,fp32,54.938209533691406,False,NVIDIA_GeForce_RTX_5060_Ti,16,
resnet200,128,32,bf16,73.0525894165039,False,NVIDIA_GeForce_RTX_5060_Ti,16,
resnet200,128,32,fp16,60.37041473388672,False,NVIDIA_GeForce_RTX_5060_Ti,16,
resnet200,128,32,fp32,102.20193481445312,False,NVIDIA_GeForce_RTX_5060_Ti,16,
resnet200,128,64,bf16,134.22352600097656,False,NVIDIA_GeForce_RTX_5060_Ti,16,
resnet200,128,64,fp16,115.64891052246094,False,NVIDIA_GeForce_RTX_5060_Ti,16,
resnet200,128,64,fp32,204.9134979248047,False,NVIDIA_GeForce_RTX_5060_Ti,16,
resnet200,224,16,bf16,89.8647689819336,False,NVIDIA_GeForce_RTX_5060_Ti,16,
resnet200,224,16,fp16,75.62897491455078,False,NVIDIA_GeForce_RTX_5060_Ti,16,
resnet200,224,16,fp32,139.27085876464844,False,NVIDIA_GeForce_RTX_5060_Ti,16,
resnet200,224,32,bf16,175.6621551513672,False,NVIDIA_GeForce_RTX_5060_Ti,16,
resnet200,224,32,fp16,152.34732055664062,False,NVIDIA_GeForce_RTX_5060_Ti,16,
resnet200,224,32,fp32,302.7542419433594,False,NVIDIA_GeForce_RTX_5060_Ti,16,
resnet200,224,64,bf16,357.7217102050781,False,NVIDIA_GeForce_RTX_5060_Ti,16,
resnet200,224,64,fp16,328.5393371582031,False,NVIDIA_GeForce_RTX_5060_Ti,16,
resnet200,224,64,fp32,,True,NVIDIA_GeForce_RTX_5060_Ti,16,
resnet50,64,16,bf16,8.126784324645996,False,NVIDIA_GeForce_RTX_5060_Ti,16,
resnet50,64,16,fp16,7.623663902282715,False,NVIDIA_GeForce_RTX_5060_Ti,16,
resnet50,64,16,fp32,12.040160179138184,False,NVIDIA_GeForce_RTX_5060_Ti,16,
resnet50,64,32,bf16,10.91204833984375,False,NVIDIA_GeForce_RTX_5060_Ti,16,
resnet50,64,32,fp16,9.673935890197754,False,NVIDIA_GeForce_RTX_5060_Ti,16,
resnet50,64,32,fp32,17.638559341430664,False,NVIDIA_GeForce_RTX_5060_Ti,16,
resnet50,64,64,bf16,18.17006492614746,False,NVIDIA_GeForce_RTX_5060_Ti,16,
resnet50,64,64,fp16,15.42204761505127,False,NVIDIA_GeForce_RTX_5060_Ti,16,
resnet50,64,64,fp32,30.496383666992188,False,NVIDIA_GeForce_RTX_5060_Ti,16,
resnet50,128,16,bf16,12.838543891906738,False,NVIDIA_GeForce_RTX_5060_Ti,16,
resnet50,128,16,fp16,10.967408180236816,False,NVIDIA_GeForce_RTX_5060_Ti,16,
resnet50,128,16,fp32,18.964847564697266,False,NVIDIA_GeForce_RTX_5060_Ti,16,
resnet50,128,32,bf16,21.68323135375977,False,NVIDIA_GeForce_RTX_5060_Ti,16,
resnet50,128,32,fp16,18.44046401977539,False,NVIDIA_GeForce_RTX_5060_Ti,16,
resnet50,128,32,fp32,35.28855895996094,False,NVIDIA_GeForce_RTX_5060_Ti,16,
resnet50,128,64,bf16,42.01275253295898,False,NVIDIA_GeForce_RTX_5060_Ti,16,
resnet50,128,64,fp16,36.6102409362793,False,NVIDIA_GeForce_RTX_5060_Ti,16,
resnet50,128,64,fp32,72.03150177001953,False,NVIDIA_GeForce_RTX_5060_Ti,16,
resnet50,224,16,bf16,29.571311950683597,False,NVIDIA_GeForce_RTX_5060_Ti,16,
resnet50,224,16,fp16,25.424144744873047,False,NVIDIA_GeForce_RTX_5060_Ti,16,
resnet50,224,16,fp32,49.88723373413086,False,NVIDIA_GeForce_RTX_5060_Ti,16,
resnet50,224,32,bf16,59.40288162231445,False,NVIDIA_GeForce_RTX_5060_Ti,16,
resnet50,224,32,fp16,52.54604721069336,False,NVIDIA_GeForce_RTX_5060_Ti,16,
resnet50,224,32,fp32,100.96949005126952,False,NVIDIA_GeForce_RTX_5060_Ti,16,
resnet50,224,64,bf16,122.34124755859376,False,NVIDIA_GeForce_RTX_5060_Ti,16,
resnet50,224,64,fp16,111.08905792236328,False,NVIDIA_GeForce_RTX_5060_Ti,16,
resnet50,224,64,fp32,213.59085083007807,False,NVIDIA_GeForce_RTX_5060_Ti,16,
resnext101_64x4d,64,16,bf16,39.2716178894043,False,NVIDIA_GeForce_RTX_5060_Ti,16,
resnext101_64x4d,64,16,fp16,36.186622619628906,False,NVIDIA_GeForce_RTX_5060_Ti,16,
resnext101_64x4d,64,16,fp32,66.87687683105469,False,NVIDIA_GeForce_RTX_5060_Ti,16,
resnext101_64x4d,64,32,bf16,64.43353271484375,False,NVIDIA_GeForce_RTX_5060_Ti,16,
resnext101_64x4d,64,32,fp16,57.03268814086914,False,NVIDIA_GeForce_RTX_5060_Ti,16,
resnext101_64x4d,64,32,fp32,95.6786880493164,False,NVIDIA_GeForce_RTX_5060_Ti,16,
resnext101_64x4d,64,64,bf16,112.94416046142578,False,NVIDIA_GeForce_RTX_5060_Ti,16,
resnext101_64x4d,64,64,fp16,100.8787841796875,False,NVIDIA_GeForce_RTX_5060_Ti,16,
resnext101_64x4d,64,64,fp32,166.99893188476562,False,NVIDIA_GeForce_RTX_5060_Ti,16,
resnext101_64x4d,128,16,bf16,54.63131332397461,False,NVIDIA_GeForce_RTX_5060_Ti,16,
resnext101_64x4d,128,16,fp16,46.49425506591797,False,NVIDIA_GeForce_RTX_5060_Ti,16,
resnext101_64x4d,128,16,fp32,100.05239868164062,False,NVIDIA_GeForce_RTX_5060_Ti,16,
resnext101_64x4d,128,32,bf16,67.39717102050781,False,NVIDIA_GeForce_RTX_5060_Ti,16,
resnext101_64x4d,128,32,fp16,53.667327880859375,False,NVIDIA_GeForce_RTX_5060_Ti,16,
resnext101_64x4d,128,32,fp32,116.72663879394533,False,NVIDIA_GeForce_RTX_5060_Ti,16,
resnext101_64x4d,128,64,bf16,155.012939453125,False,NVIDIA_GeForce_RTX_5060_Ti,16,
resnext101_64x4d,128,64,fp16,127.55254364013672,False,NVIDIA_GeForce_RTX_5060_Ti,16,
resnext101_64x4d,128,64,fp32,223.2796630859375,False,NVIDIA_GeForce_RTX_5060_Ti,16,
resnext101_64x4d,224,16,bf16,115.72064208984376,False,NVIDIA_GeForce_RTX_5060_Ti,16,
resnext101_64x4d,224,16,fp16,95.7620620727539,False,NVIDIA_GeForce_RTX_5060_Ti,16,
resnext101_64x4d,224,16,fp32,182.3462829589844,False,NVIDIA_GeForce_RTX_5060_Ti,16,
resnext101_64x4d,224,32,bf16,203.2027587890625,False,NVIDIA_GeForce_RTX_5060_Ti,16,
resnext101_64x4d,224,32,fp16,174.79466247558594,False,NVIDIA_GeForce_RTX_5060_Ti,16,
resnext101_64x4d,224,32,fp32,367.3846130371094,False,NVIDIA_GeForce_RTX_5060_Ti,16,
resnext101_64x4d,224,64,bf16,413.62744140625,False,NVIDIA_GeForce_RTX_5060_Ti,16,
resnext101_64x4d,224,64,fp16,363.8490905761719,False,NVIDIA_GeForce_RTX_5060_Ti,16,
resnext101_64x4d,224,64,fp32,,True,NVIDIA_GeForce_RTX_5060_Ti,16,
resnext50_32x4d,64,16,bf16,9.448528289794922,False,NVIDIA_GeForce_RTX_5060_Ti,16,
resnext50_32x4d,64,16,fp16,8.534159660339355,False,NVIDIA_GeForce_RTX_5060_Ti,16,
resnext50_32x4d,64,16,fp32,17.562816619873047,False,NVIDIA_GeForce_RTX_5060_Ti,16,
resnext50_32x4d,64,32,bf16,14.387295722961426,False,NVIDIA_GeForce_RTX_5060_Ti,16,
resnext50_32x4d,64,32,fp16,12.163023948669434,False,NVIDIA_GeForce_RTX_5060_Ti,16,
resnext50_32x4d,64,32,fp32,24.635055541992188,False,NVIDIA_GeForce_RTX_5060_Ti,16,
resnext50_32x4d,64,64,bf16,24.792383193969727,False,NVIDIA_GeForce_RTX_5060_Ti,16,
resnext50_32x4d,64,64,fp16,20.38849639892578,False,NVIDIA_GeForce_RTX_5060_Ti,16,
resnext50_32x4d,64,64,fp32,40.30763244628906,False,NVIDIA_GeForce_RTX_5060_Ti,16,
resnext50_32x4d,128,16,bf16,16.170656204223633,False,NVIDIA_GeForce_RTX_5060_Ti,16,
resnext50_32x4d,128,16,fp16,13.20852756500244,False,NVIDIA_GeForce_RTX_5060_Ti,16,
resnext50_32x4d,128,16,fp32,29.902816772460938,False,NVIDIA_GeForce_RTX_5060_Ti,16,
resnext50_32x4d,128,32,bf16,27.33683204650879,False,NVIDIA_GeForce_RTX_5060_Ti,16,
resnext50_32x4d,128,32,fp16,20.79657554626465,False,NVIDIA_GeForce_RTX_5060_Ti,16,
resnext50_32x4d,128,32,fp32,46.06068801879883,False,NVIDIA_GeForce_RTX_5060_Ti,16,
resnext50_32x4d,128,64,bf16,57.27571105957031,False,NVIDIA_GeForce_RTX_5060_Ti,16,
resnext50_32x4d,128,64,fp16,46.6036491394043,False,NVIDIA_GeForce_RTX_5060_Ti,16,
resnext50_32x4d,128,64,fp32,90.03736114501953,False,NVIDIA_GeForce_RTX_5060_Ti,16,
resnext50_32x4d,224,16,bf16,40.5928955078125,False,NVIDIA_GeForce_RTX_5060_Ti,16,
resnext50_32x4d,224,16,fp16,32.09446334838867,False,NVIDIA_GeForce_RTX_5060_Ti,16,
resnext50_32x4d,224,16,fp32,67.86548614501953,False,NVIDIA_GeForce_RTX_5060_Ti,16,
resnext50_32x4d,224,32,bf16,80.56694030761719,False,NVIDIA_GeForce_RTX_5060_Ti,16,
resnext50_32x4d,224,32,fp16,64.69812774658203,False,NVIDIA_GeForce_RTX_5060_Ti,16,
resnext50_32x4d,224,32,fp32,138.8360137939453,False,NVIDIA_GeForce_RTX_5060_Ti,16,
resnext50_32x4d,224,64,bf16,165.04522705078125,False,NVIDIA_GeForce_RTX_5060_Ti,16,
resnext50_32x4d,224,64,fp16,141.7013397216797,False,NVIDIA_GeForce_RTX_5060_Ti,16,
resnext50_32x4d,224,64,fp32,279.1858215332031,False,NVIDIA_GeForce_RTX_5060_Ti,16,
swin_base_patch4_window7_224,64,16,bf16,20.648271560668945,False,NVIDIA_GeForce_RTX_5060_Ti,16,
swin_base_patch4_window7_224,64,16,fp16,20.37665557861328,False,NVIDIA_GeForce_RTX_5060_Ti,16,
swin_base_patch4_window7_224,64,16,fp32,26.77521514892578,False,NVIDIA_GeForce_RTX_5060_Ti,16,
swin_base_patch4_window7_224,64,32,bf16,26.00779151916504,False,NVIDIA_GeForce_RTX_5060_Ti,16,
swin_base_patch4_window7_224,64,32,fp16,25.530895233154297,False,NVIDIA_GeForce_RTX_5060_Ti,16,
swin_base_patch4_window7_224,64,32,fp32,40.49273681640625,False,NVIDIA_GeForce_RTX_5060_Ti,16,
swin_base_patch4_window7_224,64,64,bf16,37.62836837768555,False,NVIDIA_GeForce_RTX_5060_Ti,16,
swin_base_patch4_window7_224,64,64,fp16,36.97233581542969,False,NVIDIA_GeForce_RTX_5060_Ti,16,
swin_base_patch4_window7_224,64,64,fp32,69.55441284179688,False,NVIDIA_GeForce_RTX_5060_Ti,16,
swin_base_patch4_window7_224,128,16,bf16,47.98912048339844,False,NVIDIA_GeForce_RTX_5060_Ti,16,
swin_base_patch4_window7_224,128,16,fp16,46.88969421386719,False,NVIDIA_GeForce_RTX_5060_Ti,16,
swin_base_patch4_window7_224,128,16,fp32,88.96630096435547,False,NVIDIA_GeForce_RTX_5060_Ti,16,
swin_base_patch4_window7_224,128,32,bf16,89.12744140625,False,NVIDIA_GeForce_RTX_5060_Ti,16,
swin_base_patch4_window7_224,128,32,fp16,86.9119873046875,False,NVIDIA_GeForce_RTX_5060_Ti,16,
swin_base_patch4_window7_224,128,32,fp32,176.62225341796875,False,NVIDIA_GeForce_RTX_5060_Ti,16,
swin_base_patch4_window7_224,128,64,bf16,190.4936370849609,False,NVIDIA_GeForce_RTX_5060_Ti,16,
swin_base_patch4_window7_224,128,64,fp16,187.850341796875,False,NVIDIA_GeForce_RTX_5060_Ti,16,
swin_base_patch4_window7_224,128,64,fp32,366.9665832519531,False,NVIDIA_GeForce_RTX_5060_Ti,16,
swin_base_patch4_window7_224,224,16,bf16,83.72174072265625,False,NVIDIA_GeForce_RTX_5060_Ti,16,
swin_base_patch4_window7_224,224,16,fp16,83.93351745605469,False,NVIDIA_GeForce_RTX_5060_Ti,16,
swin_base_patch4_window7_224,224,16,fp32,171.58355712890625,False,NVIDIA_GeForce_RTX_5060_Ti,16,
swin_base_patch4_window7_224,224,32,bf16,171.18785095214844,False,NVIDIA_GeForce_RTX_5060_Ti,16,
swin_base_patch4_window7_224,224,32,fp16,168.40724182128906,False,NVIDIA_GeForce_RTX_5060_Ti,16,
swin_base_patch4_window7_224,224,32,fp32,341.3481750488281,False,NVIDIA_GeForce_RTX_5060_Ti,16,
swin_base_patch4_window7_224,224,64,bf16,366.7853698730469,False,NVIDIA_GeForce_RTX_5060_Ti,16,
swin_base_patch4_window7_224,224,64,fp16,362.7923278808594,False,NVIDIA_GeForce_RTX_5060_Ti,16,
swin_base_patch4_window7_224,224,64,fp32,,True,NVIDIA_GeForce_RTX_5060_Ti,16,
swin_tiny_patch4_window7_224,64,16,bf16,8.457152366638184,False,NVIDIA_GeForce_RTX_5060_Ti,16,
swin_tiny_patch4_window7_224,64,16,fp16,8.227968215942383,False,NVIDIA_GeForce_RTX_5060_Ti,16,
swin_tiny_patch4_window7_224,64,16,fp32,10.97275161743164,False,NVIDIA_GeForce_RTX_5060_Ti,16,
swin_tiny_patch4_window7_224,64,32,bf16,11.215472221374512,False,NVIDIA_GeForce_RTX_5060_Ti,16,
swin_tiny_patch4_window7_224,64,32,fp16,10.825023651123049,False,NVIDIA_GeForce_RTX_5060_Ti,16,
swin_tiny_patch4_window7_224,64,32,fp32,16.228960037231445,False,NVIDIA_GeForce_RTX_5060_Ti,16,
swin_tiny_patch4_window7_224,64,64,bf16,16.639087677001953,False,NVIDIA_GeForce_RTX_5060_Ti,16,
swin_tiny_patch4_window7_224,64,64,fp16,16.34217643737793,False,NVIDIA_GeForce_RTX_5060_Ti,16,
swin_tiny_patch4_window7_224,64,64,fp32,28.21678352355957,False,NVIDIA_GeForce_RTX_5060_Ti,16,
swin_tiny_patch4_window7_224,128,16,bf16,18.05851173400879,False,NVIDIA_GeForce_RTX_5060_Ti,16,
swin_tiny_patch4_window7_224,128,16,fp16,17.47939109802246,False,NVIDIA_GeForce_RTX_5060_Ti,16,
swin_tiny_patch4_window7_224,128,16,fp32,29.52835273742676,False,NVIDIA_GeForce_RTX_5060_Ti,16,
swin_tiny_patch4_window7_224,128,32,bf16,31.78376007080078,False,NVIDIA_GeForce_RTX_5060_Ti,16,
swin_tiny_patch4_window7_224,128,32,fp16,30.74350357055664,False,NVIDIA_GeForce_RTX_5060_Ti,16,
swin_tiny_patch4_window7_224,128,32,fp32,58.65264129638672,False,NVIDIA_GeForce_RTX_5060_Ti,16,
swin_tiny_patch4_window7_224,128,64,bf16,69.10660552978516,False,NVIDIA_GeForce_RTX_5060_Ti,16,
swin_tiny_patch4_window7_224,128,64,fp16,66.68791961669922,False,NVIDIA_GeForce_RTX_5060_Ti,16,
swin_tiny_patch4_window7_224,128,64,fp32,124.15265655517578,False,NVIDIA_GeForce_RTX_5060_Ti,16,
swin_tiny_patch4_window7_224,224,16,bf16,35.77462387084961,False,NVIDIA_GeForce_RTX_5060_Ti,16,
swin_tiny_patch4_window7_224,224,16,fp16,35.129905700683594,False,NVIDIA_GeForce_RTX_5060_Ti,16,
swin_tiny_patch4_window7_224,224,16,fp32,63.859649658203125,False,NVIDIA_GeForce_RTX_5060_Ti,16,
swin_tiny_patch4_window7_224,224,32,bf16,73.78939056396484,False,NVIDIA_GeForce_RTX_5060_Ti,16,
swin_tiny_patch4_window7_224,224,32,fp16,72.86392211914062,False,NVIDIA_GeForce_RTX_5060_Ti,16,
swin_tiny_patch4_window7_224,224,32,fp32,131.8471221923828,False,NVIDIA_GeForce_RTX_5060_Ti,16,
swin_tiny_patch4_window7_224,224,64,bf16,156.41943359375,False,NVIDIA_GeForce_RTX_5060_Ti,16,
swin_tiny_patch4_window7_224,224,64,fp16,155.0136260986328,False,NVIDIA_GeForce_RTX_5060_Ti,16,
swin_tiny_patch4_window7_224,224,64,fp32,270.9180603027344,False,NVIDIA_GeForce_RTX_5060_Ti,16,
swinv2_cr_tiny_ns_224,64,16,bf16,9.302607536315918,False,NVIDIA_GeForce_RTX_5060_Ti,16,
swinv2_cr_tiny_ns_224,64,16,fp16,9.115568161010742,False,NVIDIA_GeForce_RTX_5060_Ti,16,
swinv2_cr_tiny_ns_224,64,16,fp32,11.421199798583984,False,NVIDIA_GeForce_RTX_5060_Ti,16,
swinv2_cr_tiny_ns_224,64,32,bf16,11.92459201812744,False,NVIDIA_GeForce_RTX_5060_Ti,16,
swinv2_cr_tiny_ns_224,64,32,fp16,11.591936111450195,False,NVIDIA_GeForce_RTX_5060_Ti,16,
swinv2_cr_tiny_ns_224,64,32,fp32,16.104415893554688,False,NVIDIA_GeForce_RTX_5060_Ti,16,
swinv2_cr_tiny_ns_224,64,64,bf16,16.992416381835938,False,NVIDIA_GeForce_RTX_5060_Ti,16,
swinv2_cr_tiny_ns_224,64,64,fp16,16.6013126373291,False,NVIDIA_GeForce_RTX_5060_Ti,16,
swinv2_cr_tiny_ns_224,64,64,fp32,26.50833511352539,False,NVIDIA_GeForce_RTX_5060_Ti,16,
swinv2_cr_tiny_ns_224,128,16,bf16,16.334863662719727,False,NVIDIA_GeForce_RTX_5060_Ti,16,
swinv2_cr_tiny_ns_224,128,16,fp16,16.254352569580078,False,NVIDIA_GeForce_RTX_5060_Ti,16,
swinv2_cr_tiny_ns_224,128,16,fp32,25.749216079711918,False,NVIDIA_GeForce_RTX_5060_Ti,16,
swinv2_cr_tiny_ns_224,128,32,bf16,27.214208602905277,False,NVIDIA_GeForce_RTX_5060_Ti,16,
swinv2_cr_tiny_ns_224,128,32,fp16,27.163183212280277,False,NVIDIA_GeForce_RTX_5060_Ti,16,
swinv2_cr_tiny_ns_224,128,32,fp32,48.184207916259766,False,NVIDIA_GeForce_RTX_5060_Ti,16,
swinv2_cr_tiny_ns_224,128,64,bf16,56.11019134521485,False,NVIDIA_GeForce_RTX_5060_Ti,16,
swinv2_cr_tiny_ns_224,128,64,fp16,54.64876937866211,False,NVIDIA_GeForce_RTX_5060_Ti,16,
swinv2_cr_tiny_ns_224,128,64,fp32,97.90460968017578,False,NVIDIA_GeForce_RTX_5060_Ti,16,
swinv2_cr_tiny_ns_224,224,16,bf16,47.97060775756836,False,NVIDIA_GeForce_RTX_5060_Ti,16,
swinv2_cr_tiny_ns_224,224,16,fp16,47.18387222290039,False,NVIDIA_GeForce_RTX_5060_Ti,16,
swinv2_cr_tiny_ns_224,224,16,fp32,75.73284912109375,False,NVIDIA_GeForce_RTX_5060_Ti,16,
swinv2_cr_tiny_ns_224,224,32,bf16,103.13646697998048,False,NVIDIA_GeForce_RTX_5060_Ti,16,
swinv2_cr_tiny_ns_224,224,32,fp16,99.97185516357422,False,NVIDIA_GeForce_RTX_5060_Ti,16,
swinv2_cr_tiny_ns_224,224,32,fp32,156.5614776611328,False,NVIDIA_GeForce_RTX_5060_Ti,16,
swinv2_cr_tiny_ns_224,224,64,bf16,220.7486724853516,False,NVIDIA_GeForce_RTX_5060_Ti,16,
swinv2_cr_tiny_ns_224,224,64,fp16,218.8493194580078,False,NVIDIA_GeForce_RTX_5060_Ti,16,
swinv2_cr_tiny_ns_224,224,64,fp32,323.73095703125,False,NVIDIA_GeForce_RTX_5060_Ti,16,
twins_pcpvt_small,64,16,bf16,9.043855667114258,False,NVIDIA_GeForce_RTX_5060_Ti,16,
twins_pcpvt_small,64,16,fp16,8.766240119934082,False,NVIDIA_GeForce_RTX_5060_Ti,16,
twins_pcpvt_small,64,16,fp32,11.313103675842283,False,NVIDIA_GeForce_RTX_5060_Ti,16,
twins_pcpvt_small,64,32,bf16,10.844256401062012,False,NVIDIA_GeForce_RTX_5060_Ti,16,
twins_pcpvt_small,64,32,fp16,10.58955192565918,False,NVIDIA_GeForce_RTX_5060_Ti,16,
twins_pcpvt_small,64,32,fp32,16.4991512298584,False,NVIDIA_GeForce_RTX_5060_Ti,16,
twins_pcpvt_small,64,64,bf16,14.93791961669922,False,NVIDIA_GeForce_RTX_5060_Ti,16,
twins_pcpvt_small,64,64,fp16,14.686847686767578,False,NVIDIA_GeForce_RTX_5060_Ti,16,
twins_pcpvt_small,64,64,fp32,26.665632247924805,False,NVIDIA_GeForce_RTX_5060_Ti,16,
twins_pcpvt_small,128,16,bf16,13.997695922851562,False,NVIDIA_GeForce_RTX_5060_Ti,16,
twins_pcpvt_small,128,16,fp16,14.099967956542969,False,NVIDIA_GeForce_RTX_5060_Ti,16,
twins_pcpvt_small,128,16,fp32,23.612960815429688,False,NVIDIA_GeForce_RTX_5060_Ti,16,
twins_pcpvt_small,128,32,bf16,22.390079498291016,False,NVIDIA_GeForce_RTX_5060_Ti,16,
twins_pcpvt_small,128,32,fp16,22.105648040771484,False,NVIDIA_GeForce_RTX_5060_Ti,16,
twins_pcpvt_small,128,32,fp32,40.57246398925781,False,NVIDIA_GeForce_RTX_5060_Ti,16,
twins_pcpvt_small,128,64,bf16,40.48835372924805,False,NVIDIA_GeForce_RTX_5060_Ti,16,
twins_pcpvt_small,128,64,fp16,39.60865783691406,False,NVIDIA_GeForce_RTX_5060_Ti,16,
twins_pcpvt_small,128,64,fp32,75.76972961425781,False,NVIDIA_GeForce_RTX_5060_Ti,16,
twins_pcpvt_small,224,16,bf16,32.463775634765625,False,NVIDIA_GeForce_RTX_5060_Ti,16,
twins_pcpvt_small,224,16,fp16,32.38974380493164,False,NVIDIA_GeForce_RTX_5060_Ti,16,
twins_pcpvt_small,224,16,fp32,61.631935119628906,False,NVIDIA_GeForce_RTX_5060_Ti,16,
twins_pcpvt_small,224,32,bf16,61.01718521118164,False,NVIDIA_GeForce_RTX_5060_Ti,16,
twins_pcpvt_small,224,32,fp16,61.71108627319336,False,NVIDIA_GeForce_RTX_5060_Ti,16,
twins_pcpvt_small,224,32,fp32,116.69551849365234,False,NVIDIA_GeForce_RTX_5060_Ti,16,
twins_pcpvt_small,224,64,bf16,124.90691375732422,False,NVIDIA_GeForce_RTX_5060_Ti,16,
twins_pcpvt_small,224,64,fp16,127.39353942871094,False,NVIDIA_GeForce_RTX_5060_Ti,16,
twins_pcpvt_small,224,64,fp32,228.68174743652344,False,NVIDIA_GeForce_RTX_5060_Ti,16,
twins_svt_small,64,16,bf16,9.59488010406494,False,NVIDIA_GeForce_RTX_5060_Ti,16,
twins_svt_small,64,16,fp16,9.374032020568848,False,NVIDIA_GeForce_RTX_5060_Ti,16,
twins_svt_small,64,16,fp32,11.445743560791016,False,NVIDIA_GeForce_RTX_5060_Ti,16,
twins_svt_small,64,32,bf16,12.38368034362793,False,NVIDIA_GeForce_RTX_5060_Ti,16,
twins_svt_small,64,32,fp16,12.139856338500977,False,NVIDIA_GeForce_RTX_5060_Ti,16,
twins_svt_small,64,32,fp32,17.024703979492188,False,NVIDIA_GeForce_RTX_5060_Ti,16,
twins_svt_small,64,64,bf16,18.438783645629883,False,NVIDIA_GeForce_RTX_5060_Ti,16,
twins_svt_small,64,64,fp16,18.00809669494629,False,NVIDIA_GeForce_RTX_5060_Ti,16,
twins_svt_small,64,64,fp32,27.85500717163086,False,NVIDIA_GeForce_RTX_5060_Ti,16,
twins_svt_small,128,16,bf16,14.915663719177246,False,NVIDIA_GeForce_RTX_5060_Ti,16,
twins_svt_small,128,16,fp16,15.053824424743652,False,NVIDIA_GeForce_RTX_5060_Ti,16,
twins_svt_small,128,16,fp32,21.543455123901367,False,NVIDIA_GeForce_RTX_5060_Ti,16,
twins_svt_small,128,32,bf16,24.785903930664062,False,NVIDIA_GeForce_RTX_5060_Ti,16,
twins_svt_small,128,32,fp16,24.48961639404297,False,NVIDIA_GeForce_RTX_5060_Ti,16,
twins_svt_small,128,32,fp32,38.20132827758789,False,NVIDIA_GeForce_RTX_5060_Ti,16,
twins_svt_small,128,64,bf16,50.46876907348633,False,NVIDIA_GeForce_RTX_5060_Ti,16,
twins_svt_small,128,64,fp16,50.11369705200195,False,NVIDIA_GeForce_RTX_5060_Ti,16,
twins_svt_small,128,64,fp32,77.04078674316406,False,NVIDIA_GeForce_RTX_5060_Ti,16,
twins_svt_small,224,16,bf16,28.426687240600582,False,NVIDIA_GeForce_RTX_5060_Ti,16,
twins_svt_small,224,16,fp16,28.13128089904785,False,NVIDIA_GeForce_RTX_5060_Ti,16,
twins_svt_small,224,16,fp32,47.24161529541016,False,NVIDIA_GeForce_RTX_5060_Ti,16,
twins_svt_small,224,32,bf16,54.3639030456543,False,NVIDIA_GeForce_RTX_5060_Ti,16,
twins_svt_small,224,32,fp16,54.60097503662109,False,NVIDIA_GeForce_RTX_5060_Ti,16,
twins_svt_small,224,32,fp32,92.02862548828124,False,NVIDIA_GeForce_RTX_5060_Ti,16,
twins_svt_small,224,64,bf16,115.20758056640624,False,NVIDIA_GeForce_RTX_5060_Ti,16,
twins_svt_small,224,64,fp16,115.50638580322266,False,NVIDIA_GeForce_RTX_5060_Ti,16,
twins_svt_small,224,64,fp32,183.16732788085935,False,NVIDIA_GeForce_RTX_5060_Ti,16,
vit_base_patch16_224,64,16,bf16,16.815519332885742,False,NVIDIA_GeForce_RTX_5060_Ti,16,
vit_base_patch16_224,64,16,fp16,16.8156795501709,False,NVIDIA_GeForce_RTX_5060_Ti,16,
vit_base_patch16_224,64,16,fp32,24.333776473999023,False,NVIDIA_GeForce_RTX_5060_Ti,16,
vit_base_patch16_224,64,32,bf16,20.466991424560547,False,NVIDIA_GeForce_RTX_5060_Ti,16,
vit_base_patch16_224,64,32,fp16,20.090591430664062,False,NVIDIA_GeForce_RTX_5060_Ti,16,
vit_base_patch16_224,64,32,fp32,35.00961685180664,False,NVIDIA_GeForce_RTX_5060_Ti,16,
vit_base_patch16_224,64,64,bf16,27.93366432189941,False,NVIDIA_GeForce_RTX_5060_Ti,16,
vit_base_patch16_224,64,64,fp16,28.115327835083008,False,NVIDIA_GeForce_RTX_5060_Ti,16,
vit_base_patch16_224,64,64,fp32,58.676414489746094,False,NVIDIA_GeForce_RTX_5060_Ti,16,
vit_base_patch16_224,128,16,bf16,26.413728713989254,False,NVIDIA_GeForce_RTX_5060_Ti,16,
vit_base_patch16_224,128,16,fp16,26.2750244140625,False,NVIDIA_GeForce_RTX_5060_Ti,16,
vit_base_patch16_224,128,16,fp32,57.90943908691406,False,NVIDIA_GeForce_RTX_5060_Ti,16,
vit_base_patch16_224,128,32,bf16,40.439247131347656,False,NVIDIA_GeForce_RTX_5060_Ti,16,
vit_base_patch16_224,128,32,fp16,40.22991943359375,False,NVIDIA_GeForce_RTX_5060_Ti,16,
vit_base_patch16_224,128,32,fp32,104.74298858642578,False,NVIDIA_GeForce_RTX_5060_Ti,16,
vit_base_patch16_224,128,64,bf16,74.8005599975586,False,NVIDIA_GeForce_RTX_5060_Ti,16,
vit_base_patch16_224,128,64,fp16,73.11428833007812,False,NVIDIA_GeForce_RTX_5060_Ti,16,
vit_base_patch16_224,128,64,fp32,199.4121551513672,False,NVIDIA_GeForce_RTX_5060_Ti,16,
vit_base_patch16_224,224,16,bf16,57.78684616088867,False,NVIDIA_GeForce_RTX_5060_Ti,16,
vit_base_patch16_224,224,16,fp16,57.50804901123047,False,NVIDIA_GeForce_RTX_5060_Ti,16,
vit_base_patch16_224,224,16,fp32,159.5685577392578,False,NVIDIA_GeForce_RTX_5060_Ti,16,
vit_base_patch16_224,224,32,bf16,109.21759796142578,False,NVIDIA_GeForce_RTX_5060_Ti,16,
vit_base_patch16_224,224,32,fp16,108.5024185180664,False,NVIDIA_GeForce_RTX_5060_Ti,16,
vit_base_patch16_224,224,32,fp32,309.786376953125,False,NVIDIA_GeForce_RTX_5060_Ti,16,
vit_base_patch16_224,224,64,bf16,219.69528198242188,False,NVIDIA_GeForce_RTX_5060_Ti,16,
vit_base_patch16_224,224,64,fp16,217.8454742431641,False,NVIDIA_GeForce_RTX_5060_Ti,16,
vit_base_patch16_224,224,64,fp32,620.0509643554688,False,NVIDIA_GeForce_RTX_5060_Ti,16,
vit_large_patch16_224,64,16,bf16,57.154911041259766,False,NVIDIA_GeForce_RTX_5060_Ti,16,
vit_large_patch16_224,64,16,fp16,57.03825759887695,False,NVIDIA_GeForce_RTX_5060_Ti,16,
vit_large_patch16_224,64,16,fp32,87.99100494384766,False,NVIDIA_GeForce_RTX_5060_Ti,16,
vit_large_patch16_224,64,32,bf16,69.67494201660156,False,NVIDIA_GeForce_RTX_5060_Ti,16,
vit_large_patch16_224,64,32,fp16,69.56654357910156,False,NVIDIA_GeForce_RTX_5060_Ti,16,
vit_large_patch16_224,64,32,fp32,117.4325942993164,False,NVIDIA_GeForce_RTX_5060_Ti,16,
vit_large_patch16_224,64,64,bf16,96.58636474609376,False,NVIDIA_GeForce_RTX_5060_Ti,16,
vit_large_patch16_224,64,64,fp16,96.29467010498048,False,NVIDIA_GeForce_RTX_5060_Ti,16,
vit_large_patch16_224,64,64,fp32,196.84413146972656,False,NVIDIA_GeForce_RTX_5060_Ti,16,
vit_large_patch16_224,128,16,bf16,91.60126495361328,False,NVIDIA_GeForce_RTX_5060_Ti,16,
vit_large_patch16_224,128,16,fp16,91.22364807128906,False,NVIDIA_GeForce_RTX_5060_Ti,16,
vit_large_patch16_224,128,16,fp32,196.1762542724609,False,NVIDIA_GeForce_RTX_5060_Ti,16,
vit_large_patch16_224,128,32,bf16,142.61441040039062,False,NVIDIA_GeForce_RTX_5060_Ti,16,
vit_large_patch16_224,128,32,fp16,141.91830444335938,False,NVIDIA_GeForce_RTX_5060_Ti,16,
vit_large_patch16_224,128,32,fp32,357.8728942871094,False,NVIDIA_GeForce_RTX_5060_Ti,16,
vit_large_patch16_224,128,64,bf16,245.05528259277344,False,NVIDIA_GeForce_RTX_5060_Ti,16,
vit_large_patch16_224,128,64,fp16,250.81640625,False,NVIDIA_GeForce_RTX_5060_Ti,16,
vit_large_patch16_224,128,64,fp32,669.9940795898438,False,NVIDIA_GeForce_RTX_5060_Ti,16,
vit_large_patch16_224,224,16,bf16,199.7105865478516,False,NVIDIA_GeForce_RTX_5060_Ti,16,
vit_large_patch16_224,224,16,fp16,192.506591796875,False,NVIDIA_GeForce_RTX_5060_Ti,16,
vit_large_patch16_224,224,16,fp32,536.8119506835938,False,NVIDIA_GeForce_RTX_5060_Ti,16,
vit_large_patch16_224,224,32,bf16,358.553466796875,False,NVIDIA_GeForce_RTX_5060_Ti,16,
vit_large_patch16_224,224,32,fp16,366.475341796875,False,NVIDIA_GeForce_RTX_5060_Ti,16,
vit_large_patch16_224,224,32,fp32,4106.333984375,False,NVIDIA_GeForce_RTX_5060_Ti,16,precision_artifact
vit_large_patch16_224,224,64,bf16,,True,NVIDIA_GeForce_RTX_5060_Ti,16,
vit_large_patch16_224,224,64,fp16,,True,NVIDIA_GeForce_RTX_5060_Ti,16,
vit_large_patch16_224,224,64,fp32,,True,NVIDIA_GeForce_RTX_5060_Ti,16,
vit_small_patch16_224,64,16,bf16,5.802864074707031,False,NVIDIA_GeForce_RTX_5060_Ti,16,
vit_small_patch16_224,64,16,fp16,5.765439987182617,False,NVIDIA_GeForce_RTX_5060_Ti,16,
vit_small_patch16_224,64,16,fp32,8.55679988861084,False,NVIDIA_GeForce_RTX_5060_Ti,16,
vit_small_patch16_224,64,32,bf16,7.078239917755127,False,NVIDIA_GeForce_RTX_5060_Ti,16,
vit_small_patch16_224,64,32,fp16,7.036367893218994,False,NVIDIA_GeForce_RTX_5060_Ti,16,
vit_small_patch16_224,64,32,fp32,11.66043186187744,False,NVIDIA_GeForce_RTX_5060_Ti,16,
vit_small_patch16_224,64,64,bf16,9.303759574890137,False,NVIDIA_GeForce_RTX_5060_Ti,16,
vit_small_patch16_224,64,64,fp16,9.253104209899902,False,NVIDIA_GeForce_RTX_5060_Ti,16,
vit_small_patch16_224,64,64,fp32,18.799983978271484,False,NVIDIA_GeForce_RTX_5060_Ti,16,
vit_small_patch16_224,128,16,bf16,8.4924955368042,False,NVIDIA_GeForce_RTX_5060_Ti,16,
vit_small_patch16_224,128,16,fp16,8.460479736328125,False,NVIDIA_GeForce_RTX_5060_Ti,16,
vit_small_patch16_224,128,16,fp32,19.05945587158203,False,NVIDIA_GeForce_RTX_5060_Ti,16,
vit_small_patch16_224,128,32,bf16,12.814800262451172,False,NVIDIA_GeForce_RTX_5060_Ti,16,
vit_small_patch16_224,128,32,fp16,12.773216247558594,False,NVIDIA_GeForce_RTX_5060_Ti,16,
vit_small_patch16_224,128,32,fp32,31.46233558654785,False,NVIDIA_GeForce_RTX_5060_Ti,16,
vit_small_patch16_224,128,64,bf16,22.236543655395508,False,NVIDIA_GeForce_RTX_5060_Ti,16,
vit_small_patch16_224,128,64,fp16,21.863168716430664,False,NVIDIA_GeForce_RTX_5060_Ti,16,
vit_small_patch16_224,128,64,fp32,59.78251266479492,False,NVIDIA_GeForce_RTX_5060_Ti,16,
vit_small_patch16_224,224,16,bf16,18.296831130981445,False,NVIDIA_GeForce_RTX_5060_Ti,16,
vit_small_patch16_224,224,16,fp16,18.26371192932129,False,NVIDIA_GeForce_RTX_5060_Ti,16,
vit_small_patch16_224,224,16,fp32,49.26188659667969,False,NVIDIA_GeForce_RTX_5060_Ti,16,
vit_small_patch16_224,224,32,bf16,33.6363525390625,False,NVIDIA_GeForce_RTX_5060_Ti,16,
vit_small_patch16_224,224,32,fp16,33.59708786010742,False,NVIDIA_GeForce_RTX_5060_Ti,16,
vit_small_patch16_224,224,32,fp32,97.94174194335938,False,NVIDIA_GeForce_RTX_5060_Ti,16,
vit_small_patch16_224,224,64,bf16,71.87207794189453,False,NVIDIA_GeForce_RTX_5060_Ti,16,
vit_small_patch16_224,224,64,fp16,71.87206268310547,False,NVIDIA_GeForce_RTX_5060_Ti,16,
vit_small_patch16_224,224,64,fp32,194.03065490722656,False,NVIDIA_GeForce_RTX_5060_Ti,16,
vit_tiny_patch16_224,64,16,bf16,2.978640079498291,False,NVIDIA_GeForce_RTX_5060_Ti,16,
vit_tiny_patch16_224,64,16,fp16,2.8579680919647217,False,NVIDIA_GeForce_RTX_5060_Ti,16,
vit_tiny_patch16_224,64,16,fp32,3.957200050354004,False,NVIDIA_GeForce_RTX_5060_Ti,16,
vit_tiny_patch16_224,64,32,bf16,3.661135911941528,False,NVIDIA_GeForce_RTX_5060_Ti,16,
vit_tiny_patch16_224,64,32,fp16,3.508975982666016,False,NVIDIA_GeForce_RTX_5060_Ti,16,
vit_tiny_patch16_224,64,32,fp32,5.283279895782471,False,NVIDIA_GeForce_RTX_5060_Ti,16,
vit_tiny_patch16_224,64,64,bf16,4.589407920837402,False,NVIDIA_GeForce_RTX_5060_Ti,16,
vit_tiny_patch16_224,64,64,fp16,4.468959808349609,False,NVIDIA_GeForce_RTX_5060_Ti,16,
vit_tiny_patch16_224,64,64,fp32,7.77129602432251,False,NVIDIA_GeForce_RTX_5060_Ti,16,
vit_tiny_patch16_224,128,16,bf16,4.2134881019592285,False,NVIDIA_GeForce_RTX_5060_Ti,16,
vit_tiny_patch16_224,128,16,fp16,4.097343921661377,False,NVIDIA_GeForce_RTX_5060_Ti,16,
vit_tiny_patch16_224,128,16,fp32,7.739759922027588,False,NVIDIA_GeForce_RTX_5060_Ti,16,
vit_tiny_patch16_224,128,32,bf16,5.830399990081787,False,NVIDIA_GeForce_RTX_5060_Ti,16,
vit_tiny_patch16_224,128,32,fp16,5.75438404083252,False,NVIDIA_GeForce_RTX_5060_Ti,16,
vit_tiny_patch16_224,128,32,fp32,12.540512084960938,False,NVIDIA_GeForce_RTX_5060_Ti,16,
vit_tiny_patch16_224,128,64,bf16,9.789263725280762,False,NVIDIA_GeForce_RTX_5060_Ti,16,
vit_tiny_patch16_224,128,64,fp16,9.627552032470703,False,NVIDIA_GeForce_RTX_5060_Ti,16,
vit_tiny_patch16_224,128,64,fp32,22.392927169799805,False,NVIDIA_GeForce_RTX_5060_Ti,16,
vit_tiny_patch16_224,224,16,bf16,8.115951538085938,False,NVIDIA_GeForce_RTX_5060_Ti,16,
vit_tiny_patch16_224,224,16,fp16,7.940656185150146,False,NVIDIA_GeForce_RTX_5060_Ti,16,
vit_tiny_patch16_224,224,16,fp32,19.319072723388672,False,NVIDIA_GeForce_RTX_5060_Ti,16,
vit_tiny_patch16_224,224,32,bf16,14.312352180480955,False,NVIDIA_GeForce_RTX_5060_Ti,16,
vit_tiny_patch16_224,224,32,fp16,14.158448219299316,False,NVIDIA_GeForce_RTX_5060_Ti,16,
vit_tiny_patch16_224,224,32,fp32,35.83127975463867,False,NVIDIA_GeForce_RTX_5060_Ti,16,
vit_tiny_patch16_224,224,64,bf16,26.430463790893555,False,NVIDIA_GeForce_RTX_5060_Ti,16,
vit_tiny_patch16_224,224,64,fp16,26.44359970092773,False,NVIDIA_GeForce_RTX_5060_Ti,16,
vit_tiny_patch16_224,224,64,fp32,73.44099426269531,False,NVIDIA_GeForce_RTX_5060_Ti,16,
wide_resnet101_2,64,16,bf16,34.53607940673828,False,NVIDIA_GeForce_RTX_5060_Ti,16,
wide_resnet101_2,64,16,fp16,33.21495819091797,False,NVIDIA_GeForce_RTX_5060_Ti,16,
wide_resnet101_2,64,16,fp32,58.6360969543457,False,NVIDIA_GeForce_RTX_5060_Ti,16,
wide_resnet101_2,64,32,bf16,46.93644714355469,False,NVIDIA_GeForce_RTX_5060_Ti,16,
wide_resnet101_2,64,32,fp16,44.00113677978516,False,NVIDIA_GeForce_RTX_5060_Ti,16,
wide_resnet101_2,64,32,fp32,68.48942565917969,False,NVIDIA_GeForce_RTX_5060_Ti,16,
wide_resnet101_2,64,64,bf16,70.2938232421875,False,NVIDIA_GeForce_RTX_5060_Ti,16,
wide_resnet101_2,64,64,fp16,63.75646209716797,False,NVIDIA_GeForce_RTX_5060_Ti,16,
wide_resnet101_2,64,64,fp32,95.99864196777344,False,NVIDIA_GeForce_RTX_5060_Ti,16,
wide_resnet101_2,128,16,bf16,50.76591873168945,False,NVIDIA_GeForce_RTX_5060_Ti,16,
wide_resnet101_2,128,16,fp16,47.258750915527344,False,NVIDIA_GeForce_RTX_5060_Ti,16,
wide_resnet101_2,128,16,fp32,74.89643096923828,False,NVIDIA_GeForce_RTX_5060_Ti,16,
wide_resnet101_2,128,32,bf16,79.01233673095703,False,NVIDIA_GeForce_RTX_5060_Ti,16,
wide_resnet101_2,128,32,fp16,70.44172668457031,False,NVIDIA_GeForce_RTX_5060_Ti,16,
wide_resnet101_2,128,32,fp32,114.38369750976562,False,NVIDIA_GeForce_RTX_5060_Ti,16,
wide_resnet101_2,128,64,bf16,136.7886505126953,False,NVIDIA_GeForce_RTX_5060_Ti,16,
wide_resnet101_2,128,64,fp16,125.2066879272461,False,NVIDIA_GeForce_RTX_5060_Ti,16,
wide_resnet101_2,128,64,fp32,208.3414764404297,False,NVIDIA_GeForce_RTX_5060_Ti,16,
wide_resnet101_2,224,16,bf16,99.42169952392578,False,NVIDIA_GeForce_RTX_5060_Ti,16,
wide_resnet101_2,224,16,fp16,90.47789001464844,False,NVIDIA_GeForce_RTX_5060_Ti,16,
wide_resnet101_2,224,16,fp32,166.0064697265625,False,NVIDIA_GeForce_RTX_5060_Ti,16,
wide_resnet101_2,224,32,bf16,185.3661193847656,False,NVIDIA_GeForce_RTX_5060_Ti,16,
wide_resnet101_2,224,32,fp16,170.81558227539062,False,NVIDIA_GeForce_RTX_5060_Ti,16,
wide_resnet101_2,224,32,fp32,318.8345642089844,False,NVIDIA_GeForce_RTX_5060_Ti,16,
wide_resnet101_2,224,64,bf16,351.46240234375,False,NVIDIA_GeForce_RTX_5060_Ti,16,
wide_resnet101_2,224,64,fp16,328.3025817871094,False,NVIDIA_GeForce_RTX_5060_Ti,16,
wide_resnet101_2,224,64,fp32,4665.0126953125,False,NVIDIA_GeForce_RTX_5060_Ti,16,precision_artifact
xcit_small_12_p16_224,64,16,bf16,9.805760383605955,False,NVIDIA_GeForce_RTX_5060_Ti,16,
xcit_small_12_p16_224,64,16,fp16,9.599760055541992,False,NVIDIA_GeForce_RTX_5060_Ti,16,
xcit_small_12_p16_224,64,16,fp32,12.337231636047363,False,NVIDIA_GeForce_RTX_5060_Ti,16,
xcit_small_12_p16_224,64,32,bf16,12.446944236755373,False,NVIDIA_GeForce_RTX_5060_Ti,16,
xcit_small_12_p16_224,64,32,fp16,12.137791633605955,False,NVIDIA_GeForce_RTX_5060_Ti,16,
xcit_small_12_p16_224,64,32,fp32,17.035263061523438,False,NVIDIA_GeForce_RTX_5060_Ti,16,
xcit_small_12_p16_224,64,64,bf16,17.04070472717285,False,NVIDIA_GeForce_RTX_5060_Ti,16,
xcit_small_12_p16_224,64,64,fp16,16.636592864990234,False,NVIDIA_GeForce_RTX_5060_Ti,16,
xcit_small_12_p16_224,64,64,fp32,25.291183471679688,False,NVIDIA_GeForce_RTX_5060_Ti,16,
xcit_small_12_p16_224,128,16,bf16,16.2751522064209,False,NVIDIA_GeForce_RTX_5060_Ti,16,
xcit_small_12_p16_224,128,16,fp16,15.963680267333984,False,NVIDIA_GeForce_RTX_5060_Ti,16,
xcit_small_12_p16_224,128,16,fp32,24.331663131713867,False,NVIDIA_GeForce_RTX_5060_Ti,16,
xcit_small_12_p16_224,128,32,bf16,25.094959259033203,False,NVIDIA_GeForce_RTX_5060_Ti,16,
xcit_small_12_p16_224,128,32,fp16,24.68484878540039,False,NVIDIA_GeForce_RTX_5060_Ti,16,
xcit_small_12_p16_224,128,32,fp32,41.923152923583984,False,NVIDIA_GeForce_RTX_5060_Ti,16,
xcit_small_12_p16_224,128,64,bf16,44.86171340942383,False,NVIDIA_GeForce_RTX_5060_Ti,16,
xcit_small_12_p16_224,128,64,fp16,44.14524841308594,False,NVIDIA_GeForce_RTX_5060_Ti,16,
xcit_small_12_p16_224,128,64,fp32,79.37748718261719,False,NVIDIA_GeForce_RTX_5060_Ti,16,
xcit_small_12_p16_224,224,16,bf16,36.892879486083984,False,NVIDIA_GeForce_RTX_5060_Ti,16,
xcit_small_12_p16_224,224,16,fp16,36.32212829589844,False,NVIDIA_GeForce_RTX_5060_Ti,16,
xcit_small_12_p16_224,224,16,fp32,63.04155349731445,False,NVIDIA_GeForce_RTX_5060_Ti,16,
xcit_small_12_p16_224,224,32,bf16,70.48051452636719,False,NVIDIA_GeForce_RTX_5060_Ti,16,
xcit_small_12_p16_224,224,32,fp16,70.34795379638672,False,NVIDIA_GeForce_RTX_5060_Ti,16,
xcit_small_12_p16_224,224,32,fp32,126.4922103881836,False,NVIDIA_GeForce_RTX_5060_Ti,16,
xcit_small_12_p16_224,224,64,bf16,155.86993408203125,False,NVIDIA_GeForce_RTX_5060_Ti,16,
xcit_small_12_p16_224,224,64,fp16,153.63043212890625,False,NVIDIA_GeForce_RTX_5060_Ti,16,
xcit_small_12_p16_224,224,64,fp32,265.38067626953125,False,NVIDIA_GeForce_RTX_5060_Ti,16,
xcit_tiny_12_p16_224,64,16,bf16,6.724639892578125,False,NVIDIA_GeForce_RTX_5060_Ti,16,
xcit_tiny_12_p16_224,64,16,fp16,6.227215766906738,False,NVIDIA_GeForce_RTX_5060_Ti,16,
xcit_tiny_12_p16_224,64,16,fp32,6.709551811218262,False,NVIDIA_GeForce_RTX_5060_Ti,16,
xcit_tiny_12_p16_224,64,32,bf16,8.012543678283691,False,NVIDIA_GeForce_RTX_5060_Ti,16,
xcit_tiny_12_p16_224,64,32,fp16,7.758512020111084,False,NVIDIA_GeForce_RTX_5060_Ti,16,
xcit_tiny_12_p16_224,64,32,fp32,9.234000205993652,False,NVIDIA_GeForce_RTX_5060_Ti,16,
xcit_tiny_12_p16_224,64,64,bf16,9.49944019317627,False,NVIDIA_GeForce_RTX_5060_Ti,16,
xcit_tiny_12_p16_224,64,64,fp16,9.19115161895752,False,NVIDIA_GeForce_RTX_5060_Ti,16,
xcit_tiny_12_p16_224,64,64,fp32,12.523823738098145,False,NVIDIA_GeForce_RTX_5060_Ti,16,
xcit_tiny_12_p16_224,128,16,bf16,9.22268772125244,False,NVIDIA_GeForce_RTX_5060_Ti,16,
xcit_tiny_12_p16_224,128,16,fp16,8.911264419555664,False,NVIDIA_GeForce_RTX_5060_Ti,16,
xcit_tiny_12_p16_224,128,16,fp32,11.911824226379396,False,NVIDIA_GeForce_RTX_5060_Ti,16,
xcit_tiny_12_p16_224,128,32,bf16,13.237728118896484,False,NVIDIA_GeForce_RTX_5060_Ti,16,
xcit_tiny_12_p16_224,128,32,fp16,13.084735870361328,False,NVIDIA_GeForce_RTX_5060_Ti,16,
xcit_tiny_12_p16_224,128,32,fp32,18.310047149658203,False,NVIDIA_GeForce_RTX_5060_Ti,16,
xcit_tiny_12_p16_224,128,64,bf16,21.711408615112305,False,NVIDIA_GeForce_RTX_5060_Ti,16,
xcit_tiny_12_p16_224,128,64,fp16,21.19611167907715,False,NVIDIA_GeForce_RTX_5060_Ti,16,
xcit_tiny_12_p16_224,128,64,fp32,31.820463180541992,False,NVIDIA_GeForce_RTX_5060_Ti,16,
xcit_tiny_12_p16_224,224,16,bf16,19.099903106689453,False,NVIDIA_GeForce_RTX_5060_Ti,16,
xcit_tiny_12_p16_224,224,16,fp16,18.624143600463867,False,NVIDIA_GeForce_RTX_5060_Ti,16,
xcit_tiny_12_p16_224,224,16,fp32,25.78209686279297,False,NVIDIA_GeForce_RTX_5060_Ti,16,
xcit_tiny_12_p16_224,224,32,bf16,33.59439849853516,False,NVIDIA_GeForce_RTX_5060_Ti,16,
xcit_tiny_12_p16_224,224,32,fp16,32.47206497192383,False,NVIDIA_GeForce_RTX_5060_Ti,16,
xcit_tiny_12_p16_224,224,32,fp32,48.572078704833984,False,NVIDIA_GeForce_RTX_5060_Ti,16,
xcit_tiny_12_p16_224,224,64,bf16,66.22134399414062,False,NVIDIA_GeForce_RTX_5060_Ti,16,
xcit_tiny_12_p16_224,224,64,fp16,64.25552368164062,False,NVIDIA_GeForce_RTX_5060_Ti,16,
xcit_tiny_12_p16_224,224,64,fp32,97.6717758178711,False,NVIDIA_GeForce_RTX_5060_Ti,16,
