model,img_size,batch_size,precision,avg_time_ms,oom,gpu,vram_gb,cleanup
beit_large_patch16_224,64,16,bf16,47.92627334594727,False,NVIDIA_GeForce_RTX_3080,10,
beit_large_patch16_224,64,16,fp16,46.882720947265625,False,NVIDIA_GeForce_RTX_3080,10,
beit_large_patch16_224,64,16,fp32,64.91228485107422,False,NVIDIA_GeForce_RTX_3080,10,
beit_large_patch16_224,64,32,bf16,63.00467300415039,False,NVIDIA_GeForce_RTX_3080,10,
beit_large_patch16_224,64,32,fp16,62.78911972045898,False,NVIDIA_GeForce_RTX_3080,10,
beit_large_patch16_224,64,32,fp32,99.80462646484376,False,NVIDIA_GeForce_RTX_3080,10,
beit_large_patch16_224,64,64,bf16,94.5448989868164,False,NVIDIA_GeForce_RTX_3080,10,
beit_large_patch16_224,64,64,fp16,91.61062622070312,False,NVIDIA_GeForce_RTX_3080,10,
beit_large_patch16_224,64,64,fp32,154.640380859375,False,NVIDIA_GeForce_RTX_3080,10,
beit_large_patch16_224,128,16,bf16,94.84697723388672,False,NVIDIA_GeForce_RTX_3080,10,
beit_large_patch16_224,128,16,fp16,92.37042999267578,False,NVIDIA_GeForce_RTX_3080,10,
beit_large_patch16_224,128,16,fp32,155.1498260498047,False,NVIDIA_GeForce_RTX_3080,10,
beit_large_patch16_224,128,32,bf16,124.8384017944336,False,NVIDIA_GeForce_RTX_3080,10,
beit_large_patch16_224,128,32,fp16,125.16190338134766,False,NVIDIA_GeForce_RTX_3080,10,
beit_large_patch16_224,128,32,fp32,286.9478454589844,False,NVIDIA_GeForce_RTX_3080,10,
beit_large_patch16_224,128,64,bf16,,True,NVIDIA_GeForce_RTX_3080,10,
beit_large_patch16_224,128,64,fp16,,True,NVIDIA_GeForce_RTX_3080,10,
beit_large_patch16_224,128,64,fp32,,True,NVIDIA_GeForce_RTX_3080,10,
beit_large_patch16_224,224,16,bf16,198.2935028076172,False,NVIDIA_GeForce_RTX_3080,10,
beit_large_patch16_224,224,16,fp16,191.60525512695312,False,NVIDIA_GeForce_RTX_3080,10,
beit_large_patch16_224,224,16,fp32,,True,NVIDIA_GeForce_RTX_3080,10,
beit_large_patch16_224,224,32,bf16,,True,NVIDIA_GeForce_RTX_3080,10,
beit_large_patch16_224,224,32,fp16,,True,NVIDIA_GeForce_RTX_3080,10,
beit_large_patch16_224,224,32,fp32,,True,NVIDIA_GeForce_RTX_3080,10,
beit_large_patch16_224,224,64,bf16,,True,NVIDIA_GeForce_RTX_3080,10,
beit_large_patch16_224,224,64,fp16,,True,NVIDIA_GeForce_RTX_3080,10,
beit_large_patch16_224,224,64,fp32,,True,NVIDIA_GeForce_RTX_3080,10,
coatnet_0_rw_224,64,16,bf16,8.231424331665039,False,NVIDIA_GeForce_RTX_3080,10,
coatnet_0_rw_224,64,16,fp16,7.553023815155029,False,NVIDIA_GeForce_RTX_3080,10,
coatnet_0_rw_224,64,16,fp32,9.605119705200195,False,NVIDIA_GeForce_RTX_3080,10,
coatnet_0_rw_224,64,32,bf16,11.387392044067385,False,NVIDIA_GeForce_RTX_3080,10,
coatnet_0_rw_224,64,32,fp16,10.175999641418455,False,NVIDIA_GeForce_RTX_3080,10,
coatnet_0_rw_224,64,32,fp32,14.448127746582031,False,NVIDIA_GeForce_RTX_3080,10,
coatnet_0_rw_224,64,64,bf16,16.832368850708008,False,NVIDIA_GeForce_RTX_3080,10,
coatnet_0_rw_224,64,64,fp16,14.758399963378906,False,NVIDIA_GeForce_RTX_3080,10,
coatnet_0_rw_224,64,64,fp32,24.296287536621094,False,NVIDIA_GeForce_RTX_3080,10,
coatnet_0_rw_224,128,16,bf16,16.124319076538086,False,NVIDIA_GeForce_RTX_3080,10,
coatnet_0_rw_224,128,16,fp16,14.228992462158203,False,NVIDIA_GeForce_RTX_3080,10,
coatnet_0_rw_224,128,16,fp32,21.96222305297852,False,NVIDIA_GeForce_RTX_3080,10,
coatnet_0_rw_224,128,32,bf16,26.61324882507324,False,NVIDIA_GeForce_RTX_3080,10,
coatnet_0_rw_224,128,32,fp16,23.19923210144043,False,NVIDIA_GeForce_RTX_3080,10,
coatnet_0_rw_224,128,32,fp32,39.22983932495117,False,NVIDIA_GeForce_RTX_3080,10,
coatnet_0_rw_224,128,64,bf16,47.898624420166016,False,NVIDIA_GeForce_RTX_3080,10,
coatnet_0_rw_224,128,64,fp16,41.6629753112793,False,NVIDIA_GeForce_RTX_3080,10,
coatnet_0_rw_224,128,64,fp32,73.58515167236328,False,NVIDIA_GeForce_RTX_3080,10,
coatnet_0_rw_224,224,16,bf16,42.13595199584961,False,NVIDIA_GeForce_RTX_3080,10,
coatnet_0_rw_224,224,16,fp16,36.93260955810547,False,NVIDIA_GeForce_RTX_3080,10,
coatnet_0_rw_224,224,16,fp32,66.84056091308594,False,NVIDIA_GeForce_RTX_3080,10,
coatnet_0_rw_224,224,32,bf16,75.31861114501953,False,NVIDIA_GeForce_RTX_3080,10,
coatnet_0_rw_224,224,32,fp16,65.74534606933594,False,NVIDIA_GeForce_RTX_3080,10,
coatnet_0_rw_224,224,32,fp32,126.68819427490234,False,NVIDIA_GeForce_RTX_3080,10,
coatnet_0_rw_224,224,64,bf16,144.5729217529297,False,NVIDIA_GeForce_RTX_3080,10,
coatnet_0_rw_224,224,64,fp16,127.17670440673828,False,NVIDIA_GeForce_RTX_3080,10,
coatnet_0_rw_224,224,64,fp32,,True,NVIDIA_GeForce_RTX_3080,10,
coatnet_1_rw_224,64,16,bf16,13.599743843078612,False,NVIDIA_GeForce_RTX_3080,10,
coatnet_1_rw_224,64,16,fp16,12.547391891479492,False,NVIDIA_GeForce_RTX_3080,10,
coatnet_1_rw_224,64,16,fp32,16.147951126098633,False,NVIDIA_GeForce_RTX_3080,10,
coatnet_1_rw_224,64,32,bf16,19.08577537536621,False,NVIDIA_GeForce_RTX_3080,10,
coatnet_1_rw_224,64,32,fp16,17.23289680480957,False,NVIDIA_GeForce_RTX_3080,10,
coatnet_1_rw_224,64,32,fp32,24.43400001525879,False,NVIDIA_GeForce_RTX_3080,10,
coatnet_1_rw_224,64,64,bf16,28.279808044433597,False,NVIDIA_GeForce_RTX_3080,10,
coatnet_1_rw_224,64,64,fp16,25.32761573791504,False,NVIDIA_GeForce_RTX_3080,10,
coatnet_1_rw_224,64,64,fp32,41.5175666809082,False,NVIDIA_GeForce_RTX_3080,10,
coatnet_1_rw_224,128,16,bf16,27.14401626586914,False,NVIDIA_GeForce_RTX_3080,10,
coatnet_1_rw_224,128,16,fp16,24.356351852416992,False,NVIDIA_GeForce_RTX_3080,10,
coatnet_1_rw_224,128,16,fp32,37.87569427490234,False,NVIDIA_GeForce_RTX_3080,10,
coatnet_1_rw_224,128,32,bf16,44.87372970581055,False,NVIDIA_GeForce_RTX_3080,10,
coatnet_1_rw_224,128,32,fp16,39.73155212402344,False,NVIDIA_GeForce_RTX_3080,10,
coatnet_1_rw_224,128,32,fp32,68.03814697265625,False,NVIDIA_GeForce_RTX_3080,10,
coatnet_1_rw_224,128,64,bf16,81.22930908203125,False,NVIDIA_GeForce_RTX_3080,10,
coatnet_1_rw_224,128,64,fp16,72.21956634521484,False,NVIDIA_GeForce_RTX_3080,10,
coatnet_1_rw_224,128,64,fp32,147.47340393066406,False,NVIDIA_GeForce_RTX_3080,10,
coatnet_1_rw_224,224,16,bf16,72.31334686279297,False,NVIDIA_GeForce_RTX_3080,10,
coatnet_1_rw_224,224,16,fp16,64.76850891113281,False,NVIDIA_GeForce_RTX_3080,10,
coatnet_1_rw_224,224,16,fp32,119.53705596923828,False,NVIDIA_GeForce_RTX_3080,10,
coatnet_1_rw_224,224,32,bf16,130.0536346435547,False,NVIDIA_GeForce_RTX_3080,10,
coatnet_1_rw_224,224,32,fp16,116.45235443115234,False,NVIDIA_GeForce_RTX_3080,10,
coatnet_1_rw_224,224,32,fp32,,True,NVIDIA_GeForce_RTX_3080,10,
coatnet_1_rw_224,224,64,bf16,,True,NVIDIA_GeForce_RTX_3080,10,
coatnet_1_rw_224,224,64,fp16,,True,NVIDIA_GeForce_RTX_3080,10,
coatnet_1_rw_224,224,64,fp32,,True,NVIDIA_GeForce_RTX_3080,10,
coatnet_2_rw_224,64,16,bf16,18.93580818176269,False,NVIDIA_GeForce_RTX_3080,10,
coatnet_2_rw_224,64,16,fp16,17.736703872680664,False,NVIDIA_GeForce_RTX_3080,10,
coatnet_2_rw_224,64,16,fp32,23.17158317565918,False,NVIDIA_GeForce_RTX_3080,10,
coatnet_2_rw_224,64,32,bf16,26.53644752502441,False,NVIDIA_GeForce_RTX_3080,10,
coatnet_2_rw_224,64,32,fp16,24.50790405273437,False,NVIDIA_GeForce_RTX_3080,10,
coatnet_2_rw_224,64,32,fp32,34.638336181640625,False,NVIDIA_GeForce_RTX_3080,10,
coatnet_2_rw_224,64,64,bf16,39.66705703735352,False,NVIDIA_GeForce_RTX_3080,10,
coatnet_2_rw_224,64,64,fp16,36.76208114624024,False,NVIDIA_GeForce_RTX_3080,10,
coatnet_2_rw_224,64,64,fp32,58.56460952758789,False,NVIDIA_GeForce_RTX_3080,10,
coatnet_2_rw_224,128,16,bf16,37.75019073486328,False,NVIDIA_GeForce_RTX_3080,10,
coatnet_2_rw_224,128,16,fp16,34.557952880859375,False,NVIDIA_GeForce_RTX_3080,10,
coatnet_2_rw_224,128,16,fp32,54.25715255737305,False,NVIDIA_GeForce_RTX_3080,10,
coatnet_2_rw_224,128,32,bf16,64.22732543945312,False,NVIDIA_GeForce_RTX_3080,10,
coatnet_2_rw_224,128,32,fp16,58.11251068115234,False,NVIDIA_GeForce_RTX_3080,10,
coatnet_2_rw_224,128,32,fp32,105.22828674316406,False,NVIDIA_GeForce_RTX_3080,10,
coatnet_2_rw_224,128,64,bf16,117.9530258178711,False,NVIDIA_GeForce_RTX_3080,10,
coatnet_2_rw_224,128,64,fp16,106.4079360961914,False,NVIDIA_GeForce_RTX_3080,10,
coatnet_2_rw_224,128,64,fp32,,True,NVIDIA_GeForce_RTX_3080,10,
coatnet_2_rw_224,224,16,bf16,102.26636505126952,False,NVIDIA_GeForce_RTX_3080,10,
coatnet_2_rw_224,224,16,fp16,93.10088348388672,False,NVIDIA_GeForce_RTX_3080,10,
coatnet_2_rw_224,224,16,fp32,196.7887420654297,False,NVIDIA_GeForce_RTX_3080,10,
coatnet_2_rw_224,224,32,bf16,483.0764770507813,False,NVIDIA_GeForce_RTX_3080,10,
coatnet_2_rw_224,224,32,fp16,481.4395751953125,False,NVIDIA_GeForce_RTX_3080,10,
coatnet_2_rw_224,224,32,fp32,,True,NVIDIA_GeForce_RTX_3080,10,
coatnet_2_rw_224,224,64,bf16,,True,NVIDIA_GeForce_RTX_3080,10,
coatnet_2_rw_224,224,64,fp16,,True,NVIDIA_GeForce_RTX_3080,10,
coatnet_2_rw_224,224,64,fp32,,True,NVIDIA_GeForce_RTX_3080,10,
convnext_base,64,16,bf16,17.514911651611328,False,NVIDIA_GeForce_RTX_3080,10,
convnext_base,64,16,fp16,17.2410888671875,False,NVIDIA_GeForce_RTX_3080,10,
convnext_base,64,16,fp32,27.112960815429688,False,NVIDIA_GeForce_RTX_3080,10,
convnext_base,64,32,bf16,22.95142364501953,False,NVIDIA_GeForce_RTX_3080,10,
convnext_base,64,32,fp16,22.68569564819336,False,NVIDIA_GeForce_RTX_3080,10,
convnext_base,64,32,fp32,47.88724899291992,False,NVIDIA_GeForce_RTX_3080,10,
convnext_base,64,64,bf16,31.582687377929688,False,NVIDIA_GeForce_RTX_3080,10,
convnext_base,64,64,fp16,31.631296157836918,False,NVIDIA_GeForce_RTX_3080,10,
convnext_base,64,64,fp32,70.87615966796875,False,NVIDIA_GeForce_RTX_3080,10,
convnext_base,128,16,bf16,29.46816062927246,False,NVIDIA_GeForce_RTX_3080,10,
convnext_base,128,16,fp16,29.30995178222656,False,NVIDIA_GeForce_RTX_3080,10,
convnext_base,128,16,fp32,74.40673828125,False,NVIDIA_GeForce_RTX_3080,10,
convnext_base,128,32,bf16,47.12704086303711,False,NVIDIA_GeForce_RTX_3080,10,
convnext_base,128,32,fp16,46.72051239013672,False,NVIDIA_GeForce_RTX_3080,10,
convnext_base,128,32,fp32,273.1510009765625,False,NVIDIA_GeForce_RTX_3080,10,
convnext_base,128,64,bf16,82.32959747314453,False,NVIDIA_GeForce_RTX_3080,10,
convnext_base,128,64,fp16,81.63021087646484,False,NVIDIA_GeForce_RTX_3080,10,
convnext_base,128,64,fp32,370.9874572753906,False,NVIDIA_GeForce_RTX_3080,10,
convnext_base,224,16,bf16,67.34489440917969,False,NVIDIA_GeForce_RTX_3080,10,
convnext_base,224,16,fp16,67.14505767822266,False,NVIDIA_GeForce_RTX_3080,10,
convnext_base,224,16,fp32,337.6834411621094,False,NVIDIA_GeForce_RTX_3080,10,
convnext_base,224,32,bf16,119.43679809570312,False,NVIDIA_GeForce_RTX_3080,10,
convnext_base,224,32,fp16,119.79264068603516,False,NVIDIA_GeForce_RTX_3080,10,
convnext_base,224,32,fp32,2156.998046875,False,NVIDIA_GeForce_RTX_3080,10,precision_artifact
convnext_base,224,64,bf16,,True,NVIDIA_GeForce_RTX_3080,10,
convnext_base,224,64,fp16,,True,NVIDIA_GeForce_RTX_3080,10,
convnext_base,224,64,fp32,,True,NVIDIA_GeForce_RTX_3080,10,
convnext_large,64,16,bf16,32.11366271972656,False,NVIDIA_GeForce_RTX_3080,10,
convnext_large,64,16,fp16,32.379390716552734,False,NVIDIA_GeForce_RTX_3080,10,
convnext_large,64,16,fp32,49.44504165649414,False,NVIDIA_GeForce_RTX_3080,10,
convnext_large,64,32,bf16,41.790977478027344,False,NVIDIA_GeForce_RTX_3080,10,
convnext_large,64,32,fp16,43.05100631713867,False,NVIDIA_GeForce_RTX_3080,10,
convnext_large,64,32,fp32,87.66976165771484,False,NVIDIA_GeForce_RTX_3080,10,
convnext_large,64,64,bf16,62.17625427246094,False,NVIDIA_GeForce_RTX_3080,10,
convnext_large,64,64,fp16,61.38060760498047,False,NVIDIA_GeForce_RTX_3080,10,
convnext_large,64,64,fp32,130.13809204101562,False,NVIDIA_GeForce_RTX_3080,10,
convnext_large,128,16,bf16,59.06785583496094,False,NVIDIA_GeForce_RTX_3080,10,
convnext_large,128,16,fp16,58.24051284790039,False,NVIDIA_GeForce_RTX_3080,10,
convnext_large,128,16,fp32,137.88723754882812,False,NVIDIA_GeForce_RTX_3080,10,
convnext_large,128,32,bf16,92.22124481201172,False,NVIDIA_GeForce_RTX_3080,10,
convnext_large,128,32,fp16,91.71660614013672,False,NVIDIA_GeForce_RTX_3080,10,
convnext_large,128,32,fp32,451.0953979492188,False,NVIDIA_GeForce_RTX_3080,10,
convnext_large,128,64,bf16,156.44825744628906,False,NVIDIA_GeForce_RTX_3080,10,
convnext_large,128,64,fp16,154.68031311035156,False,NVIDIA_GeForce_RTX_3080,10,
convnext_large,128,64,fp32,,True,NVIDIA_GeForce_RTX_3080,10,
convnext_large,224,16,bf16,127.1464614868164,False,NVIDIA_GeForce_RTX_3080,10,
convnext_large,224,16,fp16,123.6684799194336,False,NVIDIA_GeForce_RTX_3080,10,
convnext_large,224,16,fp32,2692.93408203125,False,NVIDIA_GeForce_RTX_3080,10,precision_artifact
convnext_large,224,32,bf16,,True,NVIDIA_GeForce_RTX_3080,10,
convnext_large,224,32,fp16,,True,NVIDIA_GeForce_RTX_3080,10,
convnext_large,224,32,fp32,,True,NVIDIA_GeForce_RTX_3080,10,
convnext_large,224,64,bf16,,True,NVIDIA_GeForce_RTX_3080,10,
convnext_large,224,64,fp16,,True,NVIDIA_GeForce_RTX_3080,10,
convnext_large,224,64,fp32,,True,NVIDIA_GeForce_RTX_3080,10,
convnext_small,64,16,bf16,12.980159759521484,False,NVIDIA_GeForce_RTX_3080,10,
convnext_small,64,16,fp16,12.56550407409668,False,NVIDIA_GeForce_RTX_3080,10,
convnext_small,64,16,fp32,19.54553604125977,False,NVIDIA_GeForce_RTX_3080,10,
convnext_small,64,32,bf16,16.76595115661621,False,NVIDIA_GeForce_RTX_3080,10,
convnext_small,64,32,fp16,16.13260841369629,False,NVIDIA_GeForce_RTX_3080,10,
convnext_small,64,32,fp32,34.872318267822266,False,NVIDIA_GeForce_RTX_3080,10,
convnext_small,64,64,bf16,23.618560791015625,False,NVIDIA_GeForce_RTX_3080,10,
convnext_small,64,64,fp16,22.77529525756836,False,NVIDIA_GeForce_RTX_3080,10,
convnext_small,64,64,fp32,49.8416633605957,False,NVIDIA_GeForce_RTX_3080,10,
convnext_small,128,16,bf16,22.130176544189453,False,NVIDIA_GeForce_RTX_3080,10,
convnext_small,128,16,fp16,21.18231964111328,False,NVIDIA_GeForce_RTX_3080,10,
convnext_small,128,16,fp32,53.74710464477539,False,NVIDIA_GeForce_RTX_3080,10,
convnext_small,128,32,bf16,34.34542465209961,False,NVIDIA_GeForce_RTX_3080,10,
convnext_small,128,32,fp16,34.429439544677734,False,NVIDIA_GeForce_RTX_3080,10,
convnext_small,128,32,fp32,194.50982666015625,False,NVIDIA_GeForce_RTX_3080,10,
convnext_small,128,64,bf16,60.467681884765625,False,NVIDIA_GeForce_RTX_3080,10,
convnext_small,128,64,fp16,60.84352111816406,False,NVIDIA_GeForce_RTX_3080,10,
convnext_small,128,64,fp32,280.0466003417969,False,NVIDIA_GeForce_RTX_3080,10,
convnext_small,224,16,bf16,49.71403121948242,False,NVIDIA_GeForce_RTX_3080,10,
convnext_small,224,16,fp16,48.33331298828125,False,NVIDIA_GeForce_RTX_3080,10,
convnext_small,224,16,fp32,234.40423583984372,False,NVIDIA_GeForce_RTX_3080,10,
convnext_small,224,32,bf16,87.32244873046875,False,NVIDIA_GeForce_RTX_3080,10,
convnext_small,224,32,fp16,85.41641235351562,False,NVIDIA_GeForce_RTX_3080,10,
convnext_small,224,32,fp32,347.7273864746094,False,NVIDIA_GeForce_RTX_3080,10,
convnext_small,224,64,bf16,159.22926330566406,False,NVIDIA_GeForce_RTX_3080,10,
convnext_small,224,64,fp16,157.28941345214844,False,NVIDIA_GeForce_RTX_3080,10,
convnext_small,224,64,fp32,,True,NVIDIA_GeForce_RTX_3080,10,
convnext_tiny,64,16,bf16,7.230463981628418,False,NVIDIA_GeForce_RTX_3080,10,
convnext_tiny,64,16,fp16,7.037439823150635,False,NVIDIA_GeForce_RTX_3080,10,
convnext_tiny,64,16,fp32,12.37001609802246,False,NVIDIA_GeForce_RTX_3080,10,
convnext_tiny,64,32,bf16,9.414031982421877,False,NVIDIA_GeForce_RTX_3080,10,
convnext_tiny,64,32,fp16,9.120256423950195,False,NVIDIA_GeForce_RTX_3080,10,
convnext_tiny,64,32,fp32,24.30259132385254,False,NVIDIA_GeForce_RTX_3080,10,
convnext_tiny,64,64,bf16,13.4584321975708,False,NVIDIA_GeForce_RTX_3080,10,
convnext_tiny,64,64,fp16,13.296640396118164,False,NVIDIA_GeForce_RTX_3080,10,
convnext_tiny,64,64,fp32,32.9147834777832,False,NVIDIA_GeForce_RTX_3080,10,
convnext_tiny,128,16,bf16,12.826623916625977,False,NVIDIA_GeForce_RTX_3080,10,
convnext_tiny,128,16,fp16,12.554240226745604,False,NVIDIA_GeForce_RTX_3080,10,
convnext_tiny,128,16,fp32,33.818111419677734,False,NVIDIA_GeForce_RTX_3080,10,
convnext_tiny,128,32,bf16,20.505088806152344,False,NVIDIA_GeForce_RTX_3080,10,
convnext_tiny,128,32,fp16,20.62950325012207,False,NVIDIA_GeForce_RTX_3080,10,
convnext_tiny,128,32,fp32,87.75270080566406,False,NVIDIA_GeForce_RTX_3080,10,
convnext_tiny,128,64,bf16,36.44108963012695,False,NVIDIA_GeForce_RTX_3080,10,
convnext_tiny,128,64,fp16,36.45577621459961,False,NVIDIA_GeForce_RTX_3080,10,
convnext_tiny,128,64,fp32,134.54949951171875,False,NVIDIA_GeForce_RTX_3080,10,
convnext_tiny,224,16,bf16,29.50809669494629,False,NVIDIA_GeForce_RTX_3080,10,
convnext_tiny,224,16,fp16,28.86039924621582,False,NVIDIA_GeForce_RTX_3080,10,
convnext_tiny,224,16,fp32,110.94427490234376,False,NVIDIA_GeForce_RTX_3080,10,
convnext_tiny,224,32,bf16,51.0013427734375,False,NVIDIA_GeForce_RTX_3080,10,
convnext_tiny,224,32,fp16,50.08793640136719,False,NVIDIA_GeForce_RTX_3080,10,
convnext_tiny,224,32,fp32,175.0287322998047,False,NVIDIA_GeForce_RTX_3080,10,
convnext_tiny,224,64,bf16,93.39289855957033,False,NVIDIA_GeForce_RTX_3080,10,
convnext_tiny,224,64,fp16,92.29446411132812,False,NVIDIA_GeForce_RTX_3080,10,
convnext_tiny,224,64,fp32,303.0256652832031,False,NVIDIA_GeForce_RTX_3080,10,
convnextv2_base,64,16,bf16,23.47571182250977,False,NVIDIA_GeForce_RTX_3080,10,
convnextv2_base,64,16,fp16,23.21183967590332,False,NVIDIA_GeForce_RTX_3080,10,
convnextv2_base,64,16,fp32,32.42747116088867,False,NVIDIA_GeForce_RTX_3080,10,
convnextv2_base,64,32,bf16,34.374656677246094,False,NVIDIA_GeForce_RTX_3080,10,
convnextv2_base,64,32,fp16,34.06694412231445,False,NVIDIA_GeForce_RTX_3080,10,
convnextv2_base,64,32,fp32,59.85587310791016,False,NVIDIA_GeForce_RTX_3080,10,
convnextv2_base,64,64,bf16,53.76153564453125,False,NVIDIA_GeForce_RTX_3080,10,
convnextv2_base,64,64,fp16,53.74924850463867,False,NVIDIA_GeForce_RTX_3080,10,
convnextv2_base,64,64,fp32,90.53955078125,False,NVIDIA_GeForce_RTX_3080,10,
convnextv2_base,128,16,bf16,51.30239868164063,False,NVIDIA_GeForce_RTX_3080,10,
convnextv2_base,128,16,fp16,51.14879989624024,False,NVIDIA_GeForce_RTX_3080,10,
convnextv2_base,128,16,fp32,95.0609893798828,False,NVIDIA_GeForce_RTX_3080,10,
convnextv2_base,128,32,bf16,88.58305358886719,False,NVIDIA_GeForce_RTX_3080,10,
convnextv2_base,128,32,fp16,88.20377349853516,False,NVIDIA_GeForce_RTX_3080,10,
convnextv2_base,128,32,fp32,320.7204895019531,False,NVIDIA_GeForce_RTX_3080,10,
convnextv2_base,128,64,bf16,162.60598754882812,False,NVIDIA_GeForce_RTX_3080,10,
convnextv2_base,128,64,fp16,162.22515869140625,False,NVIDIA_GeForce_RTX_3080,10,
convnextv2_base,128,64,fp32,1705.5574951171875,False,NVIDIA_GeForce_RTX_3080,10,precision_artifact
convnextv2_base,224,16,bf16,128.9506072998047,False,NVIDIA_GeForce_RTX_3080,10,
convnextv2_base,224,16,fp16,128.6625213623047,False,NVIDIA_GeForce_RTX_3080,10,
convnextv2_base,224,16,fp32,412.95361328125,False,NVIDIA_GeForce_RTX_3080,10,
convnextv2_base,224,32,bf16,,True,NVIDIA_GeForce_RTX_3080,10,
convnextv2_base,224,32,fp16,,True,NVIDIA_GeForce_RTX_3080,10,
convnextv2_base,224,32,fp32,,True,NVIDIA_GeForce_RTX_3080,10,
convnextv2_base,224,64,bf16,,True,NVIDIA_GeForce_RTX_3080,10,
convnextv2_base,224,64,fp16,,True,NVIDIA_GeForce_RTX_3080,10,
convnextv2_base,224,64,fp32,,True,NVIDIA_GeForce_RTX_3080,10,
deit_base_patch16_224,64,16,bf16,14.85756778717041,False,NVIDIA_GeForce_RTX_3080,10,
deit_base_patch16_224,64,16,fp16,14.38156795501709,False,NVIDIA_GeForce_RTX_3080,10,
deit_base_patch16_224,64,16,fp32,20.615583419799805,False,NVIDIA_GeForce_RTX_3080,10,
deit_base_patch16_224,64,32,bf16,18.983936309814453,False,NVIDIA_GeForce_RTX_3080,10,
deit_base_patch16_224,64,32,fp16,19.045360565185547,False,NVIDIA_GeForce_RTX_3080,10,
deit_base_patch16_224,64,32,fp32,30.493040084838867,False,NVIDIA_GeForce_RTX_3080,10,
deit_base_patch16_224,64,64,bf16,29.007871627807617,False,NVIDIA_GeForce_RTX_3080,10,
deit_base_patch16_224,64,64,fp16,28.196271896362305,False,NVIDIA_GeForce_RTX_3080,10,
deit_base_patch16_224,64,64,fp32,49.59385681152344,False,NVIDIA_GeForce_RTX_3080,10,
deit_base_patch16_224,128,16,bf16,27.26655960083008,False,NVIDIA_GeForce_RTX_3080,10,
deit_base_patch16_224,128,16,fp16,25.95583915710449,False,NVIDIA_GeForce_RTX_3080,10,
deit_base_patch16_224,128,16,fp32,49.64352035522461,False,NVIDIA_GeForce_RTX_3080,10,
deit_base_patch16_224,128,32,bf16,40.21811294555664,False,NVIDIA_GeForce_RTX_3080,10,
deit_base_patch16_224,128,32,fp16,40.12798309326172,False,NVIDIA_GeForce_RTX_3080,10,
deit_base_patch16_224,128,32,fp32,88.47513580322266,False,NVIDIA_GeForce_RTX_3080,10,
deit_base_patch16_224,128,64,bf16,69.11027526855469,False,NVIDIA_GeForce_RTX_3080,10,
deit_base_patch16_224,128,64,fp16,66.23827362060547,False,NVIDIA_GeForce_RTX_3080,10,
deit_base_patch16_224,128,64,fp32,159.3605194091797,False,NVIDIA_GeForce_RTX_3080,10,
deit_base_patch16_224,224,16,bf16,57.57952117919922,False,NVIDIA_GeForce_RTX_3080,10,
deit_base_patch16_224,224,16,fp16,54.128639221191406,False,NVIDIA_GeForce_RTX_3080,10,
deit_base_patch16_224,224,16,fp32,136.55242919921875,False,NVIDIA_GeForce_RTX_3080,10,
deit_base_patch16_224,224,32,bf16,101.84430694580078,False,NVIDIA_GeForce_RTX_3080,10,
deit_base_patch16_224,224,32,fp16,94.40767669677734,False,NVIDIA_GeForce_RTX_3080,10,
deit_base_patch16_224,224,32,fp32,253.7169952392578,False,NVIDIA_GeForce_RTX_3080,10,
deit_base_patch16_224,224,64,bf16,192.0834503173828,False,NVIDIA_GeForce_RTX_3080,10,
deit_base_patch16_224,224,64,fp16,177.5794219970703,False,NVIDIA_GeForce_RTX_3080,10,
deit_base_patch16_224,224,64,fp32,2674.366455078125,False,NVIDIA_GeForce_RTX_3080,10,precision_artifact
deit_small_patch16_224,64,16,bf16,5.986815929412842,False,NVIDIA_GeForce_RTX_3080,10,
deit_small_patch16_224,64,16,fp16,5.5597758293151855,False,NVIDIA_GeForce_RTX_3080,10,
deit_small_patch16_224,64,16,fp32,7.858687877655029,False,NVIDIA_GeForce_RTX_3080,10,
deit_small_patch16_224,64,32,bf16,7.611392021179199,False,NVIDIA_GeForce_RTX_3080,10,
deit_small_patch16_224,64,32,fp16,7.149968147277832,False,NVIDIA_GeForce_RTX_3080,10,
deit_small_patch16_224,64,32,fp32,11.424768447875977,False,NVIDIA_GeForce_RTX_3080,10,
deit_small_patch16_224,64,64,bf16,10.287535667419434,False,NVIDIA_GeForce_RTX_3080,10,
deit_small_patch16_224,64,64,fp16,9.671168327331545,False,NVIDIA_GeForce_RTX_3080,10,
deit_small_patch16_224,64,64,fp32,17.7838077545166,False,NVIDIA_GeForce_RTX_3080,10,
deit_small_patch16_224,128,16,bf16,9.52627182006836,False,NVIDIA_GeForce_RTX_3080,10,
deit_small_patch16_224,128,16,fp16,8.777728080749512,False,NVIDIA_GeForce_RTX_3080,10,
deit_small_patch16_224,128,16,fp32,17.90559959411621,False,NVIDIA_GeForce_RTX_3080,10,
deit_small_patch16_224,128,32,bf16,14.509056091308594,False,NVIDIA_GeForce_RTX_3080,10,
deit_small_patch16_224,128,32,fp16,14.106623649597168,False,NVIDIA_GeForce_RTX_3080,10,
deit_small_patch16_224,128,32,fp32,29.70622444152832,False,NVIDIA_GeForce_RTX_3080,10,
deit_small_patch16_224,128,64,bf16,24.90624046325684,False,NVIDIA_GeForce_RTX_3080,10,
deit_small_patch16_224,128,64,fp16,24.021392822265625,False,NVIDIA_GeForce_RTX_3080,10,
deit_small_patch16_224,128,64,fp32,53.35091018676758,False,NVIDIA_GeForce_RTX_3080,10,
deit_small_patch16_224,224,16,bf16,20.94379234313965,False,NVIDIA_GeForce_RTX_3080,10,
deit_small_patch16_224,224,16,fp16,20.07038307189941,False,NVIDIA_GeForce_RTX_3080,10,
deit_small_patch16_224,224,16,fp32,46.1475830078125,False,NVIDIA_GeForce_RTX_3080,10,
deit_small_patch16_224,224,32,bf16,36.73190307617188,False,NVIDIA_GeForce_RTX_3080,10,
deit_small_patch16_224,224,32,fp16,35.02387237548828,False,NVIDIA_GeForce_RTX_3080,10,
deit_small_patch16_224,224,32,fp32,84.88243103027344,False,NVIDIA_GeForce_RTX_3080,10,
deit_small_patch16_224,224,64,bf16,66.08025360107422,False,NVIDIA_GeForce_RTX_3080,10,
deit_small_patch16_224,224,64,fp16,64.6378402709961,False,NVIDIA_GeForce_RTX_3080,10,
deit_small_patch16_224,224,64,fp32,162.287109375,False,NVIDIA_GeForce_RTX_3080,10,
deit_tiny_patch16_224,64,16,bf16,3.5937280654907227,False,NVIDIA_GeForce_RTX_3080,10,
deit_tiny_patch16_224,64,16,fp16,3.2189440727233887,False,NVIDIA_GeForce_RTX_3080,10,
deit_tiny_patch16_224,64,16,fp32,3.8558719158172607,False,NVIDIA_GeForce_RTX_3080,10,
deit_tiny_patch16_224,64,32,bf16,4.374512195587158,False,NVIDIA_GeForce_RTX_3080,10,
deit_tiny_patch16_224,64,32,fp16,4.0749921798706055,False,NVIDIA_GeForce_RTX_3080,10,
deit_tiny_patch16_224,64,32,fp32,5.387087821960449,False,NVIDIA_GeForce_RTX_3080,10,
deit_tiny_patch16_224,64,64,bf16,5.404160022735596,False,NVIDIA_GeForce_RTX_3080,10,
deit_tiny_patch16_224,64,64,fp16,5.189119815826416,False,NVIDIA_GeForce_RTX_3080,10,
deit_tiny_patch16_224,64,64,fp32,7.58732795715332,False,NVIDIA_GeForce_RTX_3080,10,
deit_tiny_patch16_224,128,16,bf16,5.020671844482422,False,NVIDIA_GeForce_RTX_3080,10,
deit_tiny_patch16_224,128,16,fp16,4.717567920684815,False,NVIDIA_GeForce_RTX_3080,10,
deit_tiny_patch16_224,128,16,fp32,7.891871929168701,False,NVIDIA_GeForce_RTX_3080,10,
deit_tiny_patch16_224,128,32,bf16,7.438223838806152,False,NVIDIA_GeForce_RTX_3080,10,
deit_tiny_patch16_224,128,32,fp16,7.156735897064209,False,NVIDIA_GeForce_RTX_3080,10,
deit_tiny_patch16_224,128,32,fp32,12.650959968566896,False,NVIDIA_GeForce_RTX_3080,10,
deit_tiny_patch16_224,128,64,bf16,11.168767929077148,False,NVIDIA_GeForce_RTX_3080,10,
deit_tiny_patch16_224,128,64,fp16,10.993151664733888,False,NVIDIA_GeForce_RTX_3080,10,
deit_tiny_patch16_224,128,64,fp32,21.73627281188965,False,NVIDIA_GeForce_RTX_3080,10,
deit_tiny_patch16_224,224,16,bf16,9.656319618225098,False,NVIDIA_GeForce_RTX_3080,10,
deit_tiny_patch16_224,224,16,fp16,9.253888130187988,False,NVIDIA_GeForce_RTX_3080,10,
deit_tiny_patch16_224,224,16,fp32,19.347455978393555,False,NVIDIA_GeForce_RTX_3080,10,
deit_tiny_patch16_224,224,32,bf16,16.655359268188477,False,NVIDIA_GeForce_RTX_3080,10,
deit_tiny_patch16_224,224,32,fp16,16.016895294189453,False,NVIDIA_GeForce_RTX_3080,10,
deit_tiny_patch16_224,224,32,fp32,34.87374496459961,False,NVIDIA_GeForce_RTX_3080,10,
deit_tiny_patch16_224,224,64,bf16,30.127599716186523,False,NVIDIA_GeForce_RTX_3080,10,
deit_tiny_patch16_224,224,64,fp16,28.760576248168945,False,NVIDIA_GeForce_RTX_3080,10,
deit_tiny_patch16_224,224,64,fp32,65.71826934814453,False,NVIDIA_GeForce_RTX_3080,10,
densenet121,64,16,bf16,10.27575969696045,False,NVIDIA_GeForce_RTX_3080,10,
densenet121,64,16,fp16,9.740799903869627,False,NVIDIA_GeForce_RTX_3080,10,
densenet121,64,16,fp32,11.819519996643066,False,NVIDIA_GeForce_RTX_3080,10,
densenet121,64,32,bf16,12.783616065979004,False,NVIDIA_GeForce_RTX_3080,10,
densenet121,64,32,fp16,12.45849609375,False,NVIDIA_GeForce_RTX_3080,10,
densenet121,64,32,fp32,15.311360359191896,False,NVIDIA_GeForce_RTX_3080,10,
densenet121,64,64,bf16,18.34956741333008,False,NVIDIA_GeForce_RTX_3080,10,
densenet121,64,64,fp16,17.3624324798584,False,NVIDIA_GeForce_RTX_3080,10,
densenet121,64,64,fp32,22.15782356262207,False,NVIDIA_GeForce_RTX_3080,10,
densenet121,128,16,bf16,16.242687225341797,False,NVIDIA_GeForce_RTX_3080,10,
densenet121,128,16,fp16,14.851072311401367,False,NVIDIA_GeForce_RTX_3080,10,
densenet121,128,16,fp32,20.098047256469727,False,NVIDIA_GeForce_RTX_3080,10,
densenet121,128,32,bf16,23.798784255981445,False,NVIDIA_GeForce_RTX_3080,10,
densenet121,128,32,fp16,22.312959671020508,False,NVIDIA_GeForce_RTX_3080,10,
densenet121,128,32,fp32,36.74470520019531,False,NVIDIA_GeForce_RTX_3080,10,
densenet121,128,64,bf16,39.36511993408203,False,NVIDIA_GeForce_RTX_3080,10,
densenet121,128,64,fp16,36.35251235961914,False,NVIDIA_GeForce_RTX_3080,10,
densenet121,128,64,fp32,58.90595245361328,False,NVIDIA_GeForce_RTX_3080,10,
densenet121,224,16,bf16,34.35054397583008,False,NVIDIA_GeForce_RTX_3080,10,
densenet121,224,16,fp16,30.440784454345703,False,NVIDIA_GeForce_RTX_3080,10,
densenet121,224,16,fp32,47.710208892822266,False,NVIDIA_GeForce_RTX_3080,10,
densenet121,224,32,bf16,57.63891220092773,False,NVIDIA_GeForce_RTX_3080,10,
densenet121,224,32,fp16,51.986942291259766,False,NVIDIA_GeForce_RTX_3080,10,
densenet121,224,32,fp32,92.12147521972656,False,NVIDIA_GeForce_RTX_3080,10,
densenet121,224,64,bf16,104.42990112304688,False,NVIDIA_GeForce_RTX_3080,10,
densenet121,224,64,fp16,95.48953247070312,False,NVIDIA_GeForce_RTX_3080,10,
densenet121,224,64,fp32,,True,NVIDIA_GeForce_RTX_3080,10,
dm_nfnet_f1,64,16,bf16,36.52395248413086,False,NVIDIA_GeForce_RTX_3080,10,
dm_nfnet_f1,64,16,fp16,36.38476943969727,False,NVIDIA_GeForce_RTX_3080,10,
dm_nfnet_f1,64,16,fp32,44.9438705444336,False,NVIDIA_GeForce_RTX_3080,10,
dm_nfnet_f1,64,32,bf16,45.60424041748047,False,NVIDIA_GeForce_RTX_3080,10,
dm_nfnet_f1,64,32,fp16,45.22496032714844,False,NVIDIA_GeForce_RTX_3080,10,
dm_nfnet_f1,64,32,fp32,56.51798248291016,False,NVIDIA_GeForce_RTX_3080,10,
dm_nfnet_f1,64,64,bf16,67.17288208007812,False,NVIDIA_GeForce_RTX_3080,10,
dm_nfnet_f1,64,64,fp16,66.55470275878906,False,NVIDIA_GeForce_RTX_3080,10,
dm_nfnet_f1,64,64,fp32,85.08740997314453,False,NVIDIA_GeForce_RTX_3080,10,
dm_nfnet_f1,128,16,bf16,51.848289489746094,False,NVIDIA_GeForce_RTX_3080,10,
dm_nfnet_f1,128,16,fp16,51.498497009277344,False,NVIDIA_GeForce_RTX_3080,10,
dm_nfnet_f1,128,16,fp32,69.56800079345703,False,NVIDIA_GeForce_RTX_3080,10,
dm_nfnet_f1,128,32,bf16,80.5406723022461,False,NVIDIA_GeForce_RTX_3080,10,
dm_nfnet_f1,128,32,fp16,80.05745697021484,False,NVIDIA_GeForce_RTX_3080,10,
dm_nfnet_f1,128,32,fp32,126.17113494873048,False,NVIDIA_GeForce_RTX_3080,10,
dm_nfnet_f1,128,64,bf16,135.9052734375,False,NVIDIA_GeForce_RTX_3080,10,
dm_nfnet_f1,128,64,fp16,135.6844482421875,False,NVIDIA_GeForce_RTX_3080,10,
dm_nfnet_f1,128,64,fp32,224.53131103515625,False,NVIDIA_GeForce_RTX_3080,10,
dm_nfnet_f1,224,16,bf16,103.50067138671876,False,NVIDIA_GeForce_RTX_3080,10,
dm_nfnet_f1,224,16,fp16,102.54956817626952,False,NVIDIA_GeForce_RTX_3080,10,
dm_nfnet_f1,224,16,fp32,184.58058166503903,False,NVIDIA_GeForce_RTX_3080,10,
dm_nfnet_f1,224,32,bf16,178.86822509765625,False,NVIDIA_GeForce_RTX_3080,10,
dm_nfnet_f1,224,32,fp16,178.0852508544922,False,NVIDIA_GeForce_RTX_3080,10,
dm_nfnet_f1,224,32,fp32,,True,NVIDIA_GeForce_RTX_3080,10,
dm_nfnet_f1,224,64,bf16,,True,NVIDIA_GeForce_RTX_3080,10,
dm_nfnet_f1,224,64,fp16,,True,NVIDIA_GeForce_RTX_3080,10,
dm_nfnet_f1,224,64,fp32,,True,NVIDIA_GeForce_RTX_3080,10,
efficientnet_b0,64,16,bf16,6.668288230895996,False,NVIDIA_GeForce_RTX_3080,10,
efficientnet_b0,64,16,fp16,6.336448192596436,False,NVIDIA_GeForce_RTX_3080,10,
efficientnet_b0,64,16,fp32,6.32155179977417,False,NVIDIA_GeForce_RTX_3080,10,
efficientnet_b0,64,32,bf16,8.336383819580078,False,NVIDIA_GeForce_RTX_3080,10,
efficientnet_b0,64,32,fp16,7.452159881591797,False,NVIDIA_GeForce_RTX_3080,10,
efficientnet_b0,64,32,fp32,8.855039596557617,False,NVIDIA_GeForce_RTX_3080,10,
efficientnet_b0,64,64,bf16,12.257280349731444,False,NVIDIA_GeForce_RTX_3080,10,
efficientnet_b0,64,64,fp16,10.555904388427734,False,NVIDIA_GeForce_RTX_3080,10,
efficientnet_b0,64,64,fp32,13.607775688171388,False,NVIDIA_GeForce_RTX_3080,10,
efficientnet_b0,128,16,bf16,9.678768157958984,False,NVIDIA_GeForce_RTX_3080,10,
efficientnet_b0,128,16,fp16,8.134655952453613,False,NVIDIA_GeForce_RTX_3080,10,
efficientnet_b0,128,16,fp32,11.318608283996582,False,NVIDIA_GeForce_RTX_3080,10,
efficientnet_b0,128,32,bf16,15.201616287231444,False,NVIDIA_GeForce_RTX_3080,10,
efficientnet_b0,128,32,fp16,12.581695556640623,False,NVIDIA_GeForce_RTX_3080,10,
efficientnet_b0,128,32,fp32,18.19443130493164,False,NVIDIA_GeForce_RTX_3080,10,
efficientnet_b0,128,64,bf16,24.61030387878418,False,NVIDIA_GeForce_RTX_3080,10,
efficientnet_b0,128,64,fp16,19.65875244140625,False,NVIDIA_GeForce_RTX_3080,10,
efficientnet_b0,128,64,fp32,32.72243118286133,False,NVIDIA_GeForce_RTX_3080,10,
efficientnet_b0,224,16,bf16,20.01238441467285,False,NVIDIA_GeForce_RTX_3080,10,
efficientnet_b0,224,16,fp16,15.439871788024902,False,NVIDIA_GeForce_RTX_3080,10,
efficientnet_b0,224,16,fp32,24.724992752075195,False,NVIDIA_GeForce_RTX_3080,10,
efficientnet_b0,224,32,bf16,35.76931381225586,False,NVIDIA_GeForce_RTX_3080,10,
efficientnet_b0,224,32,fp16,27.13742446899414,False,NVIDIA_GeForce_RTX_3080,10,
efficientnet_b0,224,32,fp32,46.2402572631836,False,NVIDIA_GeForce_RTX_3080,10,
efficientnet_b0,224,64,bf16,65.97376251220703,False,NVIDIA_GeForce_RTX_3080,10,
efficientnet_b0,224,64,fp16,49.36689758300781,False,NVIDIA_GeForce_RTX_3080,10,
efficientnet_b0,224,64,fp32,88.51148986816406,False,NVIDIA_GeForce_RTX_3080,10,
efficientnet_b3,64,16,bf16,11.935088157653809,False,NVIDIA_GeForce_RTX_3080,10,
efficientnet_b3,64,16,fp16,10.799087524414062,False,NVIDIA_GeForce_RTX_3080,10,
efficientnet_b3,64,16,fp32,12.113391876220703,False,NVIDIA_GeForce_RTX_3080,10,
efficientnet_b3,64,32,bf16,15.119199752807615,False,NVIDIA_GeForce_RTX_3080,10,
efficientnet_b3,64,32,fp16,13.303808212280272,False,NVIDIA_GeForce_RTX_3080,10,
efficientnet_b3,64,32,fp32,17.067007064819336,False,NVIDIA_GeForce_RTX_3080,10,
efficientnet_b3,64,64,bf16,22.161407470703125,False,NVIDIA_GeForce_RTX_3080,10,
efficientnet_b3,64,64,fp16,18.74990463256836,False,NVIDIA_GeForce_RTX_3080,10,
efficientnet_b3,64,64,fp32,27.43654441833496,False,NVIDIA_GeForce_RTX_3080,10,
efficientnet_b3,128,16,bf16,17.49448013305664,False,NVIDIA_GeForce_RTX_3080,10,
efficientnet_b3,128,16,fp16,14.333951950073242,False,NVIDIA_GeForce_RTX_3080,10,
efficientnet_b3,128,16,fp32,21.760831832885746,False,NVIDIA_GeForce_RTX_3080,10,
efficientnet_b3,128,32,bf16,27.19588851928711,False,NVIDIA_GeForce_RTX_3080,10,
efficientnet_b3,128,32,fp16,22.15065574645996,False,NVIDIA_GeForce_RTX_3080,10,
efficientnet_b3,128,32,fp32,35.26793670654297,False,NVIDIA_GeForce_RTX_3080,10,
efficientnet_b3,128,64,bf16,47.34815979003906,False,NVIDIA_GeForce_RTX_3080,10,
efficientnet_b3,128,64,fp16,37.76409530639648,False,NVIDIA_GeForce_RTX_3080,10,
efficientnet_b3,128,64,fp32,63.863807678222656,False,NVIDIA_GeForce_RTX_3080,10,
efficientnet_b3,224,16,bf16,37.26591873168945,False,NVIDIA_GeForce_RTX_3080,10,
efficientnet_b3,224,16,fp16,28.05606460571289,False,NVIDIA_GeForce_RTX_3080,10,
efficientnet_b3,224,16,fp32,48.6833610534668,False,NVIDIA_GeForce_RTX_3080,10,
efficientnet_b3,224,32,bf16,67.46505737304688,False,NVIDIA_GeForce_RTX_3080,10,
efficientnet_b3,224,32,fp16,50.44428634643555,False,NVIDIA_GeForce_RTX_3080,10,
efficientnet_b3,224,32,fp32,90.67768096923828,False,NVIDIA_GeForce_RTX_3080,10,
efficientnet_b3,224,64,bf16,127.87849426269533,False,NVIDIA_GeForce_RTX_3080,10,
efficientnet_b3,224,64,fp16,95.67892456054688,False,NVIDIA_GeForce_RTX_3080,10,
efficientnet_b3,224,64,fp32,,True,NVIDIA_GeForce_RTX_3080,10,
efficientnet_b5,64,16,bf16,21.4783992767334,False,NVIDIA_GeForce_RTX_3080,10,
efficientnet_b5,64,16,fp16,19.122175216674805,False,NVIDIA_GeForce_RTX_3080,10,
efficientnet_b5,64,16,fp32,23.17363166809082,False,NVIDIA_GeForce_RTX_3080,10,
efficientnet_b5,64,32,bf16,28.14412879943848,False,NVIDIA_GeForce_RTX_3080,10,
efficientnet_b5,64,32,fp16,24.175615310668945,False,NVIDIA_GeForce_RTX_3080,10,
efficientnet_b5,64,32,fp32,32.654335021972656,False,NVIDIA_GeForce_RTX_3080,10,
efficientnet_b5,64,64,bf16,42.61324691772461,False,NVIDIA_GeForce_RTX_3080,10,
efficientnet_b5,64,64,fp16,35.03462219238281,False,NVIDIA_GeForce_RTX_3080,10,
efficientnet_b5,64,64,fp32,53.2402229309082,False,NVIDIA_GeForce_RTX_3080,10,
efficientnet_b5,128,16,bf16,32.049041748046875,False,NVIDIA_GeForce_RTX_3080,10,
efficientnet_b5,128,16,fp16,25.62457656860352,False,NVIDIA_GeForce_RTX_3080,10,
efficientnet_b5,128,16,fp32,40.48430252075195,False,NVIDIA_GeForce_RTX_3080,10,
efficientnet_b5,128,32,bf16,51.19062423706055,False,NVIDIA_GeForce_RTX_3080,10,
efficientnet_b5,128,32,fp16,40.26009750366211,False,NVIDIA_GeForce_RTX_3080,10,
efficientnet_b5,128,32,fp32,66.893310546875,False,NVIDIA_GeForce_RTX_3080,10,
efficientnet_b5,128,64,bf16,89.13654327392578,False,NVIDIA_GeForce_RTX_3080,10,
efficientnet_b5,128,64,fp16,69.2156982421875,False,NVIDIA_GeForce_RTX_3080,10,
efficientnet_b5,128,64,fp32,120.7004165649414,False,NVIDIA_GeForce_RTX_3080,10,
efficientnet_b5,224,16,bf16,69.10105895996094,False,NVIDIA_GeForce_RTX_3080,10,
efficientnet_b5,224,16,fp16,50.07206344604492,False,NVIDIA_GeForce_RTX_3080,10,
efficientnet_b5,224,16,fp32,91.80963134765624,False,NVIDIA_GeForce_RTX_3080,10,
efficientnet_b5,224,32,bf16,124.9454116821289,False,NVIDIA_GeForce_RTX_3080,10,
efficientnet_b5,224,32,fp16,89.70532989501953,False,NVIDIA_GeForce_RTX_3080,10,
efficientnet_b5,224,32,fp32,,True,NVIDIA_GeForce_RTX_3080,10,
efficientnet_b5,224,64,bf16,,True,NVIDIA_GeForce_RTX_3080,10,
efficientnet_b5,224,64,fp16,,True,NVIDIA_GeForce_RTX_3080,10,
efficientnet_b5,224,64,fp32,,True,NVIDIA_GeForce_RTX_3080,10,
efficientnetv2_l,64,16,bf16,48.360958099365234,False,NVIDIA_GeForce_RTX_3080,10,
efficientnetv2_l,64,16,fp16,46.14348983764648,False,NVIDIA_GeForce_RTX_3080,10,
efficientnetv2_l,64,16,fp32,59.256832122802734,False,NVIDIA_GeForce_RTX_3080,10,
efficientnetv2_l,64,32,bf16,59.08473587036133,False,NVIDIA_GeForce_RTX_3080,10,
efficientnetv2_l,64,32,fp16,54.17561721801758,False,NVIDIA_GeForce_RTX_3080,10,
efficientnetv2_l,64,32,fp32,80.03890991210938,False,NVIDIA_GeForce_RTX_3080,10,
efficientnetv2_l,64,64,bf16,83.85224151611328,False,NVIDIA_GeForce_RTX_3080,10,
efficientnetv2_l,64,64,fp16,72.65433502197266,False,NVIDIA_GeForce_RTX_3080,10,
efficientnetv2_l,64,64,fp32,120.26624298095705,False,NVIDIA_GeForce_RTX_3080,10,
efficientnetv2_l,128,16,bf16,60.09446334838867,False,NVIDIA_GeForce_RTX_3080,10,
efficientnetv2_l,128,16,fp16,54.29851150512695,False,NVIDIA_GeForce_RTX_3080,10,
efficientnetv2_l,128,16,fp32,85.19977569580078,False,NVIDIA_GeForce_RTX_3080,10,
efficientnetv2_l,128,32,bf16,90.16417694091795,False,NVIDIA_GeForce_RTX_3080,10,
efficientnetv2_l,128,32,fp16,79.04972839355469,False,NVIDIA_GeForce_RTX_3080,10,
efficientnetv2_l,128,32,fp32,132.51736450195312,False,NVIDIA_GeForce_RTX_3080,10,
efficientnetv2_l,128,64,bf16,153.1427764892578,False,NVIDIA_GeForce_RTX_3080,10,
efficientnetv2_l,128,64,fp16,131.17849731445312,False,NVIDIA_GeForce_RTX_3080,10,
efficientnetv2_l,128,64,fp32,,True,NVIDIA_GeForce_RTX_3080,10,
efficientnetv2_l,224,16,bf16,119.74502563476562,False,NVIDIA_GeForce_RTX_3080,10,
efficientnetv2_l,224,16,fp16,98.0602569580078,False,NVIDIA_GeForce_RTX_3080,10,
efficientnetv2_l,224,16,fp32,,True,NVIDIA_GeForce_RTX_3080,10,
efficientnetv2_l,224,32,bf16,,True,NVIDIA_GeForce_RTX_3080,10,
efficientnetv2_l,224,32,fp16,,True,NVIDIA_GeForce_RTX_3080,10,
efficientnetv2_l,224,32,fp32,,True,NVIDIA_GeForce_RTX_3080,10,
efficientnetv2_l,224,64,bf16,,True,NVIDIA_GeForce_RTX_3080,10,
efficientnetv2_l,224,64,fp16,,True,NVIDIA_GeForce_RTX_3080,10,
efficientnetv2_l,224,64,fp32,,True,NVIDIA_GeForce_RTX_3080,10,
efficientnetv2_m,64,16,bf16,28.90595245361328,False,NVIDIA_GeForce_RTX_3080,10,
efficientnetv2_m,64,16,fp16,26.246143341064453,False,NVIDIA_GeForce_RTX_3080,10,
efficientnetv2_m,64,16,fp32,31.84947204589844,False,NVIDIA_GeForce_RTX_3080,10,
efficientnetv2_m,64,32,bf16,35.98121643066406,False,NVIDIA_GeForce_RTX_3080,10,
efficientnetv2_m,64,32,fp16,31.782751083374023,False,NVIDIA_GeForce_RTX_3080,10,
efficientnetv2_m,64,32,fp32,41.65990447998047,False,NVIDIA_GeForce_RTX_3080,10,
efficientnetv2_m,64,64,bf16,51.72940826416016,False,NVIDIA_GeForce_RTX_3080,10,
efficientnetv2_m,64,64,fp16,43.82003021240234,False,NVIDIA_GeForce_RTX_3080,10,
efficientnetv2_m,64,64,fp32,66.1830062866211,False,NVIDIA_GeForce_RTX_3080,10,
efficientnetv2_m,128,16,bf16,36.3504638671875,False,NVIDIA_GeForce_RTX_3080,10,
efficientnetv2_m,128,16,fp16,31.83616065979004,False,NVIDIA_GeForce_RTX_3080,10,
efficientnetv2_m,128,16,fp32,47.32313537597656,False,NVIDIA_GeForce_RTX_3080,10,
efficientnetv2_m,128,32,bf16,53.488128662109375,False,NVIDIA_GeForce_RTX_3080,10,
efficientnetv2_m,128,32,fp16,46.17318344116211,False,NVIDIA_GeForce_RTX_3080,10,
efficientnetv2_m,128,32,fp32,72.85247802734375,False,NVIDIA_GeForce_RTX_3080,10,
efficientnetv2_m,128,64,bf16,88.5396499633789,False,NVIDIA_GeForce_RTX_3080,10,
efficientnetv2_m,128,64,fp16,75.61369323730469,False,NVIDIA_GeForce_RTX_3080,10,
efficientnetv2_m,128,64,fp32,128.60928344726562,False,NVIDIA_GeForce_RTX_3080,10,
efficientnetv2_m,224,16,bf16,69.2485122680664,False,NVIDIA_GeForce_RTX_3080,10,
efficientnetv2_m,224,16,fp16,55.56070327758789,False,NVIDIA_GeForce_RTX_3080,10,
efficientnetv2_m,224,16,fp32,95.34617614746094,False,NVIDIA_GeForce_RTX_3080,10,
efficientnetv2_m,224,32,bf16,118.793212890625,False,NVIDIA_GeForce_RTX_3080,10,
efficientnetv2_m,224,32,fp16,94.97545623779295,False,NVIDIA_GeForce_RTX_3080,10,
efficientnetv2_m,224,32,fp32,,True,NVIDIA_GeForce_RTX_3080,10,
efficientnetv2_m,224,64,bf16,,True,NVIDIA_GeForce_RTX_3080,10,
efficientnetv2_m,224,64,fp16,,True,NVIDIA_GeForce_RTX_3080,10,
efficientnetv2_m,224,64,fp32,,True,NVIDIA_GeForce_RTX_3080,10,
efficientnetv2_s,64,16,bf16,15.180800437927246,False,NVIDIA_GeForce_RTX_3080,10,
efficientnetv2_s,64,16,fp16,14.116352081298828,False,NVIDIA_GeForce_RTX_3080,10,
efficientnetv2_s,64,16,fp32,16.50124740600586,False,NVIDIA_GeForce_RTX_3080,10,
efficientnetv2_s,64,32,bf16,19.405311584472656,False,NVIDIA_GeForce_RTX_3080,10,
efficientnetv2_s,64,32,fp16,17.73619270324707,False,NVIDIA_GeForce_RTX_3080,10,
efficientnetv2_s,64,32,fp32,21.52841567993164,False,NVIDIA_GeForce_RTX_3080,10,
efficientnetv2_s,64,64,bf16,27.93062400817871,False,NVIDIA_GeForce_RTX_3080,10,
efficientnetv2_s,64,64,fp16,24.39833641052246,False,NVIDIA_GeForce_RTX_3080,10,
efficientnetv2_s,64,64,fp32,33.813838958740234,False,NVIDIA_GeForce_RTX_3080,10,
efficientnetv2_s,128,16,bf16,20.214784622192383,False,NVIDIA_GeForce_RTX_3080,10,
efficientnetv2_s,128,16,fp16,17.8657283782959,False,NVIDIA_GeForce_RTX_3080,10,
efficientnetv2_s,128,16,fp32,26.435903549194336,False,NVIDIA_GeForce_RTX_3080,10,
efficientnetv2_s,128,32,bf16,30.024192810058597,False,NVIDIA_GeForce_RTX_3080,10,
efficientnetv2_s,128,32,fp16,25.89542388916016,False,NVIDIA_GeForce_RTX_3080,10,
efficientnetv2_s,128,32,fp32,39.85558319091797,False,NVIDIA_GeForce_RTX_3080,10,
efficientnetv2_s,128,64,bf16,49.71468734741211,False,NVIDIA_GeForce_RTX_3080,10,
efficientnetv2_s,128,64,fp16,41.78585433959961,False,NVIDIA_GeForce_RTX_3080,10,
efficientnetv2_s,128,64,fp32,72.04761505126953,False,NVIDIA_GeForce_RTX_3080,10,
efficientnetv2_s,224,16,bf16,39.26937484741211,False,NVIDIA_GeForce_RTX_3080,10,
efficientnetv2_s,224,16,fp16,31.901695251464844,False,NVIDIA_GeForce_RTX_3080,10,
efficientnetv2_s,224,16,fp32,54.65804672241211,False,NVIDIA_GeForce_RTX_3080,10,
efficientnetv2_s,224,32,bf16,68.92694091796875,False,NVIDIA_GeForce_RTX_3080,10,
efficientnetv2_s,224,32,fp16,54.776832580566406,False,NVIDIA_GeForce_RTX_3080,10,
efficientnetv2_s,224,32,fp32,100.32947540283205,False,NVIDIA_GeForce_RTX_3080,10,
efficientnetv2_s,224,64,bf16,131.1119384765625,False,NVIDIA_GeForce_RTX_3080,10,
efficientnetv2_s,224,64,fp16,103.80934143066406,False,NVIDIA_GeForce_RTX_3080,10,
efficientnetv2_s,224,64,fp32,,True,NVIDIA_GeForce_RTX_3080,10,
fastvit_t12,64,16,bf16,7.700992107391357,False,NVIDIA_GeForce_RTX_3080,10,
fastvit_t12,64,16,fp16,7.264256000518799,False,NVIDIA_GeForce_RTX_3080,10,
fastvit_t12,64,16,fp32,7.921152114868164,False,NVIDIA_GeForce_RTX_3080,10,
fastvit_t12,64,32,bf16,10.462096214294434,False,NVIDIA_GeForce_RTX_3080,10,
fastvit_t12,64,32,fp16,9.735679626464844,False,NVIDIA_GeForce_RTX_3080,10,
fastvit_t12,64,32,fp32,10.859519958496094,False,NVIDIA_GeForce_RTX_3080,10,
fastvit_t12,64,64,bf16,15.434240341186523,False,NVIDIA_GeForce_RTX_3080,10,
fastvit_t12,64,64,fp16,14.81924819946289,False,NVIDIA_GeForce_RTX_3080,10,
fastvit_t12,64,64,fp32,17.64896011352539,False,NVIDIA_GeForce_RTX_3080,10,
fastvit_t12,128,16,bf16,12.509023666381836,False,NVIDIA_GeForce_RTX_3080,10,
fastvit_t12,128,16,fp16,11.618304252624512,False,NVIDIA_GeForce_RTX_3080,10,
fastvit_t12,128,16,fp32,14.11788845062256,False,NVIDIA_GeForce_RTX_3080,10,
fastvit_t12,128,32,bf16,21.22587203979492,False,NVIDIA_GeForce_RTX_3080,10,
fastvit_t12,128,32,fp16,19.163087844848636,False,NVIDIA_GeForce_RTX_3080,10,
fastvit_t12,128,32,fp32,24.174560546875,False,NVIDIA_GeForce_RTX_3080,10,
fastvit_t12,128,64,bf16,39.45062255859375,False,NVIDIA_GeForce_RTX_3080,10,
fastvit_t12,128,64,fp16,35.472896575927734,False,NVIDIA_GeForce_RTX_3080,10,
fastvit_t12,128,64,fp32,45.2940788269043,False,NVIDIA_GeForce_RTX_3080,10,
fastvit_t12,224,16,bf16,30.6824951171875,False,NVIDIA_GeForce_RTX_3080,10,
fastvit_t12,224,16,fp16,27.51334381103516,False,NVIDIA_GeForce_RTX_3080,10,
fastvit_t12,224,16,fp32,34.32447814941406,False,NVIDIA_GeForce_RTX_3080,10,
fastvit_t12,224,32,bf16,57.89132690429688,False,NVIDIA_GeForce_RTX_3080,10,
fastvit_t12,224,32,fp16,51.2808952331543,False,NVIDIA_GeForce_RTX_3080,10,
fastvit_t12,224,32,fp32,67.07142639160156,False,NVIDIA_GeForce_RTX_3080,10,
fastvit_t12,224,64,bf16,111.99385833740234,False,NVIDIA_GeForce_RTX_3080,10,
fastvit_t12,224,64,fp16,99.53587341308594,False,NVIDIA_GeForce_RTX_3080,10,
fastvit_t12,224,64,fp32,131.8707275390625,False,NVIDIA_GeForce_RTX_3080,10,
fastvit_t8,64,16,bf16,5.756415843963623,False,NVIDIA_GeForce_RTX_3080,10,
fastvit_t8,64,16,fp16,5.395904064178467,False,NVIDIA_GeForce_RTX_3080,10,
fastvit_t8,64,16,fp32,5.584208011627197,False,NVIDIA_GeForce_RTX_3080,10,
fastvit_t8,64,32,bf16,7.475200176239014,False,NVIDIA_GeForce_RTX_3080,10,
fastvit_t8,64,32,fp16,6.858240127563477,False,NVIDIA_GeForce_RTX_3080,10,
fastvit_t8,64,32,fp32,7.669600009918213,False,NVIDIA_GeForce_RTX_3080,10,
fastvit_t8,64,64,bf16,11.61571216583252,False,NVIDIA_GeForce_RTX_3080,10,
fastvit_t8,64,64,fp16,10.475008010864258,False,NVIDIA_GeForce_RTX_3080,10,
fastvit_t8,64,64,fp32,12.13696002960205,False,NVIDIA_GeForce_RTX_3080,10,
fastvit_t8,128,16,bf16,9.32249641418457,False,NVIDIA_GeForce_RTX_3080,10,
fastvit_t8,128,16,fp16,8.506735801696777,False,NVIDIA_GeForce_RTX_3080,10,
fastvit_t8,128,16,fp32,9.981951713562012,False,NVIDIA_GeForce_RTX_3080,10,
fastvit_t8,128,32,bf16,15.61188793182373,False,NVIDIA_GeForce_RTX_3080,10,
fastvit_t8,128,32,fp16,14.002559661865234,False,NVIDIA_GeForce_RTX_3080,10,
fastvit_t8,128,32,fp32,17.183231353759766,False,NVIDIA_GeForce_RTX_3080,10,
fastvit_t8,128,64,bf16,28.00115203857422,False,NVIDIA_GeForce_RTX_3080,10,
fastvit_t8,128,64,fp16,24.832319259643555,False,NVIDIA_GeForce_RTX_3080,10,
fastvit_t8,128,64,fp32,31.676767349243164,False,NVIDIA_GeForce_RTX_3080,10,
fastvit_t8,224,16,bf16,22.234031677246094,False,NVIDIA_GeForce_RTX_3080,10,
fastvit_t8,224,16,fp16,19.784704208374023,False,NVIDIA_GeForce_RTX_3080,10,
fastvit_t8,224,16,fp32,24.48793601989746,False,NVIDIA_GeForce_RTX_3080,10,
fastvit_t8,224,32,bf16,41.14329528808594,False,NVIDIA_GeForce_RTX_3080,10,
fastvit_t8,224,32,fp16,36.17075347900391,False,NVIDIA_GeForce_RTX_3080,10,
fastvit_t8,224,32,fp32,46.74252700805664,False,NVIDIA_GeForce_RTX_3080,10,
fastvit_t8,224,64,bf16,79.51872253417969,False,NVIDIA_GeForce_RTX_3080,10,
fastvit_t8,224,64,fp16,69.90074920654297,False,NVIDIA_GeForce_RTX_3080,10,
fastvit_t8,224,64,fp32,90.37824249267578,False,NVIDIA_GeForce_RTX_3080,10,
maxvit_tiny_tf_224,64,16,bf16,16.936960220336914,False,NVIDIA_GeForce_RTX_3080,10,
maxvit_tiny_tf_224,64,16,fp16,16.094623565673828,False,NVIDIA_GeForce_RTX_3080,10,
maxvit_tiny_tf_224,64,16,fp32,23.945215225219727,False,NVIDIA_GeForce_RTX_3080,10,
maxvit_tiny_tf_224,64,32,bf16,23.81772804260254,False,NVIDIA_GeForce_RTX_3080,10,
maxvit_tiny_tf_224,64,32,fp16,22.39468765258789,False,NVIDIA_GeForce_RTX_3080,10,
maxvit_tiny_tf_224,64,32,fp32,37.799407958984375,False,NVIDIA_GeForce_RTX_3080,10,
maxvit_tiny_tf_224,64,64,bf16,35.90604782104492,False,NVIDIA_GeForce_RTX_3080,10,
maxvit_tiny_tf_224,64,64,fp16,34.10734558105469,False,NVIDIA_GeForce_RTX_3080,10,
maxvit_tiny_tf_224,64,64,fp32,65.39059448242188,False,NVIDIA_GeForce_RTX_3080,10,
maxvit_tiny_tf_224,128,16,bf16,28.90995216369629,False,NVIDIA_GeForce_RTX_3080,10,
maxvit_tiny_tf_224,128,16,fp16,26.62348747253418,False,NVIDIA_GeForce_RTX_3080,10,
maxvit_tiny_tf_224,128,16,fp32,45.1701774597168,False,NVIDIA_GeForce_RTX_3080,10,
maxvit_tiny_tf_224,128,32,bf16,48.165374755859375,False,NVIDIA_GeForce_RTX_3080,10,
maxvit_tiny_tf_224,128,32,fp16,44.48614501953125,False,NVIDIA_GeForce_RTX_3080,10,
maxvit_tiny_tf_224,128,32,fp32,80.5739517211914,False,NVIDIA_GeForce_RTX_3080,10,
maxvit_tiny_tf_224,128,64,bf16,85.67091369628906,False,NVIDIA_GeForce_RTX_3080,10,
maxvit_tiny_tf_224,128,64,fp16,78.84121704101562,False,NVIDIA_GeForce_RTX_3080,10,
maxvit_tiny_tf_224,128,64,fp32,150.26991271972656,False,NVIDIA_GeForce_RTX_3080,10,
maxvit_tiny_tf_224,224,16,bf16,65.23992156982422,False,NVIDIA_GeForce_RTX_3080,10,
maxvit_tiny_tf_224,224,16,fp16,60.27417755126953,False,NVIDIA_GeForce_RTX_3080,10,
maxvit_tiny_tf_224,224,16,fp32,108.72815704345705,False,NVIDIA_GeForce_RTX_3080,10,
maxvit_tiny_tf_224,224,32,bf16,117.60588836669922,False,NVIDIA_GeForce_RTX_3080,10,
maxvit_tiny_tf_224,224,32,fp16,107.5973129272461,False,NVIDIA_GeForce_RTX_3080,10,
maxvit_tiny_tf_224,224,32,fp32,,True,NVIDIA_GeForce_RTX_3080,10,
maxvit_tiny_tf_224,224,64,bf16,,True,NVIDIA_GeForce_RTX_3080,10,
maxvit_tiny_tf_224,224,64,fp16,,True,NVIDIA_GeForce_RTX_3080,10,
maxvit_tiny_tf_224,224,64,fp32,,True,NVIDIA_GeForce_RTX_3080,10,
mixer_b16_224,64,16,bf16,13.13638401031494,False,NVIDIA_GeForce_RTX_3080,10,
mixer_b16_224,64,16,fp16,13.061535835266112,False,NVIDIA_GeForce_RTX_3080,10,
mixer_b16_224,64,16,fp32,17.902591705322266,False,NVIDIA_GeForce_RTX_3080,10,
mixer_b16_224,64,32,bf16,18.404863357543945,False,NVIDIA_GeForce_RTX_3080,10,
mixer_b16_224,64,32,fp16,18.56305694580078,False,NVIDIA_GeForce_RTX_3080,10,
mixer_b16_224,64,32,fp32,28.73651123046875,False,NVIDIA_GeForce_RTX_3080,10,
mixer_b16_224,64,64,bf16,29.063167572021484,False,NVIDIA_GeForce_RTX_3080,10,
mixer_b16_224,64,64,fp16,28.17382431030273,False,NVIDIA_GeForce_RTX_3080,10,
mixer_b16_224,64,64,fp32,50.21073532104492,False,NVIDIA_GeForce_RTX_3080,10,
mixer_b16_224,128,16,bf16,21.77791976928711,False,NVIDIA_GeForce_RTX_3080,10,
mixer_b16_224,128,16,fp16,20.89472007751465,False,NVIDIA_GeForce_RTX_3080,10,
mixer_b16_224,128,16,fp32,37.83270263671875,False,NVIDIA_GeForce_RTX_3080,10,
mixer_b16_224,128,32,bf16,34.8144645690918,False,NVIDIA_GeForce_RTX_3080,10,
mixer_b16_224,128,32,fp16,33.81452941894531,False,NVIDIA_GeForce_RTX_3080,10,
mixer_b16_224,128,32,fp32,68.2366714477539,False,NVIDIA_GeForce_RTX_3080,10,
mixer_b16_224,128,64,bf16,59.771392822265625,False,NVIDIA_GeForce_RTX_3080,10,
mixer_b16_224,128,64,fp16,58.587646484375,False,NVIDIA_GeForce_RTX_3080,10,
mixer_b16_224,128,64,fp32,127.26471710205078,False,NVIDIA_GeForce_RTX_3080,10,
mixer_b16_224,224,16,bf16,46.40094375610352,False,NVIDIA_GeForce_RTX_3080,10,
mixer_b16_224,224,16,fp16,44.86399841308594,False,NVIDIA_GeForce_RTX_3080,10,
mixer_b16_224,224,16,fp32,96.27391815185548,False,NVIDIA_GeForce_RTX_3080,10,
mixer_b16_224,224,32,bf16,83.51692962646484,False,NVIDIA_GeForce_RTX_3080,10,
mixer_b16_224,224,32,fp16,79.6789779663086,False,NVIDIA_GeForce_RTX_3080,10,
mixer_b16_224,224,32,fp32,178.33932495117188,False,NVIDIA_GeForce_RTX_3080,10,
mixer_b16_224,224,64,bf16,161.20370483398438,False,NVIDIA_GeForce_RTX_3080,10,
mixer_b16_224,224,64,fp16,148.71961975097656,False,NVIDIA_GeForce_RTX_3080,10,
mixer_b16_224,224,64,fp32,347.3745422363281,False,NVIDIA_GeForce_RTX_3080,10,
mobilenetv2_100,64,16,bf16,3.7061760425567623,False,NVIDIA_GeForce_RTX_3080,10,
mobilenetv2_100,64,16,fp16,3.331471920013428,False,NVIDIA_GeForce_RTX_3080,10,
mobilenetv2_100,64,16,fp32,3.998719930648804,False,NVIDIA_GeForce_RTX_3080,10,
mobilenetv2_100,64,32,bf16,5.20798397064209,False,NVIDIA_GeForce_RTX_3080,10,
mobilenetv2_100,64,32,fp16,4.425727844238281,False,NVIDIA_GeForce_RTX_3080,10,
mobilenetv2_100,64,32,fp32,5.792672157287598,False,NVIDIA_GeForce_RTX_3080,10,
mobilenetv2_100,64,64,bf16,8.032256126403809,False,NVIDIA_GeForce_RTX_3080,10,
mobilenetv2_100,64,64,fp16,6.557184219360352,False,NVIDIA_GeForce_RTX_3080,10,
mobilenetv2_100,64,64,fp32,9.01318359375,False,NVIDIA_GeForce_RTX_3080,10,
mobilenetv2_100,128,16,bf16,6.441311836242676,False,NVIDIA_GeForce_RTX_3080,10,
mobilenetv2_100,128,16,fp16,5.186560153961182,False,NVIDIA_GeForce_RTX_3080,10,
mobilenetv2_100,128,16,fp32,7.875552177429199,False,NVIDIA_GeForce_RTX_3080,10,
mobilenetv2_100,128,32,bf16,10.507264137268066,False,NVIDIA_GeForce_RTX_3080,10,
mobilenetv2_100,128,32,fp16,8.367103576660156,False,NVIDIA_GeForce_RTX_3080,10,
mobilenetv2_100,128,32,fp32,13.16198444366455,False,NVIDIA_GeForce_RTX_3080,10,
mobilenetv2_100,128,64,bf16,18.29427146911621,False,NVIDIA_GeForce_RTX_3080,10,
mobilenetv2_100,128,64,fp16,14.17676830291748,False,NVIDIA_GeForce_RTX_3080,10,
mobilenetv2_100,128,64,fp32,24.09622383117676,False,NVIDIA_GeForce_RTX_3080,10,
mobilenetv2_100,224,16,bf16,14.848400115966797,False,NVIDIA_GeForce_RTX_3080,10,
mobilenetv2_100,224,16,fp16,11.46623992919922,False,NVIDIA_GeForce_RTX_3080,10,
mobilenetv2_100,224,16,fp32,18.52911949157715,False,NVIDIA_GeForce_RTX_3080,10,
mobilenetv2_100,224,32,bf16,27.488719940185547,False,NVIDIA_GeForce_RTX_3080,10,
mobilenetv2_100,224,32,fp16,20.93721580505371,False,NVIDIA_GeForce_RTX_3080,10,
mobilenetv2_100,224,32,fp32,35.3044319152832,False,NVIDIA_GeForce_RTX_3080,10,
mobilenetv2_100,224,64,bf16,50.94852828979492,False,NVIDIA_GeForce_RTX_3080,10,
mobilenetv2_100,224,64,fp16,38.52288055419922,False,NVIDIA_GeForce_RTX_3080,10,
mobilenetv2_100,224,64,fp32,68.03250885009766,False,NVIDIA_GeForce_RTX_3080,10,
mobilenetv3_large_100,64,16,bf16,4.128176212310791,False,NVIDIA_GeForce_RTX_3080,10,
mobilenetv3_large_100,64,16,fp16,3.788288116455078,False,NVIDIA_GeForce_RTX_3080,10,
mobilenetv3_large_100,64,16,fp32,4.115968227386475,False,NVIDIA_GeForce_RTX_3080,10,
mobilenetv3_large_100,64,32,bf16,5.2254719734191895,False,NVIDIA_GeForce_RTX_3080,10,
mobilenetv3_large_100,64,32,fp16,4.638591766357422,False,NVIDIA_GeForce_RTX_3080,10,
mobilenetv3_large_100,64,32,fp32,5.535711765289307,False,NVIDIA_GeForce_RTX_3080,10,
mobilenetv3_large_100,64,64,bf16,7.33081579208374,False,NVIDIA_GeForce_RTX_3080,10,
mobilenetv3_large_100,64,64,fp16,6.203392028808594,False,NVIDIA_GeForce_RTX_3080,10,
mobilenetv3_large_100,64,64,fp32,7.916416168212891,False,NVIDIA_GeForce_RTX_3080,10,
mobilenetv3_large_100,128,16,bf16,6.73740816116333,False,NVIDIA_GeForce_RTX_3080,10,
mobilenetv3_large_100,128,16,fp16,5.693439960479736,False,NVIDIA_GeForce_RTX_3080,10,
mobilenetv3_large_100,128,16,fp32,6.855487823486328,False,NVIDIA_GeForce_RTX_3080,10,
mobilenetv3_large_100,128,32,bf16,9.71622371673584,False,NVIDIA_GeForce_RTX_3080,10,
mobilenetv3_large_100,128,32,fp16,8.212479591369629,False,NVIDIA_GeForce_RTX_3080,10,
mobilenetv3_large_100,128,32,fp32,11.11244773864746,False,NVIDIA_GeForce_RTX_3080,10,
mobilenetv3_large_100,128,64,bf16,15.730688095092772,False,NVIDIA_GeForce_RTX_3080,10,
mobilenetv3_large_100,128,64,fp16,12.651519775390623,False,NVIDIA_GeForce_RTX_3080,10,
mobilenetv3_large_100,128,64,fp32,19.159040451049805,False,NVIDIA_GeForce_RTX_3080,10,
mobilenetv3_large_100,224,16,bf16,12.729776382446287,False,NVIDIA_GeForce_RTX_3080,10,
mobilenetv3_large_100,224,16,fp16,9.981951713562012,False,NVIDIA_GeForce_RTX_3080,10,
mobilenetv3_large_100,224,16,fp32,14.746992111206056,False,NVIDIA_GeForce_RTX_3080,10,
mobilenetv3_large_100,224,32,bf16,22.59967994689941,False,NVIDIA_GeForce_RTX_3080,10,
mobilenetv3_large_100,224,32,fp16,17.27129554748535,False,NVIDIA_GeForce_RTX_3080,10,
mobilenetv3_large_100,224,32,fp32,27.52153587341309,False,NVIDIA_GeForce_RTX_3080,10,
mobilenetv3_large_100,224,64,bf16,41.84064102172852,False,NVIDIA_GeForce_RTX_3080,10,
mobilenetv3_large_100,224,64,fp16,32.01023864746094,False,NVIDIA_GeForce_RTX_3080,10,
mobilenetv3_large_100,224,64,fp32,51.63158416748047,False,NVIDIA_GeForce_RTX_3080,10,
mobilenetv3_small_100,64,16,bf16,3.1624960899353027,False,NVIDIA_GeForce_RTX_3080,10,
mobilenetv3_small_100,64,16,fp16,3.892224073410034,False,NVIDIA_GeForce_RTX_3080,10,
mobilenetv3_small_100,64,16,fp32,2.5712640285491943,False,NVIDIA_GeForce_RTX_3080,10,
mobilenetv3_small_100,64,32,bf16,3.928575992584229,False,NVIDIA_GeForce_RTX_3080,10,
mobilenetv3_small_100,64,32,fp16,3.8743040561676025,False,NVIDIA_GeForce_RTX_3080,10,
mobilenetv3_small_100,64,32,fp32,3.2751998901367188,False,NVIDIA_GeForce_RTX_3080,10,
mobilenetv3_small_100,64,64,bf16,5.557600021362305,False,NVIDIA_GeForce_RTX_3080,10,
mobilenetv3_small_100,64,64,fp16,5.05241584777832,False,NVIDIA_GeForce_RTX_3080,10,
mobilenetv3_small_100,64,64,fp32,4.15934419631958,False,NVIDIA_GeForce_RTX_3080,10,
mobilenetv3_small_100,128,16,bf16,3.89734411239624,False,NVIDIA_GeForce_RTX_3080,10,
mobilenetv3_small_100,128,16,fp16,3.3273279666900635,False,NVIDIA_GeForce_RTX_3080,10,
mobilenetv3_small_100,128,16,fp32,3.440639972686768,False,NVIDIA_GeForce_RTX_3080,10,
mobilenetv3_small_100,128,32,bf16,4.685823917388916,False,NVIDIA_GeForce_RTX_3080,10,
mobilenetv3_small_100,128,32,fp16,3.970047950744629,False,NVIDIA_GeForce_RTX_3080,10,
mobilenetv3_small_100,128,32,fp32,4.90393590927124,False,NVIDIA_GeForce_RTX_3080,10,
mobilenetv3_small_100,128,64,bf16,6.849535942077637,False,NVIDIA_GeForce_RTX_3080,10,
mobilenetv3_small_100,128,64,fp16,5.507936000823975,False,NVIDIA_GeForce_RTX_3080,10,
mobilenetv3_small_100,128,64,fp32,7.8017120361328125,False,NVIDIA_GeForce_RTX_3080,10,
mobilenetv3_small_100,224,16,bf16,6.273024082183838,False,NVIDIA_GeForce_RTX_3080,10,
mobilenetv3_small_100,224,16,fp16,4.87116813659668,False,NVIDIA_GeForce_RTX_3080,10,
mobilenetv3_small_100,224,16,fp32,5.999104022979736,False,NVIDIA_GeForce_RTX_3080,10,
mobilenetv3_small_100,224,32,bf16,9.317184448242188,False,NVIDIA_GeForce_RTX_3080,10,
mobilenetv3_small_100,224,32,fp16,7.589727878570557,False,NVIDIA_GeForce_RTX_3080,10,
mobilenetv3_small_100,224,32,fp32,10.602496147155762,False,NVIDIA_GeForce_RTX_3080,10,
mobilenetv3_small_100,224,64,bf16,16.865280151367188,False,NVIDIA_GeForce_RTX_3080,10,
mobilenetv3_small_100,224,64,fp16,12.505087852478027,False,NVIDIA_GeForce_RTX_3080,10,
mobilenetv3_small_100,224,64,fp32,19.55265617370605,False,NVIDIA_GeForce_RTX_3080,10,
mobilevit_s,64,16,bf16,6.054912090301514,False,NVIDIA_GeForce_RTX_3080,10,
mobilevit_s,64,16,fp16,5.52294397354126,False,NVIDIA_GeForce_RTX_3080,10,
mobilevit_s,64,16,fp32,6.712319850921631,False,NVIDIA_GeForce_RTX_3080,10,
mobilevit_s,64,32,bf16,8.984576225280762,False,NVIDIA_GeForce_RTX_3080,10,
mobilevit_s,64,32,fp16,8.14691162109375,False,NVIDIA_GeForce_RTX_3080,10,
mobilevit_s,64,32,fp32,10.781583786010742,False,NVIDIA_GeForce_RTX_3080,10,
mobilevit_s,64,64,bf16,13.379584312438965,False,NVIDIA_GeForce_RTX_3080,10,
mobilevit_s,64,64,fp16,11.702272415161133,False,NVIDIA_GeForce_RTX_3080,10,
mobilevit_s,64,64,fp32,18.23384094238281,False,NVIDIA_GeForce_RTX_3080,10,
mobilevit_s,128,16,bf16,11.089792251586914,False,NVIDIA_GeForce_RTX_3080,10,
mobilevit_s,128,16,fp16,9.422335624694824,False,NVIDIA_GeForce_RTX_3080,10,
mobilevit_s,128,16,fp32,15.378944396972656,False,NVIDIA_GeForce_RTX_3080,10,
mobilevit_s,128,32,bf16,19.082239151000977,False,NVIDIA_GeForce_RTX_3080,10,
mobilevit_s,128,32,fp16,16.19353675842285,False,NVIDIA_GeForce_RTX_3080,10,
mobilevit_s,128,32,fp32,27.302400588989254,False,NVIDIA_GeForce_RTX_3080,10,
mobilevit_s,128,64,bf16,34.78374481201172,False,NVIDIA_GeForce_RTX_3080,10,
mobilevit_s,128,64,fp16,29.424640655517575,False,NVIDIA_GeForce_RTX_3080,10,
mobilevit_s,128,64,fp32,50.20927810668945,False,NVIDIA_GeForce_RTX_3080,10,
mobilevit_s,224,16,bf16,28.432880401611328,False,NVIDIA_GeForce_RTX_3080,10,
mobilevit_s,224,16,fp16,24.140287399291992,False,NVIDIA_GeForce_RTX_3080,10,
mobilevit_s,224,16,fp32,43.39081573486328,False,NVIDIA_GeForce_RTX_3080,10,
mobilevit_s,224,32,bf16,52.97710418701172,False,NVIDIA_GeForce_RTX_3080,10,
mobilevit_s,224,32,fp16,45.02169418334961,False,NVIDIA_GeForce_RTX_3080,10,
mobilevit_s,224,32,fp32,82.70174407958984,False,NVIDIA_GeForce_RTX_3080,10,
mobilevit_s,224,64,bf16,104.77311706542967,False,NVIDIA_GeForce_RTX_3080,10,
mobilevit_s,224,64,fp16,89.31123352050781,False,NVIDIA_GeForce_RTX_3080,10,
mobilevit_s,224,64,fp32,,True,NVIDIA_GeForce_RTX_3080,10,
mobilevit_xs,64,16,bf16,6.339072227478027,False,NVIDIA_GeForce_RTX_3080,10,
mobilevit_xs,64,16,fp16,5.880832195281982,False,NVIDIA_GeForce_RTX_3080,10,
mobilevit_xs,64,16,fp32,5.371903896331787,False,NVIDIA_GeForce_RTX_3080,10,
mobilevit_xs,64,32,bf16,9.10591983795166,False,NVIDIA_GeForce_RTX_3080,10,
mobilevit_xs,64,32,fp16,8.436736106872559,False,NVIDIA_GeForce_RTX_3080,10,
mobilevit_xs,64,32,fp32,8.29644775390625,False,NVIDIA_GeForce_RTX_3080,10,
mobilevit_xs,64,64,bf16,15.056384086608888,False,NVIDIA_GeForce_RTX_3080,10,
mobilevit_xs,64,64,fp16,13.88379192352295,False,NVIDIA_GeForce_RTX_3080,10,
mobilevit_xs,64,64,fp32,13.659647941589355,False,NVIDIA_GeForce_RTX_3080,10,
mobilevit_xs,128,16,bf16,10.611007690429688,False,NVIDIA_GeForce_RTX_3080,10,
mobilevit_xs,128,16,fp16,9.31123161315918,False,NVIDIA_GeForce_RTX_3080,10,
mobilevit_xs,128,16,fp32,12.01203155517578,False,NVIDIA_GeForce_RTX_3080,10,
mobilevit_xs,128,32,bf16,17.72283172607422,False,NVIDIA_GeForce_RTX_3080,10,
mobilevit_xs,128,32,fp16,15.565823554992676,False,NVIDIA_GeForce_RTX_3080,10,
mobilevit_xs,128,32,fp32,21.27052879333496,False,NVIDIA_GeForce_RTX_3080,10,
mobilevit_xs,128,64,bf16,29.281280517578125,False,NVIDIA_GeForce_RTX_3080,10,
mobilevit_xs,128,64,fp16,25.3255672454834,False,NVIDIA_GeForce_RTX_3080,10,
mobilevit_xs,128,64,fp32,38.59443283081055,False,NVIDIA_GeForce_RTX_3080,10,
mobilevit_xs,224,16,bf16,23.479808807373047,False,NVIDIA_GeForce_RTX_3080,10,
mobilevit_xs,224,16,fp16,20.10931205749512,False,NVIDIA_GeForce_RTX_3080,10,
mobilevit_xs,224,16,fp32,34.031105041503906,False,NVIDIA_GeForce_RTX_3080,10,
mobilevit_xs,224,32,bf16,41.91795349121094,False,NVIDIA_GeForce_RTX_3080,10,
mobilevit_xs,224,32,fp16,35.476993560791016,False,NVIDIA_GeForce_RTX_3080,10,
mobilevit_xs,224,32,fp32,64.94668579101562,False,NVIDIA_GeForce_RTX_3080,10,
mobilevit_xs,224,64,bf16,80.35214233398438,False,NVIDIA_GeForce_RTX_3080,10,
mobilevit_xs,224,64,fp16,67.96595001220703,False,NVIDIA_GeForce_RTX_3080,10,
mobilevit_xs,224,64,fp32,142.57049560546875,False,NVIDIA_GeForce_RTX_3080,10,
mobilevit_xxs,64,16,bf16,6.964735984802246,False,NVIDIA_GeForce_RTX_3080,10,
mobilevit_xxs,64,16,fp16,4.6735358238220215,False,NVIDIA_GeForce_RTX_3080,10,
mobilevit_xxs,64,16,fp32,4.272128105163574,False,NVIDIA_GeForce_RTX_3080,10,
mobilevit_xxs,64,32,bf16,7.051263809204102,False,NVIDIA_GeForce_RTX_3080,10,
mobilevit_xxs,64,32,fp16,6.642176151275635,False,NVIDIA_GeForce_RTX_3080,10,
mobilevit_xxs,64,32,fp32,5.970943927764893,False,NVIDIA_GeForce_RTX_3080,10,
mobilevit_xxs,64,64,bf16,10.834239959716797,False,NVIDIA_GeForce_RTX_3080,10,
mobilevit_xxs,64,64,fp16,10.186752319335938,False,NVIDIA_GeForce_RTX_3080,10,
mobilevit_xxs,64,64,fp32,9.171968460083008,False,NVIDIA_GeForce_RTX_3080,10,
mobilevit_xxs,128,16,bf16,7.097856044769287,False,NVIDIA_GeForce_RTX_3080,10,
mobilevit_xxs,128,16,fp16,6.421999931335449,False,NVIDIA_GeForce_RTX_3080,10,
mobilevit_xxs,128,16,fp32,7.29088020324707,False,NVIDIA_GeForce_RTX_3080,10,
mobilevit_xxs,128,32,bf16,11.308032035827637,False,NVIDIA_GeForce_RTX_3080,10,
mobilevit_xxs,128,32,fp16,10.132991790771484,False,NVIDIA_GeForce_RTX_3080,10,
mobilevit_xxs,128,32,fp32,11.93216037750244,False,NVIDIA_GeForce_RTX_3080,10,
mobilevit_xxs,128,64,bf16,19.32134437561035,False,NVIDIA_GeForce_RTX_3080,10,
mobilevit_xxs,128,64,fp16,17.085952758789062,False,NVIDIA_GeForce_RTX_3080,10,
mobilevit_xxs,128,64,fp32,20.95257568359375,False,NVIDIA_GeForce_RTX_3080,10,
mobilevit_xxs,224,16,bf16,14.517248153686523,False,NVIDIA_GeForce_RTX_3080,10,
mobilevit_xxs,224,16,fp16,12.54748821258545,False,NVIDIA_GeForce_RTX_3080,10,
mobilevit_xxs,224,16,fp32,19.835391998291016,False,NVIDIA_GeForce_RTX_3080,10,
mobilevit_xxs,224,32,bf16,26.25526428222656,False,NVIDIA_GeForce_RTX_3080,10,
mobilevit_xxs,224,32,fp16,22.47928047180176,False,NVIDIA_GeForce_RTX_3080,10,
mobilevit_xxs,224,32,fp32,35.75649642944336,False,NVIDIA_GeForce_RTX_3080,10,
mobilevit_xxs,224,64,bf16,47.87046432495117,False,NVIDIA_GeForce_RTX_3080,10,
mobilevit_xxs,224,64,fp16,40.65892791748047,False,NVIDIA_GeForce_RTX_3080,10,
mobilevit_xxs,224,64,fp32,68.11644744873047,False,NVIDIA_GeForce_RTX_3080,10,
mobilevitv2_100,64,16,bf16,5.888432025909424,False,NVIDIA_GeForce_RTX_3080,10,
mobilevitv2_100,64,16,fp16,5.370880126953125,False,NVIDIA_GeForce_RTX_3080,10,
mobilevitv2_100,64,16,fp32,6.160895824432373,False,NVIDIA_GeForce_RTX_3080,10,
mobilevitv2_100,64,32,bf16,8.182784080505371,False,NVIDIA_GeForce_RTX_3080,10,
mobilevitv2_100,64,32,fp16,7.2927680015563965,False,NVIDIA_GeForce_RTX_3080,10,
mobilevitv2_100,64,32,fp32,9.7510404586792,False,NVIDIA_GeForce_RTX_3080,10,
mobilevitv2_100,64,64,bf16,12.908032417297363,False,NVIDIA_GeForce_RTX_3080,10,
mobilevitv2_100,64,64,fp16,11.281408309936523,False,NVIDIA_GeForce_RTX_3080,10,
mobilevitv2_100,64,64,fp32,15.93235206604004,False,NVIDIA_GeForce_RTX_3080,10,
mobilevitv2_100,128,16,bf16,10.511360168457031,False,NVIDIA_GeForce_RTX_3080,10,
mobilevitv2_100,128,16,fp16,9.024991989135742,False,NVIDIA_GeForce_RTX_3080,10,
mobilevitv2_100,128,16,fp32,12.64179229736328,False,NVIDIA_GeForce_RTX_3080,10,
mobilevitv2_100,128,32,bf16,17.121280670166016,False,NVIDIA_GeForce_RTX_3080,10,
mobilevitv2_100,128,32,fp16,14.667776107788086,False,NVIDIA_GeForce_RTX_3080,10,
mobilevitv2_100,128,32,fp32,22.5034236907959,False,NVIDIA_GeForce_RTX_3080,10,
mobilevitv2_100,128,64,bf16,30.31185531616211,False,NVIDIA_GeForce_RTX_3080,10,
mobilevitv2_100,128,64,fp16,25.66655921936035,False,NVIDIA_GeForce_RTX_3080,10,
mobilevitv2_100,128,64,fp32,41.204063415527344,False,NVIDIA_GeForce_RTX_3080,10,
mobilevitv2_100,224,16,bf16,26.14361572265625,False,NVIDIA_GeForce_RTX_3080,10,
mobilevitv2_100,224,16,fp16,22.32268714904785,False,NVIDIA_GeForce_RTX_3080,10,
mobilevitv2_100,224,16,fp32,32.81203079223633,False,NVIDIA_GeForce_RTX_3080,10,
mobilevitv2_100,224,32,bf16,48.16217422485352,False,NVIDIA_GeForce_RTX_3080,10,
mobilevitv2_100,224,32,fp16,41.52454376220703,False,NVIDIA_GeForce_RTX_3080,10,
mobilevitv2_100,224,32,fp32,65.1325454711914,False,NVIDIA_GeForce_RTX_3080,10,
mobilevitv2_100,224,64,bf16,93.36627197265624,False,NVIDIA_GeForce_RTX_3080,10,
mobilevitv2_100,224,64,fp16,81.2252197265625,False,NVIDIA_GeForce_RTX_3080,10,
mobilevitv2_100,224,64,fp32,,True,NVIDIA_GeForce_RTX_3080,10,
nfnet_l0,64,16,bf16,10.620559692382812,False,NVIDIA_GeForce_RTX_3080,10,
nfnet_l0,64,16,fp16,10.479616165161133,False,NVIDIA_GeForce_RTX_3080,10,
nfnet_l0,64,16,fp32,16.011808395385742,False,NVIDIA_GeForce_RTX_3080,10,
nfnet_l0,64,32,bf16,12.274175643920898,False,NVIDIA_GeForce_RTX_3080,10,
nfnet_l0,64,32,fp16,12.115455627441406,False,NVIDIA_GeForce_RTX_3080,10,
nfnet_l0,64,32,fp32,21.920143127441406,False,NVIDIA_GeForce_RTX_3080,10,
nfnet_l0,64,64,bf16,17.12281608581543,False,NVIDIA_GeForce_RTX_3080,10,
nfnet_l0,64,64,fp16,16.74291229248047,False,NVIDIA_GeForce_RTX_3080,10,
nfnet_l0,64,64,fp32,30.97809600830078,False,NVIDIA_GeForce_RTX_3080,10,
nfnet_l0,128,16,bf16,15.758848190307615,False,NVIDIA_GeForce_RTX_3080,10,
nfnet_l0,128,16,fp16,15.550463676452637,False,NVIDIA_GeForce_RTX_3080,10,
nfnet_l0,128,16,fp32,25.167951583862305,False,NVIDIA_GeForce_RTX_3080,10,
nfnet_l0,128,32,bf16,23.660032272338867,False,NVIDIA_GeForce_RTX_3080,10,
nfnet_l0,128,32,fp16,23.497167587280277,False,NVIDIA_GeForce_RTX_3080,10,
nfnet_l0,128,32,fp32,40.0742416381836,False,NVIDIA_GeForce_RTX_3080,10,
nfnet_l0,128,64,bf16,39.496192932128906,False,NVIDIA_GeForce_RTX_3080,10,
nfnet_l0,128,64,fp16,39.00467300415039,False,NVIDIA_GeForce_RTX_3080,10,
nfnet_l0,128,64,fp32,68.17963409423828,False,NVIDIA_GeForce_RTX_3080,10,
nfnet_l0,224,16,bf16,32.166446685791016,False,NVIDIA_GeForce_RTX_3080,10,
nfnet_l0,224,16,fp16,31.75054359436035,False,NVIDIA_GeForce_RTX_3080,10,
nfnet_l0,224,16,fp32,64.87602996826172,False,NVIDIA_GeForce_RTX_3080,10,
nfnet_l0,224,32,bf16,56.38860702514648,False,NVIDIA_GeForce_RTX_3080,10,
nfnet_l0,224,32,fp16,56.22683334350586,False,NVIDIA_GeForce_RTX_3080,10,
nfnet_l0,224,32,fp32,100.38057708740234,False,NVIDIA_GeForce_RTX_3080,10,
nfnet_l0,224,64,bf16,104.6819839477539,False,NVIDIA_GeForce_RTX_3080,10,
nfnet_l0,224,64,fp16,103.93292999267578,False,NVIDIA_GeForce_RTX_3080,10,
nfnet_l0,224,64,fp32,191.16636657714844,False,NVIDIA_GeForce_RTX_3080,10,
pvt_v2_b0,64,16,bf16,3.803632020950317,False,NVIDIA_GeForce_RTX_3080,10,
pvt_v2_b0,64,16,fp16,3.7258241176605225,False,NVIDIA_GeForce_RTX_3080,10,
pvt_v2_b0,64,16,fp32,4.369904041290283,False,NVIDIA_GeForce_RTX_3080,10,
pvt_v2_b0,64,32,bf16,4.770624160766602,False,NVIDIA_GeForce_RTX_3080,10,
pvt_v2_b0,64,32,fp16,4.621823787689209,False,NVIDIA_GeForce_RTX_3080,10,
pvt_v2_b0,64,32,fp32,5.960080146789551,False,NVIDIA_GeForce_RTX_3080,10,
pvt_v2_b0,64,64,bf16,6.465536117553711,False,NVIDIA_GeForce_RTX_3080,10,
pvt_v2_b0,64,64,fp16,6.405632019042969,False,NVIDIA_GeForce_RTX_3080,10,
pvt_v2_b0,64,64,fp32,9.042431831359863,False,NVIDIA_GeForce_RTX_3080,10,
pvt_v2_b0,128,16,bf16,6.161920070648193,False,NVIDIA_GeForce_RTX_3080,10,
pvt_v2_b0,128,16,fp16,6.101856231689453,False,NVIDIA_GeForce_RTX_3080,10,
pvt_v2_b0,128,16,fp32,8.623104095458984,False,NVIDIA_GeForce_RTX_3080,10,
pvt_v2_b0,128,32,bf16,9.462783813476562,False,NVIDIA_GeForce_RTX_3080,10,
pvt_v2_b0,128,32,fp16,9.45251178741455,False,NVIDIA_GeForce_RTX_3080,10,
pvt_v2_b0,128,32,fp32,13.964159965515137,False,NVIDIA_GeForce_RTX_3080,10,
pvt_v2_b0,128,64,bf16,16.0184326171875,False,NVIDIA_GeForce_RTX_3080,10,
pvt_v2_b0,128,64,fp16,16.144384384155273,False,NVIDIA_GeForce_RTX_3080,10,
pvt_v2_b0,128,64,fp32,24.31078338623047,False,NVIDIA_GeForce_RTX_3080,10,
pvt_v2_b0,224,16,bf16,13.06710433959961,False,NVIDIA_GeForce_RTX_3080,10,
pvt_v2_b0,224,16,fp16,13.037568092346191,False,NVIDIA_GeForce_RTX_3080,10,
pvt_v2_b0,224,16,fp32,21.1276798248291,False,NVIDIA_GeForce_RTX_3080,10,
pvt_v2_b0,224,32,bf16,20.45235252380371,False,NVIDIA_GeForce_RTX_3080,10,
pvt_v2_b0,224,32,fp16,20.595712661743164,False,NVIDIA_GeForce_RTX_3080,10,
pvt_v2_b0,224,32,fp32,33.8758544921875,False,NVIDIA_GeForce_RTX_3080,10,
pvt_v2_b0,224,64,bf16,37.26728057861328,False,NVIDIA_GeForce_RTX_3080,10,
pvt_v2_b0,224,64,fp16,37.118465423583984,False,NVIDIA_GeForce_RTX_3080,10,
pvt_v2_b0,224,64,fp32,62.51667022705078,False,NVIDIA_GeForce_RTX_3080,10,
pvt_v2_b2,64,16,bf16,9.929727554321287,False,NVIDIA_GeForce_RTX_3080,10,
pvt_v2_b2,64,16,fp16,9.732095718383787,False,NVIDIA_GeForce_RTX_3080,10,
pvt_v2_b2,64,16,fp32,12.2357759475708,False,NVIDIA_GeForce_RTX_3080,10,
pvt_v2_b2,64,32,bf16,13.020655632019045,False,NVIDIA_GeForce_RTX_3080,10,
pvt_v2_b2,64,32,fp16,12.67916774749756,False,NVIDIA_GeForce_RTX_3080,10,
pvt_v2_b2,64,32,fp32,17.1909122467041,False,NVIDIA_GeForce_RTX_3080,10,
pvt_v2_b2,64,64,bf16,18.11199951171875,False,NVIDIA_GeForce_RTX_3080,10,
pvt_v2_b2,64,64,fp16,17.866239547729492,False,NVIDIA_GeForce_RTX_3080,10,
pvt_v2_b2,64,64,fp32,26.566144943237305,False,NVIDIA_GeForce_RTX_3080,10,
pvt_v2_b2,128,16,bf16,17.0644474029541,False,NVIDIA_GeForce_RTX_3080,10,
pvt_v2_b2,128,16,fp16,16.844287872314453,False,NVIDIA_GeForce_RTX_3080,10,
pvt_v2_b2,128,16,fp32,26.0817928314209,False,NVIDIA_GeForce_RTX_3080,10,
pvt_v2_b2,128,32,bf16,26.900991439819336,False,NVIDIA_GeForce_RTX_3080,10,
pvt_v2_b2,128,32,fp16,26.31679916381836,False,NVIDIA_GeForce_RTX_3080,10,
pvt_v2_b2,128,32,fp32,43.67103958129883,False,NVIDIA_GeForce_RTX_3080,10,
pvt_v2_b2,128,64,bf16,45.676544189453125,False,NVIDIA_GeForce_RTX_3080,10,
pvt_v2_b2,128,64,fp16,45.26232147216797,False,NVIDIA_GeForce_RTX_3080,10,
pvt_v2_b2,128,64,fp32,78.66365051269531,False,NVIDIA_GeForce_RTX_3080,10,
pvt_v2_b2,224,16,bf16,37.97657775878906,False,NVIDIA_GeForce_RTX_3080,10,
pvt_v2_b2,224,16,fp16,37.4101448059082,False,NVIDIA_GeForce_RTX_3080,10,
pvt_v2_b2,224,16,fp32,66.24614715576172,False,NVIDIA_GeForce_RTX_3080,10,
pvt_v2_b2,224,32,bf16,64.02764892578125,False,NVIDIA_GeForce_RTX_3080,10,
pvt_v2_b2,224,32,fp16,62.19724655151367,False,NVIDIA_GeForce_RTX_3080,10,
pvt_v2_b2,224,32,fp32,115.11449432373048,False,NVIDIA_GeForce_RTX_3080,10,
pvt_v2_b2,224,64,bf16,118.34931182861328,False,NVIDIA_GeForce_RTX_3080,10,
pvt_v2_b2,224,64,fp16,116.5317153930664,False,NVIDIA_GeForce_RTX_3080,10,
pvt_v2_b2,224,64,fp32,,True,NVIDIA_GeForce_RTX_3080,10,
pvt_v2_b5,64,16,bf16,30.28326416015625,False,NVIDIA_GeForce_RTX_3080,10,
pvt_v2_b5,64,16,fp16,29.38112068176269,False,NVIDIA_GeForce_RTX_3080,10,
pvt_v2_b5,64,16,fp32,34.89689636230469,False,NVIDIA_GeForce_RTX_3080,10,
pvt_v2_b5,64,32,bf16,38.51980972290039,False,NVIDIA_GeForce_RTX_3080,10,
pvt_v2_b5,64,32,fp16,36.713470458984375,False,NVIDIA_GeForce_RTX_3080,10,
pvt_v2_b5,64,32,fp32,47.8719367980957,False,NVIDIA_GeForce_RTX_3080,10,
pvt_v2_b5,64,64,bf16,50.46220779418945,False,NVIDIA_GeForce_RTX_3080,10,
pvt_v2_b5,64,64,fp16,49.39622497558594,False,NVIDIA_GeForce_RTX_3080,10,
pvt_v2_b5,64,64,fp32,69.76651000976562,False,NVIDIA_GeForce_RTX_3080,10,
pvt_v2_b5,128,16,bf16,44.29158401489258,False,NVIDIA_GeForce_RTX_3080,10,
pvt_v2_b5,128,16,fp16,43.700191497802734,False,NVIDIA_GeForce_RTX_3080,10,
pvt_v2_b5,128,16,fp32,66.7231674194336,False,NVIDIA_GeForce_RTX_3080,10,
pvt_v2_b5,128,32,bf16,66.0684814453125,False,NVIDIA_GeForce_RTX_3080,10,
pvt_v2_b5,128,32,fp16,64.27954864501953,False,NVIDIA_GeForce_RTX_3080,10,
pvt_v2_b5,128,32,fp32,109.1409912109375,False,NVIDIA_GeForce_RTX_3080,10,
pvt_v2_b5,128,64,bf16,108.9966049194336,False,NVIDIA_GeForce_RTX_3080,10,
pvt_v2_b5,128,64,fp16,107.65977478027344,False,NVIDIA_GeForce_RTX_3080,10,
pvt_v2_b5,128,64,fp32,190.5623016357422,False,NVIDIA_GeForce_RTX_3080,10,
pvt_v2_b5,224,16,bf16,93.13158416748048,False,NVIDIA_GeForce_RTX_3080,10,
pvt_v2_b5,224,16,fp16,90.41203308105467,False,NVIDIA_GeForce_RTX_3080,10,
pvt_v2_b5,224,16,fp32,160.1197967529297,False,NVIDIA_GeForce_RTX_3080,10,
pvt_v2_b5,224,32,bf16,152.51744079589844,False,NVIDIA_GeForce_RTX_3080,10,
pvt_v2_b5,224,32,fp16,149.57618713378906,False,NVIDIA_GeForce_RTX_3080,10,
pvt_v2_b5,224,32,fp32,,True,NVIDIA_GeForce_RTX_3080,10,
pvt_v2_b5,224,64,bf16,,True,NVIDIA_GeForce_RTX_3080,10,
pvt_v2_b5,224,64,fp16,,True,NVIDIA_GeForce_RTX_3080,10,
pvt_v2_b5,224,64,fp32,,True,NVIDIA_GeForce_RTX_3080,10,
regnety_032,64,16,bf16,10.613072395324709,False,NVIDIA_GeForce_RTX_3080,10,
regnety_032,64,16,fp16,10.201087951660156,False,NVIDIA_GeForce_RTX_3080,10,
regnety_032,64,16,fp32,14.953984260559082,False,NVIDIA_GeForce_RTX_3080,10,
regnety_032,64,32,bf16,13.28435230255127,False,NVIDIA_GeForce_RTX_3080,10,
regnety_032,64,32,fp16,12.350336074829102,False,NVIDIA_GeForce_RTX_3080,10,
regnety_032,64,32,fp32,21.4542236328125,False,NVIDIA_GeForce_RTX_3080,10,
regnety_032,64,64,bf16,18.32550430297852,False,NVIDIA_GeForce_RTX_3080,10,
regnety_032,64,64,fp16,16.448511123657227,False,NVIDIA_GeForce_RTX_3080,10,
regnety_032,64,64,fp32,29.862911224365234,False,NVIDIA_GeForce_RTX_3080,10,
regnety_032,128,16,bf16,16.46233558654785,False,NVIDIA_GeForce_RTX_3080,10,
regnety_032,128,16,fp16,14.99948787689209,False,NVIDIA_GeForce_RTX_3080,10,
regnety_032,128,16,fp32,24.707632064819336,False,NVIDIA_GeForce_RTX_3080,10,
regnety_032,128,32,bf16,25.464319229125977,False,NVIDIA_GeForce_RTX_3080,10,
regnety_032,128,32,fp16,22.79475212097168,False,NVIDIA_GeForce_RTX_3080,10,
regnety_032,128,32,fp32,44.98329544067383,False,NVIDIA_GeForce_RTX_3080,10,
regnety_032,128,64,bf16,45.27923202514648,False,NVIDIA_GeForce_RTX_3080,10,
regnety_032,128,64,fp16,39.64006423950195,False,NVIDIA_GeForce_RTX_3080,10,
regnety_032,128,64,fp32,67.78097534179688,False,NVIDIA_GeForce_RTX_3080,10,
regnety_032,224,16,bf16,37.145599365234375,False,NVIDIA_GeForce_RTX_3080,10,
regnety_032,224,16,fp16,32.409088134765625,False,NVIDIA_GeForce_RTX_3080,10,
regnety_032,224,16,fp32,68.14822387695312,False,NVIDIA_GeForce_RTX_3080,10,
regnety_032,224,32,bf16,65.88308715820312,False,NVIDIA_GeForce_RTX_3080,10,
regnety_032,224,32,fp16,56.90214538574219,False,NVIDIA_GeForce_RTX_3080,10,
regnety_032,224,32,fp32,104.67587280273438,False,NVIDIA_GeForce_RTX_3080,10,
regnety_032,224,64,bf16,120.22470092773438,False,NVIDIA_GeForce_RTX_3080,10,
regnety_032,224,64,fp16,102.26841735839844,False,NVIDIA_GeForce_RTX_3080,10,
regnety_032,224,64,fp32,332.62213134765625,False,NVIDIA_GeForce_RTX_3080,10,
regnety_080,64,16,bf16,16.168960571289062,False,NVIDIA_GeForce_RTX_3080,10,
regnety_080,64,16,fp16,15.981087684631348,False,NVIDIA_GeForce_RTX_3080,10,
regnety_080,64,16,fp32,25.85361671447754,False,NVIDIA_GeForce_RTX_3080,10,
regnety_080,64,32,bf16,23.80392074584961,False,NVIDIA_GeForce_RTX_3080,10,
regnety_080,64,32,fp16,23.343616485595703,False,NVIDIA_GeForce_RTX_3080,10,
regnety_080,64,32,fp32,31.47350311279297,False,NVIDIA_GeForce_RTX_3080,10,
regnety_080,64,64,bf16,23.49260711669922,False,NVIDIA_GeForce_RTX_3080,10,
regnety_080,64,64,fp16,22.409791946411133,False,NVIDIA_GeForce_RTX_3080,10,
regnety_080,64,64,fp32,40.71116638183594,False,NVIDIA_GeForce_RTX_3080,10,
regnety_080,128,16,bf16,21.30944061279297,False,NVIDIA_GeForce_RTX_3080,10,
regnety_080,128,16,fp16,20.3559684753418,False,NVIDIA_GeForce_RTX_3080,10,
regnety_080,128,16,fp32,40.65792083740234,False,NVIDIA_GeForce_RTX_3080,10,
regnety_080,128,32,bf16,35.12916946411133,False,NVIDIA_GeForce_RTX_3080,10,
regnety_080,128,32,fp16,33.40715026855469,False,NVIDIA_GeForce_RTX_3080,10,
regnety_080,128,32,fp32,62.99647903442383,False,NVIDIA_GeForce_RTX_3080,10,
regnety_080,128,64,bf16,61.65862274169922,False,NVIDIA_GeForce_RTX_3080,10,
regnety_080,128,64,fp16,58.28403091430664,False,NVIDIA_GeForce_RTX_3080,10,
regnety_080,128,64,fp32,117.3975067138672,False,NVIDIA_GeForce_RTX_3080,10,
regnety_080,224,16,bf16,52.600318908691406,False,NVIDIA_GeForce_RTX_3080,10,
regnety_080,224,16,fp16,49.65836715698242,False,NVIDIA_GeForce_RTX_3080,10,
regnety_080,224,16,fp32,112.34760284423828,False,NVIDIA_GeForce_RTX_3080,10,
regnety_080,224,32,bf16,92.4246597290039,False,NVIDIA_GeForce_RTX_3080,10,
regnety_080,224,32,fp16,85.71953582763672,False,NVIDIA_GeForce_RTX_3080,10,
regnety_080,224,32,fp32,163.46981811523438,False,NVIDIA_GeForce_RTX_3080,10,
regnety_080,224,64,bf16,175.07618713378906,False,NVIDIA_GeForce_RTX_3080,10,
regnety_080,224,64,fp16,165.8597869873047,False,NVIDIA_GeForce_RTX_3080,10,
regnety_080,224,64,fp32,,True,NVIDIA_GeForce_RTX_3080,10,
regnety_160,64,16,bf16,72.37222290039062,False,NVIDIA_GeForce_RTX_3080,10,
regnety_160,64,16,fp16,75.02377319335938,False,NVIDIA_GeForce_RTX_3080,10,
regnety_160,64,16,fp32,31.50577545166016,False,NVIDIA_GeForce_RTX_3080,10,
regnety_160,64,32,bf16,126.1317138671875,False,NVIDIA_GeForce_RTX_3080,10,
regnety_160,64,32,fp16,126.58035278320312,False,NVIDIA_GeForce_RTX_3080,10,
regnety_160,64,32,fp32,49.10745620727539,False,NVIDIA_GeForce_RTX_3080,10,
regnety_160,64,64,bf16,210.40798950195312,False,NVIDIA_GeForce_RTX_3080,10,
regnety_160,64,64,fp16,212.274658203125,False,NVIDIA_GeForce_RTX_3080,10,
regnety_160,64,64,fp32,79.56118774414062,False,NVIDIA_GeForce_RTX_3080,10,
regnety_160,128,16,bf16,80.31527709960938,False,NVIDIA_GeForce_RTX_3080,10,
regnety_160,128,16,fp16,80.88694763183594,False,NVIDIA_GeForce_RTX_3080,10,
regnety_160,128,16,fp32,57.11572647094727,False,NVIDIA_GeForce_RTX_3080,10,
regnety_160,128,32,bf16,150.57859802246094,False,NVIDIA_GeForce_RTX_3080,10,
regnety_160,128,32,fp16,157.5081024169922,False,NVIDIA_GeForce_RTX_3080,10,
regnety_160,128,32,fp32,103.8197250366211,False,NVIDIA_GeForce_RTX_3080,10,
regnety_160,128,64,bf16,97.8877410888672,False,NVIDIA_GeForce_RTX_3080,10,
regnety_160,128,64,fp16,93.75454711914062,False,NVIDIA_GeForce_RTX_3080,10,
regnety_160,128,64,fp32,194.1508331298828,False,NVIDIA_GeForce_RTX_3080,10,
regnety_160,224,16,bf16,125.93049621582033,False,NVIDIA_GeForce_RTX_3080,10,
regnety_160,224,16,fp16,121.82784271240234,False,NVIDIA_GeForce_RTX_3080,10,
regnety_160,224,16,fp32,155.57882690429688,False,NVIDIA_GeForce_RTX_3080,10,
regnety_160,224,32,bf16,145.14381408691406,False,NVIDIA_GeForce_RTX_3080,10,
regnety_160,224,32,fp16,137.76112365722656,False,NVIDIA_GeForce_RTX_3080,10,
regnety_160,224,32,fp32,,True,NVIDIA_GeForce_RTX_3080,10,
regnety_160,224,64,bf16,,True,NVIDIA_GeForce_RTX_3080,10,
regnety_160,224,64,fp16,,True,NVIDIA_GeForce_RTX_3080,10,
regnety_160,224,64,fp32,,True,NVIDIA_GeForce_RTX_3080,10,
regnety_320,64,16,bf16,33.94705581665039,False,NVIDIA_GeForce_RTX_3080,10,
regnety_320,64,16,fp16,38.98411178588867,False,NVIDIA_GeForce_RTX_3080,10,
regnety_320,64,16,fp32,43.18977737426758,False,NVIDIA_GeForce_RTX_3080,10,
regnety_320,64,32,bf16,40.93849563598633,False,NVIDIA_GeForce_RTX_3080,10,
regnety_320,64,32,fp16,40.72550582885742,False,NVIDIA_GeForce_RTX_3080,10,
regnety_320,64,32,fp32,66.6467056274414,False,NVIDIA_GeForce_RTX_3080,10,
regnety_320,64,64,bf16,59.45054244995117,False,NVIDIA_GeForce_RTX_3080,10,
regnety_320,64,64,fp16,60.23412704467773,False,NVIDIA_GeForce_RTX_3080,10,
regnety_320,64,64,fp32,106.67161560058594,False,NVIDIA_GeForce_RTX_3080,10,
regnety_320,128,16,bf16,54.39144134521485,False,NVIDIA_GeForce_RTX_3080,10,
regnety_320,128,16,fp16,51.45753479003906,False,NVIDIA_GeForce_RTX_3080,10,
regnety_320,128,16,fp32,83.0719985961914,False,NVIDIA_GeForce_RTX_3080,10,
regnety_320,128,32,bf16,87.150146484375,False,NVIDIA_GeForce_RTX_3080,10,
regnety_320,128,32,fp16,82.26252746582031,False,NVIDIA_GeForce_RTX_3080,10,
regnety_320,128,32,fp32,146.24819946289062,False,NVIDIA_GeForce_RTX_3080,10,
regnety_320,128,64,bf16,153.3358154296875,False,NVIDIA_GeForce_RTX_3080,10,
regnety_320,128,64,fp16,144.33120727539062,False,NVIDIA_GeForce_RTX_3080,10,
regnety_320,128,64,fp32,,True,NVIDIA_GeForce_RTX_3080,10,
regnety_320,224,16,bf16,126.34992218017578,False,NVIDIA_GeForce_RTX_3080,10,
regnety_320,224,16,fp16,119.1505889892578,False,NVIDIA_GeForce_RTX_3080,10,
regnety_320,224,16,fp32,215.10134887695312,False,NVIDIA_GeForce_RTX_3080,10,
regnety_320,224,32,bf16,225.46548461914065,False,NVIDIA_GeForce_RTX_3080,10,
regnety_320,224,32,fp16,212.02317810058597,False,NVIDIA_GeForce_RTX_3080,10,
regnety_320,224,32,fp32,,True,NVIDIA_GeForce_RTX_3080,10,
regnety_320,224,64,bf16,,True,NVIDIA_GeForce_RTX_3080,10,
regnety_320,224,64,fp16,,True,NVIDIA_GeForce_RTX_3080,10,
regnety_320,224,64,fp32,,True,NVIDIA_GeForce_RTX_3080,10,
repvgg_a2,64,16,bf16,8.130559921264648,False,NVIDIA_GeForce_RTX_3080,10,
repvgg_a2,64,16,fp16,7.821760177612305,False,NVIDIA_GeForce_RTX_3080,10,
repvgg_a2,64,16,fp32,10.167807579040527,False,NVIDIA_GeForce_RTX_3080,10,
repvgg_a2,64,32,bf16,10.577407836914062,False,NVIDIA_GeForce_RTX_3080,10,
repvgg_a2,64,32,fp16,9.960448265075684,False,NVIDIA_GeForce_RTX_3080,10,
repvgg_a2,64,32,fp32,12.820416450500488,False,NVIDIA_GeForce_RTX_3080,10,
repvgg_a2,64,64,bf16,15.248831748962402,False,NVIDIA_GeForce_RTX_3080,10,
repvgg_a2,64,64,fp16,14.872575759887695,False,NVIDIA_GeForce_RTX_3080,10,
repvgg_a2,64,64,fp32,19.61404800415039,False,NVIDIA_GeForce_RTX_3080,10,
repvgg_a2,128,16,bf16,13.538816452026367,False,NVIDIA_GeForce_RTX_3080,10,
repvgg_a2,128,16,fp16,12.78105640411377,False,NVIDIA_GeForce_RTX_3080,10,
repvgg_a2,128,16,fp32,17.6942081451416,False,NVIDIA_GeForce_RTX_3080,10,
repvgg_a2,128,32,bf16,19.710912704467773,False,NVIDIA_GeForce_RTX_3080,10,
repvgg_a2,128,32,fp16,18.369535446166992,False,NVIDIA_GeForce_RTX_3080,10,
repvgg_a2,128,32,fp32,29.09235191345215,False,NVIDIA_GeForce_RTX_3080,10,
repvgg_a2,128,64,bf16,34.58611297607422,False,NVIDIA_GeForce_RTX_3080,10,
repvgg_a2,128,64,fp16,32.01996612548828,False,NVIDIA_GeForce_RTX_3080,10,
repvgg_a2,128,64,fp32,54.19673538208008,False,NVIDIA_GeForce_RTX_3080,10,
repvgg_a2,224,16,bf16,28.76006317138672,False,NVIDIA_GeForce_RTX_3080,10,
repvgg_a2,224,16,fp16,26.803712844848636,False,NVIDIA_GeForce_RTX_3080,10,
repvgg_a2,224,16,fp32,41.95532989501953,False,NVIDIA_GeForce_RTX_3080,10,
repvgg_a2,224,32,bf16,51.16718292236328,False,NVIDIA_GeForce_RTX_3080,10,
repvgg_a2,224,32,fp16,47.06033706665039,False,NVIDIA_GeForce_RTX_3080,10,
repvgg_a2,224,32,fp32,82.6803207397461,False,NVIDIA_GeForce_RTX_3080,10,
repvgg_a2,224,64,bf16,87.94058990478516,False,NVIDIA_GeForce_RTX_3080,10,
repvgg_a2,224,64,fp16,80.40294647216797,False,NVIDIA_GeForce_RTX_3080,10,
repvgg_a2,224,64,fp32,151.26885986328125,False,NVIDIA_GeForce_RTX_3080,10,
resmlp_24_224,64,16,bf16,9.21292781829834,False,NVIDIA_GeForce_RTX_3080,10,
resmlp_24_224,64,16,fp16,8.629247665405273,False,NVIDIA_GeForce_RTX_3080,10,
resmlp_24_224,64,16,fp32,10.606080055236816,False,NVIDIA_GeForce_RTX_3080,10,
resmlp_24_224,64,32,bf16,11.298175811767578,False,NVIDIA_GeForce_RTX_3080,10,
resmlp_24_224,64,32,fp16,10.79139232635498,False,NVIDIA_GeForce_RTX_3080,10,
resmlp_24_224,64,32,fp32,15.162879943847656,False,NVIDIA_GeForce_RTX_3080,10,
resmlp_24_224,64,64,bf16,14.789456367492676,False,NVIDIA_GeForce_RTX_3080,10,
resmlp_24_224,64,64,fp16,13.83731174468994,False,NVIDIA_GeForce_RTX_3080,10,
resmlp_24_224,64,64,fp32,22.56947135925293,False,NVIDIA_GeForce_RTX_3080,10,
resmlp_24_224,128,16,bf16,14.89510440826416,False,NVIDIA_GeForce_RTX_3080,10,
resmlp_24_224,128,16,fp16,14.054368019104004,False,NVIDIA_GeForce_RTX_3080,10,
resmlp_24_224,128,16,fp32,22.601215362548828,False,NVIDIA_GeForce_RTX_3080,10,
resmlp_24_224,128,32,bf16,23.69424057006836,False,NVIDIA_GeForce_RTX_3080,10,
resmlp_24_224,128,32,fp16,23.061504364013672,False,NVIDIA_GeForce_RTX_3080,10,
resmlp_24_224,128,32,fp32,38.99023818969727,False,NVIDIA_GeForce_RTX_3080,10,
resmlp_24_224,128,64,bf16,40.95846557617188,False,NVIDIA_GeForce_RTX_3080,10,
resmlp_24_224,128,64,fp16,41.13561630249024,False,NVIDIA_GeForce_RTX_3080,10,
resmlp_24_224,128,64,fp32,71.36665344238281,False,NVIDIA_GeForce_RTX_3080,10,
resmlp_24_224,224,16,bf16,36.04326248168945,False,NVIDIA_GeForce_RTX_3080,10,
resmlp_24_224,224,16,fp16,34.84820938110352,False,NVIDIA_GeForce_RTX_3080,10,
resmlp_24_224,224,16,fp32,58.49894332885742,False,NVIDIA_GeForce_RTX_3080,10,
resmlp_24_224,224,32,bf16,63.83195114135742,False,NVIDIA_GeForce_RTX_3080,10,
resmlp_24_224,224,32,fp16,61.57404708862305,False,NVIDIA_GeForce_RTX_3080,10,
resmlp_24_224,224,32,fp32,107.63665771484376,False,NVIDIA_GeForce_RTX_3080,10,
resmlp_24_224,224,64,bf16,114.58953857421876,False,NVIDIA_GeForce_RTX_3080,10,
resmlp_24_224,224,64,fp16,112.43212890625,False,NVIDIA_GeForce_RTX_3080,10,
resmlp_24_224,224,64,fp32,203.27577209472656,False,NVIDIA_GeForce_RTX_3080,10,
resnet101,64,16,bf16,15.241727828979492,False,NVIDIA_GeForce_RTX_3080,10,
resnet101,64,16,fp16,14.555135726928713,False,NVIDIA_GeForce_RTX_3080,10,
resnet101,64,16,fp32,20.23776054382324,False,NVIDIA_GeForce_RTX_3080,10,
resnet101,64,32,bf16,19.968000411987305,False,NVIDIA_GeForce_RTX_3080,10,
resnet101,64,32,fp16,18.53387260437012,False,NVIDIA_GeForce_RTX_3080,10,
resnet101,64,32,fp32,24.38502311706543,False,NVIDIA_GeForce_RTX_3080,10,
resnet101,64,64,bf16,23.466495513916016,False,NVIDIA_GeForce_RTX_3080,10,
resnet101,64,64,fp16,20.677120208740234,False,NVIDIA_GeForce_RTX_3080,10,
resnet101,64,64,fp32,36.04972839355469,False,NVIDIA_GeForce_RTX_3080,10,
resnet101,128,16,bf16,20.15894317626953,False,NVIDIA_GeForce_RTX_3080,10,
resnet101,128,16,fp16,18.639312744140625,False,NVIDIA_GeForce_RTX_3080,10,
resnet101,128,16,fp32,28.992351531982425,False,NVIDIA_GeForce_RTX_3080,10,
resnet101,128,32,bf16,31.77574348449707,False,NVIDIA_GeForce_RTX_3080,10,
resnet101,128,32,fp16,29.020671844482425,False,NVIDIA_GeForce_RTX_3080,10,
resnet101,128,32,fp32,47.570945739746094,False,NVIDIA_GeForce_RTX_3080,10,
resnet101,128,64,bf16,54.54387283325195,False,NVIDIA_GeForce_RTX_3080,10,
resnet101,128,64,fp16,49.007102966308594,False,NVIDIA_GeForce_RTX_3080,10,
resnet101,128,64,fp32,86.08457946777344,False,NVIDIA_GeForce_RTX_3080,10,
resnet101,224,16,bf16,44.597633361816406,False,NVIDIA_GeForce_RTX_3080,10,
resnet101,224,16,fp16,40.41932678222656,False,NVIDIA_GeForce_RTX_3080,10,
resnet101,224,16,fp32,70.36211395263672,False,NVIDIA_GeForce_RTX_3080,10,
resnet101,224,32,bf16,78.9043197631836,False,NVIDIA_GeForce_RTX_3080,10,
resnet101,224,32,fp16,71.08911895751953,False,NVIDIA_GeForce_RTX_3080,10,
resnet101,224,32,fp32,134.48602294921875,False,NVIDIA_GeForce_RTX_3080,10,
resnet101,224,64,bf16,154.55845642089844,False,NVIDIA_GeForce_RTX_3080,10,
resnet101,224,64,fp16,138.9629364013672,False,NVIDIA_GeForce_RTX_3080,10,
resnet101,224,64,fp32,,True,NVIDIA_GeForce_RTX_3080,10,
resnet152,64,16,bf16,21.855552673339844,False,NVIDIA_GeForce_RTX_3080,10,
resnet152,64,16,fp16,20.90328025817871,False,NVIDIA_GeForce_RTX_3080,10,
resnet152,64,16,fp32,29.114368438720703,False,NVIDIA_GeForce_RTX_3080,10,
resnet152,64,32,bf16,28.74158477783203,False,NVIDIA_GeForce_RTX_3080,10,
resnet152,64,32,fp16,26.776559829711918,False,NVIDIA_GeForce_RTX_3080,10,
resnet152,64,32,fp32,34.45555114746094,False,NVIDIA_GeForce_RTX_3080,10,
resnet152,64,64,bf16,33.00761413574219,False,NVIDIA_GeForce_RTX_3080,10,
resnet152,64,64,fp16,29.120512008666992,False,NVIDIA_GeForce_RTX_3080,10,
resnet152,64,64,fp32,50.62238311767578,False,NVIDIA_GeForce_RTX_3080,10,
resnet152,128,16,bf16,28.506479263305664,False,NVIDIA_GeForce_RTX_3080,10,
resnet152,128,16,fp16,26.50419235229492,False,NVIDIA_GeForce_RTX_3080,10,
resnet152,128,16,fp32,40.62771224975586,False,NVIDIA_GeForce_RTX_3080,10,
resnet152,128,32,bf16,44.81894302368164,False,NVIDIA_GeForce_RTX_3080,10,
resnet152,128,32,fp16,41.114593505859375,False,NVIDIA_GeForce_RTX_3080,10,
resnet152,128,32,fp32,66.9859848022461,False,NVIDIA_GeForce_RTX_3080,10,
resnet152,128,64,bf16,76.92584228515625,False,NVIDIA_GeForce_RTX_3080,10,
resnet152,128,64,fp16,69.62278747558594,False,NVIDIA_GeForce_RTX_3080,10,
resnet152,128,64,fp32,122.38848114013672,False,NVIDIA_GeForce_RTX_3080,10,
resnet152,224,16,bf16,63.01081466674805,False,NVIDIA_GeForce_RTX_3080,10,
resnet152,224,16,fp16,57.30710220336914,False,NVIDIA_GeForce_RTX_3080,10,
resnet152,224,16,fp32,100.36377716064452,False,NVIDIA_GeForce_RTX_3080,10,
resnet152,224,32,bf16,111.68102264404295,False,NVIDIA_GeForce_RTX_3080,10,
resnet152,224,32,fp16,100.64374542236328,False,NVIDIA_GeForce_RTX_3080,10,
resnet152,224,32,fp32,192.73724365234372,False,NVIDIA_GeForce_RTX_3080,10,
resnet152,224,64,bf16,218.8697662353516,False,NVIDIA_GeForce_RTX_3080,10,
resnet152,224,64,fp16,197.69906616210935,False,NVIDIA_GeForce_RTX_3080,10,
resnet152,224,64,fp32,,True,NVIDIA_GeForce_RTX_3080,10,
resnet18,64,16,bf16,3.25052809715271,False,NVIDIA_GeForce_RTX_3080,10,
resnet18,64,16,fp16,3.1237120628356934,False,NVIDIA_GeForce_RTX_3080,10,
resnet18,64,16,fp32,3.7882239818573,False,NVIDIA_GeForce_RTX_3080,10,
resnet18,64,32,bf16,3.9280641078948975,False,NVIDIA_GeForce_RTX_3080,10,
resnet18,64,32,fp16,3.7027840614318848,False,NVIDIA_GeForce_RTX_3080,10,
resnet18,64,32,fp32,4.686336040496826,False,NVIDIA_GeForce_RTX_3080,10,
resnet18,64,64,bf16,5.340672016143799,False,NVIDIA_GeForce_RTX_3080,10,
resnet18,64,64,fp16,4.947968006134033,False,NVIDIA_GeForce_RTX_3080,10,
resnet18,64,64,fp32,6.6268157958984375,False,NVIDIA_GeForce_RTX_3080,10,
resnet18,128,16,bf16,4.972367763519287,False,NVIDIA_GeForce_RTX_3080,10,
resnet18,128,16,fp16,4.719615936279297,False,NVIDIA_GeForce_RTX_3080,10,
resnet18,128,16,fp32,6.585855960845947,False,NVIDIA_GeForce_RTX_3080,10,
resnet18,128,32,bf16,7.860671997070312,False,NVIDIA_GeForce_RTX_3080,10,
resnet18,128,32,fp16,7.178703784942627,False,NVIDIA_GeForce_RTX_3080,10,
resnet18,128,32,fp32,10.62604808807373,False,NVIDIA_GeForce_RTX_3080,10,
resnet18,128,64,bf16,13.438431739807127,False,NVIDIA_GeForce_RTX_3080,10,
resnet18,128,64,fp16,12.05452823638916,False,NVIDIA_GeForce_RTX_3080,10,
resnet18,128,64,fp32,19.19980812072754,False,NVIDIA_GeForce_RTX_3080,10,
resnet18,224,16,bf16,10.714608192443848,False,NVIDIA_GeForce_RTX_3080,10,
resnet18,224,16,fp16,9.636351585388184,False,NVIDIA_GeForce_RTX_3080,10,
resnet18,224,16,fp32,15.961983680725098,False,NVIDIA_GeForce_RTX_3080,10,
resnet18,224,32,bf16,19.04742431640625,False,NVIDIA_GeForce_RTX_3080,10,
resnet18,224,32,fp16,16.91494369506836,False,NVIDIA_GeForce_RTX_3080,10,
resnet18,224,32,fp32,29.785600662231445,False,NVIDIA_GeForce_RTX_3080,10,
resnet18,224,64,bf16,36.99601745605469,False,NVIDIA_GeForce_RTX_3080,10,
resnet18,224,64,fp16,32.90403366088867,False,NVIDIA_GeForce_RTX_3080,10,
resnet18,224,64,fp32,56.51456069946289,False,NVIDIA_GeForce_RTX_3080,10,
resnet200,64,16,bf16,26.035615921020508,False,NVIDIA_GeForce_RTX_3080,10,
resnet200,64,16,fp16,24.71526336669922,False,NVIDIA_GeForce_RTX_3080,10,
resnet200,64,16,fp32,33.98451232910156,False,NVIDIA_GeForce_RTX_3080,10,
resnet200,64,32,bf16,34.59379196166992,False,NVIDIA_GeForce_RTX_3080,10,
resnet200,64,32,fp16,32.04556655883789,False,NVIDIA_GeForce_RTX_3080,10,
resnet200,64,32,fp32,41.854976654052734,False,NVIDIA_GeForce_RTX_3080,10,
resnet200,64,64,bf16,41.1781120300293,False,NVIDIA_GeForce_RTX_3080,10,
resnet200,64,64,fp16,36.38220977783203,False,NVIDIA_GeForce_RTX_3080,10,
resnet200,64,64,fp32,62.79679870605469,False,NVIDIA_GeForce_RTX_3080,10,
resnet200,128,16,bf16,37.233665466308594,False,NVIDIA_GeForce_RTX_3080,10,
resnet200,128,16,fp16,34.56700897216797,False,NVIDIA_GeForce_RTX_3080,10,
resnet200,128,16,fp32,51.35667037963867,False,NVIDIA_GeForce_RTX_3080,10,
resnet200,128,32,bf16,58.77964782714844,False,NVIDIA_GeForce_RTX_3080,10,
resnet200,128,32,fp16,53.8238410949707,False,NVIDIA_GeForce_RTX_3080,10,
resnet200,128,32,fp32,88.45926666259766,False,NVIDIA_GeForce_RTX_3080,10,
resnet200,128,64,bf16,102.65753936767578,False,NVIDIA_GeForce_RTX_3080,10,
resnet200,128,64,fp16,92.10147094726562,False,NVIDIA_GeForce_RTX_3080,10,
resnet200,128,64,fp32,164.9003448486328,False,NVIDIA_GeForce_RTX_3080,10,
resnet200,224,16,bf16,82.67520141601562,False,NVIDIA_GeForce_RTX_3080,10,
resnet200,224,16,fp16,74.6987533569336,False,NVIDIA_GeForce_RTX_3080,10,
resnet200,224,16,fp32,134.33445739746094,False,NVIDIA_GeForce_RTX_3080,10,
resnet200,224,32,bf16,148.84130859375,False,NVIDIA_GeForce_RTX_3080,10,
resnet200,224,32,fp16,132.7307891845703,False,NVIDIA_GeForce_RTX_3080,10,
resnet200,224,32,fp32,,True,NVIDIA_GeForce_RTX_3080,10,
resnet200,224,64,bf16,,True,NVIDIA_GeForce_RTX_3080,10,
resnet200,224,64,fp16,,True,NVIDIA_GeForce_RTX_3080,10,
resnet200,224,64,fp32,,True,NVIDIA_GeForce_RTX_3080,10,
resnet50,64,16,bf16,7.826943874359131,False,NVIDIA_GeForce_RTX_3080,10,
resnet50,64,16,fp16,7.365119934082031,False,NVIDIA_GeForce_RTX_3080,10,
resnet50,64,16,fp32,10.04032039642334,False,NVIDIA_GeForce_RTX_3080,10,
resnet50,64,32,bf16,10.232319831848145,False,NVIDIA_GeForce_RTX_3080,10,
resnet50,64,32,fp16,9.31430435180664,False,NVIDIA_GeForce_RTX_3080,10,
resnet50,64,32,fp32,13.46662425994873,False,NVIDIA_GeForce_RTX_3080,10,
resnet50,64,64,bf16,13.729599952697754,False,NVIDIA_GeForce_RTX_3080,10,
resnet50,64,64,fp16,11.849727630615234,False,NVIDIA_GeForce_RTX_3080,10,
resnet50,64,64,fp32,20.674047470092773,False,NVIDIA_GeForce_RTX_3080,10,
resnet50,128,16,bf16,12.149248123168944,False,NVIDIA_GeForce_RTX_3080,10,
resnet50,128,16,fp16,11.04793643951416,False,NVIDIA_GeForce_RTX_3080,10,
resnet50,128,16,fp32,17.352191925048828,False,NVIDIA_GeForce_RTX_3080,10,
resnet50,128,32,bf16,19.33209609985352,False,NVIDIA_GeForce_RTX_3080,10,
resnet50,128,32,fp16,17.363855361938477,False,NVIDIA_GeForce_RTX_3080,10,
resnet50,128,32,fp32,28.95305633544922,False,NVIDIA_GeForce_RTX_3080,10,
resnet50,128,64,bf16,33.73347091674805,False,NVIDIA_GeForce_RTX_3080,10,
resnet50,128,64,fp16,29.801952362060547,False,NVIDIA_GeForce_RTX_3080,10,
resnet50,128,64,fp32,52.787200927734375,False,NVIDIA_GeForce_RTX_3080,10,
resnet50,224,16,bf16,27.0022087097168,False,NVIDIA_GeForce_RTX_3080,10,
resnet50,224,16,fp16,24.09369659423828,False,NVIDIA_GeForce_RTX_3080,10,
resnet50,224,16,fp32,42.0208625793457,False,NVIDIA_GeForce_RTX_3080,10,
resnet50,224,32,bf16,48.63590240478516,False,NVIDIA_GeForce_RTX_3080,10,
resnet50,224,32,fp16,42.99913787841797,False,NVIDIA_GeForce_RTX_3080,10,
resnet50,224,32,fp32,80.23040008544922,False,NVIDIA_GeForce_RTX_3080,10,
resnet50,224,64,bf16,94.14643096923828,False,NVIDIA_GeForce_RTX_3080,10,
resnet50,224,64,fp16,84.39998626708984,False,NVIDIA_GeForce_RTX_3080,10,
resnet50,224,64,fp32,154.7448272705078,False,NVIDIA_GeForce_RTX_3080,10,
resnext101_64x4d,64,16,bf16,20.6694393157959,False,NVIDIA_GeForce_RTX_3080,10,
resnext101_64x4d,64,16,fp16,19.760576248168945,False,NVIDIA_GeForce_RTX_3080,10,
resnext101_64x4d,64,16,fp32,43.26604843139648,False,NVIDIA_GeForce_RTX_3080,10,
resnext101_64x4d,64,32,bf16,26.20518493652344,False,NVIDIA_GeForce_RTX_3080,10,
resnext101_64x4d,64,32,fp16,24.199167251586918,False,NVIDIA_GeForce_RTX_3080,10,
resnext101_64x4d,64,32,fp32,53.029327392578125,False,NVIDIA_GeForce_RTX_3080,10,
resnext101_64x4d,64,64,bf16,38.36979293823242,False,NVIDIA_GeForce_RTX_3080,10,
resnext101_64x4d,64,64,fp16,33.68684768676758,False,NVIDIA_GeForce_RTX_3080,10,
resnext101_64x4d,64,64,fp32,93.7738265991211,False,NVIDIA_GeForce_RTX_3080,10,
resnext101_64x4d,128,16,bf16,33.72489547729492,False,NVIDIA_GeForce_RTX_3080,10,
resnext101_64x4d,128,16,fp16,31.193071365356445,False,NVIDIA_GeForce_RTX_3080,10,
resnext101_64x4d,128,16,fp32,75.9582748413086,False,NVIDIA_GeForce_RTX_3080,10,
resnext101_64x4d,128,32,bf16,56.263633728027344,False,NVIDIA_GeForce_RTX_3080,10,
resnext101_64x4d,128,32,fp16,52.70272064208984,False,NVIDIA_GeForce_RTX_3080,10,
resnext101_64x4d,128,32,fp32,123.58537292480467,False,NVIDIA_GeForce_RTX_3080,10,
resnext101_64x4d,128,64,bf16,100.19174194335938,False,NVIDIA_GeForce_RTX_3080,10,
resnext101_64x4d,128,64,fp16,93.43641662597656,False,NVIDIA_GeForce_RTX_3080,10,
resnext101_64x4d,128,64,fp32,201.23904418945312,False,NVIDIA_GeForce_RTX_3080,10,
resnext101_64x4d,224,16,bf16,83.10118103027344,False,NVIDIA_GeForce_RTX_3080,10,
resnext101_64x4d,224,16,fp16,75.69612884521484,False,NVIDIA_GeForce_RTX_3080,10,
resnext101_64x4d,224,16,fp32,164.6545867919922,False,NVIDIA_GeForce_RTX_3080,10,
resnext101_64x4d,224,32,bf16,152.068603515625,False,NVIDIA_GeForce_RTX_3080,10,
resnext101_64x4d,224,32,fp16,142.5991668701172,False,NVIDIA_GeForce_RTX_3080,10,
resnext101_64x4d,224,32,fp32,,True,NVIDIA_GeForce_RTX_3080,10,
resnext101_64x4d,224,64,bf16,,True,NVIDIA_GeForce_RTX_3080,10,
resnext101_64x4d,224,64,fp16,,True,NVIDIA_GeForce_RTX_3080,10,
resnext101_64x4d,224,64,fp32,,True,NVIDIA_GeForce_RTX_3080,10,
resnext50_32x4d,64,16,bf16,7.603007793426514,False,NVIDIA_GeForce_RTX_3080,10,
resnext50_32x4d,64,16,fp16,7.0999040603637695,False,NVIDIA_GeForce_RTX_3080,10,
resnext50_32x4d,64,16,fp32,12.346783638000488,False,NVIDIA_GeForce_RTX_3080,10,
resnext50_32x4d,64,32,bf16,9.963007926940918,False,NVIDIA_GeForce_RTX_3080,10,
resnext50_32x4d,64,32,fp16,8.949248313903809,False,NVIDIA_GeForce_RTX_3080,10,
resnext50_32x4d,64,32,fp32,17.177087783813477,False,NVIDIA_GeForce_RTX_3080,10,
resnext50_32x4d,64,64,bf16,15.04708766937256,False,NVIDIA_GeForce_RTX_3080,10,
resnext50_32x4d,64,64,fp16,12.826623916625977,False,NVIDIA_GeForce_RTX_3080,10,
resnext50_32x4d,64,64,fp32,26.86924743652344,False,NVIDIA_GeForce_RTX_3080,10,
resnext50_32x4d,128,16,bf16,13.127167701721191,False,NVIDIA_GeForce_RTX_3080,10,
resnext50_32x4d,128,16,fp16,11.71504020690918,False,NVIDIA_GeForce_RTX_3080,10,
resnext50_32x4d,128,16,fp32,20.76108741760254,False,NVIDIA_GeForce_RTX_3080,10,
resnext50_32x4d,128,32,bf16,21.49665641784668,False,NVIDIA_GeForce_RTX_3080,10,
resnext50_32x4d,128,32,fp16,19.186176300048828,False,NVIDIA_GeForce_RTX_3080,10,
resnext50_32x4d,128,32,fp32,38.239742279052734,False,NVIDIA_GeForce_RTX_3080,10,
resnext50_32x4d,128,64,bf16,39.15507125854492,False,NVIDIA_GeForce_RTX_3080,10,
resnext50_32x4d,128,64,fp16,34.88663864135742,False,NVIDIA_GeForce_RTX_3080,10,
resnext50_32x4d,128,64,fp32,67.20716857910156,False,NVIDIA_GeForce_RTX_3080,10,
resnext50_32x4d,224,16,bf16,32.35993576049805,False,NVIDIA_GeForce_RTX_3080,10,
resnext50_32x4d,224,16,fp16,28.486143112182617,False,NVIDIA_GeForce_RTX_3080,10,
resnext50_32x4d,224,16,fp32,52.8988151550293,False,NVIDIA_GeForce_RTX_3080,10,
resnext50_32x4d,224,32,bf16,57.35475158691406,False,NVIDIA_GeForce_RTX_3080,10,
resnext50_32x4d,224,32,fp16,50.80012893676758,False,NVIDIA_GeForce_RTX_3080,10,
resnext50_32x4d,224,32,fp32,102.44961547851562,False,NVIDIA_GeForce_RTX_3080,10,
resnext50_32x4d,224,64,bf16,110.02623748779295,False,NVIDIA_GeForce_RTX_3080,10,
resnext50_32x4d,224,64,fp16,99.5440673828125,False,NVIDIA_GeForce_RTX_3080,10,
resnext50_32x4d,224,64,fp32,1233.6153564453125,False,NVIDIA_GeForce_RTX_3080,10,precision_artifact
swin_base_patch4_window7_224,64,16,bf16,19.15795135498047,False,NVIDIA_GeForce_RTX_3080,10,
swin_base_patch4_window7_224,64,16,fp16,18.79244804382324,False,NVIDIA_GeForce_RTX_3080,10,
swin_base_patch4_window7_224,64,16,fp32,25.82169532775879,False,NVIDIA_GeForce_RTX_3080,10,
swin_base_patch4_window7_224,64,32,bf16,25.483200073242188,False,NVIDIA_GeForce_RTX_3080,10,
swin_base_patch4_window7_224,64,32,fp16,25.09363174438477,False,NVIDIA_GeForce_RTX_3080,10,
swin_base_patch4_window7_224,64,32,fp32,38.80652618408203,False,NVIDIA_GeForce_RTX_3080,10,
swin_base_patch4_window7_224,64,64,bf16,35.633567810058594,False,NVIDIA_GeForce_RTX_3080,10,
swin_base_patch4_window7_224,64,64,fp16,35.1196174621582,False,NVIDIA_GeForce_RTX_3080,10,
swin_base_patch4_window7_224,64,64,fp32,65.85088348388672,False,NVIDIA_GeForce_RTX_3080,10,
swin_base_patch4_window7_224,128,16,bf16,49.25833511352539,False,NVIDIA_GeForce_RTX_3080,10,
swin_base_patch4_window7_224,128,16,fp16,47.93395233154297,False,NVIDIA_GeForce_RTX_3080,10,
swin_base_patch4_window7_224,128,16,fp32,90.39411163330078,False,NVIDIA_GeForce_RTX_3080,10,
swin_base_patch4_window7_224,128,32,bf16,83.34687805175781,False,NVIDIA_GeForce_RTX_3080,10,
swin_base_patch4_window7_224,128,32,fp16,81.74534606933594,False,NVIDIA_GeForce_RTX_3080,10,
swin_base_patch4_window7_224,128,32,fp32,167.267333984375,False,NVIDIA_GeForce_RTX_3080,10,
swin_base_patch4_window7_224,128,64,bf16,152.92962646484375,False,NVIDIA_GeForce_RTX_3080,10,
swin_base_patch4_window7_224,128,64,fp16,150.5576934814453,False,NVIDIA_GeForce_RTX_3080,10,
swin_base_patch4_window7_224,128,64,fp32,,True,NVIDIA_GeForce_RTX_3080,10,
swin_base_patch4_window7_224,224,16,bf16,81.70240020751953,False,NVIDIA_GeForce_RTX_3080,10,
swin_base_patch4_window7_224,224,16,fp16,80.36402893066406,False,NVIDIA_GeForce_RTX_3080,10,
swin_base_patch4_window7_224,224,16,fp32,157.95193481445312,False,NVIDIA_GeForce_RTX_3080,10,
swin_base_patch4_window7_224,224,32,bf16,145.15660095214844,False,NVIDIA_GeForce_RTX_3080,10,
swin_base_patch4_window7_224,224,32,fp16,144.36300659179688,False,NVIDIA_GeForce_RTX_3080,10,
swin_base_patch4_window7_224,224,32,fp32,662.62255859375,False,NVIDIA_GeForce_RTX_3080,10,
swin_base_patch4_window7_224,224,64,bf16,,True,NVIDIA_GeForce_RTX_3080,10,
swin_base_patch4_window7_224,224,64,fp16,,True,NVIDIA_GeForce_RTX_3080,10,
swin_base_patch4_window7_224,224,64,fp32,,True,NVIDIA_GeForce_RTX_3080,10,
swin_tiny_patch4_window7_224,64,16,bf16,8.399295806884766,False,NVIDIA_GeForce_RTX_3080,10,
swin_tiny_patch4_window7_224,64,16,fp16,8.173055648803711,False,NVIDIA_GeForce_RTX_3080,10,
swin_tiny_patch4_window7_224,64,16,fp32,11.232255935668944,False,NVIDIA_GeForce_RTX_3080,10,
swin_tiny_patch4_window7_224,64,32,bf16,11.589119911193848,False,NVIDIA_GeForce_RTX_3080,10,
swin_tiny_patch4_window7_224,64,32,fp16,11.171839714050291,False,NVIDIA_GeForce_RTX_3080,10,
swin_tiny_patch4_window7_224,64,32,fp32,17.82988739013672,False,NVIDIA_GeForce_RTX_3080,10,
swin_tiny_patch4_window7_224,64,64,bf16,17.41659164428711,False,NVIDIA_GeForce_RTX_3080,10,
swin_tiny_patch4_window7_224,64,64,fp16,17.006591796875,False,NVIDIA_GeForce_RTX_3080,10,
swin_tiny_patch4_window7_224,64,64,fp32,30.42611122131348,False,NVIDIA_GeForce_RTX_3080,10,
swin_tiny_patch4_window7_224,128,16,bf16,19.292591094970703,False,NVIDIA_GeForce_RTX_3080,10,
swin_tiny_patch4_window7_224,128,16,fp16,18.63321685791016,False,NVIDIA_GeForce_RTX_3080,10,
swin_tiny_patch4_window7_224,128,16,fp32,33.24825668334961,False,NVIDIA_GeForce_RTX_3080,10,
swin_tiny_patch4_window7_224,128,32,bf16,32.62156677246094,False,NVIDIA_GeForce_RTX_3080,10,
swin_tiny_patch4_window7_224,128,32,fp16,32.16574478149414,False,NVIDIA_GeForce_RTX_3080,10,
swin_tiny_patch4_window7_224,128,32,fp32,59.937278747558594,False,NVIDIA_GeForce_RTX_3080,10,
swin_tiny_patch4_window7_224,128,64,bf16,59.291648864746094,False,NVIDIA_GeForce_RTX_3080,10,
swin_tiny_patch4_window7_224,128,64,fp16,58.03246307373047,False,NVIDIA_GeForce_RTX_3080,10,
swin_tiny_patch4_window7_224,128,64,fp32,113.5953598022461,False,NVIDIA_GeForce_RTX_3080,10,
swin_tiny_patch4_window7_224,224,16,bf16,35.66177749633789,False,NVIDIA_GeForce_RTX_3080,10,
swin_tiny_patch4_window7_224,224,16,fp16,34.581504821777344,False,NVIDIA_GeForce_RTX_3080,10,
swin_tiny_patch4_window7_224,224,16,fp32,63.9737434387207,False,NVIDIA_GeForce_RTX_3080,10,
swin_tiny_patch4_window7_224,224,32,bf16,63.13113784790039,False,NVIDIA_GeForce_RTX_3080,10,
swin_tiny_patch4_window7_224,224,32,fp16,61.6712646484375,False,NVIDIA_GeForce_RTX_3080,10,
swin_tiny_patch4_window7_224,224,32,fp32,117.56427001953124,False,NVIDIA_GeForce_RTX_3080,10,
swin_tiny_patch4_window7_224,224,64,bf16,118.202880859375,False,NVIDIA_GeForce_RTX_3080,10,
swin_tiny_patch4_window7_224,224,64,fp16,115.6864013671875,False,NVIDIA_GeForce_RTX_3080,10,
swin_tiny_patch4_window7_224,224,64,fp32,242.72628784179688,False,NVIDIA_GeForce_RTX_3080,10,
swinv2_cr_tiny_ns_224,64,16,bf16,9.55951976776123,False,NVIDIA_GeForce_RTX_3080,10,
swinv2_cr_tiny_ns_224,64,16,fp16,9.294336318969728,False,NVIDIA_GeForce_RTX_3080,10,
swinv2_cr_tiny_ns_224,64,16,fp32,11.681792259216309,False,NVIDIA_GeForce_RTX_3080,10,
swinv2_cr_tiny_ns_224,64,32,bf16,12.403552055358888,False,NVIDIA_GeForce_RTX_3080,10,
swinv2_cr_tiny_ns_224,64,32,fp16,11.965951919555664,False,NVIDIA_GeForce_RTX_3080,10,
swinv2_cr_tiny_ns_224,64,32,fp32,17.63372802734375,False,NVIDIA_GeForce_RTX_3080,10,
swinv2_cr_tiny_ns_224,64,64,bf16,17.971071243286133,False,NVIDIA_GeForce_RTX_3080,10,
swinv2_cr_tiny_ns_224,64,64,fp16,17.667072296142578,False,NVIDIA_GeForce_RTX_3080,10,
swinv2_cr_tiny_ns_224,64,64,fp32,29.88224029541016,False,NVIDIA_GeForce_RTX_3080,10,
swinv2_cr_tiny_ns_224,128,16,bf16,17.676767349243164,False,NVIDIA_GeForce_RTX_3080,10,
swinv2_cr_tiny_ns_224,128,16,fp16,17.237503051757812,False,NVIDIA_GeForce_RTX_3080,10,
swinv2_cr_tiny_ns_224,128,16,fp32,27.02592086791992,False,NVIDIA_GeForce_RTX_3080,10,
swinv2_cr_tiny_ns_224,128,32,bf16,29.12870407104492,False,NVIDIA_GeForce_RTX_3080,10,
swinv2_cr_tiny_ns_224,128,32,fp16,29.002687454223636,False,NVIDIA_GeForce_RTX_3080,10,
swinv2_cr_tiny_ns_224,128,32,fp32,47.47964859008789,False,NVIDIA_GeForce_RTX_3080,10,
swinv2_cr_tiny_ns_224,128,64,bf16,52.89984130859375,False,NVIDIA_GeForce_RTX_3080,10,
swinv2_cr_tiny_ns_224,128,64,fp16,52.57255935668945,False,NVIDIA_GeForce_RTX_3080,10,
swinv2_cr_tiny_ns_224,128,64,fp32,88.6640625,False,NVIDIA_GeForce_RTX_3080,10,
swinv2_cr_tiny_ns_224,224,16,bf16,49.59846496582031,False,NVIDIA_GeForce_RTX_3080,10,
swinv2_cr_tiny_ns_224,224,16,fp16,48.330223083496094,False,NVIDIA_GeForce_RTX_3080,10,
swinv2_cr_tiny_ns_224,224,16,fp32,73.93777465820312,False,NVIDIA_GeForce_RTX_3080,10,
swinv2_cr_tiny_ns_224,224,32,bf16,86.97344207763672,False,NVIDIA_GeForce_RTX_3080,10,
swinv2_cr_tiny_ns_224,224,32,fp16,85.5008316040039,False,NVIDIA_GeForce_RTX_3080,10,
swinv2_cr_tiny_ns_224,224,32,fp32,135.3871307373047,False,NVIDIA_GeForce_RTX_3080,10,
swinv2_cr_tiny_ns_224,224,64,bf16,162.63116455078125,False,NVIDIA_GeForce_RTX_3080,10,
swinv2_cr_tiny_ns_224,224,64,fp16,159.42349243164062,False,NVIDIA_GeForce_RTX_3080,10,
swinv2_cr_tiny_ns_224,224,64,fp32,,True,NVIDIA_GeForce_RTX_3080,10,
twins_pcpvt_small,64,16,bf16,9.953791618347168,False,NVIDIA_GeForce_RTX_3080,10,
twins_pcpvt_small,64,16,fp16,9.688575744628906,False,NVIDIA_GeForce_RTX_3080,10,
twins_pcpvt_small,64,16,fp32,11.24500846862793,False,NVIDIA_GeForce_RTX_3080,10,
twins_pcpvt_small,64,32,bf16,11.6746244430542,False,NVIDIA_GeForce_RTX_3080,10,
twins_pcpvt_small,64,32,fp16,11.431936264038086,False,NVIDIA_GeForce_RTX_3080,10,
twins_pcpvt_small,64,32,fp32,15.483391761779783,False,NVIDIA_GeForce_RTX_3080,10,
twins_pcpvt_small,64,64,bf16,15.729056358337402,False,NVIDIA_GeForce_RTX_3080,10,
twins_pcpvt_small,64,64,fp16,15.599040031433104,False,NVIDIA_GeForce_RTX_3080,10,
twins_pcpvt_small,64,64,fp32,23.813119888305664,False,NVIDIA_GeForce_RTX_3080,10,
twins_pcpvt_small,128,16,bf16,15.122431755065918,False,NVIDIA_GeForce_RTX_3080,10,
twins_pcpvt_small,128,16,fp16,14.847328186035156,False,NVIDIA_GeForce_RTX_3080,10,
twins_pcpvt_small,128,16,fp32,23.20230484008789,False,NVIDIA_GeForce_RTX_3080,10,
twins_pcpvt_small,128,32,bf16,23.111120223999023,False,NVIDIA_GeForce_RTX_3080,10,
twins_pcpvt_small,128,32,fp16,22.641151428222656,False,NVIDIA_GeForce_RTX_3080,10,
twins_pcpvt_small,128,32,fp32,38.39168167114258,False,NVIDIA_GeForce_RTX_3080,10,
twins_pcpvt_small,128,64,bf16,38.48448181152344,False,NVIDIA_GeForce_RTX_3080,10,
twins_pcpvt_small,128,64,fp16,38.25032043457031,False,NVIDIA_GeForce_RTX_3080,10,
twins_pcpvt_small,128,64,fp32,68.48307037353516,False,NVIDIA_GeForce_RTX_3080,10,
twins_pcpvt_small,224,16,bf16,32.84377670288086,False,NVIDIA_GeForce_RTX_3080,10,
twins_pcpvt_small,224,16,fp16,32.369537353515625,False,NVIDIA_GeForce_RTX_3080,10,
twins_pcpvt_small,224,16,fp32,57.7182731628418,False,NVIDIA_GeForce_RTX_3080,10,
twins_pcpvt_small,224,32,bf16,53.920257568359375,False,NVIDIA_GeForce_RTX_3080,10,
twins_pcpvt_small,224,32,fp16,52.74265670776367,False,NVIDIA_GeForce_RTX_3080,10,
twins_pcpvt_small,224,32,fp32,98.68019104003906,False,NVIDIA_GeForce_RTX_3080,10,
twins_pcpvt_small,224,64,bf16,98.8814697265625,False,NVIDIA_GeForce_RTX_3080,10,
twins_pcpvt_small,224,64,fp16,97.818115234375,False,NVIDIA_GeForce_RTX_3080,10,
twins_pcpvt_small,224,64,fp32,223.1326446533203,False,NVIDIA_GeForce_RTX_3080,10,
twins_svt_small,64,16,bf16,10.523136138916016,False,NVIDIA_GeForce_RTX_3080,10,
twins_svt_small,64,16,fp16,10.160032272338867,False,NVIDIA_GeForce_RTX_3080,10,
twins_svt_small,64,16,fp32,11.76524829864502,False,NVIDIA_GeForce_RTX_3080,10,
twins_svt_small,64,32,bf16,14.749183654785156,False,NVIDIA_GeForce_RTX_3080,10,
twins_svt_small,64,32,fp16,14.26534366607666,False,NVIDIA_GeForce_RTX_3080,10,
twins_svt_small,64,32,fp32,17.648576736450195,False,NVIDIA_GeForce_RTX_3080,10,
twins_svt_small,64,64,bf16,22.361536026000977,False,NVIDIA_GeForce_RTX_3080,10,
twins_svt_small,64,64,fp16,22.25152015686035,False,NVIDIA_GeForce_RTX_3080,10,
twins_svt_small,64,64,fp32,29.16300773620605,False,NVIDIA_GeForce_RTX_3080,10,
twins_svt_small,128,16,bf16,18.184064865112305,False,NVIDIA_GeForce_RTX_3080,10,
twins_svt_small,128,16,fp16,17.931264877319336,False,NVIDIA_GeForce_RTX_3080,10,
twins_svt_small,128,16,fp32,24.330751419067383,False,NVIDIA_GeForce_RTX_3080,10,
twins_svt_small,128,32,bf16,30.257999420166016,False,NVIDIA_GeForce_RTX_3080,10,
twins_svt_small,128,32,fp16,30.10867118835449,False,NVIDIA_GeForce_RTX_3080,10,
twins_svt_small,128,32,fp32,41.67204666137695,False,NVIDIA_GeForce_RTX_3080,10,
twins_svt_small,128,64,bf16,52.98944091796875,False,NVIDIA_GeForce_RTX_3080,10,
twins_svt_small,128,64,fp16,52.741119384765625,False,NVIDIA_GeForce_RTX_3080,10,
twins_svt_small,128,64,fp32,76.29710388183594,False,NVIDIA_GeForce_RTX_3080,10,
twins_svt_small,224,16,bf16,31.18694305419922,False,NVIDIA_GeForce_RTX_3080,10,
twins_svt_small,224,16,fp16,30.96524810791016,False,NVIDIA_GeForce_RTX_3080,10,
twins_svt_small,224,16,fp32,48.01382446289063,False,NVIDIA_GeForce_RTX_3080,10,
twins_svt_small,224,32,bf16,54.28326416015625,False,NVIDIA_GeForce_RTX_3080,10,
twins_svt_small,224,32,fp16,53.84908676147461,False,NVIDIA_GeForce_RTX_3080,10,
twins_svt_small,224,32,fp32,85.2448959350586,False,NVIDIA_GeForce_RTX_3080,10,
twins_svt_small,224,64,bf16,101.13126373291016,False,NVIDIA_GeForce_RTX_3080,10,
twins_svt_small,224,64,fp16,100.8727035522461,False,NVIDIA_GeForce_RTX_3080,10,
twins_svt_small,224,64,fp32,161.66348266601562,False,NVIDIA_GeForce_RTX_3080,10,
vit_base_patch16_224,64,16,bf16,14.857215881347656,False,NVIDIA_GeForce_RTX_3080,10,
vit_base_patch16_224,64,16,fp16,14.38361644744873,False,NVIDIA_GeForce_RTX_3080,10,
vit_base_patch16_224,64,16,fp32,20.71331214904785,False,NVIDIA_GeForce_RTX_3080,10,
vit_base_patch16_224,64,32,bf16,18.986303329467773,False,NVIDIA_GeForce_RTX_3080,10,
vit_base_patch16_224,64,32,fp16,19.04587173461914,False,NVIDIA_GeForce_RTX_3080,10,
vit_base_patch16_224,64,32,fp32,30.615039825439453,False,NVIDIA_GeForce_RTX_3080,10,
vit_base_patch16_224,64,64,bf16,29.01247978210449,False,NVIDIA_GeForce_RTX_3080,10,
vit_base_patch16_224,64,64,fp16,28.199935913085938,False,NVIDIA_GeForce_RTX_3080,10,
vit_base_patch16_224,64,64,fp32,49.488895416259766,False,NVIDIA_GeForce_RTX_3080,10,
vit_base_patch16_224,128,16,bf16,27.268096923828125,False,NVIDIA_GeForce_RTX_3080,10,
vit_base_patch16_224,128,16,fp16,25.966943740844727,False,NVIDIA_GeForce_RTX_3080,10,
vit_base_patch16_224,128,16,fp32,49.750526428222656,False,NVIDIA_GeForce_RTX_3080,10,
vit_base_patch16_224,128,32,bf16,40.22118377685547,False,NVIDIA_GeForce_RTX_3080,10,
vit_base_patch16_224,128,32,fp16,40.13670349121094,False,NVIDIA_GeForce_RTX_3080,10,
vit_base_patch16_224,128,32,fp32,88.57599639892578,False,NVIDIA_GeForce_RTX_3080,10,
vit_base_patch16_224,128,64,bf16,69.13433837890625,False,NVIDIA_GeForce_RTX_3080,10,
vit_base_patch16_224,128,64,fp16,66.13350677490234,False,NVIDIA_GeForce_RTX_3080,10,
vit_base_patch16_224,128,64,fp32,159.87303161621094,False,NVIDIA_GeForce_RTX_3080,10,
vit_base_patch16_224,224,16,bf16,57.61928176879883,False,NVIDIA_GeForce_RTX_3080,10,
vit_base_patch16_224,224,16,fp16,54.1285285949707,False,NVIDIA_GeForce_RTX_3080,10,
vit_base_patch16_224,224,16,fp32,137.28819274902344,False,NVIDIA_GeForce_RTX_3080,10,
vit_base_patch16_224,224,32,bf16,102.3656997680664,False,NVIDIA_GeForce_RTX_3080,10,
vit_base_patch16_224,224,32,fp16,94.80499267578124,False,NVIDIA_GeForce_RTX_3080,10,
vit_base_patch16_224,224,32,fp32,254.1480407714844,False,NVIDIA_GeForce_RTX_3080,10,
vit_base_patch16_224,224,64,bf16,192.11468505859372,False,NVIDIA_GeForce_RTX_3080,10,
vit_base_patch16_224,224,64,fp16,177.67762756347656,False,NVIDIA_GeForce_RTX_3080,10,
vit_base_patch16_224,224,64,fp32,2748.40478515625,False,NVIDIA_GeForce_RTX_3080,10,precision_artifact
vit_large_patch16_224,64,16,bf16,47.02912139892578,False,NVIDIA_GeForce_RTX_3080,10,
vit_large_patch16_224,64,16,fp16,46.05235290527344,False,NVIDIA_GeForce_RTX_3080,10,
vit_large_patch16_224,64,16,fp32,63.122833251953125,False,NVIDIA_GeForce_RTX_3080,10,
vit_large_patch16_224,64,32,bf16,62.56281661987305,False,NVIDIA_GeForce_RTX_3080,10,
vit_large_patch16_224,64,32,fp16,62.45068740844727,False,NVIDIA_GeForce_RTX_3080,10,
vit_large_patch16_224,64,32,fp32,97.57125091552734,False,NVIDIA_GeForce_RTX_3080,10,
vit_large_patch16_224,64,64,bf16,94.70054626464844,False,NVIDIA_GeForce_RTX_3080,10,
vit_large_patch16_224,64,64,fp16,91.91117095947266,False,NVIDIA_GeForce_RTX_3080,10,
vit_large_patch16_224,64,64,fp32,150.64524841308594,False,NVIDIA_GeForce_RTX_3080,10,
vit_large_patch16_224,128,16,bf16,89.9968032836914,False,NVIDIA_GeForce_RTX_3080,10,
vit_large_patch16_224,128,16,fp16,87.64057922363281,False,NVIDIA_GeForce_RTX_3080,10,
vit_large_patch16_224,128,16,fp32,150.4593963623047,False,NVIDIA_GeForce_RTX_3080,10,
vit_large_patch16_224,128,32,bf16,117.48707580566406,False,NVIDIA_GeForce_RTX_3080,10,
vit_large_patch16_224,128,32,fp16,118.05542755126952,False,NVIDIA_GeForce_RTX_3080,10,
vit_large_patch16_224,128,32,fp32,271.3404235839844,False,NVIDIA_GeForce_RTX_3080,10,
vit_large_patch16_224,128,64,bf16,1331.8321533203125,False,NVIDIA_GeForce_RTX_3080,10,slow_outlier
vit_large_patch16_224,128,64,fp16,1195.694091796875,False,NVIDIA_GeForce_RTX_3080,10,slow_outlier
vit_large_patch16_224,128,64,fp32,,True,NVIDIA_GeForce_RTX_3080,10,
vit_large_patch16_224,224,16,bf16,167.99539184570312,False,NVIDIA_GeForce_RTX_3080,10,
vit_large_patch16_224,224,16,fp16,165.6873016357422,False,NVIDIA_GeForce_RTX_3080,10,
vit_large_patch16_224,224,16,fp32,3111.648193359375,False,NVIDIA_GeForce_RTX_3080,10,precision_artifact
vit_large_patch16_224,224,32,bf16,,True,NVIDIA_GeForce_RTX_3080,10,
vit_large_patch16_224,224,32,fp16,,True,NVIDIA_GeForce_RTX_3080,10,
vit_large_patch16_224,224,32,fp32,,True,NVIDIA_GeForce_RTX_3080,10,
vit_large_patch16_224,224,64,bf16,,True,NVIDIA_GeForce_RTX_3080,10,
vit_large_patch16_224,224,64,fp16,,True,NVIDIA_GeForce_RTX_3080,10,
vit_large_patch16_224,224,64,fp32,,True,NVIDIA_GeForce_RTX_3080,10,
vit_small_patch16_224,64,16,bf16,5.961728096008301,False,NVIDIA_GeForce_RTX_3080,10,
vit_small_patch16_224,64,16,fp16,5.534639835357666,False,NVIDIA_GeForce_RTX_3080,10,
vit_small_patch16_224,64,16,fp32,7.825856208801269,False,NVIDIA_GeForce_RTX_3080,10,
vit_small_patch16_224,64,32,bf16,7.579135894775391,False,NVIDIA_GeForce_RTX_3080,10,
vit_small_patch16_224,64,32,fp16,7.12340784072876,False,NVIDIA_GeForce_RTX_3080,10,
vit_small_patch16_224,64,32,fp32,11.43239974975586,False,NVIDIA_GeForce_RTX_3080,10,
vit_small_patch16_224,64,64,bf16,10.255328178405762,False,NVIDIA_GeForce_RTX_3080,10,
vit_small_patch16_224,64,64,fp16,9.639920234680176,False,NVIDIA_GeForce_RTX_3080,10,
vit_small_patch16_224,64,64,fp32,17.91948890686035,False,NVIDIA_GeForce_RTX_3080,10,
vit_small_patch16_224,128,16,bf16,9.49238395690918,False,NVIDIA_GeForce_RTX_3080,10,
vit_small_patch16_224,128,16,fp16,8.743391990661621,False,NVIDIA_GeForce_RTX_3080,10,
vit_small_patch16_224,128,16,fp32,17.923583984375,False,NVIDIA_GeForce_RTX_3080,10,
vit_small_patch16_224,128,32,bf16,14.451711654663086,False,NVIDIA_GeForce_RTX_3080,10,
vit_small_patch16_224,128,32,fp16,14.052207946777344,False,NVIDIA_GeForce_RTX_3080,10,
vit_small_patch16_224,128,32,fp32,29.88185691833496,False,NVIDIA_GeForce_RTX_3080,10,
vit_small_patch16_224,128,64,bf16,24.812543869018555,False,NVIDIA_GeForce_RTX_3080,10,
vit_small_patch16_224,128,64,fp16,23.943679809570312,False,NVIDIA_GeForce_RTX_3080,10,
vit_small_patch16_224,128,64,fp32,53.60230255126953,False,NVIDIA_GeForce_RTX_3080,10,
vit_small_patch16_224,224,16,bf16,20.87116813659668,False,NVIDIA_GeForce_RTX_3080,10,
vit_small_patch16_224,224,16,fp16,20.012544631958008,False,NVIDIA_GeForce_RTX_3080,10,
vit_small_patch16_224,224,16,fp32,46.24691009521485,False,NVIDIA_GeForce_RTX_3080,10,
vit_small_patch16_224,224,32,bf16,36.63103866577149,False,NVIDIA_GeForce_RTX_3080,10,
vit_small_patch16_224,224,32,fp16,35.05561447143555,False,NVIDIA_GeForce_RTX_3080,10,
vit_small_patch16_224,224,32,fp32,85.37548828125,False,NVIDIA_GeForce_RTX_3080,10,
vit_small_patch16_224,224,64,bf16,66.0495376586914,False,NVIDIA_GeForce_RTX_3080,10,
vit_small_patch16_224,224,64,fp16,64.54169464111328,False,NVIDIA_GeForce_RTX_3080,10,
vit_small_patch16_224,224,64,fp32,162.0746307373047,False,NVIDIA_GeForce_RTX_3080,10,
vit_tiny_patch16_224,64,16,bf16,3.5787999629974365,False,NVIDIA_GeForce_RTX_3080,10,
vit_tiny_patch16_224,64,16,fp16,3.2035839557647705,False,NVIDIA_GeForce_RTX_3080,10,
vit_tiny_patch16_224,64,16,fp32,3.837951898574829,False,NVIDIA_GeForce_RTX_3080,10,
vit_tiny_patch16_224,64,32,bf16,4.354000091552734,False,NVIDIA_GeForce_RTX_3080,10,
vit_tiny_patch16_224,64,32,fp16,4.055552005767822,False,NVIDIA_GeForce_RTX_3080,10,
vit_tiny_patch16_224,64,32,fp32,5.358575820922852,False,NVIDIA_GeForce_RTX_3080,10,
vit_tiny_patch16_224,64,64,bf16,5.382656097412109,False,NVIDIA_GeForce_RTX_3080,10,
vit_tiny_patch16_224,64,64,fp16,5.165040016174316,False,NVIDIA_GeForce_RTX_3080,10,
vit_tiny_patch16_224,64,64,fp32,7.53868818283081,False,NVIDIA_GeForce_RTX_3080,10,
vit_tiny_patch16_224,128,16,bf16,4.995071887969971,False,NVIDIA_GeForce_RTX_3080,10,
vit_tiny_patch16_224,128,16,fp16,4.696063995361328,False,NVIDIA_GeForce_RTX_3080,10,
vit_tiny_patch16_224,128,16,fp32,7.8438401222229,False,NVIDIA_GeForce_RTX_3080,10,
vit_tiny_patch16_224,128,32,bf16,7.403520107269287,False,NVIDIA_GeForce_RTX_3080,10,
vit_tiny_patch16_224,128,32,fp16,7.130112171173096,False,NVIDIA_GeForce_RTX_3080,10,
vit_tiny_patch16_224,128,32,fp32,12.608927726745604,False,NVIDIA_GeForce_RTX_3080,10,
vit_tiny_patch16_224,128,64,bf16,11.124624252319336,False,NVIDIA_GeForce_RTX_3080,10,
vit_tiny_patch16_224,128,64,fp16,10.960895538330078,False,NVIDIA_GeForce_RTX_3080,10,
vit_tiny_patch16_224,128,64,fp32,21.641040802001957,False,NVIDIA_GeForce_RTX_3080,10,
vit_tiny_patch16_224,224,16,bf16,9.614336013793944,False,NVIDIA_GeForce_RTX_3080,10,
vit_tiny_patch16_224,224,16,fp16,9.21343994140625,False,NVIDIA_GeForce_RTX_3080,10,
vit_tiny_patch16_224,224,16,fp32,19.34796714782715,False,NVIDIA_GeForce_RTX_3080,10,
vit_tiny_patch16_224,224,32,bf16,16.589311599731445,False,NVIDIA_GeForce_RTX_3080,10,
vit_tiny_patch16_224,224,32,fp16,15.958368301391602,False,NVIDIA_GeForce_RTX_3080,10,
vit_tiny_patch16_224,224,32,fp32,34.82419204711914,False,NVIDIA_GeForce_RTX_3080,10,
vit_tiny_patch16_224,224,64,bf16,30.037504196166992,False,NVIDIA_GeForce_RTX_3080,10,
vit_tiny_patch16_224,224,64,fp16,28.793855667114254,False,NVIDIA_GeForce_RTX_3080,10,
vit_tiny_patch16_224,224,64,fp32,65.61275482177734,False,NVIDIA_GeForce_RTX_3080,10,
wide_resnet101_2,64,16,bf16,26.54515266418457,False,NVIDIA_GeForce_RTX_3080,10,
wide_resnet101_2,64,16,fp16,25.686527252197266,False,NVIDIA_GeForce_RTX_3080,10,
wide_resnet101_2,64,16,fp32,38.62579345703125,False,NVIDIA_GeForce_RTX_3080,10,
wide_resnet101_2,64,32,bf16,34.2582893371582,False,NVIDIA_GeForce_RTX_3080,10,
wide_resnet101_2,64,32,fp16,32.47974395751953,False,NVIDIA_GeForce_RTX_3080,10,
wide_resnet101_2,64,32,fp32,45.71903991699219,False,NVIDIA_GeForce_RTX_3080,10,
wide_resnet101_2,64,64,bf16,45.722110748291016,False,NVIDIA_GeForce_RTX_3080,10,
wide_resnet101_2,64,64,fp16,41.91846466064453,False,NVIDIA_GeForce_RTX_3080,10,
wide_resnet101_2,64,64,fp32,67.55840301513672,False,NVIDIA_GeForce_RTX_3080,10,
wide_resnet101_2,128,16,bf16,41.527809143066406,False,NVIDIA_GeForce_RTX_3080,10,
wide_resnet101_2,128,16,fp16,39.65337753295898,False,NVIDIA_GeForce_RTX_3080,10,
wide_resnet101_2,128,16,fp32,57.197391510009766,False,NVIDIA_GeForce_RTX_3080,10,
wide_resnet101_2,128,32,bf16,62.85414505004883,False,NVIDIA_GeForce_RTX_3080,10,
wide_resnet101_2,128,32,fp16,59.76780700683594,False,NVIDIA_GeForce_RTX_3080,10,
wide_resnet101_2,128,32,fp32,96.77619171142578,False,NVIDIA_GeForce_RTX_3080,10,
wide_resnet101_2,128,64,bf16,108.34464263916016,False,NVIDIA_GeForce_RTX_3080,10,
wide_resnet101_2,128,64,fp16,102.55923461914062,False,NVIDIA_GeForce_RTX_3080,10,
wide_resnet101_2,128,64,fp32,181.28536987304688,False,NVIDIA_GeForce_RTX_3080,10,
wide_resnet101_2,224,16,bf16,89.34349060058594,False,NVIDIA_GeForce_RTX_3080,10,
wide_resnet101_2,224,16,fp16,84.2208480834961,False,NVIDIA_GeForce_RTX_3080,10,
wide_resnet101_2,224,16,fp32,141.27667236328125,False,NVIDIA_GeForce_RTX_3080,10,
wide_resnet101_2,224,32,bf16,150.13478088378906,False,NVIDIA_GeForce_RTX_3080,10,
wide_resnet101_2,224,32,fp16,140.70729064941406,False,NVIDIA_GeForce_RTX_3080,10,
wide_resnet101_2,224,32,fp32,278.2161865234375,False,NVIDIA_GeForce_RTX_3080,10,
wide_resnet101_2,224,64,bf16,285.4783935546875,False,NVIDIA_GeForce_RTX_3080,10,
wide_resnet101_2,224,64,fp16,268.74468994140625,False,NVIDIA_GeForce_RTX_3080,10,
wide_resnet101_2,224,64,fp32,,True,NVIDIA_GeForce_RTX_3080,10,
xcit_small_12_p16_224,64,16,bf16,10.910688400268556,False,NVIDIA_GeForce_RTX_3080,10,
xcit_small_12_p16_224,64,16,fp16,10.546688079833984,False,NVIDIA_GeForce_RTX_3080,10,
xcit_small_12_p16_224,64,16,fp32,12.547072410583496,False,NVIDIA_GeForce_RTX_3080,10,
xcit_small_12_p16_224,64,32,bf16,13.99500846862793,False,NVIDIA_GeForce_RTX_3080,10,
xcit_small_12_p16_224,64,32,fp16,13.228943824768066,False,NVIDIA_GeForce_RTX_3080,10,
xcit_small_12_p16_224,64,32,fp32,18.1396484375,False,NVIDIA_GeForce_RTX_3080,10,
xcit_small_12_p16_224,64,64,bf16,19.39967918395996,False,NVIDIA_GeForce_RTX_3080,10,
xcit_small_12_p16_224,64,64,fp16,18.355712890625,False,NVIDIA_GeForce_RTX_3080,10,
xcit_small_12_p16_224,64,64,fp32,29.006336212158203,False,NVIDIA_GeForce_RTX_3080,10,
xcit_small_12_p16_224,128,16,bf16,17.343488693237305,False,NVIDIA_GeForce_RTX_3080,10,
xcit_small_12_p16_224,128,16,fp16,16.2923526763916,False,NVIDIA_GeForce_RTX_3080,10,
xcit_small_12_p16_224,128,16,fp32,25.796607971191406,False,NVIDIA_GeForce_RTX_3080,10,
xcit_small_12_p16_224,128,32,bf16,27.11500740051269,False,NVIDIA_GeForce_RTX_3080,10,
xcit_small_12_p16_224,128,32,fp16,26.57111930847168,False,NVIDIA_GeForce_RTX_3080,10,
xcit_small_12_p16_224,128,32,fp32,41.510398864746094,False,NVIDIA_GeForce_RTX_3080,10,
xcit_small_12_p16_224,128,64,bf16,49.05043029785156,False,NVIDIA_GeForce_RTX_3080,10,
xcit_small_12_p16_224,128,64,fp16,48.46694564819336,False,NVIDIA_GeForce_RTX_3080,10,
xcit_small_12_p16_224,128,64,fp32,76.7646713256836,False,NVIDIA_GeForce_RTX_3080,10,
xcit_small_12_p16_224,224,16,bf16,39.54431915283203,False,NVIDIA_GeForce_RTX_3080,10,
xcit_small_12_p16_224,224,16,fp16,38.16081619262695,False,NVIDIA_GeForce_RTX_3080,10,
xcit_small_12_p16_224,224,16,fp32,59.92755126953125,False,NVIDIA_GeForce_RTX_3080,10,
xcit_small_12_p16_224,224,32,bf16,72.16639709472656,False,NVIDIA_GeForce_RTX_3080,10,
xcit_small_12_p16_224,224,32,fp16,70.1813735961914,False,NVIDIA_GeForce_RTX_3080,10,
xcit_small_12_p16_224,224,32,fp32,110.28736114501952,False,NVIDIA_GeForce_RTX_3080,10,
xcit_small_12_p16_224,224,64,bf16,134.77931213378906,False,NVIDIA_GeForce_RTX_3080,10,
xcit_small_12_p16_224,224,64,fp16,131.08070373535156,False,NVIDIA_GeForce_RTX_3080,10,
xcit_small_12_p16_224,224,64,fp32,344.6465148925781,False,NVIDIA_GeForce_RTX_3080,10,
xcit_tiny_12_p16_224,64,16,bf16,7.998464107513428,False,NVIDIA_GeForce_RTX_3080,10,
xcit_tiny_12_p16_224,64,16,fp16,7.668735980987549,False,NVIDIA_GeForce_RTX_3080,10,
xcit_tiny_12_p16_224,64,16,fp32,7.646207809448242,False,NVIDIA_GeForce_RTX_3080,10,
xcit_tiny_12_p16_224,64,32,bf16,9.604607582092283,False,NVIDIA_GeForce_RTX_3080,10,
xcit_tiny_12_p16_224,64,32,fp16,9.348608016967772,False,NVIDIA_GeForce_RTX_3080,10,
xcit_tiny_12_p16_224,64,32,fp32,10.416128158569336,False,NVIDIA_GeForce_RTX_3080,10,
xcit_tiny_12_p16_224,64,64,bf16,11.354111671447754,False,NVIDIA_GeForce_RTX_3080,10,
xcit_tiny_12_p16_224,64,64,fp16,10.980352401733398,False,NVIDIA_GeForce_RTX_3080,10,
xcit_tiny_12_p16_224,64,64,fp32,14.151167869567873,False,NVIDIA_GeForce_RTX_3080,10,
xcit_tiny_12_p16_224,128,16,bf16,10.707967758178713,False,NVIDIA_GeForce_RTX_3080,10,
xcit_tiny_12_p16_224,128,16,fp16,10.352463722229004,False,NVIDIA_GeForce_RTX_3080,10,
xcit_tiny_12_p16_224,128,16,fp32,12.758527755737305,False,NVIDIA_GeForce_RTX_3080,10,
xcit_tiny_12_p16_224,128,32,bf16,15.11731243133545,False,NVIDIA_GeForce_RTX_3080,10,
xcit_tiny_12_p16_224,128,32,fp16,14.734671592712402,False,NVIDIA_GeForce_RTX_3080,10,
xcit_tiny_12_p16_224,128,32,fp32,19.25888061523437,False,NVIDIA_GeForce_RTX_3080,10,
xcit_tiny_12_p16_224,128,64,bf16,23.541248321533203,False,NVIDIA_GeForce_RTX_3080,10,
xcit_tiny_12_p16_224,128,64,fp16,23.36819267272949,False,NVIDIA_GeForce_RTX_3080,10,
xcit_tiny_12_p16_224,128,64,fp32,33.12025451660156,False,NVIDIA_GeForce_RTX_3080,10,
xcit_tiny_12_p16_224,224,16,bf16,19.863439559936523,False,NVIDIA_GeForce_RTX_3080,10,
xcit_tiny_12_p16_224,224,16,fp16,19.33568000793457,False,NVIDIA_GeForce_RTX_3080,10,
xcit_tiny_12_p16_224,224,16,fp32,26.605567932128903,False,NVIDIA_GeForce_RTX_3080,10,
xcit_tiny_12_p16_224,224,32,bf16,35.26041412353516,False,NVIDIA_GeForce_RTX_3080,10,
xcit_tiny_12_p16_224,224,32,fp16,34.66649627685547,False,NVIDIA_GeForce_RTX_3080,10,
xcit_tiny_12_p16_224,224,32,fp32,49.69523239135742,False,NVIDIA_GeForce_RTX_3080,10,
xcit_tiny_12_p16_224,224,64,bf16,65.46022033691406,False,NVIDIA_GeForce_RTX_3080,10,
xcit_tiny_12_p16_224,224,64,fp16,64.0976791381836,False,NVIDIA_GeForce_RTX_3080,10,
xcit_tiny_12_p16_224,224,64,fp32,93.69805145263672,False,NVIDIA_GeForce_RTX_3080,10,
