model,img_size,batch_size,precision,avg_time_ms,oom,gpu,vram_gb,cleanup
beit_large_patch16_224,64,16,bf16,50.59225463867188,False,NVIDIA_GeForce_RTX_4070_Ti,12,
beit_large_patch16_224,64,16,fp16,50.64704132080078,False,NVIDIA_GeForce_RTX_4070_Ti,12,
beit_large_patch16_224,64,16,fp32,69.01350402832031,False,NVIDIA_GeForce_RTX_4070_Ti,12,
beit_large_patch16_224,64,32,bf16,59.75091171264648,False,NVIDIA_GeForce_RTX_4070_Ti,12,
beit_large_patch16_224,64,32,fp16,59.59423828125,False,NVIDIA_GeForce_RTX_4070_Ti,12,
beit_large_patch16_224,64,32,fp32,86.99742126464844,False,NVIDIA_GeForce_RTX_4070_Ti,12,
beit_large_patch16_224,64,64,bf16,76.43596649169922,False,NVIDIA_GeForce_RTX_4070_Ti,12,
beit_large_patch16_224,64,64,fp16,76.16307067871094,False,NVIDIA_GeForce_RTX_4070_Ti,12,
beit_large_patch16_224,64,64,fp32,138.70848083496094,False,NVIDIA_GeForce_RTX_4070_Ti,12,
beit_large_patch16_224,128,16,bf16,76.8511962890625,False,NVIDIA_GeForce_RTX_4070_Ti,12,
beit_large_patch16_224,128,16,fp16,76.56499481201172,False,NVIDIA_GeForce_RTX_4070_Ti,12,
beit_large_patch16_224,128,16,fp32,139.30905151367188,False,NVIDIA_GeForce_RTX_4070_Ti,12,
beit_large_patch16_224,128,32,bf16,112.17356872558594,False,NVIDIA_GeForce_RTX_4070_Ti,12,
beit_large_patch16_224,128,32,fp16,111.22073364257812,False,NVIDIA_GeForce_RTX_4070_Ti,12,
beit_large_patch16_224,128,32,fp32,230.06002807617188,False,NVIDIA_GeForce_RTX_4070_Ti,12,
beit_large_patch16_224,128,64,bf16,187.3344573974609,False,NVIDIA_GeForce_RTX_4070_Ti,12,
beit_large_patch16_224,128,64,fp16,186.83750915527344,False,NVIDIA_GeForce_RTX_4070_Ti,12,
beit_large_patch16_224,128,64,fp32,,True,NVIDIA_GeForce_RTX_4070_Ti,12,
beit_large_patch16_224,224,16,bf16,155.46563720703125,False,NVIDIA_GeForce_RTX_4070_Ti,12,
beit_large_patch16_224,224,16,fp16,154.6914520263672,False,NVIDIA_GeForce_RTX_4070_Ti,12,
beit_large_patch16_224,224,16,fp32,339.9935913085937,False,NVIDIA_GeForce_RTX_4070_Ti,12,
beit_large_patch16_224,224,32,bf16,,True,NVIDIA_GeForce_RTX_4070_Ti,12,
beit_large_patch16_224,224,32,fp16,,True,NVIDIA_GeForce_RTX_4070_Ti,12,
beit_large_patch16_224,224,32,fp32,,True,NVIDIA_GeForce_RTX_4070_Ti,12,
beit_large_patch16_224,224,64,bf16,,True,NVIDIA_GeForce_RTX_4070_Ti,12,
beit_large_patch16_224,224,64,fp16,,True,NVIDIA_GeForce_RTX_4070_Ti,12,
beit_large_patch16_224,224,64,fp32,,True,NVIDIA_GeForce_RTX_4070_Ti,12,
coatnet_0_rw_224,64,16,bf16,7.732223987579346,False,NVIDIA_GeForce_RTX_4070_Ti,12,
coatnet_0_rw_224,64,16,fp16,7.726960182189941,False,NVIDIA_GeForce_RTX_4070_Ti,12,
coatnet_0_rw_224,64,16,fp32,7.9825921058654785,False,NVIDIA_GeForce_RTX_4070_Ti,12,
coatnet_0_rw_224,64,32,bf16,9.45305633544922,False,NVIDIA_GeForce_RTX_4070_Ti,12,
coatnet_0_rw_224,64,32,fp16,8.637951850891113,False,NVIDIA_GeForce_RTX_4070_Ti,12,
coatnet_0_rw_224,64,32,fp32,11.066880226135254,False,NVIDIA_GeForce_RTX_4070_Ti,12,
coatnet_0_rw_224,64,64,bf16,13.612496376037598,False,NVIDIA_GeForce_RTX_4070_Ti,12,
coatnet_0_rw_224,64,64,fp16,12.273664474487305,False,NVIDIA_GeForce_RTX_4070_Ti,12,
coatnet_0_rw_224,64,64,fp32,17.916927337646484,False,NVIDIA_GeForce_RTX_4070_Ti,12,
coatnet_0_rw_224,128,16,bf16,13.06060791015625,False,NVIDIA_GeForce_RTX_4070_Ti,12,
coatnet_0_rw_224,128,16,fp16,11.924480438232422,False,NVIDIA_GeForce_RTX_4070_Ti,12,
coatnet_0_rw_224,128,16,fp32,16.367616653442383,False,NVIDIA_GeForce_RTX_4070_Ti,12,
coatnet_0_rw_224,128,32,bf16,20.91059112548828,False,NVIDIA_GeForce_RTX_4070_Ti,12,
coatnet_0_rw_224,128,32,fp16,18.761215209960938,False,NVIDIA_GeForce_RTX_4070_Ti,12,
coatnet_0_rw_224,128,32,fp32,33.020416259765625,False,NVIDIA_GeForce_RTX_4070_Ti,12,
coatnet_0_rw_224,128,64,bf16,41.18476867675781,False,NVIDIA_GeForce_RTX_4070_Ti,12,
coatnet_0_rw_224,128,64,fp16,37.223777770996094,False,NVIDIA_GeForce_RTX_4070_Ti,12,
coatnet_0_rw_224,128,64,fp32,70.07488250732422,False,NVIDIA_GeForce_RTX_4070_Ti,12,
coatnet_0_rw_224,224,16,bf16,33.668609619140625,False,NVIDIA_GeForce_RTX_4070_Ti,12,
coatnet_0_rw_224,224,16,fp16,30.43367958068848,False,NVIDIA_GeForce_RTX_4070_Ti,12,
coatnet_0_rw_224,224,16,fp32,58.495487213134766,False,NVIDIA_GeForce_RTX_4070_Ti,12,
coatnet_0_rw_224,224,32,bf16,68.17841339111328,False,NVIDIA_GeForce_RTX_4070_Ti,12,
coatnet_0_rw_224,224,32,fp16,62.38719940185547,False,NVIDIA_GeForce_RTX_4070_Ti,12,
coatnet_0_rw_224,224,32,fp32,120.50326538085938,False,NVIDIA_GeForce_RTX_4070_Ti,12,
coatnet_0_rw_224,224,64,bf16,138.61068725585938,False,NVIDIA_GeForce_RTX_4070_Ti,12,
coatnet_0_rw_224,224,64,fp16,129.0951690673828,False,NVIDIA_GeForce_RTX_4070_Ti,12,
coatnet_0_rw_224,224,64,fp32,,True,NVIDIA_GeForce_RTX_4070_Ti,12,
coatnet_1_rw_224,64,16,bf16,12.068351745605469,False,NVIDIA_GeForce_RTX_4070_Ti,12,
coatnet_1_rw_224,64,16,fp16,11.47494411468506,False,NVIDIA_GeForce_RTX_4070_Ti,12,
coatnet_1_rw_224,64,16,fp32,13.157888412475586,False,NVIDIA_GeForce_RTX_4070_Ti,12,
coatnet_1_rw_224,64,32,bf16,15.424511909484863,False,NVIDIA_GeForce_RTX_4070_Ti,12,
coatnet_1_rw_224,64,32,fp16,14.37326431274414,False,NVIDIA_GeForce_RTX_4070_Ti,12,
coatnet_1_rw_224,64,32,fp32,18.95372772216797,False,NVIDIA_GeForce_RTX_4070_Ti,12,
coatnet_1_rw_224,64,64,bf16,23.84998321533203,False,NVIDIA_GeForce_RTX_4070_Ti,12,
coatnet_1_rw_224,64,64,fp16,21.701631546020508,False,NVIDIA_GeForce_RTX_4070_Ti,12,
coatnet_1_rw_224,64,64,fp32,31.95443153381348,False,NVIDIA_GeForce_RTX_4070_Ti,12,
coatnet_1_rw_224,128,16,bf16,22.06654357910156,False,NVIDIA_GeForce_RTX_4070_Ti,12,
coatnet_1_rw_224,128,16,fp16,20.349952697753903,False,NVIDIA_GeForce_RTX_4070_Ti,12,
coatnet_1_rw_224,128,16,fp32,29.387664794921875,False,NVIDIA_GeForce_RTX_4070_Ti,12,
coatnet_1_rw_224,128,32,bf16,36.60492706298828,False,NVIDIA_GeForce_RTX_4070_Ti,12,
coatnet_1_rw_224,128,32,fp16,33.93228912353516,False,NVIDIA_GeForce_RTX_4070_Ti,12,
coatnet_1_rw_224,128,32,fp32,58.57271957397461,False,NVIDIA_GeForce_RTX_4070_Ti,12,
coatnet_1_rw_224,128,64,bf16,70.73126220703125,False,NVIDIA_GeForce_RTX_4070_Ti,12,
coatnet_1_rw_224,128,64,fp16,65.54573059082031,False,NVIDIA_GeForce_RTX_4070_Ti,12,
coatnet_1_rw_224,128,64,fp32,122.24457550048828,False,NVIDIA_GeForce_RTX_4070_Ti,12,
coatnet_1_rw_224,224,16,bf16,59.60704040527344,False,NVIDIA_GeForce_RTX_4070_Ti,12,
coatnet_1_rw_224,224,16,fp16,55.12838363647461,False,NVIDIA_GeForce_RTX_4070_Ti,12,
coatnet_1_rw_224,224,16,fp32,104.5227508544922,False,NVIDIA_GeForce_RTX_4070_Ti,12,
coatnet_1_rw_224,224,32,bf16,118.29142761230467,False,NVIDIA_GeForce_RTX_4070_Ti,12,
coatnet_1_rw_224,224,32,fp16,110.65702056884766,False,NVIDIA_GeForce_RTX_4070_Ti,12,
coatnet_1_rw_224,224,32,fp32,285.4317626953125,False,NVIDIA_GeForce_RTX_4070_Ti,12,
coatnet_1_rw_224,224,64,bf16,,True,NVIDIA_GeForce_RTX_4070_Ti,12,
coatnet_1_rw_224,224,64,fp16,,True,NVIDIA_GeForce_RTX_4070_Ti,12,
coatnet_1_rw_224,224,64,fp32,,True,NVIDIA_GeForce_RTX_4070_Ti,12,
coatnet_2_rw_224,64,16,bf16,18.15449523925781,False,NVIDIA_GeForce_RTX_4070_Ti,12,
coatnet_2_rw_224,64,16,fp16,17.39366340637207,False,NVIDIA_GeForce_RTX_4070_Ti,12,
coatnet_2_rw_224,64,16,fp32,20.652463912963867,False,NVIDIA_GeForce_RTX_4070_Ti,12,
coatnet_2_rw_224,64,32,bf16,24.50886344909668,False,NVIDIA_GeForce_RTX_4070_Ti,12,
coatnet_2_rw_224,64,32,fp16,22.91814422607422,False,NVIDIA_GeForce_RTX_4070_Ti,12,
coatnet_2_rw_224,64,32,fp32,30.942720413208008,False,NVIDIA_GeForce_RTX_4070_Ti,12,
coatnet_2_rw_224,64,64,bf16,37.6181755065918,False,NVIDIA_GeForce_RTX_4070_Ti,12,
coatnet_2_rw_224,64,64,fp16,34.86091232299805,False,NVIDIA_GeForce_RTX_4070_Ti,12,
coatnet_2_rw_224,64,64,fp32,53.99638366699219,False,NVIDIA_GeForce_RTX_4070_Ti,12,
coatnet_2_rw_224,128,16,bf16,35.273216247558594,False,NVIDIA_GeForce_RTX_4070_Ti,12,
coatnet_2_rw_224,128,16,fp16,33.06496047973633,False,NVIDIA_GeForce_RTX_4070_Ti,12,
coatnet_2_rw_224,128,16,fp32,49.976318359375,False,NVIDIA_GeForce_RTX_4070_Ti,12,
coatnet_2_rw_224,128,32,bf16,59.59268951416016,False,NVIDIA_GeForce_RTX_4070_Ti,12,
coatnet_2_rw_224,128,32,fp16,55.66003036499024,False,NVIDIA_GeForce_RTX_4070_Ti,12,
coatnet_2_rw_224,128,32,fp32,99.38886260986328,False,NVIDIA_GeForce_RTX_4070_Ti,12,
coatnet_2_rw_224,128,64,bf16,115.45804595947266,False,NVIDIA_GeForce_RTX_4070_Ti,12,
coatnet_2_rw_224,128,64,fp16,108.47830200195312,False,NVIDIA_GeForce_RTX_4070_Ti,12,
coatnet_2_rw_224,128,64,fp32,252.3021240234375,False,NVIDIA_GeForce_RTX_4070_Ti,12,
coatnet_2_rw_224,224,16,bf16,91.4119644165039,False,NVIDIA_GeForce_RTX_4070_Ti,12,
coatnet_2_rw_224,224,16,fp16,86.52734375,False,NVIDIA_GeForce_RTX_4070_Ti,12,
coatnet_2_rw_224,224,16,fp32,167.3282012939453,False,NVIDIA_GeForce_RTX_4070_Ti,12,
coatnet_2_rw_224,224,32,bf16,182.6365509033203,False,NVIDIA_GeForce_RTX_4070_Ti,12,
coatnet_2_rw_224,224,32,fp16,172.79078674316406,False,NVIDIA_GeForce_RTX_4070_Ti,12,
coatnet_2_rw_224,224,32,fp32,,True,NVIDIA_GeForce_RTX_4070_Ti,12,
coatnet_2_rw_224,224,64,bf16,,True,NVIDIA_GeForce_RTX_4070_Ti,12,
coatnet_2_rw_224,224,64,fp16,,True,NVIDIA_GeForce_RTX_4070_Ti,12,
coatnet_2_rw_224,224,64,fp32,,True,NVIDIA_GeForce_RTX_4070_Ti,12,
convnext_base,64,16,bf16,18.010623931884766,False,NVIDIA_GeForce_RTX_4070_Ti,12,
convnext_base,64,16,fp16,17.63327980041504,False,NVIDIA_GeForce_RTX_4070_Ti,12,
convnext_base,64,16,fp32,22.716928482055664,False,NVIDIA_GeForce_RTX_4070_Ti,12,
convnext_base,64,32,bf16,21.87673568725586,False,NVIDIA_GeForce_RTX_4070_Ti,12,
convnext_base,64,32,fp16,21.49412727355957,False,NVIDIA_GeForce_RTX_4070_Ti,12,
convnext_base,64,32,fp32,33.24671936035156,False,NVIDIA_GeForce_RTX_4070_Ti,12,
convnext_base,64,64,bf16,28.588960647583008,False,NVIDIA_GeForce_RTX_4070_Ti,12,
convnext_base,64,64,fp16,28.435455322265625,False,NVIDIA_GeForce_RTX_4070_Ti,12,
convnext_base,64,64,fp32,54.79526519775391,False,NVIDIA_GeForce_RTX_4070_Ti,12,
convnext_base,128,16,bf16,27.791872024536133,False,NVIDIA_GeForce_RTX_4070_Ti,12,
convnext_base,128,16,fp16,27.66950416564941,False,NVIDIA_GeForce_RTX_4070_Ti,12,
convnext_base,128,16,fp32,63.170047760009766,False,NVIDIA_GeForce_RTX_4070_Ti,12,
convnext_base,128,32,bf16,41.44435119628906,False,NVIDIA_GeForce_RTX_4070_Ti,12,
convnext_base,128,32,fp16,41.2690544128418,False,NVIDIA_GeForce_RTX_4070_Ti,12,
convnext_base,128,32,fp32,119.6584930419922,False,NVIDIA_GeForce_RTX_4070_Ti,12,
convnext_base,128,64,bf16,71.58679962158203,False,NVIDIA_GeForce_RTX_4070_Ti,12,
convnext_base,128,64,fp16,71.1786880493164,False,NVIDIA_GeForce_RTX_4070_Ti,12,
convnext_base,128,64,fp32,211.80108642578125,False,NVIDIA_GeForce_RTX_4070_Ti,12,
convnext_base,224,16,bf16,56.81817626953125,False,NVIDIA_GeForce_RTX_4070_Ti,12,
convnext_base,224,16,fp16,56.54209518432617,False,NVIDIA_GeForce_RTX_4070_Ti,12,
convnext_base,224,16,fp32,180.11085510253906,False,NVIDIA_GeForce_RTX_4070_Ti,12,
convnext_base,224,32,bf16,104.08601379394533,False,NVIDIA_GeForce_RTX_4070_Ti,12,
convnext_base,224,32,fp16,103.76806640625,False,NVIDIA_GeForce_RTX_4070_Ti,12,
convnext_base,224,32,fp32,351.0193176269531,False,NVIDIA_GeForce_RTX_4070_Ti,12,
convnext_base,224,64,bf16,213.13792419433597,False,NVIDIA_GeForce_RTX_4070_Ti,12,
convnext_base,224,64,fp16,212.4512481689453,False,NVIDIA_GeForce_RTX_4070_Ti,12,
convnext_base,224,64,fp32,,True,NVIDIA_GeForce_RTX_4070_Ti,12,
convnext_large,64,16,bf16,33.62355041503906,False,NVIDIA_GeForce_RTX_4070_Ti,12,
convnext_large,64,16,fp16,33.50425720214844,False,NVIDIA_GeForce_RTX_4070_Ti,12,
convnext_large,64,16,fp32,43.408817291259766,False,NVIDIA_GeForce_RTX_4070_Ti,12,
convnext_large,64,32,bf16,40.03839874267578,False,NVIDIA_GeForce_RTX_4070_Ti,12,
convnext_large,64,32,fp16,39.958526611328125,False,NVIDIA_GeForce_RTX_4070_Ti,12,
convnext_large,64,32,fp32,61.88030242919922,False,NVIDIA_GeForce_RTX_4070_Ti,12,
convnext_large,64,64,bf16,53.251583099365234,False,NVIDIA_GeForce_RTX_4070_Ti,12,
convnext_large,64,64,fp16,52.99288177490234,False,NVIDIA_GeForce_RTX_4070_Ti,12,
convnext_large,64,64,fp32,103.5299835205078,False,NVIDIA_GeForce_RTX_4070_Ti,12,
convnext_large,128,16,bf16,52.35961532592773,False,NVIDIA_GeForce_RTX_4070_Ti,12,
convnext_large,128,16,fp16,52.14771270751953,False,NVIDIA_GeForce_RTX_4070_Ti,12,
convnext_large,128,16,fp32,116.95667266845705,False,NVIDIA_GeForce_RTX_4070_Ti,12,
convnext_large,128,32,bf16,76.83830261230469,False,NVIDIA_GeForce_RTX_4070_Ti,12,
convnext_large,128,32,fp16,76.50816345214844,False,NVIDIA_GeForce_RTX_4070_Ti,12,
convnext_large,128,32,fp32,215.71617126464844,False,NVIDIA_GeForce_RTX_4070_Ti,12,
convnext_large,128,64,bf16,131.3796844482422,False,NVIDIA_GeForce_RTX_4070_Ti,12,
convnext_large,128,64,fp16,130.9178924560547,False,NVIDIA_GeForce_RTX_4070_Ti,12,
convnext_large,128,64,fp32,392.2063293457031,False,NVIDIA_GeForce_RTX_4070_Ti,12,
convnext_large,224,16,bf16,105.17708587646484,False,NVIDIA_GeForce_RTX_4070_Ti,12,
convnext_large,224,16,fp16,104.72140502929688,False,NVIDIA_GeForce_RTX_4070_Ti,12,
convnext_large,224,16,fp32,320.4065246582031,False,NVIDIA_GeForce_RTX_4070_Ti,12,
convnext_large,224,32,bf16,193.79656982421875,False,NVIDIA_GeForce_RTX_4070_Ti,12,
convnext_large,224,32,fp16,193.16275024414065,False,NVIDIA_GeForce_RTX_4070_Ti,12,
convnext_large,224,32,fp32,,True,NVIDIA_GeForce_RTX_4070_Ti,12,
convnext_large,224,64,bf16,,True,NVIDIA_GeForce_RTX_4070_Ti,12,
convnext_large,224,64,fp16,,True,NVIDIA_GeForce_RTX_4070_Ti,12,
convnext_large,224,64,fp32,,True,NVIDIA_GeForce_RTX_4070_Ti,12,
convnext_small,64,16,bf16,11.8711519241333,False,NVIDIA_GeForce_RTX_4070_Ti,12,
convnext_small,64,16,fp16,11.604880332946776,False,NVIDIA_GeForce_RTX_4070_Ti,12,
convnext_small,64,16,fp32,14.838208198547363,False,NVIDIA_GeForce_RTX_4070_Ti,12,
convnext_small,64,32,bf16,14.160320281982422,False,NVIDIA_GeForce_RTX_4070_Ti,12,
convnext_small,64,32,fp16,14.145008087158203,False,NVIDIA_GeForce_RTX_4070_Ti,12,
convnext_small,64,32,fp32,21.35091209411621,False,NVIDIA_GeForce_RTX_4070_Ti,12,
convnext_small,64,64,bf16,18.55894470214844,False,NVIDIA_GeForce_RTX_4070_Ti,12,
convnext_small,64,64,fp16,18.456527709960938,False,NVIDIA_GeForce_RTX_4070_Ti,12,
convnext_small,64,64,fp32,34.76422500610352,False,NVIDIA_GeForce_RTX_4070_Ti,12,
convnext_small,128,16,bf16,17.991680145263672,False,NVIDIA_GeForce_RTX_4070_Ti,12,
convnext_small,128,16,fp16,17.92393684387207,False,NVIDIA_GeForce_RTX_4070_Ti,12,
convnext_small,128,16,fp32,40.49299240112305,False,NVIDIA_GeForce_RTX_4070_Ti,12,
convnext_small,128,32,bf16,27.095552444458008,False,NVIDIA_GeForce_RTX_4070_Ti,12,
convnext_small,128,32,fp16,26.955663681030277,False,NVIDIA_GeForce_RTX_4070_Ti,12,
convnext_small,128,32,fp32,75.18399810791016,False,NVIDIA_GeForce_RTX_4070_Ti,12,
convnext_small,128,64,bf16,48.35532760620117,False,NVIDIA_GeForce_RTX_4070_Ti,12,
convnext_small,128,64,fp16,48.03993606567383,False,NVIDIA_GeForce_RTX_4070_Ti,12,
convnext_small,128,64,fp32,143.65798950195312,False,NVIDIA_GeForce_RTX_4070_Ti,12,
convnext_small,224,16,bf16,37.8152961730957,False,NVIDIA_GeForce_RTX_4070_Ti,12,
convnext_small,224,16,fp16,37.54240036010742,False,NVIDIA_GeForce_RTX_4070_Ti,12,
convnext_small,224,16,fp32,122.33523559570312,False,NVIDIA_GeForce_RTX_4070_Ti,12,
convnext_small,224,32,bf16,70.09587097167969,False,NVIDIA_GeForce_RTX_4070_Ti,12,
convnext_small,224,32,fp16,69.69087982177734,False,NVIDIA_GeForce_RTX_4070_Ti,12,
convnext_small,224,32,fp32,239.4361114501953,False,NVIDIA_GeForce_RTX_4070_Ti,12,
convnext_small,224,64,bf16,139.38893127441406,False,NVIDIA_GeForce_RTX_4070_Ti,12,
convnext_small,224,64,fp16,139.02230834960938,False,NVIDIA_GeForce_RTX_4070_Ti,12,
convnext_small,224,64,fp32,,True,NVIDIA_GeForce_RTX_4070_Ti,12,
convnext_tiny,64,16,bf16,6.552063941955566,False,NVIDIA_GeForce_RTX_4070_Ti,12,
convnext_tiny,64,16,fp16,6.504447937011719,False,NVIDIA_GeForce_RTX_4070_Ti,12,
convnext_tiny,64,16,fp32,8.9169921875,False,NVIDIA_GeForce_RTX_4070_Ti,12,
convnext_tiny,64,32,bf16,7.992208003997803,False,NVIDIA_GeForce_RTX_4070_Ti,12,
convnext_tiny,64,32,fp16,7.957503795623779,False,NVIDIA_GeForce_RTX_4070_Ti,12,
convnext_tiny,64,32,fp32,12.797408103942873,False,NVIDIA_GeForce_RTX_4070_Ti,12,
convnext_tiny,64,64,bf16,10.759984016418455,False,NVIDIA_GeForce_RTX_4070_Ti,12,
convnext_tiny,64,64,fp16,10.698240280151367,False,NVIDIA_GeForce_RTX_4070_Ti,12,
convnext_tiny,64,64,fp32,21.16505622863769,False,NVIDIA_GeForce_RTX_4070_Ti,12,
convnext_tiny,128,16,bf16,10.398719787597656,False,NVIDIA_GeForce_RTX_4070_Ti,12,
convnext_tiny,128,16,fp16,10.346495628356934,False,NVIDIA_GeForce_RTX_4070_Ti,12,
convnext_tiny,128,16,fp32,23.673343658447266,False,NVIDIA_GeForce_RTX_4070_Ti,12,
convnext_tiny,128,32,bf16,16.136192321777344,False,NVIDIA_GeForce_RTX_4070_Ti,12,
convnext_tiny,128,32,fp16,16.24985694885254,False,NVIDIA_GeForce_RTX_4070_Ti,12,
convnext_tiny,128,32,fp32,44.14720153808594,False,NVIDIA_GeForce_RTX_4070_Ti,12,
convnext_tiny,128,64,bf16,29.825008392333984,False,NVIDIA_GeForce_RTX_4070_Ti,12,
convnext_tiny,128,64,fp16,29.658111572265625,False,NVIDIA_GeForce_RTX_4070_Ti,12,
convnext_tiny,128,64,fp32,85.83309173583984,False,NVIDIA_GeForce_RTX_4070_Ti,12,
convnext_tiny,224,16,bf16,22.88384056091309,False,NVIDIA_GeForce_RTX_4070_Ti,12,
convnext_tiny,224,16,fp16,22.769615173339844,False,NVIDIA_GeForce_RTX_4070_Ti,12,
convnext_tiny,224,16,fp32,70.84126281738281,False,NVIDIA_GeForce_RTX_4070_Ti,12,
convnext_tiny,224,32,bf16,44.44416046142578,False,NVIDIA_GeForce_RTX_4070_Ti,12,
convnext_tiny,224,32,fp16,44.158958435058594,False,NVIDIA_GeForce_RTX_4070_Ti,12,
convnext_tiny,224,32,fp32,141.34579467773438,False,NVIDIA_GeForce_RTX_4070_Ti,12,
convnext_tiny,224,64,bf16,90.4820327758789,False,NVIDIA_GeForce_RTX_4070_Ti,12,
convnext_tiny,224,64,fp16,90.18470764160156,False,NVIDIA_GeForce_RTX_4070_Ti,12,
convnext_tiny,224,64,fp32,267.7559509277344,False,NVIDIA_GeForce_RTX_4070_Ti,12,
convnextv2_base,64,16,bf16,20.94950485229492,False,NVIDIA_GeForce_RTX_4070_Ti,12,
convnextv2_base,64,16,fp16,20.870655059814453,False,NVIDIA_GeForce_RTX_4070_Ti,12,
convnextv2_base,64,16,fp32,26.744224548339844,False,NVIDIA_GeForce_RTX_4070_Ti,12,
convnextv2_base,64,32,bf16,27.757055282592773,False,NVIDIA_GeForce_RTX_4070_Ti,12,
convnextv2_base,64,32,fp16,27.629392623901367,False,NVIDIA_GeForce_RTX_4070_Ti,12,
convnextv2_base,64,32,fp32,39.06304168701172,False,NVIDIA_GeForce_RTX_4070_Ti,12,
convnextv2_base,64,64,bf16,43.33259201049805,False,NVIDIA_GeForce_RTX_4070_Ti,12,
convnextv2_base,64,64,fp16,42.888702392578125,False,NVIDIA_GeForce_RTX_4070_Ti,12,
convnextv2_base,64,64,fp32,69.25772857666016,False,NVIDIA_GeForce_RTX_4070_Ti,12,
convnextv2_base,128,16,bf16,41.92083358764648,False,NVIDIA_GeForce_RTX_4070_Ti,12,
convnextv2_base,128,16,fp16,41.7341423034668,False,NVIDIA_GeForce_RTX_4070_Ti,12,
convnextv2_base,128,16,fp32,77.91410827636719,False,NVIDIA_GeForce_RTX_4070_Ti,12,
convnextv2_base,128,32,bf16,80.86460876464844,False,NVIDIA_GeForce_RTX_4070_Ti,12,
convnextv2_base,128,32,fp16,80.7347183227539,False,NVIDIA_GeForce_RTX_4070_Ti,12,
convnextv2_base,128,32,fp32,159.36972045898438,False,NVIDIA_GeForce_RTX_4070_Ti,12,
convnextv2_base,128,64,bf16,176.8985595703125,False,NVIDIA_GeForce_RTX_4070_Ti,12,
convnextv2_base,128,64,fp16,176.6840362548828,False,NVIDIA_GeForce_RTX_4070_Ti,12,
convnextv2_base,128,64,fp32,315.16314697265625,False,NVIDIA_GeForce_RTX_4070_Ti,12,
convnextv2_base,224,16,bf16,131.88198852539062,False,NVIDIA_GeForce_RTX_4070_Ti,12,
convnextv2_base,224,16,fp16,131.6411590576172,False,NVIDIA_GeForce_RTX_4070_Ti,12,
convnextv2_base,224,16,fp32,252.4999084472656,False,NVIDIA_GeForce_RTX_4070_Ti,12,
convnextv2_base,224,32,bf16,287.4419250488281,False,NVIDIA_GeForce_RTX_4070_Ti,12,
convnextv2_base,224,32,fp16,287.236083984375,False,NVIDIA_GeForce_RTX_4070_Ti,12,
convnextv2_base,224,32,fp32,,True,NVIDIA_GeForce_RTX_4070_Ti,12,
convnextv2_base,224,64,bf16,,True,NVIDIA_GeForce_RTX_4070_Ti,12,
convnextv2_base,224,64,fp16,,True,NVIDIA_GeForce_RTX_4070_Ti,12,
convnextv2_base,224,64,fp32,,True,NVIDIA_GeForce_RTX_4070_Ti,12,
deit_base_patch16_224,64,16,bf16,14.310912132263184,False,NVIDIA_GeForce_RTX_4070_Ti,12,
deit_base_patch16_224,64,16,fp16,14.346719741821287,False,NVIDIA_GeForce_RTX_4070_Ti,12,
deit_base_patch16_224,64,16,fp32,18.093055725097656,False,NVIDIA_GeForce_RTX_4070_Ti,12,
deit_base_patch16_224,64,32,bf16,17.27027130126953,False,NVIDIA_GeForce_RTX_4070_Ti,12,
deit_base_patch16_224,64,32,fp16,17.225215911865234,False,NVIDIA_GeForce_RTX_4070_Ti,12,
deit_base_patch16_224,64,32,fp32,26.354175567626957,False,NVIDIA_GeForce_RTX_4070_Ti,12,
deit_base_patch16_224,64,64,bf16,23.39072036743164,False,NVIDIA_GeForce_RTX_4070_Ti,12,
deit_base_patch16_224,64,64,fp16,23.278079986572266,False,NVIDIA_GeForce_RTX_4070_Ti,12,
deit_base_patch16_224,64,64,fp32,39.44908905029297,False,NVIDIA_GeForce_RTX_4070_Ti,12,
deit_base_patch16_224,128,16,bf16,21.968896865844727,False,NVIDIA_GeForce_RTX_4070_Ti,12,
deit_base_patch16_224,128,16,fp16,21.87468719482422,False,NVIDIA_GeForce_RTX_4070_Ti,12,
deit_base_patch16_224,128,16,fp32,39.61289596557617,False,NVIDIA_GeForce_RTX_4070_Ti,12,
deit_base_patch16_224,128,32,bf16,32.5175666809082,False,NVIDIA_GeForce_RTX_4070_Ti,12,
deit_base_patch16_224,128,32,fp16,32.19438552856445,False,NVIDIA_GeForce_RTX_4070_Ti,12,
deit_base_patch16_224,128,32,fp32,67.00595092773438,False,NVIDIA_GeForce_RTX_4070_Ti,12,
deit_base_patch16_224,128,64,bf16,54.395904541015625,False,NVIDIA_GeForce_RTX_4070_Ti,12,
deit_base_patch16_224,128,64,fp16,53.906768798828125,False,NVIDIA_GeForce_RTX_4070_Ti,12,
deit_base_patch16_224,128,64,fp32,123.63314819335938,False,NVIDIA_GeForce_RTX_4070_Ti,12,
deit_base_patch16_224,224,16,bf16,42.998783111572266,False,NVIDIA_GeForce_RTX_4070_Ti,12,
deit_base_patch16_224,224,16,fp16,42.81798553466797,False,NVIDIA_GeForce_RTX_4070_Ti,12,
deit_base_patch16_224,224,16,fp32,98.3509292602539,False,NVIDIA_GeForce_RTX_4070_Ti,12,
deit_base_patch16_224,224,32,bf16,78.21342468261719,False,NVIDIA_GeForce_RTX_4070_Ti,12,
deit_base_patch16_224,224,32,fp16,77.85164642333984,False,NVIDIA_GeForce_RTX_4070_Ti,12,
deit_base_patch16_224,224,32,fp32,194.6760406494141,False,NVIDIA_GeForce_RTX_4070_Ti,12,
deit_base_patch16_224,224,64,bf16,159.29855346679688,False,NVIDIA_GeForce_RTX_4070_Ti,12,
deit_base_patch16_224,224,64,fp16,158.1930694580078,False,NVIDIA_GeForce_RTX_4070_Ti,12,
deit_base_patch16_224,224,64,fp32,383.9257507324219,False,NVIDIA_GeForce_RTX_4070_Ti,12,
deit_small_patch16_224,64,16,bf16,5.021696090698242,False,NVIDIA_GeForce_RTX_4070_Ti,12,
deit_small_patch16_224,64,16,fp16,5.027328014373779,False,NVIDIA_GeForce_RTX_4070_Ti,12,
deit_small_patch16_224,64,16,fp32,6.313920021057129,False,NVIDIA_GeForce_RTX_4070_Ti,12,
deit_small_patch16_224,64,32,bf16,6.041039943695068,False,NVIDIA_GeForce_RTX_4070_Ti,12,
deit_small_patch16_224,64,32,fp16,6.029312133789063,False,NVIDIA_GeForce_RTX_4070_Ti,12,
deit_small_patch16_224,64,32,fp32,8.914896011352539,False,NVIDIA_GeForce_RTX_4070_Ti,12,
deit_small_patch16_224,64,64,bf16,8.52121639251709,False,NVIDIA_GeForce_RTX_4070_Ti,12,
deit_small_patch16_224,64,64,fp16,8.036208152770996,False,NVIDIA_GeForce_RTX_4070_Ti,12,
deit_small_patch16_224,64,64,fp32,14.126399993896484,False,NVIDIA_GeForce_RTX_4070_Ti,12,
deit_small_patch16_224,128,16,bf16,7.477744102478027,False,NVIDIA_GeForce_RTX_4070_Ti,12,
deit_small_patch16_224,128,16,fp16,7.482768058776855,False,NVIDIA_GeForce_RTX_4070_Ti,12,
deit_small_patch16_224,128,16,fp32,14.096896171569824,False,NVIDIA_GeForce_RTX_4070_Ti,12,
deit_small_patch16_224,128,32,bf16,10.9193115234375,False,NVIDIA_GeForce_RTX_4070_Ti,12,
deit_small_patch16_224,128,32,fp16,10.866175651550291,False,NVIDIA_GeForce_RTX_4070_Ti,12,
deit_small_patch16_224,128,32,fp32,22.580047607421875,False,NVIDIA_GeForce_RTX_4070_Ti,12,
deit_small_patch16_224,128,64,bf16,18.16155242919922,False,NVIDIA_GeForce_RTX_4070_Ti,12,
deit_small_patch16_224,128,64,fp16,18.10688018798828,False,NVIDIA_GeForce_RTX_4070_Ti,12,
deit_small_patch16_224,128,64,fp32,39.88155364990234,False,NVIDIA_GeForce_RTX_4070_Ti,12,
deit_small_patch16_224,224,16,bf16,14.91913604736328,False,NVIDIA_GeForce_RTX_4070_Ti,12,
deit_small_patch16_224,224,16,fp16,14.748671531677246,False,NVIDIA_GeForce_RTX_4070_Ti,12,
deit_small_patch16_224,224,16,fp32,33.942352294921875,False,NVIDIA_GeForce_RTX_4070_Ti,12,
deit_small_patch16_224,224,32,bf16,26.19534492492676,False,NVIDIA_GeForce_RTX_4070_Ti,12,
deit_small_patch16_224,224,32,fp16,26.01148796081543,False,NVIDIA_GeForce_RTX_4070_Ti,12,
deit_small_patch16_224,224,32,fp32,63.65184020996094,False,NVIDIA_GeForce_RTX_4070_Ti,12,
deit_small_patch16_224,224,64,bf16,50.69670486450195,False,NVIDIA_GeForce_RTX_4070_Ti,12,
deit_small_patch16_224,224,64,fp16,50.43865585327149,False,NVIDIA_GeForce_RTX_4070_Ti,12,
deit_small_patch16_224,224,64,fp32,130.60914611816406,False,NVIDIA_GeForce_RTX_4070_Ti,12,
deit_tiny_patch16_224,64,16,bf16,2.475519895553589,False,NVIDIA_GeForce_RTX_4070_Ti,12,
deit_tiny_patch16_224,64,16,fp16,2.384239912033081,False,NVIDIA_GeForce_RTX_4070_Ti,12,
deit_tiny_patch16_224,64,16,fp32,2.767872095108032,False,NVIDIA_GeForce_RTX_4070_Ti,12,
deit_tiny_patch16_224,64,32,bf16,2.972480058670044,False,NVIDIA_GeForce_RTX_4070_Ti,12,
deit_tiny_patch16_224,64,32,fp16,3.775311946868897,False,NVIDIA_GeForce_RTX_4070_Ti,12,
deit_tiny_patch16_224,64,32,fp32,4.834815979003906,False,NVIDIA_GeForce_RTX_4070_Ti,12,
deit_tiny_patch16_224,64,64,bf16,3.6817920207977295,False,NVIDIA_GeForce_RTX_4070_Ti,12,
deit_tiny_patch16_224,64,64,fp16,3.670448064804077,False,NVIDIA_GeForce_RTX_4070_Ti,12,
deit_tiny_patch16_224,64,64,fp32,5.620736122131348,False,NVIDIA_GeForce_RTX_4070_Ti,12,
deit_tiny_patch16_224,128,16,bf16,3.3525760173797607,False,NVIDIA_GeForce_RTX_4070_Ti,12,
deit_tiny_patch16_224,128,16,fp16,3.346431970596313,False,NVIDIA_GeForce_RTX_4070_Ti,12,
deit_tiny_patch16_224,128,16,fp32,10.420207977294922,False,NVIDIA_GeForce_RTX_4070_Ti,12,
deit_tiny_patch16_224,128,32,bf16,4.917759895324707,False,NVIDIA_GeForce_RTX_4070_Ti,12,
deit_tiny_patch16_224,128,32,fp16,7.278512001037598,False,NVIDIA_GeForce_RTX_4070_Ti,12,
deit_tiny_patch16_224,128,32,fp32,9.083904266357422,False,NVIDIA_GeForce_RTX_4070_Ti,12,
deit_tiny_patch16_224,128,64,bf16,7.475200176239014,False,NVIDIA_GeForce_RTX_4070_Ti,12,
deit_tiny_patch16_224,128,64,fp16,7.7475361824035645,False,NVIDIA_GeForce_RTX_4070_Ti,12,
deit_tiny_patch16_224,128,64,fp32,16.13465690612793,False,NVIDIA_GeForce_RTX_4070_Ti,12,
deit_tiny_patch16_224,224,16,bf16,6.4732160568237305,False,NVIDIA_GeForce_RTX_4070_Ti,12,
deit_tiny_patch16_224,224,16,fp16,6.478847980499268,False,NVIDIA_GeForce_RTX_4070_Ti,12,
deit_tiny_patch16_224,224,16,fp32,14.077327728271484,False,NVIDIA_GeForce_RTX_4070_Ti,12,
deit_tiny_patch16_224,224,32,bf16,11.44422435760498,False,NVIDIA_GeForce_RTX_4070_Ti,12,
deit_tiny_patch16_224,224,32,fp16,11.36076831817627,False,NVIDIA_GeForce_RTX_4070_Ti,12,
deit_tiny_patch16_224,224,32,fp32,25.696720123291016,False,NVIDIA_GeForce_RTX_4070_Ti,12,
deit_tiny_patch16_224,224,64,bf16,20.475343704223636,False,NVIDIA_GeForce_RTX_4070_Ti,12,
deit_tiny_patch16_224,224,64,fp16,21.1200008392334,False,NVIDIA_GeForce_RTX_4070_Ti,12,
deit_tiny_patch16_224,224,64,fp32,49.6624641418457,False,NVIDIA_GeForce_RTX_4070_Ti,12,
densenet121,64,16,bf16,7.607295989990234,False,NVIDIA_GeForce_RTX_4070_Ti,12,
densenet121,64,16,fp16,7.839744091033935,False,NVIDIA_GeForce_RTX_4070_Ti,12,
densenet121,64,16,fp32,8.202735900878906,False,NVIDIA_GeForce_RTX_4070_Ti,12,
densenet121,64,32,bf16,9.51142406463623,False,NVIDIA_GeForce_RTX_4070_Ti,12,
densenet121,64,32,fp16,9.975808143615724,False,NVIDIA_GeForce_RTX_4070_Ti,12,
densenet121,64,32,fp32,11.337679862976074,False,NVIDIA_GeForce_RTX_4070_Ti,12,
densenet121,64,64,bf16,13.692272186279297,False,NVIDIA_GeForce_RTX_4070_Ti,12,
densenet121,64,64,fp16,12.790783882141112,False,NVIDIA_GeForce_RTX_4070_Ti,12,
densenet121,64,64,fp32,17.04243278503418,False,NVIDIA_GeForce_RTX_4070_Ti,12,
densenet121,128,16,bf16,13.1845121383667,False,NVIDIA_GeForce_RTX_4070_Ti,12,
densenet121,128,16,fp16,10.356608390808104,False,NVIDIA_GeForce_RTX_4070_Ti,12,
densenet121,128,16,fp32,13.537792205810549,False,NVIDIA_GeForce_RTX_4070_Ti,12,
densenet121,128,32,bf16,16.963071823120117,False,NVIDIA_GeForce_RTX_4070_Ti,12,
densenet121,128,32,fp16,15.979519844055176,False,NVIDIA_GeForce_RTX_4070_Ti,12,
densenet121,128,32,fp32,25.568239212036133,False,NVIDIA_GeForce_RTX_4070_Ti,12,
densenet121,128,64,bf16,30.793615341186523,False,NVIDIA_GeForce_RTX_4070_Ti,12,
densenet121,128,64,fp16,28.400463104248047,False,NVIDIA_GeForce_RTX_4070_Ti,12,
densenet121,128,64,fp32,55.99518585205078,False,NVIDIA_GeForce_RTX_4070_Ti,12,
densenet121,224,16,bf16,23.313871383666992,False,NVIDIA_GeForce_RTX_4070_Ti,12,
densenet121,224,16,fp16,21.24030494689941,False,NVIDIA_GeForce_RTX_4070_Ti,12,
densenet121,224,16,fp32,40.18790435791016,False,NVIDIA_GeForce_RTX_4070_Ti,12,
densenet121,224,32,bf16,47.61088180541992,False,NVIDIA_GeForce_RTX_4070_Ti,12,
densenet121,224,32,fp16,43.75838470458984,False,NVIDIA_GeForce_RTX_4070_Ti,12,
densenet121,224,32,fp32,89.68192291259766,False,NVIDIA_GeForce_RTX_4070_Ti,12,
densenet121,224,64,bf16,102.46348571777344,False,NVIDIA_GeForce_RTX_4070_Ti,12,
densenet121,224,64,fp16,94.29401397705078,False,NVIDIA_GeForce_RTX_4070_Ti,12,
densenet121,224,64,fp32,196.5417938232422,False,NVIDIA_GeForce_RTX_4070_Ti,12,
dm_nfnet_f1,64,16,bf16,40.5906867980957,False,NVIDIA_GeForce_RTX_4070_Ti,12,
dm_nfnet_f1,64,16,fp16,41.6014404296875,False,NVIDIA_GeForce_RTX_4070_Ti,12,
dm_nfnet_f1,64,16,fp32,45.56481552124024,False,NVIDIA_GeForce_RTX_4070_Ti,12,
dm_nfnet_f1,64,32,bf16,58.552833557128906,False,NVIDIA_GeForce_RTX_4070_Ti,12,
dm_nfnet_f1,64,32,fp16,58.74943923950195,False,NVIDIA_GeForce_RTX_4070_Ti,12,
dm_nfnet_f1,64,32,fp32,58.83699035644531,False,NVIDIA_GeForce_RTX_4070_Ti,12,
dm_nfnet_f1,64,64,bf16,44.98483276367188,False,NVIDIA_GeForce_RTX_4070_Ti,12,
dm_nfnet_f1,64,64,fp16,45.077823638916016,False,NVIDIA_GeForce_RTX_4070_Ti,12,
dm_nfnet_f1,64,64,fp32,90.2381591796875,False,NVIDIA_GeForce_RTX_4070_Ti,12,
dm_nfnet_f1,128,16,bf16,51.8917121887207,False,NVIDIA_GeForce_RTX_4070_Ti,12,
dm_nfnet_f1,128,16,fp16,52.538352966308594,False,NVIDIA_GeForce_RTX_4070_Ti,12,
dm_nfnet_f1,128,16,fp32,67.387939453125,False,NVIDIA_GeForce_RTX_4070_Ti,12,
dm_nfnet_f1,128,32,bf16,81.62016296386719,False,NVIDIA_GeForce_RTX_4070_Ti,12,
dm_nfnet_f1,128,32,fp16,81.64096069335938,False,NVIDIA_GeForce_RTX_4070_Ti,12,
dm_nfnet_f1,128,32,fp32,112.68505859375,False,NVIDIA_GeForce_RTX_4070_Ti,12,
dm_nfnet_f1,128,64,bf16,99.46233367919922,False,NVIDIA_GeForce_RTX_4070_Ti,12,
dm_nfnet_f1,128,64,fp16,100.27519989013672,False,NVIDIA_GeForce_RTX_4070_Ti,12,
dm_nfnet_f1,128,64,fp32,216.7797698974609,False,NVIDIA_GeForce_RTX_4070_Ti,12,
dm_nfnet_f1,224,16,bf16,88.80670166015625,False,NVIDIA_GeForce_RTX_4070_Ti,12,
dm_nfnet_f1,224,16,fp16,89.52985382080078,False,NVIDIA_GeForce_RTX_4070_Ti,12,
dm_nfnet_f1,224,16,fp32,165.63558959960938,False,NVIDIA_GeForce_RTX_4070_Ti,12,
dm_nfnet_f1,224,32,bf16,173.91555786132812,False,NVIDIA_GeForce_RTX_4070_Ti,12,
dm_nfnet_f1,224,32,fp16,173.0846710205078,False,NVIDIA_GeForce_RTX_4070_Ti,12,
dm_nfnet_f1,224,32,fp32,2373.545166015625,False,NVIDIA_GeForce_RTX_4070_Ti,12,precision_artifact
dm_nfnet_f1,224,64,bf16,309.07257080078125,False,NVIDIA_GeForce_RTX_4070_Ti,12,
dm_nfnet_f1,224,64,fp16,307.884765625,False,NVIDIA_GeForce_RTX_4070_Ti,12,
dm_nfnet_f1,224,64,fp32,,True,NVIDIA_GeForce_RTX_4070_Ti,12,
efficientnet_b0,64,16,bf16,5.607759952545166,False,NVIDIA_GeForce_RTX_4070_Ti,12,
efficientnet_b0,64,16,fp16,7.239136219024658,False,NVIDIA_GeForce_RTX_4070_Ti,12,
efficientnet_b0,64,16,fp32,4.777952194213867,False,NVIDIA_GeForce_RTX_4070_Ti,12,
efficientnet_b0,64,32,bf16,6.813183784484863,False,NVIDIA_GeForce_RTX_4070_Ti,12,
efficientnet_b0,64,32,fp16,6.466559886932373,False,NVIDIA_GeForce_RTX_4070_Ti,12,
efficientnet_b0,64,32,fp32,6.405551910400391,False,NVIDIA_GeForce_RTX_4070_Ti,12,
efficientnet_b0,64,64,bf16,9.345935821533203,False,NVIDIA_GeForce_RTX_4070_Ti,12,
efficientnet_b0,64,64,fp16,9.476608276367188,False,NVIDIA_GeForce_RTX_4070_Ti,12,
efficientnet_b0,64,64,fp32,10.180496215820312,False,NVIDIA_GeForce_RTX_4070_Ti,12,
efficientnet_b0,128,16,bf16,7.582719802856445,False,NVIDIA_GeForce_RTX_4070_Ti,12,
efficientnet_b0,128,16,fp16,7.096831798553467,False,NVIDIA_GeForce_RTX_4070_Ti,12,
efficientnet_b0,128,16,fp32,7.603583812713623,False,NVIDIA_GeForce_RTX_4070_Ti,12,
efficientnet_b0,128,32,bf16,11.85433578491211,False,NVIDIA_GeForce_RTX_4070_Ti,12,
efficientnet_b0,128,32,fp16,10.127872467041016,False,NVIDIA_GeForce_RTX_4070_Ti,12,
efficientnet_b0,128,32,fp32,13.48249626159668,False,NVIDIA_GeForce_RTX_4070_Ti,12,
efficientnet_b0,128,64,bf16,19.054079055786133,False,NVIDIA_GeForce_RTX_4070_Ti,12,
efficientnet_b0,128,64,fp16,15.57089614868164,False,NVIDIA_GeForce_RTX_4070_Ti,12,
efficientnet_b0,128,64,fp32,28.84454345703125,False,NVIDIA_GeForce_RTX_4070_Ti,12,
efficientnet_b0,224,16,bf16,14.421343803405762,False,NVIDIA_GeForce_RTX_4070_Ti,12,
efficientnet_b0,224,16,fp16,11.589072227478027,False,NVIDIA_GeForce_RTX_4070_Ti,12,
efficientnet_b0,224,16,fp32,20.61772727966309,False,NVIDIA_GeForce_RTX_4070_Ti,12,
efficientnet_b0,224,32,bf16,28.46976089477539,False,NVIDIA_GeForce_RTX_4070_Ti,12,
efficientnet_b0,224,32,fp16,23.00006484985352,False,NVIDIA_GeForce_RTX_4070_Ti,12,
efficientnet_b0,224,32,fp32,44.99652862548828,False,NVIDIA_GeForce_RTX_4070_Ti,12,
efficientnet_b0,224,64,bf16,60.3581428527832,False,NVIDIA_GeForce_RTX_4070_Ti,12,
efficientnet_b0,224,64,fp16,49.3834228515625,False,NVIDIA_GeForce_RTX_4070_Ti,12,
efficientnet_b0,224,64,fp32,97.50206756591795,False,NVIDIA_GeForce_RTX_4070_Ti,12,
efficientnet_b3,64,16,bf16,9.882559776306152,False,NVIDIA_GeForce_RTX_4070_Ti,12,
efficientnet_b3,64,16,fp16,9.784832000732422,False,NVIDIA_GeForce_RTX_4070_Ti,12,
efficientnet_b3,64,16,fp32,9.70798397064209,False,NVIDIA_GeForce_RTX_4070_Ti,12,
efficientnet_b3,64,32,bf16,12.616064071655272,False,NVIDIA_GeForce_RTX_4070_Ti,12,
efficientnet_b3,64,32,fp16,12.125184059143066,False,NVIDIA_GeForce_RTX_4070_Ti,12,
efficientnet_b3,64,32,fp32,13.181952476501465,False,NVIDIA_GeForce_RTX_4070_Ti,12,
efficientnet_b3,64,64,bf16,18.23641586303711,False,NVIDIA_GeForce_RTX_4070_Ti,12,
efficientnet_b3,64,64,fp16,16.401824951171875,False,NVIDIA_GeForce_RTX_4070_Ti,12,
efficientnet_b3,64,64,fp32,20.595199584960938,False,NVIDIA_GeForce_RTX_4070_Ti,12,
efficientnet_b3,128,16,bf16,14.212096214294434,False,NVIDIA_GeForce_RTX_4070_Ti,12,
efficientnet_b3,128,16,fp16,12.86695957183838,False,NVIDIA_GeForce_RTX_4070_Ti,12,
efficientnet_b3,128,16,fp32,15.806976318359377,False,NVIDIA_GeForce_RTX_4070_Ti,12,
efficientnet_b3,128,32,bf16,22.338048934936523,False,NVIDIA_GeForce_RTX_4070_Ti,12,
efficientnet_b3,128,32,fp16,18.755407333374023,False,NVIDIA_GeForce_RTX_4070_Ti,12,
efficientnet_b3,128,32,fp32,28.832256317138672,False,NVIDIA_GeForce_RTX_4070_Ti,12,
efficientnet_b3,128,64,bf16,38.011905670166016,False,NVIDIA_GeForce_RTX_4070_Ti,12,
efficientnet_b3,128,64,fp16,31.25350379943848,False,NVIDIA_GeForce_RTX_4070_Ti,12,
efficientnet_b3,128,64,fp32,60.2158088684082,False,NVIDIA_GeForce_RTX_4070_Ti,12,
efficientnet_b3,224,16,bf16,28.29662322998047,False,NVIDIA_GeForce_RTX_4070_Ti,12,
efficientnet_b3,224,16,fp16,21.645824432373047,False,NVIDIA_GeForce_RTX_4070_Ti,12,
efficientnet_b3,224,16,fp32,42.952110290527344,False,NVIDIA_GeForce_RTX_4070_Ti,12,
efficientnet_b3,224,32,bf16,57.39561462402344,False,NVIDIA_GeForce_RTX_4070_Ti,12,
efficientnet_b3,224,32,fp16,45.29715347290039,False,NVIDIA_GeForce_RTX_4070_Ti,12,
efficientnet_b3,224,32,fp32,92.0642547607422,False,NVIDIA_GeForce_RTX_4070_Ti,12,
efficientnet_b3,224,64,bf16,118.77764892578124,False,NVIDIA_GeForce_RTX_4070_Ti,12,
efficientnet_b3,224,64,fp16,96.56100463867188,False,NVIDIA_GeForce_RTX_4070_Ti,12,
efficientnet_b3,224,64,fp32,,True,NVIDIA_GeForce_RTX_4070_Ti,12,
efficientnet_b5,64,16,bf16,17.796607971191406,False,NVIDIA_GeForce_RTX_4070_Ti,12,
efficientnet_b5,64,16,fp16,17.523712158203125,False,NVIDIA_GeForce_RTX_4070_Ti,12,
efficientnet_b5,64,16,fp32,19.28856086730957,False,NVIDIA_GeForce_RTX_4070_Ti,12,
efficientnet_b5,64,32,bf16,22.81779289245605,False,NVIDIA_GeForce_RTX_4070_Ti,12,
efficientnet_b5,64,32,fp16,20.21836853027344,False,NVIDIA_GeForce_RTX_4070_Ti,12,
efficientnet_b5,64,32,fp32,26.023887634277344,False,NVIDIA_GeForce_RTX_4070_Ti,12,
efficientnet_b5,64,64,bf16,33.468929290771484,False,NVIDIA_GeForce_RTX_4070_Ti,12,
efficientnet_b5,64,64,fp16,28.44774436950684,False,NVIDIA_GeForce_RTX_4070_Ti,12,
efficientnet_b5,64,64,fp32,40.4060173034668,False,NVIDIA_GeForce_RTX_4070_Ti,12,
efficientnet_b5,128,16,bf16,24.936447143554688,False,NVIDIA_GeForce_RTX_4070_Ti,12,
efficientnet_b5,128,16,fp16,20.716432571411133,False,NVIDIA_GeForce_RTX_4070_Ti,12,
efficientnet_b5,128,16,fp32,30.08255958557129,False,NVIDIA_GeForce_RTX_4070_Ti,12,
efficientnet_b5,128,32,bf16,38.74816131591797,False,NVIDIA_GeForce_RTX_4070_Ti,12,
efficientnet_b5,128,32,fp16,31.500288009643555,False,NVIDIA_GeForce_RTX_4070_Ti,12,
efficientnet_b5,128,32,fp32,54.95040130615234,False,NVIDIA_GeForce_RTX_4070_Ti,12,
efficientnet_b5,128,64,bf16,71.93390655517578,False,NVIDIA_GeForce_RTX_4070_Ti,12,
efficientnet_b5,128,64,fp16,58.293758392333984,False,NVIDIA_GeForce_RTX_4070_Ti,12,
efficientnet_b5,128,64,fp32,115.54750061035156,False,NVIDIA_GeForce_RTX_4070_Ti,12,
efficientnet_b5,224,16,bf16,52.49689483642578,False,NVIDIA_GeForce_RTX_4070_Ti,12,
efficientnet_b5,224,16,fp16,40.156158447265625,False,NVIDIA_GeForce_RTX_4070_Ti,12,
efficientnet_b5,224,16,fp32,81.35577392578125,False,NVIDIA_GeForce_RTX_4070_Ti,12,
efficientnet_b5,224,32,bf16,106.76428985595705,False,NVIDIA_GeForce_RTX_4070_Ti,12,
efficientnet_b5,224,32,fp16,83.33099365234375,False,NVIDIA_GeForce_RTX_4070_Ti,12,
efficientnet_b5,224,32,fp32,,True,NVIDIA_GeForce_RTX_4070_Ti,12,
efficientnet_b5,224,64,bf16,,True,NVIDIA_GeForce_RTX_4070_Ti,12,
efficientnet_b5,224,64,fp16,,True,NVIDIA_GeForce_RTX_4070_Ti,12,
efficientnet_b5,224,64,fp32,,True,NVIDIA_GeForce_RTX_4070_Ti,12,
efficientnetv2_l,64,16,bf16,42.789886474609375,False,NVIDIA_GeForce_RTX_4070_Ti,12,
efficientnetv2_l,64,16,fp16,41.91929626464844,False,NVIDIA_GeForce_RTX_4070_Ti,12,
efficientnetv2_l,64,16,fp32,55.0645751953125,False,NVIDIA_GeForce_RTX_4070_Ti,12,
efficientnetv2_l,64,32,bf16,52.28595352172852,False,NVIDIA_GeForce_RTX_4070_Ti,12,
efficientnetv2_l,64,32,fp16,49.40118408203125,False,NVIDIA_GeForce_RTX_4070_Ti,12,
efficientnetv2_l,64,32,fp32,71.98554992675781,False,NVIDIA_GeForce_RTX_4070_Ti,12,
efficientnetv2_l,64,64,bf16,68.279296875,False,NVIDIA_GeForce_RTX_4070_Ti,12,
efficientnetv2_l,64,64,fp16,61.614017486572266,False,NVIDIA_GeForce_RTX_4070_Ti,12,
efficientnetv2_l,64,64,fp32,103.13932800292967,False,NVIDIA_GeForce_RTX_4070_Ti,12,
efficientnetv2_l,128,16,bf16,54.26380920410156,False,NVIDIA_GeForce_RTX_4070_Ti,12,
efficientnetv2_l,128,16,fp16,50.525184631347656,False,NVIDIA_GeForce_RTX_4070_Ti,12,
efficientnetv2_l,128,16,fp32,71.10758209228516,False,NVIDIA_GeForce_RTX_4070_Ti,12,
efficientnetv2_l,128,32,bf16,77.98886108398438,False,NVIDIA_GeForce_RTX_4070_Ti,12,
efficientnetv2_l,128,32,fp16,70.03988647460938,False,NVIDIA_GeForce_RTX_4070_Ti,12,
efficientnetv2_l,128,32,fp32,109.34272003173828,False,NVIDIA_GeForce_RTX_4070_Ti,12,
efficientnetv2_l,128,64,bf16,129.05165100097656,False,NVIDIA_GeForce_RTX_4070_Ti,12,
efficientnetv2_l,128,64,fp16,112.95692443847656,False,NVIDIA_GeForce_RTX_4070_Ti,12,
efficientnetv2_l,128,64,fp32,,True,NVIDIA_GeForce_RTX_4070_Ti,12,
efficientnetv2_l,224,16,bf16,93.24288177490234,False,NVIDIA_GeForce_RTX_4070_Ti,12,
efficientnetv2_l,224,16,fp16,77.65497589111328,False,NVIDIA_GeForce_RTX_4070_Ti,12,
efficientnetv2_l,224,16,fp32,1051.725341796875,False,NVIDIA_GeForce_RTX_4070_Ti,12,precision_artifact
efficientnetv2_l,224,32,bf16,426.00244140625,False,NVIDIA_GeForce_RTX_4070_Ti,12,
efficientnetv2_l,224,32,fp16,396.8266296386719,False,NVIDIA_GeForce_RTX_4070_Ti,12,
efficientnetv2_l,224,32,fp32,,True,NVIDIA_GeForce_RTX_4070_Ti,12,
efficientnetv2_l,224,64,bf16,,True,NVIDIA_GeForce_RTX_4070_Ti,12,
efficientnetv2_l,224,64,fp16,,True,NVIDIA_GeForce_RTX_4070_Ti,12,
efficientnetv2_l,224,64,fp32,,True,NVIDIA_GeForce_RTX_4070_Ti,12,
efficientnetv2_m,64,16,bf16,25.45809555053711,False,NVIDIA_GeForce_RTX_4070_Ti,12,
efficientnetv2_m,64,16,fp16,23.865856170654297,False,NVIDIA_GeForce_RTX_4070_Ti,12,
efficientnetv2_m,64,16,fp32,28.01971244812012,False,NVIDIA_GeForce_RTX_4070_Ti,12,
efficientnetv2_m,64,32,bf16,31.88991928100586,False,NVIDIA_GeForce_RTX_4070_Ti,12,
efficientnetv2_m,64,32,fp16,28.925439834594727,False,NVIDIA_GeForce_RTX_4070_Ti,12,
efficientnetv2_m,64,32,fp32,36.13679885864258,False,NVIDIA_GeForce_RTX_4070_Ti,12,
efficientnetv2_m,64,64,bf16,43.53484725952149,False,NVIDIA_GeForce_RTX_4070_Ti,12,
efficientnetv2_m,64,64,fp16,37.93510437011719,False,NVIDIA_GeForce_RTX_4070_Ti,12,
efficientnetv2_m,64,64,fp32,52.07398223876953,False,NVIDIA_GeForce_RTX_4070_Ti,12,
efficientnetv2_m,128,16,bf16,32.165889739990234,False,NVIDIA_GeForce_RTX_4070_Ti,12,
efficientnetv2_m,128,16,fp16,29.139951705932617,False,NVIDIA_GeForce_RTX_4070_Ti,12,
efficientnetv2_m,128,16,fp32,36.71393585205078,False,NVIDIA_GeForce_RTX_4070_Ti,12,
efficientnetv2_m,128,32,bf16,45.19475173950195,False,NVIDIA_GeForce_RTX_4070_Ti,12,
efficientnetv2_m,128,32,fp16,39.71319961547852,False,NVIDIA_GeForce_RTX_4070_Ti,12,
efficientnetv2_m,128,32,fp32,55.87241744995117,False,NVIDIA_GeForce_RTX_4070_Ti,12,
efficientnetv2_m,128,64,bf16,68.78809356689453,False,NVIDIA_GeForce_RTX_4070_Ti,12,
efficientnetv2_m,128,64,fp16,58.65523147583008,False,NVIDIA_GeForce_RTX_4070_Ti,12,
efficientnetv2_m,128,64,fp32,102.26841735839844,False,NVIDIA_GeForce_RTX_4070_Ti,12,
efficientnetv2_m,224,16,bf16,51.667457580566406,False,NVIDIA_GeForce_RTX_4070_Ti,12,
efficientnetv2_m,224,16,fp16,41.688575744628906,False,NVIDIA_GeForce_RTX_4070_Ti,12,
efficientnetv2_m,224,16,fp32,71.58783721923828,False,NVIDIA_GeForce_RTX_4070_Ti,12,
efficientnetv2_m,224,32,bf16,92.16753387451172,False,NVIDIA_GeForce_RTX_4070_Ti,12,
efficientnetv2_m,224,32,fp16,73.66912078857422,False,NVIDIA_GeForce_RTX_4070_Ti,12,
efficientnetv2_m,224,32,fp32,147.17491149902344,False,NVIDIA_GeForce_RTX_4070_Ti,12,
efficientnetv2_m,224,64,bf16,186.9265899658203,False,NVIDIA_GeForce_RTX_4070_Ti,12,
efficientnetv2_m,224,64,fp16,154.71717834472656,False,NVIDIA_GeForce_RTX_4070_Ti,12,
efficientnetv2_m,224,64,fp32,,True,NVIDIA_GeForce_RTX_4070_Ti,12,
efficientnetv2_s,64,16,bf16,13.468159675598145,False,NVIDIA_GeForce_RTX_4070_Ti,12,
efficientnetv2_s,64,16,fp16,12.986255645751951,False,NVIDIA_GeForce_RTX_4070_Ti,12,
efficientnetv2_s,64,16,fp32,14.26585578918457,False,NVIDIA_GeForce_RTX_4070_Ti,12,
efficientnetv2_s,64,32,bf16,16.244112014770508,False,NVIDIA_GeForce_RTX_4070_Ti,12,
efficientnetv2_s,64,32,fp16,15.043583869934082,False,NVIDIA_GeForce_RTX_4070_Ti,12,
efficientnetv2_s,64,32,fp32,18.32391929626465,False,NVIDIA_GeForce_RTX_4070_Ti,12,
efficientnetv2_s,64,64,bf16,22.49113655090332,False,NVIDIA_GeForce_RTX_4070_Ti,12,
efficientnetv2_s,64,64,fp16,20.68729591369629,False,NVIDIA_GeForce_RTX_4070_Ti,12,
efficientnetv2_s,64,64,fp32,25.382911682128903,False,NVIDIA_GeForce_RTX_4070_Ti,12,
efficientnetv2_s,128,16,bf16,17.41414451599121,False,NVIDIA_GeForce_RTX_4070_Ti,12,
efficientnetv2_s,128,16,fp16,16.294767379760742,False,NVIDIA_GeForce_RTX_4070_Ti,12,
efficientnetv2_s,128,16,fp32,20.367359161376957,False,NVIDIA_GeForce_RTX_4070_Ti,12,
efficientnetv2_s,128,32,bf16,24.2293758392334,False,NVIDIA_GeForce_RTX_4070_Ti,12,
efficientnetv2_s,128,32,fp16,21.06060791015625,False,NVIDIA_GeForce_RTX_4070_Ti,12,
efficientnetv2_s,128,32,fp32,30.526336669921875,False,NVIDIA_GeForce_RTX_4070_Ti,12,
efficientnetv2_s,128,64,bf16,38.75105667114258,False,NVIDIA_GeForce_RTX_4070_Ti,12,
efficientnetv2_s,128,64,fp16,32.8596305847168,False,NVIDIA_GeForce_RTX_4070_Ti,12,
efficientnetv2_s,128,64,fp32,55.44294357299805,False,NVIDIA_GeForce_RTX_4070_Ti,12,
efficientnetv2_s,224,16,bf16,30.177791595458984,False,NVIDIA_GeForce_RTX_4070_Ti,12,
efficientnetv2_s,224,16,fp16,24.730607986450195,False,NVIDIA_GeForce_RTX_4070_Ti,12,
efficientnetv2_s,224,16,fp32,40.638431549072266,False,NVIDIA_GeForce_RTX_4070_Ti,12,
efficientnetv2_s,224,32,bf16,55.07267379760742,False,NVIDIA_GeForce_RTX_4070_Ti,12,
efficientnetv2_s,224,32,fp16,44.74863815307617,False,NVIDIA_GeForce_RTX_4070_Ti,12,
efficientnetv2_s,224,32,fp32,83.07659149169922,False,NVIDIA_GeForce_RTX_4070_Ti,12,
efficientnetv2_s,224,64,bf16,113.61780548095705,False,NVIDIA_GeForce_RTX_4070_Ti,12,
efficientnetv2_s,224,64,fp16,95.79212951660156,False,NVIDIA_GeForce_RTX_4070_Ti,12,
efficientnetv2_s,224,64,fp32,,True,NVIDIA_GeForce_RTX_4070_Ti,12,
fastvit_t12,64,16,bf16,6.182896137237549,False,NVIDIA_GeForce_RTX_4070_Ti,12,
fastvit_t12,64,16,fp16,7.031199932098389,False,NVIDIA_GeForce_RTX_4070_Ti,12,
fastvit_t12,64,16,fp32,6.97599983215332,False,NVIDIA_GeForce_RTX_4070_Ti,12,
fastvit_t12,64,32,bf16,7.910399913787842,False,NVIDIA_GeForce_RTX_4070_Ti,12,
fastvit_t12,64,32,fp16,7.912960052490234,False,NVIDIA_GeForce_RTX_4070_Ti,12,
fastvit_t12,64,32,fp32,8.380415916442871,False,NVIDIA_GeForce_RTX_4070_Ti,12,
fastvit_t12,64,64,bf16,11.86508846282959,False,NVIDIA_GeForce_RTX_4070_Ti,12,
fastvit_t12,64,64,fp16,10.893312454223633,False,NVIDIA_GeForce_RTX_4070_Ti,12,
fastvit_t12,64,64,fp32,12.691967964172363,False,NVIDIA_GeForce_RTX_4070_Ti,12,
fastvit_t12,128,16,bf16,9.459199905395508,False,NVIDIA_GeForce_RTX_4070_Ti,12,
fastvit_t12,128,16,fp16,9.374128341674805,False,NVIDIA_GeForce_RTX_4070_Ti,12,
fastvit_t12,128,16,fp32,10.273792266845703,False,NVIDIA_GeForce_RTX_4070_Ti,12,
fastvit_t12,128,32,bf16,15.577088356018066,False,NVIDIA_GeForce_RTX_4070_Ti,12,
fastvit_t12,128,32,fp16,14.810527801513672,False,NVIDIA_GeForce_RTX_4070_Ti,12,
fastvit_t12,128,32,fp32,18.786815643310547,False,NVIDIA_GeForce_RTX_4070_Ti,12,
fastvit_t12,128,64,bf16,31.1715030670166,False,NVIDIA_GeForce_RTX_4070_Ti,12,
fastvit_t12,128,64,fp16,28.83993530273437,False,NVIDIA_GeForce_RTX_4070_Ti,12,
fastvit_t12,128,64,fp32,37.71136093139648,False,NVIDIA_GeForce_RTX_4070_Ti,12,
fastvit_t12,224,16,bf16,21.886463165283203,False,NVIDIA_GeForce_RTX_4070_Ti,12,
fastvit_t12,224,16,fp16,19.70995140075684,False,NVIDIA_GeForce_RTX_4070_Ti,12,
fastvit_t12,224,16,fp32,27.111936569213867,False,NVIDIA_GeForce_RTX_4070_Ti,12,
fastvit_t12,224,32,bf16,45.12358474731445,False,NVIDIA_GeForce_RTX_4070_Ti,12,
fastvit_t12,224,32,fp16,41.132545471191406,False,NVIDIA_GeForce_RTX_4070_Ti,12,
fastvit_t12,224,32,fp32,60.11955261230469,False,NVIDIA_GeForce_RTX_4070_Ti,12,
fastvit_t12,224,64,bf16,99.86457824707033,False,NVIDIA_GeForce_RTX_4070_Ti,12,
fastvit_t12,224,64,fp16,92.30284881591795,False,NVIDIA_GeForce_RTX_4070_Ti,12,
fastvit_t12,224,64,fp32,134.7051544189453,False,NVIDIA_GeForce_RTX_4070_Ti,12,
fastvit_t8,64,16,bf16,5.064191818237305,False,NVIDIA_GeForce_RTX_4070_Ti,12,
fastvit_t8,64,16,fp16,4.787199974060059,False,NVIDIA_GeForce_RTX_4070_Ti,12,
fastvit_t8,64,16,fp32,4.209152221679688,False,NVIDIA_GeForce_RTX_4070_Ti,12,
fastvit_t8,64,32,bf16,7.0830078125,False,NVIDIA_GeForce_RTX_4070_Ti,12,
fastvit_t8,64,32,fp16,6.931280136108398,False,NVIDIA_GeForce_RTX_4070_Ti,12,
fastvit_t8,64,32,fp32,5.945775985717773,False,NVIDIA_GeForce_RTX_4070_Ti,12,
fastvit_t8,64,64,bf16,8.257904052734375,False,NVIDIA_GeForce_RTX_4070_Ti,12,
fastvit_t8,64,64,fp16,7.989247798919678,False,NVIDIA_GeForce_RTX_4070_Ti,12,
fastvit_t8,64,64,fp32,8.196096420288086,False,NVIDIA_GeForce_RTX_4070_Ti,12,
fastvit_t8,128,16,bf16,7.335760116577148,False,NVIDIA_GeForce_RTX_4070_Ti,12,
fastvit_t8,128,16,fp16,6.526976108551025,False,NVIDIA_GeForce_RTX_4070_Ti,12,
fastvit_t8,128,16,fp32,6.919167995452881,False,NVIDIA_GeForce_RTX_4070_Ti,12,
fastvit_t8,128,32,bf16,10.73971176147461,False,NVIDIA_GeForce_RTX_4070_Ti,12,
fastvit_t8,128,32,fp16,10.294079780578612,False,NVIDIA_GeForce_RTX_4070_Ti,12,
fastvit_t8,128,32,fp32,11.724287986755373,False,NVIDIA_GeForce_RTX_4070_Ti,12,
fastvit_t8,128,64,bf16,20.27039909362793,False,NVIDIA_GeForce_RTX_4070_Ti,12,
fastvit_t8,128,64,fp16,18.38585662841797,False,NVIDIA_GeForce_RTX_4070_Ti,12,
fastvit_t8,128,64,fp32,24.286640167236328,False,NVIDIA_GeForce_RTX_4070_Ti,12,
fastvit_t8,224,16,bf16,15.089008331298828,False,NVIDIA_GeForce_RTX_4070_Ti,12,
fastvit_t8,224,16,fp16,13.330431938171388,False,NVIDIA_GeForce_RTX_4070_Ti,12,
fastvit_t8,224,16,fp32,17.451904296875,False,NVIDIA_GeForce_RTX_4070_Ti,12,
fastvit_t8,224,32,bf16,30.50649642944336,False,NVIDIA_GeForce_RTX_4070_Ti,12,
fastvit_t8,224,32,fp16,27.22183990478516,False,NVIDIA_GeForce_RTX_4070_Ti,12,
fastvit_t8,224,32,fp32,38.99903869628906,False,NVIDIA_GeForce_RTX_4070_Ti,12,
fastvit_t8,224,64,bf16,67.3628158569336,False,NVIDIA_GeForce_RTX_4070_Ti,12,
fastvit_t8,224,64,fp16,60.72563171386719,False,NVIDIA_GeForce_RTX_4070_Ti,12,
fastvit_t8,224,64,fp32,89.60307312011719,False,NVIDIA_GeForce_RTX_4070_Ti,12,
maxvit_tiny_tf_224,64,16,bf16,16.757648468017578,False,NVIDIA_GeForce_RTX_4070_Ti,12,
maxvit_tiny_tf_224,64,16,fp16,13.807104110717772,False,NVIDIA_GeForce_RTX_4070_Ti,12,
maxvit_tiny_tf_224,64,16,fp32,19.572736740112305,False,NVIDIA_GeForce_RTX_4070_Ti,12,
maxvit_tiny_tf_224,64,32,bf16,18.93734359741211,False,NVIDIA_GeForce_RTX_4070_Ti,12,
maxvit_tiny_tf_224,64,32,fp16,18.751808166503903,False,NVIDIA_GeForce_RTX_4070_Ti,12,
maxvit_tiny_tf_224,64,32,fp32,29.99129676818848,False,NVIDIA_GeForce_RTX_4070_Ti,12,
maxvit_tiny_tf_224,64,64,bf16,29.03398323059082,False,NVIDIA_GeForce_RTX_4070_Ti,12,
maxvit_tiny_tf_224,64,64,fp16,27.299840927124023,False,NVIDIA_GeForce_RTX_4070_Ti,12,
maxvit_tiny_tf_224,64,64,fp32,51.937744140625,False,NVIDIA_GeForce_RTX_4070_Ti,12,
maxvit_tiny_tf_224,128,16,bf16,24.04403114318848,False,NVIDIA_GeForce_RTX_4070_Ti,12,
maxvit_tiny_tf_224,128,16,fp16,23.200767517089844,False,NVIDIA_GeForce_RTX_4070_Ti,12,
maxvit_tiny_tf_224,128,16,fp32,36.84147262573242,False,NVIDIA_GeForce_RTX_4070_Ti,12,
maxvit_tiny_tf_224,128,32,bf16,40.59590530395508,False,NVIDIA_GeForce_RTX_4070_Ti,12,
maxvit_tiny_tf_224,128,32,fp16,38.430206298828125,False,NVIDIA_GeForce_RTX_4070_Ti,12,
maxvit_tiny_tf_224,128,32,fp32,69.3201904296875,False,NVIDIA_GeForce_RTX_4070_Ti,12,
maxvit_tiny_tf_224,128,64,bf16,77.07904052734375,False,NVIDIA_GeForce_RTX_4070_Ti,12,
maxvit_tiny_tf_224,128,64,fp16,72.97945404052734,False,NVIDIA_GeForce_RTX_4070_Ti,12,
maxvit_tiny_tf_224,128,64,fp32,140.2618865966797,False,NVIDIA_GeForce_RTX_4070_Ti,12,
maxvit_tiny_tf_224,224,16,bf16,55.88663864135742,False,NVIDIA_GeForce_RTX_4070_Ti,12,
maxvit_tiny_tf_224,224,16,fp16,52.70835113525391,False,NVIDIA_GeForce_RTX_4070_Ti,12,
maxvit_tiny_tf_224,224,16,fp32,98.75863647460938,False,NVIDIA_GeForce_RTX_4070_Ti,12,
maxvit_tiny_tf_224,224,32,bf16,111.3354263305664,False,NVIDIA_GeForce_RTX_4070_Ti,12,
maxvit_tiny_tf_224,224,32,fp16,105.84575653076172,False,NVIDIA_GeForce_RTX_4070_Ti,12,
maxvit_tiny_tf_224,224,32,fp32,,True,NVIDIA_GeForce_RTX_4070_Ti,12,
maxvit_tiny_tf_224,224,64,bf16,,True,NVIDIA_GeForce_RTX_4070_Ti,12,
maxvit_tiny_tf_224,224,64,fp16,,True,NVIDIA_GeForce_RTX_4070_Ti,12,
maxvit_tiny_tf_224,224,64,fp32,,True,NVIDIA_GeForce_RTX_4070_Ti,12,
mixer_b16_224,64,16,bf16,11.688336372375488,False,NVIDIA_GeForce_RTX_4070_Ti,12,
mixer_b16_224,64,16,fp16,11.54099178314209,False,NVIDIA_GeForce_RTX_4070_Ti,12,
mixer_b16_224,64,16,fp32,16.250272750854492,False,NVIDIA_GeForce_RTX_4070_Ti,12,
mixer_b16_224,64,32,bf16,16.5611515045166,False,NVIDIA_GeForce_RTX_4070_Ti,12,
mixer_b16_224,64,32,fp16,16.362367630004883,False,NVIDIA_GeForce_RTX_4070_Ti,12,
mixer_b16_224,64,32,fp32,27.327999114990234,False,NVIDIA_GeForce_RTX_4070_Ti,12,
mixer_b16_224,64,64,bf16,26.972511291503903,False,NVIDIA_GeForce_RTX_4070_Ti,12,
mixer_b16_224,64,64,fp16,26.784639358520508,False,NVIDIA_GeForce_RTX_4070_Ti,12,
mixer_b16_224,64,64,fp32,52.96527862548828,False,NVIDIA_GeForce_RTX_4070_Ti,12,
mixer_b16_224,128,16,bf16,18.32038307189941,False,NVIDIA_GeForce_RTX_4070_Ti,12,
mixer_b16_224,128,16,fp16,18.23027229309082,False,NVIDIA_GeForce_RTX_4070_Ti,12,
mixer_b16_224,128,16,fp32,31.147872924804688,False,NVIDIA_GeForce_RTX_4070_Ti,12,
mixer_b16_224,128,32,bf16,28.000768661499023,False,NVIDIA_GeForce_RTX_4070_Ti,12,
mixer_b16_224,128,32,fp16,27.95366477966309,False,NVIDIA_GeForce_RTX_4070_Ti,12,
mixer_b16_224,128,32,fp32,54.24435043334961,False,NVIDIA_GeForce_RTX_4070_Ti,12,
mixer_b16_224,128,64,bf16,49.3306884765625,False,NVIDIA_GeForce_RTX_4070_Ti,12,
mixer_b16_224,128,64,fp16,49.179649353027344,False,NVIDIA_GeForce_RTX_4070_Ti,12,
mixer_b16_224,128,64,fp32,106.57364654541016,False,NVIDIA_GeForce_RTX_4070_Ti,12,
mixer_b16_224,224,16,bf16,34.828800201416016,False,NVIDIA_GeForce_RTX_4070_Ti,12,
mixer_b16_224,224,16,fp16,34.68791961669922,False,NVIDIA_GeForce_RTX_4070_Ti,12,
mixer_b16_224,224,16,fp32,70.40870666503906,False,NVIDIA_GeForce_RTX_4070_Ti,12,
mixer_b16_224,224,32,bf16,65.28543853759766,False,NVIDIA_GeForce_RTX_4070_Ti,12,
mixer_b16_224,224,32,fp16,64.94976043701172,False,NVIDIA_GeForce_RTX_4070_Ti,12,
mixer_b16_224,224,32,fp32,140.70782470703125,False,NVIDIA_GeForce_RTX_4070_Ti,12,
mixer_b16_224,224,64,bf16,136.44851684570312,False,NVIDIA_GeForce_RTX_4070_Ti,12,
mixer_b16_224,224,64,fp16,135.6558837890625,False,NVIDIA_GeForce_RTX_4070_Ti,12,
mixer_b16_224,224,64,fp32,281.2431335449219,False,NVIDIA_GeForce_RTX_4070_Ti,12,
mobilenetv2_100,64,16,bf16,3.321647882461548,False,NVIDIA_GeForce_RTX_4070_Ti,12,
mobilenetv2_100,64,16,fp16,2.967888116836548,False,NVIDIA_GeForce_RTX_4070_Ti,12,
mobilenetv2_100,64,16,fp32,2.945024013519287,False,NVIDIA_GeForce_RTX_4070_Ti,12,
mobilenetv2_100,64,32,bf16,4.506112098693848,False,NVIDIA_GeForce_RTX_4070_Ti,12,
mobilenetv2_100,64,32,fp16,3.7795839309692383,False,NVIDIA_GeForce_RTX_4070_Ti,12,
mobilenetv2_100,64,32,fp32,5.287424087524414,False,NVIDIA_GeForce_RTX_4070_Ti,12,
mobilenetv2_100,64,64,bf16,6.288767814636231,False,NVIDIA_GeForce_RTX_4070_Ti,12,
mobilenetv2_100,64,64,fp16,5.256624221801758,False,NVIDIA_GeForce_RTX_4070_Ti,12,
mobilenetv2_100,64,64,fp32,6.636032104492188,False,NVIDIA_GeForce_RTX_4070_Ti,12,
mobilenetv2_100,128,16,bf16,5.045760154724121,False,NVIDIA_GeForce_RTX_4070_Ti,12,
mobilenetv2_100,128,16,fp16,4.528639793395996,False,NVIDIA_GeForce_RTX_4070_Ti,12,
mobilenetv2_100,128,16,fp32,5.337088108062744,False,NVIDIA_GeForce_RTX_4070_Ti,12,
mobilenetv2_100,128,32,bf16,8.271871566772461,False,NVIDIA_GeForce_RTX_4070_Ti,12,
mobilenetv2_100,128,32,fp16,6.855679988861084,False,NVIDIA_GeForce_RTX_4070_Ti,12,
mobilenetv2_100,128,32,fp32,10.0316162109375,False,NVIDIA_GeForce_RTX_4070_Ti,12,
mobilenetv2_100,128,64,bf16,14.560239791870115,False,NVIDIA_GeForce_RTX_4070_Ti,12,
mobilenetv2_100,128,64,fp16,11.988880157470703,False,NVIDIA_GeForce_RTX_4070_Ti,12,
mobilenetv2_100,128,64,fp32,22.185983657836918,False,NVIDIA_GeForce_RTX_4070_Ti,12,
mobilenetv2_100,224,16,bf16,10.895343780517578,False,NVIDIA_GeForce_RTX_4070_Ti,12,
mobilenetv2_100,224,16,fp16,9.08185577392578,False,NVIDIA_GeForce_RTX_4070_Ti,12,
mobilenetv2_100,224,16,fp32,15.883695602416992,False,NVIDIA_GeForce_RTX_4070_Ti,12,
mobilenetv2_100,224,32,bf16,22.30681610107422,False,NVIDIA_GeForce_RTX_4070_Ti,12,
mobilenetv2_100,224,32,fp16,18.24358367919922,False,NVIDIA_GeForce_RTX_4070_Ti,12,
mobilenetv2_100,224,32,fp32,35.13139343261719,False,NVIDIA_GeForce_RTX_4070_Ti,12,
mobilenetv2_100,224,64,bf16,46.90841674804688,False,NVIDIA_GeForce_RTX_4070_Ti,12,
mobilenetv2_100,224,64,fp16,38.69838333129883,False,NVIDIA_GeForce_RTX_4070_Ti,12,
mobilenetv2_100,224,64,fp32,75.63662719726562,False,NVIDIA_GeForce_RTX_4070_Ti,12,
mobilenetv3_large_100,64,16,bf16,4.221280097961426,False,NVIDIA_GeForce_RTX_4070_Ti,12,
mobilenetv3_large_100,64,16,fp16,7.3475518226623535,False,NVIDIA_GeForce_RTX_4070_Ti,12,
mobilenetv3_large_100,64,16,fp32,2.981375932693481,False,NVIDIA_GeForce_RTX_4070_Ti,12,
mobilenetv3_large_100,64,32,bf16,7.9185919761657715,False,NVIDIA_GeForce_RTX_4070_Ti,12,
mobilenetv3_large_100,64,32,fp16,4.779920101165772,False,NVIDIA_GeForce_RTX_4070_Ti,12,
mobilenetv3_large_100,64,32,fp32,4.020736217498779,False,NVIDIA_GeForce_RTX_4070_Ti,12,
mobilenetv3_large_100,64,64,bf16,6.347775936126709,False,NVIDIA_GeForce_RTX_4070_Ti,12,
mobilenetv3_large_100,64,64,fp16,5.429743766784668,False,NVIDIA_GeForce_RTX_4070_Ti,12,
mobilenetv3_large_100,64,64,fp32,5.880320072174072,False,NVIDIA_GeForce_RTX_4070_Ti,12,
mobilenetv3_large_100,128,16,bf16,5.871488094329834,False,NVIDIA_GeForce_RTX_4070_Ti,12,
mobilenetv3_large_100,128,16,fp16,5.061984062194824,False,NVIDIA_GeForce_RTX_4070_Ti,12,
mobilenetv3_large_100,128,16,fp32,4.537343978881836,False,NVIDIA_GeForce_RTX_4070_Ti,12,
mobilenetv3_large_100,128,32,bf16,8.516608238220215,False,NVIDIA_GeForce_RTX_4070_Ti,12,
mobilenetv3_large_100,128,32,fp16,7.681935787200928,False,NVIDIA_GeForce_RTX_4070_Ti,12,
mobilenetv3_large_100,128,32,fp32,7.536128044128418,False,NVIDIA_GeForce_RTX_4070_Ti,12,
mobilenetv3_large_100,128,64,bf16,11.91817569732666,False,NVIDIA_GeForce_RTX_4070_Ti,12,
mobilenetv3_large_100,128,64,fp16,10.422783851623535,False,NVIDIA_GeForce_RTX_4070_Ti,12,
mobilenetv3_large_100,128,64,fp32,14.2489595413208,False,NVIDIA_GeForce_RTX_4070_Ti,12,
mobilenetv3_large_100,224,16,bf16,9.562095642089844,False,NVIDIA_GeForce_RTX_4070_Ti,12,
mobilenetv3_large_100,224,16,fp16,8.04145622253418,False,NVIDIA_GeForce_RTX_4070_Ti,12,
mobilenetv3_large_100,224,16,fp32,10.93734359741211,False,NVIDIA_GeForce_RTX_4070_Ti,12,
mobilenetv3_large_100,224,32,bf16,17.51705551147461,False,NVIDIA_GeForce_RTX_4070_Ti,12,
mobilenetv3_large_100,224,32,fp16,13.946208000183104,False,NVIDIA_GeForce_RTX_4070_Ti,12,
mobilenetv3_large_100,224,32,fp32,22.64575958251953,False,NVIDIA_GeForce_RTX_4070_Ti,12,
mobilenetv3_large_100,224,64,bf16,33.29159927368164,False,NVIDIA_GeForce_RTX_4070_Ti,12,
mobilenetv3_large_100,224,64,fp16,26.289152145385746,False,NVIDIA_GeForce_RTX_4070_Ti,12,
mobilenetv3_large_100,224,64,fp32,51.69815826416016,False,NVIDIA_GeForce_RTX_4070_Ti,12,
mobilenetv3_small_100,64,16,bf16,3.701760053634644,False,NVIDIA_GeForce_RTX_4070_Ti,12,
mobilenetv3_small_100,64,16,fp16,4.497920036315918,False,NVIDIA_GeForce_RTX_4070_Ti,12,
mobilenetv3_small_100,64,16,fp32,1.770975947380066,False,NVIDIA_GeForce_RTX_4070_Ti,12,
mobilenetv3_small_100,64,32,bf16,4.2202558517456055,False,NVIDIA_GeForce_RTX_4070_Ti,12,
mobilenetv3_small_100,64,32,fp16,4.183008193969727,False,NVIDIA_GeForce_RTX_4070_Ti,12,
mobilenetv3_small_100,64,32,fp32,3.237375974655152,False,NVIDIA_GeForce_RTX_4070_Ti,12,
mobilenetv3_small_100,64,64,bf16,4.385119915008545,False,NVIDIA_GeForce_RTX_4070_Ti,12,
mobilenetv3_small_100,64,64,fp16,3.766688108444214,False,NVIDIA_GeForce_RTX_4070_Ti,12,
mobilenetv3_small_100,64,64,fp32,3.314176082611084,False,NVIDIA_GeForce_RTX_4070_Ti,12,
mobilenetv3_small_100,128,16,bf16,4.232192039489746,False,NVIDIA_GeForce_RTX_4070_Ti,12,
mobilenetv3_small_100,128,16,fp16,2.629631996154785,False,NVIDIA_GeForce_RTX_4070_Ti,12,
mobilenetv3_small_100,128,16,fp32,2.3930881023406982,False,NVIDIA_GeForce_RTX_4070_Ti,12,
mobilenetv3_small_100,128,32,bf16,4.822480201721191,False,NVIDIA_GeForce_RTX_4070_Ti,12,
mobilenetv3_small_100,128,32,fp16,5.050784111022949,False,NVIDIA_GeForce_RTX_4070_Ti,12,
mobilenetv3_small_100,128,32,fp32,4.694896221160889,False,NVIDIA_GeForce_RTX_4070_Ti,12,
mobilenetv3_small_100,128,64,bf16,5.432831764221191,False,NVIDIA_GeForce_RTX_4070_Ti,12,
mobilenetv3_small_100,128,64,fp16,4.346879959106445,False,NVIDIA_GeForce_RTX_4070_Ti,12,
mobilenetv3_small_100,128,64,fp32,5.778895854949951,False,NVIDIA_GeForce_RTX_4070_Ti,12,
mobilenetv3_small_100,224,16,bf16,4.732416152954102,False,NVIDIA_GeForce_RTX_4070_Ti,12,
mobilenetv3_small_100,224,16,fp16,11.396016120910645,False,NVIDIA_GeForce_RTX_4070_Ti,12,
mobilenetv3_small_100,224,16,fp32,4.168191909790039,False,NVIDIA_GeForce_RTX_4070_Ti,12,
mobilenetv3_small_100,224,32,bf16,7.296000003814697,False,NVIDIA_GeForce_RTX_4070_Ti,12,
mobilenetv3_small_100,224,32,fp16,5.990848064422607,False,NVIDIA_GeForce_RTX_4070_Ti,12,
mobilenetv3_small_100,224,32,fp32,7.6523518562316895,False,NVIDIA_GeForce_RTX_4070_Ti,12,
mobilenetv3_small_100,224,64,bf16,12.516863822937012,False,NVIDIA_GeForce_RTX_4070_Ti,12,
mobilenetv3_small_100,224,64,fp16,9.446911811828612,False,NVIDIA_GeForce_RTX_4070_Ti,12,
mobilenetv3_small_100,224,64,fp32,15.717887878417969,False,NVIDIA_GeForce_RTX_4070_Ti,12,
mobilevit_s,64,16,bf16,4.657983779907227,False,NVIDIA_GeForce_RTX_4070_Ti,12,
mobilevit_s,64,16,fp16,4.321599960327148,False,NVIDIA_GeForce_RTX_4070_Ti,12,
mobilevit_s,64,16,fp32,5.015984058380127,False,NVIDIA_GeForce_RTX_4070_Ti,12,
mobilevit_s,64,32,bf16,6.475776195526123,False,NVIDIA_GeForce_RTX_4070_Ti,12,
mobilevit_s,64,32,fp16,5.947872161865234,False,NVIDIA_GeForce_RTX_4070_Ti,12,
mobilevit_s,64,32,fp32,7.639008045196533,False,NVIDIA_GeForce_RTX_4070_Ti,12,
mobilevit_s,64,64,bf16,9.821696281433104,False,NVIDIA_GeForce_RTX_4070_Ti,12,
mobilevit_s,64,64,fp16,8.947199821472168,False,NVIDIA_GeForce_RTX_4070_Ti,12,
mobilevit_s,64,64,fp32,13.119487762451172,False,NVIDIA_GeForce_RTX_4070_Ti,12,
mobilevit_s,128,16,bf16,8.257023811340332,False,NVIDIA_GeForce_RTX_4070_Ti,12,
mobilevit_s,128,16,fp16,7.19974422454834,False,NVIDIA_GeForce_RTX_4070_Ti,12,
mobilevit_s,128,16,fp32,10.872320175170898,False,NVIDIA_GeForce_RTX_4070_Ti,12,
mobilevit_s,128,32,bf16,14.348799705505373,False,NVIDIA_GeForce_RTX_4070_Ti,12,
mobilevit_s,128,32,fp16,12.808671951293944,False,NVIDIA_GeForce_RTX_4070_Ti,12,
mobilevit_s,128,32,fp32,23.318479537963867,False,NVIDIA_GeForce_RTX_4070_Ti,12,
mobilevit_s,128,64,bf16,29.48761558532715,False,NVIDIA_GeForce_RTX_4070_Ti,12,
mobilevit_s,128,64,fp16,26.238975524902344,False,NVIDIA_GeForce_RTX_4070_Ti,12,
mobilevit_s,128,64,fp32,50.46527862548828,False,NVIDIA_GeForce_RTX_4070_Ti,12,
mobilevit_s,224,16,bf16,22.610431671142575,False,NVIDIA_GeForce_RTX_4070_Ti,12,
mobilevit_s,224,16,fp16,20.180992126464844,False,NVIDIA_GeForce_RTX_4070_Ti,12,
mobilevit_s,224,16,fp32,40.38809585571289,False,NVIDIA_GeForce_RTX_4070_Ti,12,
mobilevit_s,224,32,bf16,49.00806427001953,False,NVIDIA_GeForce_RTX_4070_Ti,12,
mobilevit_s,224,32,fp16,44.3365592956543,False,NVIDIA_GeForce_RTX_4070_Ti,12,
mobilevit_s,224,32,fp32,83.40838623046875,False,NVIDIA_GeForce_RTX_4070_Ti,12,
mobilevit_s,224,64,bf16,99.04534149169922,False,NVIDIA_GeForce_RTX_4070_Ti,12,
mobilevit_s,224,64,fp16,90.09715270996094,False,NVIDIA_GeForce_RTX_4070_Ti,12,
mobilevit_s,224,64,fp32,171.48927307128906,False,NVIDIA_GeForce_RTX_4070_Ti,12,
mobilevit_xs,64,16,bf16,4.072959899902344,False,NVIDIA_GeForce_RTX_4070_Ti,12,
mobilevit_xs,64,16,fp16,5.538815975189209,False,NVIDIA_GeForce_RTX_4070_Ti,12,
mobilevit_xs,64,16,fp32,3.99564790725708,False,NVIDIA_GeForce_RTX_4070_Ti,12,
mobilevit_xs,64,32,bf16,5.580287933349609,False,NVIDIA_GeForce_RTX_4070_Ti,12,
mobilevit_xs,64,32,fp16,4.945407867431641,False,NVIDIA_GeForce_RTX_4070_Ti,12,
mobilevit_xs,64,32,fp32,5.807104110717773,False,NVIDIA_GeForce_RTX_4070_Ti,12,
mobilevit_xs,64,64,bf16,8.564031600952148,False,NVIDIA_GeForce_RTX_4070_Ti,12,
mobilevit_xs,64,64,fp16,7.590400218963623,False,NVIDIA_GeForce_RTX_4070_Ti,12,
mobilevit_xs,64,64,fp32,9.94660758972168,False,NVIDIA_GeForce_RTX_4070_Ti,12,
mobilevit_xs,128,16,bf16,7.078879833221436,False,NVIDIA_GeForce_RTX_4070_Ti,12,
mobilevit_xs,128,16,fp16,6.115280151367188,False,NVIDIA_GeForce_RTX_4070_Ti,12,
mobilevit_xs,128,16,fp32,8.438079833984375,False,NVIDIA_GeForce_RTX_4070_Ti,12,
mobilevit_xs,128,32,bf16,12.217856407165527,False,NVIDIA_GeForce_RTX_4070_Ti,12,
mobilevit_xs,128,32,fp16,11.62393569946289,False,NVIDIA_GeForce_RTX_4070_Ti,12,
mobilevit_xs,128,32,fp32,17.81657600402832,False,NVIDIA_GeForce_RTX_4070_Ti,12,
mobilevit_xs,128,64,bf16,23.035903930664062,False,NVIDIA_GeForce_RTX_4070_Ti,12,
mobilevit_xs,128,64,fp16,20.44142341613769,False,NVIDIA_GeForce_RTX_4070_Ti,12,
mobilevit_xs,128,64,fp32,39.59025573730469,False,NVIDIA_GeForce_RTX_4070_Ti,12,
mobilevit_xs,224,16,bf16,17.76896095275879,False,NVIDIA_GeForce_RTX_4070_Ti,12,
mobilevit_xs,224,16,fp16,15.67846393585205,False,NVIDIA_GeForce_RTX_4070_Ti,12,
mobilevit_xs,224,16,fp32,31.662080764770508,False,NVIDIA_GeForce_RTX_4070_Ti,12,
mobilevit_xs,224,32,bf16,38.48601531982422,False,NVIDIA_GeForce_RTX_4070_Ti,12,
mobilevit_xs,224,32,fp16,34.3639030456543,False,NVIDIA_GeForce_RTX_4070_Ti,12,
mobilevit_xs,224,32,fp32,66.2113265991211,False,NVIDIA_GeForce_RTX_4070_Ti,12,
mobilevit_xs,224,64,bf16,78.02503967285156,False,NVIDIA_GeForce_RTX_4070_Ti,12,
mobilevit_xs,224,64,fp16,69.88996887207031,False,NVIDIA_GeForce_RTX_4070_Ti,12,
mobilevit_xs,224,64,fp32,136.28871154785156,False,NVIDIA_GeForce_RTX_4070_Ti,12,
mobilevit_xxs,64,16,bf16,5.291007995605469,False,NVIDIA_GeForce_RTX_4070_Ti,12,
mobilevit_xxs,64,16,fp16,3.000688076019287,False,NVIDIA_GeForce_RTX_4070_Ti,12,
mobilevit_xxs,64,16,fp32,3.2926719188690186,False,NVIDIA_GeForce_RTX_4070_Ti,12,
mobilevit_xxs,64,32,bf16,4.428800106048584,False,NVIDIA_GeForce_RTX_4070_Ti,12,
mobilevit_xxs,64,32,fp16,6.343056201934815,False,NVIDIA_GeForce_RTX_4070_Ti,12,
mobilevit_xxs,64,32,fp32,5.096447944641113,False,NVIDIA_GeForce_RTX_4070_Ti,12,
mobilevit_xxs,64,64,bf16,6.255616188049316,False,NVIDIA_GeForce_RTX_4070_Ti,12,
mobilevit_xxs,64,64,fp16,5.621615886688232,False,NVIDIA_GeForce_RTX_4070_Ti,12,
mobilevit_xxs,64,64,fp32,6.730751991271973,False,NVIDIA_GeForce_RTX_4070_Ti,12,
mobilevit_xxs,128,16,bf16,5.005311965942383,False,NVIDIA_GeForce_RTX_4070_Ti,12,
mobilevit_xxs,128,16,fp16,4.271615982055664,False,NVIDIA_GeForce_RTX_4070_Ti,12,
mobilevit_xxs,128,16,fp32,4.967936038970947,False,NVIDIA_GeForce_RTX_4070_Ti,12,
mobilevit_xxs,128,32,bf16,7.404543876647949,False,NVIDIA_GeForce_RTX_4070_Ti,12,
mobilevit_xxs,128,32,fp16,6.341119766235352,False,NVIDIA_GeForce_RTX_4070_Ti,12,
mobilevit_xxs,128,32,fp32,7.9585280418396,False,NVIDIA_GeForce_RTX_4070_Ti,12,
mobilevit_xxs,128,64,bf16,11.94547176361084,False,NVIDIA_GeForce_RTX_4070_Ti,12,
mobilevit_xxs,128,64,fp16,10.201087951660156,False,NVIDIA_GeForce_RTX_4070_Ti,12,
mobilevit_xxs,128,64,fp32,15.555952072143556,False,NVIDIA_GeForce_RTX_4070_Ti,12,
mobilevit_xxs,224,16,bf16,9.586688041687012,False,NVIDIA_GeForce_RTX_4070_Ti,12,
mobilevit_xxs,224,16,fp16,8.28713607788086,False,NVIDIA_GeForce_RTX_4070_Ti,12,
mobilevit_xxs,224,16,fp32,13.682576179504396,False,NVIDIA_GeForce_RTX_4070_Ti,12,
mobilevit_xxs,224,32,bf16,18.29478454589844,False,NVIDIA_GeForce_RTX_4070_Ti,12,
mobilevit_xxs,224,32,fp16,15.469568252563477,False,NVIDIA_GeForce_RTX_4070_Ti,12,
mobilevit_xxs,224,32,fp32,28.612607955932617,False,NVIDIA_GeForce_RTX_4070_Ti,12,
mobilevit_xxs,224,64,bf16,36.5588493347168,False,NVIDIA_GeForce_RTX_4070_Ti,12,
mobilevit_xxs,224,64,fp16,31.461376190185547,False,NVIDIA_GeForce_RTX_4070_Ti,12,
mobilevit_xxs,224,64,fp32,61.36627197265625,False,NVIDIA_GeForce_RTX_4070_Ti,12,
mobilevitv2_100,64,16,bf16,4.902912139892578,False,NVIDIA_GeForce_RTX_4070_Ti,12,
mobilevitv2_100,64,16,fp16,4.5839362144470215,False,NVIDIA_GeForce_RTX_4070_Ti,12,
mobilevitv2_100,64,16,fp32,4.411392211914063,False,NVIDIA_GeForce_RTX_4070_Ti,12,
mobilevitv2_100,64,32,bf16,6.2172160148620605,False,NVIDIA_GeForce_RTX_4070_Ti,12,
mobilevitv2_100,64,32,fp16,5.640624046325684,False,NVIDIA_GeForce_RTX_4070_Ti,12,
mobilevitv2_100,64,32,fp32,6.430208206176758,False,NVIDIA_GeForce_RTX_4070_Ti,12,
mobilevitv2_100,64,64,bf16,9.09055995941162,False,NVIDIA_GeForce_RTX_4070_Ti,12,
mobilevitv2_100,64,64,fp16,7.997951984405518,False,NVIDIA_GeForce_RTX_4070_Ti,12,
mobilevitv2_100,64,64,fp32,11.033599853515623,False,NVIDIA_GeForce_RTX_4070_Ti,12,
mobilevitv2_100,128,16,bf16,7.752575874328613,False,NVIDIA_GeForce_RTX_4070_Ti,12,
mobilevitv2_100,128,16,fp16,7.255504131317139,False,NVIDIA_GeForce_RTX_4070_Ti,12,
mobilevitv2_100,128,16,fp32,9.020416259765623,False,NVIDIA_GeForce_RTX_4070_Ti,12,
mobilevitv2_100,128,32,bf16,13.223936080932615,False,NVIDIA_GeForce_RTX_4070_Ti,12,
mobilevitv2_100,128,32,fp16,11.68230438232422,False,NVIDIA_GeForce_RTX_4070_Ti,12,
mobilevitv2_100,128,32,fp32,19.526079177856445,False,NVIDIA_GeForce_RTX_4070_Ti,12,
mobilevitv2_100,128,64,bf16,27.44268798828125,False,NVIDIA_GeForce_RTX_4070_Ti,12,
mobilevitv2_100,128,64,fp16,24.17510414123535,False,NVIDIA_GeForce_RTX_4070_Ti,12,
mobilevitv2_100,128,64,fp32,42.80064010620117,False,NVIDIA_GeForce_RTX_4070_Ti,12,
mobilevitv2_100,224,16,bf16,21.09542465209961,False,NVIDIA_GeForce_RTX_4070_Ti,12,
mobilevitv2_100,224,16,fp16,18.42673683166504,False,NVIDIA_GeForce_RTX_4070_Ti,12,
mobilevitv2_100,224,16,fp32,32.26521682739258,False,NVIDIA_GeForce_RTX_4070_Ti,12,
mobilevitv2_100,224,32,bf16,44.75392150878906,False,NVIDIA_GeForce_RTX_4070_Ti,12,
mobilevitv2_100,224,32,fp16,40.08755111694336,False,NVIDIA_GeForce_RTX_4070_Ti,12,
mobilevitv2_100,224,32,fp32,67.78060913085938,False,NVIDIA_GeForce_RTX_4070_Ti,12,
mobilevitv2_100,224,64,bf16,91.63622283935548,False,NVIDIA_GeForce_RTX_4070_Ti,12,
mobilevitv2_100,224,64,fp16,83.35206604003906,False,NVIDIA_GeForce_RTX_4070_Ti,12,
mobilevitv2_100,224,64,fp32,142.77069091796875,False,NVIDIA_GeForce_RTX_4070_Ti,12,
nfnet_l0,64,16,bf16,14.047280311584473,False,NVIDIA_GeForce_RTX_4070_Ti,12,
nfnet_l0,64,16,fp16,14.911999702453612,False,NVIDIA_GeForce_RTX_4070_Ti,12,
nfnet_l0,64,16,fp32,12.950016021728516,False,NVIDIA_GeForce_RTX_4070_Ti,12,
nfnet_l0,64,32,bf16,19.208192825317383,False,NVIDIA_GeForce_RTX_4070_Ti,12,
nfnet_l0,64,32,fp16,19.24249649047852,False,NVIDIA_GeForce_RTX_4070_Ti,12,
nfnet_l0,64,32,fp32,17.317808151245117,False,NVIDIA_GeForce_RTX_4070_Ti,12,
nfnet_l0,64,64,bf16,17.565183639526367,False,NVIDIA_GeForce_RTX_4070_Ti,12,
nfnet_l0,64,64,fp16,17.232240676879883,False,NVIDIA_GeForce_RTX_4070_Ti,12,
nfnet_l0,64,64,fp32,24.71072006225586,False,NVIDIA_GeForce_RTX_4070_Ti,12,
nfnet_l0,128,16,bf16,17.275968551635742,False,NVIDIA_GeForce_RTX_4070_Ti,12,
nfnet_l0,128,16,fp16,17.674224853515625,False,NVIDIA_GeForce_RTX_4070_Ti,12,
nfnet_l0,128,16,fp32,20.653711318969727,False,NVIDIA_GeForce_RTX_4070_Ti,12,
nfnet_l0,128,32,bf16,26.802175521850582,False,NVIDIA_GeForce_RTX_4070_Ti,12,
nfnet_l0,128,32,fp16,26.78428840637207,False,NVIDIA_GeForce_RTX_4070_Ti,12,
nfnet_l0,128,32,fp32,34.19136047363281,False,NVIDIA_GeForce_RTX_4070_Ti,12,
nfnet_l0,128,64,bf16,35.52211380004883,False,NVIDIA_GeForce_RTX_4070_Ti,12,
nfnet_l0,128,64,fp16,34.49070358276367,False,NVIDIA_GeForce_RTX_4070_Ti,12,
nfnet_l0,128,64,fp32,72.86259460449219,False,NVIDIA_GeForce_RTX_4070_Ti,12,
nfnet_l0,224,16,bf16,29.434783935546875,False,NVIDIA_GeForce_RTX_4070_Ti,12,
nfnet_l0,224,16,fp16,30.014976501464844,False,NVIDIA_GeForce_RTX_4070_Ti,12,
nfnet_l0,224,16,fp32,52.56148910522461,False,NVIDIA_GeForce_RTX_4070_Ti,12,
nfnet_l0,224,32,bf16,56.4252815246582,False,NVIDIA_GeForce_RTX_4070_Ti,12,
nfnet_l0,224,32,fp16,56.23076629638672,False,NVIDIA_GeForce_RTX_4070_Ti,12,
nfnet_l0,224,32,fp32,101.81492614746094,False,NVIDIA_GeForce_RTX_4070_Ti,12,
nfnet_l0,224,64,bf16,108.12602996826172,False,NVIDIA_GeForce_RTX_4070_Ti,12,
nfnet_l0,224,64,fp16,107.5898208618164,False,NVIDIA_GeForce_RTX_4070_Ti,12,
nfnet_l0,224,64,fp32,219.757568359375,False,NVIDIA_GeForce_RTX_4070_Ti,12,
pvt_v2_b0,64,16,bf16,2.9757440090179443,False,NVIDIA_GeForce_RTX_4070_Ti,12,
pvt_v2_b0,64,16,fp16,2.930176019668579,False,NVIDIA_GeForce_RTX_4070_Ti,12,
pvt_v2_b0,64,16,fp32,5.26694393157959,False,NVIDIA_GeForce_RTX_4070_Ti,12,
pvt_v2_b0,64,32,bf16,3.639807939529419,False,NVIDIA_GeForce_RTX_4070_Ti,12,
pvt_v2_b0,64,32,fp16,3.6264960765838623,False,NVIDIA_GeForce_RTX_4070_Ti,12,
pvt_v2_b0,64,32,fp32,4.622128009796143,False,NVIDIA_GeForce_RTX_4070_Ti,12,
pvt_v2_b0,64,64,bf16,5.088255882263184,False,NVIDIA_GeForce_RTX_4070_Ti,12,
pvt_v2_b0,64,64,fp16,5.090303897857666,False,NVIDIA_GeForce_RTX_4070_Ti,12,
pvt_v2_b0,64,64,fp32,7.297952175140381,False,NVIDIA_GeForce_RTX_4070_Ti,12,
pvt_v2_b0,128,16,bf16,6.48089599609375,False,NVIDIA_GeForce_RTX_4070_Ti,12,
pvt_v2_b0,128,16,fp16,4.801536083221436,False,NVIDIA_GeForce_RTX_4070_Ti,12,
pvt_v2_b0,128,16,fp32,6.457344055175781,False,NVIDIA_GeForce_RTX_4070_Ti,12,
pvt_v2_b0,128,32,bf16,7.642416000366211,False,NVIDIA_GeForce_RTX_4070_Ti,12,
pvt_v2_b0,128,32,fp16,7.358975887298584,False,NVIDIA_GeForce_RTX_4070_Ti,12,
pvt_v2_b0,128,32,fp32,10.703167915344238,False,NVIDIA_GeForce_RTX_4070_Ti,12,
pvt_v2_b0,128,64,bf16,12.868096351623535,False,NVIDIA_GeForce_RTX_4070_Ti,12,
pvt_v2_b0,128,64,fp16,12.24396800994873,False,NVIDIA_GeForce_RTX_4070_Ti,12,
pvt_v2_b0,128,64,fp32,20.89779281616211,False,NVIDIA_GeForce_RTX_4070_Ti,12,
pvt_v2_b0,224,16,bf16,10.806608200073242,False,NVIDIA_GeForce_RTX_4070_Ti,12,
pvt_v2_b0,224,16,fp16,9.704447746276855,False,NVIDIA_GeForce_RTX_4070_Ti,12,
pvt_v2_b0,224,16,fp32,16.885759353637695,False,NVIDIA_GeForce_RTX_4070_Ti,12,
pvt_v2_b0,224,32,bf16,17.651599884033203,False,NVIDIA_GeForce_RTX_4070_Ti,12,
pvt_v2_b0,224,32,fp16,16.655872344970703,False,NVIDIA_GeForce_RTX_4070_Ti,12,
pvt_v2_b0,224,32,fp32,30.53751945495605,False,NVIDIA_GeForce_RTX_4070_Ti,12,
pvt_v2_b0,224,64,bf16,38.0134391784668,False,NVIDIA_GeForce_RTX_4070_Ti,12,
pvt_v2_b0,224,64,fp16,35.309566497802734,False,NVIDIA_GeForce_RTX_4070_Ti,12,
pvt_v2_b0,224,64,fp32,61.87263870239258,False,NVIDIA_GeForce_RTX_4070_Ti,12,
pvt_v2_b2,64,16,bf16,8.60756778717041,False,NVIDIA_GeForce_RTX_4070_Ti,12,
pvt_v2_b2,64,16,fp16,8.676192283630371,False,NVIDIA_GeForce_RTX_4070_Ti,12,
pvt_v2_b2,64,16,fp32,10.83852767944336,False,NVIDIA_GeForce_RTX_4070_Ti,12,
pvt_v2_b2,64,32,bf16,10.588111877441406,False,NVIDIA_GeForce_RTX_4070_Ti,12,
pvt_v2_b2,64,32,fp16,10.661375999450684,False,NVIDIA_GeForce_RTX_4070_Ti,12,
pvt_v2_b2,64,32,fp32,14.057920455932615,False,NVIDIA_GeForce_RTX_4070_Ti,12,
pvt_v2_b2,64,64,bf16,14.454256057739258,False,NVIDIA_GeForce_RTX_4070_Ti,12,
pvt_v2_b2,64,64,fp16,14.508543968200684,False,NVIDIA_GeForce_RTX_4070_Ti,12,
pvt_v2_b2,64,64,fp32,22.05593681335449,False,NVIDIA_GeForce_RTX_4070_Ti,12,
pvt_v2_b2,128,16,bf16,13.45689582824707,False,NVIDIA_GeForce_RTX_4070_Ti,12,
pvt_v2_b2,128,16,fp16,13.837167739868164,False,NVIDIA_GeForce_RTX_4070_Ti,12,
pvt_v2_b2,128,16,fp32,21.44511985778809,False,NVIDIA_GeForce_RTX_4070_Ti,12,
pvt_v2_b2,128,32,bf16,21.34169578552246,False,NVIDIA_GeForce_RTX_4070_Ti,12,
pvt_v2_b2,128,32,fp16,21.325824737548828,False,NVIDIA_GeForce_RTX_4070_Ti,12,
pvt_v2_b2,128,32,fp32,37.98616027832031,False,NVIDIA_GeForce_RTX_4070_Ti,12,
pvt_v2_b2,128,64,bf16,40.85606384277344,False,NVIDIA_GeForce_RTX_4070_Ti,12,
pvt_v2_b2,128,64,fp16,40.17510223388672,False,NVIDIA_GeForce_RTX_4070_Ti,12,
pvt_v2_b2,128,64,fp32,71.89348602294922,False,NVIDIA_GeForce_RTX_4070_Ti,12,
pvt_v2_b2,224,16,bf16,31.488000869750977,False,NVIDIA_GeForce_RTX_4070_Ti,12,
pvt_v2_b2,224,16,fp16,31.128576278686523,False,NVIDIA_GeForce_RTX_4070_Ti,12,
pvt_v2_b2,224,16,fp32,57.5420150756836,False,NVIDIA_GeForce_RTX_4070_Ti,12,
pvt_v2_b2,224,32,bf16,59.67820739746094,False,NVIDIA_GeForce_RTX_4070_Ti,12,
pvt_v2_b2,224,32,fp16,58.43088150024414,False,NVIDIA_GeForce_RTX_4070_Ti,12,
pvt_v2_b2,224,32,fp32,138.0380859375,False,NVIDIA_GeForce_RTX_4070_Ti,12,
pvt_v2_b2,224,64,bf16,124.3656768798828,False,NVIDIA_GeForce_RTX_4070_Ti,12,
pvt_v2_b2,224,64,fp16,121.23033905029295,False,NVIDIA_GeForce_RTX_4070_Ti,12,
pvt_v2_b2,224,64,fp32,,True,NVIDIA_GeForce_RTX_4070_Ti,12,
pvt_v2_b5,64,16,bf16,24.195072174072266,False,NVIDIA_GeForce_RTX_4070_Ti,12,
pvt_v2_b5,64,16,fp16,24.604671478271484,False,NVIDIA_GeForce_RTX_4070_Ti,12,
pvt_v2_b5,64,16,fp32,29.757951736450195,False,NVIDIA_GeForce_RTX_4070_Ti,12,
pvt_v2_b5,64,32,bf16,28.511743545532227,False,NVIDIA_GeForce_RTX_4070_Ti,12,
pvt_v2_b5,64,32,fp16,28.982784271240234,False,NVIDIA_GeForce_RTX_4070_Ti,12,
pvt_v2_b5,64,32,fp32,38.291969299316406,False,NVIDIA_GeForce_RTX_4070_Ti,12,
pvt_v2_b5,64,64,bf16,38.89152145385742,False,NVIDIA_GeForce_RTX_4070_Ti,12,
pvt_v2_b5,64,64,fp16,42.2922248840332,False,NVIDIA_GeForce_RTX_4070_Ti,12,
pvt_v2_b5,64,64,fp32,55.11214447021485,False,NVIDIA_GeForce_RTX_4070_Ti,12,
pvt_v2_b5,128,16,bf16,34.60095977783203,False,NVIDIA_GeForce_RTX_4070_Ti,12,
pvt_v2_b5,128,16,fp16,35.1646728515625,False,NVIDIA_GeForce_RTX_4070_Ti,12,
pvt_v2_b5,128,16,fp32,52.307838439941406,False,NVIDIA_GeForce_RTX_4070_Ti,12,
pvt_v2_b5,128,32,bf16,48.3480339050293,False,NVIDIA_GeForce_RTX_4070_Ti,12,
pvt_v2_b5,128,32,fp16,48.97382354736328,False,NVIDIA_GeForce_RTX_4070_Ti,12,
pvt_v2_b5,128,32,fp32,82.9853286743164,False,NVIDIA_GeForce_RTX_4070_Ti,12,
pvt_v2_b5,128,64,bf16,81.81187438964844,False,NVIDIA_GeForce_RTX_4070_Ti,12,
pvt_v2_b5,128,64,fp16,81.90251159667969,False,NVIDIA_GeForce_RTX_4070_Ti,12,
pvt_v2_b5,128,64,fp32,144.83763122558594,False,NVIDIA_GeForce_RTX_4070_Ti,12,
pvt_v2_b5,224,16,bf16,66.72074890136719,False,NVIDIA_GeForce_RTX_4070_Ti,12,
pvt_v2_b5,224,16,fp16,66.5318374633789,False,NVIDIA_GeForce_RTX_4070_Ti,12,
pvt_v2_b5,224,16,fp32,120.4111328125,False,NVIDIA_GeForce_RTX_4070_Ti,12,
pvt_v2_b5,224,32,bf16,113.7242431640625,False,NVIDIA_GeForce_RTX_4070_Ti,12,
pvt_v2_b5,224,32,fp16,113.55494689941406,False,NVIDIA_GeForce_RTX_4070_Ti,12,
pvt_v2_b5,224,32,fp32,,True,NVIDIA_GeForce_RTX_4070_Ti,12,
pvt_v2_b5,224,64,bf16,,True,NVIDIA_GeForce_RTX_4070_Ti,12,
pvt_v2_b5,224,64,fp16,,True,NVIDIA_GeForce_RTX_4070_Ti,12,
pvt_v2_b5,224,64,fp32,,True,NVIDIA_GeForce_RTX_4070_Ti,12,
regnety_032,64,16,bf16,9.300992012023926,False,NVIDIA_GeForce_RTX_4070_Ti,12,
regnety_032,64,16,fp16,9.094655990600586,False,NVIDIA_GeForce_RTX_4070_Ti,12,
regnety_032,64,16,fp32,10.42585563659668,False,NVIDIA_GeForce_RTX_4070_Ti,12,
regnety_032,64,32,bf16,11.560272216796877,False,NVIDIA_GeForce_RTX_4070_Ti,12,
regnety_032,64,32,fp16,10.853808403015137,False,NVIDIA_GeForce_RTX_4070_Ti,12,
regnety_032,64,32,fp32,15.036944389343262,False,NVIDIA_GeForce_RTX_4070_Ti,12,
regnety_032,64,64,bf16,15.03660774230957,False,NVIDIA_GeForce_RTX_4070_Ti,12,
regnety_032,64,64,fp16,13.336943626403809,False,NVIDIA_GeForce_RTX_4070_Ti,12,
regnety_032,64,64,fp32,23.505199432373047,False,NVIDIA_GeForce_RTX_4070_Ti,12,
regnety_032,128,16,bf16,13.279744148254396,False,NVIDIA_GeForce_RTX_4070_Ti,12,
regnety_032,128,16,fp16,12.587519645690918,False,NVIDIA_GeForce_RTX_4070_Ti,12,
regnety_032,128,16,fp32,19.32851219177246,False,NVIDIA_GeForce_RTX_4070_Ti,12,
regnety_032,128,32,bf16,19.89119911193848,False,NVIDIA_GeForce_RTX_4070_Ti,12,
regnety_032,128,32,fp16,17.712127685546875,False,NVIDIA_GeForce_RTX_4070_Ti,12,
regnety_032,128,32,fp32,31.27859115600586,False,NVIDIA_GeForce_RTX_4070_Ti,12,
regnety_032,128,64,bf16,35.01055908203125,False,NVIDIA_GeForce_RTX_4070_Ti,12,
regnety_032,128,64,fp16,30.543872833251957,False,NVIDIA_GeForce_RTX_4070_Ti,12,
regnety_032,128,64,fp32,60.8087043762207,False,NVIDIA_GeForce_RTX_4070_Ti,12,
regnety_032,224,16,bf16,27.508560180664062,False,NVIDIA_GeForce_RTX_4070_Ti,12,
regnety_032,224,16,fp16,25.12076759338379,False,NVIDIA_GeForce_RTX_4070_Ti,12,
regnety_032,224,16,fp32,48.25190353393555,False,NVIDIA_GeForce_RTX_4070_Ti,12,
regnety_032,224,32,bf16,51.82259368896485,False,NVIDIA_GeForce_RTX_4070_Ti,12,
regnety_032,224,32,fp16,45.10617446899414,False,NVIDIA_GeForce_RTX_4070_Ti,12,
regnety_032,224,32,fp32,92.9648666381836,False,NVIDIA_GeForce_RTX_4070_Ti,12,
regnety_032,224,64,bf16,106.70796966552734,False,NVIDIA_GeForce_RTX_4070_Ti,12,
regnety_032,224,64,fp16,95.72454071044922,False,NVIDIA_GeForce_RTX_4070_Ti,12,
regnety_032,224,64,fp32,209.8841552734375,False,NVIDIA_GeForce_RTX_4070_Ti,12,
regnety_080,64,16,bf16,15.81158447265625,False,NVIDIA_GeForce_RTX_4070_Ti,12,
regnety_080,64,16,fp16,15.500800132751465,False,NVIDIA_GeForce_RTX_4070_Ti,12,
regnety_080,64,16,fp32,16.729663848876953,False,NVIDIA_GeForce_RTX_4070_Ti,12,
regnety_080,64,32,bf16,21.353471755981445,False,NVIDIA_GeForce_RTX_4070_Ti,12,
regnety_080,64,32,fp16,20.48102378845215,False,NVIDIA_GeForce_RTX_4070_Ti,12,
regnety_080,64,32,fp32,23.6625919342041,False,NVIDIA_GeForce_RTX_4070_Ti,12,
regnety_080,64,64,bf16,32.03838348388672,False,NVIDIA_GeForce_RTX_4070_Ti,12,
regnety_080,64,64,fp16,30.13776016235352,False,NVIDIA_GeForce_RTX_4070_Ti,12,
regnety_080,64,64,fp32,40.48332977294922,False,NVIDIA_GeForce_RTX_4070_Ti,12,
regnety_080,128,16,bf16,20.953088760375977,False,NVIDIA_GeForce_RTX_4070_Ti,12,
regnety_080,128,16,fp16,20.15380859375,False,NVIDIA_GeForce_RTX_4070_Ti,12,
regnety_080,128,16,fp32,33.640464782714844,False,NVIDIA_GeForce_RTX_4070_Ti,12,
regnety_080,128,32,bf16,34.28812789916992,False,NVIDIA_GeForce_RTX_4070_Ti,12,
regnety_080,128,32,fp16,32.92420959472656,False,NVIDIA_GeForce_RTX_4070_Ti,12,
regnety_080,128,32,fp32,55.373809814453125,False,NVIDIA_GeForce_RTX_4070_Ti,12,
regnety_080,128,64,bf16,55.11782455444336,False,NVIDIA_GeForce_RTX_4070_Ti,12,
regnety_080,128,64,fp16,52.9693603515625,False,NVIDIA_GeForce_RTX_4070_Ti,12,
regnety_080,128,64,fp32,118.89937591552734,False,NVIDIA_GeForce_RTX_4070_Ti,12,
regnety_080,224,16,bf16,44.751007080078125,False,NVIDIA_GeForce_RTX_4070_Ti,12,
regnety_080,224,16,fp16,40.43110275268555,False,NVIDIA_GeForce_RTX_4070_Ti,12,
regnety_080,224,16,fp32,87.25401306152344,False,NVIDIA_GeForce_RTX_4070_Ti,12,
regnety_080,224,32,bf16,85.63062286376953,False,NVIDIA_GeForce_RTX_4070_Ti,12,
regnety_080,224,32,fp16,80.8826904296875,False,NVIDIA_GeForce_RTX_4070_Ti,12,
regnety_080,224,32,fp32,161.154052734375,False,NVIDIA_GeForce_RTX_4070_Ti,12,
regnety_080,224,64,bf16,180.11199951171875,False,NVIDIA_GeForce_RTX_4070_Ti,12,
regnety_080,224,64,fp16,173.81887817382812,False,NVIDIA_GeForce_RTX_4070_Ti,12,
regnety_080,224,64,fp32,,True,NVIDIA_GeForce_RTX_4070_Ti,12,
regnety_160,64,16,bf16,21.792768478393555,False,NVIDIA_GeForce_RTX_4070_Ti,12,
regnety_160,64,16,fp16,20.723743438720703,False,NVIDIA_GeForce_RTX_4070_Ti,12,
regnety_160,64,16,fp32,31.596031188964844,False,NVIDIA_GeForce_RTX_4070_Ti,12,
regnety_160,64,32,bf16,26.59601593017578,False,NVIDIA_GeForce_RTX_4070_Ti,12,
regnety_160,64,32,fp16,24.39423942565918,False,NVIDIA_GeForce_RTX_4070_Ti,12,
regnety_160,64,32,fp32,44.73241424560547,False,NVIDIA_GeForce_RTX_4070_Ti,12,
regnety_160,64,64,bf16,37.818878173828125,False,NVIDIA_GeForce_RTX_4070_Ti,12,
regnety_160,64,64,fp16,35.49705505371094,False,NVIDIA_GeForce_RTX_4070_Ti,12,
regnety_160,64,64,fp32,73.11872100830078,False,NVIDIA_GeForce_RTX_4070_Ti,12,
regnety_160,128,16,bf16,34.95257568359375,False,NVIDIA_GeForce_RTX_4070_Ti,12,
regnety_160,128,16,fp16,33.84415817260742,False,NVIDIA_GeForce_RTX_4070_Ti,12,
regnety_160,128,16,fp32,52.62913513183594,False,NVIDIA_GeForce_RTX_4070_Ti,12,
regnety_160,128,32,bf16,51.15903854370117,False,NVIDIA_GeForce_RTX_4070_Ti,12,
regnety_160,128,32,fp16,49.507137298583984,False,NVIDIA_GeForce_RTX_4070_Ti,12,
regnety_160,128,32,fp32,88.78643035888672,False,NVIDIA_GeForce_RTX_4070_Ti,12,
regnety_160,128,64,bf16,89.30867004394531,False,NVIDIA_GeForce_RTX_4070_Ti,12,
regnety_160,128,64,fp16,86.59046173095703,False,NVIDIA_GeForce_RTX_4070_Ti,12,
regnety_160,128,64,fp32,181.94586181640625,False,NVIDIA_GeForce_RTX_4070_Ti,12,
regnety_160,224,16,bf16,70.64559936523438,False,NVIDIA_GeForce_RTX_4070_Ti,12,
regnety_160,224,16,fp16,68.06169891357422,False,NVIDIA_GeForce_RTX_4070_Ti,12,
regnety_160,224,16,fp32,143.11680603027344,False,NVIDIA_GeForce_RTX_4070_Ti,12,
regnety_160,224,32,bf16,131.9453887939453,False,NVIDIA_GeForce_RTX_4070_Ti,12,
regnety_160,224,32,fp16,127.63340759277344,False,NVIDIA_GeForce_RTX_4070_Ti,12,
regnety_160,224,32,fp32,282.1350402832031,False,NVIDIA_GeForce_RTX_4070_Ti,12,
regnety_160,224,64,bf16,1106.234375,False,NVIDIA_GeForce_RTX_4070_Ti,12,slow_outlier
regnety_160,224,64,fp16,613.4138793945312,False,NVIDIA_GeForce_RTX_4070_Ti,12,
regnety_160,224,64,fp32,,True,NVIDIA_GeForce_RTX_4070_Ti,12,
regnety_320,64,16,bf16,34.21491241455078,False,NVIDIA_GeForce_RTX_4070_Ti,12,
regnety_320,64,16,fp16,33.106544494628906,False,NVIDIA_GeForce_RTX_4070_Ti,12,
regnety_320,64,16,fp32,47.37055969238281,False,NVIDIA_GeForce_RTX_4070_Ti,12,
regnety_320,64,32,bf16,41.268798828125,False,NVIDIA_GeForce_RTX_4070_Ti,12,
regnety_320,64,32,fp16,38.953983306884766,False,NVIDIA_GeForce_RTX_4070_Ti,12,
regnety_320,64,32,fp32,58.36552047729492,False,NVIDIA_GeForce_RTX_4070_Ti,12,
regnety_320,64,64,bf16,53.41543960571289,False,NVIDIA_GeForce_RTX_4070_Ti,12,
regnety_320,64,64,fp16,51.50617599487305,False,NVIDIA_GeForce_RTX_4070_Ti,12,
regnety_320,64,64,fp32,94.81798553466795,False,NVIDIA_GeForce_RTX_4070_Ti,12,
regnety_320,128,16,bf16,50.581504821777344,False,NVIDIA_GeForce_RTX_4070_Ti,12,
regnety_320,128,16,fp16,49.56679916381836,False,NVIDIA_GeForce_RTX_4070_Ti,12,
regnety_320,128,16,fp32,73.30252838134766,False,NVIDIA_GeForce_RTX_4070_Ti,12,
regnety_320,128,32,bf16,76.4353256225586,False,NVIDIA_GeForce_RTX_4070_Ti,12,
regnety_320,128,32,fp16,74.15753936767578,False,NVIDIA_GeForce_RTX_4070_Ti,12,
regnety_320,128,32,fp32,132.3873291015625,False,NVIDIA_GeForce_RTX_4070_Ti,12,
regnety_320,128,64,bf16,136.63999938964844,False,NVIDIA_GeForce_RTX_4070_Ti,12,
regnety_320,128,64,fp16,137.06634521484375,False,NVIDIA_GeForce_RTX_4070_Ti,12,
regnety_320,128,64,fp32,256.0375671386719,False,NVIDIA_GeForce_RTX_4070_Ti,12,
regnety_320,224,16,bf16,111.72470092773438,False,NVIDIA_GeForce_RTX_4070_Ti,12,
regnety_320,224,16,fp16,105.9728012084961,False,NVIDIA_GeForce_RTX_4070_Ti,12,
regnety_320,224,16,fp32,202.5840606689453,False,NVIDIA_GeForce_RTX_4070_Ti,12,
regnety_320,224,32,bf16,213.1189727783203,False,NVIDIA_GeForce_RTX_4070_Ti,12,
regnety_320,224,32,fp16,204.6761016845703,False,NVIDIA_GeForce_RTX_4070_Ti,12,
regnety_320,224,32,fp32,,True,NVIDIA_GeForce_RTX_4070_Ti,12,
regnety_320,224,64,bf16,,True,NVIDIA_GeForce_RTX_4070_Ti,12,
regnety_320,224,64,fp16,,True,NVIDIA_GeForce_RTX_4070_Ti,12,
regnety_320,224,64,fp32,,True,NVIDIA_GeForce_RTX_4070_Ti,12,
repvgg_a2,64,16,bf16,7.6528639793396,False,NVIDIA_GeForce_RTX_4070_Ti,12,
repvgg_a2,64,16,fp16,7.489535808563232,False,NVIDIA_GeForce_RTX_4070_Ti,12,
repvgg_a2,64,16,fp32,9.431440353393556,False,NVIDIA_GeForce_RTX_4070_Ti,12,
repvgg_a2,64,32,bf16,8.910816192626953,False,NVIDIA_GeForce_RTX_4070_Ti,12,
repvgg_a2,64,32,fp16,8.472064018249512,False,NVIDIA_GeForce_RTX_4070_Ti,12,
repvgg_a2,64,32,fp32,10.755552291870115,False,NVIDIA_GeForce_RTX_4070_Ti,12,
repvgg_a2,64,64,bf16,11.822591781616213,False,NVIDIA_GeForce_RTX_4070_Ti,12,
repvgg_a2,64,64,fp16,11.000831604003906,False,NVIDIA_GeForce_RTX_4070_Ti,12,
repvgg_a2,64,64,fp32,14.564864158630373,False,NVIDIA_GeForce_RTX_4070_Ti,12,
repvgg_a2,128,16,bf16,10.689488410949709,False,NVIDIA_GeForce_RTX_4070_Ti,12,
repvgg_a2,128,16,fp16,10.284543991088867,False,NVIDIA_GeForce_RTX_4070_Ti,12,
repvgg_a2,128,16,fp32,14.80992031097412,False,NVIDIA_GeForce_RTX_4070_Ti,12,
repvgg_a2,128,32,bf16,15.310848236083984,False,NVIDIA_GeForce_RTX_4070_Ti,12,
repvgg_a2,128,32,fp16,14.53001594543457,False,NVIDIA_GeForce_RTX_4070_Ti,12,
repvgg_a2,128,32,fp32,23.21356773376465,False,NVIDIA_GeForce_RTX_4070_Ti,12,
repvgg_a2,128,64,bf16,27.44158363342285,False,NVIDIA_GeForce_RTX_4070_Ti,12,
repvgg_a2,128,64,fp16,25.7259521484375,False,NVIDIA_GeForce_RTX_4070_Ti,12,
repvgg_a2,128,64,fp32,46.409217834472656,False,NVIDIA_GeForce_RTX_4070_Ti,12,
repvgg_a2,224,16,bf16,20.96486473083496,False,NVIDIA_GeForce_RTX_4070_Ti,12,
repvgg_a2,224,16,fp16,19.675024032592773,False,NVIDIA_GeForce_RTX_4070_Ti,12,
repvgg_a2,224,16,fp32,36.55065536499024,False,NVIDIA_GeForce_RTX_4070_Ti,12,
repvgg_a2,224,32,bf16,39.58732986450195,False,NVIDIA_GeForce_RTX_4070_Ti,12,
repvgg_a2,224,32,fp16,37.264896392822266,False,NVIDIA_GeForce_RTX_4070_Ti,12,
repvgg_a2,224,32,fp32,71.77932739257812,False,NVIDIA_GeForce_RTX_4070_Ti,12,
repvgg_a2,224,64,bf16,76.63053131103516,False,NVIDIA_GeForce_RTX_4070_Ti,12,
repvgg_a2,224,64,fp16,72.8861312866211,False,NVIDIA_GeForce_RTX_4070_Ti,12,
repvgg_a2,224,64,fp32,146.41253662109375,False,NVIDIA_GeForce_RTX_4070_Ti,12,
resmlp_24_224,64,16,bf16,9.990528106689451,False,NVIDIA_GeForce_RTX_4070_Ti,12,
resmlp_24_224,64,16,fp16,9.99465560913086,False,NVIDIA_GeForce_RTX_4070_Ti,12,
resmlp_24_224,64,16,fp32,9.654272079467772,False,NVIDIA_GeForce_RTX_4070_Ti,12,
resmlp_24_224,64,32,bf16,9.1146240234375,False,NVIDIA_GeForce_RTX_4070_Ti,12,
resmlp_24_224,64,32,fp16,9.043760299682615,False,NVIDIA_GeForce_RTX_4070_Ti,12,
resmlp_24_224,64,32,fp32,11.751888275146484,False,NVIDIA_GeForce_RTX_4070_Ti,12,
resmlp_24_224,64,64,bf16,21.94534492492676,False,NVIDIA_GeForce_RTX_4070_Ti,12,
resmlp_24_224,64,64,fp16,11.601263999938965,False,NVIDIA_GeForce_RTX_4070_Ti,12,
resmlp_24_224,64,64,fp32,17.50271987915039,False,NVIDIA_GeForce_RTX_4070_Ti,12,
resmlp_24_224,128,16,bf16,12.03600025177002,False,NVIDIA_GeForce_RTX_4070_Ti,12,
resmlp_24_224,128,16,fp16,12.03711986541748,False,NVIDIA_GeForce_RTX_4070_Ti,12,
resmlp_24_224,128,16,fp32,17.835519790649414,False,NVIDIA_GeForce_RTX_4070_Ti,12,
resmlp_24_224,128,32,bf16,17.65068817138672,False,NVIDIA_GeForce_RTX_4070_Ti,12,
resmlp_24_224,128,32,fp16,17.553407669067383,False,NVIDIA_GeForce_RTX_4070_Ti,12,
resmlp_24_224,128,32,fp32,28.911008834838867,False,NVIDIA_GeForce_RTX_4070_Ti,12,
resmlp_24_224,128,64,bf16,30.03340721130371,False,NVIDIA_GeForce_RTX_4070_Ti,12,
resmlp_24_224,128,64,fp16,29.77484893798828,False,NVIDIA_GeForce_RTX_4070_Ti,12,
resmlp_24_224,128,64,fp32,51.73862457275391,False,NVIDIA_GeForce_RTX_4070_Ti,12,
resmlp_24_224,224,16,bf16,25.137664794921875,False,NVIDIA_GeForce_RTX_4070_Ti,12,
resmlp_24_224,224,16,fp16,24.969696044921875,False,NVIDIA_GeForce_RTX_4070_Ti,12,
resmlp_24_224,224,16,fp32,43.288063049316406,False,NVIDIA_GeForce_RTX_4070_Ti,12,
resmlp_24_224,224,32,bf16,44.19430541992188,False,NVIDIA_GeForce_RTX_4070_Ti,12,
resmlp_24_224,224,32,fp16,43.989505767822266,False,NVIDIA_GeForce_RTX_4070_Ti,12,
resmlp_24_224,224,32,fp32,80.90624237060547,False,NVIDIA_GeForce_RTX_4070_Ti,12,
resmlp_24_224,224,64,bf16,92.51255798339844,False,NVIDIA_GeForce_RTX_4070_Ti,12,
resmlp_24_224,224,64,fp16,92.0975341796875,False,NVIDIA_GeForce_RTX_4070_Ti,12,
resmlp_24_224,224,64,fp32,171.0247344970703,False,NVIDIA_GeForce_RTX_4070_Ti,12,
resnet101,64,16,bf16,13.094223976135254,False,NVIDIA_GeForce_RTX_4070_Ti,12,
resnet101,64,16,fp16,13.059040069580078,False,NVIDIA_GeForce_RTX_4070_Ti,12,
resnet101,64,16,fp32,16.992191314697266,False,NVIDIA_GeForce_RTX_4070_Ti,12,
resnet101,64,32,bf16,15.547264099121094,False,NVIDIA_GeForce_RTX_4070_Ti,12,
resnet101,64,32,fp16,14.60531234741211,False,NVIDIA_GeForce_RTX_4070_Ti,12,
resnet101,64,32,fp32,21.62220764160156,False,NVIDIA_GeForce_RTX_4070_Ti,12,
resnet101,64,64,bf16,20.843904495239254,False,NVIDIA_GeForce_RTX_4070_Ti,12,
resnet101,64,64,fp16,18.834943771362305,False,NVIDIA_GeForce_RTX_4070_Ti,12,
resnet101,64,64,fp32,29.38265609741211,False,NVIDIA_GeForce_RTX_4070_Ti,12,
resnet101,128,16,bf16,18.27737617492676,False,NVIDIA_GeForce_RTX_4070_Ti,12,
resnet101,128,16,fp16,17.424287796020508,False,NVIDIA_GeForce_RTX_4070_Ti,12,
resnet101,128,16,fp32,24.36038398742676,False,NVIDIA_GeForce_RTX_4070_Ti,12,
resnet101,128,32,bf16,29.26321601867676,False,NVIDIA_GeForce_RTX_4070_Ti,12,
resnet101,128,32,fp16,27.496959686279297,False,NVIDIA_GeForce_RTX_4070_Ti,12,
resnet101,128,32,fp32,41.67168045043945,False,NVIDIA_GeForce_RTX_4070_Ti,12,
resnet101,128,64,bf16,51.759521484375,False,NVIDIA_GeForce_RTX_4070_Ti,12,
resnet101,128,64,fp16,47.90630340576172,False,NVIDIA_GeForce_RTX_4070_Ti,12,
resnet101,128,64,fp32,82.70591735839844,False,NVIDIA_GeForce_RTX_4070_Ti,12,
resnet101,224,16,bf16,35.502079010009766,False,NVIDIA_GeForce_RTX_4070_Ti,12,
resnet101,224,16,fp16,33.324031829833984,False,NVIDIA_GeForce_RTX_4070_Ti,12,
resnet101,224,16,fp32,59.13431930541992,False,NVIDIA_GeForce_RTX_4070_Ti,12,
resnet101,224,32,bf16,67.1328125,False,NVIDIA_GeForce_RTX_4070_Ti,12,
resnet101,224,32,fp16,63.48083114624024,False,NVIDIA_GeForce_RTX_4070_Ti,12,
resnet101,224,32,fp32,124.08780670166016,False,NVIDIA_GeForce_RTX_4070_Ti,12,
resnet101,224,64,bf16,139.04640197753906,False,NVIDIA_GeForce_RTX_4070_Ti,12,
resnet101,224,64,fp16,130.9127655029297,False,NVIDIA_GeForce_RTX_4070_Ti,12,
resnet101,224,64,fp32,261.412353515625,False,NVIDIA_GeForce_RTX_4070_Ti,12,
resnet152,64,16,bf16,18.7007999420166,False,NVIDIA_GeForce_RTX_4070_Ti,12,
resnet152,64,16,fp16,18.0853271484375,False,NVIDIA_GeForce_RTX_4070_Ti,12,
resnet152,64,16,fp32,23.925695419311523,False,NVIDIA_GeForce_RTX_4070_Ti,12,
resnet152,64,32,bf16,22.48948860168457,False,NVIDIA_GeForce_RTX_4070_Ti,12,
resnet152,64,32,fp16,20.79795265197754,False,NVIDIA_GeForce_RTX_4070_Ti,12,
resnet152,64,32,fp32,30.65753555297852,False,NVIDIA_GeForce_RTX_4070_Ti,12,
resnet152,64,64,bf16,29.81273651123047,False,NVIDIA_GeForce_RTX_4070_Ti,12,
resnet152,64,64,fp16,26.870271682739254,False,NVIDIA_GeForce_RTX_4070_Ti,12,
resnet152,64,64,fp32,41.493953704833984,False,NVIDIA_GeForce_RTX_4070_Ti,12,
resnet152,128,16,bf16,26.031103134155277,False,NVIDIA_GeForce_RTX_4070_Ti,12,
resnet152,128,16,fp16,24.79615974426269,False,NVIDIA_GeForce_RTX_4070_Ti,12,
resnet152,128,16,fp32,34.19289779663086,False,NVIDIA_GeForce_RTX_4070_Ti,12,
resnet152,128,32,bf16,41.7786865234375,False,NVIDIA_GeForce_RTX_4070_Ti,12,
resnet152,128,32,fp16,38.8472785949707,False,NVIDIA_GeForce_RTX_4070_Ti,12,
resnet152,128,32,fp32,58.19392013549805,False,NVIDIA_GeForce_RTX_4070_Ti,12,
resnet152,128,64,bf16,73.28819274902344,False,NVIDIA_GeForce_RTX_4070_Ti,12,
resnet152,128,64,fp16,67.73651123046875,False,NVIDIA_GeForce_RTX_4070_Ti,12,
resnet152,128,64,fp32,115.3825912475586,False,NVIDIA_GeForce_RTX_4070_Ti,12,
resnet152,224,16,bf16,50.08383941650391,False,NVIDIA_GeForce_RTX_4070_Ti,12,
resnet152,224,16,fp16,46.88179016113281,False,NVIDIA_GeForce_RTX_4070_Ti,12,
resnet152,224,16,fp32,81.83946990966797,False,NVIDIA_GeForce_RTX_4070_Ti,12,
resnet152,224,32,bf16,93.1563491821289,False,NVIDIA_GeForce_RTX_4070_Ti,12,
resnet152,224,32,fp16,87.87967681884766,False,NVIDIA_GeForce_RTX_4070_Ti,12,
resnet152,224,32,fp32,172.8547821044922,False,NVIDIA_GeForce_RTX_4070_Ti,12,
resnet152,224,64,bf16,193.0536956787109,False,NVIDIA_GeForce_RTX_4070_Ti,12,
resnet152,224,64,fp16,182.0395355224609,False,NVIDIA_GeForce_RTX_4070_Ti,12,
resnet152,224,64,fp32,,True,NVIDIA_GeForce_RTX_4070_Ti,12,
resnet18,64,16,bf16,3.134255886077881,False,NVIDIA_GeForce_RTX_4070_Ti,12,
resnet18,64,16,fp16,2.78220796585083,False,NVIDIA_GeForce_RTX_4070_Ti,12,
resnet18,64,16,fp32,4.053376197814941,False,NVIDIA_GeForce_RTX_4070_Ti,12,
resnet18,64,32,bf16,3.7662720680236816,False,NVIDIA_GeForce_RTX_4070_Ti,12,
resnet18,64,32,fp16,3.2607998847961426,False,NVIDIA_GeForce_RTX_4070_Ti,12,
resnet18,64,32,fp32,4.50600004196167,False,NVIDIA_GeForce_RTX_4070_Ti,12,
resnet18,64,64,bf16,4.549983978271484,False,NVIDIA_GeForce_RTX_4070_Ti,12,
resnet18,64,64,fp16,4.214784145355225,False,NVIDIA_GeForce_RTX_4070_Ti,12,
resnet18,64,64,fp32,5.972991943359375,False,NVIDIA_GeForce_RTX_4070_Ti,12,
resnet18,128,16,bf16,4.340223789215088,False,NVIDIA_GeForce_RTX_4070_Ti,12,
resnet18,128,16,fp16,4.172095775604248,False,NVIDIA_GeForce_RTX_4070_Ti,12,
resnet18,128,16,fp32,5.348207950592041,False,NVIDIA_GeForce_RTX_4070_Ti,12,
resnet18,128,32,bf16,6.2257280349731445,False,NVIDIA_GeForce_RTX_4070_Ti,12,
resnet18,128,32,fp16,5.938176155090332,False,NVIDIA_GeForce_RTX_4070_Ti,12,
resnet18,128,32,fp32,9.01360034942627,False,NVIDIA_GeForce_RTX_4070_Ti,12,
resnet18,128,64,bf16,10.410896301269531,False,NVIDIA_GeForce_RTX_4070_Ti,12,
resnet18,128,64,fp16,9.902591705322266,False,NVIDIA_GeForce_RTX_4070_Ti,12,
resnet18,128,64,fp32,16.742399215698242,False,NVIDIA_GeForce_RTX_4070_Ti,12,
resnet18,224,16,bf16,7.9232001304626465,False,NVIDIA_GeForce_RTX_4070_Ti,12,
resnet18,224,16,fp16,7.410592079162598,False,NVIDIA_GeForce_RTX_4070_Ti,12,
resnet18,224,16,fp32,12.57369613647461,False,NVIDIA_GeForce_RTX_4070_Ti,12,
resnet18,224,32,bf16,14.79423999786377,False,NVIDIA_GeForce_RTX_4070_Ti,12,
resnet18,224,32,fp16,14.023167610168455,False,NVIDIA_GeForce_RTX_4070_Ti,12,
resnet18,224,32,fp32,24.326143264770508,False,NVIDIA_GeForce_RTX_4070_Ti,12,
resnet18,224,64,bf16,30.97907257080078,False,NVIDIA_GeForce_RTX_4070_Ti,12,
resnet18,224,64,fp16,27.5864315032959,False,NVIDIA_GeForce_RTX_4070_Ti,12,
resnet18,224,64,fp32,51.146751403808594,False,NVIDIA_GeForce_RTX_4070_Ti,12,
resnet200,64,16,bf16,21.91663932800293,False,NVIDIA_GeForce_RTX_4070_Ti,12,
resnet200,64,16,fp16,21.096960067749023,False,NVIDIA_GeForce_RTX_4070_Ti,12,
resnet200,64,16,fp32,27.99718475341797,False,NVIDIA_GeForce_RTX_4070_Ti,12,
resnet200,64,32,bf16,27.139583587646484,False,NVIDIA_GeForce_RTX_4070_Ti,12,
resnet200,64,32,fp16,24.609792709350582,False,NVIDIA_GeForce_RTX_4070_Ti,12,
resnet200,64,32,fp32,36.47846221923828,False,NVIDIA_GeForce_RTX_4070_Ti,12,
resnet200,64,64,bf16,37.02937698364258,False,NVIDIA_GeForce_RTX_4070_Ti,12,
resnet200,64,64,fp16,33.26822280883789,False,NVIDIA_GeForce_RTX_4070_Ti,12,
resnet200,64,64,fp32,50.583038330078125,False,NVIDIA_GeForce_RTX_4070_Ti,12,
resnet200,128,16,bf16,31.69534492492676,False,NVIDIA_GeForce_RTX_4070_Ti,12,
resnet200,128,16,fp16,30.216703414916992,False,NVIDIA_GeForce_RTX_4070_Ti,12,
resnet200,128,16,fp32,42.23436737060547,False,NVIDIA_GeForce_RTX_4070_Ti,12,
resnet200,128,32,bf16,52.63155364990234,False,NVIDIA_GeForce_RTX_4070_Ti,12,
resnet200,128,32,fp16,48.841217041015625,False,NVIDIA_GeForce_RTX_4070_Ti,12,
resnet200,128,32,fp32,74.40275573730469,False,NVIDIA_GeForce_RTX_4070_Ti,12,
resnet200,128,64,bf16,92.75494384765624,False,NVIDIA_GeForce_RTX_4070_Ti,12,
resnet200,128,64,fp16,85.13740539550781,False,NVIDIA_GeForce_RTX_4070_Ti,12,
resnet200,128,64,fp32,153.47097778320312,False,NVIDIA_GeForce_RTX_4070_Ti,12,
resnet200,224,16,bf16,64.25190734863281,False,NVIDIA_GeForce_RTX_4070_Ti,12,
resnet200,224,16,fp16,59.399681091308594,False,NVIDIA_GeForce_RTX_4070_Ti,12,
resnet200,224,16,fp32,108.10660552978516,False,NVIDIA_GeForce_RTX_4070_Ti,12,
resnet200,224,32,bf16,123.27884674072266,False,NVIDIA_GeForce_RTX_4070_Ti,12,
resnet200,224,32,fp16,114.24358367919922,False,NVIDIA_GeForce_RTX_4070_Ti,12,
resnet200,224,32,fp32,236.053955078125,False,NVIDIA_GeForce_RTX_4070_Ti,12,
resnet200,224,64,bf16,264.9183959960937,False,NVIDIA_GeForce_RTX_4070_Ti,12,
resnet200,224,64,fp16,247.3753662109375,False,NVIDIA_GeForce_RTX_4070_Ti,12,
resnet200,224,64,fp32,,True,NVIDIA_GeForce_RTX_4070_Ti,12,
resnet50,64,16,bf16,6.867440223693848,False,NVIDIA_GeForce_RTX_4070_Ti,12,
resnet50,64,16,fp16,6.635951995849609,False,NVIDIA_GeForce_RTX_4070_Ti,12,
resnet50,64,16,fp32,9.216832160949709,False,NVIDIA_GeForce_RTX_4070_Ti,12,
resnet50,64,32,bf16,8.28707218170166,False,NVIDIA_GeForce_RTX_4070_Ti,12,
resnet50,64,32,fp16,7.753056049346924,False,NVIDIA_GeForce_RTX_4070_Ti,12,
resnet50,64,32,fp32,11.792896270751951,False,NVIDIA_GeForce_RTX_4070_Ti,12,
resnet50,64,64,bf16,11.544015884399414,False,NVIDIA_GeForce_RTX_4070_Ti,12,
resnet50,64,64,fp16,10.36030387878418,False,NVIDIA_GeForce_RTX_4070_Ti,12,
resnet50,64,64,fp32,16.532991409301758,False,NVIDIA_GeForce_RTX_4070_Ti,12,
resnet50,128,16,bf16,10.001279830932615,False,NVIDIA_GeForce_RTX_4070_Ti,12,
resnet50,128,16,fp16,9.61894416809082,False,NVIDIA_GeForce_RTX_4070_Ti,12,
resnet50,128,16,fp32,13.895600318908691,False,NVIDIA_GeForce_RTX_4070_Ti,12,
resnet50,128,32,bf16,16.28006362915039,False,NVIDIA_GeForce_RTX_4070_Ti,12,
resnet50,128,32,fp16,15.087103843688965,False,NVIDIA_GeForce_RTX_4070_Ti,12,
resnet50,128,32,fp32,25.30395126342773,False,NVIDIA_GeForce_RTX_4070_Ti,12,
resnet50,128,64,bf16,29.99603271484375,False,NVIDIA_GeForce_RTX_4070_Ti,12,
resnet50,128,64,fp16,27.79033660888672,False,NVIDIA_GeForce_RTX_4070_Ti,12,
resnet50,128,64,fp32,52.48767852783203,False,NVIDIA_GeForce_RTX_4070_Ti,12,
resnet50,224,16,bf16,21.311840057373047,False,NVIDIA_GeForce_RTX_4070_Ti,12,
resnet50,224,16,fp16,19.664287567138672,False,NVIDIA_GeForce_RTX_4070_Ti,12,
resnet50,224,16,fp32,37.83935928344727,False,NVIDIA_GeForce_RTX_4070_Ti,12,
resnet50,224,32,bf16,43.00697708129883,False,NVIDIA_GeForce_RTX_4070_Ti,12,
resnet50,224,32,fp16,40.30860900878906,False,NVIDIA_GeForce_RTX_4070_Ti,12,
resnet50,224,32,fp32,81.52012634277344,False,NVIDIA_GeForce_RTX_4070_Ti,12,
resnet50,224,64,bf16,91.695068359375,False,NVIDIA_GeForce_RTX_4070_Ti,12,
resnet50,224,64,fp16,85.24339294433594,False,NVIDIA_GeForce_RTX_4070_Ti,12,
resnet50,224,64,fp32,168.96905517578125,False,NVIDIA_GeForce_RTX_4070_Ti,12,
resnext101_64x4d,64,16,bf16,21.03603172302246,False,NVIDIA_GeForce_RTX_4070_Ti,12,
resnext101_64x4d,64,16,fp16,20.60527992248535,False,NVIDIA_GeForce_RTX_4070_Ti,12,
resnext101_64x4d,64,16,fp32,31.79212760925293,False,NVIDIA_GeForce_RTX_4070_Ti,12,
resnext101_64x4d,64,32,bf16,25.939456939697266,False,NVIDIA_GeForce_RTX_4070_Ti,12,
resnext101_64x4d,64,32,fp16,24.60558319091797,False,NVIDIA_GeForce_RTX_4070_Ti,12,
resnext101_64x4d,64,32,fp32,48.46839904785156,False,NVIDIA_GeForce_RTX_4070_Ti,12,
resnext101_64x4d,64,64,bf16,36.63462448120117,False,NVIDIA_GeForce_RTX_4070_Ti,12,
resnext101_64x4d,64,64,fp16,33.49350357055664,False,NVIDIA_GeForce_RTX_4070_Ti,12,
resnext101_64x4d,64,64,fp32,76.60794830322266,False,NVIDIA_GeForce_RTX_4070_Ti,12,
resnext101_64x4d,128,16,bf16,30.11934471130371,False,NVIDIA_GeForce_RTX_4070_Ti,12,
resnext101_64x4d,128,16,fp16,28.793855667114254,False,NVIDIA_GeForce_RTX_4070_Ti,12,
resnext101_64x4d,128,16,fp32,58.53849411010742,False,NVIDIA_GeForce_RTX_4070_Ti,12,
resnext101_64x4d,128,32,bf16,47.22073745727539,False,NVIDIA_GeForce_RTX_4070_Ti,12,
resnext101_64x4d,128,32,fp16,44.63564682006836,False,NVIDIA_GeForce_RTX_4070_Ti,12,
resnext101_64x4d,128,32,fp32,100.2414093017578,False,NVIDIA_GeForce_RTX_4070_Ti,12,
resnext101_64x4d,128,64,bf16,86.73689270019531,False,NVIDIA_GeForce_RTX_4070_Ti,12,
resnext101_64x4d,128,64,fp16,81.93638610839844,False,NVIDIA_GeForce_RTX_4070_Ti,12,
resnext101_64x4d,128,64,fp32,217.5851593017578,False,NVIDIA_GeForce_RTX_4070_Ti,12,
resnext101_64x4d,224,16,bf16,68.748291015625,False,NVIDIA_GeForce_RTX_4070_Ti,12,
resnext101_64x4d,224,16,fp16,65.55023956298828,False,NVIDIA_GeForce_RTX_4070_Ti,12,
resnext101_64x4d,224,16,fp32,152.18328857421875,False,NVIDIA_GeForce_RTX_4070_Ti,12,
resnext101_64x4d,224,32,bf16,140.600830078125,False,NVIDIA_GeForce_RTX_4070_Ti,12,
resnext101_64x4d,224,32,fp16,133.39801025390625,False,NVIDIA_GeForce_RTX_4070_Ti,12,
resnext101_64x4d,224,32,fp32,599.0763549804688,False,NVIDIA_GeForce_RTX_4070_Ti,12,
resnext101_64x4d,224,64,bf16,328.0040283203125,False,NVIDIA_GeForce_RTX_4070_Ti,12,
resnext101_64x4d,224,64,fp16,338.8098449707031,False,NVIDIA_GeForce_RTX_4070_Ti,12,
resnext101_64x4d,224,64,fp32,,True,NVIDIA_GeForce_RTX_4070_Ti,12,
resnext50_32x4d,64,16,bf16,7.437312126159668,False,NVIDIA_GeForce_RTX_4070_Ti,12,
resnext50_32x4d,64,16,fp16,7.280128002166748,False,NVIDIA_GeForce_RTX_4070_Ti,12,
resnext50_32x4d,64,16,fp32,10.157391548156738,False,NVIDIA_GeForce_RTX_4070_Ti,12,
resnext50_32x4d,64,32,bf16,10.182496070861816,False,NVIDIA_GeForce_RTX_4070_Ti,12,
resnext50_32x4d,64,32,fp16,9.79251194000244,False,NVIDIA_GeForce_RTX_4070_Ti,12,
resnext50_32x4d,64,32,fp32,14.914031982421877,False,NVIDIA_GeForce_RTX_4070_Ti,12,
resnext50_32x4d,64,64,bf16,16.662015914916992,False,NVIDIA_GeForce_RTX_4070_Ti,12,
resnext50_32x4d,64,64,fp16,15.349247932434082,False,NVIDIA_GeForce_RTX_4070_Ti,12,
resnext50_32x4d,64,64,fp32,22.5930233001709,False,NVIDIA_GeForce_RTX_4070_Ti,12,
resnext50_32x4d,128,16,bf16,11.437567710876465,False,NVIDIA_GeForce_RTX_4070_Ti,12,
resnext50_32x4d,128,16,fp16,10.74073600769043,False,NVIDIA_GeForce_RTX_4070_Ti,12,
resnext50_32x4d,128,16,fp32,17.992015838623047,False,NVIDIA_GeForce_RTX_4070_Ti,12,
resnext50_32x4d,128,32,bf16,18.85627174377441,False,NVIDIA_GeForce_RTX_4070_Ti,12,
resnext50_32x4d,128,32,fp16,17.556480407714844,False,NVIDIA_GeForce_RTX_4070_Ti,12,
resnext50_32x4d,128,32,fp32,32.63334274291992,False,NVIDIA_GeForce_RTX_4070_Ti,12,
resnext50_32x4d,128,64,bf16,36.80086517333984,False,NVIDIA_GeForce_RTX_4070_Ti,12,
resnext50_32x4d,128,64,fp16,34.34124755859375,False,NVIDIA_GeForce_RTX_4070_Ti,12,
resnext50_32x4d,128,64,fp32,71.74041748046875,False,NVIDIA_GeForce_RTX_4070_Ti,12,
resnext50_32x4d,224,16,bf16,24.83353614807129,False,NVIDIA_GeForce_RTX_4070_Ti,12,
resnext50_32x4d,224,16,fp16,23.10553550720215,False,NVIDIA_GeForce_RTX_4070_Ti,12,
resnext50_32x4d,224,16,fp32,53.12921524047852,False,NVIDIA_GeForce_RTX_4070_Ti,12,
resnext50_32x4d,224,32,bf16,53.37139129638672,False,NVIDIA_GeForce_RTX_4070_Ti,12,
resnext50_32x4d,224,32,fp16,49.83747100830078,False,NVIDIA_GeForce_RTX_4070_Ti,12,
resnext50_32x4d,224,32,fp32,109.88948822021484,False,NVIDIA_GeForce_RTX_4070_Ti,12,
resnext50_32x4d,224,64,bf16,115.18156433105467,False,NVIDIA_GeForce_RTX_4070_Ti,12,
resnext50_32x4d,224,64,fp16,107.28652954101562,False,NVIDIA_GeForce_RTX_4070_Ti,12,
resnext50_32x4d,224,64,fp32,224.0013427734375,False,NVIDIA_GeForce_RTX_4070_Ti,12,
swin_base_patch4_window7_224,64,16,bf16,18.619903564453125,False,NVIDIA_GeForce_RTX_4070_Ti,12,
swin_base_patch4_window7_224,64,16,fp16,18.52774429321289,False,NVIDIA_GeForce_RTX_4070_Ti,12,
swin_base_patch4_window7_224,64,16,fp32,23.164928436279297,False,NVIDIA_GeForce_RTX_4070_Ti,12,
swin_base_patch4_window7_224,64,32,bf16,23.038463592529297,False,NVIDIA_GeForce_RTX_4070_Ti,12,
swin_base_patch4_window7_224,64,32,fp16,22.956544876098636,False,NVIDIA_GeForce_RTX_4070_Ti,12,
swin_base_patch4_window7_224,64,32,fp32,33.194976806640625,False,NVIDIA_GeForce_RTX_4070_Ti,12,
swin_base_patch4_window7_224,64,64,bf16,31.852031707763672,False,NVIDIA_GeForce_RTX_4070_Ti,12,
swin_base_patch4_window7_224,64,64,fp16,31.71887969970703,False,NVIDIA_GeForce_RTX_4070_Ti,12,
swin_base_patch4_window7_224,64,64,fp32,54.49983978271485,False,NVIDIA_GeForce_RTX_4070_Ti,12,
swin_base_patch4_window7_224,128,16,bf16,39.82540893554688,False,NVIDIA_GeForce_RTX_4070_Ti,12,
swin_base_patch4_window7_224,128,16,fp16,39.415809631347656,False,NVIDIA_GeForce_RTX_4070_Ti,12,
swin_base_patch4_window7_224,128,16,fp32,70.72870635986328,False,NVIDIA_GeForce_RTX_4070_Ti,12,
swin_base_patch4_window7_224,128,32,bf16,67.2542724609375,False,NVIDIA_GeForce_RTX_4070_Ti,12,
swin_base_patch4_window7_224,128,32,fp16,66.4779052734375,False,NVIDIA_GeForce_RTX_4070_Ti,12,
swin_base_patch4_window7_224,128,32,fp32,133.6678466796875,False,NVIDIA_GeForce_RTX_4070_Ti,12,
swin_base_patch4_window7_224,128,64,bf16,141.0589599609375,False,NVIDIA_GeForce_RTX_4070_Ti,12,
swin_base_patch4_window7_224,128,64,fp16,140.4620819091797,False,NVIDIA_GeForce_RTX_4070_Ti,12,
swin_base_patch4_window7_224,128,64,fp32,274.345458984375,False,NVIDIA_GeForce_RTX_4070_Ti,12,
swin_base_patch4_window7_224,224,16,bf16,65.44127655029297,False,NVIDIA_GeForce_RTX_4070_Ti,12,
swin_base_patch4_window7_224,224,16,fp16,64.96665954589844,False,NVIDIA_GeForce_RTX_4070_Ti,12,
swin_base_patch4_window7_224,224,16,fp32,125.16915130615234,False,NVIDIA_GeForce_RTX_4070_Ti,12,
swin_base_patch4_window7_224,224,32,bf16,127.10438537597656,False,NVIDIA_GeForce_RTX_4070_Ti,12,
swin_base_patch4_window7_224,224,32,fp16,126.29452514648438,False,NVIDIA_GeForce_RTX_4070_Ti,12,
swin_base_patch4_window7_224,224,32,fp32,248.63992309570312,False,NVIDIA_GeForce_RTX_4070_Ti,12,
swin_base_patch4_window7_224,224,64,bf16,,True,NVIDIA_GeForce_RTX_4070_Ti,12,
swin_base_patch4_window7_224,224,64,fp16,,True,NVIDIA_GeForce_RTX_4070_Ti,12,
swin_base_patch4_window7_224,224,64,fp32,,True,NVIDIA_GeForce_RTX_4070_Ti,12,
swin_tiny_patch4_window7_224,64,16,bf16,7.3461761474609375,False,NVIDIA_GeForce_RTX_4070_Ti,12,
swin_tiny_patch4_window7_224,64,16,fp16,7.267263889312744,False,NVIDIA_GeForce_RTX_4070_Ti,12,
swin_tiny_patch4_window7_224,64,16,fp32,9.484288215637209,False,NVIDIA_GeForce_RTX_4070_Ti,12,
swin_tiny_patch4_window7_224,64,32,bf16,9.294336318969728,False,NVIDIA_GeForce_RTX_4070_Ti,12,
swin_tiny_patch4_window7_224,64,32,fp16,9.218048095703123,False,NVIDIA_GeForce_RTX_4070_Ti,12,
swin_tiny_patch4_window7_224,64,32,fp32,13.8536958694458,False,NVIDIA_GeForce_RTX_4070_Ti,12,
swin_tiny_patch4_window7_224,64,64,bf16,13.390336036682127,False,NVIDIA_GeForce_RTX_4070_Ti,12,
swin_tiny_patch4_window7_224,64,64,fp16,13.35806369781494,False,NVIDIA_GeForce_RTX_4070_Ti,12,
swin_tiny_patch4_window7_224,64,64,fp32,23.011327743530277,False,NVIDIA_GeForce_RTX_4070_Ti,12,
swin_tiny_patch4_window7_224,128,16,bf16,14.301695823669434,False,NVIDIA_GeForce_RTX_4070_Ti,12,
swin_tiny_patch4_window7_224,128,16,fp16,14.152112007141112,False,NVIDIA_GeForce_RTX_4070_Ti,12,
swin_tiny_patch4_window7_224,128,16,fp32,24.67840003967285,False,NVIDIA_GeForce_RTX_4070_Ti,12,
swin_tiny_patch4_window7_224,128,32,bf16,24.1822566986084,False,NVIDIA_GeForce_RTX_4070_Ti,12,
swin_tiny_patch4_window7_224,128,32,fp16,23.856128692626957,False,NVIDIA_GeForce_RTX_4070_Ti,12,
swin_tiny_patch4_window7_224,128,32,fp32,45.70675277709961,False,NVIDIA_GeForce_RTX_4070_Ti,12,
swin_tiny_patch4_window7_224,128,64,bf16,49.857025146484375,False,NVIDIA_GeForce_RTX_4070_Ti,12,
swin_tiny_patch4_window7_224,128,64,fp16,49.538047790527344,False,NVIDIA_GeForce_RTX_4070_Ti,12,
swin_tiny_patch4_window7_224,128,64,fp32,94.88076782226562,False,NVIDIA_GeForce_RTX_4070_Ti,12,
swin_tiny_patch4_window7_224,224,16,bf16,26.799087524414062,False,NVIDIA_GeForce_RTX_4070_Ti,12,
swin_tiny_patch4_window7_224,224,16,fp16,26.57587242126465,False,NVIDIA_GeForce_RTX_4070_Ti,12,
swin_tiny_patch4_window7_224,224,16,fp32,49.18772888183594,False,NVIDIA_GeForce_RTX_4070_Ti,12,
swin_tiny_patch4_window7_224,224,32,bf16,55.73731231689453,False,NVIDIA_GeForce_RTX_4070_Ti,12,
swin_tiny_patch4_window7_224,224,32,fp16,55.565311431884766,False,NVIDIA_GeForce_RTX_4070_Ti,12,
swin_tiny_patch4_window7_224,224,32,fp32,100.29875183105467,False,NVIDIA_GeForce_RTX_4070_Ti,12,
swin_tiny_patch4_window7_224,224,64,bf16,118.91404724121094,False,NVIDIA_GeForce_RTX_4070_Ti,12,
swin_tiny_patch4_window7_224,224,64,fp16,118.67017364501952,False,NVIDIA_GeForce_RTX_4070_Ti,12,
swin_tiny_patch4_window7_224,224,64,fp32,207.6646423339844,False,NVIDIA_GeForce_RTX_4070_Ti,12,
swinv2_cr_tiny_ns_224,64,16,bf16,8.249343872070312,False,NVIDIA_GeForce_RTX_4070_Ti,12,
swinv2_cr_tiny_ns_224,64,16,fp16,8.182784080505371,False,NVIDIA_GeForce_RTX_4070_Ti,12,
swinv2_cr_tiny_ns_224,64,16,fp32,10.225647926330566,False,NVIDIA_GeForce_RTX_4070_Ti,12,
swinv2_cr_tiny_ns_224,64,32,bf16,10.012672424316406,False,NVIDIA_GeForce_RTX_4070_Ti,12,
swinv2_cr_tiny_ns_224,64,32,fp16,9.909760475158691,False,NVIDIA_GeForce_RTX_4070_Ti,12,
swinv2_cr_tiny_ns_224,64,32,fp32,14.840767860412598,False,NVIDIA_GeForce_RTX_4070_Ti,12,
swinv2_cr_tiny_ns_224,64,64,bf16,13.758912086486816,False,NVIDIA_GeForce_RTX_4070_Ti,12,
swinv2_cr_tiny_ns_224,64,64,fp16,13.527039527893066,False,NVIDIA_GeForce_RTX_4070_Ti,12,
swinv2_cr_tiny_ns_224,64,64,fp32,22.30614471435547,False,NVIDIA_GeForce_RTX_4070_Ti,12,
swinv2_cr_tiny_ns_224,128,16,bf16,13.341024398803713,False,NVIDIA_GeForce_RTX_4070_Ti,12,
swinv2_cr_tiny_ns_224,128,16,fp16,13.300671577453612,False,NVIDIA_GeForce_RTX_4070_Ti,12,
swinv2_cr_tiny_ns_224,128,16,fp32,19.96236801147461,False,NVIDIA_GeForce_RTX_4070_Ti,12,
swinv2_cr_tiny_ns_224,128,32,bf16,21.14952087402344,False,NVIDIA_GeForce_RTX_4070_Ti,12,
swinv2_cr_tiny_ns_224,128,32,fp16,21.483007431030277,False,NVIDIA_GeForce_RTX_4070_Ti,12,
swinv2_cr_tiny_ns_224,128,32,fp32,35.41144180297852,False,NVIDIA_GeForce_RTX_4070_Ti,12,
swinv2_cr_tiny_ns_224,128,64,bf16,40.86016082763672,False,NVIDIA_GeForce_RTX_4070_Ti,12,
swinv2_cr_tiny_ns_224,128,64,fp16,40.88832092285156,False,NVIDIA_GeForce_RTX_4070_Ti,12,
swinv2_cr_tiny_ns_224,128,64,fp32,69.98252868652344,False,NVIDIA_GeForce_RTX_4070_Ti,12,
swinv2_cr_tiny_ns_224,224,16,bf16,35.70006561279297,False,NVIDIA_GeForce_RTX_4070_Ti,12,
swinv2_cr_tiny_ns_224,224,16,fp16,35.467777252197266,False,NVIDIA_GeForce_RTX_4070_Ti,12,
swinv2_cr_tiny_ns_224,224,16,fp32,57.20780944824219,False,NVIDIA_GeForce_RTX_4070_Ti,12,
swinv2_cr_tiny_ns_224,224,32,bf16,77.18144226074219,False,NVIDIA_GeForce_RTX_4070_Ti,12,
swinv2_cr_tiny_ns_224,224,32,fp16,76.79129791259766,False,NVIDIA_GeForce_RTX_4070_Ti,12,
swinv2_cr_tiny_ns_224,224,32,fp32,119.14086151123048,False,NVIDIA_GeForce_RTX_4070_Ti,12,
swinv2_cr_tiny_ns_224,224,64,bf16,170.3218536376953,False,NVIDIA_GeForce_RTX_4070_Ti,12,
swinv2_cr_tiny_ns_224,224,64,fp16,169.8395538330078,False,NVIDIA_GeForce_RTX_4070_Ti,12,
swinv2_cr_tiny_ns_224,224,64,fp32,250.819580078125,False,NVIDIA_GeForce_RTX_4070_Ti,12,
twins_pcpvt_small,64,16,bf16,8.00716781616211,False,NVIDIA_GeForce_RTX_4070_Ti,12,
twins_pcpvt_small,64,16,fp16,7.954432010650635,False,NVIDIA_GeForce_RTX_4070_Ti,12,
twins_pcpvt_small,64,16,fp32,9.76427173614502,False,NVIDIA_GeForce_RTX_4070_Ti,12,
twins_pcpvt_small,64,32,bf16,9.817008018493652,False,NVIDIA_GeForce_RTX_4070_Ti,12,
twins_pcpvt_small,64,32,fp16,9.82630443572998,False,NVIDIA_GeForce_RTX_4070_Ti,12,
twins_pcpvt_small,64,32,fp32,12.55731201171875,False,NVIDIA_GeForce_RTX_4070_Ti,12,
twins_pcpvt_small,64,64,bf16,13.174271583557127,False,NVIDIA_GeForce_RTX_4070_Ti,12,
twins_pcpvt_small,64,64,fp16,13.08505630493164,False,NVIDIA_GeForce_RTX_4070_Ti,12,
twins_pcpvt_small,64,64,fp32,19.31550407409668,False,NVIDIA_GeForce_RTX_4070_Ti,12,
twins_pcpvt_small,128,16,bf16,12.262399673461914,False,NVIDIA_GeForce_RTX_4070_Ti,12,
twins_pcpvt_small,128,16,fp16,12.167679786682127,False,NVIDIA_GeForce_RTX_4070_Ti,12,
twins_pcpvt_small,128,16,fp32,18.561023712158203,False,NVIDIA_GeForce_RTX_4070_Ti,12,
twins_pcpvt_small,128,32,bf16,18.398591995239254,False,NVIDIA_GeForce_RTX_4070_Ti,12,
twins_pcpvt_small,128,32,fp16,18.331647872924805,False,NVIDIA_GeForce_RTX_4070_Ti,12,
twins_pcpvt_small,128,32,fp32,30.944255828857425,False,NVIDIA_GeForce_RTX_4070_Ti,12,
twins_pcpvt_small,128,64,bf16,33.3260498046875,False,NVIDIA_GeForce_RTX_4070_Ti,12,
twins_pcpvt_small,128,64,fp16,33.25183868408203,False,NVIDIA_GeForce_RTX_4070_Ti,12,
twins_pcpvt_small,128,64,fp32,56.7720947265625,False,NVIDIA_GeForce_RTX_4070_Ti,12,
twins_pcpvt_small,224,16,bf16,26.428415298461918,False,NVIDIA_GeForce_RTX_4070_Ti,12,
twins_pcpvt_small,224,16,fp16,26.32588768005371,False,NVIDIA_GeForce_RTX_4070_Ti,12,
twins_pcpvt_small,224,16,fp32,46.23564910888672,False,NVIDIA_GeForce_RTX_4070_Ti,12,
twins_pcpvt_small,224,32,bf16,47.85862350463867,False,NVIDIA_GeForce_RTX_4070_Ti,12,
twins_pcpvt_small,224,32,fp16,47.58937454223633,False,NVIDIA_GeForce_RTX_4070_Ti,12,
twins_pcpvt_small,224,32,fp32,85.63046264648438,False,NVIDIA_GeForce_RTX_4070_Ti,12,
twins_pcpvt_small,224,64,bf16,98.67110443115234,False,NVIDIA_GeForce_RTX_4070_Ti,12,
twins_pcpvt_small,224,64,fp16,98.57683563232422,False,NVIDIA_GeForce_RTX_4070_Ti,12,
twins_pcpvt_small,224,64,fp32,172.1871337890625,False,NVIDIA_GeForce_RTX_4070_Ti,12,
twins_svt_small,64,16,bf16,8.832511901855469,False,NVIDIA_GeForce_RTX_4070_Ti,12,
twins_svt_small,64,16,fp16,8.772607803344727,False,NVIDIA_GeForce_RTX_4070_Ti,12,
twins_svt_small,64,16,fp32,10.04697608947754,False,NVIDIA_GeForce_RTX_4070_Ti,12,
twins_svt_small,64,32,bf16,11.60696029663086,False,NVIDIA_GeForce_RTX_4070_Ti,12,
twins_svt_small,64,32,fp16,11.601920127868652,False,NVIDIA_GeForce_RTX_4070_Ti,12,
twins_svt_small,64,32,fp32,13.96992015838623,False,NVIDIA_GeForce_RTX_4070_Ti,12,
twins_svt_small,64,64,bf16,17.579519271850586,False,NVIDIA_GeForce_RTX_4070_Ti,12,
twins_svt_small,64,64,fp16,17.525136947631836,False,NVIDIA_GeForce_RTX_4070_Ti,12,
twins_svt_small,64,64,fp32,22.006271362304688,False,NVIDIA_GeForce_RTX_4070_Ti,12,
twins_svt_small,128,16,bf16,14.379520416259766,False,NVIDIA_GeForce_RTX_4070_Ti,12,
twins_svt_small,128,16,fp16,14.275568008422852,False,NVIDIA_GeForce_RTX_4070_Ti,12,
twins_svt_small,128,16,fp32,18.48627281188965,False,NVIDIA_GeForce_RTX_4070_Ti,12,
twins_svt_small,128,32,bf16,23.119808197021484,False,NVIDIA_GeForce_RTX_4070_Ti,12,
twins_svt_small,128,32,fp16,23.03214454650879,False,NVIDIA_GeForce_RTX_4070_Ti,12,
twins_svt_small,128,32,fp32,31.542783737182617,False,NVIDIA_GeForce_RTX_4070_Ti,12,
twins_svt_small,128,64,bf16,44.05129623413086,False,NVIDIA_GeForce_RTX_4070_Ti,12,
twins_svt_small,128,64,fp16,44.04326248168945,False,NVIDIA_GeForce_RTX_4070_Ti,12,
twins_svt_small,128,64,fp32,61.27155303955078,False,NVIDIA_GeForce_RTX_4070_Ti,12,
twins_svt_small,224,16,bf16,24.27801513671875,False,NVIDIA_GeForce_RTX_4070_Ti,12,
twins_svt_small,224,16,fp16,24.145919799804688,False,NVIDIA_GeForce_RTX_4070_Ti,12,
twins_svt_small,224,16,fp32,36.95716857910156,False,NVIDIA_GeForce_RTX_4070_Ti,12,
twins_svt_small,224,32,bf16,45.03396987915039,False,NVIDIA_GeForce_RTX_4070_Ti,12,
twins_svt_small,224,32,fp16,44.938720703125,False,NVIDIA_GeForce_RTX_4070_Ti,12,
twins_svt_small,224,32,fp32,70.34265899658203,False,NVIDIA_GeForce_RTX_4070_Ti,12,
twins_svt_small,224,64,bf16,94.38200378417967,False,NVIDIA_GeForce_RTX_4070_Ti,12,
twins_svt_small,224,64,fp16,94.4716796875,False,NVIDIA_GeForce_RTX_4070_Ti,12,
twins_svt_small,224,64,fp32,142.6851806640625,False,NVIDIA_GeForce_RTX_4070_Ti,12,
vit_base_patch16_224,64,16,bf16,14.30835247039795,False,NVIDIA_GeForce_RTX_4070_Ti,12,
vit_base_patch16_224,64,16,fp16,14.344191551208496,False,NVIDIA_GeForce_RTX_4070_Ti,12,
vit_base_patch16_224,64,16,fp32,18.088367462158203,False,NVIDIA_GeForce_RTX_4070_Ti,12,
vit_base_patch16_224,64,32,bf16,17.277408599853516,False,NVIDIA_GeForce_RTX_4070_Ti,12,
vit_base_patch16_224,64,32,fp16,17.214975357055664,False,NVIDIA_GeForce_RTX_4070_Ti,12,
vit_base_patch16_224,64,32,fp32,26.29425621032715,False,NVIDIA_GeForce_RTX_4070_Ti,12,
vit_base_patch16_224,64,64,bf16,23.342592239379883,False,NVIDIA_GeForce_RTX_4070_Ti,12,
vit_base_patch16_224,64,64,fp16,23.298559188842773,False,NVIDIA_GeForce_RTX_4070_Ti,12,
vit_base_patch16_224,64,64,fp32,39.47468948364258,False,NVIDIA_GeForce_RTX_4070_Ti,12,
vit_base_patch16_224,128,16,bf16,21.94380760192871,False,NVIDIA_GeForce_RTX_4070_Ti,12,
vit_base_patch16_224,128,16,fp16,21.90233612060547,False,NVIDIA_GeForce_RTX_4070_Ti,12,
vit_base_patch16_224,128,16,fp32,39.52268981933594,False,NVIDIA_GeForce_RTX_4070_Ti,12,
vit_base_patch16_224,128,32,bf16,32.53193664550781,False,NVIDIA_GeForce_RTX_4070_Ti,12,
vit_base_patch16_224,128,32,fp16,32.18017578125,False,NVIDIA_GeForce_RTX_4070_Ti,12,
vit_base_patch16_224,128,32,fp32,67.17235565185547,False,NVIDIA_GeForce_RTX_4070_Ti,12,
vit_base_patch16_224,128,64,bf16,54.34624099731445,False,NVIDIA_GeForce_RTX_4070_Ti,12,
vit_base_patch16_224,128,64,fp16,53.90591812133789,False,NVIDIA_GeForce_RTX_4070_Ti,12,
vit_base_patch16_224,128,64,fp32,123.51181030273438,False,NVIDIA_GeForce_RTX_4070_Ti,12,
vit_base_patch16_224,224,16,bf16,42.93427276611328,False,NVIDIA_GeForce_RTX_4070_Ti,12,
vit_base_patch16_224,224,16,fp16,42.748321533203125,False,NVIDIA_GeForce_RTX_4070_Ti,12,
vit_base_patch16_224,224,16,fp32,98.79090881347656,False,NVIDIA_GeForce_RTX_4070_Ti,12,
vit_base_patch16_224,224,32,bf16,78.18643188476562,False,NVIDIA_GeForce_RTX_4070_Ti,12,
vit_base_patch16_224,224,32,fp16,77.83577728271484,False,NVIDIA_GeForce_RTX_4070_Ti,12,
vit_base_patch16_224,224,32,fp32,194.39352416992188,False,NVIDIA_GeForce_RTX_4070_Ti,12,
vit_base_patch16_224,224,64,bf16,159.1227569580078,False,NVIDIA_GeForce_RTX_4070_Ti,12,
vit_base_patch16_224,224,64,fp16,158.3036346435547,False,NVIDIA_GeForce_RTX_4070_Ti,12,
vit_base_patch16_224,224,64,fp32,383.9108276367188,False,NVIDIA_GeForce_RTX_4070_Ti,12,
vit_large_patch16_224,64,16,bf16,49.707008361816406,False,NVIDIA_GeForce_RTX_4070_Ti,12,
vit_large_patch16_224,64,16,fp16,49.76737594604492,False,NVIDIA_GeForce_RTX_4070_Ti,12,
vit_large_patch16_224,64,16,fp32,60.61670303344727,False,NVIDIA_GeForce_RTX_4070_Ti,12,
vit_large_patch16_224,64,32,bf16,59.1912956237793,False,NVIDIA_GeForce_RTX_4070_Ti,12,
vit_large_patch16_224,64,32,fp16,59.12422561645508,False,NVIDIA_GeForce_RTX_4070_Ti,12,
vit_large_patch16_224,64,32,fp32,85.40876770019531,False,NVIDIA_GeForce_RTX_4070_Ti,12,
vit_large_patch16_224,64,64,bf16,77.03997039794922,False,NVIDIA_GeForce_RTX_4070_Ti,12,
vit_large_patch16_224,64,64,fp16,76.84710693359375,False,NVIDIA_GeForce_RTX_4070_Ti,12,
vit_large_patch16_224,64,64,fp32,134.82803344726562,False,NVIDIA_GeForce_RTX_4070_Ti,12,
vit_large_patch16_224,128,16,bf16,73.39724731445312,False,NVIDIA_GeForce_RTX_4070_Ti,12,
vit_large_patch16_224,128,16,fp16,73.19193267822266,False,NVIDIA_GeForce_RTX_4070_Ti,12,
vit_large_patch16_224,128,16,fp32,134.09024047851562,False,NVIDIA_GeForce_RTX_4070_Ti,12,
vit_large_patch16_224,128,32,bf16,107.64115142822266,False,NVIDIA_GeForce_RTX_4070_Ti,12,
vit_large_patch16_224,128,32,fp16,106.87583923339844,False,NVIDIA_GeForce_RTX_4070_Ti,12,
vit_large_patch16_224,128,32,fp32,225.11053466796875,False,NVIDIA_GeForce_RTX_4070_Ti,12,
vit_large_patch16_224,128,64,bf16,182.25509643554688,False,NVIDIA_GeForce_RTX_4070_Ti,12,
vit_large_patch16_224,128,64,fp16,181.7953338623047,False,NVIDIA_GeForce_RTX_4070_Ti,12,
vit_large_patch16_224,128,64,fp32,2171.2666015625,False,NVIDIA_GeForce_RTX_4070_Ti,12,precision_artifact
vit_large_patch16_224,224,16,bf16,144.057861328125,False,NVIDIA_GeForce_RTX_4070_Ti,12,
vit_large_patch16_224,224,16,fp16,143.66244506835938,False,NVIDIA_GeForce_RTX_4070_Ti,12,
vit_large_patch16_224,224,16,fp32,329.7376403808594,False,NVIDIA_GeForce_RTX_4070_Ti,12,
vit_large_patch16_224,224,32,bf16,1212.6614990234375,False,NVIDIA_GeForce_RTX_4070_Ti,12,slow_outlier
vit_large_patch16_224,224,32,fp16,825.59130859375,False,NVIDIA_GeForce_RTX_4070_Ti,12,slow_outlier
vit_large_patch16_224,224,32,fp32,,True,NVIDIA_GeForce_RTX_4070_Ti,12,
vit_large_patch16_224,224,64,bf16,,True,NVIDIA_GeForce_RTX_4070_Ti,12,
vit_large_patch16_224,224,64,fp16,,True,NVIDIA_GeForce_RTX_4070_Ti,12,
vit_large_patch16_224,224,64,fp32,,True,NVIDIA_GeForce_RTX_4070_Ti,12,
vit_small_patch16_224,64,16,bf16,5.032447814941406,False,NVIDIA_GeForce_RTX_4070_Ti,12,
vit_small_patch16_224,64,16,fp16,5.032288074493408,False,NVIDIA_GeForce_RTX_4070_Ti,12,
vit_small_patch16_224,64,16,fp32,6.343679904937744,False,NVIDIA_GeForce_RTX_4070_Ti,12,
vit_small_patch16_224,64,32,bf16,6.015488147735596,False,NVIDIA_GeForce_RTX_4070_Ti,12,
vit_small_patch16_224,64,32,fp16,6.008831977844238,False,NVIDIA_GeForce_RTX_4070_Ti,12,
vit_small_patch16_224,64,32,fp32,8.899439811706543,False,NVIDIA_GeForce_RTX_4070_Ti,12,
vit_small_patch16_224,64,64,bf16,8.037887573242188,False,NVIDIA_GeForce_RTX_4070_Ti,12,
vit_small_patch16_224,64,64,fp16,8.667535781860352,False,NVIDIA_GeForce_RTX_4070_Ti,12,
vit_small_patch16_224,64,64,fp32,13.227007865905762,False,NVIDIA_GeForce_RTX_4070_Ti,12,
vit_small_patch16_224,128,16,bf16,7.475200176239014,False,NVIDIA_GeForce_RTX_4070_Ti,12,
vit_small_patch16_224,128,16,fp16,7.453184127807617,False,NVIDIA_GeForce_RTX_4070_Ti,12,
vit_small_patch16_224,128,16,fp32,13.600768089294434,False,NVIDIA_GeForce_RTX_4070_Ti,12,
vit_small_patch16_224,128,32,bf16,10.920960426330566,False,NVIDIA_GeForce_RTX_4070_Ti,12,
vit_small_patch16_224,128,32,fp16,10.879376411437988,False,NVIDIA_GeForce_RTX_4070_Ti,12,
vit_small_patch16_224,128,32,fp32,22.543872833251957,False,NVIDIA_GeForce_RTX_4070_Ti,12,
vit_small_patch16_224,128,64,bf16,18.313215255737305,False,NVIDIA_GeForce_RTX_4070_Ti,12,
vit_small_patch16_224,128,64,fp16,18.097152709960938,False,NVIDIA_GeForce_RTX_4070_Ti,12,
vit_small_patch16_224,128,64,fp32,39.91398239135742,False,NVIDIA_GeForce_RTX_4070_Ti,12,
vit_small_patch16_224,224,16,bf16,14.933504104614258,False,NVIDIA_GeForce_RTX_4070_Ti,12,
vit_small_patch16_224,224,16,fp16,14.768128395080566,False,NVIDIA_GeForce_RTX_4070_Ti,12,
vit_small_patch16_224,224,16,fp32,33.96963119506836,False,NVIDIA_GeForce_RTX_4070_Ti,12,
vit_small_patch16_224,224,32,bf16,26.16985511779785,False,NVIDIA_GeForce_RTX_4070_Ti,12,
vit_small_patch16_224,224,32,fp16,26.01817512512207,False,NVIDIA_GeForce_RTX_4070_Ti,12,
vit_small_patch16_224,224,32,fp32,63.57913589477539,False,NVIDIA_GeForce_RTX_4070_Ti,12,
vit_small_patch16_224,224,64,bf16,50.70064163208008,False,NVIDIA_GeForce_RTX_4070_Ti,12,
vit_small_patch16_224,224,64,fp16,50.25271987915039,False,NVIDIA_GeForce_RTX_4070_Ti,12,
vit_small_patch16_224,224,64,fp32,130.735107421875,False,NVIDIA_GeForce_RTX_4070_Ti,12,
vit_tiny_patch16_224,64,16,bf16,2.475008010864258,False,NVIDIA_GeForce_RTX_4070_Ti,12,
vit_tiny_patch16_224,64,16,fp16,2.392575979232788,False,NVIDIA_GeForce_RTX_4070_Ti,12,
vit_tiny_patch16_224,64,16,fp32,2.753024101257324,False,NVIDIA_GeForce_RTX_4070_Ti,12,
vit_tiny_patch16_224,64,32,bf16,2.975231885910034,False,NVIDIA_GeForce_RTX_4070_Ti,12,
vit_tiny_patch16_224,64,32,fp16,2.955712080001831,False,NVIDIA_GeForce_RTX_4070_Ti,12,
vit_tiny_patch16_224,64,32,fp32,4.74675178527832,False,NVIDIA_GeForce_RTX_4070_Ti,12,
vit_tiny_patch16_224,64,64,bf16,3.670527935028076,False,NVIDIA_GeForce_RTX_4070_Ti,12,
vit_tiny_patch16_224,64,64,fp16,3.657135963439941,False,NVIDIA_GeForce_RTX_4070_Ti,12,
vit_tiny_patch16_224,64,64,fp32,5.612031936645508,False,NVIDIA_GeForce_RTX_4070_Ti,12,
vit_tiny_patch16_224,128,16,bf16,3.528656005859375,False,NVIDIA_GeForce_RTX_4070_Ti,12,
vit_tiny_patch16_224,128,16,fp16,3.532288074493408,False,NVIDIA_GeForce_RTX_4070_Ti,12,
vit_tiny_patch16_224,128,16,fp32,5.772799968719482,False,NVIDIA_GeForce_RTX_4070_Ti,12,
vit_tiny_patch16_224,128,32,bf16,7.1045122146606445,False,NVIDIA_GeForce_RTX_4070_Ti,12,
vit_tiny_patch16_224,128,32,fp16,4.890111923217773,False,NVIDIA_GeForce_RTX_4070_Ti,12,
vit_tiny_patch16_224,128,32,fp32,9.075712203979492,False,NVIDIA_GeForce_RTX_4070_Ti,12,
vit_tiny_patch16_224,128,64,bf16,7.477759838104248,False,NVIDIA_GeForce_RTX_4070_Ti,12,
vit_tiny_patch16_224,128,64,fp16,7.425504207611084,False,NVIDIA_GeForce_RTX_4070_Ti,12,
vit_tiny_patch16_224,128,64,fp32,16.127296447753906,False,NVIDIA_GeForce_RTX_4070_Ti,12,
vit_tiny_patch16_224,224,16,bf16,6.475776195526123,False,NVIDIA_GeForce_RTX_4070_Ti,12,
vit_tiny_patch16_224,224,16,fp16,7.738304138183594,False,NVIDIA_GeForce_RTX_4070_Ti,12,
vit_tiny_patch16_224,224,16,fp32,14.052703857421877,False,NVIDIA_GeForce_RTX_4070_Ti,12,
vit_tiny_patch16_224,224,32,bf16,11.42579174041748,False,NVIDIA_GeForce_RTX_4070_Ti,12,
vit_tiny_patch16_224,224,32,fp16,11.339776039123535,False,NVIDIA_GeForce_RTX_4070_Ti,12,
vit_tiny_patch16_224,224,32,fp32,25.698272705078125,False,NVIDIA_GeForce_RTX_4070_Ti,12,
vit_tiny_patch16_224,224,64,bf16,20.47313690185547,False,NVIDIA_GeForce_RTX_4070_Ti,12,
vit_tiny_patch16_224,224,64,fp16,21.10647964477539,False,NVIDIA_GeForce_RTX_4070_Ti,12,
vit_tiny_patch16_224,224,64,fp32,49.59999847412109,False,NVIDIA_GeForce_RTX_4070_Ti,12,
wide_resnet101_2,64,16,bf16,29.15328025817871,False,NVIDIA_GeForce_RTX_4070_Ti,12,
wide_resnet101_2,64,16,fp16,30.19161605834961,False,NVIDIA_GeForce_RTX_4070_Ti,12,
wide_resnet101_2,64,16,fp32,35.35558319091797,False,NVIDIA_GeForce_RTX_4070_Ti,12,
wide_resnet101_2,64,32,bf16,37.67193603515625,False,NVIDIA_GeForce_RTX_4070_Ti,12,
wide_resnet101_2,64,32,fp16,37.90118408203125,False,NVIDIA_GeForce_RTX_4070_Ti,12,
wide_resnet101_2,64,32,fp32,47.530494689941406,False,NVIDIA_GeForce_RTX_4070_Ti,12,
wide_resnet101_2,64,64,bf16,56.30972671508789,False,NVIDIA_GeForce_RTX_4070_Ti,12,
wide_resnet101_2,64,64,fp16,54.0871696472168,False,NVIDIA_GeForce_RTX_4070_Ti,12,
wide_resnet101_2,64,64,fp32,60.43801498413086,False,NVIDIA_GeForce_RTX_4070_Ti,12,
wide_resnet101_2,128,16,bf16,40.71372985839844,False,NVIDIA_GeForce_RTX_4070_Ti,12,
wide_resnet101_2,128,16,fp16,39.57854461669922,False,NVIDIA_GeForce_RTX_4070_Ti,12,
wide_resnet101_2,128,16,fp32,52.24089431762695,False,NVIDIA_GeForce_RTX_4070_Ti,12,
wide_resnet101_2,128,32,bf16,63.14441680908203,False,NVIDIA_GeForce_RTX_4070_Ti,12,
wide_resnet101_2,128,32,fp16,60.5030403137207,False,NVIDIA_GeForce_RTX_4070_Ti,12,
wide_resnet101_2,128,32,fp32,84.59571075439453,False,NVIDIA_GeForce_RTX_4070_Ti,12,
wide_resnet101_2,128,64,bf16,105.47200012207033,False,NVIDIA_GeForce_RTX_4070_Ti,12,
wide_resnet101_2,128,64,fp16,100.82099151611328,False,NVIDIA_GeForce_RTX_4070_Ti,12,
wide_resnet101_2,128,64,fp32,163.52000427246094,False,NVIDIA_GeForce_RTX_4070_Ti,12,
wide_resnet101_2,224,16,bf16,75.28089904785156,False,NVIDIA_GeForce_RTX_4070_Ti,12,
wide_resnet101_2,224,16,fp16,71.69622039794922,False,NVIDIA_GeForce_RTX_4070_Ti,12,
wide_resnet101_2,224,16,fp32,128.32388305664062,False,NVIDIA_GeForce_RTX_4070_Ti,12,
wide_resnet101_2,224,32,bf16,137.2620849609375,False,NVIDIA_GeForce_RTX_4070_Ti,12,
wide_resnet101_2,224,32,fp16,132.6233673095703,False,NVIDIA_GeForce_RTX_4070_Ti,12,
wide_resnet101_2,224,32,fp32,240.98764038085935,False,NVIDIA_GeForce_RTX_4070_Ti,12,
wide_resnet101_2,224,64,bf16,254.9872589111328,False,NVIDIA_GeForce_RTX_4070_Ti,12,
wide_resnet101_2,224,64,fp16,244.9449005126953,False,NVIDIA_GeForce_RTX_4070_Ti,12,
wide_resnet101_2,224,64,fp32,,True,NVIDIA_GeForce_RTX_4070_Ti,12,
xcit_small_12_p16_224,64,16,bf16,9.05508804321289,False,NVIDIA_GeForce_RTX_4070_Ti,12,
xcit_small_12_p16_224,64,16,fp16,8.926207542419434,False,NVIDIA_GeForce_RTX_4070_Ti,12,
xcit_small_12_p16_224,64,16,fp32,13.533167839050291,False,NVIDIA_GeForce_RTX_4070_Ti,12,
xcit_small_12_p16_224,64,32,bf16,10.953727722167969,False,NVIDIA_GeForce_RTX_4070_Ti,12,
xcit_small_12_p16_224,64,32,fp16,10.764800071716309,False,NVIDIA_GeForce_RTX_4070_Ti,12,
xcit_small_12_p16_224,64,32,fp32,14.392255783081056,False,NVIDIA_GeForce_RTX_4070_Ti,12,
xcit_small_12_p16_224,64,64,bf16,14.345215797424316,False,NVIDIA_GeForce_RTX_4070_Ti,12,
xcit_small_12_p16_224,64,64,fp16,14.253055572509766,False,NVIDIA_GeForce_RTX_4070_Ti,12,
xcit_small_12_p16_224,64,64,fp32,21.22952079772949,False,NVIDIA_GeForce_RTX_4070_Ti,12,
xcit_small_12_p16_224,128,16,bf16,13.899776458740234,False,NVIDIA_GeForce_RTX_4070_Ti,12,
xcit_small_12_p16_224,128,16,fp16,13.65401554107666,False,NVIDIA_GeForce_RTX_4070_Ti,12,
xcit_small_12_p16_224,128,16,fp32,19.56390380859375,False,NVIDIA_GeForce_RTX_4070_Ti,12,
xcit_small_12_p16_224,128,32,bf16,20.30131149291992,False,NVIDIA_GeForce_RTX_4070_Ti,12,
xcit_small_12_p16_224,128,32,fp16,19.99564743041992,False,NVIDIA_GeForce_RTX_4070_Ti,12,
xcit_small_12_p16_224,128,32,fp32,31.92678451538086,False,NVIDIA_GeForce_RTX_4070_Ti,12,
xcit_small_12_p16_224,128,64,bf16,34.77299118041992,False,NVIDIA_GeForce_RTX_4070_Ti,12,
xcit_small_12_p16_224,128,64,fp16,34.20979309082031,False,NVIDIA_GeForce_RTX_4070_Ti,12,
xcit_small_12_p16_224,128,64,fp32,56.86528015136719,False,NVIDIA_GeForce_RTX_4070_Ti,12,
xcit_small_12_p16_224,224,16,bf16,28.435455322265625,False,NVIDIA_GeForce_RTX_4070_Ti,12,
xcit_small_12_p16_224,224,16,fp16,28.02329635620117,False,NVIDIA_GeForce_RTX_4070_Ti,12,
xcit_small_12_p16_224,224,16,fp32,45.409278869628906,False,NVIDIA_GeForce_RTX_4070_Ti,12,
xcit_small_12_p16_224,224,32,bf16,52.68172836303711,False,NVIDIA_GeForce_RTX_4070_Ti,12,
xcit_small_12_p16_224,224,32,fp16,51.8768310546875,False,NVIDIA_GeForce_RTX_4070_Ti,12,
xcit_small_12_p16_224,224,32,fp32,85.91410827636719,False,NVIDIA_GeForce_RTX_4070_Ti,12,
xcit_small_12_p16_224,224,64,bf16,112.7726058959961,False,NVIDIA_GeForce_RTX_4070_Ti,12,
xcit_small_12_p16_224,224,64,fp16,111.42092895507812,False,NVIDIA_GeForce_RTX_4070_Ti,12,
xcit_small_12_p16_224,224,64,fp32,185.3475799560547,False,NVIDIA_GeForce_RTX_4070_Ti,12,
xcit_tiny_12_p16_224,64,16,bf16,6.433279991149902,False,NVIDIA_GeForce_RTX_4070_Ti,12,
xcit_tiny_12_p16_224,64,16,fp16,5.787136077880859,False,NVIDIA_GeForce_RTX_4070_Ti,12,
xcit_tiny_12_p16_224,64,16,fp32,6.037504196166992,False,NVIDIA_GeForce_RTX_4070_Ti,12,
xcit_tiny_12_p16_224,64,32,bf16,7.136256217956543,False,NVIDIA_GeForce_RTX_4070_Ti,12,
xcit_tiny_12_p16_224,64,32,fp16,6.781951904296875,False,NVIDIA_GeForce_RTX_4070_Ti,12,
xcit_tiny_12_p16_224,64,32,fp32,7.988224029541016,False,NVIDIA_GeForce_RTX_4070_Ti,12,
xcit_tiny_12_p16_224,64,64,bf16,8.488448143005371,False,NVIDIA_GeForce_RTX_4070_Ti,12,
xcit_tiny_12_p16_224,64,64,fp16,8.077312469482422,False,NVIDIA_GeForce_RTX_4070_Ti,12,
xcit_tiny_12_p16_224,64,64,fp32,10.966015815734863,False,NVIDIA_GeForce_RTX_4070_Ti,12,
xcit_tiny_12_p16_224,128,16,bf16,8.30463981628418,False,NVIDIA_GeForce_RTX_4070_Ti,12,
xcit_tiny_12_p16_224,128,16,fp16,7.852928161621094,False,NVIDIA_GeForce_RTX_4070_Ti,12,
xcit_tiny_12_p16_224,128,16,fp32,10.149888038635254,False,NVIDIA_GeForce_RTX_4070_Ti,12,
xcit_tiny_12_p16_224,128,32,bf16,11.019264221191406,False,NVIDIA_GeForce_RTX_4070_Ti,12,
xcit_tiny_12_p16_224,128,32,fp16,10.637824058532717,False,NVIDIA_GeForce_RTX_4070_Ti,12,
xcit_tiny_12_p16_224,128,32,fp32,14.84945583343506,False,NVIDIA_GeForce_RTX_4070_Ti,12,
xcit_tiny_12_p16_224,128,64,bf16,16.67108726501465,False,NVIDIA_GeForce_RTX_4070_Ti,12,
xcit_tiny_12_p16_224,128,64,fp16,16.065391540527344,False,NVIDIA_GeForce_RTX_4070_Ti,12,
xcit_tiny_12_p16_224,128,64,fp32,25.041711807250977,False,NVIDIA_GeForce_RTX_4070_Ti,12,
xcit_tiny_12_p16_224,224,16,bf16,15.847311973571776,False,NVIDIA_GeForce_RTX_4070_Ti,12,
xcit_tiny_12_p16_224,224,16,fp16,13.81222438812256,False,NVIDIA_GeForce_RTX_4070_Ti,12,
xcit_tiny_12_p16_224,224,16,fp32,20.063743591308597,False,NVIDIA_GeForce_RTX_4070_Ti,12,
xcit_tiny_12_p16_224,224,32,bf16,24.56012725830078,False,NVIDIA_GeForce_RTX_4070_Ti,12,
xcit_tiny_12_p16_224,224,32,fp16,23.96668815612793,False,NVIDIA_GeForce_RTX_4070_Ti,12,
xcit_tiny_12_p16_224,224,32,fp32,36.25059127807617,False,NVIDIA_GeForce_RTX_4070_Ti,12,
xcit_tiny_12_p16_224,224,64,bf16,47.426048278808594,False,NVIDIA_GeForce_RTX_4070_Ti,12,
xcit_tiny_12_p16_224,224,64,fp16,47.14275360107422,False,NVIDIA_GeForce_RTX_4070_Ti,12,
xcit_tiny_12_p16_224,224,64,fp32,70.35944366455078,False,NVIDIA_GeForce_RTX_4070_Ti,12,
