model,img_size,batch_size,precision,avg_time_ms,oom,gpu,vram_gb,cleanup
beit_large_patch16_224,64,16,bf16,87.45830535888672,False,NVIDIA_GeForce_RTX_4060_Ti,16,
beit_large_patch16_224,64,16,fp16,87.1846694946289,False,NVIDIA_GeForce_RTX_4060_Ti,16,
beit_large_patch16_224,64,16,fp32,109.71392059326172,False,NVIDIA_GeForce_RTX_4060_Ti,16,
beit_large_patch16_224,64,32,bf16,101.42809295654295,False,NVIDIA_GeForce_RTX_4060_Ti,16,
beit_large_patch16_224,64,32,fp16,101.04064178466795,False,NVIDIA_GeForce_RTX_4060_Ti,16,
beit_large_patch16_224,64,32,fp32,155.14300537109375,False,NVIDIA_GeForce_RTX_4060_Ti,16,
beit_large_patch16_224,64,64,bf16,132.3151397705078,False,NVIDIA_GeForce_RTX_4060_Ti,16,
beit_large_patch16_224,64,64,fp16,130.3872833251953,False,NVIDIA_GeForce_RTX_4060_Ti,16,
beit_large_patch16_224,64,64,fp32,246.03746032714844,False,NVIDIA_GeForce_RTX_4060_Ti,16,
beit_large_patch16_224,128,16,bf16,132.36517333984375,False,NVIDIA_GeForce_RTX_4060_Ti,16,
beit_large_patch16_224,128,16,fp16,129.16879272460938,False,NVIDIA_GeForce_RTX_4060_Ti,16,
beit_large_patch16_224,128,16,fp32,247.97747802734372,False,NVIDIA_GeForce_RTX_4060_Ti,16,
beit_large_patch16_224,128,32,bf16,193.3214569091797,False,NVIDIA_GeForce_RTX_4060_Ti,16,
beit_large_patch16_224,128,32,fp16,192.6681671142578,False,NVIDIA_GeForce_RTX_4060_Ti,16,
beit_large_patch16_224,128,32,fp32,425.4620361328125,False,NVIDIA_GeForce_RTX_4060_Ti,16,
beit_large_patch16_224,128,64,bf16,342.6390380859375,False,NVIDIA_GeForce_RTX_4060_Ti,16,
beit_large_patch16_224,128,64,fp16,340.50439453125,False,NVIDIA_GeForce_RTX_4060_Ti,16,
beit_large_patch16_224,128,64,fp32,797.5643920898438,False,NVIDIA_GeForce_RTX_4060_Ti,16,
beit_large_patch16_224,224,16,bf16,277.07086181640625,False,NVIDIA_GeForce_RTX_4060_Ti,16,
beit_large_patch16_224,224,16,fp16,276.3200988769531,False,NVIDIA_GeForce_RTX_4060_Ti,16,
beit_large_patch16_224,224,16,fp32,648.5155639648438,False,NVIDIA_GeForce_RTX_4060_Ti,16,
beit_large_patch16_224,224,32,bf16,523.052001953125,False,NVIDIA_GeForce_RTX_4060_Ti,16,
beit_large_patch16_224,224,32,fp16,521.1831665039062,False,NVIDIA_GeForce_RTX_4060_Ti,16,
beit_large_patch16_224,224,32,fp32,,True,NVIDIA_GeForce_RTX_4060_Ti,16,
beit_large_patch16_224,224,64,bf16,,True,NVIDIA_GeForce_RTX_4060_Ti,16,
beit_large_patch16_224,224,64,fp16,,True,NVIDIA_GeForce_RTX_4060_Ti,16,
beit_large_patch16_224,224,64,fp32,,True,NVIDIA_GeForce_RTX_4060_Ti,16,
coatnet_0_rw_224,64,16,bf16,11.14198398590088,False,NVIDIA_GeForce_RTX_4060_Ti,16,
coatnet_0_rw_224,64,16,fp16,10.997759819030762,False,NVIDIA_GeForce_RTX_4060_Ti,16,
coatnet_0_rw_224,64,16,fp32,12.195792198181152,False,NVIDIA_GeForce_RTX_4060_Ti,16,
coatnet_0_rw_224,64,32,bf16,14.618623733520508,False,NVIDIA_GeForce_RTX_4060_Ti,16,
coatnet_0_rw_224,64,32,fp16,13.410304069519045,False,NVIDIA_GeForce_RTX_4060_Ti,16,
coatnet_0_rw_224,64,32,fp32,17.56108856201172,False,NVIDIA_GeForce_RTX_4060_Ti,16,
coatnet_0_rw_224,64,64,bf16,22.07212829589844,False,NVIDIA_GeForce_RTX_4060_Ti,16,
coatnet_0_rw_224,64,64,fp16,19.88812828063965,False,NVIDIA_GeForce_RTX_4060_Ti,16,
coatnet_0_rw_224,64,64,fp32,31.245824813842773,False,NVIDIA_GeForce_RTX_4060_Ti,16,
coatnet_0_rw_224,128,16,bf16,20.30284881591797,False,NVIDIA_GeForce_RTX_4060_Ti,16,
coatnet_0_rw_224,128,16,fp16,18.50726318359375,False,NVIDIA_GeForce_RTX_4060_Ti,16,
coatnet_0_rw_224,128,16,fp32,28.621679306030277,False,NVIDIA_GeForce_RTX_4060_Ti,16,
coatnet_0_rw_224,128,32,bf16,35.485694885253906,False,NVIDIA_GeForce_RTX_4060_Ti,16,
coatnet_0_rw_224,128,32,fp16,32.51353454589844,False,NVIDIA_GeForce_RTX_4060_Ti,16,
coatnet_0_rw_224,128,32,fp32,60.6484489440918,False,NVIDIA_GeForce_RTX_4060_Ti,16,
coatnet_0_rw_224,128,64,bf16,72.89600372314453,False,NVIDIA_GeForce_RTX_4060_Ti,16,
coatnet_0_rw_224,128,64,fp16,66.6219482421875,False,NVIDIA_GeForce_RTX_4060_Ti,16,
coatnet_0_rw_224,128,64,fp32,126.60838317871094,False,NVIDIA_GeForce_RTX_4060_Ti,16,
coatnet_0_rw_224,224,16,bf16,59.046913146972656,False,NVIDIA_GeForce_RTX_4060_Ti,16,
coatnet_0_rw_224,224,16,fp16,54.05691146850586,False,NVIDIA_GeForce_RTX_4060_Ti,16,
coatnet_0_rw_224,224,16,fp32,105.3987808227539,False,NVIDIA_GeForce_RTX_4060_Ti,16,
coatnet_0_rw_224,224,32,bf16,119.68768310546876,False,NVIDIA_GeForce_RTX_4060_Ti,16,
coatnet_0_rw_224,224,32,fp16,110.10918426513672,False,NVIDIA_GeForce_RTX_4060_Ti,16,
coatnet_0_rw_224,224,32,fp32,219.13999938964844,False,NVIDIA_GeForce_RTX_4060_Ti,16,
coatnet_0_rw_224,224,64,bf16,247.720947265625,False,NVIDIA_GeForce_RTX_4060_Ti,16,
coatnet_0_rw_224,224,64,fp16,229.9146270751953,False,NVIDIA_GeForce_RTX_4060_Ti,16,
coatnet_0_rw_224,224,64,fp32,448.8796081542969,False,NVIDIA_GeForce_RTX_4060_Ti,16,
coatnet_1_rw_224,64,16,bf16,17.943552017211914,False,NVIDIA_GeForce_RTX_4060_Ti,16,
coatnet_1_rw_224,64,16,fp16,17.070032119750977,False,NVIDIA_GeForce_RTX_4060_Ti,16,
coatnet_1_rw_224,64,16,fp32,20.12620735168457,False,NVIDIA_GeForce_RTX_4060_Ti,16,
coatnet_1_rw_224,64,32,bf16,24.29849624633789,False,NVIDIA_GeForce_RTX_4060_Ti,16,
coatnet_1_rw_224,64,32,fp16,22.561279296875,False,NVIDIA_GeForce_RTX_4060_Ti,16,
coatnet_1_rw_224,64,32,fp32,30.56566429138184,False,NVIDIA_GeForce_RTX_4060_Ti,16,
coatnet_1_rw_224,64,64,bf16,38.693824768066406,False,NVIDIA_GeForce_RTX_4060_Ti,16,
coatnet_1_rw_224,64,64,fp16,35.46623992919922,False,NVIDIA_GeForce_RTX_4060_Ti,16,
coatnet_1_rw_224,64,64,fp32,55.51103973388672,False,NVIDIA_GeForce_RTX_4060_Ti,16,
coatnet_1_rw_224,128,16,bf16,35.10211181640625,False,NVIDIA_GeForce_RTX_4060_Ti,16,
coatnet_1_rw_224,128,16,fp16,32.399871826171875,False,NVIDIA_GeForce_RTX_4060_Ti,16,
coatnet_1_rw_224,128,16,fp32,51.05817413330078,False,NVIDIA_GeForce_RTX_4060_Ti,16,
coatnet_1_rw_224,128,32,bf16,62.02470397949219,False,NVIDIA_GeForce_RTX_4060_Ti,16,
coatnet_1_rw_224,128,32,fp16,57.58148956298828,False,NVIDIA_GeForce_RTX_4060_Ti,16,
coatnet_1_rw_224,128,32,fp32,106.14886474609376,False,NVIDIA_GeForce_RTX_4060_Ti,16,
coatnet_1_rw_224,128,64,bf16,124.83123016357422,False,NVIDIA_GeForce_RTX_4060_Ti,16,
coatnet_1_rw_224,128,64,fp16,116.68838500976562,False,NVIDIA_GeForce_RTX_4060_Ti,16,
coatnet_1_rw_224,128,64,fp32,219.1534118652344,False,NVIDIA_GeForce_RTX_4060_Ti,16,
coatnet_1_rw_224,224,16,bf16,103.20230102539062,False,NVIDIA_GeForce_RTX_4060_Ti,16,
coatnet_1_rw_224,224,16,fp16,96.68915557861328,False,NVIDIA_GeForce_RTX_4060_Ti,16,
coatnet_1_rw_224,224,16,fp32,186.9111175537109,False,NVIDIA_GeForce_RTX_4060_Ti,16,
coatnet_1_rw_224,224,32,bf16,206.413818359375,False,NVIDIA_GeForce_RTX_4060_Ti,16,
coatnet_1_rw_224,224,32,fp16,194.0904998779297,False,NVIDIA_GeForce_RTX_4060_Ti,16,
coatnet_1_rw_224,224,32,fp32,386.682373046875,False,NVIDIA_GeForce_RTX_4060_Ti,16,
coatnet_1_rw_224,224,64,bf16,427.9690246582031,False,NVIDIA_GeForce_RTX_4060_Ti,16,
coatnet_1_rw_224,224,64,fp16,403.95111083984375,False,NVIDIA_GeForce_RTX_4060_Ti,16,
coatnet_1_rw_224,224,64,fp32,,True,NVIDIA_GeForce_RTX_4060_Ti,16,
coatnet_2_rw_224,64,16,bf16,28.10931205749512,False,NVIDIA_GeForce_RTX_4060_Ti,16,
coatnet_2_rw_224,64,16,fp16,26.804224014282227,False,NVIDIA_GeForce_RTX_4060_Ti,16,
coatnet_2_rw_224,64,16,fp32,32.30908966064453,False,NVIDIA_GeForce_RTX_4060_Ti,16,
coatnet_2_rw_224,64,32,bf16,38.76403045654297,False,NVIDIA_GeForce_RTX_4060_Ti,16,
coatnet_2_rw_224,64,32,fp16,36.23819351196289,False,NVIDIA_GeForce_RTX_4060_Ti,16,
coatnet_2_rw_224,64,32,fp32,50.45094299316406,False,NVIDIA_GeForce_RTX_4060_Ti,16,
coatnet_2_rw_224,64,64,bf16,61.517822265625,False,NVIDIA_GeForce_RTX_4060_Ti,16,
coatnet_2_rw_224,64,64,fp16,57.00284957885742,False,NVIDIA_GeForce_RTX_4060_Ti,16,
coatnet_2_rw_224,64,64,fp32,93.10399627685548,False,NVIDIA_GeForce_RTX_4060_Ti,16,
coatnet_2_rw_224,128,16,bf16,55.57401657104492,False,NVIDIA_GeForce_RTX_4060_Ti,16,
coatnet_2_rw_224,128,16,fp16,51.77907180786133,False,NVIDIA_GeForce_RTX_4060_Ti,16,
coatnet_2_rw_224,128,16,fp32,85.88800048828125,False,NVIDIA_GeForce_RTX_4060_Ti,16,
coatnet_2_rw_224,128,32,bf16,101.62124633789062,False,NVIDIA_GeForce_RTX_4060_Ti,16,
coatnet_2_rw_224,128,32,fp16,95.4623031616211,False,NVIDIA_GeForce_RTX_4060_Ti,16,
coatnet_2_rw_224,128,32,fp32,174.08203125,False,NVIDIA_GeForce_RTX_4060_Ti,16,
coatnet_2_rw_224,128,64,bf16,200.61849975585935,False,NVIDIA_GeForce_RTX_4060_Ti,16,
coatnet_2_rw_224,128,64,fp16,187.9868621826172,False,NVIDIA_GeForce_RTX_4060_Ti,16,
coatnet_2_rw_224,128,64,fp32,353.52423095703125,False,NVIDIA_GeForce_RTX_4060_Ti,16,
coatnet_2_rw_224,224,16,bf16,161.54981994628906,False,NVIDIA_GeForce_RTX_4060_Ti,16,
coatnet_2_rw_224,224,16,fp16,152.0690155029297,False,NVIDIA_GeForce_RTX_4060_Ti,16,
coatnet_2_rw_224,224,16,fp32,291.8446044921875,False,NVIDIA_GeForce_RTX_4060_Ti,16,
coatnet_2_rw_224,224,32,bf16,321.3537292480469,False,NVIDIA_GeForce_RTX_4060_Ti,16,
coatnet_2_rw_224,224,32,fp16,303.8356628417969,False,NVIDIA_GeForce_RTX_4060_Ti,16,
coatnet_2_rw_224,224,32,fp32,,True,NVIDIA_GeForce_RTX_4060_Ti,16,
coatnet_2_rw_224,224,64,bf16,,True,NVIDIA_GeForce_RTX_4060_Ti,16,
coatnet_2_rw_224,224,64,fp16,,True,NVIDIA_GeForce_RTX_4060_Ti,16,
coatnet_2_rw_224,224,64,fp32,,True,NVIDIA_GeForce_RTX_4060_Ti,16,
convnext_base,64,16,bf16,26.458927154541016,False,NVIDIA_GeForce_RTX_4060_Ti,16,
convnext_base,64,16,fp16,26.38384056091309,False,NVIDIA_GeForce_RTX_4060_Ti,16,
convnext_base,64,16,fp32,35.32793426513672,False,NVIDIA_GeForce_RTX_4060_Ti,16,
convnext_base,64,32,bf16,32.343360900878906,False,NVIDIA_GeForce_RTX_4060_Ti,16,
convnext_base,64,32,fp16,32.25088119506836,False,NVIDIA_GeForce_RTX_4060_Ti,16,
convnext_base,64,32,fp32,55.27091217041016,False,NVIDIA_GeForce_RTX_4060_Ti,16,
convnext_base,64,64,bf16,44.08780670166016,False,NVIDIA_GeForce_RTX_4060_Ti,16,
convnext_base,64,64,fp16,43.97155380249024,False,NVIDIA_GeForce_RTX_4060_Ti,16,
convnext_base,64,64,fp32,93.47942352294922,False,NVIDIA_GeForce_RTX_4060_Ti,16,
convnext_base,128,16,bf16,43.07798385620117,False,NVIDIA_GeForce_RTX_4060_Ti,16,
convnext_base,128,16,fp16,43.02489471435547,False,NVIDIA_GeForce_RTX_4060_Ti,16,
convnext_base,128,16,fp32,106.68335723876952,False,NVIDIA_GeForce_RTX_4060_Ti,16,
convnext_base,128,32,bf16,68.50302124023438,False,NVIDIA_GeForce_RTX_4060_Ti,16,
convnext_base,128,32,fp16,68.27161407470703,False,NVIDIA_GeForce_RTX_4060_Ti,16,
convnext_base,128,32,fp32,209.5378875732422,False,NVIDIA_GeForce_RTX_4060_Ti,16,
convnext_base,128,64,bf16,123.96543884277344,False,NVIDIA_GeForce_RTX_4060_Ti,16,
convnext_base,128,64,fp16,123.71046447753906,False,NVIDIA_GeForce_RTX_4060_Ti,16,
convnext_base,128,64,fp32,378.7801513671875,False,NVIDIA_GeForce_RTX_4060_Ti,16,
convnext_base,224,16,bf16,97.51500701904295,False,NVIDIA_GeForce_RTX_4060_Ti,16,
convnext_base,224,16,fp16,97.17193603515624,False,NVIDIA_GeForce_RTX_4060_Ti,16,
convnext_base,224,16,fp32,313.9322814941406,False,NVIDIA_GeForce_RTX_4060_Ti,16,
convnext_base,224,32,bf16,188.77020263671875,False,NVIDIA_GeForce_RTX_4060_Ti,16,
convnext_base,224,32,fp16,188.2730407714844,False,NVIDIA_GeForce_RTX_4060_Ti,16,
convnext_base,224,32,fp32,622.7286987304688,False,NVIDIA_GeForce_RTX_4060_Ti,16,
convnext_base,224,64,bf16,393.8662414550781,False,NVIDIA_GeForce_RTX_4060_Ti,16,
convnext_base,224,64,fp16,394.156005859375,False,NVIDIA_GeForce_RTX_4060_Ti,16,
convnext_base,224,64,fp32,,True,NVIDIA_GeForce_RTX_4060_Ti,16,
convnext_large,64,16,bf16,57.95225524902344,False,NVIDIA_GeForce_RTX_4060_Ti,16,
convnext_large,64,16,fp16,57.83756637573242,False,NVIDIA_GeForce_RTX_4060_Ti,16,
convnext_large,64,16,fp32,73.9992446899414,False,NVIDIA_GeForce_RTX_4060_Ti,16,
convnext_large,64,32,bf16,68.4241943359375,False,NVIDIA_GeForce_RTX_4060_Ti,16,
convnext_large,64,32,fp16,68.30643463134766,False,NVIDIA_GeForce_RTX_4060_Ti,16,
convnext_large,64,32,fp32,106.93169403076172,False,NVIDIA_GeForce_RTX_4060_Ti,16,
convnext_large,64,64,bf16,89.45561981201172,False,NVIDIA_GeForce_RTX_4060_Ti,16,
convnext_large,64,64,fp16,89.2600326538086,False,NVIDIA_GeForce_RTX_4060_Ti,16,
convnext_large,64,64,fp32,183.1479034423828,False,NVIDIA_GeForce_RTX_4060_Ti,16,
convnext_large,128,16,bf16,87.82472229003906,False,NVIDIA_GeForce_RTX_4060_Ti,16,
convnext_large,128,16,fp16,87.6721420288086,False,NVIDIA_GeForce_RTX_4060_Ti,16,
convnext_large,128,16,fp32,202.01007080078125,False,NVIDIA_GeForce_RTX_4060_Ti,16,
convnext_large,128,32,bf16,136.1949005126953,False,NVIDIA_GeForce_RTX_4060_Ti,16,
convnext_large,128,32,fp16,135.87353515625,False,NVIDIA_GeForce_RTX_4060_Ti,16,
convnext_large,128,32,fp32,376.3287048339844,False,NVIDIA_GeForce_RTX_4060_Ti,16,
convnext_large,128,64,bf16,238.5458984375,False,NVIDIA_GeForce_RTX_4060_Ti,16,
convnext_large,128,64,fp16,238.48448181152344,False,NVIDIA_GeForce_RTX_4060_Ti,16,
convnext_large,128,64,fp32,694.760986328125,False,NVIDIA_GeForce_RTX_4060_Ti,16,
convnext_large,224,16,bf16,189.67034912109372,False,NVIDIA_GeForce_RTX_4060_Ti,16,
convnext_large,224,16,fp16,189.21408081054688,False,NVIDIA_GeForce_RTX_4060_Ti,16,
convnext_large,224,16,fp32,569.9971313476562,False,NVIDIA_GeForce_RTX_4060_Ti,16,
convnext_large,224,32,bf16,355.98828125,False,NVIDIA_GeForce_RTX_4060_Ti,16,
convnext_large,224,32,fp16,356.2885131835937,False,NVIDIA_GeForce_RTX_4060_Ti,16,
convnext_large,224,32,fp32,12816.8828125,False,NVIDIA_GeForce_RTX_4060_Ti,16,precision_artifact
convnext_large,224,64,bf16,,True,NVIDIA_GeForce_RTX_4060_Ti,16,
convnext_large,224,64,fp16,,True,NVIDIA_GeForce_RTX_4060_Ti,16,
convnext_large,224,64,fp32,,True,NVIDIA_GeForce_RTX_4060_Ti,16,
convnext_small,64,16,bf16,17.619247436523438,False,NVIDIA_GeForce_RTX_4060_Ti,16,
convnext_small,64,16,fp16,17.53278350830078,False,NVIDIA_GeForce_RTX_4060_Ti,16,
convnext_small,64,16,fp32,23.438800811767575,False,NVIDIA_GeForce_RTX_4060_Ti,16,
convnext_small,64,32,bf16,21.59505653381348,False,NVIDIA_GeForce_RTX_4060_Ti,16,
convnext_small,64,32,fp16,21.60887908935547,False,NVIDIA_GeForce_RTX_4060_Ti,16,
convnext_small,64,32,fp32,34.24545669555664,False,NVIDIA_GeForce_RTX_4060_Ti,16,
convnext_small,64,64,bf16,29.757951736450195,False,NVIDIA_GeForce_RTX_4060_Ti,16,
convnext_small,64,64,fp16,29.692928314208984,False,NVIDIA_GeForce_RTX_4060_Ti,16,
convnext_small,64,64,fp32,59.27300643920898,False,NVIDIA_GeForce_RTX_4060_Ti,16,
convnext_small,128,16,bf16,28.762624740600582,False,NVIDIA_GeForce_RTX_4060_Ti,16,
convnext_small,128,16,fp16,28.708351135253903,False,NVIDIA_GeForce_RTX_4060_Ti,16,
convnext_small,128,16,fp32,67.18156433105469,False,NVIDIA_GeForce_RTX_4060_Ti,16,
convnext_small,128,32,bf16,44.80665588378906,False,NVIDIA_GeForce_RTX_4060_Ti,16,
convnext_small,128,32,fp16,44.65817642211914,False,NVIDIA_GeForce_RTX_4060_Ti,16,
convnext_small,128,32,fp32,134.88485717773438,False,NVIDIA_GeForce_RTX_4060_Ti,16,
convnext_small,128,64,bf16,82.5011215209961,False,NVIDIA_GeForce_RTX_4060_Ti,16,
convnext_small,128,64,fp16,82.29273223876953,False,NVIDIA_GeForce_RTX_4060_Ti,16,
convnext_small,128,64,fp32,257.1125793457031,False,NVIDIA_GeForce_RTX_4060_Ti,16,
convnext_small,224,16,bf16,64.7816162109375,False,NVIDIA_GeForce_RTX_4060_Ti,16,
convnext_small,224,16,fp16,64.52873229980469,False,NVIDIA_GeForce_RTX_4060_Ti,16,
convnext_small,224,16,fp32,214.1290435791016,False,NVIDIA_GeForce_RTX_4060_Ti,16,
convnext_small,224,32,bf16,124.44620513916016,False,NVIDIA_GeForce_RTX_4060_Ti,16,
convnext_small,224,32,fp16,123.88336181640624,False,NVIDIA_GeForce_RTX_4060_Ti,16,
convnext_small,224,32,fp32,427.7923889160156,False,NVIDIA_GeForce_RTX_4060_Ti,16,
convnext_small,224,64,bf16,262.11724853515625,False,NVIDIA_GeForce_RTX_4060_Ti,16,
convnext_small,224,64,fp16,261.70098876953125,False,NVIDIA_GeForce_RTX_4060_Ti,16,
convnext_small,224,64,fp32,829.423095703125,False,NVIDIA_GeForce_RTX_4060_Ti,16,
convnext_tiny,64,16,bf16,10.025343894958496,False,NVIDIA_GeForce_RTX_4060_Ti,16,
convnext_tiny,64,16,fp16,10.008064270019531,False,NVIDIA_GeForce_RTX_4060_Ti,16,
convnext_tiny,64,16,fp32,13.793279647827148,False,NVIDIA_GeForce_RTX_4060_Ti,16,
convnext_tiny,64,32,bf16,12.408320426940918,False,NVIDIA_GeForce_RTX_4060_Ti,16,
convnext_tiny,64,32,fp16,12.395520210266112,False,NVIDIA_GeForce_RTX_4060_Ti,16,
convnext_tiny,64,32,fp32,20.826112747192383,False,NVIDIA_GeForce_RTX_4060_Ti,16,
convnext_tiny,64,64,bf16,17.26464080810547,False,NVIDIA_GeForce_RTX_4060_Ti,16,
convnext_tiny,64,64,fp16,17.1648006439209,False,NVIDIA_GeForce_RTX_4060_Ti,16,
convnext_tiny,64,64,fp32,35.63827133178711,False,NVIDIA_GeForce_RTX_4060_Ti,16,
convnext_tiny,128,16,bf16,16.767488479614258,False,NVIDIA_GeForce_RTX_4060_Ti,16,
convnext_tiny,128,16,fp16,16.5850887298584,False,NVIDIA_GeForce_RTX_4060_Ti,16,
convnext_tiny,128,16,fp32,39.65889739990234,False,NVIDIA_GeForce_RTX_4060_Ti,16,
convnext_tiny,128,32,bf16,27.15279960632324,False,NVIDIA_GeForce_RTX_4060_Ti,16,
convnext_tiny,128,32,fp16,27.069360733032227,False,NVIDIA_GeForce_RTX_4060_Ti,16,
convnext_tiny,128,32,fp32,78.21446228027344,False,NVIDIA_GeForce_RTX_4060_Ti,16,
convnext_tiny,128,64,bf16,52.38832092285156,False,NVIDIA_GeForce_RTX_4060_Ti,16,
convnext_tiny,128,64,fp16,52.21529769897461,False,NVIDIA_GeForce_RTX_4060_Ti,16,
convnext_tiny,128,64,fp32,154.92095947265625,False,NVIDIA_GeForce_RTX_4060_Ti,16,
convnext_tiny,224,16,bf16,40.04044723510742,False,NVIDIA_GeForce_RTX_4060_Ti,16,
convnext_tiny,224,16,fp16,39.9456787109375,False,NVIDIA_GeForce_RTX_4060_Ti,16,
convnext_tiny,224,16,fp32,125.05702209472656,False,NVIDIA_GeForce_RTX_4060_Ti,16,
convnext_tiny,224,32,bf16,80.2713623046875,False,NVIDIA_GeForce_RTX_4060_Ti,16,
convnext_tiny,224,32,fp16,79.82233428955078,False,NVIDIA_GeForce_RTX_4060_Ti,16,
convnext_tiny,224,32,fp32,252.2868194580078,False,NVIDIA_GeForce_RTX_4060_Ti,16,
convnext_tiny,224,64,bf16,166.3880157470703,False,NVIDIA_GeForce_RTX_4060_Ti,16,
convnext_tiny,224,64,fp16,165.78150939941406,False,NVIDIA_GeForce_RTX_4060_Ti,16,
convnext_tiny,224,64,fp32,479.14599609375,False,NVIDIA_GeForce_RTX_4060_Ti,16,
convnextv2_base,64,16,bf16,31.373823165893555,False,NVIDIA_GeForce_RTX_4060_Ti,16,
convnextv2_base,64,16,fp16,31.28963279724121,False,NVIDIA_GeForce_RTX_4060_Ti,16,
convnextv2_base,64,16,fp32,39.768062591552734,False,NVIDIA_GeForce_RTX_4060_Ti,16,
convnextv2_base,64,32,bf16,43.79385757446289,False,NVIDIA_GeForce_RTX_4060_Ti,16,
convnextv2_base,64,32,fp16,43.53843307495117,False,NVIDIA_GeForce_RTX_4060_Ti,16,
convnextv2_base,64,32,fp32,66.85030364990234,False,NVIDIA_GeForce_RTX_4060_Ti,16,
convnextv2_base,64,64,bf16,75.71968078613281,False,NVIDIA_GeForce_RTX_4060_Ti,16,
convnextv2_base,64,64,fp16,75.7215805053711,False,NVIDIA_GeForce_RTX_4060_Ti,16,
convnextv2_base,64,64,fp32,126.35028839111328,False,NVIDIA_GeForce_RTX_4060_Ti,16,
convnextv2_base,128,16,bf16,73.9578857421875,False,NVIDIA_GeForce_RTX_4060_Ti,16,
convnextv2_base,128,16,fp16,73.80941009521484,False,NVIDIA_GeForce_RTX_4060_Ti,16,
convnextv2_base,128,16,fp32,139.3648681640625,False,NVIDIA_GeForce_RTX_4060_Ti,16,
convnextv2_base,128,32,bf16,156.41139221191406,False,NVIDIA_GeForce_RTX_4060_Ti,16,
convnextv2_base,128,32,fp16,156.23373413085938,False,NVIDIA_GeForce_RTX_4060_Ti,16,
convnextv2_base,128,32,fp32,291.88897705078125,False,NVIDIA_GeForce_RTX_4060_Ti,16,
convnextv2_base,128,64,bf16,338.52978515625,False,NVIDIA_GeForce_RTX_4060_Ti,16,
convnextv2_base,128,64,fp16,338.1949462890625,False,NVIDIA_GeForce_RTX_4060_Ti,16,
convnextv2_base,128,64,fp32,583.1991577148438,False,NVIDIA_GeForce_RTX_4060_Ti,16,
convnextv2_base,224,16,bf16,251.7821044921875,False,NVIDIA_GeForce_RTX_4060_Ti,16,
convnextv2_base,224,16,fp16,251.48709106445312,False,NVIDIA_GeForce_RTX_4060_Ti,16,
convnextv2_base,224,16,fp32,462.3078308105469,False,NVIDIA_GeForce_RTX_4060_Ti,16,
convnextv2_base,224,32,bf16,524.4844360351562,False,NVIDIA_GeForce_RTX_4060_Ti,16,
convnextv2_base,224,32,fp16,524.4603881835938,False,NVIDIA_GeForce_RTX_4060_Ti,16,
convnextv2_base,224,32,fp32,938.4586181640624,False,NVIDIA_GeForce_RTX_4060_Ti,16,
convnextv2_base,224,64,bf16,,True,NVIDIA_GeForce_RTX_4060_Ti,16,
convnextv2_base,224,64,fp16,,True,NVIDIA_GeForce_RTX_4060_Ti,16,
convnextv2_base,224,64,fp32,,True,NVIDIA_GeForce_RTX_4060_Ti,16,
deit_base_patch16_224,64,16,bf16,24.56985664367676,False,NVIDIA_GeForce_RTX_4060_Ti,16,
deit_base_patch16_224,64,16,fp16,24.511375427246094,False,NVIDIA_GeForce_RTX_4060_Ti,16,
deit_base_patch16_224,64,16,fp32,31.63545608520508,False,NVIDIA_GeForce_RTX_4060_Ti,16,
deit_base_patch16_224,64,32,bf16,30.334976196289062,False,NVIDIA_GeForce_RTX_4060_Ti,16,
deit_base_patch16_224,64,32,fp16,30.252031326293945,False,NVIDIA_GeForce_RTX_4060_Ti,16,
deit_base_patch16_224,64,32,fp32,44.71705627441406,False,NVIDIA_GeForce_RTX_4060_Ti,16,
deit_base_patch16_224,64,64,bf16,39.797760009765625,False,NVIDIA_GeForce_RTX_4060_Ti,16,
deit_base_patch16_224,64,64,fp16,39.5228157043457,False,NVIDIA_GeForce_RTX_4060_Ti,16,
deit_base_patch16_224,64,64,fp32,70.53260803222656,False,NVIDIA_GeForce_RTX_4060_Ti,16,
deit_base_patch16_224,128,16,bf16,37.5781135559082,False,NVIDIA_GeForce_RTX_4060_Ti,16,
deit_base_patch16_224,128,16,fp16,37.10259246826172,False,NVIDIA_GeForce_RTX_4060_Ti,16,
deit_base_patch16_224,128,16,fp32,70.35084533691406,False,NVIDIA_GeForce_RTX_4060_Ti,16,
deit_base_patch16_224,128,32,bf16,55.948238372802734,False,NVIDIA_GeForce_RTX_4060_Ti,16,
deit_base_patch16_224,128,32,fp16,55.739871978759766,False,NVIDIA_GeForce_RTX_4060_Ti,16,
deit_base_patch16_224,128,32,fp32,123.8538055419922,False,NVIDIA_GeForce_RTX_4060_Ti,16,
deit_base_patch16_224,128,64,bf16,99.81491088867188,False,NVIDIA_GeForce_RTX_4060_Ti,16,
deit_base_patch16_224,128,64,fp16,98.95577239990234,False,NVIDIA_GeForce_RTX_4060_Ti,16,
deit_base_patch16_224,128,64,fp32,237.02220153808597,False,NVIDIA_GeForce_RTX_4060_Ti,16,
deit_base_patch16_224,224,16,bf16,76.27161407470703,False,NVIDIA_GeForce_RTX_4060_Ti,16,
deit_base_patch16_224,224,16,fp16,76.07807922363281,False,NVIDIA_GeForce_RTX_4060_Ti,16,
deit_base_patch16_224,224,16,fp32,189.84243774414065,False,NVIDIA_GeForce_RTX_4060_Ti,16,
deit_base_patch16_224,224,32,bf16,145.37933349609375,False,NVIDIA_GeForce_RTX_4060_Ti,16,
deit_base_patch16_224,224,32,fp16,144.50892639160156,False,NVIDIA_GeForce_RTX_4060_Ti,16,
deit_base_patch16_224,224,32,fp32,369.154052734375,False,NVIDIA_GeForce_RTX_4060_Ti,16,
deit_base_patch16_224,224,64,bf16,283.4385986328125,False,NVIDIA_GeForce_RTX_4060_Ti,16,
deit_base_patch16_224,224,64,fp16,282.7011413574219,False,NVIDIA_GeForce_RTX_4060_Ti,16,
deit_base_patch16_224,224,64,fp32,719.7818603515625,False,NVIDIA_GeForce_RTX_4060_Ti,16,
deit_small_patch16_224,64,16,bf16,7.592959880828857,False,NVIDIA_GeForce_RTX_4060_Ti,16,
deit_small_patch16_224,64,16,fp16,7.509503841400146,False,NVIDIA_GeForce_RTX_4060_Ti,16,
deit_small_patch16_224,64,16,fp32,10.215935707092283,False,NVIDIA_GeForce_RTX_4060_Ti,16,
deit_small_patch16_224,64,32,bf16,9.271679878234863,False,NVIDIA_GeForce_RTX_4060_Ti,16,
deit_small_patch16_224,64,32,fp16,9.218560218811035,False,NVIDIA_GeForce_RTX_4060_Ti,16,
deit_small_patch16_224,64,32,fp32,13.760512351989746,False,NVIDIA_GeForce_RTX_4060_Ti,16,
deit_small_patch16_224,64,64,bf16,13.07742404937744,False,NVIDIA_GeForce_RTX_4060_Ti,16,
deit_small_patch16_224,64,64,fp16,12.817407608032228,False,NVIDIA_GeForce_RTX_4060_Ti,16,
deit_small_patch16_224,64,64,fp32,21.81683158874512,False,NVIDIA_GeForce_RTX_4060_Ti,16,
deit_small_patch16_224,128,16,bf16,12.016528129577637,False,NVIDIA_GeForce_RTX_4060_Ti,16,
deit_small_patch16_224,128,16,fp16,11.767807960510254,False,NVIDIA_GeForce_RTX_4060_Ti,16,
deit_small_patch16_224,128,16,fp32,21.908992767333984,False,NVIDIA_GeForce_RTX_4060_Ti,16,
deit_small_patch16_224,128,32,bf16,17.581056594848633,False,NVIDIA_GeForce_RTX_4060_Ti,16,
deit_small_patch16_224,128,32,fp16,17.490943908691406,False,NVIDIA_GeForce_RTX_4060_Ti,16,
deit_small_patch16_224,128,32,fp32,39.059967041015625,False,NVIDIA_GeForce_RTX_4060_Ti,16,
deit_small_patch16_224,128,64,bf16,30.452735900878903,False,NVIDIA_GeForce_RTX_4060_Ti,16,
deit_small_patch16_224,128,64,fp16,30.28531265258789,False,NVIDIA_GeForce_RTX_4060_Ti,16,
deit_small_patch16_224,128,64,fp32,72.66700744628906,False,NVIDIA_GeForce_RTX_4060_Ti,16,
deit_small_patch16_224,224,16,bf16,24.798208236694336,False,NVIDIA_GeForce_RTX_4060_Ti,16,
deit_small_patch16_224,224,16,fp16,24.648128509521484,False,NVIDIA_GeForce_RTX_4060_Ti,16,
deit_small_patch16_224,224,16,fp32,60.31103897094727,False,NVIDIA_GeForce_RTX_4060_Ti,16,
deit_small_patch16_224,224,32,bf16,45.2408332824707,False,NVIDIA_GeForce_RTX_4060_Ti,16,
deit_small_patch16_224,224,32,fp16,45.15327835083008,False,NVIDIA_GeForce_RTX_4060_Ti,16,
deit_small_patch16_224,224,32,fp32,118.41280364990234,False,NVIDIA_GeForce_RTX_4060_Ti,16,
deit_small_patch16_224,224,64,bf16,96.83302307128906,False,NVIDIA_GeForce_RTX_4060_Ti,16,
deit_small_patch16_224,224,64,fp16,96.27787017822266,False,NVIDIA_GeForce_RTX_4060_Ti,16,
deit_small_patch16_224,224,64,fp32,236.40576171875,False,NVIDIA_GeForce_RTX_4060_Ti,16,
deit_tiny_patch16_224,64,16,bf16,3.206655979156494,False,NVIDIA_GeForce_RTX_4060_Ti,16,
deit_tiny_patch16_224,64,16,fp16,3.102207899093628,False,NVIDIA_GeForce_RTX_4060_Ti,16,
deit_tiny_patch16_224,64,16,fp32,3.935744047164917,False,NVIDIA_GeForce_RTX_4060_Ti,16,
deit_tiny_patch16_224,64,32,bf16,3.898880004882813,False,NVIDIA_GeForce_RTX_4060_Ti,16,
deit_tiny_patch16_224,64,32,fp16,3.854336023330689,False,NVIDIA_GeForce_RTX_4060_Ti,16,
deit_tiny_patch16_224,64,32,fp32,5.233151912689209,False,NVIDIA_GeForce_RTX_4060_Ti,16,
deit_tiny_patch16_224,64,64,bf16,5.213183879852295,False,NVIDIA_GeForce_RTX_4060_Ti,16,
deit_tiny_patch16_224,64,64,fp16,5.2027997970581055,False,NVIDIA_GeForce_RTX_4060_Ti,16,
deit_tiny_patch16_224,64,64,fp32,7.939455986022949,False,NVIDIA_GeForce_RTX_4060_Ti,16,
deit_tiny_patch16_224,128,16,bf16,4.799488067626953,False,NVIDIA_GeForce_RTX_4060_Ti,16,
deit_tiny_patch16_224,128,16,fp16,4.7626237869262695,False,NVIDIA_GeForce_RTX_4060_Ti,16,
deit_tiny_patch16_224,128,16,fp32,8.251248359680176,False,NVIDIA_GeForce_RTX_4060_Ti,16,
deit_tiny_patch16_224,128,32,bf16,7.15396785736084,False,NVIDIA_GeForce_RTX_4060_Ti,16,
deit_tiny_patch16_224,128,32,fp16,7.1172637939453125,False,NVIDIA_GeForce_RTX_4060_Ti,16,
deit_tiny_patch16_224,128,32,fp32,13.925888061523438,False,NVIDIA_GeForce_RTX_4060_Ti,16,
deit_tiny_patch16_224,128,64,bf16,11.861824035644531,False,NVIDIA_GeForce_RTX_4060_Ti,16,
deit_tiny_patch16_224,128,64,fp16,11.722240447998049,False,NVIDIA_GeForce_RTX_4060_Ti,16,
deit_tiny_patch16_224,128,64,fp32,26.03264045715332,False,NVIDIA_GeForce_RTX_4060_Ti,16,
deit_tiny_patch16_224,224,16,bf16,9.474047660827637,False,NVIDIA_GeForce_RTX_4060_Ti,16,
deit_tiny_patch16_224,224,16,fp16,9.388544082641602,False,NVIDIA_GeForce_RTX_4060_Ti,16,
deit_tiny_patch16_224,224,16,fp32,22.143999099731445,False,NVIDIA_GeForce_RTX_4060_Ti,16,
deit_tiny_patch16_224,224,32,bf16,18.61017608642578,False,NVIDIA_GeForce_RTX_4060_Ti,16,
deit_tiny_patch16_224,224,32,fp16,18.40127944946289,False,NVIDIA_GeForce_RTX_4060_Ti,16,
deit_tiny_patch16_224,224,32,fp32,42.7432975769043,False,NVIDIA_GeForce_RTX_4060_Ti,16,
deit_tiny_patch16_224,224,64,bf16,36.87321472167969,False,NVIDIA_GeForce_RTX_4060_Ti,16,
deit_tiny_patch16_224,224,64,fp16,36.42470550537109,False,NVIDIA_GeForce_RTX_4060_Ti,16,
deit_tiny_patch16_224,224,64,fp32,87.13200378417969,False,NVIDIA_GeForce_RTX_4060_Ti,16,
densenet121,64,16,bf16,9.796095848083496,False,NVIDIA_GeForce_RTX_4060_Ti,16,
densenet121,64,16,fp16,10.337568283081056,False,NVIDIA_GeForce_RTX_4060_Ti,16,
densenet121,64,16,fp32,11.059712409973145,False,NVIDIA_GeForce_RTX_4060_Ti,16,
densenet121,64,32,bf16,13.135871887207031,False,NVIDIA_GeForce_RTX_4060_Ti,16,
densenet121,64,32,fp16,13.832511901855469,False,NVIDIA_GeForce_RTX_4060_Ti,16,
densenet121,64,32,fp32,15.873023986816406,False,NVIDIA_GeForce_RTX_4060_Ti,16,
densenet121,64,64,bf16,21.115392684936523,False,NVIDIA_GeForce_RTX_4060_Ti,16,
densenet121,64,64,fp16,20.37504005432129,False,NVIDIA_GeForce_RTX_4060_Ti,16,
densenet121,64,64,fp32,26.774015426635746,False,NVIDIA_GeForce_RTX_4060_Ti,16,
densenet121,128,16,bf16,15.21951961517334,False,NVIDIA_GeForce_RTX_4060_Ti,16,
densenet121,128,16,fp16,14.47116756439209,False,NVIDIA_GeForce_RTX_4060_Ti,16,
densenet121,128,16,fp32,21.07127952575684,False,NVIDIA_GeForce_RTX_4060_Ti,16,
densenet121,128,32,bf16,26.2520809173584,False,NVIDIA_GeForce_RTX_4060_Ti,16,
densenet121,128,32,fp16,24.9487361907959,False,NVIDIA_GeForce_RTX_4060_Ti,16,
densenet121,128,32,fp32,44.64486312866211,False,NVIDIA_GeForce_RTX_4060_Ti,16,
densenet121,128,64,bf16,53.02732849121094,False,NVIDIA_GeForce_RTX_4060_Ti,16,
densenet121,128,64,fp16,49.18016052246094,False,NVIDIA_GeForce_RTX_4060_Ti,16,
densenet121,128,64,fp32,102.27454376220705,False,NVIDIA_GeForce_RTX_4060_Ti,16,
densenet121,224,16,bf16,38.31449508666992,False,NVIDIA_GeForce_RTX_4060_Ti,16,
densenet121,224,16,fp16,35.51055908203125,False,NVIDIA_GeForce_RTX_4060_Ti,16,
densenet121,224,16,fp32,72.38706970214844,False,NVIDIA_GeForce_RTX_4060_Ti,16,
densenet121,224,32,bf16,85.4203872680664,False,NVIDIA_GeForce_RTX_4060_Ti,16,
densenet121,224,32,fp16,79.47110748291016,False,NVIDIA_GeForce_RTX_4060_Ti,16,
densenet121,224,32,fp32,163.6802520751953,False,NVIDIA_GeForce_RTX_4060_Ti,16,
densenet121,224,64,bf16,182.53463745117188,False,NVIDIA_GeForce_RTX_4060_Ti,16,
densenet121,224,64,fp16,168.75570678710938,False,NVIDIA_GeForce_RTX_4060_Ti,16,
densenet121,224,64,fp32,352.5857238769531,False,NVIDIA_GeForce_RTX_4060_Ti,16,
dm_nfnet_f1,64,16,bf16,67.504638671875,False,NVIDIA_GeForce_RTX_4060_Ti,16,
dm_nfnet_f1,64,16,fp16,68.279296875,False,NVIDIA_GeForce_RTX_4060_Ti,16,
dm_nfnet_f1,64,16,fp32,71.87870025634766,False,NVIDIA_GeForce_RTX_4060_Ti,16,
dm_nfnet_f1,64,32,bf16,97.01592254638672,False,NVIDIA_GeForce_RTX_4060_Ti,16,
dm_nfnet_f1,64,32,fp16,97.43257904052734,False,NVIDIA_GeForce_RTX_4060_Ti,16,
dm_nfnet_f1,64,32,fp32,95.42969512939452,False,NVIDIA_GeForce_RTX_4060_Ti,16,
dm_nfnet_f1,64,64,bf16,72.80879974365234,False,NVIDIA_GeForce_RTX_4060_Ti,16,
dm_nfnet_f1,64,64,fp16,73.0735855102539,False,NVIDIA_GeForce_RTX_4060_Ti,16,
dm_nfnet_f1,64,64,fp32,153.54757690429688,False,NVIDIA_GeForce_RTX_4060_Ti,16,
dm_nfnet_f1,128,16,bf16,86.61380767822266,False,NVIDIA_GeForce_RTX_4060_Ti,16,
dm_nfnet_f1,128,16,fp16,86.88961791992188,False,NVIDIA_GeForce_RTX_4060_Ti,16,
dm_nfnet_f1,128,16,fp32,112.90666961669922,False,NVIDIA_GeForce_RTX_4060_Ti,16,
dm_nfnet_f1,128,32,bf16,139.90919494628906,False,NVIDIA_GeForce_RTX_4060_Ti,16,
dm_nfnet_f1,128,32,fp16,139.6039276123047,False,NVIDIA_GeForce_RTX_4060_Ti,16,
dm_nfnet_f1,128,32,fp32,202.6567840576172,False,NVIDIA_GeForce_RTX_4060_Ti,16,
dm_nfnet_f1,128,64,bf16,181.42263793945312,False,NVIDIA_GeForce_RTX_4060_Ti,16,
dm_nfnet_f1,128,64,fp16,180.39654541015625,False,NVIDIA_GeForce_RTX_4060_Ti,16,
dm_nfnet_f1,128,64,fp32,408.6963195800781,False,NVIDIA_GeForce_RTX_4060_Ti,16,
dm_nfnet_f1,224,16,bf16,159.36721801757812,False,NVIDIA_GeForce_RTX_4060_Ti,16,
dm_nfnet_f1,224,16,fp16,159.11947631835938,False,NVIDIA_GeForce_RTX_4060_Ti,16,
dm_nfnet_f1,224,16,fp32,305.0178527832031,False,NVIDIA_GeForce_RTX_4060_Ti,16,
dm_nfnet_f1,224,32,bf16,321.8226013183594,False,NVIDIA_GeForce_RTX_4060_Ti,16,
dm_nfnet_f1,224,32,fp16,320.1576843261719,False,NVIDIA_GeForce_RTX_4060_Ti,16,
dm_nfnet_f1,224,32,fp32,605.34521484375,False,NVIDIA_GeForce_RTX_4060_Ti,16,
dm_nfnet_f1,224,64,bf16,569.4667358398438,False,NVIDIA_GeForce_RTX_4060_Ti,16,
dm_nfnet_f1,224,64,fp16,568.5918579101562,False,NVIDIA_GeForce_RTX_4060_Ti,16,
dm_nfnet_f1,224,64,fp32,,True,NVIDIA_GeForce_RTX_4060_Ti,16,
efficientnet_b0,64,16,bf16,7.888304233551025,False,NVIDIA_GeForce_RTX_4060_Ti,16,
efficientnet_b0,64,16,fp16,7.177728176116943,False,NVIDIA_GeForce_RTX_4060_Ti,16,
efficientnet_b0,64,16,fp32,8.936960220336914,False,NVIDIA_GeForce_RTX_4060_Ti,16,
efficientnet_b0,64,32,bf16,9.727328300476074,False,NVIDIA_GeForce_RTX_4060_Ti,16,
efficientnet_b0,64,32,fp16,9.362943649291992,False,NVIDIA_GeForce_RTX_4060_Ti,16,
efficientnet_b0,64,32,fp32,9.51859188079834,False,NVIDIA_GeForce_RTX_4060_Ti,16,
efficientnet_b0,64,64,bf16,14.119423866271973,False,NVIDIA_GeForce_RTX_4060_Ti,16,
efficientnet_b0,64,64,fp16,12.62065601348877,False,NVIDIA_GeForce_RTX_4060_Ti,16,
efficientnet_b0,64,64,fp32,15.690752029418944,False,NVIDIA_GeForce_RTX_4060_Ti,16,
efficientnet_b0,128,16,bf16,11.15443229675293,False,NVIDIA_GeForce_RTX_4060_Ti,16,
efficientnet_b0,128,16,fp16,10.49027156829834,False,NVIDIA_GeForce_RTX_4060_Ti,16,
efficientnet_b0,128,16,fp32,12.25164794921875,False,NVIDIA_GeForce_RTX_4060_Ti,16,
efficientnet_b0,128,32,bf16,18.97318458557129,False,NVIDIA_GeForce_RTX_4060_Ti,16,
efficientnet_b0,128,32,fp16,16.34867286682129,False,NVIDIA_GeForce_RTX_4060_Ti,16,
efficientnet_b0,128,32,fp32,23.93497657775879,False,NVIDIA_GeForce_RTX_4060_Ti,16,
efficientnet_b0,128,64,bf16,32.404415130615234,False,NVIDIA_GeForce_RTX_4060_Ti,16,
efficientnet_b0,128,64,fp16,26.97113609313965,False,NVIDIA_GeForce_RTX_4060_Ti,16,
efficientnet_b0,128,64,fp32,52.90075302124024,False,NVIDIA_GeForce_RTX_4060_Ti,16,
efficientnet_b0,224,16,bf16,23.594911575317383,False,NVIDIA_GeForce_RTX_4060_Ti,16,
efficientnet_b0,224,16,fp16,18.868736267089844,False,NVIDIA_GeForce_RTX_4060_Ti,16,
efficientnet_b0,224,16,fp32,37.52036666870117,False,NVIDIA_GeForce_RTX_4060_Ti,16,
efficientnet_b0,224,32,bf16,49.439231872558594,False,NVIDIA_GeForce_RTX_4060_Ti,16,
efficientnet_b0,224,32,fp16,40.40028762817383,False,NVIDIA_GeForce_RTX_4060_Ti,16,
efficientnet_b0,224,32,fp32,82.34137725830078,False,NVIDIA_GeForce_RTX_4060_Ti,16,
efficientnet_b0,224,64,bf16,106.01004791259766,False,NVIDIA_GeForce_RTX_4060_Ti,16,
efficientnet_b0,224,64,fp16,87.7383041381836,False,NVIDIA_GeForce_RTX_4060_Ti,16,
efficientnet_b0,224,64,fp32,177.955322265625,False,NVIDIA_GeForce_RTX_4060_Ti,16,
efficientnet_b3,64,16,bf16,14.001664161682127,False,NVIDIA_GeForce_RTX_4060_Ti,16,
efficientnet_b3,64,16,fp16,12.917247772216797,False,NVIDIA_GeForce_RTX_4060_Ti,16,
efficientnet_b3,64,16,fp32,14.328831672668455,False,NVIDIA_GeForce_RTX_4060_Ti,16,
efficientnet_b3,64,32,bf16,18.63116836547852,False,NVIDIA_GeForce_RTX_4060_Ti,16,
efficientnet_b3,64,32,fp16,16.683935165405273,False,NVIDIA_GeForce_RTX_4060_Ti,16,
efficientnet_b3,64,32,fp32,20.34534454345703,False,NVIDIA_GeForce_RTX_4060_Ti,16,
efficientnet_b3,64,64,bf16,28.25062370300293,False,NVIDIA_GeForce_RTX_4060_Ti,16,
efficientnet_b3,64,64,fp16,24.931840896606445,False,NVIDIA_GeForce_RTX_4060_Ti,16,
efficientnet_b3,64,64,fp32,33.85753631591797,False,NVIDIA_GeForce_RTX_4060_Ti,16,
efficientnet_b3,128,16,bf16,21.557247161865234,False,NVIDIA_GeForce_RTX_4060_Ti,16,
efficientnet_b3,128,16,fp16,18.34547233581543,False,NVIDIA_GeForce_RTX_4060_Ti,16,
efficientnet_b3,128,16,fp32,25.94662475585937,False,NVIDIA_GeForce_RTX_4060_Ti,16,
efficientnet_b3,128,32,bf16,36.58803176879883,False,NVIDIA_GeForce_RTX_4060_Ti,16,
efficientnet_b3,128,32,fp16,30.60259246826172,False,NVIDIA_GeForce_RTX_4060_Ti,16,
efficientnet_b3,128,32,fp32,51.457889556884766,False,NVIDIA_GeForce_RTX_4060_Ti,16,
efficientnet_b3,128,64,bf16,66.36793518066406,False,NVIDIA_GeForce_RTX_4060_Ti,16,
efficientnet_b3,128,64,fp16,55.1234245300293,False,NVIDIA_GeForce_RTX_4060_Ti,16,
efficientnet_b3,128,64,fp32,110.06304168701172,False,NVIDIA_GeForce_RTX_4060_Ti,16,
efficientnet_b3,224,16,bf16,47.55035018920898,False,NVIDIA_GeForce_RTX_4060_Ti,16,
efficientnet_b3,224,16,fp16,37.19571304321289,False,NVIDIA_GeForce_RTX_4060_Ti,16,
efficientnet_b3,224,16,fp32,78.42657470703125,False,NVIDIA_GeForce_RTX_4060_Ti,16,
efficientnet_b3,224,32,bf16,100.51942443847656,False,NVIDIA_GeForce_RTX_4060_Ti,16,
efficientnet_b3,224,32,fp16,80.94049835205078,False,NVIDIA_GeForce_RTX_4060_Ti,16,
efficientnet_b3,224,32,fp32,169.80613708496094,False,NVIDIA_GeForce_RTX_4060_Ti,16,
efficientnet_b3,224,64,bf16,209.8851776123047,False,NVIDIA_GeForce_RTX_4060_Ti,16,
efficientnet_b3,224,64,fp16,173.09274291992188,False,NVIDIA_GeForce_RTX_4060_Ti,16,
efficientnet_b3,224,64,fp32,361.6204833984375,False,NVIDIA_GeForce_RTX_4060_Ti,16,
efficientnet_b5,64,16,bf16,26.01097679138184,False,NVIDIA_GeForce_RTX_4060_Ti,16,
efficientnet_b5,64,16,fp16,23.79569625854492,False,NVIDIA_GeForce_RTX_4060_Ti,16,
efficientnet_b5,64,16,fp32,29.385183334350582,False,NVIDIA_GeForce_RTX_4060_Ti,16,
efficientnet_b5,64,32,bf16,34.711326599121094,False,NVIDIA_GeForce_RTX_4060_Ti,16,
efficientnet_b5,64,32,fp16,30.40238380432129,False,NVIDIA_GeForce_RTX_4060_Ti,16,
efficientnet_b5,64,32,fp32,41.43033599853516,False,NVIDIA_GeForce_RTX_4060_Ti,16,
efficientnet_b5,64,64,bf16,53.35435104370117,False,NVIDIA_GeForce_RTX_4060_Ti,16,
efficientnet_b5,64,64,fp16,45.38111877441406,False,NVIDIA_GeForce_RTX_4060_Ti,16,
efficientnet_b5,64,64,fp32,68.58321380615234,False,NVIDIA_GeForce_RTX_4060_Ti,16,
efficientnet_b5,128,16,bf16,38.60684967041016,False,NVIDIA_GeForce_RTX_4060_Ti,16,
efficientnet_b5,128,16,fp16,31.769088745117188,False,NVIDIA_GeForce_RTX_4060_Ti,16,
efficientnet_b5,128,16,fp32,51.27936172485352,False,NVIDIA_GeForce_RTX_4060_Ti,16,
efficientnet_b5,128,32,bf16,64.97894287109375,False,NVIDIA_GeForce_RTX_4060_Ti,16,
efficientnet_b5,128,32,fp16,52.81737518310547,False,NVIDIA_GeForce_RTX_4060_Ti,16,
efficientnet_b5,128,32,fp32,100.63292694091795,False,NVIDIA_GeForce_RTX_4060_Ti,16,
efficientnet_b5,128,64,bf16,126.4865264892578,False,NVIDIA_GeForce_RTX_4060_Ti,16,
efficientnet_b5,128,64,fp16,103.39417266845705,False,NVIDIA_GeForce_RTX_4060_Ti,16,
efficientnet_b5,128,64,fp32,213.8199005126953,False,NVIDIA_GeForce_RTX_4060_Ti,16,
efficientnet_b5,224,16,bf16,91.21587371826172,False,NVIDIA_GeForce_RTX_4060_Ti,16,
efficientnet_b5,224,16,fp16,70.86019134521484,False,NVIDIA_GeForce_RTX_4060_Ti,16,
efficientnet_b5,224,16,fp32,150.50283813476562,False,NVIDIA_GeForce_RTX_4060_Ti,16,
efficientnet_b5,224,32,bf16,189.91604614257807,False,NVIDIA_GeForce_RTX_4060_Ti,16,
efficientnet_b5,224,32,fp16,151.1505889892578,False,NVIDIA_GeForce_RTX_4060_Ti,16,
efficientnet_b5,224,32,fp32,326.19366455078125,False,NVIDIA_GeForce_RTX_4060_Ti,16,
efficientnet_b5,224,64,bf16,400.7096252441406,False,NVIDIA_GeForce_RTX_4060_Ti,16,
efficientnet_b5,224,64,fp16,327.1622619628906,False,NVIDIA_GeForce_RTX_4060_Ti,16,
efficientnet_b5,224,64,fp32,,True,NVIDIA_GeForce_RTX_4060_Ti,16,
efficientnetv2_l,64,16,bf16,63.84369659423828,False,NVIDIA_GeForce_RTX_4060_Ti,16,
efficientnetv2_l,64,16,fp16,62.67955017089844,False,NVIDIA_GeForce_RTX_4060_Ti,16,
efficientnetv2_l,64,16,fp32,86.13683319091797,False,NVIDIA_GeForce_RTX_4060_Ti,16,
efficientnetv2_l,64,32,bf16,79.96004486083984,False,NVIDIA_GeForce_RTX_4060_Ti,16,
efficientnetv2_l,64,32,fp16,75.58860778808594,False,NVIDIA_GeForce_RTX_4060_Ti,16,
efficientnetv2_l,64,32,fp32,114.2470245361328,False,NVIDIA_GeForce_RTX_4060_Ti,16,
efficientnetv2_l,64,64,bf16,107.7962875366211,False,NVIDIA_GeForce_RTX_4060_Ti,16,
efficientnetv2_l,64,64,fp16,96.44982147216795,False,NVIDIA_GeForce_RTX_4060_Ti,16,
efficientnetv2_l,64,64,fp32,172.17831420898438,False,NVIDIA_GeForce_RTX_4060_Ti,16,
efficientnetv2_l,128,16,bf16,85.18553924560547,False,NVIDIA_GeForce_RTX_4060_Ti,16,
efficientnetv2_l,128,16,fp16,79.14342498779297,False,NVIDIA_GeForce_RTX_4060_Ti,16,
efficientnetv2_l,128,16,fp32,113.88361358642578,False,NVIDIA_GeForce_RTX_4060_Ti,16,
efficientnetv2_l,128,32,bf16,128.2698211669922,False,NVIDIA_GeForce_RTX_4060_Ti,16,
efficientnetv2_l,128,32,fp16,115.58480072021484,False,NVIDIA_GeForce_RTX_4060_Ti,16,
efficientnetv2_l,128,32,fp32,187.1062469482422,False,NVIDIA_GeForce_RTX_4060_Ti,16,
efficientnetv2_l,128,64,bf16,224.2769927978516,False,NVIDIA_GeForce_RTX_4060_Ti,16,
efficientnetv2_l,128,64,fp16,195.4908142089844,False,NVIDIA_GeForce_RTX_4060_Ti,16,
efficientnetv2_l,128,64,fp32,374.3262634277344,False,NVIDIA_GeForce_RTX_4060_Ti,16,
efficientnetv2_l,224,16,bf16,156.10520935058594,False,NVIDIA_GeForce_RTX_4060_Ti,16,
efficientnetv2_l,224,16,fp16,130.2818145751953,False,NVIDIA_GeForce_RTX_4060_Ti,16,
efficientnetv2_l,224,16,fp32,252.1748504638672,False,NVIDIA_GeForce_RTX_4060_Ti,16,
efficientnetv2_l,224,32,bf16,303.4781188964844,False,NVIDIA_GeForce_RTX_4060_Ti,16,
efficientnetv2_l,224,32,fp16,257.3658752441406,False,NVIDIA_GeForce_RTX_4060_Ti,16,
efficientnetv2_l,224,32,fp32,,True,NVIDIA_GeForce_RTX_4060_Ti,16,
efficientnetv2_l,224,64,bf16,,True,NVIDIA_GeForce_RTX_4060_Ti,16,
efficientnetv2_l,224,64,fp16,,True,NVIDIA_GeForce_RTX_4060_Ti,16,
efficientnetv2_l,224,64,fp32,,True,NVIDIA_GeForce_RTX_4060_Ti,16,
efficientnetv2_m,64,16,bf16,37.22742462158203,False,NVIDIA_GeForce_RTX_4060_Ti,16,
efficientnetv2_m,64,16,fp16,34.89689636230469,False,NVIDIA_GeForce_RTX_4060_Ti,16,
efficientnetv2_m,64,16,fp32,42.74534225463867,False,NVIDIA_GeForce_RTX_4060_Ti,16,
efficientnetv2_m,64,32,bf16,48.1007194519043,False,NVIDIA_GeForce_RTX_4060_Ti,16,
efficientnetv2_m,64,32,fp16,43.406288146972656,False,NVIDIA_GeForce_RTX_4060_Ti,16,
efficientnetv2_m,64,32,fp32,57.13407897949219,False,NVIDIA_GeForce_RTX_4060_Ti,16,
efficientnetv2_m,64,64,bf16,67.99104309082031,False,NVIDIA_GeForce_RTX_4060_Ti,16,
efficientnetv2_m,64,64,fp16,58.46358489990234,False,NVIDIA_GeForce_RTX_4060_Ti,16,
efficientnetv2_m,64,64,fp32,84.13333129882812,False,NVIDIA_GeForce_RTX_4060_Ti,16,
efficientnetv2_m,128,16,bf16,48.972801208496094,False,NVIDIA_GeForce_RTX_4060_Ti,16,
efficientnetv2_m,128,16,fp16,43.87737655639648,False,NVIDIA_GeForce_RTX_4060_Ti,16,
efficientnetv2_m,128,16,fp32,58.63014221191406,False,NVIDIA_GeForce_RTX_4060_Ti,16,
efficientnetv2_m,128,32,bf16,71.63648223876953,False,NVIDIA_GeForce_RTX_4060_Ti,16,
efficientnetv2_m,128,32,fp16,62.58995056152344,False,NVIDIA_GeForce_RTX_4060_Ti,16,
efficientnetv2_m,128,32,fp32,95.6983642578125,False,NVIDIA_GeForce_RTX_4060_Ti,16,
efficientnetv2_m,128,64,bf16,113.8370590209961,False,NVIDIA_GeForce_RTX_4060_Ti,16,
efficientnetv2_m,128,64,fp16,97.01837158203124,False,NVIDIA_GeForce_RTX_4060_Ti,16,
efficientnetv2_m,128,64,fp32,188.0984649658203,False,NVIDIA_GeForce_RTX_4060_Ti,16,
efficientnetv2_m,224,16,bf16,83.61603546142578,False,NVIDIA_GeForce_RTX_4060_Ti,16,
efficientnetv2_m,224,16,fp16,68.37332916259766,False,NVIDIA_GeForce_RTX_4060_Ti,16,
efficientnetv2_m,224,16,fp32,128.79257202148438,False,NVIDIA_GeForce_RTX_4060_Ti,16,
efficientnetv2_m,224,32,bf16,160.49203491210938,False,NVIDIA_GeForce_RTX_4060_Ti,16,
efficientnetv2_m,224,32,fp16,131.1523895263672,False,NVIDIA_GeForce_RTX_4060_Ti,16,
efficientnetv2_m,224,32,fp32,280.4510803222656,False,NVIDIA_GeForce_RTX_4060_Ti,16,
efficientnetv2_m,224,64,bf16,341.9873352050781,False,NVIDIA_GeForce_RTX_4060_Ti,16,
efficientnetv2_m,224,64,fp16,288.566650390625,False,NVIDIA_GeForce_RTX_4060_Ti,16,
efficientnetv2_m,224,64,fp32,,True,NVIDIA_GeForce_RTX_4060_Ti,16,
efficientnetv2_s,64,16,bf16,18.36185646057129,False,NVIDIA_GeForce_RTX_4060_Ti,16,
efficientnetv2_s,64,16,fp16,17.814016342163086,False,NVIDIA_GeForce_RTX_4060_Ti,16,
efficientnetv2_s,64,16,fp32,20.525056838989254,False,NVIDIA_GeForce_RTX_4060_Ti,16,
efficientnetv2_s,64,32,bf16,23.18168067932129,False,NVIDIA_GeForce_RTX_4060_Ti,16,
efficientnetv2_s,64,32,fp16,21.74041557312012,False,NVIDIA_GeForce_RTX_4060_Ti,16,
efficientnetv2_s,64,32,fp32,27.40679931640625,False,NVIDIA_GeForce_RTX_4060_Ti,16,
efficientnetv2_s,64,64,bf16,34.56768035888672,False,NVIDIA_GeForce_RTX_4060_Ti,16,
efficientnetv2_s,64,64,fp16,31.20844841003418,False,NVIDIA_GeForce_RTX_4060_Ti,16,
efficientnetv2_s,64,64,fp32,39.816192626953125,False,NVIDIA_GeForce_RTX_4060_Ti,16,
efficientnetv2_s,128,16,bf16,24.95636749267578,False,NVIDIA_GeForce_RTX_4060_Ti,16,
efficientnetv2_s,128,16,fp16,22.55451202392578,False,NVIDIA_GeForce_RTX_4060_Ti,16,
efficientnetv2_s,128,16,fp32,30.20631980895996,False,NVIDIA_GeForce_RTX_4060_Ti,16,
efficientnetv2_s,128,32,bf16,37.63916778564453,False,NVIDIA_GeForce_RTX_4060_Ti,16,
efficientnetv2_s,128,32,fp16,32.58929443359375,False,NVIDIA_GeForce_RTX_4060_Ti,16,
efficientnetv2_s,128,32,fp32,50.04595184326172,False,NVIDIA_GeForce_RTX_4060_Ti,16,
efficientnetv2_s,128,64,bf16,64.262451171875,False,NVIDIA_GeForce_RTX_4060_Ti,16,
efficientnetv2_s,128,64,fp16,54.56934356689453,False,NVIDIA_GeForce_RTX_4060_Ti,16,
efficientnetv2_s,128,64,fp32,99.378173828125,False,NVIDIA_GeForce_RTX_4060_Ti,16,
efficientnetv2_s,224,16,bf16,48.04743957519531,False,NVIDIA_GeForce_RTX_4060_Ti,16,
efficientnetv2_s,224,16,fp16,39.376895904541016,False,NVIDIA_GeForce_RTX_4060_Ti,16,
efficientnetv2_s,224,16,fp32,71.69676971435547,False,NVIDIA_GeForce_RTX_4060_Ti,16,
efficientnetv2_s,224,32,bf16,97.02349090576172,False,NVIDIA_GeForce_RTX_4060_Ti,16,
efficientnetv2_s,224,32,fp16,80.93025970458984,False,NVIDIA_GeForce_RTX_4060_Ti,16,
efficientnetv2_s,224,32,fp32,157.0082550048828,False,NVIDIA_GeForce_RTX_4060_Ti,16,
efficientnetv2_s,224,64,bf16,206.7802734375,False,NVIDIA_GeForce_RTX_4060_Ti,16,
efficientnetv2_s,224,64,fp16,177.39047241210938,False,NVIDIA_GeForce_RTX_4060_Ti,16,
efficientnetv2_s,224,64,fp32,343.4629211425781,False,NVIDIA_GeForce_RTX_4060_Ti,16,
fastvit_t12,64,16,bf16,8.370688438415527,False,NVIDIA_GeForce_RTX_4060_Ti,16,
fastvit_t12,64,16,fp16,8.729087829589844,False,NVIDIA_GeForce_RTX_4060_Ti,16,
fastvit_t12,64,16,fp32,8.738688468933105,False,NVIDIA_GeForce_RTX_4060_Ti,16,
fastvit_t12,64,32,bf16,11.410351753234863,False,NVIDIA_GeForce_RTX_4060_Ti,16,
fastvit_t12,64,32,fp16,11.570688247680664,False,NVIDIA_GeForce_RTX_4060_Ti,16,
fastvit_t12,64,32,fp32,12.608511924743652,False,NVIDIA_GeForce_RTX_4060_Ti,16,
fastvit_t12,64,64,bf16,18.1778564453125,False,NVIDIA_GeForce_RTX_4060_Ti,16,
fastvit_t12,64,64,fp16,16.64806365966797,False,NVIDIA_GeForce_RTX_4060_Ti,16,
fastvit_t12,64,64,fp32,20.53887939453125,False,NVIDIA_GeForce_RTX_4060_Ti,16,
fastvit_t12,128,16,bf16,14.34603214263916,False,NVIDIA_GeForce_RTX_4060_Ti,16,
fastvit_t12,128,16,fp16,13.231616020202637,False,NVIDIA_GeForce_RTX_4060_Ti,16,
fastvit_t12,128,16,fp32,16.05766487121582,False,NVIDIA_GeForce_RTX_4060_Ti,16,
fastvit_t12,128,32,bf16,26.455039978027344,False,NVIDIA_GeForce_RTX_4060_Ti,16,
fastvit_t12,128,32,fp16,24.68351936340332,False,NVIDIA_GeForce_RTX_4060_Ti,16,
fastvit_t12,128,32,fp32,32.33894348144531,False,NVIDIA_GeForce_RTX_4060_Ti,16,
fastvit_t12,128,64,bf16,55.70399856567383,False,NVIDIA_GeForce_RTX_4060_Ti,16,
fastvit_t12,128,64,fp16,51.45497512817383,False,NVIDIA_GeForce_RTX_4060_Ti,16,
fastvit_t12,128,64,fp32,69.69595336914062,False,NVIDIA_GeForce_RTX_4060_Ti,16,
fastvit_t12,224,16,bf16,37.23263931274414,False,NVIDIA_GeForce_RTX_4060_Ti,16,
fastvit_t12,224,16,fp16,33.80531311035156,False,NVIDIA_GeForce_RTX_4060_Ti,16,
fastvit_t12,224,16,fp32,49.70595169067383,False,NVIDIA_GeForce_RTX_4060_Ti,16,
fastvit_t12,224,32,bf16,81.5093765258789,False,NVIDIA_GeForce_RTX_4060_Ti,16,
fastvit_t12,224,32,fp16,75.18975830078125,False,NVIDIA_GeForce_RTX_4060_Ti,16,
fastvit_t12,224,32,fp32,113.33163452148438,False,NVIDIA_GeForce_RTX_4060_Ti,16,
fastvit_t12,224,64,bf16,181.9463653564453,False,NVIDIA_GeForce_RTX_4060_Ti,16,
fastvit_t12,224,64,fp16,170.0828094482422,False,NVIDIA_GeForce_RTX_4060_Ti,16,
fastvit_t12,224,64,fp32,248.23245239257807,False,NVIDIA_GeForce_RTX_4060_Ti,16,
fastvit_t8,64,16,bf16,6.137824058532715,False,NVIDIA_GeForce_RTX_4060_Ti,16,
fastvit_t8,64,16,fp16,6.404575824737549,False,NVIDIA_GeForce_RTX_4060_Ti,16,
fastvit_t8,64,16,fp32,10.042287826538086,False,NVIDIA_GeForce_RTX_4060_Ti,16,
fastvit_t8,64,32,bf16,8.336272239685059,False,NVIDIA_GeForce_RTX_4060_Ti,16,
fastvit_t8,64,32,fp16,8.489295959472656,False,NVIDIA_GeForce_RTX_4060_Ti,16,
fastvit_t8,64,32,fp32,8.057744026184082,False,NVIDIA_GeForce_RTX_4060_Ti,16,
fastvit_t8,64,64,bf16,11.967935562133787,False,NVIDIA_GeForce_RTX_4060_Ti,16,
fastvit_t8,64,64,fp16,11.985919952392578,False,NVIDIA_GeForce_RTX_4060_Ti,16,
fastvit_t8,64,64,fp32,12.787712097167969,False,NVIDIA_GeForce_RTX_4060_Ti,16,
fastvit_t8,128,16,bf16,9.8886079788208,False,NVIDIA_GeForce_RTX_4060_Ti,16,
fastvit_t8,128,16,fp16,9.900848388671877,False,NVIDIA_GeForce_RTX_4060_Ti,16,
fastvit_t8,128,16,fp32,10.750975608825684,False,NVIDIA_GeForce_RTX_4060_Ti,16,
fastvit_t8,128,32,bf16,16.835935592651367,False,NVIDIA_GeForce_RTX_4060_Ti,16,
fastvit_t8,128,32,fp16,15.474047660827637,False,NVIDIA_GeForce_RTX_4060_Ti,16,
fastvit_t8,128,32,fp32,20.289535522460938,False,NVIDIA_GeForce_RTX_4060_Ti,16,
fastvit_t8,128,64,bf16,35.12371063232422,False,NVIDIA_GeForce_RTX_4060_Ti,16,
fastvit_t8,128,64,fp16,32.46992111206055,False,NVIDIA_GeForce_RTX_4060_Ti,16,
fastvit_t8,128,64,fp32,44.73139190673828,False,NVIDIA_GeForce_RTX_4060_Ti,16,
fastvit_t8,224,16,bf16,24.89743995666504,False,NVIDIA_GeForce_RTX_4060_Ti,16,
fastvit_t8,224,16,fp16,22.78758430480957,False,NVIDIA_GeForce_RTX_4060_Ti,16,
fastvit_t8,224,16,fp32,32.342830657958984,False,NVIDIA_GeForce_RTX_4060_Ti,16,
fastvit_t8,224,32,bf16,54.14184188842773,False,NVIDIA_GeForce_RTX_4060_Ti,16,
fastvit_t8,224,32,fp16,49.35475158691406,False,NVIDIA_GeForce_RTX_4060_Ti,16,
fastvit_t8,224,32,fp32,74.1835708618164,False,NVIDIA_GeForce_RTX_4060_Ti,16,
fastvit_t8,224,64,bf16,122.08025360107422,False,NVIDIA_GeForce_RTX_4060_Ti,16,
fastvit_t8,224,64,fp16,113.44947052001952,False,NVIDIA_GeForce_RTX_4060_Ti,16,
fastvit_t8,224,64,fp32,166.9063720703125,False,NVIDIA_GeForce_RTX_4060_Ti,16,
maxvit_tiny_tf_224,64,16,bf16,20.05913543701172,False,NVIDIA_GeForce_RTX_4060_Ti,16,
maxvit_tiny_tf_224,64,16,fp16,19.42475128173828,False,NVIDIA_GeForce_RTX_4060_Ti,16,
maxvit_tiny_tf_224,64,16,fp32,29.05548858642578,False,NVIDIA_GeForce_RTX_4060_Ti,16,
maxvit_tiny_tf_224,64,32,bf16,27.88555145263672,False,NVIDIA_GeForce_RTX_4060_Ti,16,
maxvit_tiny_tf_224,64,32,fp16,26.62758445739746,False,NVIDIA_GeForce_RTX_4060_Ti,16,
maxvit_tiny_tf_224,64,32,fp32,47.56163024902344,False,NVIDIA_GeForce_RTX_4060_Ti,16,
maxvit_tiny_tf_224,64,64,bf16,45.45024108886719,False,NVIDIA_GeForce_RTX_4060_Ti,16,
maxvit_tiny_tf_224,64,64,fp16,42.51012802124024,False,NVIDIA_GeForce_RTX_4060_Ti,16,
maxvit_tiny_tf_224,64,64,fp32,86.81302642822266,False,NVIDIA_GeForce_RTX_4060_Ti,16,
maxvit_tiny_tf_224,128,16,bf16,36.74316787719727,False,NVIDIA_GeForce_RTX_4060_Ti,16,
maxvit_tiny_tf_224,128,16,fp16,34.73612976074219,False,NVIDIA_GeForce_RTX_4060_Ti,16,
maxvit_tiny_tf_224,128,16,fp32,60.496368408203125,False,NVIDIA_GeForce_RTX_4060_Ti,16,
maxvit_tiny_tf_224,128,32,bf16,65.89132690429688,False,NVIDIA_GeForce_RTX_4060_Ti,16,
maxvit_tiny_tf_224,128,32,fp16,62.395904541015625,False,NVIDIA_GeForce_RTX_4060_Ti,16,
maxvit_tiny_tf_224,128,32,fp32,119.8551025390625,False,NVIDIA_GeForce_RTX_4060_Ti,16,
maxvit_tiny_tf_224,128,64,bf16,132.79335021972656,False,NVIDIA_GeForce_RTX_4060_Ti,16,
maxvit_tiny_tf_224,128,64,fp16,126.35494232177734,False,NVIDIA_GeForce_RTX_4060_Ti,16,
maxvit_tiny_tf_224,128,64,fp32,250.01727294921875,False,NVIDIA_GeForce_RTX_4060_Ti,16,
maxvit_tiny_tf_224,224,16,bf16,95.97747039794922,False,NVIDIA_GeForce_RTX_4060_Ti,16,
maxvit_tiny_tf_224,224,16,fp16,90.46272277832033,False,NVIDIA_GeForce_RTX_4060_Ti,16,
maxvit_tiny_tf_224,224,16,fp32,174.85568237304688,False,NVIDIA_GeForce_RTX_4060_Ti,16,
maxvit_tiny_tf_224,224,32,bf16,198.0070953369141,False,NVIDIA_GeForce_RTX_4060_Ti,16,
maxvit_tiny_tf_224,224,32,fp16,188.4056854248047,False,NVIDIA_GeForce_RTX_4060_Ti,16,
maxvit_tiny_tf_224,224,32,fp32,362.344970703125,False,NVIDIA_GeForce_RTX_4060_Ti,16,
maxvit_tiny_tf_224,224,64,bf16,413.2198486328125,False,NVIDIA_GeForce_RTX_4060_Ti,16,
maxvit_tiny_tf_224,224,64,fp16,398.1547546386719,False,NVIDIA_GeForce_RTX_4060_Ti,16,
maxvit_tiny_tf_224,224,64,fp32,,True,NVIDIA_GeForce_RTX_4060_Ti,16,
mixer_b16_224,64,16,bf16,20.17064094543457,False,NVIDIA_GeForce_RTX_4060_Ti,16,
mixer_b16_224,64,16,fp16,20.04940795898437,False,NVIDIA_GeForce_RTX_4060_Ti,16,
mixer_b16_224,64,16,fp32,27.80518341064453,False,NVIDIA_GeForce_RTX_4060_Ti,16,
mixer_b16_224,64,32,bf16,28.908031463623047,False,NVIDIA_GeForce_RTX_4060_Ti,16,
mixer_b16_224,64,32,fp16,28.66739273071289,False,NVIDIA_GeForce_RTX_4060_Ti,16,
mixer_b16_224,64,32,fp32,50.55313491821289,False,NVIDIA_GeForce_RTX_4060_Ti,16,
mixer_b16_224,64,64,bf16,49.22163009643555,False,NVIDIA_GeForce_RTX_4060_Ti,16,
mixer_b16_224,64,64,fp16,49.16471862792969,False,NVIDIA_GeForce_RTX_4060_Ti,16,
mixer_b16_224,64,64,fp32,94.93284606933594,False,NVIDIA_GeForce_RTX_4060_Ti,16,
mixer_b16_224,128,16,bf16,30.142976760864254,False,NVIDIA_GeForce_RTX_4060_Ti,16,
mixer_b16_224,128,16,fp16,30.08153533935547,False,NVIDIA_GeForce_RTX_4060_Ti,16,
mixer_b16_224,128,16,fp32,55.498046875,False,NVIDIA_GeForce_RTX_4060_Ti,16,
mixer_b16_224,128,32,bf16,48.29081726074219,False,NVIDIA_GeForce_RTX_4060_Ti,16,
mixer_b16_224,128,32,fp16,47.81721496582031,False,NVIDIA_GeForce_RTX_4060_Ti,16,
mixer_b16_224,128,32,fp32,100.64635467529295,False,NVIDIA_GeForce_RTX_4060_Ti,16,
mixer_b16_224,128,64,bf16,92.32434844970705,False,NVIDIA_GeForce_RTX_4060_Ti,16,
mixer_b16_224,128,64,fp16,91.80599975585938,False,NVIDIA_GeForce_RTX_4060_Ti,16,
mixer_b16_224,128,64,fp32,198.887939453125,False,NVIDIA_GeForce_RTX_4060_Ti,16,
mixer_b16_224,224,16,bf16,60.07241439819336,False,NVIDIA_GeForce_RTX_4060_Ti,16,
mixer_b16_224,224,16,fp16,59.748783111572266,False,NVIDIA_GeForce_RTX_4060_Ti,16,
mixer_b16_224,224,16,fp32,133.27615356445312,False,NVIDIA_GeForce_RTX_4060_Ti,16,
mixer_b16_224,224,32,bf16,120.1244125366211,False,NVIDIA_GeForce_RTX_4060_Ti,16,
mixer_b16_224,224,32,fp16,119.73623657226562,False,NVIDIA_GeForce_RTX_4060_Ti,16,
mixer_b16_224,224,32,fp32,267.0679016113281,False,NVIDIA_GeForce_RTX_4060_Ti,16,
mixer_b16_224,224,64,bf16,249.4406890869141,False,NVIDIA_GeForce_RTX_4060_Ti,16,
mixer_b16_224,224,64,fp16,248.64236450195312,False,NVIDIA_GeForce_RTX_4060_Ti,16,
mixer_b16_224,224,64,fp32,519.7977294921875,False,NVIDIA_GeForce_RTX_4060_Ti,16,
mobilenetv2_100,64,16,bf16,4.491775989532471,False,NVIDIA_GeForce_RTX_4060_Ti,16,
mobilenetv2_100,64,16,fp16,3.980799913406372,False,NVIDIA_GeForce_RTX_4060_Ti,16,
mobilenetv2_100,64,16,fp32,4.183551788330078,False,NVIDIA_GeForce_RTX_4060_Ti,16,
mobilenetv2_100,64,32,bf16,6.363135814666748,False,NVIDIA_GeForce_RTX_4060_Ti,16,
mobilenetv2_100,64,32,fp16,5.335552215576172,False,NVIDIA_GeForce_RTX_4060_Ti,16,
mobilenetv2_100,64,32,fp32,7.632383823394775,False,NVIDIA_GeForce_RTX_4060_Ti,16,
mobilenetv2_100,64,64,bf16,9.504768371582031,False,NVIDIA_GeForce_RTX_4060_Ti,16,
mobilenetv2_100,64,64,fp16,8.032575607299805,False,NVIDIA_GeForce_RTX_4060_Ti,16,
mobilenetv2_100,64,64,fp32,10.810720443725586,False,NVIDIA_GeForce_RTX_4060_Ti,16,
mobilenetv2_100,128,16,bf16,7.4306559562683105,False,NVIDIA_GeForce_RTX_4060_Ti,16,
mobilenetv2_100,128,16,fp16,6.246848106384277,False,NVIDIA_GeForce_RTX_4060_Ti,16,
mobilenetv2_100,128,16,fp32,8.736623764038086,False,NVIDIA_GeForce_RTX_4060_Ti,16,
mobilenetv2_100,128,32,bf16,13.434831619262695,False,NVIDIA_GeForce_RTX_4060_Ti,16,
mobilenetv2_100,128,32,fp16,11.375103950500488,False,NVIDIA_GeForce_RTX_4060_Ti,16,
mobilenetv2_100,128,32,fp32,18.074928283691406,False,NVIDIA_GeForce_RTX_4060_Ti,16,
mobilenetv2_100,128,64,bf16,24.70963287353516,False,NVIDIA_GeForce_RTX_4060_Ti,16,
mobilenetv2_100,128,64,fp16,20.519392013549805,False,NVIDIA_GeForce_RTX_4060_Ti,16,
mobilenetv2_100,128,64,fp32,40.36812973022461,False,NVIDIA_GeForce_RTX_4060_Ti,16,
mobilenetv2_100,224,16,bf16,17.819135665893555,False,NVIDIA_GeForce_RTX_4060_Ti,16,
mobilenetv2_100,224,16,fp16,14.612959861755373,False,NVIDIA_GeForce_RTX_4060_Ti,16,
mobilenetv2_100,224,16,fp32,28.94028854370117,False,NVIDIA_GeForce_RTX_4060_Ti,16,
mobilenetv2_100,224,32,bf16,38.28377532958984,False,NVIDIA_GeForce_RTX_4060_Ti,16,
mobilenetv2_100,224,32,fp16,32.07628631591797,False,NVIDIA_GeForce_RTX_4060_Ti,16,
mobilenetv2_100,224,32,fp32,63.39993667602539,False,NVIDIA_GeForce_RTX_4060_Ti,16,
mobilenetv2_100,224,64,bf16,79.61599731445312,False,NVIDIA_GeForce_RTX_4060_Ti,16,
mobilenetv2_100,224,64,fp16,67.1651840209961,False,NVIDIA_GeForce_RTX_4060_Ti,16,
mobilenetv2_100,224,64,fp32,137.73568725585938,False,NVIDIA_GeForce_RTX_4060_Ti,16,
mobilenetv3_large_100,64,16,bf16,5.967360019683838,False,NVIDIA_GeForce_RTX_4060_Ti,16,
mobilenetv3_large_100,64,16,fp16,5.455359935760498,False,NVIDIA_GeForce_RTX_4060_Ti,16,
mobilenetv3_large_100,64,16,fp32,4.237296104431152,False,NVIDIA_GeForce_RTX_4060_Ti,16,
mobilenetv3_large_100,64,32,bf16,7.905104160308838,False,NVIDIA_GeForce_RTX_4060_Ti,16,
mobilenetv3_large_100,64,32,fp16,7.531504154205322,False,NVIDIA_GeForce_RTX_4060_Ti,16,
mobilenetv3_large_100,64,32,fp32,6.094848155975342,False,NVIDIA_GeForce_RTX_4060_Ti,16,
mobilenetv3_large_100,64,64,bf16,9.33836841583252,False,NVIDIA_GeForce_RTX_4060_Ti,16,
mobilenetv3_large_100,64,64,fp16,8.122367858886719,False,NVIDIA_GeForce_RTX_4060_Ti,16,
mobilenetv3_large_100,64,64,fp32,9.09158420562744,False,NVIDIA_GeForce_RTX_4060_Ti,16,
mobilenetv3_large_100,128,16,bf16,7.997439861297607,False,NVIDIA_GeForce_RTX_4060_Ti,16,
mobilenetv3_large_100,128,16,fp16,7.517072200775146,False,NVIDIA_GeForce_RTX_4060_Ti,16,
mobilenetv3_large_100,128,16,fp32,6.9348320960998535,False,NVIDIA_GeForce_RTX_4060_Ti,16,
mobilenetv3_large_100,128,32,bf16,13.17148780822754,False,NVIDIA_GeForce_RTX_4060_Ti,16,
mobilenetv3_large_100,128,32,fp16,12.071423530578612,False,NVIDIA_GeForce_RTX_4060_Ti,16,
mobilenetv3_large_100,128,32,fp32,12.294655799865724,False,NVIDIA_GeForce_RTX_4060_Ti,16,
mobilenetv3_large_100,128,64,bf16,18.841039657592773,False,NVIDIA_GeForce_RTX_4060_Ti,16,
mobilenetv3_large_100,128,64,fp16,15.755248069763184,False,NVIDIA_GeForce_RTX_4060_Ti,16,
mobilenetv3_large_100,128,64,fp32,25.765888214111328,False,NVIDIA_GeForce_RTX_4060_Ti,16,
mobilenetv3_large_100,224,16,bf16,14.853119850158691,False,NVIDIA_GeForce_RTX_4060_Ti,16,
mobilenetv3_large_100,224,16,fp16,12.112895965576172,False,NVIDIA_GeForce_RTX_4060_Ti,16,
mobilenetv3_large_100,224,16,fp32,18.32089614868164,False,NVIDIA_GeForce_RTX_4060_Ti,16,
mobilenetv3_large_100,224,32,bf16,28.412256240844727,False,NVIDIA_GeForce_RTX_4060_Ti,16,
mobilenetv3_large_100,224,32,fp16,23.013887405395508,False,NVIDIA_GeForce_RTX_4060_Ti,16,
mobilenetv3_large_100,224,32,fp32,41.67679977416992,False,NVIDIA_GeForce_RTX_4060_Ti,16,
mobilenetv3_large_100,224,64,bf16,56.4498405456543,False,NVIDIA_GeForce_RTX_4060_Ti,16,
mobilenetv3_large_100,224,64,fp16,46.37337493896485,False,NVIDIA_GeForce_RTX_4060_Ti,16,
mobilenetv3_large_100,224,64,fp32,94.27859497070312,False,NVIDIA_GeForce_RTX_4060_Ti,16,
mobilenetv3_small_100,64,16,bf16,3.743616104125977,False,NVIDIA_GeForce_RTX_4060_Ti,16,
mobilenetv3_small_100,64,16,fp16,5.5464959144592285,False,NVIDIA_GeForce_RTX_4060_Ti,16,
mobilenetv3_small_100,64,16,fp32,4.584959983825684,False,NVIDIA_GeForce_RTX_4060_Ti,16,
mobilenetv3_small_100,64,32,bf16,4.547584056854248,False,NVIDIA_GeForce_RTX_4060_Ti,16,
mobilenetv3_small_100,64,32,fp16,7.877120018005371,False,NVIDIA_GeForce_RTX_4060_Ti,16,
mobilenetv3_small_100,64,32,fp32,3.362656116485596,False,NVIDIA_GeForce_RTX_4060_Ti,16,
mobilenetv3_small_100,64,64,bf16,4.703184127807617,False,NVIDIA_GeForce_RTX_4060_Ti,16,
mobilenetv3_small_100,64,64,fp16,4.082176208496094,False,NVIDIA_GeForce_RTX_4060_Ti,16,
mobilenetv3_small_100,64,64,fp32,4.3089919090271,False,NVIDIA_GeForce_RTX_4060_Ti,16,
mobilenetv3_small_100,128,16,bf16,7.207935810089111,False,NVIDIA_GeForce_RTX_4060_Ti,16,
mobilenetv3_small_100,128,16,fp16,6.227359771728516,False,NVIDIA_GeForce_RTX_4060_Ti,16,
mobilenetv3_small_100,128,16,fp32,3.1395840644836426,False,NVIDIA_GeForce_RTX_4060_Ti,16,
mobilenetv3_small_100,128,32,bf16,7.176703929901123,False,NVIDIA_GeForce_RTX_4060_Ti,16,
mobilenetv3_small_100,128,32,fp16,6.091775894165039,False,NVIDIA_GeForce_RTX_4060_Ti,16,
mobilenetv3_small_100,128,32,fp32,4.639232158660889,False,NVIDIA_GeForce_RTX_4060_Ti,16,
mobilenetv3_small_100,128,64,bf16,7.729568004608154,False,NVIDIA_GeForce_RTX_4060_Ti,16,
mobilenetv3_small_100,128,64,fp16,6.933919906616211,False,NVIDIA_GeForce_RTX_4060_Ti,16,
mobilenetv3_small_100,128,64,fp32,8.41215991973877,False,NVIDIA_GeForce_RTX_4060_Ti,16,
mobilenetv3_small_100,224,16,bf16,6.345727920532227,False,NVIDIA_GeForce_RTX_4060_Ti,16,
mobilenetv3_small_100,224,16,fp16,5.455872058868408,False,NVIDIA_GeForce_RTX_4060_Ti,16,
mobilenetv3_small_100,224,16,fp32,6.332352161407471,False,NVIDIA_GeForce_RTX_4060_Ti,16,
mobilenetv3_small_100,224,32,bf16,11.172287940979004,False,NVIDIA_GeForce_RTX_4060_Ti,16,
mobilenetv3_small_100,224,32,fp16,9.317888259887695,False,NVIDIA_GeForce_RTX_4060_Ti,16,
mobilenetv3_small_100,224,32,fp32,12.779824256896973,False,NVIDIA_GeForce_RTX_4060_Ti,16,
mobilenetv3_small_100,224,64,bf16,19.50663948059082,False,NVIDIA_GeForce_RTX_4060_Ti,16,
mobilenetv3_small_100,224,64,fp16,14.718463897705078,False,NVIDIA_GeForce_RTX_4060_Ti,16,
mobilenetv3_small_100,224,64,fp32,27.85382461547852,False,NVIDIA_GeForce_RTX_4060_Ti,16,
mobilevit_s,64,16,bf16,6.253056049346924,False,NVIDIA_GeForce_RTX_4060_Ti,16,
mobilevit_s,64,16,fp16,5.806896209716797,False,NVIDIA_GeForce_RTX_4060_Ti,16,
mobilevit_s,64,16,fp32,7.224319934844971,False,NVIDIA_GeForce_RTX_4060_Ti,16,
mobilevit_s,64,32,bf16,9.178112030029297,False,NVIDIA_GeForce_RTX_4060_Ti,16,
mobilevit_s,64,32,fp16,8.526639938354492,False,NVIDIA_GeForce_RTX_4060_Ti,16,
mobilevit_s,64,32,fp32,11.763711929321287,False,NVIDIA_GeForce_RTX_4060_Ti,16,
mobilevit_s,64,64,bf16,14.863743782043455,False,NVIDIA_GeForce_RTX_4060_Ti,16,
mobilevit_s,64,64,fp16,13.792256355285645,False,NVIDIA_GeForce_RTX_4060_Ti,16,
mobilevit_s,64,64,fp32,22.814207077026367,False,NVIDIA_GeForce_RTX_4060_Ti,16,
mobilevit_s,128,16,bf16,12.22655963897705,False,NVIDIA_GeForce_RTX_4060_Ti,16,
mobilevit_s,128,16,fp16,10.89891242980957,False,NVIDIA_GeForce_RTX_4060_Ti,16,
mobilevit_s,128,16,fp32,18.758464813232425,False,NVIDIA_GeForce_RTX_4060_Ti,16,
mobilevit_s,128,32,bf16,23.903135299682617,False,NVIDIA_GeForce_RTX_4060_Ti,16,
mobilevit_s,128,32,fp16,21.728256225585938,False,NVIDIA_GeForce_RTX_4060_Ti,16,
mobilevit_s,128,32,fp32,41.76985549926758,False,NVIDIA_GeForce_RTX_4060_Ti,16,
mobilevit_s,128,64,bf16,51.21622467041016,False,NVIDIA_GeForce_RTX_4060_Ti,16,
mobilevit_s,128,64,fp16,45.90233612060547,False,NVIDIA_GeForce_RTX_4060_Ti,16,
mobilevit_s,128,64,fp32,88.87583923339844,False,NVIDIA_GeForce_RTX_4060_Ti,16,
mobilevit_s,224,16,bf16,38.80327987670898,False,NVIDIA_GeForce_RTX_4060_Ti,16,
mobilevit_s,224,16,fp16,35.00886535644531,False,NVIDIA_GeForce_RTX_4060_Ti,16,
mobilevit_s,224,16,fp32,70.62579345703125,False,NVIDIA_GeForce_RTX_4060_Ti,16,
mobilevit_s,224,32,bf16,82.67247772216797,False,NVIDIA_GeForce_RTX_4060_Ti,16,
mobilevit_s,224,32,fp16,75.38944244384766,False,NVIDIA_GeForce_RTX_4060_Ti,16,
mobilevit_s,224,32,fp32,146.9003143310547,False,NVIDIA_GeForce_RTX_4060_Ti,16,
mobilevit_s,224,64,bf16,168.4638671875,False,NVIDIA_GeForce_RTX_4060_Ti,16,
mobilevit_s,224,64,fp16,155.4324493408203,False,NVIDIA_GeForce_RTX_4060_Ti,16,
mobilevit_s,224,64,fp32,300.6904296875,False,NVIDIA_GeForce_RTX_4060_Ti,16,
mobilevit_xs,64,16,bf16,5.156655788421631,False,NVIDIA_GeForce_RTX_4060_Ti,16,
mobilevit_xs,64,16,fp16,4.677631855010986,False,NVIDIA_GeForce_RTX_4060_Ti,16,
mobilevit_xs,64,16,fp32,5.296127796173096,False,NVIDIA_GeForce_RTX_4060_Ti,16,
mobilevit_xs,64,32,bf16,7.616879940032959,False,NVIDIA_GeForce_RTX_4060_Ti,16,
mobilevit_xs,64,32,fp16,6.916463851928711,False,NVIDIA_GeForce_RTX_4060_Ti,16,
mobilevit_xs,64,32,fp32,8.544256210327148,False,NVIDIA_GeForce_RTX_4060_Ti,16,
mobilevit_xs,64,64,bf16,12.577247619628906,False,NVIDIA_GeForce_RTX_4060_Ti,16,
mobilevit_xs,64,64,fp16,11.403776168823242,False,NVIDIA_GeForce_RTX_4060_Ti,16,
mobilevit_xs,64,64,fp32,16.554304122924805,False,NVIDIA_GeForce_RTX_4060_Ti,16,
mobilevit_xs,128,16,bf16,10.125280380249023,False,NVIDIA_GeForce_RTX_4060_Ti,16,
mobilevit_xs,128,16,fp16,9.572303771972656,False,NVIDIA_GeForce_RTX_4060_Ti,16,
mobilevit_xs,128,16,fp32,13.945232391357422,False,NVIDIA_GeForce_RTX_4060_Ti,16,
mobilevit_xs,128,32,bf16,19.604463577270508,False,NVIDIA_GeForce_RTX_4060_Ti,16,
mobilevit_xs,128,32,fp16,17.618335723876953,False,NVIDIA_GeForce_RTX_4060_Ti,16,
mobilevit_xs,128,32,fp32,31.973264694213867,False,NVIDIA_GeForce_RTX_4060_Ti,16,
mobilevit_xs,128,64,bf16,39.91603088378906,False,NVIDIA_GeForce_RTX_4060_Ti,16,
mobilevit_xs,128,64,fp16,35.84492874145508,False,NVIDIA_GeForce_RTX_4060_Ti,16,
mobilevit_xs,128,64,fp32,69.32173156738281,False,NVIDIA_GeForce_RTX_4060_Ti,16,
mobilevit_xs,224,16,bf16,29.55059242248535,False,NVIDIA_GeForce_RTX_4060_Ti,16,
mobilevit_xs,224,16,fp16,26.59430313110352,False,NVIDIA_GeForce_RTX_4060_Ti,16,
mobilevit_xs,224,16,fp32,55.47264099121094,False,NVIDIA_GeForce_RTX_4060_Ti,16,
mobilevit_xs,224,32,bf16,64.90419006347656,False,NVIDIA_GeForce_RTX_4060_Ti,16,
mobilevit_xs,224,32,fp16,58.32089614868164,False,NVIDIA_GeForce_RTX_4060_Ti,16,
mobilevit_xs,224,32,fp32,115.82157135009766,False,NVIDIA_GeForce_RTX_4060_Ti,16,
mobilevit_xs,224,64,bf16,130.81907653808594,False,NVIDIA_GeForce_RTX_4060_Ti,16,
mobilevit_xs,224,64,fp16,119.62060546875,False,NVIDIA_GeForce_RTX_4060_Ti,16,
mobilevit_xs,224,64,fp32,238.89817810058597,False,NVIDIA_GeForce_RTX_4060_Ti,16,
mobilevit_xxs,64,16,bf16,4.604288101196289,False,NVIDIA_GeForce_RTX_4060_Ti,16,
mobilevit_xxs,64,16,fp16,9.448399543762209,False,NVIDIA_GeForce_RTX_4060_Ti,16,
mobilevit_xxs,64,16,fp32,4.058112144470215,False,NVIDIA_GeForce_RTX_4060_Ti,16,
mobilevit_xxs,64,32,bf16,10.44275188446045,False,NVIDIA_GeForce_RTX_4060_Ti,16,
mobilevit_xxs,64,32,fp16,5.718016147613525,False,NVIDIA_GeForce_RTX_4060_Ti,16,
mobilevit_xxs,64,32,fp32,6.631936073303223,False,NVIDIA_GeForce_RTX_4060_Ti,16,
mobilevit_xxs,64,64,bf16,8.534015655517578,False,NVIDIA_GeForce_RTX_4060_Ti,16,
mobilevit_xxs,64,64,fp16,7.872320175170898,False,NVIDIA_GeForce_RTX_4060_Ti,16,
mobilevit_xxs,64,64,fp32,9.65777587890625,False,NVIDIA_GeForce_RTX_4060_Ti,16,
mobilevit_xxs,128,16,bf16,6.244863986968994,False,NVIDIA_GeForce_RTX_4060_Ti,16,
mobilevit_xxs,128,16,fp16,5.442463874816895,False,NVIDIA_GeForce_RTX_4060_Ti,16,
mobilevit_xxs,128,16,fp32,6.594048023223877,False,NVIDIA_GeForce_RTX_4060_Ti,16,
mobilevit_xxs,128,32,bf16,9.994751930236816,False,NVIDIA_GeForce_RTX_4060_Ti,16,
mobilevit_xxs,128,32,fp16,8.960495948791504,False,NVIDIA_GeForce_RTX_4060_Ti,16,
mobilevit_xxs,128,32,fp32,12.198335647583008,False,NVIDIA_GeForce_RTX_4060_Ti,16,
mobilevit_xxs,128,64,bf16,17.665536880493164,False,NVIDIA_GeForce_RTX_4060_Ti,16,
mobilevit_xxs,128,64,fp16,15.643967628479004,False,NVIDIA_GeForce_RTX_4060_Ti,16,
mobilevit_xxs,128,64,fp32,26.458431243896484,False,NVIDIA_GeForce_RTX_4060_Ti,16,
mobilevit_xxs,224,16,bf16,13.170512199401855,False,NVIDIA_GeForce_RTX_4060_Ti,16,
mobilevit_xxs,224,16,fp16,11.66387176513672,False,NVIDIA_GeForce_RTX_4060_Ti,16,
mobilevit_xxs,224,16,fp32,22.185983657836918,False,NVIDIA_GeForce_RTX_4060_Ti,16,
mobilevit_xxs,224,32,bf16,27.474943161010746,False,NVIDIA_GeForce_RTX_4060_Ti,16,
mobilevit_xxs,224,32,fp16,24.220144271850582,False,NVIDIA_GeForce_RTX_4060_Ti,16,
mobilevit_xxs,224,32,fp32,49.25936126708984,False,NVIDIA_GeForce_RTX_4060_Ti,16,
mobilevit_xxs,224,64,bf16,56.93644714355469,False,NVIDIA_GeForce_RTX_4060_Ti,16,
mobilevit_xxs,224,64,fp16,51.12678527832031,False,NVIDIA_GeForce_RTX_4060_Ti,16,
mobilevit_xxs,224,64,fp32,105.76732635498048,False,NVIDIA_GeForce_RTX_4060_Ti,16,
mobilevitv2_100,64,16,bf16,6.121280193328857,False,NVIDIA_GeForce_RTX_4060_Ti,16,
mobilevitv2_100,64,16,fp16,5.620719909667969,False,NVIDIA_GeForce_RTX_4060_Ti,16,
mobilevitv2_100,64,16,fp32,6.033199787139893,False,NVIDIA_GeForce_RTX_4060_Ti,16,
mobilevitv2_100,64,32,bf16,8.360848426818848,False,NVIDIA_GeForce_RTX_4060_Ti,16,
mobilevitv2_100,64,32,fp16,7.515135765075684,False,NVIDIA_GeForce_RTX_4060_Ti,16,
mobilevitv2_100,64,32,fp32,9.564160346984863,False,NVIDIA_GeForce_RTX_4060_Ti,16,
mobilevitv2_100,64,64,bf16,13.413264274597168,False,NVIDIA_GeForce_RTX_4060_Ti,16,
mobilevitv2_100,64,64,fp16,11.798015594482422,False,NVIDIA_GeForce_RTX_4060_Ti,16,
mobilevitv2_100,64,64,fp32,18.858495712280277,False,NVIDIA_GeForce_RTX_4060_Ti,16,
mobilevitv2_100,128,16,bf16,11.30780792236328,False,NVIDIA_GeForce_RTX_4060_Ti,16,
mobilevitv2_100,128,16,fp16,9.752415657043455,False,NVIDIA_GeForce_RTX_4060_Ti,16,
mobilevitv2_100,128,16,fp32,15.513888359069824,False,NVIDIA_GeForce_RTX_4060_Ti,16,
mobilevitv2_100,128,32,bf16,22.13884735107422,False,NVIDIA_GeForce_RTX_4060_Ti,16,
mobilevitv2_100,128,32,fp16,19.586048126220703,False,NVIDIA_GeForce_RTX_4060_Ti,16,
mobilevitv2_100,128,32,fp32,35.16516876220703,False,NVIDIA_GeForce_RTX_4060_Ti,16,
mobilevitv2_100,128,64,bf16,47.21094512939453,False,NVIDIA_GeForce_RTX_4060_Ti,16,
mobilevitv2_100,128,64,fp16,41.913856506347656,False,NVIDIA_GeForce_RTX_4060_Ti,16,
mobilevitv2_100,128,64,fp32,76.21529388427734,False,NVIDIA_GeForce_RTX_4060_Ti,16,
mobilevitv2_100,224,16,bf16,35.60230255126953,False,NVIDIA_GeForce_RTX_4060_Ti,16,
mobilevitv2_100,224,16,fp16,31.632896423339844,False,NVIDIA_GeForce_RTX_4060_Ti,16,
mobilevitv2_100,224,16,fp32,56.63572692871094,False,NVIDIA_GeForce_RTX_4060_Ti,16,
mobilevitv2_100,224,32,bf16,76.4103012084961,False,NVIDIA_GeForce_RTX_4060_Ti,16,
mobilevitv2_100,224,32,fp16,69.17880249023438,False,NVIDIA_GeForce_RTX_4060_Ti,16,
mobilevitv2_100,224,32,fp32,120.2487335205078,False,NVIDIA_GeForce_RTX_4060_Ti,16,
mobilevitv2_100,224,64,bf16,157.39892578125,False,NVIDIA_GeForce_RTX_4060_Ti,16,
mobilevitv2_100,224,64,fp16,144.62710571289062,False,NVIDIA_GeForce_RTX_4060_Ti,16,
mobilevitv2_100,224,64,fp32,254.80447387695312,False,NVIDIA_GeForce_RTX_4060_Ti,16,
nfnet_l0,64,16,bf16,21.132768630981445,False,NVIDIA_GeForce_RTX_4060_Ti,16,
nfnet_l0,64,16,fp16,22.078527450561523,False,NVIDIA_GeForce_RTX_4060_Ti,16,
nfnet_l0,64,16,fp32,19.41401672363281,False,NVIDIA_GeForce_RTX_4060_Ti,16,
nfnet_l0,64,32,bf16,30.349231719970703,False,NVIDIA_GeForce_RTX_4060_Ti,16,
nfnet_l0,64,32,fp16,30.428672790527344,False,NVIDIA_GeForce_RTX_4060_Ti,16,
nfnet_l0,64,32,fp32,26.76473617553711,False,NVIDIA_GeForce_RTX_4060_Ti,16,
nfnet_l0,64,64,bf16,25.24208068847656,False,NVIDIA_GeForce_RTX_4060_Ti,16,
nfnet_l0,64,64,fp16,24.944128036499023,False,NVIDIA_GeForce_RTX_4060_Ti,16,
nfnet_l0,64,64,fp32,40.957969665527344,False,NVIDIA_GeForce_RTX_4060_Ti,16,
nfnet_l0,128,16,bf16,26.93534469604492,False,NVIDIA_GeForce_RTX_4060_Ti,16,
nfnet_l0,128,16,fp16,27.45343971252441,False,NVIDIA_GeForce_RTX_4060_Ti,16,
nfnet_l0,128,16,fp32,33.87553787231445,False,NVIDIA_GeForce_RTX_4060_Ti,16,
nfnet_l0,128,32,bf16,44.528079986572266,False,NVIDIA_GeForce_RTX_4060_Ti,16,
nfnet_l0,128,32,fp16,44.28595352172852,False,NVIDIA_GeForce_RTX_4060_Ti,16,
nfnet_l0,128,32,fp32,62.24787139892578,False,NVIDIA_GeForce_RTX_4060_Ti,16,
nfnet_l0,128,64,bf16,62.77475357055664,False,NVIDIA_GeForce_RTX_4060_Ti,16,
nfnet_l0,128,64,fp16,61.1435661315918,False,NVIDIA_GeForce_RTX_4060_Ti,16,
nfnet_l0,128,64,fp32,136.47616577148438,False,NVIDIA_GeForce_RTX_4060_Ti,16,
nfnet_l0,224,16,bf16,51.3623046875,False,NVIDIA_GeForce_RTX_4060_Ti,16,
nfnet_l0,224,16,fp16,51.52462387084961,False,NVIDIA_GeForce_RTX_4060_Ti,16,
nfnet_l0,224,16,fp32,97.43043518066406,False,NVIDIA_GeForce_RTX_4060_Ti,16,
nfnet_l0,224,32,bf16,106.14937591552734,False,NVIDIA_GeForce_RTX_4060_Ti,16,
nfnet_l0,224,32,fp16,104.47061157226562,False,NVIDIA_GeForce_RTX_4060_Ti,16,
nfnet_l0,224,32,fp32,185.56625366210935,False,NVIDIA_GeForce_RTX_4060_Ti,16,
nfnet_l0,224,64,bf16,197.37518310546875,False,NVIDIA_GeForce_RTX_4060_Ti,16,
nfnet_l0,224,64,fp16,194.38796997070312,False,NVIDIA_GeForce_RTX_4060_Ti,16,
nfnet_l0,224,64,fp32,392.1002197265625,False,NVIDIA_GeForce_RTX_4060_Ti,16,
pvt_v2_b0,64,16,bf16,3.608576059341431,False,NVIDIA_GeForce_RTX_4060_Ti,16,
pvt_v2_b0,64,16,fp16,3.595072031021118,False,NVIDIA_GeForce_RTX_4060_Ti,16,
pvt_v2_b0,64,16,fp32,4.573696136474609,False,NVIDIA_GeForce_RTX_4060_Ti,16,
pvt_v2_b0,64,32,bf16,4.660736083984375,False,NVIDIA_GeForce_RTX_4060_Ti,16,
pvt_v2_b0,64,32,fp16,4.645232200622559,False,NVIDIA_GeForce_RTX_4060_Ti,16,
pvt_v2_b0,64,32,fp32,6.669824123382568,False,NVIDIA_GeForce_RTX_4060_Ti,16,
pvt_v2_b0,64,64,bf16,6.895616054534912,False,NVIDIA_GeForce_RTX_4060_Ti,16,
pvt_v2_b0,64,64,fp16,6.884352207183838,False,NVIDIA_GeForce_RTX_4060_Ti,16,
pvt_v2_b0,64,64,fp32,10.638336181640623,False,NVIDIA_GeForce_RTX_4060_Ti,16,
pvt_v2_b0,128,16,bf16,6.619647979736328,False,NVIDIA_GeForce_RTX_4060_Ti,16,
pvt_v2_b0,128,16,fp16,6.413824081420898,False,NVIDIA_GeForce_RTX_4060_Ti,16,
pvt_v2_b0,128,16,fp32,9.628640174865724,False,NVIDIA_GeForce_RTX_4060_Ti,16,
pvt_v2_b0,128,32,bf16,10.494383811950684,False,NVIDIA_GeForce_RTX_4060_Ti,16,
pvt_v2_b0,128,32,fp16,10.663423538208008,False,NVIDIA_GeForce_RTX_4060_Ti,16,
pvt_v2_b0,128,32,fp32,17.04532814025879,False,NVIDIA_GeForce_RTX_4060_Ti,16,
pvt_v2_b0,128,64,bf16,20.480512619018555,False,NVIDIA_GeForce_RTX_4060_Ti,16,
pvt_v2_b0,128,64,fp16,19.280384063720703,False,NVIDIA_GeForce_RTX_4060_Ti,16,
pvt_v2_b0,128,64,fp32,33.85753631591797,False,NVIDIA_GeForce_RTX_4060_Ti,16,
pvt_v2_b0,224,16,bf16,15.56163215637207,False,NVIDIA_GeForce_RTX_4060_Ti,16,
pvt_v2_b0,224,16,fp16,14.741503715515137,False,NVIDIA_GeForce_RTX_4060_Ti,16,
pvt_v2_b0,224,16,fp32,26.422191619873047,False,NVIDIA_GeForce_RTX_4060_Ti,16,
pvt_v2_b0,224,32,bf16,30.637407302856445,False,NVIDIA_GeForce_RTX_4060_Ti,16,
pvt_v2_b0,224,32,fp16,28.941312789916992,False,NVIDIA_GeForce_RTX_4060_Ti,16,
pvt_v2_b0,224,32,fp32,51.06585693359375,False,NVIDIA_GeForce_RTX_4060_Ti,16,
pvt_v2_b0,224,64,bf16,67.53108978271484,False,NVIDIA_GeForce_RTX_4060_Ti,16,
pvt_v2_b0,224,64,fp16,62.99635314941406,False,NVIDIA_GeForce_RTX_4060_Ti,16,
pvt_v2_b0,224,64,fp32,106.34331512451172,False,NVIDIA_GeForce_RTX_4060_Ti,16,
pvt_v2_b2,64,16,bf16,11.895296096801758,False,NVIDIA_GeForce_RTX_4060_Ti,16,
pvt_v2_b2,64,16,fp16,11.415552139282228,False,NVIDIA_GeForce_RTX_4060_Ti,16,
pvt_v2_b2,64,16,fp32,14.769519805908203,False,NVIDIA_GeForce_RTX_4060_Ti,16,
pvt_v2_b2,64,32,bf16,14.285231590270996,False,NVIDIA_GeForce_RTX_4060_Ti,16,
pvt_v2_b2,64,32,fp16,14.381888389587402,False,NVIDIA_GeForce_RTX_4060_Ti,16,
pvt_v2_b2,64,32,fp32,21.305856704711918,False,NVIDIA_GeForce_RTX_4060_Ti,16,
pvt_v2_b2,64,64,bf16,21.645824432373047,False,NVIDIA_GeForce_RTX_4060_Ti,16,
pvt_v2_b2,64,64,fp16,21.579776763916016,False,NVIDIA_GeForce_RTX_4060_Ti,16,
pvt_v2_b2,64,64,fp32,35.42164611816406,False,NVIDIA_GeForce_RTX_4060_Ti,16,
pvt_v2_b2,128,16,bf16,20.02176094055176,False,NVIDIA_GeForce_RTX_4060_Ti,16,
pvt_v2_b2,128,16,fp16,20.04684829711914,False,NVIDIA_GeForce_RTX_4060_Ti,16,
pvt_v2_b2,128,16,fp32,33.820159912109375,False,NVIDIA_GeForce_RTX_4060_Ti,16,
pvt_v2_b2,128,32,bf16,34.58662414550781,False,NVIDIA_GeForce_RTX_4060_Ti,16,
pvt_v2_b2,128,32,fp16,34.45759963989258,False,NVIDIA_GeForce_RTX_4060_Ti,16,
pvt_v2_b2,128,32,fp32,63.29753494262695,False,NVIDIA_GeForce_RTX_4060_Ti,16,
pvt_v2_b2,128,64,bf16,68.03507232666016,False,NVIDIA_GeForce_RTX_4060_Ti,16,
pvt_v2_b2,128,64,fp16,67.14569854736328,False,NVIDIA_GeForce_RTX_4060_Ti,16,
pvt_v2_b2,128,64,fp32,122.91725158691406,False,NVIDIA_GeForce_RTX_4060_Ti,16,
pvt_v2_b2,224,16,bf16,52.84249496459961,False,NVIDIA_GeForce_RTX_4060_Ti,16,
pvt_v2_b2,224,16,fp16,51.8364143371582,False,NVIDIA_GeForce_RTX_4060_Ti,16,
pvt_v2_b2,224,16,fp32,96.84838104248048,False,NVIDIA_GeForce_RTX_4060_Ti,16,
pvt_v2_b2,224,32,bf16,106.25638580322266,False,NVIDIA_GeForce_RTX_4060_Ti,16,
pvt_v2_b2,224,32,fp16,104.40499114990234,False,NVIDIA_GeForce_RTX_4060_Ti,16,
pvt_v2_b2,224,32,fp32,190.84487915039065,False,NVIDIA_GeForce_RTX_4060_Ti,16,
pvt_v2_b2,224,64,bf16,225.81350708007807,False,NVIDIA_GeForce_RTX_4060_Ti,16,
pvt_v2_b2,224,64,fp16,221.58181762695312,False,NVIDIA_GeForce_RTX_4060_Ti,16,
pvt_v2_b2,224,64,fp32,385.438720703125,False,NVIDIA_GeForce_RTX_4060_Ti,16,
pvt_v2_b5,64,16,bf16,33.46944046020508,False,NVIDIA_GeForce_RTX_4060_Ti,16,
pvt_v2_b5,64,16,fp16,34.5425910949707,False,NVIDIA_GeForce_RTX_4060_Ti,16,
pvt_v2_b5,64,16,fp32,42.50507354736328,False,NVIDIA_GeForce_RTX_4060_Ti,16,
pvt_v2_b5,64,32,bf16,40.20172882080078,False,NVIDIA_GeForce_RTX_4060_Ti,16,
pvt_v2_b5,64,32,fp16,41.30611038208008,False,NVIDIA_GeForce_RTX_4060_Ti,16,
pvt_v2_b5,64,32,fp32,57.03731155395508,False,NVIDIA_GeForce_RTX_4060_Ti,16,
pvt_v2_b5,64,64,bf16,56.30766296386719,False,NVIDIA_GeForce_RTX_4060_Ti,16,
pvt_v2_b5,64,64,fp16,57.2672004699707,False,NVIDIA_GeForce_RTX_4060_Ti,16,
pvt_v2_b5,64,64,fp32,83.3249282836914,False,NVIDIA_GeForce_RTX_4060_Ti,16,
pvt_v2_b5,128,16,bf16,50.206016540527344,False,NVIDIA_GeForce_RTX_4060_Ti,16,
pvt_v2_b5,128,16,fp16,51.375614166259766,False,NVIDIA_GeForce_RTX_4060_Ti,16,
pvt_v2_b5,128,16,fp32,78.15470123291016,False,NVIDIA_GeForce_RTX_4060_Ti,16,
pvt_v2_b5,128,32,bf16,74.91276550292969,False,NVIDIA_GeForce_RTX_4060_Ti,16,
pvt_v2_b5,128,32,fp16,76.03148651123047,False,NVIDIA_GeForce_RTX_4060_Ti,16,
pvt_v2_b5,128,32,fp32,133.58274841308594,False,NVIDIA_GeForce_RTX_4060_Ti,16,
pvt_v2_b5,128,64,bf16,132.09805297851562,False,NVIDIA_GeForce_RTX_4060_Ti,16,
pvt_v2_b5,128,64,fp16,132.04275512695312,False,NVIDIA_GeForce_RTX_4060_Ti,16,
pvt_v2_b5,128,64,fp32,253.93869018554688,False,NVIDIA_GeForce_RTX_4060_Ti,16,
pvt_v2_b5,224,16,bf16,105.85753631591795,False,NVIDIA_GeForce_RTX_4060_Ti,16,
pvt_v2_b5,224,16,fp16,105.45561981201172,False,NVIDIA_GeForce_RTX_4060_Ti,16,
pvt_v2_b5,224,16,fp32,202.69363403320312,False,NVIDIA_GeForce_RTX_4060_Ti,16,
pvt_v2_b5,224,32,bf16,200.88265991210935,False,NVIDIA_GeForce_RTX_4060_Ti,16,
pvt_v2_b5,224,32,fp16,199.4808349609375,False,NVIDIA_GeForce_RTX_4060_Ti,16,
pvt_v2_b5,224,32,fp32,404.7651977539063,False,NVIDIA_GeForce_RTX_4060_Ti,16,
pvt_v2_b5,224,64,bf16,444.0258483886719,False,NVIDIA_GeForce_RTX_4060_Ti,16,
pvt_v2_b5,224,64,fp16,439.3026428222656,False,NVIDIA_GeForce_RTX_4060_Ti,16,
pvt_v2_b5,224,64,fp32,,True,NVIDIA_GeForce_RTX_4060_Ti,16,
regnety_032,64,16,bf16,12.797439575195312,False,NVIDIA_GeForce_RTX_4060_Ti,16,
regnety_032,64,16,fp16,12.541423797607422,False,NVIDIA_GeForce_RTX_4060_Ti,16,
regnety_032,64,16,fp32,15.351311683654783,False,NVIDIA_GeForce_RTX_4060_Ti,16,
regnety_032,64,32,bf16,16.652240753173828,False,NVIDIA_GeForce_RTX_4060_Ti,16,
regnety_032,64,32,fp16,15.668736457824709,False,NVIDIA_GeForce_RTX_4060_Ti,16,
regnety_032,64,32,fp32,22.76456069946289,False,NVIDIA_GeForce_RTX_4060_Ti,16,
regnety_032,64,64,bf16,22.052255630493164,False,NVIDIA_GeForce_RTX_4060_Ti,16,
regnety_032,64,64,fp16,19.42308807373047,False,NVIDIA_GeForce_RTX_4060_Ti,16,
regnety_032,64,64,fp32,37.3939208984375,False,NVIDIA_GeForce_RTX_4060_Ti,16,
regnety_032,128,16,bf16,19.859455108642575,False,NVIDIA_GeForce_RTX_4060_Ti,16,
regnety_032,128,16,fp16,18.48912048339844,False,NVIDIA_GeForce_RTX_4060_Ti,16,
regnety_032,128,16,fp32,29.639328002929688,False,NVIDIA_GeForce_RTX_4060_Ti,16,
regnety_032,128,32,bf16,31.75456047058105,False,NVIDIA_GeForce_RTX_4060_Ti,16,
regnety_032,128,32,fp16,28.33100891113281,False,NVIDIA_GeForce_RTX_4060_Ti,16,
regnety_032,128,32,fp32,52.5296630859375,False,NVIDIA_GeForce_RTX_4060_Ti,16,
regnety_032,128,64,bf16,59.6602897644043,False,NVIDIA_GeForce_RTX_4060_Ti,16,
regnety_032,128,64,fp16,52.08268737792969,False,NVIDIA_GeForce_RTX_4060_Ti,16,
regnety_032,128,64,fp32,110.15628814697266,False,NVIDIA_GeForce_RTX_4060_Ti,16,
regnety_032,224,16,bf16,45.02000045776367,False,NVIDIA_GeForce_RTX_4060_Ti,16,
regnety_032,224,16,fp16,41.19193649291992,False,NVIDIA_GeForce_RTX_4060_Ti,16,
regnety_032,224,16,fp32,84.5373764038086,False,NVIDIA_GeForce_RTX_4060_Ti,16,
regnety_032,224,32,bf16,90.36097717285156,False,NVIDIA_GeForce_RTX_4060_Ti,16,
regnety_032,224,32,fp16,81.20326232910156,False,NVIDIA_GeForce_RTX_4060_Ti,16,
regnety_032,224,32,fp32,172.464111328125,False,NVIDIA_GeForce_RTX_4060_Ti,16,
regnety_032,224,64,bf16,201.44989013671875,False,NVIDIA_GeForce_RTX_4060_Ti,16,
regnety_032,224,64,fp16,183.80441284179688,False,NVIDIA_GeForce_RTX_4060_Ti,16,
regnety_032,224,64,fp32,374.7544555664063,False,NVIDIA_GeForce_RTX_4060_Ti,16,
regnety_080,64,16,bf16,24.300031661987305,False,NVIDIA_GeForce_RTX_4060_Ti,16,
regnety_080,64,16,fp16,23.903888702392575,False,NVIDIA_GeForce_RTX_4060_Ti,16,
regnety_080,64,16,fp32,26.134639739990234,False,NVIDIA_GeForce_RTX_4060_Ti,16,
regnety_080,64,32,bf16,33.94611358642578,False,NVIDIA_GeForce_RTX_4060_Ti,16,
regnety_080,64,32,fp16,32.73625564575195,False,NVIDIA_GeForce_RTX_4060_Ti,16,
regnety_080,64,32,fp32,38.61862564086914,False,NVIDIA_GeForce_RTX_4060_Ti,16,
regnety_080,64,64,bf16,53.06980895996094,False,NVIDIA_GeForce_RTX_4060_Ti,16,
regnety_080,64,64,fp16,50.21491241455078,False,NVIDIA_GeForce_RTX_4060_Ti,16,
regnety_080,64,64,fp32,69.16754913330078,False,NVIDIA_GeForce_RTX_4060_Ti,16,
regnety_080,128,16,bf16,34.14271926879883,False,NVIDIA_GeForce_RTX_4060_Ti,16,
regnety_080,128,16,fp16,33.06131362915039,False,NVIDIA_GeForce_RTX_4060_Ti,16,
regnety_080,128,16,fp32,57.7367057800293,False,NVIDIA_GeForce_RTX_4060_Ti,16,
regnety_080,128,32,bf16,58.16222381591797,False,NVIDIA_GeForce_RTX_4060_Ti,16,
regnety_080,128,32,fp16,55.503456115722656,False,NVIDIA_GeForce_RTX_4060_Ti,16,
regnety_080,128,32,fp32,101.08672332763672,False,NVIDIA_GeForce_RTX_4060_Ti,16,
regnety_080,128,64,bf16,98.7248992919922,False,NVIDIA_GeForce_RTX_4060_Ti,16,
regnety_080,128,64,fp16,95.41097259521484,False,NVIDIA_GeForce_RTX_4060_Ti,16,
regnety_080,128,64,fp32,215.1797790527344,False,NVIDIA_GeForce_RTX_4060_Ti,16,
regnety_080,224,16,bf16,74.07513427734375,False,NVIDIA_GeForce_RTX_4060_Ti,16,
regnety_080,224,16,fp16,71.22329711914062,False,NVIDIA_GeForce_RTX_4060_Ti,16,
regnety_080,224,16,fp32,158.85330200195312,False,NVIDIA_GeForce_RTX_4060_Ti,16,
regnety_080,224,32,bf16,155.74989318847656,False,NVIDIA_GeForce_RTX_4060_Ti,16,
regnety_080,224,32,fp16,147.5739288330078,False,NVIDIA_GeForce_RTX_4060_Ti,16,
regnety_080,224,32,fp32,293.54443359375,False,NVIDIA_GeForce_RTX_4060_Ti,16,
regnety_080,224,64,bf16,324.96026611328125,False,NVIDIA_GeForce_RTX_4060_Ti,16,
regnety_080,224,64,fp16,312.6826477050781,False,NVIDIA_GeForce_RTX_4060_Ti,16,
regnety_080,224,64,fp32,656.912841796875,False,NVIDIA_GeForce_RTX_4060_Ti,16,
regnety_160,64,16,bf16,34.41185760498047,False,NVIDIA_GeForce_RTX_4060_Ti,16,
regnety_160,64,16,fp16,32.760704040527344,False,NVIDIA_GeForce_RTX_4060_Ti,16,
regnety_160,64,16,fp32,51.73503875732422,False,NVIDIA_GeForce_RTX_4060_Ti,16,
regnety_160,64,32,bf16,43.55827331542969,False,NVIDIA_GeForce_RTX_4060_Ti,16,
regnety_160,64,32,fp16,39.76425552368164,False,NVIDIA_GeForce_RTX_4060_Ti,16,
regnety_160,64,32,fp32,76.63565063476562,False,NVIDIA_GeForce_RTX_4060_Ti,16,
regnety_160,64,64,bf16,64.53467559814453,False,NVIDIA_GeForce_RTX_4060_Ti,16,
regnety_160,64,64,fp16,60.683712005615234,False,NVIDIA_GeForce_RTX_4060_Ti,16,
regnety_160,64,64,fp32,128.31488037109375,False,NVIDIA_GeForce_RTX_4060_Ti,16,
regnety_160,128,16,bf16,59.51899337768555,False,NVIDIA_GeForce_RTX_4060_Ti,16,
regnety_160,128,16,fp16,57.90299224853516,False,NVIDIA_GeForce_RTX_4060_Ti,16,
regnety_160,128,16,fp32,90.55481719970705,False,NVIDIA_GeForce_RTX_4060_Ti,16,
regnety_160,128,32,bf16,89.4747543334961,False,NVIDIA_GeForce_RTX_4060_Ti,16,
regnety_160,128,32,fp16,86.23359680175781,False,NVIDIA_GeForce_RTX_4060_Ti,16,
regnety_160,128,32,fp32,161.5601348876953,False,NVIDIA_GeForce_RTX_4060_Ti,16,
regnety_160,128,64,bf16,162.58612060546875,False,NVIDIA_GeForce_RTX_4060_Ti,16,
regnety_160,128,64,fp16,157.9017791748047,False,NVIDIA_GeForce_RTX_4060_Ti,16,
regnety_160,128,64,fp32,324.5357971191406,False,NVIDIA_GeForce_RTX_4060_Ti,16,
regnety_160,224,16,bf16,126.6419677734375,False,NVIDIA_GeForce_RTX_4060_Ti,16,
regnety_160,224,16,fp16,122.95116424560548,False,NVIDIA_GeForce_RTX_4060_Ti,16,
regnety_160,224,16,fp32,256.4151611328125,False,NVIDIA_GeForce_RTX_4060_Ti,16,
regnety_160,224,32,bf16,238.3588714599609,False,NVIDIA_GeForce_RTX_4060_Ti,16,
regnety_160,224,32,fp16,231.8500061035156,False,NVIDIA_GeForce_RTX_4060_Ti,16,
regnety_160,224,32,fp32,500.2291564941406,False,NVIDIA_GeForce_RTX_4060_Ti,16,
regnety_160,224,64,bf16,495.3799743652344,False,NVIDIA_GeForce_RTX_4060_Ti,16,
regnety_160,224,64,fp16,481.4933471679688,False,NVIDIA_GeForce_RTX_4060_Ti,16,
regnety_160,224,64,fp32,,True,NVIDIA_GeForce_RTX_4060_Ti,16,
regnety_320,64,16,bf16,55.73324966430664,False,NVIDIA_GeForce_RTX_4060_Ti,16,
regnety_320,64,16,fp16,53.768592834472656,False,NVIDIA_GeForce_RTX_4060_Ti,16,
regnety_320,64,16,fp32,81.499267578125,False,NVIDIA_GeForce_RTX_4060_Ti,16,
regnety_320,64,32,bf16,67.56079864501953,False,NVIDIA_GeForce_RTX_4060_Ti,16,
regnety_320,64,32,fp16,64.42752075195312,False,NVIDIA_GeForce_RTX_4060_Ti,16,
regnety_320,64,32,fp32,105.78585815429688,False,NVIDIA_GeForce_RTX_4060_Ti,16,
regnety_320,64,64,bf16,90.02252960205078,False,NVIDIA_GeForce_RTX_4060_Ti,16,
regnety_320,64,64,fp16,86.18701171875,False,NVIDIA_GeForce_RTX_4060_Ti,16,
regnety_320,64,64,fp32,175.96961975097656,False,NVIDIA_GeForce_RTX_4060_Ti,16,
regnety_320,128,16,bf16,85.72862243652344,False,NVIDIA_GeForce_RTX_4060_Ti,16,
regnety_320,128,16,fp16,83.3776626586914,False,NVIDIA_GeForce_RTX_4060_Ti,16,
regnety_320,128,16,fp32,132.67642211914062,False,NVIDIA_GeForce_RTX_4060_Ti,16,
regnety_320,128,32,bf16,132.6156768798828,False,NVIDIA_GeForce_RTX_4060_Ti,16,
regnety_320,128,32,fp16,129.09561157226562,False,NVIDIA_GeForce_RTX_4060_Ti,16,
regnety_320,128,32,fp32,246.5892791748047,False,NVIDIA_GeForce_RTX_4060_Ti,16,
regnety_320,128,64,bf16,247.42123413085935,False,NVIDIA_GeForce_RTX_4060_Ti,16,
regnety_320,128,64,fp16,240.2764892578125,False,NVIDIA_GeForce_RTX_4060_Ti,16,
regnety_320,128,64,fp32,467.663330078125,False,NVIDIA_GeForce_RTX_4060_Ti,16,
regnety_320,224,16,bf16,197.07647705078125,False,NVIDIA_GeForce_RTX_4060_Ti,16,
regnety_320,224,16,fp16,192.9910125732422,False,NVIDIA_GeForce_RTX_4060_Ti,16,
regnety_320,224,16,fp32,367.7879943847656,False,NVIDIA_GeForce_RTX_4060_Ti,16,
regnety_320,224,32,bf16,383.85101318359375,False,NVIDIA_GeForce_RTX_4060_Ti,16,
regnety_320,224,32,fp16,372.83685302734375,False,NVIDIA_GeForce_RTX_4060_Ti,16,
regnety_320,224,32,fp32,718.6495361328125,False,NVIDIA_GeForce_RTX_4060_Ti,16,
regnety_320,224,64,bf16,752.9523315429688,False,NVIDIA_GeForce_RTX_4060_Ti,16,
regnety_320,224,64,fp16,733.7733154296875,False,NVIDIA_GeForce_RTX_4060_Ti,16,
regnety_320,224,64,fp32,,True,NVIDIA_GeForce_RTX_4060_Ti,16,
repvgg_a2,64,16,bf16,11.734319686889648,False,NVIDIA_GeForce_RTX_4060_Ti,16,
repvgg_a2,64,16,fp16,11.5721435546875,False,NVIDIA_GeForce_RTX_4060_Ti,16,
repvgg_a2,64,16,fp32,15.039952278137209,False,NVIDIA_GeForce_RTX_4060_Ti,16,
repvgg_a2,64,32,bf16,13.751631736755373,False,NVIDIA_GeForce_RTX_4060_Ti,16,
repvgg_a2,64,32,fp16,13.19164752960205,False,NVIDIA_GeForce_RTX_4060_Ti,16,
repvgg_a2,64,32,fp32,17.297775268554688,False,NVIDIA_GeForce_RTX_4060_Ti,16,
repvgg_a2,64,64,bf16,17.945056915283203,False,NVIDIA_GeForce_RTX_4060_Ti,16,
repvgg_a2,64,64,fp16,16.730560302734375,False,NVIDIA_GeForce_RTX_4060_Ti,16,
repvgg_a2,64,64,fp32,23.642112731933597,False,NVIDIA_GeForce_RTX_4060_Ti,16,
repvgg_a2,128,16,bf16,16.785247802734375,False,NVIDIA_GeForce_RTX_4060_Ti,16,
repvgg_a2,128,16,fp16,16.218624114990234,False,NVIDIA_GeForce_RTX_4060_Ti,16,
repvgg_a2,128,16,fp32,24.445775985717773,False,NVIDIA_GeForce_RTX_4060_Ti,16,
repvgg_a2,128,32,bf16,24.70809555053711,False,NVIDIA_GeForce_RTX_4060_Ti,16,
repvgg_a2,128,32,fp16,23.51857566833496,False,NVIDIA_GeForce_RTX_4060_Ti,16,
repvgg_a2,128,32,fp32,40.47649765014648,False,NVIDIA_GeForce_RTX_4060_Ti,16,
repvgg_a2,128,64,bf16,46.166015625,False,NVIDIA_GeForce_RTX_4060_Ti,16,
repvgg_a2,128,64,fp16,44.04019165039063,False,NVIDIA_GeForce_RTX_4060_Ti,16,
repvgg_a2,128,64,fp32,81.9415054321289,False,NVIDIA_GeForce_RTX_4060_Ti,16,
repvgg_a2,224,16,bf16,34.91276931762695,False,NVIDIA_GeForce_RTX_4060_Ti,16,
repvgg_a2,224,16,fp16,33.2672004699707,False,NVIDIA_GeForce_RTX_4060_Ti,16,
repvgg_a2,224,16,fp32,62.88230514526367,False,NVIDIA_GeForce_RTX_4060_Ti,16,
repvgg_a2,224,32,bf16,69.04780578613281,False,NVIDIA_GeForce_RTX_4060_Ti,16,
repvgg_a2,224,32,fp16,65.73260498046875,False,NVIDIA_GeForce_RTX_4060_Ti,16,
repvgg_a2,224,32,fp32,125.8076171875,False,NVIDIA_GeForce_RTX_4060_Ti,16,
repvgg_a2,224,64,bf16,135.73825073242188,False,NVIDIA_GeForce_RTX_4060_Ti,16,
repvgg_a2,224,64,fp16,131.31417846679688,False,NVIDIA_GeForce_RTX_4060_Ti,16,
repvgg_a2,224,64,fp32,260.1507873535156,False,NVIDIA_GeForce_RTX_4060_Ti,16,
resmlp_24_224,64,16,bf16,12.613632202148438,False,NVIDIA_GeForce_RTX_4060_Ti,16,
resmlp_24_224,64,16,fp16,12.595199584960938,False,NVIDIA_GeForce_RTX_4060_Ti,16,
resmlp_24_224,64,16,fp32,14.014384269714355,False,NVIDIA_GeForce_RTX_4060_Ti,16,
resmlp_24_224,64,32,bf16,13.154303550720217,False,NVIDIA_GeForce_RTX_4060_Ti,16,
resmlp_24_224,64,32,fp16,13.056976318359377,False,NVIDIA_GeForce_RTX_4060_Ti,16,
resmlp_24_224,64,32,fp32,18.25529670715332,False,NVIDIA_GeForce_RTX_4060_Ti,16,
resmlp_24_224,64,64,bf16,17.862655639648438,False,NVIDIA_GeForce_RTX_4060_Ti,16,
resmlp_24_224,64,64,fp16,17.936384201049805,False,NVIDIA_GeForce_RTX_4060_Ti,16,
resmlp_24_224,64,64,fp32,27.750911712646484,False,NVIDIA_GeForce_RTX_4060_Ti,16,
resmlp_24_224,128,16,bf16,18.42728042602539,False,NVIDIA_GeForce_RTX_4060_Ti,16,
resmlp_24_224,128,16,fp16,18.35513687133789,False,NVIDIA_GeForce_RTX_4060_Ti,16,
resmlp_24_224,128,16,fp32,28.261375427246094,False,NVIDIA_GeForce_RTX_4060_Ti,16,
resmlp_24_224,128,32,bf16,27.667455673217773,False,NVIDIA_GeForce_RTX_4060_Ti,16,
resmlp_24_224,128,32,fp16,27.507631301879883,False,NVIDIA_GeForce_RTX_4060_Ti,16,
resmlp_24_224,128,32,fp32,52.8988151550293,False,NVIDIA_GeForce_RTX_4060_Ti,16,
resmlp_24_224,128,64,bf16,48.11772918701172,False,NVIDIA_GeForce_RTX_4060_Ti,16,
resmlp_24_224,128,64,fp16,47.72286224365234,False,NVIDIA_GeForce_RTX_4060_Ti,16,
resmlp_24_224,128,64,fp32,95.0609893798828,False,NVIDIA_GeForce_RTX_4060_Ti,16,
resmlp_24_224,224,16,bf16,40.48947143554688,False,NVIDIA_GeForce_RTX_4060_Ti,16,
resmlp_24_224,224,16,fp16,40.395263671875,False,NVIDIA_GeForce_RTX_4060_Ti,16,
resmlp_24_224,224,16,fp32,77.53421020507812,False,NVIDIA_GeForce_RTX_4060_Ti,16,
resmlp_24_224,224,32,bf16,77.3953628540039,False,NVIDIA_GeForce_RTX_4060_Ti,16,
resmlp_24_224,224,32,fp16,77.03193664550781,False,NVIDIA_GeForce_RTX_4060_Ti,16,
resmlp_24_224,224,32,fp32,153.92921447753906,False,NVIDIA_GeForce_RTX_4060_Ti,16,
resmlp_24_224,224,64,bf16,184.02284240722656,False,NVIDIA_GeForce_RTX_4060_Ti,16,
resmlp_24_224,224,64,fp16,183.3733062744141,False,NVIDIA_GeForce_RTX_4060_Ti,16,
resmlp_24_224,224,64,fp32,327.4818420410156,False,NVIDIA_GeForce_RTX_4060_Ti,16,
resnet101,64,16,bf16,18.678783416748047,False,NVIDIA_GeForce_RTX_4060_Ti,16,
resnet101,64,16,fp16,18.142559051513672,False,NVIDIA_GeForce_RTX_4060_Ti,16,
resnet101,64,16,fp32,25.41056060791016,False,NVIDIA_GeForce_RTX_4060_Ti,16,
resnet101,64,32,bf16,22.503936767578125,False,NVIDIA_GeForce_RTX_4060_Ti,16,
resnet101,64,32,fp16,21.0281925201416,False,NVIDIA_GeForce_RTX_4060_Ti,16,
resnet101,64,32,fp32,32.357887268066406,False,NVIDIA_GeForce_RTX_4060_Ti,16,
resnet101,64,64,bf16,30.766544342041016,False,NVIDIA_GeForce_RTX_4060_Ti,16,
resnet101,64,64,fp16,27.51078414916992,False,NVIDIA_GeForce_RTX_4060_Ti,16,
resnet101,64,64,fp32,46.01036834716797,False,NVIDIA_GeForce_RTX_4060_Ti,16,
resnet101,128,16,bf16,28.30387115478516,False,NVIDIA_GeForce_RTX_4060_Ti,16,
resnet101,128,16,fp16,26.850271224975582,False,NVIDIA_GeForce_RTX_4060_Ti,16,
resnet101,128,16,fp32,37.39289474487305,False,NVIDIA_GeForce_RTX_4060_Ti,16,
resnet101,128,32,bf16,46.055423736572266,False,NVIDIA_GeForce_RTX_4060_Ti,16,
resnet101,128,32,fp16,43.49440002441406,False,NVIDIA_GeForce_RTX_4060_Ti,16,
resnet101,128,32,fp32,68.96793365478516,False,NVIDIA_GeForce_RTX_4060_Ti,16,
resnet101,128,64,bf16,88.22932434082031,False,NVIDIA_GeForce_RTX_4060_Ti,16,
resnet101,128,64,fp16,82.97470092773438,False,NVIDIA_GeForce_RTX_4060_Ti,16,
resnet101,128,64,fp32,139.8236083984375,False,NVIDIA_GeForce_RTX_4060_Ti,16,
resnet101,224,16,bf16,58.11558532714844,False,NVIDIA_GeForce_RTX_4060_Ti,16,
resnet101,224,16,fp16,54.55904006958008,False,NVIDIA_GeForce_RTX_4060_Ti,16,
resnet101,224,16,fp32,105.13085174560548,False,NVIDIA_GeForce_RTX_4060_Ti,16,
resnet101,224,32,bf16,117.59446716308594,False,NVIDIA_GeForce_RTX_4060_Ti,16,
resnet101,224,32,fp16,111.39532470703124,False,NVIDIA_GeForce_RTX_4060_Ti,16,
resnet101,224,32,fp32,226.5820159912109,False,NVIDIA_GeForce_RTX_4060_Ti,16,
resnet101,224,64,bf16,251.46163940429688,False,NVIDIA_GeForce_RTX_4060_Ti,16,
resnet101,224,64,fp16,236.71551513671875,False,NVIDIA_GeForce_RTX_4060_Ti,16,
resnet101,224,64,fp32,467.5827941894531,False,NVIDIA_GeForce_RTX_4060_Ti,16,
resnet152,64,16,bf16,26.328575134277344,False,NVIDIA_GeForce_RTX_4060_Ti,16,
resnet152,64,16,fp16,25.610240936279297,False,NVIDIA_GeForce_RTX_4060_Ti,16,
resnet152,64,16,fp32,35.69561767578125,False,NVIDIA_GeForce_RTX_4060_Ti,16,
resnet152,64,32,bf16,31.78083229064941,False,NVIDIA_GeForce_RTX_4060_Ti,16,
resnet152,64,32,fp16,29.7077751159668,False,NVIDIA_GeForce_RTX_4060_Ti,16,
resnet152,64,32,fp32,45.54547119140625,False,NVIDIA_GeForce_RTX_4060_Ti,16,
resnet152,64,64,bf16,43.72531127929688,False,NVIDIA_GeForce_RTX_4060_Ti,16,
resnet152,64,64,fp16,39.07379150390625,False,NVIDIA_GeForce_RTX_4060_Ti,16,
resnet152,64,64,fp32,64.10546875,False,NVIDIA_GeForce_RTX_4060_Ti,16,
resnet152,128,16,bf16,40.3639030456543,False,NVIDIA_GeForce_RTX_4060_Ti,16,
resnet152,128,16,fp16,38.15270233154297,False,NVIDIA_GeForce_RTX_4060_Ti,16,
resnet152,128,16,fp32,51.98489761352539,False,NVIDIA_GeForce_RTX_4060_Ti,16,
resnet152,128,32,bf16,65.77510070800781,False,NVIDIA_GeForce_RTX_4060_Ti,16,
resnet152,128,32,fp16,61.70616149902344,False,NVIDIA_GeForce_RTX_4060_Ti,16,
resnet152,128,32,fp32,94.72862243652344,False,NVIDIA_GeForce_RTX_4060_Ti,16,
resnet152,128,64,bf16,124.86502075195312,False,NVIDIA_GeForce_RTX_4060_Ti,16,
resnet152,128,64,fp16,116.71705627441406,False,NVIDIA_GeForce_RTX_4060_Ti,16,
resnet152,128,64,fp32,194.16729736328125,False,NVIDIA_GeForce_RTX_4060_Ti,16,
resnet152,224,16,bf16,80.81291198730469,False,NVIDIA_GeForce_RTX_4060_Ti,16,
resnet152,224,16,fp16,75.41248321533203,False,NVIDIA_GeForce_RTX_4060_Ti,16,
resnet152,224,16,fp32,145.0557403564453,False,NVIDIA_GeForce_RTX_4060_Ti,16,
resnet152,224,32,bf16,163.37869262695312,False,NVIDIA_GeForce_RTX_4060_Ti,16,
resnet152,224,32,fp16,153.99615478515625,False,NVIDIA_GeForce_RTX_4060_Ti,16,
resnet152,224,32,fp32,315.25018310546875,False,NVIDIA_GeForce_RTX_4060_Ti,16,
resnet152,224,64,bf16,350.2904357910156,False,NVIDIA_GeForce_RTX_4060_Ti,16,
resnet152,224,64,fp16,329.9158935546875,False,NVIDIA_GeForce_RTX_4060_Ti,16,
resnet152,224,64,fp32,658.7791137695312,False,NVIDIA_GeForce_RTX_4060_Ti,16,
resnet18,64,16,bf16,4.340223789215088,False,NVIDIA_GeForce_RTX_4060_Ti,16,
resnet18,64,16,fp16,4.256576061248779,False,NVIDIA_GeForce_RTX_4060_Ti,16,
resnet18,64,16,fp32,6.268928050994873,False,NVIDIA_GeForce_RTX_4060_Ti,16,
resnet18,64,32,bf16,5.066751956939697,False,NVIDIA_GeForce_RTX_4060_Ti,16,
resnet18,64,32,fp16,4.89299201965332,False,NVIDIA_GeForce_RTX_4060_Ti,16,
resnet18,64,32,fp32,6.745984077453613,False,NVIDIA_GeForce_RTX_4060_Ti,16,
resnet18,64,64,bf16,6.6908159255981445,False,NVIDIA_GeForce_RTX_4060_Ti,16,
resnet18,64,64,fp16,6.322688102722168,False,NVIDIA_GeForce_RTX_4060_Ti,16,
resnet18,64,64,fp32,9.157600402832031,False,NVIDIA_GeForce_RTX_4060_Ti,16,
resnet18,128,16,bf16,6.474175930023193,False,NVIDIA_GeForce_RTX_4060_Ti,16,
resnet18,128,16,fp16,6.298079967498779,False,NVIDIA_GeForce_RTX_4060_Ti,16,
resnet18,128,16,fp32,8.37060832977295,False,NVIDIA_GeForce_RTX_4060_Ti,16,
resnet18,128,32,bf16,9.49441623687744,False,NVIDIA_GeForce_RTX_4060_Ti,16,
resnet18,128,32,fp16,9.05724811553955,False,NVIDIA_GeForce_RTX_4060_Ti,16,
resnet18,128,32,fp32,14.459903717041016,False,NVIDIA_GeForce_RTX_4060_Ti,16,
resnet18,128,64,bf16,17.14739227294922,False,NVIDIA_GeForce_RTX_4060_Ti,16,
resnet18,128,64,fp16,16.497055053710938,False,NVIDIA_GeForce_RTX_4060_Ti,16,
resnet18,128,64,fp32,28.12299156188965,False,NVIDIA_GeForce_RTX_4060_Ti,16,
resnet18,224,16,bf16,13.493247985839844,False,NVIDIA_GeForce_RTX_4060_Ti,16,
resnet18,224,16,fp16,12.798975944519045,False,NVIDIA_GeForce_RTX_4060_Ti,16,
resnet18,224,16,fp32,21.99398422241211,False,NVIDIA_GeForce_RTX_4060_Ti,16,
resnet18,224,32,bf16,25.52422332763672,False,NVIDIA_GeForce_RTX_4060_Ti,16,
resnet18,224,32,fp16,24.239103317260746,False,NVIDIA_GeForce_RTX_4060_Ti,16,
resnet18,224,32,fp32,44.28638458251953,False,NVIDIA_GeForce_RTX_4060_Ti,16,
resnet18,224,64,bf16,55.25503921508789,False,NVIDIA_GeForce_RTX_4060_Ti,16,
resnet18,224,64,fp16,49.83225631713867,False,NVIDIA_GeForce_RTX_4060_Ti,16,
resnet18,224,64,fp32,93.00428771972656,False,NVIDIA_GeForce_RTX_4060_Ti,16,
resnet200,64,16,bf16,30.669647216796875,False,NVIDIA_GeForce_RTX_4060_Ti,16,
resnet200,64,16,fp16,29.71023941040039,False,NVIDIA_GeForce_RTX_4060_Ti,16,
resnet200,64,16,fp32,41.34428787231445,False,NVIDIA_GeForce_RTX_4060_Ti,16,
resnet200,64,32,bf16,38.020606994628906,False,NVIDIA_GeForce_RTX_4060_Ti,16,
resnet200,64,32,fp16,35.08736038208008,False,NVIDIA_GeForce_RTX_4060_Ti,16,
resnet200,64,32,fp32,53.9345932006836,False,NVIDIA_GeForce_RTX_4060_Ti,16,
resnet200,64,64,bf16,55.438846588134766,False,NVIDIA_GeForce_RTX_4060_Ti,16,
resnet200,64,64,fp16,49.22060775756836,False,NVIDIA_GeForce_RTX_4060_Ti,16,
resnet200,64,64,fp32,79.04051208496094,False,NVIDIA_GeForce_RTX_4060_Ti,16,
resnet200,128,16,bf16,48.83238220214844,False,NVIDIA_GeForce_RTX_4060_Ti,16,
resnet200,128,16,fp16,45.76038360595703,False,NVIDIA_GeForce_RTX_4060_Ti,16,
resnet200,128,16,fp32,64.12032318115234,False,NVIDIA_GeForce_RTX_4060_Ti,16,
resnet200,128,32,bf16,83.3628158569336,False,NVIDIA_GeForce_RTX_4060_Ti,16,
resnet200,128,32,fp16,77.58029174804688,False,NVIDIA_GeForce_RTX_4060_Ti,16,
resnet200,128,32,fp32,122.68694305419922,False,NVIDIA_GeForce_RTX_4060_Ti,16,
resnet200,128,64,bf16,160.48486328125,False,NVIDIA_GeForce_RTX_4060_Ti,16,
resnet200,128,64,fp16,148.53836059570312,False,NVIDIA_GeForce_RTX_4060_Ti,16,
resnet200,128,64,fp32,265.7633361816406,False,NVIDIA_GeForce_RTX_4060_Ti,16,
resnet200,224,16,bf16,106.65010833740234,False,NVIDIA_GeForce_RTX_4060_Ti,16,
resnet200,224,16,fp16,98.04390716552734,False,NVIDIA_GeForce_RTX_4060_Ti,16,
resnet200,224,16,fp32,195.60397338867188,False,NVIDIA_GeForce_RTX_4060_Ti,16,
resnet200,224,32,bf16,223.0184326171875,False,NVIDIA_GeForce_RTX_4060_Ti,16,
resnet200,224,32,fp16,206.3953857421875,False,NVIDIA_GeForce_RTX_4060_Ti,16,
resnet200,224,32,fp32,429.1404724121094,False,NVIDIA_GeForce_RTX_4060_Ti,16,
resnet200,224,64,bf16,476.3159790039063,False,NVIDIA_GeForce_RTX_4060_Ti,16,
resnet200,224,64,fp16,447.3922119140625,False,NVIDIA_GeForce_RTX_4060_Ti,16,
resnet200,224,64,fp32,,True,NVIDIA_GeForce_RTX_4060_Ti,16,
resnet50,64,16,bf16,10.00543975830078,False,NVIDIA_GeForce_RTX_4060_Ti,16,
resnet50,64,16,fp16,9.711104393005373,False,NVIDIA_GeForce_RTX_4060_Ti,16,
resnet50,64,16,fp32,14.023679733276367,False,NVIDIA_GeForce_RTX_4060_Ti,16,
resnet50,64,32,bf16,12.324864387512209,False,NVIDIA_GeForce_RTX_4060_Ti,16,
resnet50,64,32,fp16,11.494895935058594,False,NVIDIA_GeForce_RTX_4060_Ti,16,
resnet50,64,32,fp32,18.064847946166992,False,NVIDIA_GeForce_RTX_4060_Ti,16,
resnet50,64,64,bf16,17.707008361816406,False,NVIDIA_GeForce_RTX_4060_Ti,16,
resnet50,64,64,fp16,15.929344177246094,False,NVIDIA_GeForce_RTX_4060_Ti,16,
resnet50,64,64,fp32,26.885120391845703,False,NVIDIA_GeForce_RTX_4060_Ti,16,
resnet50,128,16,bf16,15.437824249267578,False,NVIDIA_GeForce_RTX_4060_Ti,16,
resnet50,128,16,fp16,14.536191940307615,False,NVIDIA_GeForce_RTX_4060_Ti,16,
resnet50,128,16,fp32,22.3687686920166,False,NVIDIA_GeForce_RTX_4060_Ti,16,
resnet50,128,32,bf16,26.343936920166016,False,NVIDIA_GeForce_RTX_4060_Ti,16,
resnet50,128,32,fp16,24.769344329833984,False,NVIDIA_GeForce_RTX_4060_Ti,16,
resnet50,128,32,fp32,43.99871826171875,False,NVIDIA_GeForce_RTX_4060_Ti,16,
resnet50,128,64,bf16,52.753265380859375,False,NVIDIA_GeForce_RTX_4060_Ti,16,
resnet50,128,64,fp16,49.39110565185547,False,NVIDIA_GeForce_RTX_4060_Ti,16,
resnet50,128,64,fp32,92.28441619873048,False,NVIDIA_GeForce_RTX_4060_Ti,16,
resnet50,224,16,bf16,36.890625,False,NVIDIA_GeForce_RTX_4060_Ti,16,
resnet50,224,16,fp16,34.408447265625,False,NVIDIA_GeForce_RTX_4060_Ti,16,
resnet50,224,16,fp32,69.33299255371094,False,NVIDIA_GeForce_RTX_4060_Ti,16,
resnet50,224,32,bf16,77.20396423339844,False,NVIDIA_GeForce_RTX_4060_Ti,16,
resnet50,224,32,fp16,72.64134216308594,False,NVIDIA_GeForce_RTX_4060_Ti,16,
resnet50,224,32,fp32,147.18310546875,False,NVIDIA_GeForce_RTX_4060_Ti,16,
resnet50,224,64,bf16,163.91920471191406,False,NVIDIA_GeForce_RTX_4060_Ti,16,
resnet50,224,64,fp16,153.15609741210938,False,NVIDIA_GeForce_RTX_4060_Ti,16,
resnet50,224,64,fp32,301.77069091796875,False,NVIDIA_GeForce_RTX_4060_Ti,16,
resnext101_64x4d,64,16,bf16,31.7300968170166,False,NVIDIA_GeForce_RTX_4060_Ti,16,
resnext101_64x4d,64,16,fp16,31.17601585388184,False,NVIDIA_GeForce_RTX_4060_Ti,16,
resnext101_64x4d,64,16,fp32,50.208255767822266,False,NVIDIA_GeForce_RTX_4060_Ti,16,
resnext101_64x4d,64,32,bf16,40.43673706054688,False,NVIDIA_GeForce_RTX_4060_Ti,16,
resnext101_64x4d,64,32,fp16,38.33385467529297,False,NVIDIA_GeForce_RTX_4060_Ti,16,
resnext101_64x4d,64,32,fp32,76.39807891845703,False,NVIDIA_GeForce_RTX_4060_Ti,16,
resnext101_64x4d,64,64,bf16,57.46022415161133,False,NVIDIA_GeForce_RTX_4060_Ti,16,
resnext101_64x4d,64,64,fp16,52.53766250610352,False,NVIDIA_GeForce_RTX_4060_Ti,16,
resnext101_64x4d,64,64,fp32,127.5220947265625,False,NVIDIA_GeForce_RTX_4060_Ti,16,
resnext101_64x4d,128,16,bf16,46.72256088256836,False,NVIDIA_GeForce_RTX_4060_Ti,16,
resnext101_64x4d,128,16,fp16,44.99660873413086,False,NVIDIA_GeForce_RTX_4060_Ti,16,
resnext101_64x4d,128,16,fp32,95.30419158935548,False,NVIDIA_GeForce_RTX_4060_Ti,16,
resnext101_64x4d,128,32,bf16,77.29459381103516,False,NVIDIA_GeForce_RTX_4060_Ti,16,
resnext101_64x4d,128,32,fp16,74.47291564941406,False,NVIDIA_GeForce_RTX_4060_Ti,16,
resnext101_64x4d,128,32,fp32,173.83168029785156,False,NVIDIA_GeForce_RTX_4060_Ti,16,
resnext101_64x4d,128,64,bf16,155.1027069091797,False,NVIDIA_GeForce_RTX_4060_Ti,16,
resnext101_64x4d,128,64,fp16,146.5338897705078,False,NVIDIA_GeForce_RTX_4060_Ti,16,
resnext101_64x4d,128,64,fp32,372.1541748046875,False,NVIDIA_GeForce_RTX_4060_Ti,16,
resnext101_64x4d,224,16,bf16,119.98054504394533,False,NVIDIA_GeForce_RTX_4060_Ti,16,
resnext101_64x4d,224,16,fp16,114.3531494140625,False,NVIDIA_GeForce_RTX_4060_Ti,16,
resnext101_64x4d,224,16,fp32,263.3881530761719,False,NVIDIA_GeForce_RTX_4060_Ti,16,
resnext101_64x4d,224,32,bf16,246.6983642578125,False,NVIDIA_GeForce_RTX_4060_Ti,16,
resnext101_64x4d,224,32,fp16,234.9424591064453,False,NVIDIA_GeForce_RTX_4060_Ti,16,
resnext101_64x4d,224,32,fp32,486.2167053222656,False,NVIDIA_GeForce_RTX_4060_Ti,16,
resnext101_64x4d,224,64,bf16,516.158447265625,False,NVIDIA_GeForce_RTX_4060_Ti,16,
resnext101_64x4d,224,64,fp16,487.4562377929688,False,NVIDIA_GeForce_RTX_4060_Ti,16,
resnext101_64x4d,224,64,fp32,,True,NVIDIA_GeForce_RTX_4060_Ti,16,
resnext50_32x4d,64,16,bf16,11.242879867553713,False,NVIDIA_GeForce_RTX_4060_Ti,16,
resnext50_32x4d,64,16,fp16,11.35974407196045,False,NVIDIA_GeForce_RTX_4060_Ti,16,
resnext50_32x4d,64,16,fp32,15.257472038269045,False,NVIDIA_GeForce_RTX_4060_Ti,16,
resnext50_32x4d,64,32,bf16,16.60211181640625,False,NVIDIA_GeForce_RTX_4060_Ti,16,
resnext50_32x4d,64,32,fp16,15.569408416748049,False,NVIDIA_GeForce_RTX_4060_Ti,16,
resnext50_32x4d,64,32,fp32,23.254064559936523,False,NVIDIA_GeForce_RTX_4060_Ti,16,
resnext50_32x4d,64,64,bf16,27.34592056274414,False,NVIDIA_GeForce_RTX_4060_Ti,16,
resnext50_32x4d,64,64,fp16,25.2619686126709,False,NVIDIA_GeForce_RTX_4060_Ti,16,
resnext50_32x4d,64,64,fp32,37.46150588989258,False,NVIDIA_GeForce_RTX_4060_Ti,16,
resnext50_32x4d,128,16,bf16,17.837055206298828,False,NVIDIA_GeForce_RTX_4060_Ti,16,
resnext50_32x4d,128,16,fp16,16.90764808654785,False,NVIDIA_GeForce_RTX_4060_Ti,16,
resnext50_32x4d,128,16,fp32,29.57772827148437,False,NVIDIA_GeForce_RTX_4060_Ti,16,
resnext50_32x4d,128,32,bf16,31.461759567260746,False,NVIDIA_GeForce_RTX_4060_Ti,16,
resnext50_32x4d,128,32,fp16,29.538143157958984,False,NVIDIA_GeForce_RTX_4060_Ti,16,
resnext50_32x4d,128,32,fp32,59.03206253051758,False,NVIDIA_GeForce_RTX_4060_Ti,16,
resnext50_32x4d,128,64,bf16,65.83245086669922,False,NVIDIA_GeForce_RTX_4060_Ti,16,
resnext50_32x4d,128,64,fp16,61.77740859985352,False,NVIDIA_GeForce_RTX_4060_Ti,16,
resnext50_32x4d,128,64,fp32,127.3655014038086,False,NVIDIA_GeForce_RTX_4060_Ti,16,
resnext50_32x4d,224,16,bf16,44.07347106933594,False,NVIDIA_GeForce_RTX_4060_Ti,16,
resnext50_32x4d,224,16,fp16,41.69062423706055,False,NVIDIA_GeForce_RTX_4060_Ti,16,
resnext50_32x4d,224,16,fp32,96.6650848388672,False,NVIDIA_GeForce_RTX_4060_Ti,16,
resnext50_32x4d,224,32,bf16,97.96351623535156,False,NVIDIA_GeForce_RTX_4060_Ti,16,
resnext50_32x4d,224,32,fp16,91.31827545166016,False,NVIDIA_GeForce_RTX_4060_Ti,16,
resnext50_32x4d,224,32,fp32,196.0210723876953,False,NVIDIA_GeForce_RTX_4060_Ti,16,
resnext50_32x4d,224,64,bf16,205.51475524902344,False,NVIDIA_GeForce_RTX_4060_Ti,16,
resnext50_32x4d,224,64,fp16,191.6405792236328,False,NVIDIA_GeForce_RTX_4060_Ti,16,
resnext50_32x4d,224,64,fp32,397.7471923828125,False,NVIDIA_GeForce_RTX_4060_Ti,16,
swin_base_patch4_window7_224,64,16,bf16,28.172208786010746,False,NVIDIA_GeForce_RTX_4060_Ti,16,
swin_base_patch4_window7_224,64,16,fp16,28.04871940612793,False,NVIDIA_GeForce_RTX_4060_Ti,16,
swin_base_patch4_window7_224,64,16,fp32,36.25568008422852,False,NVIDIA_GeForce_RTX_4060_Ti,16,
swin_base_patch4_window7_224,64,32,bf16,35.0489616394043,False,NVIDIA_GeForce_RTX_4060_Ti,16,
swin_base_patch4_window7_224,64,32,fp16,34.665470123291016,False,NVIDIA_GeForce_RTX_4060_Ti,16,
swin_base_patch4_window7_224,64,32,fp32,55.05731201171875,False,NVIDIA_GeForce_RTX_4060_Ti,16,
swin_base_patch4_window7_224,64,64,bf16,51.08324813842773,False,NVIDIA_GeForce_RTX_4060_Ti,16,
swin_base_patch4_window7_224,64,64,fp16,50.76988983154297,False,NVIDIA_GeForce_RTX_4060_Ti,16,
swin_base_patch4_window7_224,64,64,fp32,96.2512664794922,False,NVIDIA_GeForce_RTX_4060_Ti,16,
swin_base_patch4_window7_224,128,16,bf16,64.54476928710938,False,NVIDIA_GeForce_RTX_4060_Ti,16,
swin_base_patch4_window7_224,128,16,fp16,63.78847885131836,False,NVIDIA_GeForce_RTX_4060_Ti,16,
swin_base_patch4_window7_224,128,16,fp32,127.7091827392578,False,NVIDIA_GeForce_RTX_4060_Ti,16,
swin_base_patch4_window7_224,128,32,bf16,121.21036529541016,False,NVIDIA_GeForce_RTX_4060_Ti,16,
swin_base_patch4_window7_224,128,32,fp16,120.2359848022461,False,NVIDIA_GeForce_RTX_4060_Ti,16,
swin_base_patch4_window7_224,128,32,fp32,253.1082305908203,False,NVIDIA_GeForce_RTX_4060_Ti,16,
swin_base_patch4_window7_224,128,64,bf16,270.0036926269531,False,NVIDIA_GeForce_RTX_4060_Ti,16,
swin_base_patch4_window7_224,128,64,fp16,269.42974853515625,False,NVIDIA_GeForce_RTX_4060_Ti,16,
swin_base_patch4_window7_224,128,64,fp32,511.5591125488281,False,NVIDIA_GeForce_RTX_4060_Ti,16,
swin_base_patch4_window7_224,224,16,bf16,116.34164428710938,False,NVIDIA_GeForce_RTX_4060_Ti,16,
swin_base_patch4_window7_224,224,16,fp16,115.42169952392578,False,NVIDIA_GeForce_RTX_4060_Ti,16,
swin_base_patch4_window7_224,224,16,fp32,231.66653442382807,False,NVIDIA_GeForce_RTX_4060_Ti,16,
swin_base_patch4_window7_224,224,32,bf16,236.2019500732422,False,NVIDIA_GeForce_RTX_4060_Ti,16,
swin_base_patch4_window7_224,224,32,fp16,234.5548858642578,False,NVIDIA_GeForce_RTX_4060_Ti,16,
swin_base_patch4_window7_224,224,32,fp32,468.9653625488281,False,NVIDIA_GeForce_RTX_4060_Ti,16,
swin_base_patch4_window7_224,224,64,bf16,517.401611328125,False,NVIDIA_GeForce_RTX_4060_Ti,16,
swin_base_patch4_window7_224,224,64,fp16,515.8900756835938,False,NVIDIA_GeForce_RTX_4060_Ti,16,
swin_base_patch4_window7_224,224,64,fp32,,True,NVIDIA_GeForce_RTX_4060_Ti,16,
swin_tiny_patch4_window7_224,64,16,bf16,11.087871551513672,False,NVIDIA_GeForce_RTX_4060_Ti,16,
swin_tiny_patch4_window7_224,64,16,fp16,10.935808181762695,False,NVIDIA_GeForce_RTX_4060_Ti,16,
swin_tiny_patch4_window7_224,64,16,fp32,14.707200050354004,False,NVIDIA_GeForce_RTX_4060_Ti,16,
swin_tiny_patch4_window7_224,64,32,bf16,14.435232162475586,False,NVIDIA_GeForce_RTX_4060_Ti,16,
swin_tiny_patch4_window7_224,64,32,fp16,14.245823860168455,False,NVIDIA_GeForce_RTX_4060_Ti,16,
swin_tiny_patch4_window7_224,64,32,fp32,22.00422477722168,False,NVIDIA_GeForce_RTX_4060_Ti,16,
swin_tiny_patch4_window7_224,64,64,bf16,22.18905639648437,False,NVIDIA_GeForce_RTX_4060_Ti,16,
swin_tiny_patch4_window7_224,64,64,fp16,22.03340721130371,False,NVIDIA_GeForce_RTX_4060_Ti,16,
swin_tiny_patch4_window7_224,64,64,fp32,39.501312255859375,False,NVIDIA_GeForce_RTX_4060_Ti,16,
swin_tiny_patch4_window7_224,128,16,bf16,23.403520584106445,False,NVIDIA_GeForce_RTX_4060_Ti,16,
swin_tiny_patch4_window7_224,128,16,fp16,23.187456130981445,False,NVIDIA_GeForce_RTX_4060_Ti,16,
swin_tiny_patch4_window7_224,128,16,fp32,41.60307312011719,False,NVIDIA_GeForce_RTX_4060_Ti,16,
swin_tiny_patch4_window7_224,128,32,bf16,42.73459243774414,False,NVIDIA_GeForce_RTX_4060_Ti,16,
swin_tiny_patch4_window7_224,128,32,fp16,42.1739501953125,False,NVIDIA_GeForce_RTX_4060_Ti,16,
swin_tiny_patch4_window7_224,128,32,fp32,83.49798583984375,False,NVIDIA_GeForce_RTX_4060_Ti,16,
swin_tiny_patch4_window7_224,128,64,bf16,97.95410919189452,False,NVIDIA_GeForce_RTX_4060_Ti,16,
swin_tiny_patch4_window7_224,128,64,fp16,97.21686553955078,False,NVIDIA_GeForce_RTX_4060_Ti,16,
swin_tiny_patch4_window7_224,128,64,fp32,174.866943359375,False,NVIDIA_GeForce_RTX_4060_Ti,16,
swin_tiny_patch4_window7_224,224,16,bf16,49.21548843383789,False,NVIDIA_GeForce_RTX_4060_Ti,16,
swin_tiny_patch4_window7_224,224,16,fp16,48.74137496948242,False,NVIDIA_GeForce_RTX_4060_Ti,16,
swin_tiny_patch4_window7_224,224,16,fp32,89.20626831054688,False,NVIDIA_GeForce_RTX_4060_Ti,16,
swin_tiny_patch4_window7_224,224,32,bf16,104.376220703125,False,NVIDIA_GeForce_RTX_4060_Ti,16,
swin_tiny_patch4_window7_224,224,32,fp16,103.68204498291016,False,NVIDIA_GeForce_RTX_4060_Ti,16,
swin_tiny_patch4_window7_224,224,32,fp32,185.42437744140625,False,NVIDIA_GeForce_RTX_4060_Ti,16,
swin_tiny_patch4_window7_224,224,64,bf16,224.64512634277344,False,NVIDIA_GeForce_RTX_4060_Ti,16,
swin_tiny_patch4_window7_224,224,64,fp16,223.75973510742188,False,NVIDIA_GeForce_RTX_4060_Ti,16,
swin_tiny_patch4_window7_224,224,64,fp32,377.9635314941406,False,NVIDIA_GeForce_RTX_4060_Ti,16,
swinv2_cr_tiny_ns_224,64,16,bf16,11.84404754638672,False,NVIDIA_GeForce_RTX_4060_Ti,16,
swinv2_cr_tiny_ns_224,64,16,fp16,11.720015525817873,False,NVIDIA_GeForce_RTX_4060_Ti,16,
swinv2_cr_tiny_ns_224,64,16,fp32,14.920000076293944,False,NVIDIA_GeForce_RTX_4060_Ti,16,
swinv2_cr_tiny_ns_224,64,32,bf16,14.845279693603516,False,NVIDIA_GeForce_RTX_4060_Ti,16,
swinv2_cr_tiny_ns_224,64,32,fp16,14.68404769897461,False,NVIDIA_GeForce_RTX_4060_Ti,16,
swinv2_cr_tiny_ns_224,64,32,fp32,21.843456268310547,False,NVIDIA_GeForce_RTX_4060_Ti,16,
swinv2_cr_tiny_ns_224,64,64,bf16,21.47430419921875,False,NVIDIA_GeForce_RTX_4060_Ti,16,
swinv2_cr_tiny_ns_224,64,64,fp16,21.16454315185547,False,NVIDIA_GeForce_RTX_4060_Ti,16,
swinv2_cr_tiny_ns_224,64,64,fp32,36.38614273071289,False,NVIDIA_GeForce_RTX_4060_Ti,16,
swinv2_cr_tiny_ns_224,128,16,bf16,20.93044853210449,False,NVIDIA_GeForce_RTX_4060_Ti,16,
swinv2_cr_tiny_ns_224,128,16,fp16,20.740095138549805,False,NVIDIA_GeForce_RTX_4060_Ti,16,
swinv2_cr_tiny_ns_224,128,16,fp32,32.35123062133789,False,NVIDIA_GeForce_RTX_4060_Ti,16,
swinv2_cr_tiny_ns_224,128,32,bf16,36.15641784667969,False,NVIDIA_GeForce_RTX_4060_Ti,16,
swinv2_cr_tiny_ns_224,128,32,fp16,36.001583099365234,False,NVIDIA_GeForce_RTX_4060_Ti,16,
swinv2_cr_tiny_ns_224,128,32,fp32,61.975040435791016,False,NVIDIA_GeForce_RTX_4060_Ti,16,
swinv2_cr_tiny_ns_224,128,64,bf16,76.6566390991211,False,NVIDIA_GeForce_RTX_4060_Ti,16,
swinv2_cr_tiny_ns_224,128,64,fp16,76.3663330078125,False,NVIDIA_GeForce_RTX_4060_Ti,16,
swinv2_cr_tiny_ns_224,128,64,fp32,129.0634307861328,False,NVIDIA_GeForce_RTX_4060_Ti,16,
swinv2_cr_tiny_ns_224,224,16,bf16,65.80941009521484,False,NVIDIA_GeForce_RTX_4060_Ti,16,
swinv2_cr_tiny_ns_224,224,16,fp16,65.39571380615234,False,NVIDIA_GeForce_RTX_4060_Ti,16,
swinv2_cr_tiny_ns_224,224,16,fp32,104.52531433105467,False,NVIDIA_GeForce_RTX_4060_Ti,16,
swinv2_cr_tiny_ns_224,224,32,bf16,147.53176879882812,False,NVIDIA_GeForce_RTX_4060_Ti,16,
swinv2_cr_tiny_ns_224,224,32,fp16,146.6378173828125,False,NVIDIA_GeForce_RTX_4060_Ti,16,
swinv2_cr_tiny_ns_224,224,32,fp32,221.41542053222656,False,NVIDIA_GeForce_RTX_4060_Ti,16,
swinv2_cr_tiny_ns_224,224,64,bf16,320.81451416015625,False,NVIDIA_GeForce_RTX_4060_Ti,16,
swinv2_cr_tiny_ns_224,224,64,fp16,319.8320617675781,False,NVIDIA_GeForce_RTX_4060_Ti,16,
swinv2_cr_tiny_ns_224,224,64,fp32,456.0173950195313,False,NVIDIA_GeForce_RTX_4060_Ti,16,
twins_pcpvt_small,64,16,bf16,10.711551666259766,False,NVIDIA_GeForce_RTX_4060_Ti,16,
twins_pcpvt_small,64,16,fp16,10.53268814086914,False,NVIDIA_GeForce_RTX_4060_Ti,16,
twins_pcpvt_small,64,16,fp32,13.06777572631836,False,NVIDIA_GeForce_RTX_4060_Ti,16,
twins_pcpvt_small,64,32,bf16,13.004688262939451,False,NVIDIA_GeForce_RTX_4060_Ti,16,
twins_pcpvt_small,64,32,fp16,13.20089626312256,False,NVIDIA_GeForce_RTX_4060_Ti,16,
twins_pcpvt_small,64,32,fp32,18.461183547973636,False,NVIDIA_GeForce_RTX_4060_Ti,16,
twins_pcpvt_small,64,64,bf16,18.903440475463867,False,NVIDIA_GeForce_RTX_4060_Ti,16,
twins_pcpvt_small,64,64,fp16,18.74278450012207,False,NVIDIA_GeForce_RTX_4060_Ti,16,
twins_pcpvt_small,64,64,fp32,29.4213924407959,False,NVIDIA_GeForce_RTX_4060_Ti,16,
twins_pcpvt_small,128,16,bf16,17.53241539001465,False,NVIDIA_GeForce_RTX_4060_Ti,16,
twins_pcpvt_small,128,16,fp16,17.553407669067383,False,NVIDIA_GeForce_RTX_4060_Ti,16,
twins_pcpvt_small,128,16,fp32,27.820032119750977,False,NVIDIA_GeForce_RTX_4060_Ti,16,
twins_pcpvt_small,128,32,bf16,28.571008682250977,False,NVIDIA_GeForce_RTX_4060_Ti,16,
twins_pcpvt_small,128,32,fp16,28.50713539123535,False,NVIDIA_GeForce_RTX_4060_Ti,16,
twins_pcpvt_small,128,32,fp32,49.54463958740234,False,NVIDIA_GeForce_RTX_4060_Ti,16,
twins_pcpvt_small,128,64,bf16,54.03084945678711,False,NVIDIA_GeForce_RTX_4060_Ti,16,
twins_pcpvt_small,128,64,fp16,53.951454162597656,False,NVIDIA_GeForce_RTX_4060_Ti,16,
twins_pcpvt_small,128,64,fp32,95.51041412353516,False,NVIDIA_GeForce_RTX_4060_Ti,16,
twins_pcpvt_small,224,16,bf16,42.55022430419922,False,NVIDIA_GeForce_RTX_4060_Ti,16,
twins_pcpvt_small,224,16,fp16,42.4719352722168,False,NVIDIA_GeForce_RTX_4060_Ti,16,
twins_pcpvt_small,224,16,fp32,76.38623809814453,False,NVIDIA_GeForce_RTX_4060_Ti,16,
twins_pcpvt_small,224,32,bf16,84.45388793945312,False,NVIDIA_GeForce_RTX_4060_Ti,16,
twins_pcpvt_small,224,32,fp16,84.21150207519531,False,NVIDIA_GeForce_RTX_4060_Ti,16,
twins_pcpvt_small,224,32,fp32,147.99769592285156,False,NVIDIA_GeForce_RTX_4060_Ti,16,
twins_pcpvt_small,224,64,bf16,179.0382080078125,False,NVIDIA_GeForce_RTX_4060_Ti,16,
twins_pcpvt_small,224,64,fp16,178.6956787109375,False,NVIDIA_GeForce_RTX_4060_Ti,16,
twins_pcpvt_small,224,64,fp32,299.1183776855469,False,NVIDIA_GeForce_RTX_4060_Ti,16,
twins_svt_small,64,16,bf16,12.294143676757812,False,NVIDIA_GeForce_RTX_4060_Ti,16,
twins_svt_small,64,16,fp16,12.23423957824707,False,NVIDIA_GeForce_RTX_4060_Ti,16,
twins_svt_small,64,16,fp32,14.323200225830078,False,NVIDIA_GeForce_RTX_4060_Ti,16,
twins_svt_small,64,32,bf16,16.651775360107422,False,NVIDIA_GeForce_RTX_4060_Ti,16,
twins_svt_small,64,32,fp16,16.905216217041016,False,NVIDIA_GeForce_RTX_4060_Ti,16,
twins_svt_small,64,32,fp32,20.908544540405277,False,NVIDIA_GeForce_RTX_4060_Ti,16,
twins_svt_small,64,64,bf16,26.912256240844727,False,NVIDIA_GeForce_RTX_4060_Ti,16,
twins_svt_small,64,64,fp16,26.83340835571289,False,NVIDIA_GeForce_RTX_4060_Ti,16,
twins_svt_small,64,64,fp32,35.18207931518555,False,NVIDIA_GeForce_RTX_4060_Ti,16,
twins_svt_small,128,16,bf16,21.167600631713867,False,NVIDIA_GeForce_RTX_4060_Ti,16,
twins_svt_small,128,16,fp16,21.112831115722656,False,NVIDIA_GeForce_RTX_4060_Ti,16,
twins_svt_small,128,16,fp32,28.289535522460938,False,NVIDIA_GeForce_RTX_4060_Ti,16,
twins_svt_small,128,32,bf16,36.411903381347656,False,NVIDIA_GeForce_RTX_4060_Ti,16,
twins_svt_small,128,32,fp16,36.33049774169922,False,NVIDIA_GeForce_RTX_4060_Ti,16,
twins_svt_small,128,32,fp32,52.60492706298828,False,NVIDIA_GeForce_RTX_4060_Ti,16,
twins_svt_small,128,64,bf16,77.09625244140625,False,NVIDIA_GeForce_RTX_4060_Ti,16,
twins_svt_small,128,64,fp16,77.09286499023438,False,NVIDIA_GeForce_RTX_4060_Ti,16,
twins_svt_small,128,64,fp32,109.90420532226562,False,NVIDIA_GeForce_RTX_4060_Ti,16,
twins_svt_small,224,16,bf16,39.658958435058594,False,NVIDIA_GeForce_RTX_4060_Ti,16,
twins_svt_small,224,16,fp16,39.47468948364258,False,NVIDIA_GeForce_RTX_4060_Ti,16,
twins_svt_small,224,16,fp32,62.5600814819336,False,NVIDIA_GeForce_RTX_4060_Ti,16,
twins_svt_small,224,32,bf16,79.81568145751953,False,NVIDIA_GeForce_RTX_4060_Ti,16,
twins_svt_small,224,32,fp16,79.61241912841797,False,NVIDIA_GeForce_RTX_4060_Ti,16,
twins_svt_small,224,32,fp32,124.380126953125,False,NVIDIA_GeForce_RTX_4060_Ti,16,
twins_svt_small,224,64,bf16,171.73452758789062,False,NVIDIA_GeForce_RTX_4060_Ti,16,
twins_svt_small,224,64,fp16,171.8849334716797,False,NVIDIA_GeForce_RTX_4060_Ti,16,
twins_svt_small,224,64,fp32,257.46636962890625,False,NVIDIA_GeForce_RTX_4060_Ti,16,
vit_base_patch16_224,64,16,bf16,24.539648056030277,False,NVIDIA_GeForce_RTX_4060_Ti,16,
vit_base_patch16_224,64,16,fp16,24.5021915435791,False,NVIDIA_GeForce_RTX_4060_Ti,16,
vit_base_patch16_224,64,16,fp32,31.603200912475582,False,NVIDIA_GeForce_RTX_4060_Ti,16,
vit_base_patch16_224,64,32,bf16,30.306304931640625,False,NVIDIA_GeForce_RTX_4060_Ti,16,
vit_base_patch16_224,64,32,fp16,30.225919723510746,False,NVIDIA_GeForce_RTX_4060_Ti,16,
vit_base_patch16_224,64,32,fp32,44.844032287597656,False,NVIDIA_GeForce_RTX_4060_Ti,16,
vit_base_patch16_224,64,64,bf16,39.79929733276367,False,NVIDIA_GeForce_RTX_4060_Ti,16,
vit_base_patch16_224,64,64,fp16,39.52171325683594,False,NVIDIA_GeForce_RTX_4060_Ti,16,
vit_base_patch16_224,64,64,fp32,70.49830627441406,False,NVIDIA_GeForce_RTX_4060_Ti,16,
vit_base_patch16_224,128,16,bf16,37.59462356567383,False,NVIDIA_GeForce_RTX_4060_Ti,16,
vit_base_patch16_224,128,16,fp16,37.08975982666016,False,NVIDIA_GeForce_RTX_4060_Ti,16,
vit_base_patch16_224,128,16,fp32,70.47459411621094,False,NVIDIA_GeForce_RTX_4060_Ti,16,
vit_base_patch16_224,128,32,bf16,55.98515319824219,False,NVIDIA_GeForce_RTX_4060_Ti,16,
vit_base_patch16_224,128,32,fp16,55.8023681640625,False,NVIDIA_GeForce_RTX_4060_Ti,16,
vit_base_patch16_224,128,32,fp32,123.43389129638672,False,NVIDIA_GeForce_RTX_4060_Ti,16,
vit_base_patch16_224,128,64,bf16,99.81491088867188,False,NVIDIA_GeForce_RTX_4060_Ti,16,
vit_base_patch16_224,128,64,fp16,98.9486083984375,False,NVIDIA_GeForce_RTX_4060_Ti,16,
vit_base_patch16_224,128,64,fp32,236.3304901123047,False,NVIDIA_GeForce_RTX_4060_Ti,16,
vit_base_patch16_224,224,16,bf16,76.23577880859375,False,NVIDIA_GeForce_RTX_4060_Ti,16,
vit_base_patch16_224,224,16,fp16,76.2081298828125,False,NVIDIA_GeForce_RTX_4060_Ti,16,
vit_base_patch16_224,224,16,fp32,190.4220123291016,False,NVIDIA_GeForce_RTX_4060_Ti,16,
vit_base_patch16_224,224,32,bf16,145.04908752441406,False,NVIDIA_GeForce_RTX_4060_Ti,16,
vit_base_patch16_224,224,32,fp16,144.47769165039062,False,NVIDIA_GeForce_RTX_4060_Ti,16,
vit_base_patch16_224,224,32,fp32,368.845703125,False,NVIDIA_GeForce_RTX_4060_Ti,16,
vit_base_patch16_224,224,64,bf16,283.6498413085937,False,NVIDIA_GeForce_RTX_4060_Ti,16,
vit_base_patch16_224,224,64,fp16,282.3944396972656,False,NVIDIA_GeForce_RTX_4060_Ti,16,
vit_base_patch16_224,224,64,fp32,719.278076171875,False,NVIDIA_GeForce_RTX_4060_Ti,16,
vit_large_patch16_224,64,16,bf16,86.90425872802734,False,NVIDIA_GeForce_RTX_4060_Ti,16,
vit_large_patch16_224,64,16,fp16,86.57766723632812,False,NVIDIA_GeForce_RTX_4060_Ti,16,
vit_large_patch16_224,64,16,fp32,107.8358917236328,False,NVIDIA_GeForce_RTX_4060_Ti,16,
vit_large_patch16_224,64,32,bf16,101.7475357055664,False,NVIDIA_GeForce_RTX_4060_Ti,16,
vit_large_patch16_224,64,32,fp16,101.74208068847656,False,NVIDIA_GeForce_RTX_4060_Ti,16,
vit_large_patch16_224,64,32,fp32,151.97332763671875,False,NVIDIA_GeForce_RTX_4060_Ti,16,
vit_large_patch16_224,64,64,bf16,134.5602569580078,False,NVIDIA_GeForce_RTX_4060_Ti,16,
vit_large_patch16_224,64,64,fp16,132.9976348876953,False,NVIDIA_GeForce_RTX_4060_Ti,16,
vit_large_patch16_224,64,64,fp32,242.96017456054688,False,NVIDIA_GeForce_RTX_4060_Ti,16,
vit_large_patch16_224,128,16,bf16,127.97132873535156,False,NVIDIA_GeForce_RTX_4060_Ti,16,
vit_large_patch16_224,128,16,fp16,124.98738861083984,False,NVIDIA_GeForce_RTX_4060_Ti,16,
vit_large_patch16_224,128,16,fp32,243.63877868652344,False,NVIDIA_GeForce_RTX_4060_Ti,16,
vit_large_patch16_224,128,32,bf16,188.4040985107422,False,NVIDIA_GeForce_RTX_4060_Ti,16,
vit_large_patch16_224,128,32,fp16,187.80569458007807,False,NVIDIA_GeForce_RTX_4060_Ti,16,
vit_large_patch16_224,128,32,fp32,416.9609069824219,False,NVIDIA_GeForce_RTX_4060_Ti,16,
vit_large_patch16_224,128,64,bf16,329.32916259765625,False,NVIDIA_GeForce_RTX_4060_Ti,16,
vit_large_patch16_224,128,64,fp16,328.23858642578125,False,NVIDIA_GeForce_RTX_4060_Ti,16,
vit_large_patch16_224,128,64,fp32,779.3300170898438,False,NVIDIA_GeForce_RTX_4060_Ti,16,
vit_large_patch16_224,224,16,bf16,255.60986328125,False,NVIDIA_GeForce_RTX_4060_Ti,16,
vit_large_patch16_224,224,16,fp16,255.4376220703125,False,NVIDIA_GeForce_RTX_4060_Ti,16,
vit_large_patch16_224,224,16,fp32,631.499267578125,False,NVIDIA_GeForce_RTX_4060_Ti,16,
vit_large_patch16_224,224,32,bf16,472.57037353515625,False,NVIDIA_GeForce_RTX_4060_Ti,16,
vit_large_patch16_224,224,32,fp16,471.6532287597656,False,NVIDIA_GeForce_RTX_4060_Ti,16,
vit_large_patch16_224,224,32,fp32,3762.033203125,False,NVIDIA_GeForce_RTX_4060_Ti,16,slow_outlier
vit_large_patch16_224,224,64,bf16,,True,NVIDIA_GeForce_RTX_4060_Ti,16,
vit_large_patch16_224,224,64,fp16,,True,NVIDIA_GeForce_RTX_4060_Ti,16,
vit_large_patch16_224,224,64,fp32,,True,NVIDIA_GeForce_RTX_4060_Ti,16,
vit_small_patch16_224,64,16,bf16,7.514624118804932,False,NVIDIA_GeForce_RTX_4060_Ti,16,
vit_small_patch16_224,64,16,fp16,7.49721622467041,False,NVIDIA_GeForce_RTX_4060_Ti,16,
vit_small_patch16_224,64,16,fp32,10.183168411254885,False,NVIDIA_GeForce_RTX_4060_Ti,16,
vit_small_patch16_224,64,32,bf16,9.200639724731444,False,NVIDIA_GeForce_RTX_4060_Ti,16,
vit_small_patch16_224,64,32,fp16,9.248751640319824,False,NVIDIA_GeForce_RTX_4060_Ti,16,
vit_small_patch16_224,64,32,fp32,13.731328010559082,False,NVIDIA_GeForce_RTX_4060_Ti,16,
vit_small_patch16_224,64,64,bf16,13.093376159667969,False,NVIDIA_GeForce_RTX_4060_Ti,16,
vit_small_patch16_224,64,64,fp16,12.74777603149414,False,NVIDIA_GeForce_RTX_4060_Ti,16,
vit_small_patch16_224,64,64,fp32,21.651456832885746,False,NVIDIA_GeForce_RTX_4060_Ti,16,
vit_small_patch16_224,128,16,bf16,12.058624267578123,False,NVIDIA_GeForce_RTX_4060_Ti,16,
vit_small_patch16_224,128,16,fp16,11.75489616394043,False,NVIDIA_GeForce_RTX_4060_Ti,16,
vit_small_patch16_224,128,16,fp32,21.980112075805664,False,NVIDIA_GeForce_RTX_4060_Ti,16,
vit_small_patch16_224,128,32,bf16,17.61689567565918,False,NVIDIA_GeForce_RTX_4060_Ti,16,
vit_small_patch16_224,128,32,fp16,17.51398468017578,False,NVIDIA_GeForce_RTX_4060_Ti,16,
vit_small_patch16_224,128,32,fp32,38.95808029174805,False,NVIDIA_GeForce_RTX_4060_Ti,16,
vit_small_patch16_224,128,64,bf16,30.55001640319824,False,NVIDIA_GeForce_RTX_4060_Ti,16,
vit_small_patch16_224,128,64,fp16,30.300159454345703,False,NVIDIA_GeForce_RTX_4060_Ti,16,
vit_small_patch16_224,128,64,fp32,72.66252899169922,False,NVIDIA_GeForce_RTX_4060_Ti,16,
vit_small_patch16_224,224,16,bf16,24.786943435668945,False,NVIDIA_GeForce_RTX_4060_Ti,16,
vit_small_patch16_224,224,16,fp16,24.61440086364746,False,NVIDIA_GeForce_RTX_4060_Ti,16,
vit_small_patch16_224,224,16,fp32,60.43392181396485,False,NVIDIA_GeForce_RTX_4060_Ti,16,
vit_small_patch16_224,224,32,bf16,45.30534362792969,False,NVIDIA_GeForce_RTX_4060_Ti,16,
vit_small_patch16_224,224,32,fp16,45.08979034423828,False,NVIDIA_GeForce_RTX_4060_Ti,16,
vit_small_patch16_224,224,32,fp32,118.8975830078125,False,NVIDIA_GeForce_RTX_4060_Ti,16,
vit_small_patch16_224,224,64,bf16,97.01529693603516,False,NVIDIA_GeForce_RTX_4060_Ti,16,
vit_small_patch16_224,224,64,fp16,96.17664337158205,False,NVIDIA_GeForce_RTX_4060_Ti,16,
vit_small_patch16_224,224,64,fp32,236.74603271484372,False,NVIDIA_GeForce_RTX_4060_Ti,16,
vit_tiny_patch16_224,64,16,bf16,3.2209761142730717,False,NVIDIA_GeForce_RTX_4060_Ti,16,
vit_tiny_patch16_224,64,16,fp16,3.14572811126709,False,NVIDIA_GeForce_RTX_4060_Ti,16,
vit_tiny_patch16_224,64,16,fp32,3.916287899017334,False,NVIDIA_GeForce_RTX_4060_Ti,16,
vit_tiny_patch16_224,64,32,bf16,4.101632118225098,False,NVIDIA_GeForce_RTX_4060_Ti,16,
vit_tiny_patch16_224,64,32,fp16,4.135424137115479,False,NVIDIA_GeForce_RTX_4060_Ti,16,
vit_tiny_patch16_224,64,32,fp32,6.253392219543457,False,NVIDIA_GeForce_RTX_4060_Ti,16,
vit_tiny_patch16_224,64,64,bf16,5.20908784866333,False,NVIDIA_GeForce_RTX_4060_Ti,16,
vit_tiny_patch16_224,64,64,fp16,5.181951999664307,False,NVIDIA_GeForce_RTX_4060_Ti,16,
vit_tiny_patch16_224,64,64,fp32,7.965695858001709,False,NVIDIA_GeForce_RTX_4060_Ti,16,
vit_tiny_patch16_224,128,16,bf16,4.7876482009887695,False,NVIDIA_GeForce_RTX_4060_Ti,16,
vit_tiny_patch16_224,128,16,fp16,4.77780818939209,False,NVIDIA_GeForce_RTX_4060_Ti,16,
vit_tiny_patch16_224,128,16,fp32,8.263551712036133,False,NVIDIA_GeForce_RTX_4060_Ti,16,
vit_tiny_patch16_224,128,32,bf16,7.1536641120910645,False,NVIDIA_GeForce_RTX_4060_Ti,16,
vit_tiny_patch16_224,128,32,fp16,7.112175941467285,False,NVIDIA_GeForce_RTX_4060_Ti,16,
vit_tiny_patch16_224,128,32,fp32,13.895503997802734,False,NVIDIA_GeForce_RTX_4060_Ti,16,
vit_tiny_patch16_224,128,64,bf16,11.854288101196287,False,NVIDIA_GeForce_RTX_4060_Ti,16,
vit_tiny_patch16_224,128,64,fp16,11.794927597045898,False,NVIDIA_GeForce_RTX_4060_Ti,16,
vit_tiny_patch16_224,128,64,fp32,25.995088577270508,False,NVIDIA_GeForce_RTX_4060_Ti,16,
vit_tiny_patch16_224,224,16,bf16,9.478544235229492,False,NVIDIA_GeForce_RTX_4060_Ti,16,
vit_tiny_patch16_224,224,16,fp16,9.42796802520752,False,NVIDIA_GeForce_RTX_4060_Ti,16,
vit_tiny_patch16_224,224,16,fp32,22.14143943786621,False,NVIDIA_GeForce_RTX_4060_Ti,16,
vit_tiny_patch16_224,224,32,bf16,18.650623321533203,False,NVIDIA_GeForce_RTX_4060_Ti,16,
vit_tiny_patch16_224,224,32,fp16,18.41187286376953,False,NVIDIA_GeForce_RTX_4060_Ti,16,
vit_tiny_patch16_224,224,32,fp32,42.71718215942383,False,NVIDIA_GeForce_RTX_4060_Ti,16,
vit_tiny_patch16_224,224,64,bf16,36.73028945922852,False,NVIDIA_GeForce_RTX_4060_Ti,16,
vit_tiny_patch16_224,224,64,fp16,36.545536041259766,False,NVIDIA_GeForce_RTX_4060_Ti,16,
vit_tiny_patch16_224,224,64,fp32,86.95893096923828,False,NVIDIA_GeForce_RTX_4060_Ti,16,
wide_resnet101_2,64,16,bf16,47.03948974609375,False,NVIDIA_GeForce_RTX_4060_Ti,16,
wide_resnet101_2,64,16,fp16,48.967681884765625,False,NVIDIA_GeForce_RTX_4060_Ti,16,
wide_resnet101_2,64,16,fp32,56.969215393066406,False,NVIDIA_GeForce_RTX_4060_Ti,16,
wide_resnet101_2,64,32,bf16,62.79372787475586,False,NVIDIA_GeForce_RTX_4060_Ti,16,
wide_resnet101_2,64,32,fp16,61.38009643554688,False,NVIDIA_GeForce_RTX_4060_Ti,16,
wide_resnet101_2,64,32,fp32,75.31980895996094,False,NVIDIA_GeForce_RTX_4060_Ti,16,
wide_resnet101_2,64,64,bf16,91.7391357421875,False,NVIDIA_GeForce_RTX_4060_Ti,16,
wide_resnet101_2,64,64,fp16,88.281982421875,False,NVIDIA_GeForce_RTX_4060_Ti,16,
wide_resnet101_2,64,64,fp32,96.97382354736328,False,NVIDIA_GeForce_RTX_4060_Ti,16,
wide_resnet101_2,128,16,bf16,65.33148956298828,False,NVIDIA_GeForce_RTX_4060_Ti,16,
wide_resnet101_2,128,16,fp16,63.79209518432617,False,NVIDIA_GeForce_RTX_4060_Ti,16,
wide_resnet101_2,128,16,fp32,83.76934051513672,False,NVIDIA_GeForce_RTX_4060_Ti,16,
wide_resnet101_2,128,32,bf16,100.80390167236328,False,NVIDIA_GeForce_RTX_4060_Ti,16,
wide_resnet101_2,128,32,fp16,97.36140441894533,False,NVIDIA_GeForce_RTX_4060_Ti,16,
wide_resnet101_2,128,32,fp32,143.5714569091797,False,NVIDIA_GeForce_RTX_4060_Ti,16,
wide_resnet101_2,128,64,bf16,176.07254028320312,False,NVIDIA_GeForce_RTX_4060_Ti,16,
wide_resnet101_2,128,64,fp16,169.1022186279297,False,NVIDIA_GeForce_RTX_4060_Ti,16,
wide_resnet101_2,128,64,fp32,272.7227783203125,False,NVIDIA_GeForce_RTX_4060_Ti,16,
wide_resnet101_2,224,16,bf16,125.3391342163086,False,NVIDIA_GeForce_RTX_4060_Ti,16,
wide_resnet101_2,224,16,fp16,121.38219451904295,False,NVIDIA_GeForce_RTX_4060_Ti,16,
wide_resnet101_2,224,16,fp32,220.7093811035156,False,NVIDIA_GeForce_RTX_4060_Ti,16,
wide_resnet101_2,224,32,bf16,233.37420654296875,False,NVIDIA_GeForce_RTX_4060_Ti,16,
wide_resnet101_2,224,32,fp16,225.95481872558597,False,NVIDIA_GeForce_RTX_4060_Ti,16,
wide_resnet101_2,224,32,fp32,424.65228271484375,False,NVIDIA_GeForce_RTX_4060_Ti,16,
wide_resnet101_2,224,64,bf16,449.977294921875,False,NVIDIA_GeForce_RTX_4060_Ti,16,
wide_resnet101_2,224,64,fp16,432.4720764160156,False,NVIDIA_GeForce_RTX_4060_Ti,16,
wide_resnet101_2,224,64,fp32,845.3399658203125,False,NVIDIA_GeForce_RTX_4060_Ti,16,
xcit_small_12_p16_224,64,16,bf16,12.600831985473633,False,NVIDIA_GeForce_RTX_4060_Ti,16,
xcit_small_12_p16_224,64,16,fp16,12.549519538879396,False,NVIDIA_GeForce_RTX_4060_Ti,16,
xcit_small_12_p16_224,64,16,fp32,15.025664329528809,False,NVIDIA_GeForce_RTX_4060_Ti,16,
xcit_small_12_p16_224,64,32,bf16,15.522159576416016,False,NVIDIA_GeForce_RTX_4060_Ti,16,
xcit_small_12_p16_224,64,32,fp16,15.284704208374023,False,NVIDIA_GeForce_RTX_4060_Ti,16,
xcit_small_12_p16_224,64,32,fp32,21.190080642700195,False,NVIDIA_GeForce_RTX_4060_Ti,16,
xcit_small_12_p16_224,64,64,bf16,21.476863861083984,False,NVIDIA_GeForce_RTX_4060_Ti,16,
xcit_small_12_p16_224,64,64,fp16,21.09379196166992,False,NVIDIA_GeForce_RTX_4060_Ti,16,
xcit_small_12_p16_224,64,64,fp32,33.43155288696289,False,NVIDIA_GeForce_RTX_4060_Ti,16,
xcit_small_12_p16_224,128,16,bf16,20.28267288208008,False,NVIDIA_GeForce_RTX_4060_Ti,16,
xcit_small_12_p16_224,128,16,fp16,20.089807510375977,False,NVIDIA_GeForce_RTX_4060_Ti,16,
xcit_small_12_p16_224,128,16,fp32,29.951488494873047,False,NVIDIA_GeForce_RTX_4060_Ti,16,
xcit_small_12_p16_224,128,32,bf16,31.46684837341309,False,NVIDIA_GeForce_RTX_4060_Ti,16,
xcit_small_12_p16_224,128,32,fp16,31.073280334472656,False,NVIDIA_GeForce_RTX_4060_Ti,16,
xcit_small_12_p16_224,128,32,fp32,53.41900634765625,False,NVIDIA_GeForce_RTX_4060_Ti,16,
xcit_small_12_p16_224,128,64,bf16,58.33369445800781,False,NVIDIA_GeForce_RTX_4060_Ti,16,
xcit_small_12_p16_224,128,64,fp16,57.90310287475586,False,NVIDIA_GeForce_RTX_4060_Ti,16,
xcit_small_12_p16_224,128,64,fp32,101.88031768798828,False,NVIDIA_GeForce_RTX_4060_Ti,16,
xcit_small_12_p16_224,224,16,bf16,46.304046630859375,False,NVIDIA_GeForce_RTX_4060_Ti,16,
xcit_small_12_p16_224,224,16,fp16,45.78550338745117,False,NVIDIA_GeForce_RTX_4060_Ti,16,
xcit_small_12_p16_224,224,16,fp32,77.98528289794922,False,NVIDIA_GeForce_RTX_4060_Ti,16,
xcit_small_12_p16_224,224,32,bf16,94.1470718383789,False,NVIDIA_GeForce_RTX_4060_Ti,16,
xcit_small_12_p16_224,224,32,fp16,92.81279754638672,False,NVIDIA_GeForce_RTX_4060_Ti,16,
xcit_small_12_p16_224,224,32,fp32,160.8763427734375,False,NVIDIA_GeForce_RTX_4060_Ti,16,
xcit_small_12_p16_224,224,64,bf16,213.64019775390625,False,NVIDIA_GeForce_RTX_4060_Ti,16,
xcit_small_12_p16_224,224,64,fp16,212.08627319335935,False,NVIDIA_GeForce_RTX_4060_Ti,16,
xcit_small_12_p16_224,224,64,fp32,351.1048583984375,False,NVIDIA_GeForce_RTX_4060_Ti,16,
xcit_tiny_12_p16_224,64,16,bf16,7.525887966156006,False,NVIDIA_GeForce_RTX_4060_Ti,16,
xcit_tiny_12_p16_224,64,16,fp16,6.867807865142822,False,NVIDIA_GeForce_RTX_4060_Ti,16,
xcit_tiny_12_p16_224,64,16,fp32,8.062368392944336,False,NVIDIA_GeForce_RTX_4060_Ti,16,
xcit_tiny_12_p16_224,64,32,bf16,9.210847854614258,False,NVIDIA_GeForce_RTX_4060_Ti,16,
xcit_tiny_12_p16_224,64,32,fp16,8.293375968933105,False,NVIDIA_GeForce_RTX_4060_Ti,16,
xcit_tiny_12_p16_224,64,32,fp32,10.283519744873049,False,NVIDIA_GeForce_RTX_4060_Ti,16,
xcit_tiny_12_p16_224,64,64,bf16,11.750911712646484,False,NVIDIA_GeForce_RTX_4060_Ti,16,
xcit_tiny_12_p16_224,64,64,fp16,11.54099178314209,False,NVIDIA_GeForce_RTX_4060_Ti,16,
xcit_tiny_12_p16_224,64,64,fp32,15.483903884887695,False,NVIDIA_GeForce_RTX_4060_Ti,16,
xcit_tiny_12_p16_224,128,16,bf16,11.52289581298828,False,NVIDIA_GeForce_RTX_4060_Ti,16,
xcit_tiny_12_p16_224,128,16,fp16,11.04537582397461,False,NVIDIA_GeForce_RTX_4060_Ti,16,
xcit_tiny_12_p16_224,128,16,fp32,13.809151649475098,False,NVIDIA_GeForce_RTX_4060_Ti,16,
xcit_tiny_12_p16_224,128,32,bf16,14.949872016906738,False,NVIDIA_GeForce_RTX_4060_Ti,16,
xcit_tiny_12_p16_224,128,32,fp16,14.618623733520508,False,NVIDIA_GeForce_RTX_4060_Ti,16,
xcit_tiny_12_p16_224,128,32,fp32,21.370880126953125,False,NVIDIA_GeForce_RTX_4060_Ti,16,
xcit_tiny_12_p16_224,128,64,bf16,24.88678359985352,False,NVIDIA_GeForce_RTX_4060_Ti,16,
xcit_tiny_12_p16_224,128,64,fp16,24.295936584472656,False,NVIDIA_GeForce_RTX_4060_Ti,16,
xcit_tiny_12_p16_224,128,64,fp32,39.67846298217773,False,NVIDIA_GeForce_RTX_4060_Ti,16,
xcit_tiny_12_p16_224,224,16,bf16,20.512704849243164,False,NVIDIA_GeForce_RTX_4060_Ti,16,
xcit_tiny_12_p16_224,224,16,fp16,19.945247650146484,False,NVIDIA_GeForce_RTX_4060_Ti,16,
xcit_tiny_12_p16_224,224,16,fp32,30.410240173339844,False,NVIDIA_GeForce_RTX_4060_Ti,16,
xcit_tiny_12_p16_224,224,32,bf16,38.91455841064453,False,NVIDIA_GeForce_RTX_4060_Ti,16,
xcit_tiny_12_p16_224,224,32,fp16,37.9607048034668,False,NVIDIA_GeForce_RTX_4060_Ti,16,
xcit_tiny_12_p16_224,224,32,fp32,59.13079833984375,False,NVIDIA_GeForce_RTX_4060_Ti,16,
xcit_tiny_12_p16_224,224,64,bf16,84.57472229003906,False,NVIDIA_GeForce_RTX_4060_Ti,16,
xcit_tiny_12_p16_224,224,64,fp16,83.37801361083984,False,NVIDIA_GeForce_RTX_4060_Ti,16,
xcit_tiny_12_p16_224,224,64,fp32,126.35443115234376,False,NVIDIA_GeForce_RTX_4060_Ti,16,
