model,img_size,batch_size,precision,avg_time_ms,oom,gpu,vram_gb,cleanup
beit_large_patch16_224,64,16,bf16,39.6497917175293,False,NVIDIA_GeForce_RTX_3090,24,
beit_large_patch16_224,64,16,fp16,38.91865539550781,False,NVIDIA_GeForce_RTX_3090,24,
beit_large_patch16_224,64,16,fp32,55.90476989746094,False,NVIDIA_GeForce_RTX_3090,24,
beit_large_patch16_224,64,32,bf16,49.45817565917969,False,NVIDIA_GeForce_RTX_3090,24,
beit_large_patch16_224,64,32,fp16,48.9175033569336,False,NVIDIA_GeForce_RTX_3090,24,
beit_large_patch16_224,64,32,fp32,85.73542022705078,False,NVIDIA_GeForce_RTX_3090,24,
beit_large_patch16_224,64,64,bf16,71.74553680419922,False,NVIDIA_GeForce_RTX_3090,24,
beit_large_patch16_224,64,64,fp16,71.05228424072266,False,NVIDIA_GeForce_RTX_3090,24,
beit_large_patch16_224,64,64,fp32,144.80026245117188,False,NVIDIA_GeForce_RTX_3090,24,
beit_large_patch16_224,128,16,bf16,72.3056640625,False,NVIDIA_GeForce_RTX_3090,24,
beit_large_patch16_224,128,16,fp16,71.53561401367188,False,NVIDIA_GeForce_RTX_3090,24,
beit_large_patch16_224,128,16,fp32,144.92620849609375,False,NVIDIA_GeForce_RTX_3090,24,
beit_large_patch16_224,128,32,bf16,113.35372924804688,False,NVIDIA_GeForce_RTX_3090,24,
beit_large_patch16_224,128,32,fp16,112.33843231201172,False,NVIDIA_GeForce_RTX_3090,24,
beit_large_patch16_224,128,32,fp32,252.9776611328125,False,NVIDIA_GeForce_RTX_3090,24,
beit_large_patch16_224,128,64,bf16,192.58726501464844,False,NVIDIA_GeForce_RTX_3090,24,
beit_large_patch16_224,128,64,fp16,189.37139892578125,False,NVIDIA_GeForce_RTX_3090,24,
beit_large_patch16_224,128,64,fp32,472.9313354492188,False,NVIDIA_GeForce_RTX_3090,24,
beit_large_patch16_224,224,16,bf16,162.8257293701172,False,NVIDIA_GeForce_RTX_3090,24,
beit_large_patch16_224,224,16,fp16,156.6684112548828,False,NVIDIA_GeForce_RTX_3090,24,
beit_large_patch16_224,224,16,fp32,404.80511474609375,False,NVIDIA_GeForce_RTX_3090,24,
beit_large_patch16_224,224,32,bf16,288.7869567871094,False,NVIDIA_GeForce_RTX_3090,24,
beit_large_patch16_224,224,32,fp16,280.29644775390625,False,NVIDIA_GeForce_RTX_3090,24,
beit_large_patch16_224,224,32,fp32,738.798583984375,False,NVIDIA_GeForce_RTX_3090,24,
beit_large_patch16_224,224,64,bf16,543.994873046875,False,NVIDIA_GeForce_RTX_3090,24,
beit_large_patch16_224,224,64,fp16,524.4067993164062,False,NVIDIA_GeForce_RTX_3090,24,
beit_large_patch16_224,224,64,fp32,,True,NVIDIA_GeForce_RTX_3090,24,
coatnet_0_rw_224,64,16,bf16,7.885824203491211,False,NVIDIA_GeForce_RTX_3090,24,
coatnet_0_rw_224,64,16,fp16,7.212031841278076,False,NVIDIA_GeForce_RTX_3090,24,
coatnet_0_rw_224,64,16,fp32,8.418815612792969,False,NVIDIA_GeForce_RTX_3090,24,
coatnet_0_rw_224,64,32,bf16,9.927680015563965,False,NVIDIA_GeForce_RTX_3090,24,
coatnet_0_rw_224,64,32,fp16,9.506815910339355,False,NVIDIA_GeForce_RTX_3090,24,
coatnet_0_rw_224,64,32,fp32,12.72268772125244,False,NVIDIA_GeForce_RTX_3090,24,
coatnet_0_rw_224,64,64,bf16,14.636544227600098,False,NVIDIA_GeForce_RTX_3090,24,
coatnet_0_rw_224,64,64,fp16,12.826623916625977,False,NVIDIA_GeForce_RTX_3090,24,
coatnet_0_rw_224,64,64,fp32,20.57881546020508,False,NVIDIA_GeForce_RTX_3090,24,
coatnet_0_rw_224,128,16,bf16,14.149120330810549,False,NVIDIA_GeForce_RTX_3090,24,
coatnet_0_rw_224,128,16,fp16,12.86297607421875,False,NVIDIA_GeForce_RTX_3090,24,
coatnet_0_rw_224,128,16,fp32,18.653696060180664,False,NVIDIA_GeForce_RTX_3090,24,
coatnet_0_rw_224,128,32,bf16,23.20025634765625,False,NVIDIA_GeForce_RTX_3090,24,
coatnet_0_rw_224,128,32,fp16,19.907072067260746,False,NVIDIA_GeForce_RTX_3090,24,
coatnet_0_rw_224,128,32,fp32,32.685569763183594,False,NVIDIA_GeForce_RTX_3090,24,
coatnet_0_rw_224,128,64,bf16,41.55699157714844,False,NVIDIA_GeForce_RTX_3090,24,
coatnet_0_rw_224,128,64,fp16,35.668479919433594,False,NVIDIA_GeForce_RTX_3090,24,
coatnet_0_rw_224,128,64,fp32,63.03590393066406,False,NVIDIA_GeForce_RTX_3090,24,
coatnet_0_rw_224,224,16,bf16,35.442176818847656,False,NVIDIA_GeForce_RTX_3090,24,
coatnet_0_rw_224,224,16,fp16,31.34054374694824,False,NVIDIA_GeForce_RTX_3090,24,
coatnet_0_rw_224,224,16,fp32,54.76607894897461,False,NVIDIA_GeForce_RTX_3090,24,
coatnet_0_rw_224,224,32,bf16,63.40044784545898,False,NVIDIA_GeForce_RTX_3090,24,
coatnet_0_rw_224,224,32,fp16,54.74252700805664,False,NVIDIA_GeForce_RTX_3090,24,
coatnet_0_rw_224,224,32,fp32,102.71385955810548,False,NVIDIA_GeForce_RTX_3090,24,
coatnet_0_rw_224,224,64,bf16,122.6833953857422,False,NVIDIA_GeForce_RTX_3090,24,
coatnet_0_rw_224,224,64,fp16,106.93990325927734,False,NVIDIA_GeForce_RTX_3090,24,
coatnet_0_rw_224,224,64,fp32,204.55474853515625,False,NVIDIA_GeForce_RTX_3090,24,
coatnet_1_rw_224,64,16,bf16,12.083200454711914,False,NVIDIA_GeForce_RTX_3090,24,
coatnet_1_rw_224,64,16,fp16,11.146240234375,False,NVIDIA_GeForce_RTX_3090,24,
coatnet_1_rw_224,64,16,fp32,14.028287887573242,False,NVIDIA_GeForce_RTX_3090,24,
coatnet_1_rw_224,64,32,bf16,16.624128341674805,False,NVIDIA_GeForce_RTX_3090,24,
coatnet_1_rw_224,64,32,fp16,14.906368255615234,False,NVIDIA_GeForce_RTX_3090,24,
coatnet_1_rw_224,64,32,fp32,21.14559936523437,False,NVIDIA_GeForce_RTX_3090,24,
coatnet_1_rw_224,64,64,bf16,24.572927474975582,False,NVIDIA_GeForce_RTX_3090,24,
coatnet_1_rw_224,64,64,fp16,21.915136337280277,False,NVIDIA_GeForce_RTX_3090,24,
coatnet_1_rw_224,64,64,fp32,34.83135986328125,False,NVIDIA_GeForce_RTX_3090,24,
coatnet_1_rw_224,128,16,bf16,23.85919952392578,False,NVIDIA_GeForce_RTX_3090,24,
coatnet_1_rw_224,128,16,fp16,21.426176071166992,False,NVIDIA_GeForce_RTX_3090,24,
coatnet_1_rw_224,128,16,fp32,32.02969741821289,False,NVIDIA_GeForce_RTX_3090,24,
coatnet_1_rw_224,128,32,bf16,38.96319961547852,False,NVIDIA_GeForce_RTX_3090,24,
coatnet_1_rw_224,128,32,fp16,33.92563247680664,False,NVIDIA_GeForce_RTX_3090,24,
coatnet_1_rw_224,128,32,fp32,56.36608123779297,False,NVIDIA_GeForce_RTX_3090,24,
coatnet_1_rw_224,128,64,bf16,70.6539535522461,False,NVIDIA_GeForce_RTX_3090,24,
coatnet_1_rw_224,128,64,fp16,61.66374588012695,False,NVIDIA_GeForce_RTX_3090,24,
coatnet_1_rw_224,128,64,fp32,109.43385314941406,False,NVIDIA_GeForce_RTX_3090,24,
coatnet_1_rw_224,224,16,bf16,60.50048065185547,False,NVIDIA_GeForce_RTX_3090,24,
coatnet_1_rw_224,224,16,fp16,54.58534240722656,False,NVIDIA_GeForce_RTX_3090,24,
coatnet_1_rw_224,224,16,fp32,97.54214477539062,False,NVIDIA_GeForce_RTX_3090,24,
coatnet_1_rw_224,224,32,bf16,109.89158630371094,False,NVIDIA_GeForce_RTX_3090,24,
coatnet_1_rw_224,224,32,fp16,97.08441925048828,False,NVIDIA_GeForce_RTX_3090,24,
coatnet_1_rw_224,224,32,fp32,183.5002899169922,False,NVIDIA_GeForce_RTX_3090,24,
coatnet_1_rw_224,224,64,bf16,214.4936981201172,False,NVIDIA_GeForce_RTX_3090,24,
coatnet_1_rw_224,224,64,fp16,193.8314208984375,False,NVIDIA_GeForce_RTX_3090,24,
coatnet_1_rw_224,224,64,fp32,372.2557373046875,False,NVIDIA_GeForce_RTX_3090,24,
coatnet_2_rw_224,64,16,bf16,16.56831932067871,False,NVIDIA_GeForce_RTX_3090,24,
coatnet_2_rw_224,64,16,fp16,15.38764762878418,False,NVIDIA_GeForce_RTX_3090,24,
coatnet_2_rw_224,64,16,fp32,20.350976943969727,False,NVIDIA_GeForce_RTX_3090,24,
coatnet_2_rw_224,64,32,bf16,22.95244789123535,False,NVIDIA_GeForce_RTX_3090,24,
coatnet_2_rw_224,64,32,fp16,21.198848724365234,False,NVIDIA_GeForce_RTX_3090,24,
coatnet_2_rw_224,64,32,fp32,30.30286407470703,False,NVIDIA_GeForce_RTX_3090,24,
coatnet_2_rw_224,64,64,bf16,34.788352966308594,False,NVIDIA_GeForce_RTX_3090,24,
coatnet_2_rw_224,64,64,fp16,32.58265686035156,False,NVIDIA_GeForce_RTX_3090,24,
coatnet_2_rw_224,64,64,fp32,51.112449645996094,False,NVIDIA_GeForce_RTX_3090,24,
coatnet_2_rw_224,128,16,bf16,33.26105499267578,False,NVIDIA_GeForce_RTX_3090,24,
coatnet_2_rw_224,128,16,fp16,30.31808090209961,False,NVIDIA_GeForce_RTX_3090,24,
coatnet_2_rw_224,128,16,fp32,48.08448028564453,False,NVIDIA_GeForce_RTX_3090,24,
coatnet_2_rw_224,128,32,bf16,56.356353759765625,False,NVIDIA_GeForce_RTX_3090,24,
coatnet_2_rw_224,128,32,fp16,50.69670486450195,False,NVIDIA_GeForce_RTX_3090,24,
coatnet_2_rw_224,128,32,fp32,88.3737564086914,False,NVIDIA_GeForce_RTX_3090,24,
coatnet_2_rw_224,128,64,bf16,102.47526550292967,False,NVIDIA_GeForce_RTX_3090,24,
coatnet_2_rw_224,128,64,fp16,92.10368347167967,False,NVIDIA_GeForce_RTX_3090,24,
coatnet_2_rw_224,128,64,fp32,166.8275146484375,False,NVIDIA_GeForce_RTX_3090,24,
coatnet_2_rw_224,224,16,bf16,88.76083374023438,False,NVIDIA_GeForce_RTX_3090,24,
coatnet_2_rw_224,224,16,fp16,80.23091125488281,False,NVIDIA_GeForce_RTX_3090,24,
coatnet_2_rw_224,224,16,fp32,151.93087768554688,False,NVIDIA_GeForce_RTX_3090,24,
coatnet_2_rw_224,224,32,bf16,163.66131591796875,False,NVIDIA_GeForce_RTX_3090,24,
coatnet_2_rw_224,224,32,fp16,148.4753875732422,False,NVIDIA_GeForce_RTX_3090,24,
coatnet_2_rw_224,224,32,fp32,284.8455810546875,False,NVIDIA_GeForce_RTX_3090,24,
coatnet_2_rw_224,224,64,bf16,319.9662170410156,False,NVIDIA_GeForce_RTX_3090,24,
coatnet_2_rw_224,224,64,fp16,289.776123046875,False,NVIDIA_GeForce_RTX_3090,24,
coatnet_2_rw_224,224,64,fp32,,True,NVIDIA_GeForce_RTX_3090,24,
convnext_base,64,16,bf16,15.491583824157717,False,NVIDIA_GeForce_RTX_3090,24,
convnext_base,64,16,fp16,15.572480201721191,False,NVIDIA_GeForce_RTX_3090,24,
convnext_base,64,16,fp32,21.594623565673828,False,NVIDIA_GeForce_RTX_3090,24,
convnext_base,64,32,bf16,19.60857582092285,False,NVIDIA_GeForce_RTX_3090,24,
convnext_base,64,32,fp16,19.85740852355957,False,NVIDIA_GeForce_RTX_3090,24,
convnext_base,64,32,fp32,33.5733757019043,False,NVIDIA_GeForce_RTX_3090,24,
convnext_base,64,64,bf16,28.23936080932617,False,NVIDIA_GeForce_RTX_3090,24,
convnext_base,64,64,fp16,28.5532169342041,False,NVIDIA_GeForce_RTX_3090,24,
convnext_base,64,64,fp32,52.567039489746094,False,NVIDIA_GeForce_RTX_3090,24,
convnext_base,128,16,bf16,26.488319396972656,False,NVIDIA_GeForce_RTX_3090,24,
convnext_base,128,16,fp16,26.71513557434082,False,NVIDIA_GeForce_RTX_3090,24,
convnext_base,128,16,fp32,57.82988739013672,False,NVIDIA_GeForce_RTX_3090,24,
convnext_base,128,32,bf16,42.05670547485352,False,NVIDIA_GeForce_RTX_3090,24,
convnext_base,128,32,fp16,42.09408187866211,False,NVIDIA_GeForce_RTX_3090,24,
convnext_base,128,32,fp32,132.30079650878906,False,NVIDIA_GeForce_RTX_3090,24,
convnext_base,128,64,bf16,73.7607650756836,False,NVIDIA_GeForce_RTX_3090,24,
convnext_base,128,64,fp16,73.51757049560547,False,NVIDIA_GeForce_RTX_3090,24,
convnext_base,128,64,fp32,211.51129150390625,False,NVIDIA_GeForce_RTX_3090,24,
convnext_base,224,16,bf16,59.071998596191406,False,NVIDIA_GeForce_RTX_3090,24,
convnext_base,224,16,fp16,58.15756988525391,False,NVIDIA_GeForce_RTX_3090,24,
convnext_base,224,16,fp32,182.75021362304688,False,NVIDIA_GeForce_RTX_3090,24,
convnext_base,224,32,bf16,105.25440216064452,False,NVIDIA_GeForce_RTX_3090,24,
convnext_base,224,32,fp16,102.2213134765625,False,NVIDIA_GeForce_RTX_3090,24,
convnext_base,224,32,fp32,302.951416015625,False,NVIDIA_GeForce_RTX_3090,24,
convnext_base,224,64,bf16,193.98194885253903,False,NVIDIA_GeForce_RTX_3090,24,
convnext_base,224,64,fp16,191.0978546142578,False,NVIDIA_GeForce_RTX_3090,24,
convnext_base,224,64,fp32,565.9130859375,False,NVIDIA_GeForce_RTX_3090,24,
convnext_large,64,16,bf16,27.56403160095215,False,NVIDIA_GeForce_RTX_3090,24,
convnext_large,64,16,fp16,27.249664306640625,False,NVIDIA_GeForce_RTX_3090,24,
convnext_large,64,16,fp32,38.60121536254883,False,NVIDIA_GeForce_RTX_3090,24,
convnext_large,64,32,bf16,36.30131149291992,False,NVIDIA_GeForce_RTX_3090,24,
convnext_large,64,32,fp16,35.64236831665039,False,NVIDIA_GeForce_RTX_3090,24,
convnext_large,64,32,fp32,59.94956970214844,False,NVIDIA_GeForce_RTX_3090,24,
convnext_large,64,64,bf16,53.22444915771485,False,NVIDIA_GeForce_RTX_3090,24,
convnext_large,64,64,fp16,52.45286560058594,False,NVIDIA_GeForce_RTX_3090,24,
convnext_large,64,64,fp32,98.7540512084961,False,NVIDIA_GeForce_RTX_3090,24,
convnext_large,128,16,bf16,50.519039154052734,False,NVIDIA_GeForce_RTX_3090,24,
convnext_large,128,16,fp16,49.84320068359375,False,NVIDIA_GeForce_RTX_3090,24,
convnext_large,128,16,fp32,106.43917083740234,False,NVIDIA_GeForce_RTX_3090,24,
convnext_large,128,32,bf16,77.91155242919922,False,NVIDIA_GeForce_RTX_3090,24,
convnext_large,128,32,fp16,80.00460815429688,False,NVIDIA_GeForce_RTX_3090,24,
convnext_large,128,32,fp32,233.48684692382807,False,NVIDIA_GeForce_RTX_3090,24,
convnext_large,128,64,bf16,131.65414428710938,False,NVIDIA_GeForce_RTX_3090,24,
convnext_large,128,64,fp16,132.07705688476562,False,NVIDIA_GeForce_RTX_3090,24,
convnext_large,128,64,fp32,377.9404296875,False,NVIDIA_GeForce_RTX_3090,24,
convnext_large,224,16,bf16,106.3552017211914,False,NVIDIA_GeForce_RTX_3090,24,
convnext_large,224,16,fp16,105.05062103271484,False,NVIDIA_GeForce_RTX_3090,24,
convnext_large,224,16,fp32,319.7946472167969,False,NVIDIA_GeForce_RTX_3090,24,
convnext_large,224,32,bf16,185.68243408203125,False,NVIDIA_GeForce_RTX_3090,24,
convnext_large,224,32,fp16,182.4189453125,False,NVIDIA_GeForce_RTX_3090,24,
convnext_large,224,32,fp32,554.2911987304688,False,NVIDIA_GeForce_RTX_3090,24,
convnext_large,224,64,bf16,350.2417907714844,False,NVIDIA_GeForce_RTX_3090,24,
convnext_large,224,64,fp16,343.5596923828125,False,NVIDIA_GeForce_RTX_3090,24,
convnext_large,224,64,fp32,,True,NVIDIA_GeForce_RTX_3090,24,
convnext_small,64,16,bf16,12.05350399017334,False,NVIDIA_GeForce_RTX_3090,24,
convnext_small,64,16,fp16,11.572223663330078,False,NVIDIA_GeForce_RTX_3090,24,
convnext_small,64,16,fp32,15.552000045776367,False,NVIDIA_GeForce_RTX_3090,24,
convnext_small,64,32,bf16,14.974464416503906,False,NVIDIA_GeForce_RTX_3090,24,
convnext_small,64,32,fp16,14.222335815429688,False,NVIDIA_GeForce_RTX_3090,24,
convnext_small,64,32,fp32,25.10848045349121,False,NVIDIA_GeForce_RTX_3090,24,
convnext_small,64,64,bf16,20.705791473388672,False,NVIDIA_GeForce_RTX_3090,24,
convnext_small,64,64,fp16,20.302335739135746,False,NVIDIA_GeForce_RTX_3090,24,
convnext_small,64,64,fp32,37.52908706665039,False,NVIDIA_GeForce_RTX_3090,24,
convnext_small,128,16,bf16,19.804672241210938,False,NVIDIA_GeForce_RTX_3090,24,
convnext_small,128,16,fp16,19.23481559753418,False,NVIDIA_GeForce_RTX_3090,24,
convnext_small,128,16,fp32,41.3383674621582,False,NVIDIA_GeForce_RTX_3090,24,
convnext_small,128,32,bf16,30.98316764831543,False,NVIDIA_GeForce_RTX_3090,24,
convnext_small,128,32,fp16,29.264896392822266,False,NVIDIA_GeForce_RTX_3090,24,
convnext_small,128,32,fp32,92.05657958984376,False,NVIDIA_GeForce_RTX_3090,24,
convnext_small,128,64,bf16,53.50502395629883,False,NVIDIA_GeForce_RTX_3090,24,
convnext_small,128,64,fp16,51.364864349365234,False,NVIDIA_GeForce_RTX_3090,24,
convnext_small,128,64,fp32,145.95123291015625,False,NVIDIA_GeForce_RTX_3090,24,
convnext_small,224,16,bf16,41.31635284423828,False,NVIDIA_GeForce_RTX_3090,24,
convnext_small,224,16,fp16,40.82841491699219,False,NVIDIA_GeForce_RTX_3090,24,
convnext_small,224,16,fp32,124.93158721923828,False,NVIDIA_GeForce_RTX_3090,24,
convnext_small,224,32,bf16,71.68409729003906,False,NVIDIA_GeForce_RTX_3090,24,
convnext_small,224,32,fp16,70.5792007446289,False,NVIDIA_GeForce_RTX_3090,24,
convnext_small,224,32,fp32,206.0334014892578,False,NVIDIA_GeForce_RTX_3090,24,
convnext_small,224,64,bf16,135.193603515625,False,NVIDIA_GeForce_RTX_3090,24,
convnext_small,224,64,fp16,130.45504760742188,False,NVIDIA_GeForce_RTX_3090,24,
convnext_small,224,64,fp32,383.0466613769531,False,NVIDIA_GeForce_RTX_3090,24,
convnext_tiny,64,16,bf16,6.619647979736328,False,NVIDIA_GeForce_RTX_3090,24,
convnext_tiny,64,16,fp16,6.442495822906494,False,NVIDIA_GeForce_RTX_3090,24,
convnext_tiny,64,16,fp32,9.2042236328125,False,NVIDIA_GeForce_RTX_3090,24,
convnext_tiny,64,32,bf16,8.39680004119873,False,NVIDIA_GeForce_RTX_3090,24,
convnext_tiny,64,32,fp16,8.069631576538086,False,NVIDIA_GeForce_RTX_3090,24,
convnext_tiny,64,32,fp32,15.221759796142578,False,NVIDIA_GeForce_RTX_3090,24,
convnext_tiny,64,64,bf16,11.833344459533691,False,NVIDIA_GeForce_RTX_3090,24,
convnext_tiny,64,64,fp16,11.770367622375488,False,NVIDIA_GeForce_RTX_3090,24,
convnext_tiny,64,64,fp32,22.724096298217773,False,NVIDIA_GeForce_RTX_3090,24,
convnext_tiny,128,16,bf16,11.407872200012209,False,NVIDIA_GeForce_RTX_3090,24,
convnext_tiny,128,16,fp16,11.21945571899414,False,NVIDIA_GeForce_RTX_3090,24,
convnext_tiny,128,16,fp32,24.321535110473636,False,NVIDIA_GeForce_RTX_3090,24,
convnext_tiny,128,32,bf16,18.23590469360352,False,NVIDIA_GeForce_RTX_3090,24,
convnext_tiny,128,32,fp16,17.648128509521484,False,NVIDIA_GeForce_RTX_3090,24,
convnext_tiny,128,32,fp32,48.66969680786133,False,NVIDIA_GeForce_RTX_3090,24,
convnext_tiny,128,64,bf16,31.78137588500977,False,NVIDIA_GeForce_RTX_3090,24,
convnext_tiny,128,64,fp16,30.87257575988769,False,NVIDIA_GeForce_RTX_3090,24,
convnext_tiny,128,64,fp32,80.39679718017578,False,NVIDIA_GeForce_RTX_3090,24,
convnext_tiny,224,16,bf16,24.80697631835937,False,NVIDIA_GeForce_RTX_3090,24,
convnext_tiny,224,16,fp16,24.573951721191406,False,NVIDIA_GeForce_RTX_3090,24,
convnext_tiny,224,16,fp32,67.42578887939453,False,NVIDIA_GeForce_RTX_3090,24,
convnext_tiny,224,32,bf16,42.25740814208984,False,NVIDIA_GeForce_RTX_3090,24,
convnext_tiny,224,32,fp16,41.65324783325195,False,NVIDIA_GeForce_RTX_3090,24,
convnext_tiny,224,32,fp32,117.9878387451172,False,NVIDIA_GeForce_RTX_3090,24,
convnext_tiny,224,64,bf16,79.5499496459961,False,NVIDIA_GeForce_RTX_3090,24,
convnext_tiny,224,64,fp16,77.28179168701172,False,NVIDIA_GeForce_RTX_3090,24,
convnext_tiny,224,64,fp32,225.59078979492188,False,NVIDIA_GeForce_RTX_3090,24,
convnextv2_base,64,16,bf16,20.574207305908203,False,NVIDIA_GeForce_RTX_3090,24,
convnextv2_base,64,16,fp16,20.66124725341797,False,NVIDIA_GeForce_RTX_3090,24,
convnextv2_base,64,16,fp32,26.059776306152344,False,NVIDIA_GeForce_RTX_3090,24,
convnextv2_base,64,32,bf16,29.02886390686035,False,NVIDIA_GeForce_RTX_3090,24,
convnextv2_base,64,32,fp16,29.307392120361328,False,NVIDIA_GeForce_RTX_3090,24,
convnextv2_base,64,32,fp32,42.22054290771485,False,NVIDIA_GeForce_RTX_3090,24,
convnextv2_base,64,64,bf16,46.508033752441406,False,NVIDIA_GeForce_RTX_3090,24,
convnextv2_base,64,64,fp16,46.94220733642578,False,NVIDIA_GeForce_RTX_3090,24,
convnextv2_base,64,64,fp32,69.40876770019531,False,NVIDIA_GeForce_RTX_3090,24,
convnextv2_base,128,16,bf16,44.66227340698242,False,NVIDIA_GeForce_RTX_3090,24,
convnextv2_base,128,16,fp16,44.906494140625,False,NVIDIA_GeForce_RTX_3090,24,
convnextv2_base,128,16,fp32,74.64192199707031,False,NVIDIA_GeForce_RTX_3090,24,
convnextv2_base,128,32,bf16,76.76313781738281,False,NVIDIA_GeForce_RTX_3090,24,
convnextv2_base,128,32,fp16,76.91366577148438,False,NVIDIA_GeForce_RTX_3090,24,
convnextv2_base,128,32,fp32,164.99148559570312,False,NVIDIA_GeForce_RTX_3090,24,
convnextv2_base,128,64,bf16,140.54400634765625,False,NVIDIA_GeForce_RTX_3090,24,
convnextv2_base,128,64,fp16,140.5173797607422,False,NVIDIA_GeForce_RTX_3090,24,
convnextv2_base,128,64,fp32,271.8991394042969,False,NVIDIA_GeForce_RTX_3090,24,
convnextv2_base,224,16,bf16,110.37235260009766,False,NVIDIA_GeForce_RTX_3090,24,
convnextv2_base,224,16,fp16,109.47532653808594,False,NVIDIA_GeForce_RTX_3090,24,
convnextv2_base,224,16,fp32,229.37179565429688,False,NVIDIA_GeForce_RTX_3090,24,
convnextv2_base,224,32,bf16,204.5168609619141,False,NVIDIA_GeForce_RTX_3090,24,
convnextv2_base,224,32,fp16,202.13912963867188,False,NVIDIA_GeForce_RTX_3090,24,
convnextv2_base,224,32,fp32,395.79290771484375,False,NVIDIA_GeForce_RTX_3090,24,
convnextv2_base,224,64,bf16,390.8444213867188,False,NVIDIA_GeForce_RTX_3090,24,
convnextv2_base,224,64,fp16,387.94085693359375,False,NVIDIA_GeForce_RTX_3090,24,
convnextv2_base,224,64,fp32,,True,NVIDIA_GeForce_RTX_3090,24,
deit_base_patch16_224,64,16,bf16,12.498944282531738,False,NVIDIA_GeForce_RTX_3090,24,
deit_base_patch16_224,64,16,fp16,12.131839752197266,False,NVIDIA_GeForce_RTX_3090,24,
deit_base_patch16_224,64,16,fp32,17.550336837768555,False,NVIDIA_GeForce_RTX_3090,24,
deit_base_patch16_224,64,32,bf16,16.14080047607422,False,NVIDIA_GeForce_RTX_3090,24,
deit_base_patch16_224,64,32,fp16,15.666175842285156,False,NVIDIA_GeForce_RTX_3090,24,
deit_base_patch16_224,64,32,fp32,26.61017608642578,False,NVIDIA_GeForce_RTX_3090,24,
deit_base_patch16_224,64,64,bf16,23.808000564575195,False,NVIDIA_GeForce_RTX_3090,24,
deit_base_patch16_224,64,64,fp16,23.468032836914062,False,NVIDIA_GeForce_RTX_3090,24,
deit_base_patch16_224,64,64,fp32,42.256385803222656,False,NVIDIA_GeForce_RTX_3090,24,
deit_base_patch16_224,128,16,bf16,22.46912002563477,False,NVIDIA_GeForce_RTX_3090,24,
deit_base_patch16_224,128,16,fp16,22.119935989379883,False,NVIDIA_GeForce_RTX_3090,24,
deit_base_patch16_224,128,16,fp32,42.89382553100586,False,NVIDIA_GeForce_RTX_3090,24,
deit_base_patch16_224,128,32,bf16,35.1569938659668,False,NVIDIA_GeForce_RTX_3090,24,
deit_base_patch16_224,128,32,fp16,35.72275161743164,False,NVIDIA_GeForce_RTX_3090,24,
deit_base_patch16_224,128,32,fp32,76.86144256591797,False,NVIDIA_GeForce_RTX_3090,24,
deit_base_patch16_224,128,64,bf16,57.13510513305664,False,NVIDIA_GeForce_RTX_3090,24,
deit_base_patch16_224,128,64,fp16,56.53145599365234,False,NVIDIA_GeForce_RTX_3090,24,
deit_base_patch16_224,128,64,fp32,142.37440490722656,False,NVIDIA_GeForce_RTX_3090,24,
deit_base_patch16_224,224,16,bf16,44.90496063232422,False,NVIDIA_GeForce_RTX_3090,24,
deit_base_patch16_224,224,16,fp16,44.79692840576172,False,NVIDIA_GeForce_RTX_3090,24,
deit_base_patch16_224,224,16,fp32,117.8383331298828,False,NVIDIA_GeForce_RTX_3090,24,
deit_base_patch16_224,224,32,bf16,80.72294616699219,False,NVIDIA_GeForce_RTX_3090,24,
deit_base_patch16_224,224,32,fp16,80.8304672241211,False,NVIDIA_GeForce_RTX_3090,24,
deit_base_patch16_224,224,32,fp32,232.16281127929688,False,NVIDIA_GeForce_RTX_3090,24,
deit_base_patch16_224,224,64,bf16,159.01132202148438,False,NVIDIA_GeForce_RTX_3090,24,
deit_base_patch16_224,224,64,fp16,154.7653045654297,False,NVIDIA_GeForce_RTX_3090,24,
deit_base_patch16_224,224,64,fp32,452.6950378417969,False,NVIDIA_GeForce_RTX_3090,24,
deit_small_patch16_224,64,16,bf16,5.508096218109131,False,NVIDIA_GeForce_RTX_3090,24,
deit_small_patch16_224,64,16,fp16,5.040639877319336,False,NVIDIA_GeForce_RTX_3090,24,
deit_small_patch16_224,64,16,fp32,6.743040084838867,False,NVIDIA_GeForce_RTX_3090,24,
deit_small_patch16_224,64,32,bf16,6.526463985443115,False,NVIDIA_GeForce_RTX_3090,24,
deit_small_patch16_224,64,32,fp16,6.151167869567871,False,NVIDIA_GeForce_RTX_3090,24,
deit_small_patch16_224,64,32,fp32,10.009599685668944,False,NVIDIA_GeForce_RTX_3090,24,
deit_small_patch16_224,64,64,bf16,8.997376441955566,False,NVIDIA_GeForce_RTX_3090,24,
deit_small_patch16_224,64,64,fp16,8.480768203735352,False,NVIDIA_GeForce_RTX_3090,24,
deit_small_patch16_224,64,64,fp32,15.143424034118652,False,NVIDIA_GeForce_RTX_3090,24,
deit_small_patch16_224,128,16,bf16,8.439295768737793,False,NVIDIA_GeForce_RTX_3090,24,
deit_small_patch16_224,128,16,fp16,8.024576187133789,False,NVIDIA_GeForce_RTX_3090,24,
deit_small_patch16_224,128,16,fp32,15.640064239501951,False,NVIDIA_GeForce_RTX_3090,24,
deit_small_patch16_224,128,32,bf16,13.127167701721191,False,NVIDIA_GeForce_RTX_3090,24,
deit_small_patch16_224,128,32,fp16,12.142080307006836,False,NVIDIA_GeForce_RTX_3090,24,
deit_small_patch16_224,128,32,fp32,26.16064071655273,False,NVIDIA_GeForce_RTX_3090,24,
deit_small_patch16_224,128,64,bf16,22.06003189086914,False,NVIDIA_GeForce_RTX_3090,24,
deit_small_patch16_224,128,64,fp16,20.618240356445312,False,NVIDIA_GeForce_RTX_3090,24,
deit_small_patch16_224,128,64,fp32,47.27961730957031,False,NVIDIA_GeForce_RTX_3090,24,
deit_small_patch16_224,224,16,bf16,17.062400817871094,False,NVIDIA_GeForce_RTX_3090,24,
deit_small_patch16_224,224,16,fp16,16.60927963256836,False,NVIDIA_GeForce_RTX_3090,24,
deit_small_patch16_224,224,16,fp32,40.33484649658203,False,NVIDIA_GeForce_RTX_3090,24,
deit_small_patch16_224,224,32,bf16,29.26233673095703,False,NVIDIA_GeForce_RTX_3090,24,
deit_small_patch16_224,224,32,fp16,28.834815979003903,False,NVIDIA_GeForce_RTX_3090,24,
deit_small_patch16_224,224,32,fp32,73.20012664794922,False,NVIDIA_GeForce_RTX_3090,24,
deit_small_patch16_224,224,64,bf16,56.12492752075195,False,NVIDIA_GeForce_RTX_3090,24,
deit_small_patch16_224,224,64,fp16,53.846527099609375,False,NVIDIA_GeForce_RTX_3090,24,
deit_small_patch16_224,224,64,fp32,146.0833282470703,False,NVIDIA_GeForce_RTX_3090,24,
deit_tiny_patch16_224,64,16,bf16,3.388927936553955,False,NVIDIA_GeForce_RTX_3090,24,
deit_tiny_patch16_224,64,16,fp16,2.996223926544189,False,NVIDIA_GeForce_RTX_3090,24,
deit_tiny_patch16_224,64,16,fp32,3.5645439624786377,False,NVIDIA_GeForce_RTX_3090,24,
deit_tiny_patch16_224,64,32,bf16,4.162559986114502,False,NVIDIA_GeForce_RTX_3090,24,
deit_tiny_patch16_224,64,32,fp16,3.848191976547241,False,NVIDIA_GeForce_RTX_3090,24,
deit_tiny_patch16_224,64,32,fp32,5.028351783752441,False,NVIDIA_GeForce_RTX_3090,24,
deit_tiny_patch16_224,64,64,bf16,5.033472061157227,False,NVIDIA_GeForce_RTX_3090,24,
deit_tiny_patch16_224,64,64,fp16,4.7518720626831055,False,NVIDIA_GeForce_RTX_3090,24,
deit_tiny_patch16_224,64,64,fp32,7.016448020935059,False,NVIDIA_GeForce_RTX_3090,24,
deit_tiny_patch16_224,128,16,bf16,4.662271976470947,False,NVIDIA_GeForce_RTX_3090,24,
deit_tiny_patch16_224,128,16,fp16,4.387328147888184,False,NVIDIA_GeForce_RTX_3090,24,
deit_tiny_patch16_224,128,16,fp32,7.335936069488525,False,NVIDIA_GeForce_RTX_3090,24,
deit_tiny_patch16_224,128,32,bf16,6.523392200469971,False,NVIDIA_GeForce_RTX_3090,24,
deit_tiny_patch16_224,128,32,fp16,6.187007904052734,False,NVIDIA_GeForce_RTX_3090,24,
deit_tiny_patch16_224,128,32,fp32,11.631104469299316,False,NVIDIA_GeForce_RTX_3090,24,
deit_tiny_patch16_224,128,64,bf16,10.176511764526367,False,NVIDIA_GeForce_RTX_3090,24,
deit_tiny_patch16_224,128,64,fp16,9.933823585510254,False,NVIDIA_GeForce_RTX_3090,24,
deit_tiny_patch16_224,128,64,fp32,19.717119216918945,False,NVIDIA_GeForce_RTX_3090,24,
deit_tiny_patch16_224,224,16,bf16,8.231424331665039,False,NVIDIA_GeForce_RTX_3090,24,
deit_tiny_patch16_224,224,16,fp16,7.791103839874268,False,NVIDIA_GeForce_RTX_3090,24,
deit_tiny_patch16_224,224,16,fp32,17.433088302612305,False,NVIDIA_GeForce_RTX_3090,24,
deit_tiny_patch16_224,224,32,bf16,14.576640129089355,False,NVIDIA_GeForce_RTX_3090,24,
deit_tiny_patch16_224,224,32,fp16,13.576191902160645,False,NVIDIA_GeForce_RTX_3090,24,
deit_tiny_patch16_224,224,32,fp32,30.53055953979492,False,NVIDIA_GeForce_RTX_3090,24,
deit_tiny_patch16_224,224,64,bf16,26.757631301879883,False,NVIDIA_GeForce_RTX_3090,24,
deit_tiny_patch16_224,224,64,fp16,24.3189754486084,False,NVIDIA_GeForce_RTX_3090,24,
deit_tiny_patch16_224,224,64,fp32,57.7817611694336,False,NVIDIA_GeForce_RTX_3090,24,
densenet121,64,16,bf16,9.586688041687012,False,NVIDIA_GeForce_RTX_3090,24,
densenet121,64,16,fp16,9.026047706604004,False,NVIDIA_GeForce_RTX_3090,24,
densenet121,64,16,fp32,10.83135986328125,False,NVIDIA_GeForce_RTX_3090,24,
densenet121,64,32,bf16,11.890175819396973,False,NVIDIA_GeForce_RTX_3090,24,
densenet121,64,32,fp16,11.472895622253418,False,NVIDIA_GeForce_RTX_3090,24,
densenet121,64,32,fp32,13.94534397125244,False,NVIDIA_GeForce_RTX_3090,24,
densenet121,64,64,bf16,16.791040420532227,False,NVIDIA_GeForce_RTX_3090,24,
densenet121,64,64,fp16,15.69382381439209,False,NVIDIA_GeForce_RTX_3090,24,
densenet121,64,64,fp32,19.834367752075195,False,NVIDIA_GeForce_RTX_3090,24,
densenet121,128,16,bf16,14.717951774597168,False,NVIDIA_GeForce_RTX_3090,24,
densenet121,128,16,fp16,13.396991729736328,False,NVIDIA_GeForce_RTX_3090,24,
densenet121,128,16,fp32,17.680896759033203,False,NVIDIA_GeForce_RTX_3090,24,
densenet121,128,32,bf16,21.23366355895996,False,NVIDIA_GeForce_RTX_3090,24,
densenet121,128,32,fp16,19.84819221496582,False,NVIDIA_GeForce_RTX_3090,24,
densenet121,128,32,fp32,31.995391845703125,False,NVIDIA_GeForce_RTX_3090,24,
densenet121,128,64,bf16,34.44428634643555,False,NVIDIA_GeForce_RTX_3090,24,
densenet121,128,64,fp16,31.832576751708984,False,NVIDIA_GeForce_RTX_3090,24,
densenet121,128,64,fp32,50.66649627685547,False,NVIDIA_GeForce_RTX_3090,24,
densenet121,224,16,bf16,29.56492805480957,False,NVIDIA_GeForce_RTX_3090,24,
densenet121,224,16,fp16,26.22009658813477,False,NVIDIA_GeForce_RTX_3090,24,
densenet121,224,16,fp32,39.876609802246094,False,NVIDIA_GeForce_RTX_3090,24,
densenet121,224,32,bf16,48.97331237792969,False,NVIDIA_GeForce_RTX_3090,24,
densenet121,224,32,fp16,43.14060974121094,False,NVIDIA_GeForce_RTX_3090,24,
densenet121,224,32,fp32,74.6644515991211,False,NVIDIA_GeForce_RTX_3090,24,
densenet121,224,64,bf16,90.40025329589844,False,NVIDIA_GeForce_RTX_3090,24,
densenet121,224,64,fp16,81.23085021972656,False,NVIDIA_GeForce_RTX_3090,24,
densenet121,224,64,fp32,145.6117706298828,False,NVIDIA_GeForce_RTX_3090,24,
dm_nfnet_f1,64,16,bf16,31.471023559570312,False,NVIDIA_GeForce_RTX_3090,24,
dm_nfnet_f1,64,16,fp16,31.36819267272949,False,NVIDIA_GeForce_RTX_3090,24,
dm_nfnet_f1,64,16,fp32,38.002174377441406,False,NVIDIA_GeForce_RTX_3090,24,
dm_nfnet_f1,64,32,bf16,39.19107055664063,False,NVIDIA_GeForce_RTX_3090,24,
dm_nfnet_f1,64,32,fp16,38.604286193847656,False,NVIDIA_GeForce_RTX_3090,24,
dm_nfnet_f1,64,32,fp32,49.06752014160156,False,NVIDIA_GeForce_RTX_3090,24,
dm_nfnet_f1,64,64,bf16,56.89651107788086,False,NVIDIA_GeForce_RTX_3090,24,
dm_nfnet_f1,64,64,fp16,56.17305755615234,False,NVIDIA_GeForce_RTX_3090,24,
dm_nfnet_f1,64,64,fp32,73.17606353759766,False,NVIDIA_GeForce_RTX_3090,24,
dm_nfnet_f1,128,16,bf16,44.21324920654297,False,NVIDIA_GeForce_RTX_3090,24,
dm_nfnet_f1,128,16,fp16,43.85945510864258,False,NVIDIA_GeForce_RTX_3090,24,
dm_nfnet_f1,128,16,fp32,58.87948989868164,False,NVIDIA_GeForce_RTX_3090,24,
dm_nfnet_f1,128,32,bf16,68.19328308105469,False,NVIDIA_GeForce_RTX_3090,24,
dm_nfnet_f1,128,32,fp16,67.59833526611328,False,NVIDIA_GeForce_RTX_3090,24,
dm_nfnet_f1,128,32,fp32,107.10733032226562,False,NVIDIA_GeForce_RTX_3090,24,
dm_nfnet_f1,128,64,bf16,113.04959869384766,False,NVIDIA_GeForce_RTX_3090,24,
dm_nfnet_f1,128,64,fp16,112.13875579833984,False,NVIDIA_GeForce_RTX_3090,24,
dm_nfnet_f1,128,64,fp32,187.8850555419922,False,NVIDIA_GeForce_RTX_3090,24,
dm_nfnet_f1,224,16,bf16,87.81005096435547,False,NVIDIA_GeForce_RTX_3090,24,
dm_nfnet_f1,224,16,fp16,86.92582702636719,False,NVIDIA_GeForce_RTX_3090,24,
dm_nfnet_f1,224,16,fp32,149.27410888671875,False,NVIDIA_GeForce_RTX_3090,24,
dm_nfnet_f1,224,32,bf16,148.12570190429688,False,NVIDIA_GeForce_RTX_3090,24,
dm_nfnet_f1,224,32,fp16,147.06124877929688,False,NVIDIA_GeForce_RTX_3090,24,
dm_nfnet_f1,224,32,fp32,351.90118408203125,False,NVIDIA_GeForce_RTX_3090,24,
dm_nfnet_f1,224,64,bf16,283.35565185546875,False,NVIDIA_GeForce_RTX_3090,24,
dm_nfnet_f1,224,64,fp16,278.5372009277344,False,NVIDIA_GeForce_RTX_3090,24,
dm_nfnet_f1,224,64,fp32,701.6299438476562,False,NVIDIA_GeForce_RTX_3090,24,
efficientnet_b0,64,16,bf16,5.801983833312988,False,NVIDIA_GeForce_RTX_3090,24,
efficientnet_b0,64,16,fp16,5.8772478103637695,False,NVIDIA_GeForce_RTX_3090,24,
efficientnet_b0,64,16,fp32,5.659135818481445,False,NVIDIA_GeForce_RTX_3090,24,
efficientnet_b0,64,32,bf16,7.2478718757629395,False,NVIDIA_GeForce_RTX_3090,24,
efficientnet_b0,64,32,fp16,6.955008029937744,False,NVIDIA_GeForce_RTX_3090,24,
efficientnet_b0,64,32,fp32,7.8023681640625,False,NVIDIA_GeForce_RTX_3090,24,
efficientnet_b0,64,64,bf16,10.70950412750244,False,NVIDIA_GeForce_RTX_3090,24,
efficientnet_b0,64,64,fp16,9.89081573486328,False,NVIDIA_GeForce_RTX_3090,24,
efficientnet_b0,64,64,fp32,11.785216331481934,False,NVIDIA_GeForce_RTX_3090,24,
efficientnet_b0,128,16,bf16,8.637439727783203,False,NVIDIA_GeForce_RTX_3090,24,
efficientnet_b0,128,16,fp16,7.819776058197021,False,NVIDIA_GeForce_RTX_3090,24,
efficientnet_b0,128,16,fp32,9.805824279785156,False,NVIDIA_GeForce_RTX_3090,24,
efficientnet_b0,128,32,bf16,13.409791946411133,False,NVIDIA_GeForce_RTX_3090,24,
efficientnet_b0,128,32,fp16,11.101183891296388,False,NVIDIA_GeForce_RTX_3090,24,
efficientnet_b0,128,32,fp32,15.441408157348633,False,NVIDIA_GeForce_RTX_3090,24,
efficientnet_b0,128,64,bf16,21.33555221557617,False,NVIDIA_GeForce_RTX_3090,24,
efficientnet_b0,128,64,fp16,17.01683235168457,False,NVIDIA_GeForce_RTX_3090,24,
efficientnet_b0,128,64,fp32,27.72275161743164,False,NVIDIA_GeForce_RTX_3090,24,
efficientnet_b0,224,16,bf16,17.478656768798828,False,NVIDIA_GeForce_RTX_3090,24,
efficientnet_b0,224,16,fp16,13.536255836486816,False,NVIDIA_GeForce_RTX_3090,24,
efficientnet_b0,224,16,fp32,20.97817611694336,False,NVIDIA_GeForce_RTX_3090,24,
efficientnet_b0,224,32,bf16,31.03539276123047,False,NVIDIA_GeForce_RTX_3090,24,
efficientnet_b0,224,32,fp16,23.432191848754883,False,NVIDIA_GeForce_RTX_3090,24,
efficientnet_b0,224,32,fp32,39.14188766479492,False,NVIDIA_GeForce_RTX_3090,24,
efficientnet_b0,224,64,bf16,56.96460723876953,False,NVIDIA_GeForce_RTX_3090,24,
efficientnet_b0,224,64,fp16,42.31014251708984,False,NVIDIA_GeForce_RTX_3090,24,
efficientnet_b0,224,64,fp32,74.87897491455078,False,NVIDIA_GeForce_RTX_3090,24,
efficientnet_b3,64,16,bf16,10.82316780090332,False,NVIDIA_GeForce_RTX_3090,24,
efficientnet_b3,64,16,fp16,10.614272117614746,False,NVIDIA_GeForce_RTX_3090,24,
efficientnet_b3,64,16,fp32,10.818047523498535,False,NVIDIA_GeForce_RTX_3090,24,
efficientnet_b3,64,32,bf16,13.516287803649902,False,NVIDIA_GeForce_RTX_3090,24,
efficientnet_b3,64,32,fp16,12.904959678649902,False,NVIDIA_GeForce_RTX_3090,24,
efficientnet_b3,64,32,fp32,15.018495559692385,False,NVIDIA_GeForce_RTX_3090,24,
efficientnet_b3,64,64,bf16,19.45907211303711,False,NVIDIA_GeForce_RTX_3090,24,
efficientnet_b3,64,64,fp16,16.425983428955078,False,NVIDIA_GeForce_RTX_3090,24,
efficientnet_b3,64,64,fp32,23.831039428710938,False,NVIDIA_GeForce_RTX_3090,24,
efficientnet_b3,128,16,bf16,15.49721622467041,False,NVIDIA_GeForce_RTX_3090,24,
efficientnet_b3,128,16,fp16,12.686847686767578,False,NVIDIA_GeForce_RTX_3090,24,
efficientnet_b3,128,16,fp32,18.780672073364254,False,NVIDIA_GeForce_RTX_3090,24,
efficientnet_b3,128,32,bf16,23.723520278930664,False,NVIDIA_GeForce_RTX_3090,24,
efficientnet_b3,128,32,fp16,19.283456802368164,False,NVIDIA_GeForce_RTX_3090,24,
efficientnet_b3,128,32,fp32,30.09740829467773,False,NVIDIA_GeForce_RTX_3090,24,
efficientnet_b3,128,64,bf16,41.37472152709961,False,NVIDIA_GeForce_RTX_3090,24,
efficientnet_b3,128,64,fp16,32.72294235229492,False,NVIDIA_GeForce_RTX_3090,24,
efficientnet_b3,128,64,fp32,54.78400039672852,False,NVIDIA_GeForce_RTX_3090,24,
efficientnet_b3,224,16,bf16,32.487422943115234,False,NVIDIA_GeForce_RTX_3090,24,
efficientnet_b3,224,16,fp16,24.354816436767575,False,NVIDIA_GeForce_RTX_3090,24,
efficientnet_b3,224,16,fp32,41.35987091064453,False,NVIDIA_GeForce_RTX_3090,24,
efficientnet_b3,224,32,bf16,58.66239929199219,False,NVIDIA_GeForce_RTX_3090,24,
efficientnet_b3,224,32,fp16,43.61625671386719,False,NVIDIA_GeForce_RTX_3090,24,
efficientnet_b3,224,32,fp32,77.20550537109375,False,NVIDIA_GeForce_RTX_3090,24,
efficientnet_b3,224,64,bf16,111.08914947509766,False,NVIDIA_GeForce_RTX_3090,24,
efficientnet_b3,224,64,fp16,81.66655731201172,False,NVIDIA_GeForce_RTX_3090,24,
efficientnet_b3,224,64,fp32,148.88088989257812,False,NVIDIA_GeForce_RTX_3090,24,
efficientnet_b5,64,16,bf16,19.11603164672852,False,NVIDIA_GeForce_RTX_3090,24,
efficientnet_b5,64,16,fp16,16.995840072631836,False,NVIDIA_GeForce_RTX_3090,24,
efficientnet_b5,64,16,fp32,20.061695098876957,False,NVIDIA_GeForce_RTX_3090,24,
efficientnet_b5,64,32,bf16,24.68044853210449,False,NVIDIA_GeForce_RTX_3090,24,
efficientnet_b5,64,32,fp16,21.194751739501957,False,NVIDIA_GeForce_RTX_3090,24,
efficientnet_b5,64,32,fp32,27.95929527282715,False,NVIDIA_GeForce_RTX_3090,24,
efficientnet_b5,64,64,bf16,36.78771209716797,False,NVIDIA_GeForce_RTX_3090,24,
efficientnet_b5,64,64,fp16,30.228479385375977,False,NVIDIA_GeForce_RTX_3090,24,
efficientnet_b5,64,64,fp32,45.17273712158203,False,NVIDIA_GeForce_RTX_3090,24,
efficientnet_b5,128,16,bf16,27.917312622070312,False,NVIDIA_GeForce_RTX_3090,24,
efficientnet_b5,128,16,fp16,22.467071533203125,False,NVIDIA_GeForce_RTX_3090,24,
efficientnet_b5,128,16,fp32,34.509822845458984,False,NVIDIA_GeForce_RTX_3090,24,
efficientnet_b5,128,32,bf16,44.13849639892578,False,NVIDIA_GeForce_RTX_3090,24,
efficientnet_b5,128,32,fp16,34.62656021118164,False,NVIDIA_GeForce_RTX_3090,24,
efficientnet_b5,128,32,fp32,57.0332145690918,False,NVIDIA_GeForce_RTX_3090,24,
efficientnet_b5,128,64,bf16,77.06111907958984,False,NVIDIA_GeForce_RTX_3090,24,
efficientnet_b5,128,64,fp16,59.28294372558594,False,NVIDIA_GeForce_RTX_3090,24,
efficientnet_b5,128,64,fp32,102.41228485107422,False,NVIDIA_GeForce_RTX_3090,24,
efficientnet_b5,224,16,bf16,59.58297729492188,False,NVIDIA_GeForce_RTX_3090,24,
efficientnet_b5,224,16,fp16,43.06329727172852,False,NVIDIA_GeForce_RTX_3090,24,
efficientnet_b5,224,16,fp32,77.43283081054688,False,NVIDIA_GeForce_RTX_3090,24,
efficientnet_b5,224,32,bf16,107.2511978149414,False,NVIDIA_GeForce_RTX_3090,24,
efficientnet_b5,224,32,fp16,76.98534393310547,False,NVIDIA_GeForce_RTX_3090,24,
efficientnet_b5,224,32,fp32,143.66822814941406,False,NVIDIA_GeForce_RTX_3090,24,
efficientnet_b5,224,64,bf16,203.0003204345703,False,NVIDIA_GeForce_RTX_3090,24,
efficientnet_b5,224,64,fp16,143.58578491210938,False,NVIDIA_GeForce_RTX_3090,24,
efficientnet_b5,224,64,fp32,279.01080322265625,False,NVIDIA_GeForce_RTX_3090,24,
efficientnetv2_l,64,16,bf16,43.08019256591797,False,NVIDIA_GeForce_RTX_3090,24,
efficientnetv2_l,64,16,fp16,40.36659240722656,False,NVIDIA_GeForce_RTX_3090,24,
efficientnetv2_l,64,16,fp32,51.75859069824219,False,NVIDIA_GeForce_RTX_3090,24,
efficientnetv2_l,64,32,bf16,51.98284912109375,False,NVIDIA_GeForce_RTX_3090,24,
efficientnetv2_l,64,32,fp16,47.384063720703125,False,NVIDIA_GeForce_RTX_3090,24,
efficientnetv2_l,64,32,fp32,68.84044647216797,False,NVIDIA_GeForce_RTX_3090,24,
efficientnetv2_l,64,64,bf16,73.15916442871094,False,NVIDIA_GeForce_RTX_3090,24,
efficientnetv2_l,64,64,fp16,62.63449478149414,False,NVIDIA_GeForce_RTX_3090,24,
efficientnetv2_l,64,64,fp32,104.62258911132812,False,NVIDIA_GeForce_RTX_3090,24,
efficientnetv2_l,128,16,bf16,52.39859390258789,False,NVIDIA_GeForce_RTX_3090,24,
efficientnetv2_l,128,16,fp16,47.06355285644531,False,NVIDIA_GeForce_RTX_3090,24,
efficientnetv2_l,128,16,fp32,73.51193237304688,False,NVIDIA_GeForce_RTX_3090,24,
efficientnetv2_l,128,32,bf16,78.11583709716797,False,NVIDIA_GeForce_RTX_3090,24,
efficientnetv2_l,128,32,fp16,68.02483367919922,False,NVIDIA_GeForce_RTX_3090,24,
efficientnetv2_l,128,32,fp32,114.47398376464844,False,NVIDIA_GeForce_RTX_3090,24,
efficientnetv2_l,128,64,bf16,132.32998657226562,False,NVIDIA_GeForce_RTX_3090,24,
efficientnetv2_l,128,64,fp16,112.77619171142578,False,NVIDIA_GeForce_RTX_3090,24,
efficientnetv2_l,128,64,fp32,195.2168884277344,False,NVIDIA_GeForce_RTX_3090,24,
efficientnetv2_l,224,16,bf16,104.23921966552734,False,NVIDIA_GeForce_RTX_3090,24,
efficientnetv2_l,224,16,fp16,85.17632293701172,False,NVIDIA_GeForce_RTX_3090,24,
efficientnetv2_l,224,16,fp32,144.6789093017578,False,NVIDIA_GeForce_RTX_3090,24,
efficientnetv2_l,224,32,bf16,179.5758056640625,False,NVIDIA_GeForce_RTX_3090,24,
efficientnetv2_l,224,32,fp16,142.8116455078125,False,NVIDIA_GeForce_RTX_3090,24,
efficientnetv2_l,224,32,fp32,260.2460021972656,False,NVIDIA_GeForce_RTX_3090,24,
efficientnetv2_l,224,64,bf16,334.5858459472656,False,NVIDIA_GeForce_RTX_3090,24,
efficientnetv2_l,224,64,fp16,261.9945068359375,False,NVIDIA_GeForce_RTX_3090,24,
efficientnetv2_l,224,64,fp32,,True,NVIDIA_GeForce_RTX_3090,24,
efficientnetv2_m,64,16,bf16,25.804288864135746,False,NVIDIA_GeForce_RTX_3090,24,
efficientnetv2_m,64,16,fp16,23.29190444946289,False,NVIDIA_GeForce_RTX_3090,24,
efficientnetv2_m,64,16,fp32,27.296255111694336,False,NVIDIA_GeForce_RTX_3090,24,
efficientnetv2_m,64,32,bf16,31.74399948120117,False,NVIDIA_GeForce_RTX_3090,24,
efficientnetv2_m,64,32,fp16,27.917823791503903,False,NVIDIA_GeForce_RTX_3090,24,
efficientnetv2_m,64,32,fp32,35.654144287109375,False,NVIDIA_GeForce_RTX_3090,24,
efficientnetv2_m,64,64,bf16,45.17529678344727,False,NVIDIA_GeForce_RTX_3090,24,
efficientnetv2_m,64,64,fp16,38.01036834716797,False,NVIDIA_GeForce_RTX_3090,24,
efficientnetv2_m,64,64,fp32,55.92678451538086,False,NVIDIA_GeForce_RTX_3090,24,
efficientnetv2_m,128,16,bf16,32.39219284057617,False,NVIDIA_GeForce_RTX_3090,24,
efficientnetv2_m,128,16,fp16,28.230655670166016,False,NVIDIA_GeForce_RTX_3090,24,
efficientnetv2_m,128,16,fp32,40.50431823730469,False,NVIDIA_GeForce_RTX_3090,24,
efficientnetv2_m,128,32,bf16,47.14137649536133,False,NVIDIA_GeForce_RTX_3090,24,
efficientnetv2_m,128,32,fp16,40.45209503173828,False,NVIDIA_GeForce_RTX_3090,24,
efficientnetv2_m,128,32,fp32,62.99135971069336,False,NVIDIA_GeForce_RTX_3090,24,
efficientnetv2_m,128,64,bf16,77.8265609741211,False,NVIDIA_GeForce_RTX_3090,24,
efficientnetv2_m,128,64,fp16,65.68396759033203,False,NVIDIA_GeForce_RTX_3090,24,
efficientnetv2_m,128,64,fp32,110.53619384765624,False,NVIDIA_GeForce_RTX_3090,24,
efficientnetv2_m,224,16,bf16,59.86201477050781,False,NVIDIA_GeForce_RTX_3090,24,
efficientnetv2_m,224,16,fp16,48.16128158569336,False,NVIDIA_GeForce_RTX_3090,24,
efficientnetv2_m,224,16,fp32,79.66925048828125,False,NVIDIA_GeForce_RTX_3090,24,
efficientnetv2_m,224,32,bf16,103.07379150390624,False,NVIDIA_GeForce_RTX_3090,24,
efficientnetv2_m,224,32,fp16,82.65010833740234,False,NVIDIA_GeForce_RTX_3090,24,
efficientnetv2_m,224,32,fp32,145.1883544921875,False,NVIDIA_GeForce_RTX_3090,24,
efficientnetv2_m,224,64,bf16,191.2181701660156,False,NVIDIA_GeForce_RTX_3090,24,
efficientnetv2_m,224,64,fp16,148.8563232421875,False,NVIDIA_GeForce_RTX_3090,24,
efficientnetv2_m,224,64,fp32,281.14996337890625,False,NVIDIA_GeForce_RTX_3090,24,
efficientnetv2_s,64,16,bf16,13.845503807067873,False,NVIDIA_GeForce_RTX_3090,24,
efficientnetv2_s,64,16,fp16,12.803584098815918,False,NVIDIA_GeForce_RTX_3090,24,
efficientnetv2_s,64,16,fp32,14.947327613830566,False,NVIDIA_GeForce_RTX_3090,24,
efficientnetv2_s,64,32,bf16,17.56928062438965,False,NVIDIA_GeForce_RTX_3090,24,
efficientnetv2_s,64,32,fp16,16.022016525268555,False,NVIDIA_GeForce_RTX_3090,24,
efficientnetv2_s,64,32,fp32,19.33670425415039,False,NVIDIA_GeForce_RTX_3090,24,
efficientnetv2_s,64,64,bf16,24.81510353088379,False,NVIDIA_GeForce_RTX_3090,24,
efficientnetv2_s,64,64,fp16,21.529600143432617,False,NVIDIA_GeForce_RTX_3090,24,
efficientnetv2_s,64,64,fp32,29.805055618286133,False,NVIDIA_GeForce_RTX_3090,24,
efficientnetv2_s,128,16,bf16,18.1662712097168,False,NVIDIA_GeForce_RTX_3090,24,
efficientnetv2_s,128,16,fp16,15.921152114868164,False,NVIDIA_GeForce_RTX_3090,24,
efficientnetv2_s,128,16,fp32,23.24224090576172,False,NVIDIA_GeForce_RTX_3090,24,
efficientnetv2_s,128,32,bf16,26.36185646057129,False,NVIDIA_GeForce_RTX_3090,24,
efficientnetv2_s,128,32,fp16,22.640640258789062,False,NVIDIA_GeForce_RTX_3090,24,
efficientnetv2_s,128,32,fp32,34.78681564331055,False,NVIDIA_GeForce_RTX_3090,24,
efficientnetv2_s,128,64,bf16,43.3100814819336,False,NVIDIA_GeForce_RTX_3090,24,
efficientnetv2_s,128,64,fp16,36.28492736816406,False,NVIDIA_GeForce_RTX_3090,24,
efficientnetv2_s,128,64,fp32,62.74611282348633,False,NVIDIA_GeForce_RTX_3090,24,
efficientnetv2_s,224,16,bf16,34.658817291259766,False,NVIDIA_GeForce_RTX_3090,24,
efficientnetv2_s,224,16,fp16,28.16409683227539,False,NVIDIA_GeForce_RTX_3090,24,
efficientnetv2_s,224,16,fp32,45.81068801879883,False,NVIDIA_GeForce_RTX_3090,24,
efficientnetv2_s,224,32,bf16,59.67718505859375,False,NVIDIA_GeForce_RTX_3090,24,
efficientnetv2_s,224,32,fp16,47.1992301940918,False,NVIDIA_GeForce_RTX_3090,24,
efficientnetv2_s,224,32,fp32,84.26956939697266,False,NVIDIA_GeForce_RTX_3090,24,
efficientnetv2_s,224,64,bf16,113.080322265625,False,NVIDIA_GeForce_RTX_3090,24,
efficientnetv2_s,224,64,fp16,88.87296295166016,False,NVIDIA_GeForce_RTX_3090,24,
efficientnetv2_s,224,64,fp32,161.5749053955078,False,NVIDIA_GeForce_RTX_3090,24,
fastvit_t12,64,16,bf16,7.063039779663086,False,NVIDIA_GeForce_RTX_3090,24,
fastvit_t12,64,16,fp16,7.266304016113281,False,NVIDIA_GeForce_RTX_3090,24,
fastvit_t12,64,16,fp32,7.2325119972229,False,NVIDIA_GeForce_RTX_3090,24,
fastvit_t12,64,32,bf16,9.424896240234377,False,NVIDIA_GeForce_RTX_3090,24,
fastvit_t12,64,32,fp16,9.478655815124512,False,NVIDIA_GeForce_RTX_3090,24,
fastvit_t12,64,32,fp32,9.751551628112791,False,NVIDIA_GeForce_RTX_3090,24,
fastvit_t12,64,64,bf16,13.607423782348633,False,NVIDIA_GeForce_RTX_3090,24,
fastvit_t12,64,64,fp16,13.149696350097656,False,NVIDIA_GeForce_RTX_3090,24,
fastvit_t12,64,64,fp32,15.39635181427002,False,NVIDIA_GeForce_RTX_3090,24,
fastvit_t12,128,16,bf16,11.065343856811523,False,NVIDIA_GeForce_RTX_3090,24,
fastvit_t12,128,16,fp16,10.149888038635254,False,NVIDIA_GeForce_RTX_3090,24,
fastvit_t12,128,16,fp32,12.217344284057615,False,NVIDIA_GeForce_RTX_3090,24,
fastvit_t12,128,32,bf16,18.3767032623291,False,NVIDIA_GeForce_RTX_3090,24,
fastvit_t12,128,32,fp16,16.491519927978516,False,NVIDIA_GeForce_RTX_3090,24,
fastvit_t12,128,32,fp32,20.806655883789062,False,NVIDIA_GeForce_RTX_3090,24,
fastvit_t12,128,64,bf16,33.8682861328125,False,NVIDIA_GeForce_RTX_3090,24,
fastvit_t12,128,64,fp16,30.20441627502441,False,NVIDIA_GeForce_RTX_3090,24,
fastvit_t12,128,64,fp32,38.4189453125,False,NVIDIA_GeForce_RTX_3090,24,
fastvit_t12,224,16,bf16,26.7775993347168,False,NVIDIA_GeForce_RTX_3090,24,
fastvit_t12,224,16,fp16,23.89708709716797,False,NVIDIA_GeForce_RTX_3090,24,
fastvit_t12,224,16,fp32,29.30688095092773,False,NVIDIA_GeForce_RTX_3090,24,
fastvit_t12,224,32,bf16,50.28044891357422,False,NVIDIA_GeForce_RTX_3090,24,
fastvit_t12,224,32,fp16,44.175872802734375,False,NVIDIA_GeForce_RTX_3090,24,
fastvit_t12,224,32,fp32,56.97024154663086,False,NVIDIA_GeForce_RTX_3090,24,
fastvit_t12,224,64,bf16,95.98873901367188,False,NVIDIA_GeForce_RTX_3090,24,
fastvit_t12,224,64,fp16,84.3351058959961,False,NVIDIA_GeForce_RTX_3090,24,
fastvit_t12,224,64,fp32,111.9447021484375,False,NVIDIA_GeForce_RTX_3090,24,
fastvit_t8,64,16,bf16,5.311488151550293,False,NVIDIA_GeForce_RTX_3090,24,
fastvit_t8,64,16,fp16,5.458943843841553,False,NVIDIA_GeForce_RTX_3090,24,
fastvit_t8,64,16,fp32,5.359615802764893,False,NVIDIA_GeForce_RTX_3090,24,
fastvit_t8,64,32,bf16,6.773248195648193,False,NVIDIA_GeForce_RTX_3090,24,
fastvit_t8,64,32,fp16,6.779903888702393,False,NVIDIA_GeForce_RTX_3090,24,
fastvit_t8,64,32,fp32,6.950399875640869,False,NVIDIA_GeForce_RTX_3090,24,
fastvit_t8,64,64,bf16,10.21132755279541,False,NVIDIA_GeForce_RTX_3090,24,
fastvit_t8,64,64,fp16,9.208319664001465,False,NVIDIA_GeForce_RTX_3090,24,
fastvit_t8,64,64,fp32,10.684927940368652,False,NVIDIA_GeForce_RTX_3090,24,
fastvit_t8,128,16,bf16,8.308735847473145,False,NVIDIA_GeForce_RTX_3090,24,
fastvit_t8,128,16,fp16,8.186367988586426,False,NVIDIA_GeForce_RTX_3090,24,
fastvit_t8,128,16,fp32,8.761343955993652,False,NVIDIA_GeForce_RTX_3090,24,
fastvit_t8,128,32,bf16,13.570560455322266,False,NVIDIA_GeForce_RTX_3090,24,
fastvit_t8,128,32,fp16,12.196352005004885,False,NVIDIA_GeForce_RTX_3090,24,
fastvit_t8,128,32,fp32,14.66163158416748,False,NVIDIA_GeForce_RTX_3090,24,
fastvit_t8,128,64,bf16,24.156160354614254,False,NVIDIA_GeForce_RTX_3090,24,
fastvit_t8,128,64,fp16,21.50348854064941,False,NVIDIA_GeForce_RTX_3090,24,
fastvit_t8,128,64,fp32,27.06175994873047,False,NVIDIA_GeForce_RTX_3090,24,
fastvit_t8,224,16,bf16,19.25939178466797,False,NVIDIA_GeForce_RTX_3090,24,
fastvit_t8,224,16,fp16,17.13715171813965,False,NVIDIA_GeForce_RTX_3090,24,
fastvit_t8,224,16,fp32,20.526079177856445,False,NVIDIA_GeForce_RTX_3090,24,
fastvit_t8,224,32,bf16,35.71968078613281,False,NVIDIA_GeForce_RTX_3090,24,
fastvit_t8,224,32,fp16,31.2412166595459,False,NVIDIA_GeForce_RTX_3090,24,
fastvit_t8,224,32,fp32,39.27040100097656,False,NVIDIA_GeForce_RTX_3090,24,
fastvit_t8,224,64,bf16,68.9617919921875,False,NVIDIA_GeForce_RTX_3090,24,
fastvit_t8,224,64,fp16,60.26240158081055,False,NVIDIA_GeForce_RTX_3090,24,
fastvit_t8,224,64,fp32,76.21631622314453,False,NVIDIA_GeForce_RTX_3090,24,
maxvit_tiny_tf_224,64,16,bf16,15.542271614074709,False,NVIDIA_GeForce_RTX_3090,24,
maxvit_tiny_tf_224,64,16,fp16,14.738944053649902,False,NVIDIA_GeForce_RTX_3090,24,
maxvit_tiny_tf_224,64,16,fp32,21.61612892150879,False,NVIDIA_GeForce_RTX_3090,24,
maxvit_tiny_tf_224,64,32,bf16,21.214719772338867,False,NVIDIA_GeForce_RTX_3090,24,
maxvit_tiny_tf_224,64,32,fp16,19.83334350585937,False,NVIDIA_GeForce_RTX_3090,24,
maxvit_tiny_tf_224,64,32,fp32,33.390079498291016,False,NVIDIA_GeForce_RTX_3090,24,
maxvit_tiny_tf_224,64,64,bf16,31.50489616394043,False,NVIDIA_GeForce_RTX_3090,24,
maxvit_tiny_tf_224,64,64,fp16,29.94124794006348,False,NVIDIA_GeForce_RTX_3090,24,
maxvit_tiny_tf_224,64,64,fp32,56.907264709472656,False,NVIDIA_GeForce_RTX_3090,24,
maxvit_tiny_tf_224,128,16,bf16,26.003456115722656,False,NVIDIA_GeForce_RTX_3090,24,
maxvit_tiny_tf_224,128,16,fp16,23.641088485717773,False,NVIDIA_GeForce_RTX_3090,24,
maxvit_tiny_tf_224,128,16,fp32,39.976959228515625,False,NVIDIA_GeForce_RTX_3090,24,
maxvit_tiny_tf_224,128,32,bf16,41.88569641113281,False,NVIDIA_GeForce_RTX_3090,24,
maxvit_tiny_tf_224,128,32,fp16,38.653438568115234,False,NVIDIA_GeForce_RTX_3090,24,
maxvit_tiny_tf_224,128,32,fp32,70.79065704345703,False,NVIDIA_GeForce_RTX_3090,24,
maxvit_tiny_tf_224,128,64,bf16,74.95833587646484,False,NVIDIA_GeForce_RTX_3090,24,
maxvit_tiny_tf_224,128,64,fp16,69.01197052001953,False,NVIDIA_GeForce_RTX_3090,24,
maxvit_tiny_tf_224,128,64,fp32,130.534912109375,False,NVIDIA_GeForce_RTX_3090,24,
maxvit_tiny_tf_224,224,16,bf16,57.98348617553711,False,NVIDIA_GeForce_RTX_3090,24,
maxvit_tiny_tf_224,224,16,fp16,52.97151947021485,False,NVIDIA_GeForce_RTX_3090,24,
maxvit_tiny_tf_224,224,16,fp32,94.91609954833984,False,NVIDIA_GeForce_RTX_3090,24,
maxvit_tiny_tf_224,224,32,bf16,102.69491577148438,False,NVIDIA_GeForce_RTX_3090,24,
maxvit_tiny_tf_224,224,32,fp16,93.63097381591795,False,NVIDIA_GeForce_RTX_3090,24,
maxvit_tiny_tf_224,224,32,fp32,176.22169494628906,False,NVIDIA_GeForce_RTX_3090,24,
maxvit_tiny_tf_224,224,64,bf16,195.4252777099609,False,NVIDIA_GeForce_RTX_3090,24,
maxvit_tiny_tf_224,224,64,fp16,178.629638671875,False,NVIDIA_GeForce_RTX_3090,24,
maxvit_tiny_tf_224,224,64,fp32,342.4378967285156,False,NVIDIA_GeForce_RTX_3090,24,
mixer_b16_224,64,16,bf16,11.190784454345703,False,NVIDIA_GeForce_RTX_3090,24,
mixer_b16_224,64,16,fp16,10.84876823425293,False,NVIDIA_GeForce_RTX_3090,24,
mixer_b16_224,64,16,fp32,15.149056434631348,False,NVIDIA_GeForce_RTX_3090,24,
mixer_b16_224,64,32,bf16,15.830528259277344,False,NVIDIA_GeForce_RTX_3090,24,
mixer_b16_224,64,32,fp16,15.37945556640625,False,NVIDIA_GeForce_RTX_3090,24,
mixer_b16_224,64,32,fp32,24.391679763793945,False,NVIDIA_GeForce_RTX_3090,24,
mixer_b16_224,64,64,bf16,24.44492721557617,False,NVIDIA_GeForce_RTX_3090,24,
mixer_b16_224,64,64,fp16,23.94419288635254,False,NVIDIA_GeForce_RTX_3090,24,
mixer_b16_224,64,64,fp32,42.22515106201172,False,NVIDIA_GeForce_RTX_3090,24,
mixer_b16_224,128,16,bf16,18.35161590576172,False,NVIDIA_GeForce_RTX_3090,24,
mixer_b16_224,128,16,fp16,17.82067108154297,False,NVIDIA_GeForce_RTX_3090,24,
mixer_b16_224,128,16,fp32,32.06092834472656,False,NVIDIA_GeForce_RTX_3090,24,
mixer_b16_224,128,32,bf16,29.216768264770508,False,NVIDIA_GeForce_RTX_3090,24,
mixer_b16_224,128,32,fp16,29.69856071472168,False,NVIDIA_GeForce_RTX_3090,24,
mixer_b16_224,128,32,fp32,58.757118225097656,False,NVIDIA_GeForce_RTX_3090,24,
mixer_b16_224,128,64,bf16,49.849342346191406,False,NVIDIA_GeForce_RTX_3090,24,
mixer_b16_224,128,64,fp16,50.02188873291016,False,NVIDIA_GeForce_RTX_3090,24,
mixer_b16_224,128,64,fp32,109.04217529296876,False,NVIDIA_GeForce_RTX_3090,24,
mixer_b16_224,224,16,bf16,37.67910385131836,False,NVIDIA_GeForce_RTX_3090,24,
mixer_b16_224,224,16,fp16,37.66988754272461,False,NVIDIA_GeForce_RTX_3090,24,
mixer_b16_224,224,16,fp32,81.10848236083984,False,NVIDIA_GeForce_RTX_3090,24,
mixer_b16_224,224,32,bf16,67.96185302734375,False,NVIDIA_GeForce_RTX_3090,24,
mixer_b16_224,224,32,fp16,66.82931518554688,False,NVIDIA_GeForce_RTX_3090,24,
mixer_b16_224,224,32,fp32,157.6299591064453,False,NVIDIA_GeForce_RTX_3090,24,
mixer_b16_224,224,64,bf16,130.11302185058594,False,NVIDIA_GeForce_RTX_3090,24,
mixer_b16_224,224,64,fp16,128.3399658203125,False,NVIDIA_GeForce_RTX_3090,24,
mixer_b16_224,224,64,fp32,315.41607666015625,False,NVIDIA_GeForce_RTX_3090,24,
mobilenetv2_100,64,16,bf16,4.9443840980529785,False,NVIDIA_GeForce_RTX_3090,24,
mobilenetv2_100,64,16,fp16,3.0310399532318115,False,NVIDIA_GeForce_RTX_3090,24,
mobilenetv2_100,64,16,fp32,3.586047887802124,False,NVIDIA_GeForce_RTX_3090,24,
mobilenetv2_100,64,32,bf16,4.7027201652526855,False,NVIDIA_GeForce_RTX_3090,24,
mobilenetv2_100,64,32,fp16,4.344319820404053,False,NVIDIA_GeForce_RTX_3090,24,
mobilenetv2_100,64,32,fp32,5.6145920753479,False,NVIDIA_GeForce_RTX_3090,24,
mobilenetv2_100,64,64,bf16,7.082496166229248,False,NVIDIA_GeForce_RTX_3090,24,
mobilenetv2_100,64,64,fp16,5.726719856262207,False,NVIDIA_GeForce_RTX_3090,24,
mobilenetv2_100,64,64,fp32,7.862271785736084,False,NVIDIA_GeForce_RTX_3090,24,
mobilenetv2_100,128,16,bf16,5.710336208343506,False,NVIDIA_GeForce_RTX_3090,24,
mobilenetv2_100,128,16,fp16,4.589056015014648,False,NVIDIA_GeForce_RTX_3090,24,
mobilenetv2_100,128,16,fp32,6.830080032348633,False,NVIDIA_GeForce_RTX_3090,24,
mobilenetv2_100,128,32,bf16,9.27289581298828,False,NVIDIA_GeForce_RTX_3090,24,
mobilenetv2_100,128,32,fp16,7.329279899597168,False,NVIDIA_GeForce_RTX_3090,24,
mobilenetv2_100,128,32,fp32,11.186688423156738,False,NVIDIA_GeForce_RTX_3090,24,
mobilenetv2_100,128,64,bf16,15.941632270812988,False,NVIDIA_GeForce_RTX_3090,24,
mobilenetv2_100,128,64,fp16,12.247039794921877,False,NVIDIA_GeForce_RTX_3090,24,
mobilenetv2_100,128,64,fp32,20.489728927612305,False,NVIDIA_GeForce_RTX_3090,24,
mobilenetv2_100,224,16,bf16,13.055487632751465,False,NVIDIA_GeForce_RTX_3090,24,
mobilenetv2_100,224,16,fp16,10.6429443359375,False,NVIDIA_GeForce_RTX_3090,24,
mobilenetv2_100,224,16,fp32,15.655936241149902,False,NVIDIA_GeForce_RTX_3090,24,
mobilenetv2_100,224,32,bf16,23.84998321533203,False,NVIDIA_GeForce_RTX_3090,24,
mobilenetv2_100,224,32,fp16,18.115583419799805,False,NVIDIA_GeForce_RTX_3090,24,
mobilenetv2_100,224,32,fp32,29.75436782836914,False,NVIDIA_GeForce_RTX_3090,24,
mobilenetv2_100,224,64,bf16,44.51839828491211,False,NVIDIA_GeForce_RTX_3090,24,
mobilenetv2_100,224,64,fp16,33.238529205322266,False,NVIDIA_GeForce_RTX_3090,24,
mobilenetv2_100,224,64,fp32,57.38444900512695,False,NVIDIA_GeForce_RTX_3090,24,
mobilenetv3_large_100,64,16,bf16,6.52236795425415,False,NVIDIA_GeForce_RTX_3090,24,
mobilenetv3_large_100,64,16,fp16,8.19968032836914,False,NVIDIA_GeForce_RTX_3090,24,
mobilenetv3_large_100,64,16,fp32,3.784192085266113,False,NVIDIA_GeForce_RTX_3090,24,
mobilenetv3_large_100,64,32,bf16,5.153279781341553,False,NVIDIA_GeForce_RTX_3090,24,
mobilenetv3_large_100,64,32,fp16,8.99839973449707,False,NVIDIA_GeForce_RTX_3090,24,
mobilenetv3_large_100,64,32,fp32,5.017600059509277,False,NVIDIA_GeForce_RTX_3090,24,
mobilenetv3_large_100,64,64,bf16,6.513663768768311,False,NVIDIA_GeForce_RTX_3090,24,
mobilenetv3_large_100,64,64,fp16,5.947391986846924,False,NVIDIA_GeForce_RTX_3090,24,
mobilenetv3_large_100,64,64,fp32,6.946303844451904,False,NVIDIA_GeForce_RTX_3090,24,
mobilenetv3_large_100,128,16,bf16,5.550591945648193,False,NVIDIA_GeForce_RTX_3090,24,
mobilenetv3_large_100,128,16,fp16,5.057024002075195,False,NVIDIA_GeForce_RTX_3090,24,
mobilenetv3_large_100,128,16,fp32,6.021120071411133,False,NVIDIA_GeForce_RTX_3090,24,
mobilenetv3_large_100,128,32,bf16,8.607232093811035,False,NVIDIA_GeForce_RTX_3090,24,
mobilenetv3_large_100,128,32,fp16,7.729152202606201,False,NVIDIA_GeForce_RTX_3090,24,
mobilenetv3_large_100,128,32,fp32,9.662976264953612,False,NVIDIA_GeForce_RTX_3090,24,
mobilenetv3_large_100,128,64,bf16,13.821439743041992,False,NVIDIA_GeForce_RTX_3090,24,
mobilenetv3_large_100,128,64,fp16,11.02950382232666,False,NVIDIA_GeForce_RTX_3090,24,
mobilenetv3_large_100,128,64,fp32,16.474624633789062,False,NVIDIA_GeForce_RTX_3090,24,
mobilenetv3_large_100,224,16,bf16,11.288064002990724,False,NVIDIA_GeForce_RTX_3090,24,
mobilenetv3_large_100,224,16,fp16,8.888832092285156,False,NVIDIA_GeForce_RTX_3090,24,
mobilenetv3_large_100,224,16,fp32,12.649984359741213,False,NVIDIA_GeForce_RTX_3090,24,
mobilenetv3_large_100,224,32,bf16,19.95008087158203,False,NVIDIA_GeForce_RTX_3090,24,
mobilenetv3_large_100,224,32,fp16,15.160320281982422,False,NVIDIA_GeForce_RTX_3090,24,
mobilenetv3_large_100,224,32,fp32,23.549951553344727,False,NVIDIA_GeForce_RTX_3090,24,
mobilenetv3_large_100,224,64,bf16,36.90547180175781,False,NVIDIA_GeForce_RTX_3090,24,
mobilenetv3_large_100,224,64,fp16,27.949567794799805,False,NVIDIA_GeForce_RTX_3090,24,
mobilenetv3_large_100,224,64,fp32,44.185089111328125,False,NVIDIA_GeForce_RTX_3090,24,
mobilenetv3_small_100,64,16,bf16,4.822015762329102,False,NVIDIA_GeForce_RTX_3090,24,
mobilenetv3_small_100,64,16,fp16,4.488192081451416,False,NVIDIA_GeForce_RTX_3090,24,
mobilenetv3_small_100,64,16,fp32,2.397183895111084,False,NVIDIA_GeForce_RTX_3090,24,
mobilenetv3_small_100,64,32,bf16,3.8855679035186768,False,NVIDIA_GeForce_RTX_3090,24,
mobilenetv3_small_100,64,32,fp16,3.600383996963501,False,NVIDIA_GeForce_RTX_3090,24,
mobilenetv3_small_100,64,32,fp32,4.00486421585083,False,NVIDIA_GeForce_RTX_3090,24,
mobilenetv3_small_100,64,64,bf16,4.940800189971924,False,NVIDIA_GeForce_RTX_3090,24,
mobilenetv3_small_100,64,64,fp16,4.481023788452148,False,NVIDIA_GeForce_RTX_3090,24,
mobilenetv3_small_100,64,64,fp32,5.390336036682129,False,NVIDIA_GeForce_RTX_3090,24,
mobilenetv3_small_100,128,16,bf16,3.730943918228149,False,NVIDIA_GeForce_RTX_3090,24,
mobilenetv3_small_100,128,16,fp16,3.3070080280303955,False,NVIDIA_GeForce_RTX_3090,24,
mobilenetv3_small_100,128,16,fp32,3.155967950820923,False,NVIDIA_GeForce_RTX_3090,24,
mobilenetv3_small_100,128,32,bf16,4.44927978515625,False,NVIDIA_GeForce_RTX_3090,24,
mobilenetv3_small_100,128,32,fp16,3.7795839309692383,False,NVIDIA_GeForce_RTX_3090,24,
mobilenetv3_small_100,128,32,fp32,4.404223918914795,False,NVIDIA_GeForce_RTX_3090,24,
mobilenetv3_small_100,128,64,bf16,6.132224082946777,False,NVIDIA_GeForce_RTX_3090,24,
mobilenetv3_small_100,128,64,fp16,5.305856227874756,False,NVIDIA_GeForce_RTX_3090,24,
mobilenetv3_small_100,128,64,fp32,6.776832103729248,False,NVIDIA_GeForce_RTX_3090,24,
mobilenetv3_small_100,224,16,bf16,5.4527997970581055,False,NVIDIA_GeForce_RTX_3090,24,
mobilenetv3_small_100,224,16,fp16,4.361728191375732,False,NVIDIA_GeForce_RTX_3090,24,
mobilenetv3_small_100,224,16,fp32,5.202432155609131,False,NVIDIA_GeForce_RTX_3090,24,
mobilenetv3_small_100,224,32,bf16,8.286720275878906,False,NVIDIA_GeForce_RTX_3090,24,
mobilenetv3_small_100,224,32,fp16,6.644224166870117,False,NVIDIA_GeForce_RTX_3090,24,
mobilenetv3_small_100,224,32,fp32,9.020928382873535,False,NVIDIA_GeForce_RTX_3090,24,
mobilenetv3_small_100,224,64,bf16,14.857215881347656,False,NVIDIA_GeForce_RTX_3090,24,
mobilenetv3_small_100,224,64,fp16,10.982399940490724,False,NVIDIA_GeForce_RTX_3090,24,
mobilenetv3_small_100,224,64,fp32,16.7587833404541,False,NVIDIA_GeForce_RTX_3090,24,
mobilevit_s,64,16,bf16,5.636608123779297,False,NVIDIA_GeForce_RTX_3090,24,
mobilevit_s,64,16,fp16,5.12665605545044,False,NVIDIA_GeForce_RTX_3090,24,
mobilevit_s,64,16,fp32,6.153728008270264,False,NVIDIA_GeForce_RTX_3090,24,
mobilevit_s,64,32,bf16,8.018943786621094,False,NVIDIA_GeForce_RTX_3090,24,
mobilevit_s,64,32,fp16,7.276544094085693,False,NVIDIA_GeForce_RTX_3090,24,
mobilevit_s,64,32,fp32,9.636863708496094,False,NVIDIA_GeForce_RTX_3090,24,
mobilevit_s,64,64,bf16,11.776512145996094,False,NVIDIA_GeForce_RTX_3090,24,
mobilevit_s,64,64,fp16,10.261119842529297,False,NVIDIA_GeForce_RTX_3090,24,
mobilevit_s,64,64,fp32,15.933952331542969,False,NVIDIA_GeForce_RTX_3090,24,
mobilevit_s,128,16,bf16,9.974783897399902,False,NVIDIA_GeForce_RTX_3090,24,
mobilevit_s,128,16,fp16,8.471183776855469,False,NVIDIA_GeForce_RTX_3090,24,
mobilevit_s,128,16,fp32,13.612544059753418,False,NVIDIA_GeForce_RTX_3090,24,
mobilevit_s,128,32,bf16,16.736255645751953,False,NVIDIA_GeForce_RTX_3090,24,
mobilevit_s,128,32,fp16,14.072832107543944,False,NVIDIA_GeForce_RTX_3090,24,
mobilevit_s,128,32,fp32,23.856704711914062,False,NVIDIA_GeForce_RTX_3090,24,
mobilevit_s,128,64,bf16,30.087167739868164,False,NVIDIA_GeForce_RTX_3090,24,
mobilevit_s,128,64,fp16,25.234432220458984,False,NVIDIA_GeForce_RTX_3090,24,
mobilevit_s,128,64,fp32,43.67667388916016,False,NVIDIA_GeForce_RTX_3090,24,
mobilevit_s,224,16,bf16,24.938495635986328,False,NVIDIA_GeForce_RTX_3090,24,
mobilevit_s,224,16,fp16,21.084672927856445,False,NVIDIA_GeForce_RTX_3090,24,
mobilevit_s,224,16,fp32,37.552127838134766,False,NVIDIA_GeForce_RTX_3090,24,
mobilevit_s,224,32,bf16,46.23206329345703,False,NVIDIA_GeForce_RTX_3090,24,
mobilevit_s,224,32,fp16,38.6800651550293,False,NVIDIA_GeForce_RTX_3090,24,
mobilevit_s,224,32,fp32,71.45318603515625,False,NVIDIA_GeForce_RTX_3090,24,
mobilevit_s,224,64,bf16,90.6065902709961,False,NVIDIA_GeForce_RTX_3090,24,
mobilevit_s,224,64,fp16,76.17894744873047,False,NVIDIA_GeForce_RTX_3090,24,
mobilevit_s,224,64,fp32,138.56410217285156,False,NVIDIA_GeForce_RTX_3090,24,
mobilevit_xs,64,16,bf16,5.874688148498535,False,NVIDIA_GeForce_RTX_3090,24,
mobilevit_xs,64,16,fp16,5.434879779815674,False,NVIDIA_GeForce_RTX_3090,24,
mobilevit_xs,64,16,fp32,4.97049617767334,False,NVIDIA_GeForce_RTX_3090,24,
mobilevit_xs,64,32,bf16,8.101887702941895,False,NVIDIA_GeForce_RTX_3090,24,
mobilevit_xs,64,32,fp16,7.530496120452881,False,NVIDIA_GeForce_RTX_3090,24,
mobilevit_xs,64,32,fp32,7.400447845458984,False,NVIDIA_GeForce_RTX_3090,24,
mobilevit_xs,64,64,bf16,13.146623611450195,False,NVIDIA_GeForce_RTX_3090,24,
mobilevit_xs,64,64,fp16,12.075519561767578,False,NVIDIA_GeForce_RTX_3090,24,
mobilevit_xs,64,64,fp32,11.914239883422852,False,NVIDIA_GeForce_RTX_3090,24,
mobilevit_xs,128,16,bf16,9.556480407714844,False,NVIDIA_GeForce_RTX_3090,24,
mobilevit_xs,128,16,fp16,9.037823677062988,False,NVIDIA_GeForce_RTX_3090,24,
mobilevit_xs,128,16,fp32,10.565119743347168,False,NVIDIA_GeForce_RTX_3090,24,
mobilevit_xs,128,32,bf16,15.59603214263916,False,NVIDIA_GeForce_RTX_3090,24,
mobilevit_xs,128,32,fp16,13.965312004089355,False,NVIDIA_GeForce_RTX_3090,24,
mobilevit_xs,128,32,fp32,18.367488861083984,False,NVIDIA_GeForce_RTX_3090,24,
mobilevit_xs,128,64,bf16,25.673728942871094,False,NVIDIA_GeForce_RTX_3090,24,
mobilevit_xs,128,64,fp16,22.01702308654785,False,NVIDIA_GeForce_RTX_3090,24,
mobilevit_xs,128,64,fp32,33.004032135009766,False,NVIDIA_GeForce_RTX_3090,24,
mobilevit_xs,224,16,bf16,20.86400032043457,False,NVIDIA_GeForce_RTX_3090,24,
mobilevit_xs,224,16,fp16,17.797632217407227,False,NVIDIA_GeForce_RTX_3090,24,
mobilevit_xs,224,16,fp32,29.214208602905277,False,NVIDIA_GeForce_RTX_3090,24,
mobilevit_xs,224,32,bf16,36.96691131591797,False,NVIDIA_GeForce_RTX_3090,24,
mobilevit_xs,224,32,fp16,31.10246467590332,False,NVIDIA_GeForce_RTX_3090,24,
mobilevit_xs,224,32,fp32,55.49158477783203,False,NVIDIA_GeForce_RTX_3090,24,
mobilevit_xs,224,64,bf16,70.57254028320312,False,NVIDIA_GeForce_RTX_3090,24,
mobilevit_xs,224,64,fp16,58.93171310424805,False,NVIDIA_GeForce_RTX_3090,24,
mobilevit_xs,224,64,fp32,106.70233917236328,False,NVIDIA_GeForce_RTX_3090,24,
mobilevit_xxs,64,16,bf16,9.728511810302734,False,NVIDIA_GeForce_RTX_3090,24,
mobilevit_xxs,64,16,fp16,10.40384006500244,False,NVIDIA_GeForce_RTX_3090,24,
mobilevit_xxs,64,16,fp32,4.05350399017334,False,NVIDIA_GeForce_RTX_3090,24,
mobilevit_xxs,64,32,bf16,6.393343925476074,False,NVIDIA_GeForce_RTX_3090,24,
mobilevit_xxs,64,32,fp16,6.000127792358398,False,NVIDIA_GeForce_RTX_3090,24,
mobilevit_xxs,64,32,fp32,5.958655834197998,False,NVIDIA_GeForce_RTX_3090,24,
mobilevit_xxs,64,64,bf16,9.54419231414795,False,NVIDIA_GeForce_RTX_3090,24,
mobilevit_xxs,64,64,fp16,8.93337631225586,False,NVIDIA_GeForce_RTX_3090,24,
mobilevit_xxs,64,64,fp32,8.160767555236816,False,NVIDIA_GeForce_RTX_3090,24,
mobilevit_xxs,128,16,bf16,6.553599834442139,False,NVIDIA_GeForce_RTX_3090,24,
mobilevit_xxs,128,16,fp16,5.9258880615234375,False,NVIDIA_GeForce_RTX_3090,24,
mobilevit_xxs,128,16,fp32,6.7394561767578125,False,NVIDIA_GeForce_RTX_3090,24,
mobilevit_xxs,128,32,bf16,10.165760040283203,False,NVIDIA_GeForce_RTX_3090,24,
mobilevit_xxs,128,32,fp16,9.065983772277832,False,NVIDIA_GeForce_RTX_3090,24,
mobilevit_xxs,128,32,fp32,10.677760124206545,False,NVIDIA_GeForce_RTX_3090,24,
mobilevit_xxs,128,64,bf16,17.273344039916992,False,NVIDIA_GeForce_RTX_3090,24,
mobilevit_xxs,128,64,fp16,15.149056434631348,False,NVIDIA_GeForce_RTX_3090,24,
mobilevit_xxs,128,64,fp32,18.465280532836918,False,NVIDIA_GeForce_RTX_3090,24,
mobilevit_xxs,224,16,bf16,13.326848030090332,False,NVIDIA_GeForce_RTX_3090,24,
mobilevit_xxs,224,16,fp16,11.507712364196776,False,NVIDIA_GeForce_RTX_3090,24,
mobilevit_xxs,224,16,fp32,17.69830322265625,False,NVIDIA_GeForce_RTX_3090,24,
mobilevit_xxs,224,32,bf16,23.771135330200195,False,NVIDIA_GeForce_RTX_3090,24,
mobilevit_xxs,224,32,fp16,20.30847930908203,False,NVIDIA_GeForce_RTX_3090,24,
mobilevit_xxs,224,32,fp32,31.326208114624023,False,NVIDIA_GeForce_RTX_3090,24,
mobilevit_xxs,224,64,bf16,43.2988166809082,False,NVIDIA_GeForce_RTX_3090,24,
mobilevit_xxs,224,64,fp16,36.54604721069336,False,NVIDIA_GeForce_RTX_3090,24,
mobilevit_xxs,224,64,fp32,59.56403350830078,False,NVIDIA_GeForce_RTX_3090,24,
mobilevitv2_100,64,16,bf16,5.499392032623291,False,NVIDIA_GeForce_RTX_3090,24,
mobilevitv2_100,64,16,fp16,5.024767875671387,False,NVIDIA_GeForce_RTX_3090,24,
mobilevitv2_100,64,16,fp32,5.643263816833496,False,NVIDIA_GeForce_RTX_3090,24,
mobilevitv2_100,64,32,bf16,7.460351943969727,False,NVIDIA_GeForce_RTX_3090,24,
mobilevitv2_100,64,32,fp16,6.646783828735352,False,NVIDIA_GeForce_RTX_3090,24,
mobilevitv2_100,64,32,fp32,8.853504180908203,False,NVIDIA_GeForce_RTX_3090,24,
mobilevitv2_100,64,64,bf16,11.569151878356934,False,NVIDIA_GeForce_RTX_3090,24,
mobilevitv2_100,64,64,fp16,10.080767631530762,False,NVIDIA_GeForce_RTX_3090,24,
mobilevitv2_100,64,64,fp32,14.134271621704102,False,NVIDIA_GeForce_RTX_3090,24,
mobilevitv2_100,128,16,bf16,9.390080451965332,False,NVIDIA_GeForce_RTX_3090,24,
mobilevitv2_100,128,16,fp16,8.067584037780762,False,NVIDIA_GeForce_RTX_3090,24,
mobilevitv2_100,128,16,fp32,11.017727851867676,False,NVIDIA_GeForce_RTX_3090,24,
mobilevitv2_100,128,32,bf16,15.026687622070312,False,NVIDIA_GeForce_RTX_3090,24,
mobilevitv2_100,128,32,fp16,12.84659194946289,False,NVIDIA_GeForce_RTX_3090,24,
mobilevitv2_100,128,32,fp32,19.42169570922852,False,NVIDIA_GeForce_RTX_3090,24,
mobilevitv2_100,128,64,bf16,26.46988868713379,False,NVIDIA_GeForce_RTX_3090,24,
mobilevitv2_100,128,64,fp16,22.302719116210938,False,NVIDIA_GeForce_RTX_3090,24,
mobilevitv2_100,128,64,fp32,35.350528717041016,False,NVIDIA_GeForce_RTX_3090,24,
mobilevitv2_100,224,16,bf16,23.01900863647461,False,NVIDIA_GeForce_RTX_3090,24,
mobilevitv2_100,224,16,fp16,19.586048126220703,False,NVIDIA_GeForce_RTX_3090,24,
mobilevitv2_100,224,16,fp32,28.117504119873047,False,NVIDIA_GeForce_RTX_3090,24,
mobilevitv2_100,224,32,bf16,41.46329498291016,False,NVIDIA_GeForce_RTX_3090,24,
mobilevitv2_100,224,32,fp16,35.57478332519531,False,NVIDIA_GeForce_RTX_3090,24,
mobilevitv2_100,224,32,fp32,55.552513122558594,False,NVIDIA_GeForce_RTX_3090,24,
mobilevitv2_100,224,64,bf16,82.83443450927734,False,NVIDIA_GeForce_RTX_3090,24,
mobilevitv2_100,224,64,fp16,71.7660140991211,False,NVIDIA_GeForce_RTX_3090,24,
mobilevitv2_100,224,64,fp32,108.46514892578124,False,NVIDIA_GeForce_RTX_3090,24,
nfnet_l0,64,16,bf16,9.666560173034668,False,NVIDIA_GeForce_RTX_3090,24,
nfnet_l0,64,16,fp16,9.499648094177246,False,NVIDIA_GeForce_RTX_3090,24,
nfnet_l0,64,16,fp32,14.211647987365724,False,NVIDIA_GeForce_RTX_3090,24,
nfnet_l0,64,32,bf16,10.93734359741211,False,NVIDIA_GeForce_RTX_3090,24,
nfnet_l0,64,32,fp16,10.809344291687012,False,NVIDIA_GeForce_RTX_3090,24,
nfnet_l0,64,32,fp32,18.58662414550781,False,NVIDIA_GeForce_RTX_3090,24,
nfnet_l0,64,64,bf16,15.10092830657959,False,NVIDIA_GeForce_RTX_3090,24,
nfnet_l0,64,64,fp16,14.748671531677246,False,NVIDIA_GeForce_RTX_3090,24,
nfnet_l0,64,64,fp32,25.720319747924805,False,NVIDIA_GeForce_RTX_3090,24,
nfnet_l0,128,16,bf16,13.888031959533691,False,NVIDIA_GeForce_RTX_3090,24,
nfnet_l0,128,16,fp16,13.73641586303711,False,NVIDIA_GeForce_RTX_3090,24,
nfnet_l0,128,16,fp32,20.89574432373047,False,NVIDIA_GeForce_RTX_3090,24,
nfnet_l0,128,32,bf16,20.617359161376957,False,NVIDIA_GeForce_RTX_3090,24,
nfnet_l0,128,32,fp16,20.48372840881348,False,NVIDIA_GeForce_RTX_3090,24,
nfnet_l0,128,32,fp32,32.77113723754883,False,NVIDIA_GeForce_RTX_3090,24,
nfnet_l0,128,64,bf16,33.58251190185547,False,NVIDIA_GeForce_RTX_3090,24,
nfnet_l0,128,64,fp16,33.37318420410156,False,NVIDIA_GeForce_RTX_3090,24,
nfnet_l0,128,64,fp32,56.39168167114258,False,NVIDIA_GeForce_RTX_3090,24,
nfnet_l0,224,16,bf16,27.687936782836918,False,NVIDIA_GeForce_RTX_3090,24,
nfnet_l0,224,16,fp16,27.71763229370117,False,NVIDIA_GeForce_RTX_3090,24,
nfnet_l0,224,16,fp32,54.00115203857422,False,NVIDIA_GeForce_RTX_3090,24,
nfnet_l0,224,32,bf16,47.92729568481445,False,NVIDIA_GeForce_RTX_3090,24,
nfnet_l0,224,32,fp16,47.599647521972656,False,NVIDIA_GeForce_RTX_3090,24,
nfnet_l0,224,32,fp32,83.9920654296875,False,NVIDIA_GeForce_RTX_3090,24,
nfnet_l0,224,64,bf16,88.48332977294922,False,NVIDIA_GeForce_RTX_3090,24,
nfnet_l0,224,64,fp16,87.9109115600586,False,NVIDIA_GeForce_RTX_3090,24,
nfnet_l0,224,64,fp32,161.0265655517578,False,NVIDIA_GeForce_RTX_3090,24,
pvt_v2_b0,64,16,bf16,3.9290881156921382,False,NVIDIA_GeForce_RTX_3090,24,
pvt_v2_b0,64,16,fp16,3.843584060668945,False,NVIDIA_GeForce_RTX_3090,24,
pvt_v2_b0,64,16,fp32,10.70847988128662,False,NVIDIA_GeForce_RTX_3090,24,
pvt_v2_b0,64,32,bf16,4.840447902679443,False,NVIDIA_GeForce_RTX_3090,24,
pvt_v2_b0,64,32,fp16,4.65715217590332,False,NVIDIA_GeForce_RTX_3090,24,
pvt_v2_b0,64,32,fp32,5.975552082061768,False,NVIDIA_GeForce_RTX_3090,24,
pvt_v2_b0,64,64,bf16,6.405119895935059,False,NVIDIA_GeForce_RTX_3090,24,
pvt_v2_b0,64,64,fp16,6.347263813018799,False,NVIDIA_GeForce_RTX_3090,24,
pvt_v2_b0,64,64,fp32,8.346112251281738,False,NVIDIA_GeForce_RTX_3090,24,
pvt_v2_b0,128,16,bf16,6.119423866271973,False,NVIDIA_GeForce_RTX_3090,24,
pvt_v2_b0,128,16,fp16,6.067200183868408,False,NVIDIA_GeForce_RTX_3090,24,
pvt_v2_b0,128,16,fp32,7.976448059082031,False,NVIDIA_GeForce_RTX_3090,24,
pvt_v2_b0,128,32,bf16,9.108480453491213,False,NVIDIA_GeForce_RTX_3090,24,
pvt_v2_b0,128,32,fp16,8.52019214630127,False,NVIDIA_GeForce_RTX_3090,24,
pvt_v2_b0,128,32,fp32,12.622336387634276,False,NVIDIA_GeForce_RTX_3090,24,
pvt_v2_b0,128,64,bf16,14.211584091186523,False,NVIDIA_GeForce_RTX_3090,24,
pvt_v2_b0,128,64,fp16,14.097408294677734,False,NVIDIA_GeForce_RTX_3090,24,
pvt_v2_b0,128,64,fp32,21.81171226501465,False,NVIDIA_GeForce_RTX_3090,24,
pvt_v2_b0,224,16,bf16,11.594240188598633,False,NVIDIA_GeForce_RTX_3090,24,
pvt_v2_b0,224,16,fp16,11.713024139404297,False,NVIDIA_GeForce_RTX_3090,24,
pvt_v2_b0,224,16,fp32,19.06073570251465,False,NVIDIA_GeForce_RTX_3090,24,
pvt_v2_b0,224,32,bf16,17.84217643737793,False,NVIDIA_GeForce_RTX_3090,24,
pvt_v2_b0,224,32,fp16,17.62713623046875,False,NVIDIA_GeForce_RTX_3090,24,
pvt_v2_b0,224,32,fp32,30.164480209350582,False,NVIDIA_GeForce_RTX_3090,24,
pvt_v2_b0,224,64,bf16,32.169471740722656,False,NVIDIA_GeForce_RTX_3090,24,
pvt_v2_b0,224,64,fp16,31.831552505493164,False,NVIDIA_GeForce_RTX_3090,24,
pvt_v2_b0,224,64,fp32,55.30060958862305,False,NVIDIA_GeForce_RTX_3090,24,
pvt_v2_b2,64,16,bf16,9.540608406066896,False,NVIDIA_GeForce_RTX_3090,24,
pvt_v2_b2,64,16,fp16,9.513471603393556,False,NVIDIA_GeForce_RTX_3090,24,
pvt_v2_b2,64,16,fp32,11.895296096801758,False,NVIDIA_GeForce_RTX_3090,24,
pvt_v2_b2,64,32,bf16,11.721216201782228,False,NVIDIA_GeForce_RTX_3090,24,
pvt_v2_b2,64,32,fp16,12.196352005004885,False,NVIDIA_GeForce_RTX_3090,24,
pvt_v2_b2,64,32,fp32,15.429120063781738,False,NVIDIA_GeForce_RTX_3090,24,
pvt_v2_b2,64,64,bf16,16.058879852294922,False,NVIDIA_GeForce_RTX_3090,24,
pvt_v2_b2,64,64,fp16,15.755264282226562,False,NVIDIA_GeForce_RTX_3090,24,
pvt_v2_b2,64,64,fp32,23.647232055664062,False,NVIDIA_GeForce_RTX_3090,24,
pvt_v2_b2,128,16,bf16,15.169024467468262,False,NVIDIA_GeForce_RTX_3090,24,
pvt_v2_b2,128,16,fp16,15.031807899475098,False,NVIDIA_GeForce_RTX_3090,24,
pvt_v2_b2,128,16,fp32,23.290367126464844,False,NVIDIA_GeForce_RTX_3090,24,
pvt_v2_b2,128,32,bf16,23.375871658325195,False,NVIDIA_GeForce_RTX_3090,24,
pvt_v2_b2,128,32,fp16,22.8351993560791,False,NVIDIA_GeForce_RTX_3090,24,
pvt_v2_b2,128,32,fp32,38.51315307617188,False,NVIDIA_GeForce_RTX_3090,24,
pvt_v2_b2,128,64,bf16,39.951358795166016,False,NVIDIA_GeForce_RTX_3090,24,
pvt_v2_b2,128,64,fp16,39.10297775268555,False,NVIDIA_GeForce_RTX_3090,24,
pvt_v2_b2,128,64,fp32,69.92588806152344,False,NVIDIA_GeForce_RTX_3090,24,
pvt_v2_b2,224,16,bf16,32.662017822265625,False,NVIDIA_GeForce_RTX_3090,24,
pvt_v2_b2,224,16,fp16,32.15974426269531,False,NVIDIA_GeForce_RTX_3090,24,
pvt_v2_b2,224,16,fp32,59.315711975097656,False,NVIDIA_GeForce_RTX_3090,24,
pvt_v2_b2,224,32,bf16,54.66828918457031,False,NVIDIA_GeForce_RTX_3090,24,
pvt_v2_b2,224,32,fp16,52.83737564086914,False,NVIDIA_GeForce_RTX_3090,24,
pvt_v2_b2,224,32,fp32,102.30477142333984,False,NVIDIA_GeForce_RTX_3090,24,
pvt_v2_b2,224,64,bf16,100.13593292236328,False,NVIDIA_GeForce_RTX_3090,24,
pvt_v2_b2,224,64,fp16,97.99935913085938,False,NVIDIA_GeForce_RTX_3090,24,
pvt_v2_b2,224,64,fp32,192.26829528808597,False,NVIDIA_GeForce_RTX_3090,24,
pvt_v2_b5,64,16,bf16,27.36742401123047,False,NVIDIA_GeForce_RTX_3090,24,
pvt_v2_b5,64,16,fp16,26.299392700195312,False,NVIDIA_GeForce_RTX_3090,24,
pvt_v2_b5,64,16,fp32,30.888959884643555,False,NVIDIA_GeForce_RTX_3090,24,
pvt_v2_b5,64,32,bf16,34.374656677246094,False,NVIDIA_GeForce_RTX_3090,24,
pvt_v2_b5,64,32,fp16,33.09823989868164,False,NVIDIA_GeForce_RTX_3090,24,
pvt_v2_b5,64,32,fp32,41.615360260009766,False,NVIDIA_GeForce_RTX_3090,24,
pvt_v2_b5,64,64,bf16,43.74528121948242,False,NVIDIA_GeForce_RTX_3090,24,
pvt_v2_b5,64,64,fp16,43.30137634277344,False,NVIDIA_GeForce_RTX_3090,24,
pvt_v2_b5,64,64,fp32,61.07852935791016,False,NVIDIA_GeForce_RTX_3090,24,
pvt_v2_b5,128,16,bf16,38.4983024597168,False,NVIDIA_GeForce_RTX_3090,24,
pvt_v2_b5,128,16,fp16,38.38463973999024,False,NVIDIA_GeForce_RTX_3090,24,
pvt_v2_b5,128,16,fp32,58.12428665161133,False,NVIDIA_GeForce_RTX_3090,24,
pvt_v2_b5,128,32,bf16,57.31379318237305,False,NVIDIA_GeForce_RTX_3090,24,
pvt_v2_b5,128,32,fp16,55.52896118164063,False,NVIDIA_GeForce_RTX_3090,24,
pvt_v2_b5,128,32,fp32,93.43590545654295,False,NVIDIA_GeForce_RTX_3090,24,
pvt_v2_b5,128,64,bf16,95.61702728271484,False,NVIDIA_GeForce_RTX_3090,24,
pvt_v2_b5,128,64,fp16,92.56806182861328,False,NVIDIA_GeForce_RTX_3090,24,
pvt_v2_b5,128,64,fp32,168.07884216308594,False,NVIDIA_GeForce_RTX_3090,24,
pvt_v2_b5,224,16,bf16,77.04883575439453,False,NVIDIA_GeForce_RTX_3090,24,
pvt_v2_b5,224,16,fp16,76.96947479248047,False,NVIDIA_GeForce_RTX_3090,24,
pvt_v2_b5,224,16,fp32,141.57260131835938,False,NVIDIA_GeForce_RTX_3090,24,
pvt_v2_b5,224,32,bf16,125.63712310791016,False,NVIDIA_GeForce_RTX_3090,24,
pvt_v2_b5,224,32,fp16,124.63922882080078,False,NVIDIA_GeForce_RTX_3090,24,
pvt_v2_b5,224,32,fp32,244.04684448242188,False,NVIDIA_GeForce_RTX_3090,24,
pvt_v2_b5,224,64,bf16,230.53619384765625,False,NVIDIA_GeForce_RTX_3090,24,
pvt_v2_b5,224,64,fp16,229.3678131103516,False,NVIDIA_GeForce_RTX_3090,24,
pvt_v2_b5,224,64,fp32,459.6551818847656,False,NVIDIA_GeForce_RTX_3090,24,
regnety_032,64,16,bf16,9.692671775817873,False,NVIDIA_GeForce_RTX_3090,24,
regnety_032,64,16,fp16,9.290752410888672,False,NVIDIA_GeForce_RTX_3090,24,
regnety_032,64,16,fp32,13.093376159667969,False,NVIDIA_GeForce_RTX_3090,24,
regnety_032,64,32,bf16,12.008959770202637,False,NVIDIA_GeForce_RTX_3090,24,
regnety_032,64,32,fp16,11.143168449401855,False,NVIDIA_GeForce_RTX_3090,24,
regnety_032,64,32,fp32,18.84620857238769,False,NVIDIA_GeForce_RTX_3090,24,
regnety_032,64,64,bf16,16.144895553588867,False,NVIDIA_GeForce_RTX_3090,24,
regnety_032,64,64,fp16,14.48243236541748,False,NVIDIA_GeForce_RTX_3090,24,
regnety_032,64,64,fp32,26.49435234069824,False,NVIDIA_GeForce_RTX_3090,24,
regnety_032,128,16,bf16,14.39897632598877,False,NVIDIA_GeForce_RTX_3090,24,
regnety_032,128,16,fp16,13.187071800231934,False,NVIDIA_GeForce_RTX_3090,24,
regnety_032,128,16,fp32,21.26592063903809,False,NVIDIA_GeForce_RTX_3090,24,
regnety_032,128,32,bf16,21.870080947875977,False,NVIDIA_GeForce_RTX_3090,24,
regnety_032,128,32,fp16,19.7258243560791,False,NVIDIA_GeForce_RTX_3090,24,
regnety_032,128,32,fp32,38.38771057128906,False,NVIDIA_GeForce_RTX_3090,24,
regnety_032,128,64,bf16,37.64275360107422,False,NVIDIA_GeForce_RTX_3090,24,
regnety_032,128,64,fp16,32.97587203979492,False,NVIDIA_GeForce_RTX_3090,24,
regnety_032,128,64,fp32,58.54782485961914,False,NVIDIA_GeForce_RTX_3090,24,
regnety_032,224,16,bf16,30.3191032409668,False,NVIDIA_GeForce_RTX_3090,24,
regnety_032,224,16,fp16,26.52672004699707,False,NVIDIA_GeForce_RTX_3090,24,
regnety_032,224,16,fp32,57.16377639770508,False,NVIDIA_GeForce_RTX_3090,24,
regnety_032,224,32,bf16,53.84550476074219,False,NVIDIA_GeForce_RTX_3090,24,
regnety_032,224,32,fp16,46.32012939453125,False,NVIDIA_GeForce_RTX_3090,24,
regnety_032,224,32,fp32,88.50994873046875,False,NVIDIA_GeForce_RTX_3090,24,
regnety_032,224,64,bf16,102.51673889160156,False,NVIDIA_GeForce_RTX_3090,24,
regnety_032,224,64,fp16,86.82189178466797,False,NVIDIA_GeForce_RTX_3090,24,
regnety_032,224,64,fp32,169.53753662109375,False,NVIDIA_GeForce_RTX_3090,24,
regnety_080,64,16,bf16,14.303232192993164,False,NVIDIA_GeForce_RTX_3090,24,
regnety_080,64,16,fp16,14.105600357055664,False,NVIDIA_GeForce_RTX_3090,24,
regnety_080,64,16,fp32,19.932159423828125,False,NVIDIA_GeForce_RTX_3090,24,
regnety_080,64,32,bf16,20.709888458251957,False,NVIDIA_GeForce_RTX_3090,24,
regnety_080,64,32,fp16,20.181072235107425,False,NVIDIA_GeForce_RTX_3090,24,
regnety_080,64,32,fp32,25.412607192993164,False,NVIDIA_GeForce_RTX_3090,24,
regnety_080,64,64,bf16,20.7467041015625,False,NVIDIA_GeForce_RTX_3090,24,
regnety_080,64,64,fp16,19.65414428710937,False,NVIDIA_GeForce_RTX_3090,24,
regnety_080,64,64,fp32,33.886207580566406,False,NVIDIA_GeForce_RTX_3090,24,
regnety_080,128,16,bf16,18.5927677154541,False,NVIDIA_GeForce_RTX_3090,24,
regnety_080,128,16,fp16,17.7838077545166,False,NVIDIA_GeForce_RTX_3090,24,
regnety_080,128,16,fp32,32.7459831237793,False,NVIDIA_GeForce_RTX_3090,24,
regnety_080,128,32,bf16,29.894575119018555,False,NVIDIA_GeForce_RTX_3090,24,
regnety_080,128,32,fp16,28.37452888488769,False,NVIDIA_GeForce_RTX_3090,24,
regnety_080,128,32,fp32,51.09811019897461,False,NVIDIA_GeForce_RTX_3090,24,
regnety_080,128,64,bf16,53.2940788269043,False,NVIDIA_GeForce_RTX_3090,24,
regnety_080,128,64,fp16,50.1135368347168,False,NVIDIA_GeForce_RTX_3090,24,
regnety_080,128,64,fp32,96.35327911376952,False,NVIDIA_GeForce_RTX_3090,24,
regnety_080,224,16,bf16,44.74675369262695,False,NVIDIA_GeForce_RTX_3090,24,
regnety_080,224,16,fp16,41.9788818359375,False,NVIDIA_GeForce_RTX_3090,24,
regnety_080,224,16,fp32,91.40940856933594,False,NVIDIA_GeForce_RTX_3090,24,
regnety_080,224,32,bf16,78.23359680175781,False,NVIDIA_GeForce_RTX_3090,24,
regnety_080,224,32,fp16,71.9820785522461,False,NVIDIA_GeForce_RTX_3090,24,
regnety_080,224,32,fp32,135.5985870361328,False,NVIDIA_GeForce_RTX_3090,24,
regnety_080,224,64,bf16,148.9003448486328,False,NVIDIA_GeForce_RTX_3090,24,
regnety_080,224,64,fp16,137.39625549316406,False,NVIDIA_GeForce_RTX_3090,24,
regnety_080,224,64,fp32,269.1041259765625,False,NVIDIA_GeForce_RTX_3090,24,
regnety_160,64,16,bf16,62.38412857055664,False,NVIDIA_GeForce_RTX_3090,24,
regnety_160,64,16,fp16,64.89600372314453,False,NVIDIA_GeForce_RTX_3090,24,
regnety_160,64,16,fp32,27.055679321289062,False,NVIDIA_GeForce_RTX_3090,24,
regnety_160,64,32,bf16,108.74470520019533,False,NVIDIA_GeForce_RTX_3090,24,
regnety_160,64,32,fp16,109.58694458007812,False,NVIDIA_GeForce_RTX_3090,24,
regnety_160,64,32,fp32,41.32659149169922,False,NVIDIA_GeForce_RTX_3090,24,
regnety_160,64,64,bf16,185.20013427734372,False,NVIDIA_GeForce_RTX_3090,24,
regnety_160,64,64,fp16,185.10592651367188,False,NVIDIA_GeForce_RTX_3090,24,
regnety_160,64,64,fp32,65.63788604736328,False,NVIDIA_GeForce_RTX_3090,24,
regnety_160,128,16,bf16,68.67967987060547,False,NVIDIA_GeForce_RTX_3090,24,
regnety_160,128,16,fp16,69.38368225097656,False,NVIDIA_GeForce_RTX_3090,24,
regnety_160,128,16,fp32,48.42649459838867,False,NVIDIA_GeForce_RTX_3090,24,
regnety_160,128,32,bf16,129.50067138671875,False,NVIDIA_GeForce_RTX_3090,24,
regnety_160,128,32,fp16,135.9984588623047,False,NVIDIA_GeForce_RTX_3090,24,
regnety_160,128,32,fp32,86.96985626220703,False,NVIDIA_GeForce_RTX_3090,24,
regnety_160,128,64,bf16,82.89228820800781,False,NVIDIA_GeForce_RTX_3090,24,
regnety_160,128,64,fp16,79.46393585205078,False,NVIDIA_GeForce_RTX_3090,24,
regnety_160,128,64,fp32,164.05960083007812,False,NVIDIA_GeForce_RTX_3090,24,
regnety_160,224,16,bf16,108.82563018798828,False,NVIDIA_GeForce_RTX_3090,24,
regnety_160,224,16,fp16,103.03334045410156,False,NVIDIA_GeForce_RTX_3090,24,
regnety_160,224,16,fp32,130.46322631835938,False,NVIDIA_GeForce_RTX_3090,24,
regnety_160,224,32,bf16,123.6573257446289,False,NVIDIA_GeForce_RTX_3090,24,
regnety_160,224,32,fp16,113.94713592529295,False,NVIDIA_GeForce_RTX_3090,24,
regnety_160,224,32,fp32,301.42156982421875,False,NVIDIA_GeForce_RTX_3090,24,
regnety_160,224,64,bf16,235.53587341308597,False,NVIDIA_GeForce_RTX_3090,24,
regnety_160,224,64,fp16,218.61068725585935,False,NVIDIA_GeForce_RTX_3090,24,
regnety_160,224,64,fp32,602.0316162109375,False,NVIDIA_GeForce_RTX_3090,24,
regnety_320,64,16,bf16,29.841407775878903,False,NVIDIA_GeForce_RTX_3090,24,
regnety_320,64,16,fp16,34.23428726196289,False,NVIDIA_GeForce_RTX_3090,24,
regnety_320,64,16,fp32,37.98067092895508,False,NVIDIA_GeForce_RTX_3090,24,
regnety_320,64,32,bf16,35.84102249145508,False,NVIDIA_GeForce_RTX_3090,24,
regnety_320,64,32,fp16,35.84409713745117,False,NVIDIA_GeForce_RTX_3090,24,
regnety_320,64,32,fp32,57.6890869140625,False,NVIDIA_GeForce_RTX_3090,24,
regnety_320,64,64,bf16,51.674110412597656,False,NVIDIA_GeForce_RTX_3090,24,
regnety_320,64,64,fp16,52.06579208374024,False,NVIDIA_GeForce_RTX_3090,24,
regnety_320,64,64,fp32,91.69459533691406,False,NVIDIA_GeForce_RTX_3090,24,
regnety_320,128,16,bf16,46.97395324707031,False,NVIDIA_GeForce_RTX_3090,24,
regnety_320,128,16,fp16,44.19736099243164,False,NVIDIA_GeForce_RTX_3090,24,
regnety_320,128,16,fp32,72.29440307617188,False,NVIDIA_GeForce_RTX_3090,24,
regnety_320,128,32,bf16,75.0044174194336,False,NVIDIA_GeForce_RTX_3090,24,
regnety_320,128,32,fp16,70.76914978027344,False,NVIDIA_GeForce_RTX_3090,24,
regnety_320,128,32,fp32,124.31820678710938,False,NVIDIA_GeForce_RTX_3090,24,
regnety_320,128,64,bf16,129.22213745117188,False,NVIDIA_GeForce_RTX_3090,24,
regnety_320,128,64,fp16,121.20832061767578,False,NVIDIA_GeForce_RTX_3090,24,
regnety_320,128,64,fp32,222.97608947753903,False,NVIDIA_GeForce_RTX_3090,24,
regnety_320,224,16,bf16,107.07046508789062,False,NVIDIA_GeForce_RTX_3090,24,
regnety_320,224,16,fp16,100.64640045166016,False,NVIDIA_GeForce_RTX_3090,24,
regnety_320,224,16,fp32,181.0565643310547,False,NVIDIA_GeForce_RTX_3090,24,
regnety_320,224,32,bf16,197.77023315429688,False,NVIDIA_GeForce_RTX_3090,24,
regnety_320,224,32,fp16,181.70162963867188,False,NVIDIA_GeForce_RTX_3090,24,
regnety_320,224,32,fp32,345.9635314941406,False,NVIDIA_GeForce_RTX_3090,24,
regnety_320,224,64,bf16,374.5566711425781,False,NVIDIA_GeForce_RTX_3090,24,
regnety_320,224,64,fp16,346.3444519042969,False,NVIDIA_GeForce_RTX_3090,24,
regnety_320,224,64,fp32,,True,NVIDIA_GeForce_RTX_3090,24,
repvgg_a2,64,16,bf16,7.187967777252197,False,NVIDIA_GeForce_RTX_3090,24,
repvgg_a2,64,16,fp16,6.917632102966309,False,NVIDIA_GeForce_RTX_3090,24,
repvgg_a2,64,16,fp32,9.10694408416748,False,NVIDIA_GeForce_RTX_3090,24,
repvgg_a2,64,32,bf16,9.349120140075684,False,NVIDIA_GeForce_RTX_3090,24,
repvgg_a2,64,32,fp16,8.793600082397461,False,NVIDIA_GeForce_RTX_3090,24,
repvgg_a2,64,32,fp32,11.057151794433594,False,NVIDIA_GeForce_RTX_3090,24,
repvgg_a2,64,64,bf16,13.346816062927246,False,NVIDIA_GeForce_RTX_3090,24,
repvgg_a2,64,64,fp16,13.097472190856934,False,NVIDIA_GeForce_RTX_3090,24,
repvgg_a2,64,64,fp32,17.092607498168945,False,NVIDIA_GeForce_RTX_3090,24,
repvgg_a2,128,16,bf16,12.174847602844238,False,NVIDIA_GeForce_RTX_3090,24,
repvgg_a2,128,16,fp16,11.546112060546877,False,NVIDIA_GeForce_RTX_3090,24,
repvgg_a2,128,16,fp32,15.284223556518556,False,NVIDIA_GeForce_RTX_3090,24,
repvgg_a2,128,32,bf16,17.543167114257812,False,NVIDIA_GeForce_RTX_3090,24,
repvgg_a2,128,32,fp16,16.33024024963379,False,NVIDIA_GeForce_RTX_3090,24,
repvgg_a2,128,32,fp32,25.28204727172852,False,NVIDIA_GeForce_RTX_3090,24,
repvgg_a2,128,64,bf16,30.411775588989254,False,NVIDIA_GeForce_RTX_3090,24,
repvgg_a2,128,64,fp16,27.971071243286133,False,NVIDIA_GeForce_RTX_3090,24,
repvgg_a2,128,64,fp32,47.22022247314453,False,NVIDIA_GeForce_RTX_3090,24,
repvgg_a2,224,16,bf16,25.20012855529785,False,NVIDIA_GeForce_RTX_3090,24,
repvgg_a2,224,16,fp16,23.48134422302246,False,NVIDIA_GeForce_RTX_3090,24,
repvgg_a2,224,16,fp32,34.34137725830078,False,NVIDIA_GeForce_RTX_3090,24,
repvgg_a2,224,32,bf16,42.38079833984375,False,NVIDIA_GeForce_RTX_3090,24,
repvgg_a2,224,32,fp16,38.67136001586914,False,NVIDIA_GeForce_RTX_3090,24,
repvgg_a2,224,32,fp32,68.41804504394531,False,NVIDIA_GeForce_RTX_3090,24,
repvgg_a2,224,64,bf16,76.49740600585938,False,NVIDIA_GeForce_RTX_3090,24,
repvgg_a2,224,64,fp16,68.93516540527344,False,NVIDIA_GeForce_RTX_3090,24,
repvgg_a2,224,64,fp32,131.72291564941406,False,NVIDIA_GeForce_RTX_3090,24,
resmlp_24_224,64,16,bf16,8.437248229980469,False,NVIDIA_GeForce_RTX_3090,24,
resmlp_24_224,64,16,fp16,7.978496074676514,False,NVIDIA_GeForce_RTX_3090,24,
resmlp_24_224,64,16,fp32,9.470975875854492,False,NVIDIA_GeForce_RTX_3090,24,
resmlp_24_224,64,32,bf16,10.142208099365234,False,NVIDIA_GeForce_RTX_3090,24,
resmlp_24_224,64,32,fp16,9.414143562316896,False,NVIDIA_GeForce_RTX_3090,24,
resmlp_24_224,64,32,fp32,14.30835247039795,False,NVIDIA_GeForce_RTX_3090,24,
resmlp_24_224,64,64,bf16,13.153280258178713,False,NVIDIA_GeForce_RTX_3090,24,
resmlp_24_224,64,64,fp16,12.697088241577148,False,NVIDIA_GeForce_RTX_3090,24,
resmlp_24_224,64,64,fp32,20.27110481262207,False,NVIDIA_GeForce_RTX_3090,24,
resmlp_24_224,128,16,bf16,13.335552215576172,False,NVIDIA_GeForce_RTX_3090,24,
resmlp_24_224,128,16,fp16,12.917247772216797,False,NVIDIA_GeForce_RTX_3090,24,
resmlp_24_224,128,16,fp32,20.44979286193848,False,NVIDIA_GeForce_RTX_3090,24,
resmlp_24_224,128,32,bf16,21.302783966064453,False,NVIDIA_GeForce_RTX_3090,24,
resmlp_24_224,128,32,fp16,19.401216506958008,False,NVIDIA_GeForce_RTX_3090,24,
resmlp_24_224,128,32,fp32,34.103294372558594,False,NVIDIA_GeForce_RTX_3090,24,
resmlp_24_224,128,64,bf16,37.32428741455078,False,NVIDIA_GeForce_RTX_3090,24,
resmlp_24_224,128,64,fp16,35.00697708129883,False,NVIDIA_GeForce_RTX_3090,24,
resmlp_24_224,128,64,fp32,62.56383895874024,False,NVIDIA_GeForce_RTX_3090,24,
resmlp_24_224,224,16,bf16,29.567487716674805,False,NVIDIA_GeForce_RTX_3090,24,
resmlp_24_224,224,16,fp16,29.05599975585937,False,NVIDIA_GeForce_RTX_3090,24,
resmlp_24_224,224,16,fp32,51.24044799804688,False,NVIDIA_GeForce_RTX_3090,24,
resmlp_24_224,224,32,bf16,52.44825744628906,False,NVIDIA_GeForce_RTX_3090,24,
resmlp_24_224,224,32,fp16,50.99827194213867,False,NVIDIA_GeForce_RTX_3090,24,
resmlp_24_224,224,32,fp32,92.90803527832033,False,NVIDIA_GeForce_RTX_3090,24,
resmlp_24_224,224,64,bf16,97.82527923583984,False,NVIDIA_GeForce_RTX_3090,24,
resmlp_24_224,224,64,fp16,93.47328186035156,False,NVIDIA_GeForce_RTX_3090,24,
resmlp_24_224,224,64,fp32,180.5091857910156,False,NVIDIA_GeForce_RTX_3090,24,
resnet101,64,16,bf16,13.68115234375,False,NVIDIA_GeForce_RTX_3090,24,
resnet101,64,16,fp16,13.025792121887209,False,NVIDIA_GeForce_RTX_3090,24,
resnet101,64,16,fp32,18.04902458190918,False,NVIDIA_GeForce_RTX_3090,24,
resnet101,64,32,bf16,17.707008361816406,False,NVIDIA_GeForce_RTX_3090,24,
resnet101,64,32,fp16,16.416767120361328,False,NVIDIA_GeForce_RTX_3090,24,
resnet101,64,32,fp32,21.68627166748047,False,NVIDIA_GeForce_RTX_3090,24,
resnet101,64,64,bf16,20.65715217590332,False,NVIDIA_GeForce_RTX_3090,24,
resnet101,64,64,fp16,17.98963165283203,False,NVIDIA_GeForce_RTX_3090,24,
resnet101,64,64,fp32,31.558143615722656,False,NVIDIA_GeForce_RTX_3090,24,
resnet101,128,16,bf16,17.40287971496582,False,NVIDIA_GeForce_RTX_3090,24,
resnet101,128,16,fp16,16.000511169433594,False,NVIDIA_GeForce_RTX_3090,24,
resnet101,128,16,fp32,24.96102333068848,False,NVIDIA_GeForce_RTX_3090,24,
resnet101,128,32,bf16,26.92403221130371,False,NVIDIA_GeForce_RTX_3090,24,
resnet101,128,32,fp16,24.44134330749512,False,NVIDIA_GeForce_RTX_3090,24,
resnet101,128,32,fp32,41.39571380615234,False,NVIDIA_GeForce_RTX_3090,24,
resnet101,128,64,bf16,46.74662399291992,False,NVIDIA_GeForce_RTX_3090,24,
resnet101,128,64,fp16,41.544193267822266,False,NVIDIA_GeForce_RTX_3090,24,
resnet101,128,64,fp32,72.78489685058594,False,NVIDIA_GeForce_RTX_3090,24,
resnet101,224,16,bf16,38.901248931884766,False,NVIDIA_GeForce_RTX_3090,24,
resnet101,224,16,fp16,35.32851028442383,False,NVIDIA_GeForce_RTX_3090,24,
resnet101,224,16,fp32,59.76831817626953,False,NVIDIA_GeForce_RTX_3090,24,
resnet101,224,32,bf16,67.79801940917969,False,NVIDIA_GeForce_RTX_3090,24,
resnet101,224,32,fp16,60.56038284301758,False,NVIDIA_GeForce_RTX_3090,24,
resnet101,224,32,fp32,112.65843200683594,False,NVIDIA_GeForce_RTX_3090,24,
resnet101,224,64,bf16,131.33824157714844,False,NVIDIA_GeForce_RTX_3090,24,
resnet101,224,64,fp16,115.51744079589844,False,NVIDIA_GeForce_RTX_3090,24,
resnet101,224,64,fp32,222.2709808349609,False,NVIDIA_GeForce_RTX_3090,24,
resnet152,64,16,bf16,19.665407180786133,False,NVIDIA_GeForce_RTX_3090,24,
resnet152,64,16,fp16,18.72640037536621,False,NVIDIA_GeForce_RTX_3090,24,
resnet152,64,16,fp32,26.08281517028809,False,NVIDIA_GeForce_RTX_3090,24,
resnet152,64,32,bf16,25.51244735717773,False,NVIDIA_GeForce_RTX_3090,24,
resnet152,64,32,fp16,23.70560073852539,False,NVIDIA_GeForce_RTX_3090,24,
resnet152,64,32,fp32,30.55513572692871,False,NVIDIA_GeForce_RTX_3090,24,
resnet152,64,64,bf16,29.065216064453125,False,NVIDIA_GeForce_RTX_3090,24,
resnet152,64,64,fp16,25.435136795043945,False,NVIDIA_GeForce_RTX_3090,24,
resnet152,64,64,fp32,44.22041702270508,False,NVIDIA_GeForce_RTX_3090,24,
resnet152,128,16,bf16,24.54528045654297,False,NVIDIA_GeForce_RTX_3090,24,
resnet152,128,16,fp16,22.69491195678711,False,NVIDIA_GeForce_RTX_3090,24,
resnet152,128,16,fp32,34.97779083251953,False,NVIDIA_GeForce_RTX_3090,24,
resnet152,128,32,bf16,37.94585418701172,False,NVIDIA_GeForce_RTX_3090,24,
resnet152,128,32,fp16,34.482688903808594,False,NVIDIA_GeForce_RTX_3090,24,
resnet152,128,32,fp32,58.57177734375,False,NVIDIA_GeForce_RTX_3090,24,
resnet152,128,64,bf16,66.04236602783203,False,NVIDIA_GeForce_RTX_3090,24,
resnet152,128,64,fp16,58.96345520019531,False,NVIDIA_GeForce_RTX_3090,24,
resnet152,128,64,fp32,103.79315185546876,False,NVIDIA_GeForce_RTX_3090,24,
resnet152,224,16,bf16,55.071231842041016,False,NVIDIA_GeForce_RTX_3090,24,
resnet152,224,16,fp16,50.02803039550781,False,NVIDIA_GeForce_RTX_3090,24,
resnet152,224,16,fp32,85.34528350830078,False,NVIDIA_GeForce_RTX_3090,24,
resnet152,224,32,bf16,95.8238754272461,False,NVIDIA_GeForce_RTX_3090,24,
resnet152,224,32,fp16,85.63200378417969,False,NVIDIA_GeForce_RTX_3090,24,
resnet152,224,32,fp32,161.78175354003906,False,NVIDIA_GeForce_RTX_3090,24,
resnet152,224,64,bf16,188.66482543945312,False,NVIDIA_GeForce_RTX_3090,24,
resnet152,224,64,fp16,164.86041259765625,False,NVIDIA_GeForce_RTX_3090,24,
resnet152,224,64,fp32,319.4710998535156,False,NVIDIA_GeForce_RTX_3090,24,
resnet18,64,16,bf16,2.8789761066436768,False,NVIDIA_GeForce_RTX_3090,24,
resnet18,64,16,fp16,2.7637760639190674,False,NVIDIA_GeForce_RTX_3090,24,
resnet18,64,16,fp32,3.383807897567749,False,NVIDIA_GeForce_RTX_3090,24,
resnet18,64,32,bf16,3.4698240756988525,False,NVIDIA_GeForce_RTX_3090,24,
resnet18,64,32,fp16,3.2629759311676025,False,NVIDIA_GeForce_RTX_3090,24,
resnet18,64,32,fp32,4.079616069793701,False,NVIDIA_GeForce_RTX_3090,24,
resnet18,64,64,bf16,4.718592166900635,False,NVIDIA_GeForce_RTX_3090,24,
resnet18,64,64,fp16,4.334591865539551,False,NVIDIA_GeForce_RTX_3090,24,
resnet18,64,64,fp32,5.6545281410217285,False,NVIDIA_GeForce_RTX_3090,24,
resnet18,128,16,bf16,4.276224136352539,False,NVIDIA_GeForce_RTX_3090,24,
resnet18,128,16,fp16,4.0273919105529785,False,NVIDIA_GeForce_RTX_3090,24,
resnet18,128,16,fp32,5.52294397354126,False,NVIDIA_GeForce_RTX_3090,24,
resnet18,128,32,bf16,6.516736030578613,False,NVIDIA_GeForce_RTX_3090,24,
resnet18,128,32,fp16,5.97811222076416,False,NVIDIA_GeForce_RTX_3090,24,
resnet18,128,32,fp32,8.82636833190918,False,NVIDIA_GeForce_RTX_3090,24,
resnet18,128,64,bf16,11.02079963684082,False,NVIDIA_GeForce_RTX_3090,24,
resnet18,128,64,fp16,9.90719985961914,False,NVIDIA_GeForce_RTX_3090,24,
resnet18,128,64,fp32,15.616000175476074,False,NVIDIA_GeForce_RTX_3090,24,
resnet18,224,16,bf16,9.00710391998291,False,NVIDIA_GeForce_RTX_3090,24,
resnet18,224,16,fp16,8.168448448181152,False,NVIDIA_GeForce_RTX_3090,24,
resnet18,224,16,fp32,12.86963176727295,False,NVIDIA_GeForce_RTX_3090,24,
resnet18,224,32,bf16,15.736319541931152,False,NVIDIA_GeForce_RTX_3090,24,
resnet18,224,32,fp16,14.021632194519045,False,NVIDIA_GeForce_RTX_3090,24,
resnet18,224,32,fp32,23.548927307128903,False,NVIDIA_GeForce_RTX_3090,24,
resnet18,224,64,bf16,29.15225601196289,False,NVIDIA_GeForce_RTX_3090,24,
resnet18,224,64,fp16,25.91231918334961,False,NVIDIA_GeForce_RTX_3090,24,
resnet18,224,64,fp32,44.8455696105957,False,NVIDIA_GeForce_RTX_3090,24,
resnet200,64,16,bf16,23.60166358947754,False,NVIDIA_GeForce_RTX_3090,24,
resnet200,64,16,fp16,22.29862403869629,False,NVIDIA_GeForce_RTX_3090,24,
resnet200,64,16,fp32,30.36825561523437,False,NVIDIA_GeForce_RTX_3090,24,
resnet200,64,32,bf16,30.871551513671875,False,NVIDIA_GeForce_RTX_3090,24,
resnet200,64,32,fp16,28.385791778564453,False,NVIDIA_GeForce_RTX_3090,24,
resnet200,64,32,fp32,36.69555282592773,False,NVIDIA_GeForce_RTX_3090,24,
resnet200,64,64,bf16,36.06732940673828,False,NVIDIA_GeForce_RTX_3090,24,
resnet200,64,64,fp16,31.68358421325684,False,NVIDIA_GeForce_RTX_3090,24,
resnet200,64,64,fp32,54.77171325683594,False,NVIDIA_GeForce_RTX_3090,24,
resnet200,128,16,bf16,32.22476959228516,False,NVIDIA_GeForce_RTX_3090,24,
resnet200,128,16,fp16,29.626880645751957,False,NVIDIA_GeForce_RTX_3090,24,
resnet200,128,16,fp32,44.17279815673828,False,NVIDIA_GeForce_RTX_3090,24,
resnet200,128,32,bf16,50.11609649658203,False,NVIDIA_GeForce_RTX_3090,24,
resnet200,128,32,fp16,45.39289474487305,False,NVIDIA_GeForce_RTX_3090,24,
resnet200,128,32,fp32,76.80870056152344,False,NVIDIA_GeForce_RTX_3090,24,
resnet200,128,64,bf16,87.72454071044922,False,NVIDIA_GeForce_RTX_3090,24,
resnet200,128,64,fp16,77.66169738769531,False,NVIDIA_GeForce_RTX_3090,24,
resnet200,128,64,fp32,139.42221069335938,False,NVIDIA_GeForce_RTX_3090,24,
resnet200,224,16,bf16,71.9662094116211,False,NVIDIA_GeForce_RTX_3090,24,
resnet200,224,16,fp16,64.58675384521484,False,NVIDIA_GeForce_RTX_3090,24,
resnet200,224,16,fp32,112.7726058959961,False,NVIDIA_GeForce_RTX_3090,24,
resnet200,224,32,bf16,127.80697631835938,False,NVIDIA_GeForce_RTX_3090,24,
resnet200,224,32,fp16,112.17203521728516,False,NVIDIA_GeForce_RTX_3090,24,
resnet200,224,32,fp32,217.3086700439453,False,NVIDIA_GeForce_RTX_3090,24,
resnet200,224,64,bf16,254.13888549804688,False,NVIDIA_GeForce_RTX_3090,24,
resnet200,224,64,fp16,223.64877319335935,False,NVIDIA_GeForce_RTX_3090,24,
resnet200,224,64,fp32,426.0884399414063,False,NVIDIA_GeForce_RTX_3090,24,
resnet50,64,16,bf16,7.002624034881592,False,NVIDIA_GeForce_RTX_3090,24,
resnet50,64,16,fp16,6.570496082305908,False,NVIDIA_GeForce_RTX_3090,24,
resnet50,64,16,fp32,8.958463668823242,False,NVIDIA_GeForce_RTX_3090,24,
resnet50,64,32,bf16,9.010175704956056,False,NVIDIA_GeForce_RTX_3090,24,
resnet50,64,32,fp16,8.194047927856445,False,NVIDIA_GeForce_RTX_3090,24,
resnet50,64,32,fp32,11.875328063964844,False,NVIDIA_GeForce_RTX_3090,24,
resnet50,64,64,bf16,12.03609561920166,False,NVIDIA_GeForce_RTX_3090,24,
resnet50,64,64,fp16,10.312704086303713,False,NVIDIA_GeForce_RTX_3090,24,
resnet50,64,64,fp32,18.03878402709961,False,NVIDIA_GeForce_RTX_3090,24,
resnet50,128,16,bf16,10.528400421142578,False,NVIDIA_GeForce_RTX_3090,24,
resnet50,128,16,fp16,9.522175788879396,False,NVIDIA_GeForce_RTX_3090,24,
resnet50,128,16,fp32,14.841856002807615,False,NVIDIA_GeForce_RTX_3090,24,
resnet50,128,32,bf16,16.466432571411133,False,NVIDIA_GeForce_RTX_3090,24,
resnet50,128,32,fp16,14.731264114379885,False,NVIDIA_GeForce_RTX_3090,24,
resnet50,128,32,fp32,24.7587833404541,False,NVIDIA_GeForce_RTX_3090,24,
resnet50,128,64,bf16,28.667903900146484,False,NVIDIA_GeForce_RTX_3090,24,
resnet50,128,64,fp16,25.218048095703125,False,NVIDIA_GeForce_RTX_3090,24,
resnet50,128,64,fp32,44.47743988037109,False,NVIDIA_GeForce_RTX_3090,24,
resnet50,224,16,bf16,23.405567169189453,False,NVIDIA_GeForce_RTX_3090,24,
resnet50,224,16,fp16,20.811264038085938,False,NVIDIA_GeForce_RTX_3090,24,
resnet50,224,16,fp32,35.41913604736328,False,NVIDIA_GeForce_RTX_3090,24,
resnet50,224,32,bf16,41.47404861450195,False,NVIDIA_GeForce_RTX_3090,24,
resnet50,224,32,fp16,36.36479949951172,False,NVIDIA_GeForce_RTX_3090,24,
resnet50,224,32,fp32,66.74636840820312,False,NVIDIA_GeForce_RTX_3090,24,
resnet50,224,64,bf16,79.23097229003906,False,NVIDIA_GeForce_RTX_3090,24,
resnet50,224,64,fp16,70.08921813964844,False,NVIDIA_GeForce_RTX_3090,24,
resnet50,224,64,fp32,129.46534729003906,False,NVIDIA_GeForce_RTX_3090,24,
resnext101_64x4d,64,16,bf16,18.20467185974121,False,NVIDIA_GeForce_RTX_3090,24,
resnext101_64x4d,64,16,fp16,17.355775833129883,False,NVIDIA_GeForce_RTX_3090,24,
resnext101_64x4d,64,16,fp32,38.23257446289063,False,NVIDIA_GeForce_RTX_3090,24,
resnext101_64x4d,64,32,bf16,22.917631149291992,False,NVIDIA_GeForce_RTX_3090,24,
resnext101_64x4d,64,32,fp16,21.291519165039062,False,NVIDIA_GeForce_RTX_3090,24,
resnext101_64x4d,64,32,fp32,46.56435012817383,False,NVIDIA_GeForce_RTX_3090,24,
resnext101_64x4d,64,64,bf16,33.72748947143555,False,NVIDIA_GeForce_RTX_3090,24,
resnext101_64x4d,64,64,fp16,29.47942352294922,False,NVIDIA_GeForce_RTX_3090,24,
resnext101_64x4d,64,64,fp32,68.57778930664062,False,NVIDIA_GeForce_RTX_3090,24,
resnext101_64x4d,128,16,bf16,29.503999710083008,False,NVIDIA_GeForce_RTX_3090,24,
resnext101_64x4d,128,16,fp16,27.24505615234375,False,NVIDIA_GeForce_RTX_3090,24,
resnext101_64x4d,128,16,fp32,56.169471740722656,False,NVIDIA_GeForce_RTX_3090,24,
resnext101_64x4d,128,32,bf16,48.8458251953125,False,NVIDIA_GeForce_RTX_3090,24,
resnext101_64x4d,128,32,fp16,45.49375915527344,False,NVIDIA_GeForce_RTX_3090,24,
resnext101_64x4d,128,32,fp32,94.49932861328124,False,NVIDIA_GeForce_RTX_3090,24,
resnext101_64x4d,128,64,bf16,86.51315307617188,False,NVIDIA_GeForce_RTX_3090,24,
resnext101_64x4d,128,64,fp16,80.195068359375,False,NVIDIA_GeForce_RTX_3090,24,
resnext101_64x4d,128,64,fp32,159.7619171142578,False,NVIDIA_GeForce_RTX_3090,24,
resnext101_64x4d,224,16,bf16,72.38758087158203,False,NVIDIA_GeForce_RTX_3090,24,
resnext101_64x4d,224,16,fp16,65.8682861328125,False,NVIDIA_GeForce_RTX_3090,24,
resnext101_64x4d,224,16,fp32,136.94003295898438,False,NVIDIA_GeForce_RTX_3090,24,
resnext101_64x4d,224,32,bf16,133.93356323242188,False,NVIDIA_GeForce_RTX_3090,24,
resnext101_64x4d,224,32,fp16,124.90086364746094,False,NVIDIA_GeForce_RTX_3090,24,
resnext101_64x4d,224,32,fp32,259.6459655761719,False,NVIDIA_GeForce_RTX_3090,24,
resnext101_64x4d,224,64,bf16,270.572021484375,False,NVIDIA_GeForce_RTX_3090,24,
resnext101_64x4d,224,64,fp16,250.3244781494141,False,NVIDIA_GeForce_RTX_3090,24,
resnext101_64x4d,224,64,fp32,496.8678283691406,False,NVIDIA_GeForce_RTX_3090,24,
resnext50_32x4d,64,16,bf16,6.791168212890625,False,NVIDIA_GeForce_RTX_3090,24,
resnext50_32x4d,64,16,fp16,6.339583873748779,False,NVIDIA_GeForce_RTX_3090,24,
resnext50_32x4d,64,16,fp32,11.125247955322266,False,NVIDIA_GeForce_RTX_3090,24,
resnext50_32x4d,64,32,bf16,8.798288345336914,False,NVIDIA_GeForce_RTX_3090,24,
resnext50_32x4d,64,32,fp16,7.904255867004394,False,NVIDIA_GeForce_RTX_3090,24,
resnext50_32x4d,64,32,fp32,15.344639778137209,False,NVIDIA_GeForce_RTX_3090,24,
resnext50_32x4d,64,64,bf16,13.15993595123291,False,NVIDIA_GeForce_RTX_3090,24,
resnext50_32x4d,64,64,fp16,11.205120086669922,False,NVIDIA_GeForce_RTX_3090,24,
resnext50_32x4d,64,64,fp32,23.378528594970703,False,NVIDIA_GeForce_RTX_3090,24,
resnext50_32x4d,128,16,bf16,11.585536003112791,False,NVIDIA_GeForce_RTX_3090,24,
resnext50_32x4d,128,16,fp16,10.330623626708984,False,NVIDIA_GeForce_RTX_3090,24,
resnext50_32x4d,128,16,fp32,18.10841560363769,False,NVIDIA_GeForce_RTX_3090,24,
resnext50_32x4d,128,32,bf16,18.661376953125,False,NVIDIA_GeForce_RTX_3090,24,
resnext50_32x4d,128,32,fp16,16.740352630615234,False,NVIDIA_GeForce_RTX_3090,24,
resnext50_32x4d,128,32,fp32,33.05267333984375,False,NVIDIA_GeForce_RTX_3090,24,
resnext50_32x4d,128,64,bf16,33.83039855957031,False,NVIDIA_GeForce_RTX_3090,24,
resnext50_32x4d,128,64,fp16,30.035968780517575,False,NVIDIA_GeForce_RTX_3090,24,
resnext50_32x4d,128,64,fp32,57.46329498291016,False,NVIDIA_GeForce_RTX_3090,24,
resnext50_32x4d,224,16,bf16,28.207616806030277,False,NVIDIA_GeForce_RTX_3090,24,
resnext50_32x4d,224,16,fp16,25.00761604309082,False,NVIDIA_GeForce_RTX_3090,24,
resnext50_32x4d,224,16,fp32,45.75795364379883,False,NVIDIA_GeForce_RTX_3090,24,
resnext50_32x4d,224,32,bf16,49.76179122924805,False,NVIDIA_GeForce_RTX_3090,24,
resnext50_32x4d,224,32,fp16,43.83027267456055,False,NVIDIA_GeForce_RTX_3090,24,
resnext50_32x4d,224,32,fp32,87.64313507080078,False,NVIDIA_GeForce_RTX_3090,24,
resnext50_32x4d,224,64,bf16,95.55558776855467,False,NVIDIA_GeForce_RTX_3090,24,
resnext50_32x4d,224,64,fp16,85.33094024658203,False,NVIDIA_GeForce_RTX_3090,24,
resnext50_32x4d,224,64,fp32,174.455810546875,False,NVIDIA_GeForce_RTX_3090,24,
swin_base_patch4_window7_224,64,16,bf16,16.95180892944336,False,NVIDIA_GeForce_RTX_3090,24,
swin_base_patch4_window7_224,64,16,fp16,16.679935455322266,False,NVIDIA_GeForce_RTX_3090,24,
swin_base_patch4_window7_224,64,16,fp32,23.27449607849121,False,NVIDIA_GeForce_RTX_3090,24,
swin_base_patch4_window7_224,64,32,bf16,21.53011131286621,False,NVIDIA_GeForce_RTX_3090,24,
swin_base_patch4_window7_224,64,32,fp16,21.38572883605957,False,NVIDIA_GeForce_RTX_3090,24,
swin_base_patch4_window7_224,64,32,fp32,35.15545654296875,False,NVIDIA_GeForce_RTX_3090,24,
swin_base_patch4_window7_224,64,64,bf16,31.558656692504883,False,NVIDIA_GeForce_RTX_3090,24,
swin_base_patch4_window7_224,64,64,fp16,31.232511520385746,False,NVIDIA_GeForce_RTX_3090,24,
swin_base_patch4_window7_224,64,64,fp32,58.727935791015625,False,NVIDIA_GeForce_RTX_3090,24,
swin_base_patch4_window7_224,128,16,bf16,43.23942565917969,False,NVIDIA_GeForce_RTX_3090,24,
swin_base_patch4_window7_224,128,16,fp16,41.692161560058594,False,NVIDIA_GeForce_RTX_3090,24,
swin_base_patch4_window7_224,128,16,fp32,80.29388427734375,False,NVIDIA_GeForce_RTX_3090,24,
swin_base_patch4_window7_224,128,32,bf16,73.30150604248047,False,NVIDIA_GeForce_RTX_3090,24,
swin_base_patch4_window7_224,128,32,fp16,71.84025573730469,False,NVIDIA_GeForce_RTX_3090,24,
swin_base_patch4_window7_224,128,32,fp32,147.65005493164062,False,NVIDIA_GeForce_RTX_3090,24,
swin_base_patch4_window7_224,128,64,bf16,133.13177490234375,False,NVIDIA_GeForce_RTX_3090,24,
swin_base_patch4_window7_224,128,64,fp16,130.93734741210938,False,NVIDIA_GeForce_RTX_3090,24,
swin_base_patch4_window7_224,128,64,fp32,291.293701171875,False,NVIDIA_GeForce_RTX_3090,24,
swin_base_patch4_window7_224,224,16,bf16,71.20588684082031,False,NVIDIA_GeForce_RTX_3090,24,
swin_base_patch4_window7_224,224,16,fp16,69.16710662841797,False,NVIDIA_GeForce_RTX_3090,24,
swin_base_patch4_window7_224,224,16,fp32,141.36627197265625,False,NVIDIA_GeForce_RTX_3090,24,
swin_base_patch4_window7_224,224,32,bf16,127.28627014160156,False,NVIDIA_GeForce_RTX_3090,24,
swin_base_patch4_window7_224,224,32,fp16,123.93421173095705,False,NVIDIA_GeForce_RTX_3090,24,
swin_base_patch4_window7_224,224,32,fp32,273.1064453125,False,NVIDIA_GeForce_RTX_3090,24,
swin_base_patch4_window7_224,224,64,bf16,245.0293731689453,False,NVIDIA_GeForce_RTX_3090,24,
swin_base_patch4_window7_224,224,64,fp16,237.44256591796875,False,NVIDIA_GeForce_RTX_3090,24,
swin_base_patch4_window7_224,224,64,fp32,528.2621459960938,False,NVIDIA_GeForce_RTX_3090,24,
swin_tiny_patch4_window7_224,64,16,bf16,7.505407810211182,False,NVIDIA_GeForce_RTX_3090,24,
swin_tiny_patch4_window7_224,64,16,fp16,7.28166389465332,False,NVIDIA_GeForce_RTX_3090,24,
swin_tiny_patch4_window7_224,64,16,fp32,10.043904304504396,False,NVIDIA_GeForce_RTX_3090,24,
swin_tiny_patch4_window7_224,64,32,bf16,10.12940788269043,False,NVIDIA_GeForce_RTX_3090,24,
swin_tiny_patch4_window7_224,64,32,fp16,9.681920051574709,False,NVIDIA_GeForce_RTX_3090,24,
swin_tiny_patch4_window7_224,64,32,fp32,15.684096336364746,False,NVIDIA_GeForce_RTX_3090,24,
swin_tiny_patch4_window7_224,64,64,bf16,15.11680030822754,False,NVIDIA_GeForce_RTX_3090,24,
swin_tiny_patch4_window7_224,64,64,fp16,14.78707218170166,False,NVIDIA_GeForce_RTX_3090,24,
swin_tiny_patch4_window7_224,64,64,fp32,26.55590438842773,False,NVIDIA_GeForce_RTX_3090,24,
swin_tiny_patch4_window7_224,128,16,bf16,16.4715518951416,False,NVIDIA_GeForce_RTX_3090,24,
swin_tiny_patch4_window7_224,128,16,fp16,16.170495986938477,False,NVIDIA_GeForce_RTX_3090,24,
swin_tiny_patch4_window7_224,128,16,fp32,29.283327102661133,False,NVIDIA_GeForce_RTX_3090,24,
swin_tiny_patch4_window7_224,128,32,bf16,27.803136825561523,False,NVIDIA_GeForce_RTX_3090,24,
swin_tiny_patch4_window7_224,128,32,fp16,27.16160011291504,False,NVIDIA_GeForce_RTX_3090,24,
swin_tiny_patch4_window7_224,128,32,fp32,52.241920471191406,False,NVIDIA_GeForce_RTX_3090,24,
swin_tiny_patch4_window7_224,128,64,bf16,50.881534576416016,False,NVIDIA_GeForce_RTX_3090,24,
swin_tiny_patch4_window7_224,128,64,fp16,49.43718338012695,False,NVIDIA_GeForce_RTX_3090,24,
swin_tiny_patch4_window7_224,128,64,fp32,99.00697326660156,False,NVIDIA_GeForce_RTX_3090,24,
swin_tiny_patch4_window7_224,224,16,bf16,30.037504196166992,False,NVIDIA_GeForce_RTX_3090,24,
swin_tiny_patch4_window7_224,224,16,fp16,29.373952865600582,False,NVIDIA_GeForce_RTX_3090,24,
swin_tiny_patch4_window7_224,224,16,fp32,55.51513671875,False,NVIDIA_GeForce_RTX_3090,24,
swin_tiny_patch4_window7_224,224,32,bf16,52.45849609375,False,NVIDIA_GeForce_RTX_3090,24,
swin_tiny_patch4_window7_224,224,32,fp16,51.50719833374024,False,NVIDIA_GeForce_RTX_3090,24,
swin_tiny_patch4_window7_224,224,32,fp32,108.11238098144533,False,NVIDIA_GeForce_RTX_3090,24,
swin_tiny_patch4_window7_224,224,64,bf16,100.73395538330078,False,NVIDIA_GeForce_RTX_3090,24,
swin_tiny_patch4_window7_224,224,64,fp16,97.3839340209961,False,NVIDIA_GeForce_RTX_3090,24,
swin_tiny_patch4_window7_224,224,64,fp32,210.0715484619141,False,NVIDIA_GeForce_RTX_3090,24,
swinv2_cr_tiny_ns_224,64,16,bf16,8.723456382751465,False,NVIDIA_GeForce_RTX_3090,24,
swinv2_cr_tiny_ns_224,64,16,fp16,8.507391929626465,False,NVIDIA_GeForce_RTX_3090,24,
swinv2_cr_tiny_ns_224,64,16,fp32,10.469887733459473,False,NVIDIA_GeForce_RTX_3090,24,
swinv2_cr_tiny_ns_224,64,32,bf16,10.952704429626465,False,NVIDIA_GeForce_RTX_3090,24,
swinv2_cr_tiny_ns_224,64,32,fp16,10.590208053588867,False,NVIDIA_GeForce_RTX_3090,24,
swinv2_cr_tiny_ns_224,64,32,fp32,15.748607635498049,False,NVIDIA_GeForce_RTX_3090,24,
swinv2_cr_tiny_ns_224,64,64,bf16,15.772671699523926,False,NVIDIA_GeForce_RTX_3090,24,
swinv2_cr_tiny_ns_224,64,64,fp16,15.59552001953125,False,NVIDIA_GeForce_RTX_3090,24,
swinv2_cr_tiny_ns_224,64,64,fp32,25.970687866210938,False,NVIDIA_GeForce_RTX_3090,24,
swinv2_cr_tiny_ns_224,128,16,bf16,15.470080375671388,False,NVIDIA_GeForce_RTX_3090,24,
swinv2_cr_tiny_ns_224,128,16,fp16,15.143424034118652,False,NVIDIA_GeForce_RTX_3090,24,
swinv2_cr_tiny_ns_224,128,16,fp32,23.520767211914062,False,NVIDIA_GeForce_RTX_3090,24,
swinv2_cr_tiny_ns_224,128,32,bf16,25.437183380126957,False,NVIDIA_GeForce_RTX_3090,24,
swinv2_cr_tiny_ns_224,128,32,fp16,24.68966484069824,False,NVIDIA_GeForce_RTX_3090,24,
swinv2_cr_tiny_ns_224,128,32,fp32,41.491966247558594,False,NVIDIA_GeForce_RTX_3090,24,
swinv2_cr_tiny_ns_224,128,64,bf16,45.48556900024414,False,NVIDIA_GeForce_RTX_3090,24,
swinv2_cr_tiny_ns_224,128,64,fp16,44.48921585083008,False,NVIDIA_GeForce_RTX_3090,24,
swinv2_cr_tiny_ns_224,128,64,fp32,77.26847839355469,False,NVIDIA_GeForce_RTX_3090,24,
swinv2_cr_tiny_ns_224,224,16,bf16,41.95379257202149,False,NVIDIA_GeForce_RTX_3090,24,
swinv2_cr_tiny_ns_224,224,16,fp16,41.117183685302734,False,NVIDIA_GeForce_RTX_3090,24,
swinv2_cr_tiny_ns_224,224,16,fp32,64.31743621826172,False,NVIDIA_GeForce_RTX_3090,24,
swinv2_cr_tiny_ns_224,224,32,bf16,72.91033935546875,False,NVIDIA_GeForce_RTX_3090,24,
swinv2_cr_tiny_ns_224,224,32,fp16,71.4972152709961,False,NVIDIA_GeForce_RTX_3090,24,
swinv2_cr_tiny_ns_224,224,32,fp32,117.90386962890624,False,NVIDIA_GeForce_RTX_3090,24,
swinv2_cr_tiny_ns_224,224,64,bf16,140.75135803222656,False,NVIDIA_GeForce_RTX_3090,24,
swinv2_cr_tiny_ns_224,224,64,fp16,135.46546936035156,False,NVIDIA_GeForce_RTX_3090,24,
swinv2_cr_tiny_ns_224,224,64,fp32,237.5633850097656,False,NVIDIA_GeForce_RTX_3090,24,
twins_pcpvt_small,64,16,bf16,8.382464408874512,False,NVIDIA_GeForce_RTX_3090,24,
twins_pcpvt_small,64,16,fp16,8.649727821350098,False,NVIDIA_GeForce_RTX_3090,24,
twins_pcpvt_small,64,16,fp32,10.810879707336426,False,NVIDIA_GeForce_RTX_3090,24,
twins_pcpvt_small,64,32,bf16,10.51750373840332,False,NVIDIA_GeForce_RTX_3090,24,
twins_pcpvt_small,64,32,fp16,10.85696029663086,False,NVIDIA_GeForce_RTX_3090,24,
twins_pcpvt_small,64,32,fp32,14.001664161682127,False,NVIDIA_GeForce_RTX_3090,24,
twins_pcpvt_small,64,64,bf16,13.750783920288086,False,NVIDIA_GeForce_RTX_3090,24,
twins_pcpvt_small,64,64,fp16,13.759488105773926,False,NVIDIA_GeForce_RTX_3090,24,
twins_pcpvt_small,64,64,fp32,21.06572723388672,False,NVIDIA_GeForce_RTX_3090,24,
twins_pcpvt_small,128,16,bf16,13.335040092468262,False,NVIDIA_GeForce_RTX_3090,24,
twins_pcpvt_small,128,16,fp16,13.18246364593506,False,NVIDIA_GeForce_RTX_3090,24,
twins_pcpvt_small,128,16,fp32,20.693504333496094,False,NVIDIA_GeForce_RTX_3090,24,
twins_pcpvt_small,128,32,bf16,20.164608001708984,False,NVIDIA_GeForce_RTX_3090,24,
twins_pcpvt_small,128,32,fp16,19.784704208374023,False,NVIDIA_GeForce_RTX_3090,24,
twins_pcpvt_small,128,32,fp32,33.54828643798828,False,NVIDIA_GeForce_RTX_3090,24,
twins_pcpvt_small,128,64,bf16,33.63328170776367,False,NVIDIA_GeForce_RTX_3090,24,
twins_pcpvt_small,128,64,fp16,33.22419357299805,False,NVIDIA_GeForce_RTX_3090,24,
twins_pcpvt_small,128,64,fp32,60.69606399536133,False,NVIDIA_GeForce_RTX_3090,24,
twins_pcpvt_small,224,16,bf16,28.21836853027344,False,NVIDIA_GeForce_RTX_3090,24,
twins_pcpvt_small,224,16,fp16,27.887104034423828,False,NVIDIA_GeForce_RTX_3090,24,
twins_pcpvt_small,224,16,fp32,51.57273483276367,False,NVIDIA_GeForce_RTX_3090,24,
twins_pcpvt_small,224,32,bf16,46.06771087646485,False,NVIDIA_GeForce_RTX_3090,24,
twins_pcpvt_small,224,32,fp16,45.13587188720703,False,NVIDIA_GeForce_RTX_3090,24,
twins_pcpvt_small,224,32,fp32,88.60928344726562,False,NVIDIA_GeForce_RTX_3090,24,
twins_pcpvt_small,224,64,bf16,83.50361633300781,False,NVIDIA_GeForce_RTX_3090,24,
twins_pcpvt_small,224,64,fp16,82.87385559082031,False,NVIDIA_GeForce_RTX_3090,24,
twins_pcpvt_small,224,64,fp32,164.62899780273438,False,NVIDIA_GeForce_RTX_3090,24,
twins_svt_small,64,16,bf16,9.675264358520508,False,NVIDIA_GeForce_RTX_3090,24,
twins_svt_small,64,16,fp16,9.324031829833984,False,NVIDIA_GeForce_RTX_3090,24,
twins_svt_small,64,16,fp32,11.706879615783691,False,NVIDIA_GeForce_RTX_3090,24,
twins_svt_small,64,32,bf16,13.28384017944336,False,NVIDIA_GeForce_RTX_3090,24,
twins_svt_small,64,32,fp16,12.727807998657228,False,NVIDIA_GeForce_RTX_3090,24,
twins_svt_small,64,32,fp32,16.047103881835938,False,NVIDIA_GeForce_RTX_3090,24,
twins_svt_small,64,64,bf16,19.54150390625,False,NVIDIA_GeForce_RTX_3090,24,
twins_svt_small,64,64,fp16,19.399168014526367,False,NVIDIA_GeForce_RTX_3090,24,
twins_svt_small,64,64,fp32,25.80940818786621,False,NVIDIA_GeForce_RTX_3090,24,
twins_svt_small,128,16,bf16,16.20172882080078,False,NVIDIA_GeForce_RTX_3090,24,
twins_svt_small,128,16,fp16,15.93446445465088,False,NVIDIA_GeForce_RTX_3090,24,
twins_svt_small,128,16,fp32,21.8787841796875,False,NVIDIA_GeForce_RTX_3090,24,
twins_svt_small,128,32,bf16,26.10688018798828,False,NVIDIA_GeForce_RTX_3090,24,
twins_svt_small,128,32,fp16,25.808895111083984,False,NVIDIA_GeForce_RTX_3090,24,
twins_svt_small,128,32,fp32,37.18860626220703,False,NVIDIA_GeForce_RTX_3090,24,
twins_svt_small,128,64,bf16,45.80659103393555,False,NVIDIA_GeForce_RTX_3090,24,
twins_svt_small,128,64,fp16,45.678592681884766,False,NVIDIA_GeForce_RTX_3090,24,
twins_svt_small,128,64,fp32,66.6987533569336,False,NVIDIA_GeForce_RTX_3090,24,
twins_svt_small,224,16,bf16,27.67411231994629,False,NVIDIA_GeForce_RTX_3090,24,
twins_svt_small,224,16,fp16,27.181568145751957,False,NVIDIA_GeForce_RTX_3090,24,
twins_svt_small,224,16,fp32,42.99673461914063,False,NVIDIA_GeForce_RTX_3090,24,
twins_svt_small,224,32,bf16,47.411712646484375,False,NVIDIA_GeForce_RTX_3090,24,
twins_svt_small,224,32,fp16,46.22028732299805,False,NVIDIA_GeForce_RTX_3090,24,
twins_svt_small,224,32,fp32,75.99308776855469,False,NVIDIA_GeForce_RTX_3090,24,
twins_svt_small,224,64,bf16,87.37177276611328,False,NVIDIA_GeForce_RTX_3090,24,
twins_svt_small,224,64,fp16,85.83116912841797,False,NVIDIA_GeForce_RTX_3090,24,
twins_svt_small,224,64,fp32,142.8889617919922,False,NVIDIA_GeForce_RTX_3090,24,
vit_base_patch16_224,64,16,bf16,12.508159637451172,False,NVIDIA_GeForce_RTX_3090,24,
vit_base_patch16_224,64,16,fp16,12.222975730895996,False,NVIDIA_GeForce_RTX_3090,24,
vit_base_patch16_224,64,16,fp32,17.632768630981445,False,NVIDIA_GeForce_RTX_3090,24,
vit_base_patch16_224,64,32,bf16,16.151552200317383,False,NVIDIA_GeForce_RTX_3090,24,
vit_base_patch16_224,64,32,fp16,15.662079811096191,False,NVIDIA_GeForce_RTX_3090,24,
vit_base_patch16_224,64,32,fp32,26.627071380615234,False,NVIDIA_GeForce_RTX_3090,24,
vit_base_patch16_224,64,64,bf16,23.80492782592773,False,NVIDIA_GeForce_RTX_3090,24,
vit_base_patch16_224,64,64,fp16,23.446016311645508,False,NVIDIA_GeForce_RTX_3090,24,
vit_base_patch16_224,64,64,fp32,42.2215690612793,False,NVIDIA_GeForce_RTX_3090,24,
vit_base_patch16_224,128,16,bf16,22.48038482666016,False,NVIDIA_GeForce_RTX_3090,24,
vit_base_patch16_224,128,16,fp16,22.15167999267578,False,NVIDIA_GeForce_RTX_3090,24,
vit_base_patch16_224,128,16,fp32,43.0463981628418,False,NVIDIA_GeForce_RTX_3090,24,
vit_base_patch16_224,128,32,bf16,35.25324630737305,False,NVIDIA_GeForce_RTX_3090,24,
vit_base_patch16_224,128,32,fp16,35.714561462402344,False,NVIDIA_GeForce_RTX_3090,24,
vit_base_patch16_224,128,32,fp32,77.13024139404297,False,NVIDIA_GeForce_RTX_3090,24,
vit_base_patch16_224,128,64,bf16,57.19142532348633,False,NVIDIA_GeForce_RTX_3090,24,
vit_base_patch16_224,128,64,fp16,56.57344055175781,False,NVIDIA_GeForce_RTX_3090,24,
vit_base_patch16_224,128,64,fp32,142.6708526611328,False,NVIDIA_GeForce_RTX_3090,24,
vit_base_patch16_224,224,16,bf16,44.97510528564453,False,NVIDIA_GeForce_RTX_3090,24,
vit_base_patch16_224,224,16,fp16,44.85939025878906,False,NVIDIA_GeForce_RTX_3090,24,
vit_base_patch16_224,224,16,fp32,116.56857299804688,False,NVIDIA_GeForce_RTX_3090,24,
vit_base_patch16_224,224,32,bf16,80.59801483154297,False,NVIDIA_GeForce_RTX_3090,24,
vit_base_patch16_224,224,32,fp16,80.53606414794922,False,NVIDIA_GeForce_RTX_3090,24,
vit_base_patch16_224,224,32,fp32,231.3164825439453,False,NVIDIA_GeForce_RTX_3090,24,
vit_base_patch16_224,224,64,bf16,159.28012084960938,False,NVIDIA_GeForce_RTX_3090,24,
vit_base_patch16_224,224,64,fp16,151.1029815673828,False,NVIDIA_GeForce_RTX_3090,24,
vit_base_patch16_224,224,64,fp32,451.7539978027344,False,NVIDIA_GeForce_RTX_3090,24,
vit_large_patch16_224,64,16,bf16,38.67238235473633,False,NVIDIA_GeForce_RTX_3090,24,
vit_large_patch16_224,64,16,fp16,38.11174392700195,False,NVIDIA_GeForce_RTX_3090,24,
vit_large_patch16_224,64,16,fp32,54.48499298095703,False,NVIDIA_GeForce_RTX_3090,24,
vit_large_patch16_224,64,32,bf16,48.89344024658203,False,NVIDIA_GeForce_RTX_3090,24,
vit_large_patch16_224,64,32,fp16,48.41471862792969,False,NVIDIA_GeForce_RTX_3090,24,
vit_large_patch16_224,64,32,fp32,83.71865844726562,False,NVIDIA_GeForce_RTX_3090,24,
vit_large_patch16_224,64,64,bf16,71.63750457763672,False,NVIDIA_GeForce_RTX_3090,24,
vit_large_patch16_224,64,64,fp16,71.09580993652344,False,NVIDIA_GeForce_RTX_3090,24,
vit_large_patch16_224,64,64,fp32,139.76780700683594,False,NVIDIA_GeForce_RTX_3090,24,
vit_large_patch16_224,128,16,bf16,68.16563415527344,False,NVIDIA_GeForce_RTX_3090,24,
vit_large_patch16_224,128,16,fp16,67.6869125366211,False,NVIDIA_GeForce_RTX_3090,24,
vit_large_patch16_224,128,16,fp32,140.72064208984375,False,NVIDIA_GeForce_RTX_3090,24,
vit_large_patch16_224,128,32,bf16,106.90150451660156,False,NVIDIA_GeForce_RTX_3090,24,
vit_large_patch16_224,128,32,fp16,105.71673583984376,False,NVIDIA_GeForce_RTX_3090,24,
vit_large_patch16_224,128,32,fp32,245.80300903320312,False,NVIDIA_GeForce_RTX_3090,24,
vit_large_patch16_224,128,64,bf16,182.3401031494141,False,NVIDIA_GeForce_RTX_3090,24,
vit_large_patch16_224,128,64,fp16,178.8037109375,False,NVIDIA_GeForce_RTX_3090,24,
vit_large_patch16_224,128,64,fp32,456.59954833984375,False,NVIDIA_GeForce_RTX_3090,24,
vit_large_patch16_224,224,16,bf16,147.37356567382812,False,NVIDIA_GeForce_RTX_3090,24,
vit_large_patch16_224,224,16,fp16,141.970947265625,False,NVIDIA_GeForce_RTX_3090,24,
vit_large_patch16_224,224,16,fp32,391.4485778808594,False,NVIDIA_GeForce_RTX_3090,24,
vit_large_patch16_224,224,32,bf16,256.1474609375,False,NVIDIA_GeForce_RTX_3090,24,
vit_large_patch16_224,224,32,fp16,255.4009552001953,False,NVIDIA_GeForce_RTX_3090,24,
vit_large_patch16_224,224,32,fp32,729.3844604492188,False,NVIDIA_GeForce_RTX_3090,24,
vit_large_patch16_224,224,64,bf16,488.1945495605469,False,NVIDIA_GeForce_RTX_3090,24,
vit_large_patch16_224,224,64,fp16,473.680908203125,False,NVIDIA_GeForce_RTX_3090,24,
vit_large_patch16_224,224,64,fp32,11903.763671875,False,NVIDIA_GeForce_RTX_3090,24,precision_artifact
vit_small_patch16_224,64,16,bf16,5.501952171325684,False,NVIDIA_GeForce_RTX_3090,24,
vit_small_patch16_224,64,16,fp16,5.0432000160217285,False,NVIDIA_GeForce_RTX_3090,24,
vit_small_patch16_224,64,16,fp32,6.753791809082031,False,NVIDIA_GeForce_RTX_3090,24,
vit_small_patch16_224,64,32,bf16,6.519296169281006,False,NVIDIA_GeForce_RTX_3090,24,
vit_small_patch16_224,64,32,fp16,6.154240131378174,False,NVIDIA_GeForce_RTX_3090,24,
vit_small_patch16_224,64,32,fp32,10.052607536315918,False,NVIDIA_GeForce_RTX_3090,24,
vit_small_patch16_224,64,64,bf16,8.972800254821777,False,NVIDIA_GeForce_RTX_3090,24,
vit_small_patch16_224,64,64,fp16,8.471039772033691,False,NVIDIA_GeForce_RTX_3090,24,
vit_small_patch16_224,64,64,fp32,15.01644802093506,False,NVIDIA_GeForce_RTX_3090,24,
vit_small_patch16_224,128,16,bf16,8.435711860656738,False,NVIDIA_GeForce_RTX_3090,24,
vit_small_patch16_224,128,16,fp16,8.017919540405273,False,NVIDIA_GeForce_RTX_3090,24,
vit_small_patch16_224,128,16,fp32,15.583744049072266,False,NVIDIA_GeForce_RTX_3090,24,
vit_small_patch16_224,128,32,bf16,13.124608039855955,False,NVIDIA_GeForce_RTX_3090,24,
vit_small_patch16_224,128,32,fp16,12.147199630737305,False,NVIDIA_GeForce_RTX_3090,24,
vit_small_patch16_224,128,32,fp32,26.110464096069336,False,NVIDIA_GeForce_RTX_3090,24,
vit_small_patch16_224,128,64,bf16,22.064128875732425,False,NVIDIA_GeForce_RTX_3090,24,
vit_small_patch16_224,128,64,fp16,20.543487548828125,False,NVIDIA_GeForce_RTX_3090,24,
vit_small_patch16_224,128,64,fp32,47.35846328735352,False,NVIDIA_GeForce_RTX_3090,24,
vit_small_patch16_224,224,16,bf16,17.059328079223633,False,NVIDIA_GeForce_RTX_3090,24,
vit_small_patch16_224,224,16,fp16,16.61440086364746,False,NVIDIA_GeForce_RTX_3090,24,
vit_small_patch16_224,224,16,fp32,40.35532760620117,False,NVIDIA_GeForce_RTX_3090,24,
vit_small_patch16_224,224,32,bf16,29.26540756225586,False,NVIDIA_GeForce_RTX_3090,24,
vit_small_patch16_224,224,32,fp16,28.807680130004883,False,NVIDIA_GeForce_RTX_3090,24,
vit_small_patch16_224,224,32,fp32,73.42950439453125,False,NVIDIA_GeForce_RTX_3090,24,
vit_small_patch16_224,224,64,bf16,56.12492752075195,False,NVIDIA_GeForce_RTX_3090,24,
vit_small_patch16_224,224,64,fp16,53.81785583496094,False,NVIDIA_GeForce_RTX_3090,24,
vit_small_patch16_224,224,64,fp32,146.90252685546875,False,NVIDIA_GeForce_RTX_3090,24,
vit_tiny_patch16_224,64,16,bf16,3.3797121047973637,False,NVIDIA_GeForce_RTX_3090,24,
vit_tiny_patch16_224,64,16,fp16,2.9911038875579834,False,NVIDIA_GeForce_RTX_3090,24,
vit_tiny_patch16_224,64,16,fp32,3.5819520950317383,False,NVIDIA_GeForce_RTX_3090,24,
vit_tiny_patch16_224,64,32,bf16,4.14463996887207,False,NVIDIA_GeForce_RTX_3090,24,
vit_tiny_patch16_224,64,32,fp16,3.836927890777588,False,NVIDIA_GeForce_RTX_3090,24,
vit_tiny_patch16_224,64,32,fp32,5.016575813293457,False,NVIDIA_GeForce_RTX_3090,24,
vit_tiny_patch16_224,64,64,bf16,5.027328014373779,False,NVIDIA_GeForce_RTX_3090,24,
vit_tiny_patch16_224,64,64,fp16,4.751359939575195,False,NVIDIA_GeForce_RTX_3090,24,
vit_tiny_patch16_224,64,64,fp32,6.967296123504639,False,NVIDIA_GeForce_RTX_3090,24,
vit_tiny_patch16_224,128,16,bf16,4.6438398361206055,False,NVIDIA_GeForce_RTX_3090,24,
vit_tiny_patch16_224,128,16,fp16,4.371967792510986,False,NVIDIA_GeForce_RTX_3090,24,
vit_tiny_patch16_224,128,16,fp32,7.3471999168396,False,NVIDIA_GeForce_RTX_3090,24,
vit_tiny_patch16_224,128,32,bf16,6.509568214416504,False,NVIDIA_GeForce_RTX_3090,24,
vit_tiny_patch16_224,128,32,fp16,6.176767826080322,False,NVIDIA_GeForce_RTX_3090,24,
vit_tiny_patch16_224,128,32,fp32,11.613295555114746,False,NVIDIA_GeForce_RTX_3090,24,
vit_tiny_patch16_224,128,64,bf16,10.148351669311523,False,NVIDIA_GeForce_RTX_3090,24,
vit_tiny_patch16_224,128,64,fp16,9.920512199401855,False,NVIDIA_GeForce_RTX_3090,24,
vit_tiny_patch16_224,128,64,fp32,19.657215118408203,False,NVIDIA_GeForce_RTX_3090,24,
vit_tiny_patch16_224,224,16,bf16,8.217087745666504,False,NVIDIA_GeForce_RTX_3090,24,
vit_tiny_patch16_224,224,16,fp16,7.797247886657715,False,NVIDIA_GeForce_RTX_3090,24,
vit_tiny_patch16_224,224,16,fp32,17.431039810180664,False,NVIDIA_GeForce_RTX_3090,24,
vit_tiny_patch16_224,224,32,bf16,14.57049560546875,False,NVIDIA_GeForce_RTX_3090,24,
vit_tiny_patch16_224,224,32,fp16,13.574655532836914,False,NVIDIA_GeForce_RTX_3090,24,
vit_tiny_patch16_224,224,32,fp32,30.522367477416992,False,NVIDIA_GeForce_RTX_3090,24,
vit_tiny_patch16_224,224,64,bf16,26.75507164001465,False,NVIDIA_GeForce_RTX_3090,24,
vit_tiny_patch16_224,224,64,fp16,24.31385612487793,False,NVIDIA_GeForce_RTX_3090,24,
vit_tiny_patch16_224,224,64,fp32,57.45305633544922,False,NVIDIA_GeForce_RTX_3090,24,
wide_resnet101_2,64,16,bf16,23.0568962097168,False,NVIDIA_GeForce_RTX_3090,24,
wide_resnet101_2,64,16,fp16,22.39948844909668,False,NVIDIA_GeForce_RTX_3090,24,
wide_resnet101_2,64,16,fp32,33.953792572021484,False,NVIDIA_GeForce_RTX_3090,24,
wide_resnet101_2,64,32,bf16,29.876224517822266,False,NVIDIA_GeForce_RTX_3090,24,
wide_resnet101_2,64,32,fp16,28.41497611999512,False,NVIDIA_GeForce_RTX_3090,24,
wide_resnet101_2,64,32,fp32,40.21708679199219,False,NVIDIA_GeForce_RTX_3090,24,
wide_resnet101_2,64,64,bf16,39.65081787109375,False,NVIDIA_GeForce_RTX_3090,24,
wide_resnet101_2,64,64,fp16,36.355072021484375,False,NVIDIA_GeForce_RTX_3090,24,
wide_resnet101_2,64,64,fp32,58.66854476928711,False,NVIDIA_GeForce_RTX_3090,24,
wide_resnet101_2,128,16,bf16,36.23168182373047,False,NVIDIA_GeForce_RTX_3090,24,
wide_resnet101_2,128,16,fp16,34.45094299316406,False,NVIDIA_GeForce_RTX_3090,24,
wide_resnet101_2,128,16,fp32,49.67372894287109,False,NVIDIA_GeForce_RTX_3090,24,
wide_resnet101_2,128,32,bf16,52.71039962768555,False,NVIDIA_GeForce_RTX_3090,24,
wide_resnet101_2,128,32,fp16,49.92512130737305,False,NVIDIA_GeForce_RTX_3090,24,
wide_resnet101_2,128,32,fp32,82.84467315673828,False,NVIDIA_GeForce_RTX_3090,24,
wide_resnet101_2,128,64,bf16,90.47756958007812,False,NVIDIA_GeForce_RTX_3090,24,
wide_resnet101_2,128,64,fp16,84.99251556396484,False,NVIDIA_GeForce_RTX_3090,24,
wide_resnet101_2,128,64,fp32,146.98086547851562,False,NVIDIA_GeForce_RTX_3090,24,
wide_resnet101_2,224,16,bf16,75.51590728759766,False,NVIDIA_GeForce_RTX_3090,24,
wide_resnet101_2,224,16,fp16,71.09529876708984,False,NVIDIA_GeForce_RTX_3090,24,
wide_resnet101_2,224,16,fp32,121.91590118408205,False,NVIDIA_GeForce_RTX_3090,24,
wide_resnet101_2,224,32,bf16,130.37823486328125,False,NVIDIA_GeForce_RTX_3090,24,
wide_resnet101_2,224,32,fp16,121.18323516845705,False,NVIDIA_GeForce_RTX_3090,24,
wide_resnet101_2,224,32,fp32,225.51654052734372,False,NVIDIA_GeForce_RTX_3090,24,
wide_resnet101_2,224,64,bf16,247.56121826171875,False,NVIDIA_GeForce_RTX_3090,24,
wide_resnet101_2,224,64,fp16,223.58323669433597,False,NVIDIA_GeForce_RTX_3090,24,
wide_resnet101_2,224,64,fp32,444.61669921875,False,NVIDIA_GeForce_RTX_3090,24,
xcit_small_12_p16_224,64,16,bf16,10.425344467163086,False,NVIDIA_GeForce_RTX_3090,24,
xcit_small_12_p16_224,64,16,fp16,9.93894386291504,False,NVIDIA_GeForce_RTX_3090,24,
xcit_small_12_p16_224,64,16,fp32,11.35103988647461,False,NVIDIA_GeForce_RTX_3090,24,
xcit_small_12_p16_224,64,32,bf16,12.56550407409668,False,NVIDIA_GeForce_RTX_3090,24,
xcit_small_12_p16_224,64,32,fp16,11.995648384094238,False,NVIDIA_GeForce_RTX_3090,24,
xcit_small_12_p16_224,64,32,fp32,16.793088912963867,False,NVIDIA_GeForce_RTX_3090,24,
xcit_small_12_p16_224,64,64,bf16,17.02911949157715,False,NVIDIA_GeForce_RTX_3090,24,
xcit_small_12_p16_224,64,64,fp16,16.39423942565918,False,NVIDIA_GeForce_RTX_3090,24,
xcit_small_12_p16_224,64,64,fp32,25.370624542236328,False,NVIDIA_GeForce_RTX_3090,24,
xcit_small_12_p16_224,128,16,bf16,15.562751770019531,False,NVIDIA_GeForce_RTX_3090,24,
xcit_small_12_p16_224,128,16,fp16,14.89408016204834,False,NVIDIA_GeForce_RTX_3090,24,
xcit_small_12_p16_224,128,16,fp32,22.804479598999023,False,NVIDIA_GeForce_RTX_3090,24,
xcit_small_12_p16_224,128,32,bf16,24.09318351745605,False,NVIDIA_GeForce_RTX_3090,24,
xcit_small_12_p16_224,128,32,fp16,22.912511825561523,False,NVIDIA_GeForce_RTX_3090,24,
xcit_small_12_p16_224,128,32,fp32,36.80819320678711,False,NVIDIA_GeForce_RTX_3090,24,
xcit_small_12_p16_224,128,64,bf16,43.10630416870117,False,NVIDIA_GeForce_RTX_3090,24,
xcit_small_12_p16_224,128,64,fp16,41.30307388305664,False,NVIDIA_GeForce_RTX_3090,24,
xcit_small_12_p16_224,128,64,fp32,67.26604461669922,False,NVIDIA_GeForce_RTX_3090,24,
xcit_small_12_p16_224,224,16,bf16,32.73062515258789,False,NVIDIA_GeForce_RTX_3090,24,
xcit_small_12_p16_224,224,16,fp16,32.328704833984375,False,NVIDIA_GeForce_RTX_3090,24,
xcit_small_12_p16_224,224,16,fp32,52.33356857299805,False,NVIDIA_GeForce_RTX_3090,24,
xcit_small_12_p16_224,224,32,bf16,59.828224182128906,False,NVIDIA_GeForce_RTX_3090,24,
xcit_small_12_p16_224,224,32,fp16,58.627662658691406,False,NVIDIA_GeForce_RTX_3090,24,
xcit_small_12_p16_224,224,32,fp32,95.61548614501952,False,NVIDIA_GeForce_RTX_3090,24,
xcit_small_12_p16_224,224,64,bf16,114.86003112792967,False,NVIDIA_GeForce_RTX_3090,24,
xcit_small_12_p16_224,224,64,fp16,111.51974487304688,False,NVIDIA_GeForce_RTX_3090,24,
xcit_small_12_p16_224,224,64,fp32,184.67532348632807,False,NVIDIA_GeForce_RTX_3090,24,
xcit_tiny_12_p16_224,64,16,bf16,7.619071960449219,False,NVIDIA_GeForce_RTX_3090,24,
xcit_tiny_12_p16_224,64,16,fp16,7.313407897949219,False,NVIDIA_GeForce_RTX_3090,24,
xcit_tiny_12_p16_224,64,16,fp32,7.219200134277344,False,NVIDIA_GeForce_RTX_3090,24,
xcit_tiny_12_p16_224,64,32,bf16,9.149439811706545,False,NVIDIA_GeForce_RTX_3090,24,
xcit_tiny_12_p16_224,64,32,fp16,8.880127906799316,False,NVIDIA_GeForce_RTX_3090,24,
xcit_tiny_12_p16_224,64,32,fp32,9.819135665893556,False,NVIDIA_GeForce_RTX_3090,24,
xcit_tiny_12_p16_224,64,64,bf16,10.712063789367676,False,NVIDIA_GeForce_RTX_3090,24,
xcit_tiny_12_p16_224,64,64,fp16,10.33420753479004,False,NVIDIA_GeForce_RTX_3090,24,
xcit_tiny_12_p16_224,64,64,fp32,13.147135734558104,False,NVIDIA_GeForce_RTX_3090,24,
xcit_tiny_12_p16_224,128,16,bf16,10.14681625366211,False,NVIDIA_GeForce_RTX_3090,24,
xcit_tiny_12_p16_224,128,16,fp16,9.785344123840332,False,NVIDIA_GeForce_RTX_3090,24,
xcit_tiny_12_p16_224,128,16,fp32,11.86406421661377,False,NVIDIA_GeForce_RTX_3090,24,
xcit_tiny_12_p16_224,128,32,bf16,13.396479606628418,False,NVIDIA_GeForce_RTX_3090,24,
xcit_tiny_12_p16_224,128,32,fp16,13.012479782104492,False,NVIDIA_GeForce_RTX_3090,24,
xcit_tiny_12_p16_224,128,32,fp32,17.740800857543945,False,NVIDIA_GeForce_RTX_3090,24,
xcit_tiny_12_p16_224,128,64,bf16,21.013504028320312,False,NVIDIA_GeForce_RTX_3090,24,
xcit_tiny_12_p16_224,128,64,fp16,20.591615676879883,False,NVIDIA_GeForce_RTX_3090,24,
xcit_tiny_12_p16_224,128,64,fp32,30.038015365600582,False,NVIDIA_GeForce_RTX_3090,24,
xcit_tiny_12_p16_224,224,16,bf16,17.34707260131836,False,NVIDIA_GeForce_RTX_3090,24,
xcit_tiny_12_p16_224,224,16,fp16,16.824832916259766,False,NVIDIA_GeForce_RTX_3090,24,
xcit_tiny_12_p16_224,224,16,fp32,23.694847106933597,False,NVIDIA_GeForce_RTX_3090,24,
xcit_tiny_12_p16_224,224,32,bf16,30.343679428100582,False,NVIDIA_GeForce_RTX_3090,24,
xcit_tiny_12_p16_224,224,32,fp16,29.544448852539062,False,NVIDIA_GeForce_RTX_3090,24,
xcit_tiny_12_p16_224,224,32,fp32,43.59065628051758,False,NVIDIA_GeForce_RTX_3090,24,
xcit_tiny_12_p16_224,224,64,bf16,57.19193649291992,False,NVIDIA_GeForce_RTX_3090,24,
xcit_tiny_12_p16_224,224,64,fp16,54.41279983520508,False,NVIDIA_GeForce_RTX_3090,24,
xcit_tiny_12_p16_224,224,64,fp32,82.281982421875,False,NVIDIA_GeForce_RTX_3090,24,
