model,img_size,batch_size,precision,avg_time_ms,oom,gpu,vram_gb,cleanup
beit_large_patch16_224,64,16,bf16,96.23040008544922,False,NVIDIA_GeForce_RTX_3060,12,
beit_large_patch16_224,64,16,fp16,94.81932830810548,False,NVIDIA_GeForce_RTX_3060,12,
beit_large_patch16_224,64,16,fp32,137.98297119140625,False,NVIDIA_GeForce_RTX_3060,12,
beit_large_patch16_224,64,32,bf16,125.86444854736328,False,NVIDIA_GeForce_RTX_3060,12,
beit_large_patch16_224,64,32,fp16,124.06886291503906,False,NVIDIA_GeForce_RTX_3060,12,
beit_large_patch16_224,64,32,fp32,214.65907287597656,False,NVIDIA_GeForce_RTX_3060,12,
beit_large_patch16_224,64,64,bf16,180.5091857910156,False,NVIDIA_GeForce_RTX_3060,12,
beit_large_patch16_224,64,64,fp16,177.0608673095703,False,NVIDIA_GeForce_RTX_3060,12,
beit_large_patch16_224,64,64,fp32,364.1839599609375,False,NVIDIA_GeForce_RTX_3060,12,
beit_large_patch16_224,128,16,bf16,181.01145935058597,False,NVIDIA_GeForce_RTX_3060,12,
beit_large_patch16_224,128,16,fp16,178.24205017089844,False,NVIDIA_GeForce_RTX_3060,12,
beit_large_patch16_224,128,16,fp32,365.6467895507813,False,NVIDIA_GeForce_RTX_3060,12,
beit_large_patch16_224,128,32,bf16,286.9068908691406,False,NVIDIA_GeForce_RTX_3060,12,
beit_large_patch16_224,128,32,fp16,285.3968811035156,False,NVIDIA_GeForce_RTX_3060,12,
beit_large_patch16_224,128,32,fp32,664.5519409179688,False,NVIDIA_GeForce_RTX_3060,12,
beit_large_patch16_224,128,64,bf16,493.580810546875,False,NVIDIA_GeForce_RTX_3060,12,
beit_large_patch16_224,128,64,fp16,495.6805114746094,False,NVIDIA_GeForce_RTX_3060,12,
beit_large_patch16_224,128,64,fp32,,True,NVIDIA_GeForce_RTX_3060,12,
beit_large_patch16_224,224,16,bf16,415.5566101074219,False,NVIDIA_GeForce_RTX_3060,12,
beit_large_patch16_224,224,16,fp16,408.93695068359375,False,NVIDIA_GeForce_RTX_3060,12,
beit_large_patch16_224,224,16,fp32,1044.3140869140625,False,NVIDIA_GeForce_RTX_3060,12,
beit_large_patch16_224,224,32,bf16,,True,NVIDIA_GeForce_RTX_3060,12,
beit_large_patch16_224,224,32,fp16,,True,NVIDIA_GeForce_RTX_3060,12,
beit_large_patch16_224,224,32,fp32,,True,NVIDIA_GeForce_RTX_3060,12,
beit_large_patch16_224,224,64,bf16,,True,NVIDIA_GeForce_RTX_3060,12,
beit_large_patch16_224,224,64,fp16,,True,NVIDIA_GeForce_RTX_3060,12,
beit_large_patch16_224,224,64,fp32,,True,NVIDIA_GeForce_RTX_3060,12,
coatnet_0_rw_224,64,16,bf16,14.133135795593262,False,NVIDIA_GeForce_RTX_3060,12,
coatnet_0_rw_224,64,16,fp16,12.809712409973145,False,NVIDIA_GeForce_RTX_3060,12,
coatnet_0_rw_224,64,16,fp32,17.627647399902344,False,NVIDIA_GeForce_RTX_3060,12,
coatnet_0_rw_224,64,32,bf16,20.363264083862305,False,NVIDIA_GeForce_RTX_3060,12,
coatnet_0_rw_224,64,32,fp16,18.03878402709961,False,NVIDIA_GeForce_RTX_3060,12,
coatnet_0_rw_224,64,32,fp32,28.198400497436523,False,NVIDIA_GeForce_RTX_3060,12,
coatnet_0_rw_224,64,64,bf16,33.105247497558594,False,NVIDIA_GeForce_RTX_3060,12,
coatnet_0_rw_224,64,64,fp16,29.111215591430664,False,NVIDIA_GeForce_RTX_3060,12,
coatnet_0_rw_224,64,64,fp32,49.44537734985352,False,NVIDIA_GeForce_RTX_3060,12,
coatnet_0_rw_224,128,16,bf16,31.35841560363769,False,NVIDIA_GeForce_RTX_3060,12,
coatnet_0_rw_224,128,16,fp16,27.639631271362305,False,NVIDIA_GeForce_RTX_3060,12,
coatnet_0_rw_224,128,16,fp32,43.976192474365234,False,NVIDIA_GeForce_RTX_3060,12,
coatnet_0_rw_224,128,32,bf16,53.65862274169922,False,NVIDIA_GeForce_RTX_3060,12,
coatnet_0_rw_224,128,32,fp16,46.77622222900391,False,NVIDIA_GeForce_RTX_3060,12,
coatnet_0_rw_224,128,32,fp32,80.33427429199219,False,NVIDIA_GeForce_RTX_3060,12,
coatnet_0_rw_224,128,64,bf16,98.8922882080078,False,NVIDIA_GeForce_RTX_3060,12,
coatnet_0_rw_224,128,64,fp16,84.07027435302734,False,NVIDIA_GeForce_RTX_3060,12,
coatnet_0_rw_224,128,64,fp32,154.20396423339844,False,NVIDIA_GeForce_RTX_3060,12,
coatnet_0_rw_224,224,16,bf16,85.21153259277344,False,NVIDIA_GeForce_RTX_3060,12,
coatnet_0_rw_224,224,16,fp16,73.98400115966797,False,NVIDIA_GeForce_RTX_3060,12,
coatnet_0_rw_224,224,16,fp32,140.11080932617188,False,NVIDIA_GeForce_RTX_3060,12,
coatnet_0_rw_224,224,32,bf16,157.4185028076172,False,NVIDIA_GeForce_RTX_3060,12,
coatnet_0_rw_224,224,32,fp16,135.7619171142578,False,NVIDIA_GeForce_RTX_3060,12,
coatnet_0_rw_224,224,32,fp32,267.03155517578125,False,NVIDIA_GeForce_RTX_3060,12,
coatnet_0_rw_224,224,64,bf16,305.4013366699219,False,NVIDIA_GeForce_RTX_3060,12,
coatnet_0_rw_224,224,64,fp16,265.9496765136719,False,NVIDIA_GeForce_RTX_3060,12,
coatnet_0_rw_224,224,64,fp32,,True,NVIDIA_GeForce_RTX_3060,12,
coatnet_1_rw_224,64,16,bf16,23.27552032470703,False,NVIDIA_GeForce_RTX_3060,12,
coatnet_1_rw_224,64,16,fp16,21.212671279907227,False,NVIDIA_GeForce_RTX_3060,12,
coatnet_1_rw_224,64,16,fp32,29.404560089111328,False,NVIDIA_GeForce_RTX_3060,12,
coatnet_1_rw_224,64,32,bf16,33.93843078613281,False,NVIDIA_GeForce_RTX_3060,12,
coatnet_1_rw_224,64,32,fp16,30.45171165466309,False,NVIDIA_GeForce_RTX_3060,12,
coatnet_1_rw_224,64,32,fp32,47.82592010498047,False,NVIDIA_GeForce_RTX_3060,12,
coatnet_1_rw_224,64,64,bf16,55.61139297485352,False,NVIDIA_GeForce_RTX_3060,12,
coatnet_1_rw_224,64,64,fp16,50.26800155639648,False,NVIDIA_GeForce_RTX_3060,12,
coatnet_1_rw_224,64,64,fp32,84.38988494873047,False,NVIDIA_GeForce_RTX_3060,12,
coatnet_1_rw_224,128,16,bf16,52.97715377807617,False,NVIDIA_GeForce_RTX_3060,12,
coatnet_1_rw_224,128,16,fp16,47.82796859741211,False,NVIDIA_GeForce_RTX_3060,12,
coatnet_1_rw_224,128,16,fp32,75.42425537109375,False,NVIDIA_GeForce_RTX_3060,12,
coatnet_1_rw_224,128,32,bf16,91.03050994873048,False,NVIDIA_GeForce_RTX_3060,12,
coatnet_1_rw_224,128,32,fp16,81.17913818359375,False,NVIDIA_GeForce_RTX_3060,12,
coatnet_1_rw_224,128,32,fp32,139.0509490966797,False,NVIDIA_GeForce_RTX_3060,12,
coatnet_1_rw_224,128,64,bf16,167.64671325683594,False,NVIDIA_GeForce_RTX_3060,12,
coatnet_1_rw_224,128,64,fp16,145.81759643554688,False,NVIDIA_GeForce_RTX_3060,12,
coatnet_1_rw_224,128,64,fp32,268.1466064453125,False,NVIDIA_GeForce_RTX_3060,12,
coatnet_1_rw_224,224,16,bf16,146.3531494140625,False,NVIDIA_GeForce_RTX_3060,12,
coatnet_1_rw_224,224,16,fp16,130.66188049316406,False,NVIDIA_GeForce_RTX_3060,12,
coatnet_1_rw_224,224,16,fp32,250.08026123046875,False,NVIDIA_GeForce_RTX_3060,12,
coatnet_1_rw_224,224,32,bf16,271.6332702636719,False,NVIDIA_GeForce_RTX_3060,12,
coatnet_1_rw_224,224,32,fp16,240.5417022705078,False,NVIDIA_GeForce_RTX_3060,12,
coatnet_1_rw_224,224,32,fp32,499.1635437011719,False,NVIDIA_GeForce_RTX_3060,12,
coatnet_1_rw_224,224,64,bf16,,True,NVIDIA_GeForce_RTX_3060,12,
coatnet_1_rw_224,224,64,fp16,,True,NVIDIA_GeForce_RTX_3060,12,
coatnet_1_rw_224,224,64,fp32,,True,NVIDIA_GeForce_RTX_3060,12,
coatnet_2_rw_224,64,16,bf16,35.911678314208984,False,NVIDIA_GeForce_RTX_3060,12,
coatnet_2_rw_224,64,16,fp16,33.41299057006836,False,NVIDIA_GeForce_RTX_3060,12,
coatnet_2_rw_224,64,16,fp32,45.60383987426758,False,NVIDIA_GeForce_RTX_3060,12,
coatnet_2_rw_224,64,32,bf16,52.77286529541016,False,NVIDIA_GeForce_RTX_3060,12,
coatnet_2_rw_224,64,32,fp16,48.391998291015625,False,NVIDIA_GeForce_RTX_3060,12,
coatnet_2_rw_224,64,32,fp32,73.04806518554688,False,NVIDIA_GeForce_RTX_3060,12,
coatnet_2_rw_224,64,64,bf16,85.78401947021484,False,NVIDIA_GeForce_RTX_3060,12,
coatnet_2_rw_224,64,64,fp16,77.27462768554688,False,NVIDIA_GeForce_RTX_3060,12,
coatnet_2_rw_224,64,64,fp32,129.21495056152344,False,NVIDIA_GeForce_RTX_3060,12,
coatnet_2_rw_224,128,16,bf16,81.1299819946289,False,NVIDIA_GeForce_RTX_3060,12,
coatnet_2_rw_224,128,16,fp16,72.51148986816406,False,NVIDIA_GeForce_RTX_3060,12,
coatnet_2_rw_224,128,16,fp32,119.00466918945312,False,NVIDIA_GeForce_RTX_3060,12,
coatnet_2_rw_224,128,32,bf16,141.24273681640625,False,NVIDIA_GeForce_RTX_3060,12,
coatnet_2_rw_224,128,32,fp16,125.71604919433594,False,NVIDIA_GeForce_RTX_3060,12,
coatnet_2_rw_224,128,32,fp32,222.07945251464844,False,NVIDIA_GeForce_RTX_3060,12,
coatnet_2_rw_224,128,64,bf16,257.7735595703125,False,NVIDIA_GeForce_RTX_3060,12,
coatnet_2_rw_224,128,64,fp16,228.95718383789065,False,NVIDIA_GeForce_RTX_3060,12,
coatnet_2_rw_224,128,64,fp32,432.4182739257813,False,NVIDIA_GeForce_RTX_3060,12,
coatnet_2_rw_224,224,16,bf16,219.78060913085935,False,NVIDIA_GeForce_RTX_3060,12,
coatnet_2_rw_224,224,16,fp16,202.0785980224609,False,NVIDIA_GeForce_RTX_3060,12,
coatnet_2_rw_224,224,16,fp32,380.8634338378906,False,NVIDIA_GeForce_RTX_3060,12,
coatnet_2_rw_224,224,32,bf16,409.6532287597656,False,NVIDIA_GeForce_RTX_3060,12,
coatnet_2_rw_224,224,32,fp16,375.488525390625,False,NVIDIA_GeForce_RTX_3060,12,
coatnet_2_rw_224,224,32,fp32,,True,NVIDIA_GeForce_RTX_3060,12,
coatnet_2_rw_224,224,64,bf16,,True,NVIDIA_GeForce_RTX_3060,12,
coatnet_2_rw_224,224,64,fp16,,True,NVIDIA_GeForce_RTX_3060,12,
coatnet_2_rw_224,224,64,fp32,,True,NVIDIA_GeForce_RTX_3060,12,
convnext_base,64,16,bf16,34.08998489379883,False,NVIDIA_GeForce_RTX_3060,12,
convnext_base,64,16,fp16,33.574737548828125,False,NVIDIA_GeForce_RTX_3060,12,
convnext_base,64,16,fp32,49.38139343261719,False,NVIDIA_GeForce_RTX_3060,12,
convnext_base,64,32,bf16,45.43436813354492,False,NVIDIA_GeForce_RTX_3060,12,
convnext_base,64,32,fp16,44.84812927246094,False,NVIDIA_GeForce_RTX_3060,12,
convnext_base,64,32,fp32,88.56934356689453,False,NVIDIA_GeForce_RTX_3060,12,
convnext_base,64,64,bf16,67.55020904541016,False,NVIDIA_GeForce_RTX_3060,12,
convnext_base,64,64,fp16,68.94233703613281,False,NVIDIA_GeForce_RTX_3060,12,
convnext_base,64,64,fp32,136.36607360839844,False,NVIDIA_GeForce_RTX_3060,12,
convnext_base,128,16,bf16,62.68415832519531,False,NVIDIA_GeForce_RTX_3060,12,
convnext_base,128,16,fp16,63.95904159545898,False,NVIDIA_GeForce_RTX_3060,12,
convnext_base,128,16,fp32,143.9385528564453,False,NVIDIA_GeForce_RTX_3060,12,
convnext_base,128,32,bf16,102.17984008789062,False,NVIDIA_GeForce_RTX_3060,12,
convnext_base,128,32,fp16,102.95142364501952,False,NVIDIA_GeForce_RTX_3060,12,
convnext_base,128,32,fp32,447.5105285644531,False,NVIDIA_GeForce_RTX_3060,12,
convnext_base,128,64,bf16,180.86181640625,False,NVIDIA_GeForce_RTX_3060,12,
convnext_base,128,64,fp16,180.9812469482422,False,NVIDIA_GeForce_RTX_3060,12,
convnext_base,128,64,fp32,704.7618408203125,False,NVIDIA_GeForce_RTX_3060,12,
convnext_base,224,16,bf16,141.87826538085938,False,NVIDIA_GeForce_RTX_3060,12,
convnext_base,224,16,fp16,142.49151611328125,False,NVIDIA_GeForce_RTX_3060,12,
convnext_base,224,16,fp32,576.1253051757812,False,NVIDIA_GeForce_RTX_3060,12,
convnext_base,224,32,bf16,257.8524169921875,False,NVIDIA_GeForce_RTX_3060,12,
convnext_base,224,32,fp16,266.440185546875,False,NVIDIA_GeForce_RTX_3060,12,
convnext_base,224,32,fp32,869.2352294921875,False,NVIDIA_GeForce_RTX_3060,12,
convnext_base,224,64,bf16,482.366455078125,False,NVIDIA_GeForce_RTX_3060,12,
convnext_base,224,64,fp16,507.0755920410156,False,NVIDIA_GeForce_RTX_3060,12,
convnext_base,224,64,fp32,,True,NVIDIA_GeForce_RTX_3060,12,
convnext_large,64,16,bf16,61.59462356567383,False,NVIDIA_GeForce_RTX_3060,12,
convnext_large,64,16,fp16,62.605262756347656,False,NVIDIA_GeForce_RTX_3060,12,
convnext_large,64,16,fp32,94.09471893310548,False,NVIDIA_GeForce_RTX_3060,12,
convnext_large,64,32,bf16,82.48668670654297,False,NVIDIA_GeForce_RTX_3060,12,
convnext_large,64,32,fp16,83.46654510498047,False,NVIDIA_GeForce_RTX_3060,12,
convnext_large,64,32,fp32,159.75009155273438,False,NVIDIA_GeForce_RTX_3060,12,
convnext_large,64,64,bf16,125.51870727539062,False,NVIDIA_GeForce_RTX_3060,12,
convnext_large,64,64,fp16,126.2008285522461,False,NVIDIA_GeForce_RTX_3060,12,
convnext_large,64,64,fp32,258.6798095703125,False,NVIDIA_GeForce_RTX_3060,12,
convnext_large,128,16,bf16,117.78606414794922,False,NVIDIA_GeForce_RTX_3060,12,
convnext_large,128,16,fp16,118.3825912475586,False,NVIDIA_GeForce_RTX_3060,12,
convnext_large,128,16,fp32,274.4311218261719,False,NVIDIA_GeForce_RTX_3060,12,
convnext_large,128,32,bf16,189.81581115722656,False,NVIDIA_GeForce_RTX_3060,12,
convnext_large,128,32,fp16,192.1715240478516,False,NVIDIA_GeForce_RTX_3060,12,
convnext_large,128,32,fp32,778.4135131835938,False,NVIDIA_GeForce_RTX_3060,12,
convnext_large,128,64,bf16,339.42578125,False,NVIDIA_GeForce_RTX_3060,12,
convnext_large,128,64,fp16,340.990478515625,False,NVIDIA_GeForce_RTX_3060,12,
convnext_large,128,64,fp32,1191.74853515625,False,NVIDIA_GeForce_RTX_3060,12,
convnext_large,224,16,bf16,267.2337341308594,False,NVIDIA_GeForce_RTX_3060,12,
convnext_large,224,16,fp16,269.7076110839844,False,NVIDIA_GeForce_RTX_3060,12,
convnext_large,224,16,fp32,1013.3242797851562,False,NVIDIA_GeForce_RTX_3060,12,
convnext_large,224,32,bf16,484.0048522949219,False,NVIDIA_GeForce_RTX_3060,12,
convnext_large,224,32,fp16,486.55462646484375,False,NVIDIA_GeForce_RTX_3060,12,
convnext_large,224,32,fp32,,True,NVIDIA_GeForce_RTX_3060,12,
convnext_large,224,64,bf16,,True,NVIDIA_GeForce_RTX_3060,12,
convnext_large,224,64,fp16,,True,NVIDIA_GeForce_RTX_3060,12,
convnext_large,224,64,fp32,,True,NVIDIA_GeForce_RTX_3060,12,
convnext_small,64,16,bf16,21.32257652282715,False,NVIDIA_GeForce_RTX_3060,12,
convnext_small,64,16,fp16,20.80512046813965,False,NVIDIA_GeForce_RTX_3060,12,
convnext_small,64,16,fp32,33.54684829711914,False,NVIDIA_GeForce_RTX_3060,12,
convnext_small,64,32,bf16,29.39289665222168,False,NVIDIA_GeForce_RTX_3060,12,
convnext_small,64,32,fp16,28.741119384765625,False,NVIDIA_GeForce_RTX_3060,12,
convnext_small,64,32,fp32,59.75004959106445,False,NVIDIA_GeForce_RTX_3060,12,
convnext_small,64,64,bf16,44.398048400878906,False,NVIDIA_GeForce_RTX_3060,12,
convnext_small,64,64,fp16,45.36422348022461,False,NVIDIA_GeForce_RTX_3060,12,
convnext_small,64,64,fp32,92.46414184570312,False,NVIDIA_GeForce_RTX_3060,12,
convnext_small,128,16,bf16,40.78438568115234,False,NVIDIA_GeForce_RTX_3060,12,
convnext_small,128,16,fp16,41.64608001708984,False,NVIDIA_GeForce_RTX_3060,12,
convnext_small,128,16,fp32,98.1111068725586,False,NVIDIA_GeForce_RTX_3060,12,
convnext_small,128,32,bf16,67.49951934814453,False,NVIDIA_GeForce_RTX_3060,12,
convnext_small,128,32,fp16,68.6038589477539,False,NVIDIA_GeForce_RTX_3060,12,
convnext_small,128,32,fp32,308.34881591796875,False,NVIDIA_GeForce_RTX_3060,12,
convnext_small,128,64,bf16,122.17958068847656,False,NVIDIA_GeForce_RTX_3060,12,
convnext_small,128,64,fp16,121.84575653076172,False,NVIDIA_GeForce_RTX_3060,12,
convnext_small,128,64,fp32,513.3666381835938,False,NVIDIA_GeForce_RTX_3060,12,
convnext_small,224,16,bf16,96.59896087646484,False,NVIDIA_GeForce_RTX_3060,12,
convnext_small,224,16,fp16,97.23225402832033,False,NVIDIA_GeForce_RTX_3060,12,
convnext_small,224,16,fp32,409.8551330566406,False,NVIDIA_GeForce_RTX_3060,12,
convnext_small,224,32,bf16,176.28262329101562,False,NVIDIA_GeForce_RTX_3060,12,
convnext_small,224,32,fp16,175.8140869140625,False,NVIDIA_GeForce_RTX_3060,12,
convnext_small,224,32,fp32,621.4777221679688,False,NVIDIA_GeForce_RTX_3060,12,
convnext_small,224,64,bf16,331.283447265625,False,NVIDIA_GeForce_RTX_3060,12,
convnext_small,224,64,fp16,330.12164306640625,False,NVIDIA_GeForce_RTX_3060,12,
convnext_small,224,64,fp32,,True,NVIDIA_GeForce_RTX_3060,12,
convnext_tiny,64,16,bf16,12.026368141174316,False,NVIDIA_GeForce_RTX_3060,12,
convnext_tiny,64,16,fp16,11.760128021240234,False,NVIDIA_GeForce_RTX_3060,12,
convnext_tiny,64,16,fp32,20.542383193969727,False,NVIDIA_GeForce_RTX_3060,12,
convnext_tiny,64,32,bf16,16.555007934570312,False,NVIDIA_GeForce_RTX_3060,12,
convnext_tiny,64,32,fp16,16.329631805419922,False,NVIDIA_GeForce_RTX_3060,12,
convnext_tiny,64,32,fp32,39.58988952636719,False,NVIDIA_GeForce_RTX_3060,12,
convnext_tiny,64,64,bf16,25.362831115722656,False,NVIDIA_GeForce_RTX_3060,12,
convnext_tiny,64,64,fp16,25.92972755432129,False,NVIDIA_GeForce_RTX_3060,12,
convnext_tiny,64,64,fp32,58.852352142333984,False,NVIDIA_GeForce_RTX_3060,12,
convnext_tiny,128,16,bf16,23.93292808532715,False,NVIDIA_GeForce_RTX_3060,12,
convnext_tiny,128,16,fp16,24.376319885253903,False,NVIDIA_GeForce_RTX_3060,12,
convnext_tiny,128,16,fp32,59.99292755126953,False,NVIDIA_GeForce_RTX_3060,12,
convnext_tiny,128,32,bf16,40.08857727050781,False,NVIDIA_GeForce_RTX_3060,12,
convnext_tiny,128,32,fp16,40.45414352416992,False,NVIDIA_GeForce_RTX_3060,12,
convnext_tiny,128,32,fp32,159.06048583984375,False,NVIDIA_GeForce_RTX_3060,12,
convnext_tiny,128,64,bf16,72.55583953857422,False,NVIDIA_GeForce_RTX_3060,12,
convnext_tiny,128,64,fp16,72.13359832763672,False,NVIDIA_GeForce_RTX_3060,12,
convnext_tiny,128,64,fp32,247.0952911376953,False,NVIDIA_GeForce_RTX_3060,12,
convnext_tiny,224,16,bf16,56.97587203979492,False,NVIDIA_GeForce_RTX_3060,12,
convnext_tiny,224,16,fp16,57.240943908691406,False,NVIDIA_GeForce_RTX_3060,12,
convnext_tiny,224,16,fp32,205.2091217041016,False,NVIDIA_GeForce_RTX_3060,12,
convnext_tiny,224,32,bf16,103.45830535888672,False,NVIDIA_GeForce_RTX_3060,12,
convnext_tiny,224,32,fp16,103.8730239868164,False,NVIDIA_GeForce_RTX_3060,12,
convnext_tiny,224,32,fp32,315.8569030761719,False,NVIDIA_GeForce_RTX_3060,12,
convnext_tiny,224,64,bf16,195.72122192382807,False,NVIDIA_GeForce_RTX_3060,12,
convnext_tiny,224,64,fp16,195.6864013671875,False,NVIDIA_GeForce_RTX_3060,12,
convnext_tiny,224,64,fp32,579.7335205078125,False,NVIDIA_GeForce_RTX_3060,12,
convnextv2_base,64,16,bf16,45.91667175292969,False,NVIDIA_GeForce_RTX_3060,12,
convnextv2_base,64,16,fp16,45.42208099365234,False,NVIDIA_GeForce_RTX_3060,12,
convnextv2_base,64,16,fp32,60.080223083496094,False,NVIDIA_GeForce_RTX_3060,12,
convnextv2_base,64,32,bf16,68.01766204833984,False,NVIDIA_GeForce_RTX_3060,12,
convnextv2_base,64,32,fp16,67.5225601196289,False,NVIDIA_GeForce_RTX_3060,12,
convnextv2_base,64,32,fp32,107.64492797851562,False,NVIDIA_GeForce_RTX_3060,12,
convnextv2_base,64,64,bf16,111.21715545654295,False,NVIDIA_GeForce_RTX_3060,12,
convnextv2_base,64,64,fp16,112.66150665283205,False,NVIDIA_GeForce_RTX_3060,12,
convnextv2_base,64,64,fp32,175.70252990722656,False,NVIDIA_GeForce_RTX_3060,12,
convnextv2_base,128,16,bf16,105.42642974853516,False,NVIDIA_GeForce_RTX_3060,12,
convnextv2_base,128,16,fp16,106.72332763671876,False,NVIDIA_GeForce_RTX_3060,12,
convnextv2_base,128,16,fp32,183.40415954589844,False,NVIDIA_GeForce_RTX_3060,12,
convnextv2_base,128,32,bf16,185.9158172607422,False,NVIDIA_GeForce_RTX_3060,12,
convnextv2_base,128,32,fp16,186.3648681640625,False,NVIDIA_GeForce_RTX_3060,12,
convnextv2_base,128,32,fp32,554.7050170898438,False,NVIDIA_GeForce_RTX_3060,12,
convnextv2_base,128,64,bf16,346.31475830078125,False,NVIDIA_GeForce_RTX_3060,12,
convnextv2_base,128,64,fp16,346.1585998535156,False,NVIDIA_GeForce_RTX_3060,12,
convnextv2_base,128,64,fp32,869.0238037109375,False,NVIDIA_GeForce_RTX_3060,12,
convnextv2_base,224,16,bf16,268.2152099609375,False,NVIDIA_GeForce_RTX_3060,12,
convnextv2_base,224,16,fp16,268.5450134277344,False,NVIDIA_GeForce_RTX_3060,12,
convnextv2_base,224,16,fp32,743.9902954101562,False,NVIDIA_GeForce_RTX_3060,12,
convnextv2_base,224,32,bf16,508.4839782714844,False,NVIDIA_GeForce_RTX_3060,12,
convnextv2_base,224,32,fp16,516.4619750976562,False,NVIDIA_GeForce_RTX_3060,12,
convnextv2_base,224,32,fp32,,True,NVIDIA_GeForce_RTX_3060,12,
convnextv2_base,224,64,bf16,,True,NVIDIA_GeForce_RTX_3060,12,
convnextv2_base,224,64,fp16,,True,NVIDIA_GeForce_RTX_3060,12,
convnextv2_base,224,64,fp32,,True,NVIDIA_GeForce_RTX_3060,12,
deit_base_patch16_224,64,16,bf16,29.903871536254883,False,NVIDIA_GeForce_RTX_3060,12,
deit_base_patch16_224,64,16,fp16,29.4256649017334,False,NVIDIA_GeForce_RTX_3060,12,
deit_base_patch16_224,64,16,fp32,40.63027191162109,False,NVIDIA_GeForce_RTX_3060,12,
deit_base_patch16_224,64,32,bf16,41.70075225830078,False,NVIDIA_GeForce_RTX_3060,12,
deit_base_patch16_224,64,32,fp16,38.14603042602539,False,NVIDIA_GeForce_RTX_3060,12,
deit_base_patch16_224,64,32,fp32,63.355247497558594,False,NVIDIA_GeForce_RTX_3060,12,
deit_base_patch16_224,64,64,bf16,58.17494583129883,False,NVIDIA_GeForce_RTX_3060,12,
deit_base_patch16_224,64,64,fp16,58.83750534057617,False,NVIDIA_GeForce_RTX_3060,12,
deit_base_patch16_224,64,64,fp32,110.22745513916016,False,NVIDIA_GeForce_RTX_3060,12,
deit_base_patch16_224,128,16,bf16,52.09907150268555,False,NVIDIA_GeForce_RTX_3060,12,
deit_base_patch16_224,128,16,fp16,53.08307266235352,False,NVIDIA_GeForce_RTX_3060,12,
deit_base_patch16_224,128,16,fp32,110.51315307617188,False,NVIDIA_GeForce_RTX_3060,12,
deit_base_patch16_224,128,32,bf16,85.10343933105469,False,NVIDIA_GeForce_RTX_3060,12,
deit_base_patch16_224,128,32,fp16,86.21150207519531,False,NVIDIA_GeForce_RTX_3060,12,
deit_base_patch16_224,128,32,fp32,200.6553649902344,False,NVIDIA_GeForce_RTX_3060,12,
deit_base_patch16_224,128,64,bf16,150.24435424804688,False,NVIDIA_GeForce_RTX_3060,12,
deit_base_patch16_224,128,64,fp16,154.04083251953125,False,NVIDIA_GeForce_RTX_3060,12,
deit_base_patch16_224,128,64,fp32,371.4457702636719,False,NVIDIA_GeForce_RTX_3060,12,
deit_base_patch16_224,224,16,bf16,119.32415771484376,False,NVIDIA_GeForce_RTX_3060,12,
deit_base_patch16_224,224,16,fp16,121.6527328491211,False,NVIDIA_GeForce_RTX_3060,12,
deit_base_patch16_224,224,16,fp32,305.12384033203125,False,NVIDIA_GeForce_RTX_3060,12,
deit_base_patch16_224,224,32,bf16,215.57452392578125,False,NVIDIA_GeForce_RTX_3060,12,
deit_base_patch16_224,224,32,fp16,217.3521881103516,False,NVIDIA_GeForce_RTX_3060,12,
deit_base_patch16_224,224,32,fp32,581.2837524414062,False,NVIDIA_GeForce_RTX_3060,12,
deit_base_patch16_224,224,64,bf16,411.9341430664063,False,NVIDIA_GeForce_RTX_3060,12,
deit_base_patch16_224,224,64,fp16,421.5935974121094,False,NVIDIA_GeForce_RTX_3060,12,
deit_base_patch16_224,224,64,fp32,1176.4156494140625,False,NVIDIA_GeForce_RTX_3060,12,
deit_small_patch16_224,64,16,bf16,10.255871772766112,False,NVIDIA_GeForce_RTX_3060,12,
deit_small_patch16_224,64,16,fp16,9.40441608428955,False,NVIDIA_GeForce_RTX_3060,12,
deit_small_patch16_224,64,16,fp32,13.872127532958984,False,NVIDIA_GeForce_RTX_3060,12,
deit_small_patch16_224,64,32,bf16,12.927488327026367,False,NVIDIA_GeForce_RTX_3060,12,
deit_small_patch16_224,64,32,fp16,12.361023902893066,False,NVIDIA_GeForce_RTX_3060,12,
deit_small_patch16_224,64,32,fp32,20.97407913208008,False,NVIDIA_GeForce_RTX_3060,12,
deit_small_patch16_224,64,64,bf16,19.85433578491211,False,NVIDIA_GeForce_RTX_3060,12,
deit_small_patch16_224,64,64,fp16,19.293184280395508,False,NVIDIA_GeForce_RTX_3060,12,
deit_small_patch16_224,64,64,fp32,34.667327880859375,False,NVIDIA_GeForce_RTX_3060,12,
deit_small_patch16_224,128,16,bf16,17.514495849609375,False,NVIDIA_GeForce_RTX_3060,12,
deit_small_patch16_224,128,16,fp16,17.487871170043945,False,NVIDIA_GeForce_RTX_3060,12,
deit_small_patch16_224,128,16,fp32,34.784767150878906,False,NVIDIA_GeForce_RTX_3060,12,
deit_small_patch16_224,128,32,bf16,28.70323181152344,False,NVIDIA_GeForce_RTX_3060,12,
deit_small_patch16_224,128,32,fp16,29.319168090820312,False,NVIDIA_GeForce_RTX_3060,12,
deit_small_patch16_224,128,32,fp32,63.9005126953125,False,NVIDIA_GeForce_RTX_3060,12,
deit_small_patch16_224,128,64,bf16,51.005950927734375,False,NVIDIA_GeForce_RTX_3060,12,
deit_small_patch16_224,128,64,fp16,49.99415969848633,False,NVIDIA_GeForce_RTX_3060,12,
deit_small_patch16_224,128,64,fp32,117.11231994628906,False,NVIDIA_GeForce_RTX_3060,12,
deit_small_patch16_224,224,16,bf16,40.47615814208984,False,NVIDIA_GeForce_RTX_3060,12,
deit_small_patch16_224,224,16,fp16,39.863807678222656,False,NVIDIA_GeForce_RTX_3060,12,
deit_small_patch16_224,224,16,fp32,100.5137939453125,False,NVIDIA_GeForce_RTX_3060,12,
deit_small_patch16_224,224,32,bf16,74.3034896850586,False,NVIDIA_GeForce_RTX_3060,12,
deit_small_patch16_224,224,32,fp16,71.37382507324219,False,NVIDIA_GeForce_RTX_3060,12,
deit_small_patch16_224,224,32,fp32,191.7506561279297,False,NVIDIA_GeForce_RTX_3060,12,
deit_small_patch16_224,224,64,bf16,139.24607849121094,False,NVIDIA_GeForce_RTX_3060,12,
deit_small_patch16_224,224,64,fp16,133.70828247070312,False,NVIDIA_GeForce_RTX_3060,12,
deit_small_patch16_224,224,64,fp32,370.7796630859375,False,NVIDIA_GeForce_RTX_3060,12,
deit_tiny_patch16_224,64,16,bf16,4.642816066741943,False,NVIDIA_GeForce_RTX_3060,12,
deit_tiny_patch16_224,64,16,fp16,4.187104225158691,False,NVIDIA_GeForce_RTX_3060,12,
deit_tiny_patch16_224,64,16,fp32,5.855231761932373,False,NVIDIA_GeForce_RTX_3060,12,
deit_tiny_patch16_224,64,32,bf16,6.473728179931641,False,NVIDIA_GeForce_RTX_3060,12,
deit_tiny_patch16_224,64,32,fp16,5.6248321533203125,False,NVIDIA_GeForce_RTX_3060,12,
deit_tiny_patch16_224,64,32,fp32,9.12179183959961,False,NVIDIA_GeForce_RTX_3060,12,
deit_tiny_patch16_224,64,64,bf16,8.450559616088867,False,NVIDIA_GeForce_RTX_3060,12,
deit_tiny_patch16_224,64,64,fp16,8.023551940917969,False,NVIDIA_GeForce_RTX_3060,12,
deit_tiny_patch16_224,64,64,fp32,14.05235195159912,False,NVIDIA_GeForce_RTX_3060,12,
deit_tiny_patch16_224,128,16,bf16,7.446352005004883,False,NVIDIA_GeForce_RTX_3060,12,
deit_tiny_patch16_224,128,16,fp16,7.038976192474365,False,NVIDIA_GeForce_RTX_3060,12,
deit_tiny_patch16_224,128,16,fp32,14.516736030578612,False,NVIDIA_GeForce_RTX_3060,12,
deit_tiny_patch16_224,128,32,bf16,12.661215782165527,False,NVIDIA_GeForce_RTX_3060,12,
deit_tiny_patch16_224,128,32,fp16,12.104703903198242,False,NVIDIA_GeForce_RTX_3060,12,
deit_tiny_patch16_224,128,32,fp32,24.010160446166992,False,NVIDIA_GeForce_RTX_3060,12,
deit_tiny_patch16_224,128,64,bf16,22.35638427734375,False,NVIDIA_GeForce_RTX_3060,12,
deit_tiny_patch16_224,128,64,fp16,21.66209602355957,False,NVIDIA_GeForce_RTX_3060,12,
deit_tiny_patch16_224,128,64,fp32,44.11443328857422,False,NVIDIA_GeForce_RTX_3060,12,
deit_tiny_patch16_224,224,16,bf16,17.520496368408203,False,NVIDIA_GeForce_RTX_3060,12,
deit_tiny_patch16_224,224,16,fp16,17.464752197265625,False,NVIDIA_GeForce_RTX_3060,12,
deit_tiny_patch16_224,224,16,fp32,38.548465728759766,False,NVIDIA_GeForce_RTX_3060,12,
deit_tiny_patch16_224,224,32,bf16,32.72848129272461,False,NVIDIA_GeForce_RTX_3060,12,
deit_tiny_patch16_224,224,32,fp16,30.274959564208984,False,NVIDIA_GeForce_RTX_3060,12,
deit_tiny_patch16_224,224,32,fp32,72.43819427490234,False,NVIDIA_GeForce_RTX_3060,12,
deit_tiny_patch16_224,224,64,bf16,59.73401641845703,False,NVIDIA_GeForce_RTX_3060,12,
deit_tiny_patch16_224,224,64,fp16,57.11769485473633,False,NVIDIA_GeForce_RTX_3060,12,
deit_tiny_patch16_224,224,64,fp32,138.60076904296875,False,NVIDIA_GeForce_RTX_3060,12,
densenet121,64,16,bf16,14.780927658081056,False,NVIDIA_GeForce_RTX_3060,12,
densenet121,64,16,fp16,14.577967643737791,False,NVIDIA_GeForce_RTX_3060,12,
densenet121,64,16,fp32,18.883583068847656,False,NVIDIA_GeForce_RTX_3060,12,
densenet121,64,32,bf16,20.55219268798828,False,NVIDIA_GeForce_RTX_3060,12,
densenet121,64,32,fp16,20.58073616027832,False,NVIDIA_GeForce_RTX_3060,12,
densenet121,64,32,fp32,26.84416007995605,False,NVIDIA_GeForce_RTX_3060,12,
densenet121,64,64,bf16,32.11110305786133,False,NVIDIA_GeForce_RTX_3060,12,
densenet121,64,64,fp16,30.98521614074707,False,NVIDIA_GeForce_RTX_3060,12,
densenet121,64,64,fp32,42.128753662109375,False,NVIDIA_GeForce_RTX_3060,12,
densenet121,128,16,bf16,27.12371253967285,False,NVIDIA_GeForce_RTX_3060,12,
densenet121,128,16,fp16,24.878080368041992,False,NVIDIA_GeForce_RTX_3060,12,
densenet121,128,16,fp32,37.811710357666016,False,NVIDIA_GeForce_RTX_3060,12,
densenet121,128,32,bf16,44.86963272094727,False,NVIDIA_GeForce_RTX_3060,12,
densenet121,128,32,fp16,42.06028747558594,False,NVIDIA_GeForce_RTX_3060,12,
densenet121,128,32,fp32,75.29676818847656,False,NVIDIA_GeForce_RTX_3060,12,
densenet121,128,64,bf16,77.83972930908203,False,NVIDIA_GeForce_RTX_3060,12,
densenet121,128,64,fp16,71.67324829101562,False,NVIDIA_GeForce_RTX_3060,12,
densenet121,128,64,fp32,122.49394989013672,False,NVIDIA_GeForce_RTX_3060,12,
densenet121,224,16,bf16,64.11315155029297,False,NVIDIA_GeForce_RTX_3060,12,
densenet121,224,16,fp16,56.65331268310547,False,NVIDIA_GeForce_RTX_3060,12,
densenet121,224,16,fp32,96.3235855102539,False,NVIDIA_GeForce_RTX_3060,12,
densenet121,224,32,bf16,113.81657409667967,False,NVIDIA_GeForce_RTX_3060,12,
densenet121,224,32,fp16,101.770751953125,False,NVIDIA_GeForce_RTX_3060,12,
densenet121,224,32,fp32,187.18360900878903,False,NVIDIA_GeForce_RTX_3060,12,
densenet121,224,64,bf16,218.54360961914065,False,NVIDIA_GeForce_RTX_3060,12,
densenet121,224,64,fp16,197.4425048828125,False,NVIDIA_GeForce_RTX_3060,12,
densenet121,224,64,fp32,368.2385864257813,False,NVIDIA_GeForce_RTX_3060,12,
dm_nfnet_f1,64,16,bf16,68.5844497680664,False,NVIDIA_GeForce_RTX_3060,12,
dm_nfnet_f1,64,16,fp16,67.9178237915039,False,NVIDIA_GeForce_RTX_3060,12,
dm_nfnet_f1,64,16,fp32,87.83462524414062,False,NVIDIA_GeForce_RTX_3060,12,
dm_nfnet_f1,64,32,bf16,89.87124633789062,False,NVIDIA_GeForce_RTX_3060,12,
dm_nfnet_f1,64,32,fp16,89.04905700683594,False,NVIDIA_GeForce_RTX_3060,12,
dm_nfnet_f1,64,32,fp32,117.9928970336914,False,NVIDIA_GeForce_RTX_3060,12,
dm_nfnet_f1,64,64,bf16,137.05728149414062,False,NVIDIA_GeForce_RTX_3060,12,
dm_nfnet_f1,64,64,fp16,135.68243408203125,False,NVIDIA_GeForce_RTX_3060,12,
dm_nfnet_f1,64,64,fp32,176.39854431152344,False,NVIDIA_GeForce_RTX_3060,12,
dm_nfnet_f1,128,16,bf16,104.90828704833984,False,NVIDIA_GeForce_RTX_3060,12,
dm_nfnet_f1,128,16,fp16,103.77252960205078,False,NVIDIA_GeForce_RTX_3060,12,
dm_nfnet_f1,128,16,fp32,141.3519287109375,False,NVIDIA_GeForce_RTX_3060,12,
dm_nfnet_f1,128,32,bf16,162.6079864501953,False,NVIDIA_GeForce_RTX_3060,12,
dm_nfnet_f1,128,32,fp16,161.51756286621094,False,NVIDIA_GeForce_RTX_3060,12,
dm_nfnet_f1,128,32,fp32,260.0350036621094,False,NVIDIA_GeForce_RTX_3060,12,
dm_nfnet_f1,128,64,bf16,280.2457580566406,False,NVIDIA_GeForce_RTX_3060,12,
dm_nfnet_f1,128,64,fp16,278.18035888671875,False,NVIDIA_GeForce_RTX_3060,12,
dm_nfnet_f1,128,64,fp32,468.862548828125,False,NVIDIA_GeForce_RTX_3060,12,
dm_nfnet_f1,224,16,bf16,212.74197387695312,False,NVIDIA_GeForce_RTX_3060,12,
dm_nfnet_f1,224,16,fp16,210.4232940673828,False,NVIDIA_GeForce_RTX_3060,12,
dm_nfnet_f1,224,16,fp32,374.29400634765625,False,NVIDIA_GeForce_RTX_3060,12,
dm_nfnet_f1,224,32,bf16,366.0355529785156,False,NVIDIA_GeForce_RTX_3060,12,
dm_nfnet_f1,224,32,fp16,364.5516662597656,False,NVIDIA_GeForce_RTX_3060,12,
dm_nfnet_f1,224,32,fp32,1595.276123046875,False,NVIDIA_GeForce_RTX_3060,12,
dm_nfnet_f1,224,64,bf16,705.8790283203125,False,NVIDIA_GeForce_RTX_3060,12,
dm_nfnet_f1,224,64,fp16,701.0524291992188,False,NVIDIA_GeForce_RTX_3060,12,
dm_nfnet_f1,224,64,fp32,,True,NVIDIA_GeForce_RTX_3060,12,
efficientnet_b0,64,16,bf16,10.052576065063477,False,NVIDIA_GeForce_RTX_3060,12,
efficientnet_b0,64,16,fp16,9.90771198272705,False,NVIDIA_GeForce_RTX_3060,12,
efficientnet_b0,64,16,fp32,10.892800331115724,False,NVIDIA_GeForce_RTX_3060,12,
efficientnet_b0,64,32,bf16,13.955583572387695,False,NVIDIA_GeForce_RTX_3060,12,
efficientnet_b0,64,32,fp16,12.288512229919434,False,NVIDIA_GeForce_RTX_3060,12,
efficientnet_b0,64,32,fp32,16.20572853088379,False,NVIDIA_GeForce_RTX_3060,12,
efficientnet_b0,64,64,bf16,23.294464111328125,False,NVIDIA_GeForce_RTX_3060,12,
efficientnet_b0,64,64,fp16,20.03046417236328,False,NVIDIA_GeForce_RTX_3060,12,
efficientnet_b0,64,64,fp32,27.3438720703125,False,NVIDIA_GeForce_RTX_3060,12,
efficientnet_b0,128,16,bf16,17.3306884765625,False,NVIDIA_GeForce_RTX_3060,12,
efficientnet_b0,128,16,fp16,14.187423706054688,False,NVIDIA_GeForce_RTX_3060,12,
efficientnet_b0,128,16,fp32,21.8286075592041,False,NVIDIA_GeForce_RTX_3060,12,
efficientnet_b0,128,32,bf16,29.19526481628418,False,NVIDIA_GeForce_RTX_3060,12,
efficientnet_b0,128,32,fp16,23.713647842407227,False,NVIDIA_GeForce_RTX_3060,12,
efficientnet_b0,128,32,fp32,36.25369644165039,False,NVIDIA_GeForce_RTX_3060,12,
efficientnet_b0,128,64,bf16,49.6552963256836,False,NVIDIA_GeForce_RTX_3060,12,
efficientnet_b0,128,64,fp16,39.09785461425781,False,NVIDIA_GeForce_RTX_3060,12,
efficientnet_b0,128,64,fp32,66.50470733642578,False,NVIDIA_GeForce_RTX_3060,12,
efficientnet_b0,224,16,bf16,39.67327880859375,False,NVIDIA_GeForce_RTX_3060,12,
efficientnet_b0,224,16,fp16,29.666303634643555,False,NVIDIA_GeForce_RTX_3060,12,
efficientnet_b0,224,16,fp32,50.41356658935547,False,NVIDIA_GeForce_RTX_3060,12,
efficientnet_b0,224,32,bf16,73.1704330444336,False,NVIDIA_GeForce_RTX_3060,12,
efficientnet_b0,224,32,fp16,54.2846565246582,False,NVIDIA_GeForce_RTX_3060,12,
efficientnet_b0,224,32,fp32,95.1188507080078,False,NVIDIA_GeForce_RTX_3060,12,
efficientnet_b0,224,64,bf16,136.35569763183594,False,NVIDIA_GeForce_RTX_3060,12,
efficientnet_b0,224,64,fp16,100.22553253173828,False,NVIDIA_GeForce_RTX_3060,12,
efficientnet_b0,224,64,fp32,184.62208557128903,False,NVIDIA_GeForce_RTX_3060,12,
efficientnet_b3,64,16,bf16,20.404176712036133,False,NVIDIA_GeForce_RTX_3060,12,
efficientnet_b3,64,16,fp16,18.634239196777344,False,NVIDIA_GeForce_RTX_3060,12,
efficientnet_b3,64,16,fp32,22.60633659362793,False,NVIDIA_GeForce_RTX_3060,12,
efficientnet_b3,64,32,bf16,27.598848342895508,False,NVIDIA_GeForce_RTX_3060,12,
efficientnet_b3,64,32,fp16,24.015743255615234,False,NVIDIA_GeForce_RTX_3060,12,
efficientnet_b3,64,32,fp32,33.42795181274414,False,NVIDIA_GeForce_RTX_3060,12,
efficientnet_b3,64,64,bf16,43.91571044921875,False,NVIDIA_GeForce_RTX_3060,12,
efficientnet_b3,64,64,fp16,36.93241500854492,False,NVIDIA_GeForce_RTX_3060,12,
efficientnet_b3,64,64,fp32,56.51302337646485,False,NVIDIA_GeForce_RTX_3060,12,
efficientnet_b3,128,16,bf16,32.80691146850586,False,NVIDIA_GeForce_RTX_3060,12,
efficientnet_b3,128,16,fp16,26.05721664428711,False,NVIDIA_GeForce_RTX_3060,12,
efficientnet_b3,128,16,fp32,43.48211288452149,False,NVIDIA_GeForce_RTX_3060,12,
efficientnet_b3,128,32,bf16,54.38859176635742,False,NVIDIA_GeForce_RTX_3060,12,
efficientnet_b3,128,32,fp16,43.22441482543945,False,NVIDIA_GeForce_RTX_3060,12,
efficientnet_b3,128,32,fp32,72.0716781616211,False,NVIDIA_GeForce_RTX_3060,12,
efficientnet_b3,128,64,bf16,97.87852478027344,False,NVIDIA_GeForce_RTX_3060,12,
efficientnet_b3,128,64,fp16,76.64737701416016,False,NVIDIA_GeForce_RTX_3060,12,
efficientnet_b3,128,64,fp32,132.43270874023438,False,NVIDIA_GeForce_RTX_3060,12,
efficientnet_b3,224,16,bf16,75.3960952758789,False,NVIDIA_GeForce_RTX_3060,12,
efficientnet_b3,224,16,fp16,54.49318313598633,False,NVIDIA_GeForce_RTX_3060,12,
efficientnet_b3,224,16,fp32,99.71916961669922,False,NVIDIA_GeForce_RTX_3060,12,
efficientnet_b3,224,32,bf16,139.06980895996094,False,NVIDIA_GeForce_RTX_3060,12,
efficientnet_b3,224,32,fp16,100.50457763671876,False,NVIDIA_GeForce_RTX_3060,12,
efficientnet_b3,224,32,fp32,189.2884521484375,False,NVIDIA_GeForce_RTX_3060,12,
efficientnet_b3,224,64,bf16,268.5372009277344,False,NVIDIA_GeForce_RTX_3060,12,
efficientnet_b3,224,64,fp16,193.54981994628903,False,NVIDIA_GeForce_RTX_3060,12,
efficientnet_b3,224,64,fp32,,True,NVIDIA_GeForce_RTX_3060,12,
efficientnet_b5,64,16,bf16,39.39532852172852,False,NVIDIA_GeForce_RTX_3060,12,
efficientnet_b5,64,16,fp16,35.11280059814453,False,NVIDIA_GeForce_RTX_3060,12,
efficientnet_b5,64,16,fp32,45.594608306884766,False,NVIDIA_GeForce_RTX_3060,12,
efficientnet_b5,64,32,bf16,54.798336029052734,False,NVIDIA_GeForce_RTX_3060,12,
efficientnet_b5,64,32,fp16,46.80294418334961,False,NVIDIA_GeForce_RTX_3060,12,
efficientnet_b5,64,32,fp32,66.6583023071289,False,NVIDIA_GeForce_RTX_3060,12,
efficientnet_b5,64,64,bf16,87.87184143066406,False,NVIDIA_GeForce_RTX_3060,12,
efficientnet_b5,64,64,fp16,72.09625244140625,False,NVIDIA_GeForce_RTX_3060,12,
efficientnet_b5,64,64,fp32,112.29593658447266,False,NVIDIA_GeForce_RTX_3060,12,
efficientnet_b5,128,16,bf16,63.46342468261719,False,NVIDIA_GeForce_RTX_3060,12,
efficientnet_b5,128,16,fp16,49.6552963256836,False,NVIDIA_GeForce_RTX_3060,12,
efficientnet_b5,128,16,fp32,83.2194595336914,False,NVIDIA_GeForce_RTX_3060,12,
efficientnet_b5,128,32,bf16,104.74034881591795,False,NVIDIA_GeForce_RTX_3060,12,
efficientnet_b5,128,32,fp16,80.49494171142578,False,NVIDIA_GeForce_RTX_3060,12,
efficientnet_b5,128,32,fp32,138.8738555908203,False,NVIDIA_GeForce_RTX_3060,12,
efficientnet_b5,128,64,bf16,186.89926147460935,False,NVIDIA_GeForce_RTX_3060,12,
efficientnet_b5,128,64,fp16,141.9410858154297,False,NVIDIA_GeForce_RTX_3060,12,
efficientnet_b5,128,64,fp32,254.9282073974609,False,NVIDIA_GeForce_RTX_3060,12,
efficientnet_b5,224,16,bf16,142.41627502441406,False,NVIDIA_GeForce_RTX_3060,12,
efficientnet_b5,224,16,fp16,99.1836166381836,False,NVIDIA_GeForce_RTX_3060,12,
efficientnet_b5,224,16,fp32,189.76307678222656,False,NVIDIA_GeForce_RTX_3060,12,
efficientnet_b5,224,32,bf16,261.1034851074219,False,NVIDIA_GeForce_RTX_3060,12,
efficientnet_b5,224,32,fp16,181.9140167236328,False,NVIDIA_GeForce_RTX_3060,12,
efficientnet_b5,224,32,fp32,,True,NVIDIA_GeForce_RTX_3060,12,
efficientnet_b5,224,64,bf16,,True,NVIDIA_GeForce_RTX_3060,12,
efficientnet_b5,224,64,fp16,,True,NVIDIA_GeForce_RTX_3060,12,
efficientnet_b5,224,64,fp32,,True,NVIDIA_GeForce_RTX_3060,12,
efficientnetv2_l,64,16,bf16,87.55763244628906,False,NVIDIA_GeForce_RTX_3060,12,
efficientnetv2_l,64,16,fp16,84.19369506835938,False,NVIDIA_GeForce_RTX_3060,12,
efficientnetv2_l,64,16,fp32,118.8274917602539,False,NVIDIA_GeForce_RTX_3060,12,
efficientnetv2_l,64,32,bf16,113.34349060058594,False,NVIDIA_GeForce_RTX_3060,12,
efficientnetv2_l,64,32,fp16,104.69888305664062,False,NVIDIA_GeForce_RTX_3060,12,
efficientnetv2_l,64,32,fp32,170.40740966796875,False,NVIDIA_GeForce_RTX_3060,12,
efficientnetv2_l,64,64,bf16,174.73638916015625,False,NVIDIA_GeForce_RTX_3060,12,
efficientnetv2_l,64,64,fp16,151.04818725585938,False,NVIDIA_GeForce_RTX_3060,12,
efficientnetv2_l,64,64,fp32,256.6026306152344,False,NVIDIA_GeForce_RTX_3060,12,
efficientnetv2_l,128,16,bf16,119.48436737060548,False,NVIDIA_GeForce_RTX_3060,12,
efficientnetv2_l,128,16,fp16,107.74118041992188,False,NVIDIA_GeForce_RTX_3060,12,
efficientnetv2_l,128,16,fp32,178.4120330810547,False,NVIDIA_GeForce_RTX_3060,12,
efficientnetv2_l,128,32,bf16,186.8998260498047,False,NVIDIA_GeForce_RTX_3060,12,
efficientnetv2_l,128,32,fp16,162.1017608642578,False,NVIDIA_GeForce_RTX_3060,12,
efficientnetv2_l,128,32,fp32,278.724609375,False,NVIDIA_GeForce_RTX_3060,12,
efficientnetv2_l,128,64,bf16,321.0255432128906,False,NVIDIA_GeForce_RTX_3060,12,
efficientnetv2_l,128,64,fp16,272.2657165527344,False,NVIDIA_GeForce_RTX_3060,12,
efficientnetv2_l,128,64,fp32,,True,NVIDIA_GeForce_RTX_3060,12,
efficientnetv2_l,224,16,bf16,247.40501403808597,False,NVIDIA_GeForce_RTX_3060,12,
efficientnetv2_l,224,16,fp16,197.38009643554688,False,NVIDIA_GeForce_RTX_3060,12,
efficientnetv2_l,224,16,fp32,355.8466491699219,False,NVIDIA_GeForce_RTX_3060,12,
efficientnetv2_l,224,32,bf16,436.31103515625,False,NVIDIA_GeForce_RTX_3060,12,
efficientnetv2_l,224,32,fp16,340.9197998046875,False,NVIDIA_GeForce_RTX_3060,12,
efficientnetv2_l,224,32,fp32,,True,NVIDIA_GeForce_RTX_3060,12,
efficientnetv2_l,224,64,bf16,,True,NVIDIA_GeForce_RTX_3060,12,
efficientnetv2_l,224,64,fp16,,True,NVIDIA_GeForce_RTX_3060,12,
efficientnetv2_l,224,64,fp32,,True,NVIDIA_GeForce_RTX_3060,12,
efficientnetv2_m,64,16,bf16,51.16723251342773,False,NVIDIA_GeForce_RTX_3060,12,
efficientnetv2_m,64,16,fp16,46.93145751953125,False,NVIDIA_GeForce_RTX_3060,12,
efficientnetv2_m,64,16,fp32,61.59872055053711,False,NVIDIA_GeForce_RTX_3060,12,
efficientnetv2_m,64,32,bf16,67.11174774169922,False,NVIDIA_GeForce_RTX_3060,12,
efficientnetv2_m,64,32,fp16,59.31264114379883,False,NVIDIA_GeForce_RTX_3060,12,
efficientnetv2_m,64,32,fp32,84.77184295654297,False,NVIDIA_GeForce_RTX_3060,12,
efficientnetv2_m,64,64,bf16,103.58573150634766,False,NVIDIA_GeForce_RTX_3060,12,
efficientnetv2_m,64,64,fp16,87.76020812988281,False,NVIDIA_GeForce_RTX_3060,12,
efficientnetv2_m,64,64,fp32,139.97454833984375,False,NVIDIA_GeForce_RTX_3060,12,
efficientnetv2_m,128,16,bf16,70.90892791748047,False,NVIDIA_GeForce_RTX_3060,12,
efficientnetv2_m,128,16,fp16,61.5997428894043,False,NVIDIA_GeForce_RTX_3060,12,
efficientnetv2_m,128,16,fp32,97.34758758544922,False,NVIDIA_GeForce_RTX_3060,12,
efficientnetv2_m,128,32,bf16,109.32685089111328,False,NVIDIA_GeForce_RTX_3060,12,
efficientnetv2_m,128,32,fp16,93.29459381103516,False,NVIDIA_GeForce_RTX_3060,12,
efficientnetv2_m,128,32,fp32,152.2544708251953,False,NVIDIA_GeForce_RTX_3060,12,
efficientnetv2_m,128,64,bf16,187.19949340820312,False,NVIDIA_GeForce_RTX_3060,12,
efficientnetv2_m,128,64,fp16,158.36143493652344,False,NVIDIA_GeForce_RTX_3060,12,
efficientnetv2_m,128,64,fp32,271.14434814453125,False,NVIDIA_GeForce_RTX_3060,12,
efficientnetv2_m,224,16,bf16,142.85311889648438,False,NVIDIA_GeForce_RTX_3060,12,
efficientnetv2_m,224,16,fp16,111.95340728759766,False,NVIDIA_GeForce_RTX_3060,12,
efficientnetv2_m,224,16,fp32,194.87017822265625,False,NVIDIA_GeForce_RTX_3060,12,
efficientnetv2_m,224,32,bf16,250.20462036132807,False,NVIDIA_GeForce_RTX_3060,12,
efficientnetv2_m,224,32,fp16,198.03843688964844,False,NVIDIA_GeForce_RTX_3060,12,
efficientnetv2_m,224,32,fp32,364.0750122070313,False,NVIDIA_GeForce_RTX_3060,12,
efficientnetv2_m,224,64,bf16,469.8618774414063,False,NVIDIA_GeForce_RTX_3060,12,
efficientnetv2_m,224,64,fp16,361.1950073242188,False,NVIDIA_GeForce_RTX_3060,12,
efficientnetv2_m,224,64,fp32,,True,NVIDIA_GeForce_RTX_3060,12,
efficientnetv2_s,64,16,bf16,25.03116798400879,False,NVIDIA_GeForce_RTX_3060,12,
efficientnetv2_s,64,16,fp16,23.967151641845703,False,NVIDIA_GeForce_RTX_3060,12,
efficientnetv2_s,64,16,fp32,30.415359497070312,False,NVIDIA_GeForce_RTX_3060,12,
efficientnetv2_s,64,32,bf16,33.810943603515625,False,NVIDIA_GeForce_RTX_3060,12,
efficientnetv2_s,64,32,fp16,31.01440048217773,False,NVIDIA_GeForce_RTX_3060,12,
efficientnetv2_s,64,32,fp32,41.62345504760742,False,NVIDIA_GeForce_RTX_3060,12,
efficientnetv2_s,64,64,bf16,52.999168395996094,False,NVIDIA_GeForce_RTX_3060,12,
efficientnetv2_s,64,64,fp16,46.03443145751953,False,NVIDIA_GeForce_RTX_3060,12,
efficientnetv2_s,64,64,fp32,70.18547058105469,False,NVIDIA_GeForce_RTX_3060,12,
efficientnetv2_s,128,16,bf16,36.65407943725586,False,NVIDIA_GeForce_RTX_3060,12,
efficientnetv2_s,128,16,fp16,32.10700988769531,False,NVIDIA_GeForce_RTX_3060,12,
efficientnetv2_s,128,16,fp32,52.8803825378418,False,NVIDIA_GeForce_RTX_3060,12,
efficientnetv2_s,128,32,bf16,58.9854736328125,False,NVIDIA_GeForce_RTX_3060,12,
efficientnetv2_s,128,32,fp16,50.32393646240234,False,NVIDIA_GeForce_RTX_3060,12,
efficientnetv2_s,128,32,fp32,81.8538589477539,False,NVIDIA_GeForce_RTX_3060,12,
efficientnetv2_s,128,64,bf16,101.49836730957033,False,NVIDIA_GeForce_RTX_3060,12,
efficientnetv2_s,128,64,fp16,84.99915313720703,False,NVIDIA_GeForce_RTX_3060,12,
efficientnetv2_s,128,64,fp32,148.9647216796875,False,NVIDIA_GeForce_RTX_3060,12,
efficientnetv2_s,224,16,bf16,77.9161605834961,False,NVIDIA_GeForce_RTX_3060,12,
efficientnetv2_s,224,16,fp16,61.48659133911133,False,NVIDIA_GeForce_RTX_3060,12,
efficientnetv2_s,224,16,fp32,109.5545425415039,False,NVIDIA_GeForce_RTX_3060,12,
efficientnetv2_s,224,32,bf16,140.16152954101562,False,NVIDIA_GeForce_RTX_3060,12,
efficientnetv2_s,224,32,fp16,108.6560287475586,False,NVIDIA_GeForce_RTX_3060,12,
efficientnetv2_s,224,32,fp32,205.45843505859372,False,NVIDIA_GeForce_RTX_3060,12,
efficientnetv2_s,224,64,bf16,272.8135070800781,False,NVIDIA_GeForce_RTX_3060,12,
efficientnetv2_s,224,64,fp16,212.3760681152344,False,NVIDIA_GeForce_RTX_3060,12,
efficientnetv2_s,224,64,fp32,,True,NVIDIA_GeForce_RTX_3060,12,
fastvit_t12,64,16,bf16,13.289983749389648,False,NVIDIA_GeForce_RTX_3060,12,
fastvit_t12,64,16,fp16,12.587008476257324,False,NVIDIA_GeForce_RTX_3060,12,
fastvit_t12,64,16,fp32,14.970879554748535,False,NVIDIA_GeForce_RTX_3060,12,
fastvit_t12,64,32,bf16,19.47996711730957,False,NVIDIA_GeForce_RTX_3060,12,
fastvit_t12,64,32,fp16,18.12838363647461,False,NVIDIA_GeForce_RTX_3060,12,
fastvit_t12,64,32,fp32,21.49734306335449,False,NVIDIA_GeForce_RTX_3060,12,
fastvit_t12,64,64,bf16,31.18694305419922,False,NVIDIA_GeForce_RTX_3060,12,
fastvit_t12,64,64,fp16,29.054975509643555,False,NVIDIA_GeForce_RTX_3060,12,
fastvit_t12,64,64,fp32,36.11391830444336,False,NVIDIA_GeForce_RTX_3060,12,
fastvit_t12,128,16,bf16,24.88319969177246,False,NVIDIA_GeForce_RTX_3060,12,
fastvit_t12,128,16,fp16,22.67340850830078,False,NVIDIA_GeForce_RTX_3060,12,
fastvit_t12,128,16,fp32,29.4256649017334,False,NVIDIA_GeForce_RTX_3060,12,
fastvit_t12,128,32,bf16,43.61471939086914,False,NVIDIA_GeForce_RTX_3060,12,
fastvit_t12,128,32,fp16,39.74327850341797,False,NVIDIA_GeForce_RTX_3060,12,
fastvit_t12,128,32,fp32,51.47545623779297,False,NVIDIA_GeForce_RTX_3060,12,
fastvit_t12,128,64,bf16,81.48019409179688,False,NVIDIA_GeForce_RTX_3060,12,
fastvit_t12,128,64,fp16,73.78679656982422,False,NVIDIA_GeForce_RTX_3060,12,
fastvit_t12,128,64,fp32,95.95836639404295,False,NVIDIA_GeForce_RTX_3060,12,
fastvit_t12,224,16,bf16,63.74195098876953,False,NVIDIA_GeForce_RTX_3060,12,
fastvit_t12,224,16,fp16,57.38137435913086,False,NVIDIA_GeForce_RTX_3060,12,
fastvit_t12,224,16,fp32,73.63993835449219,False,NVIDIA_GeForce_RTX_3060,12,
fastvit_t12,224,32,bf16,120.22271728515624,False,NVIDIA_GeForce_RTX_3060,12,
fastvit_t12,224,32,fp16,107.8446044921875,False,NVIDIA_GeForce_RTX_3060,12,
fastvit_t12,224,32,fp32,143.2483367919922,False,NVIDIA_GeForce_RTX_3060,12,
fastvit_t12,224,64,bf16,233.99066162109372,False,NVIDIA_GeForce_RTX_3060,12,
fastvit_t12,224,64,fp16,211.4298858642578,False,NVIDIA_GeForce_RTX_3060,12,
fastvit_t12,224,64,fp32,283.5184631347656,False,NVIDIA_GeForce_RTX_3060,12,
fastvit_t8,64,16,bf16,8.968704223632812,False,NVIDIA_GeForce_RTX_3060,12,
fastvit_t8,64,16,fp16,8.939519882202148,False,NVIDIA_GeForce_RTX_3060,12,
fastvit_t8,64,16,fp32,9.622511863708496,False,NVIDIA_GeForce_RTX_3060,12,
fastvit_t8,64,32,bf16,13.045248031616213,False,NVIDIA_GeForce_RTX_3060,12,
fastvit_t8,64,32,fp16,12.041728019714355,False,NVIDIA_GeForce_RTX_3060,12,
fastvit_t8,64,32,fp32,14.253567695617676,False,NVIDIA_GeForce_RTX_3060,12,
fastvit_t8,64,64,bf16,22.45427131652832,False,NVIDIA_GeForce_RTX_3060,12,
fastvit_t8,64,64,fp16,20.250431060791016,False,NVIDIA_GeForce_RTX_3060,12,
fastvit_t8,64,64,fp32,24.04147148132324,False,NVIDIA_GeForce_RTX_3060,12,
fastvit_t8,128,16,bf16,17.620447158813477,False,NVIDIA_GeForce_RTX_3060,12,
fastvit_t8,128,16,fp16,15.950847625732422,False,NVIDIA_GeForce_RTX_3060,12,
fastvit_t8,128,16,fp32,19.993919372558597,False,NVIDIA_GeForce_RTX_3060,12,
fastvit_t8,128,32,bf16,31.045631408691406,False,NVIDIA_GeForce_RTX_3060,12,
fastvit_t8,128,32,fp16,27.993600845336918,False,NVIDIA_GeForce_RTX_3060,12,
fastvit_t8,128,32,fp32,35.50822448730469,False,NVIDIA_GeForce_RTX_3060,12,
fastvit_t8,128,64,bf16,56.97689437866211,False,NVIDIA_GeForce_RTX_3060,12,
fastvit_t8,128,64,fp16,51.2542724609375,False,NVIDIA_GeForce_RTX_3060,12,
fastvit_t8,128,64,fp32,66.10721588134766,False,NVIDIA_GeForce_RTX_3060,12,
fastvit_t8,224,16,bf16,44.801536560058594,False,NVIDIA_GeForce_RTX_3060,12,
fastvit_t8,224,16,fp16,39.98412704467773,False,NVIDIA_GeForce_RTX_3060,12,
fastvit_t8,224,16,fp32,50.89945602416992,False,NVIDIA_GeForce_RTX_3060,12,
fastvit_t8,224,32,bf16,84.5301742553711,False,NVIDIA_GeForce_RTX_3060,12,
fastvit_t8,224,32,fp16,75.11808013916016,False,NVIDIA_GeForce_RTX_3060,12,
fastvit_t8,224,32,fp32,98.4791030883789,False,NVIDIA_GeForce_RTX_3060,12,
fastvit_t8,224,64,bf16,164.43341064453125,False,NVIDIA_GeForce_RTX_3060,12,
fastvit_t8,224,64,fp16,146.7018280029297,False,NVIDIA_GeForce_RTX_3060,12,
fastvit_t8,224,64,fp32,192.20523071289065,False,NVIDIA_GeForce_RTX_3060,12,
maxvit_tiny_tf_224,64,16,bf16,28.83529663085937,False,NVIDIA_GeForce_RTX_3060,12,
maxvit_tiny_tf_224,64,16,fp16,27.238399505615234,False,NVIDIA_GeForce_RTX_3060,12,
maxvit_tiny_tf_224,64,16,fp32,46.187007904052734,False,NVIDIA_GeForce_RTX_3060,12,
maxvit_tiny_tf_224,64,32,bf16,44.05913543701172,False,NVIDIA_GeForce_RTX_3060,12,
maxvit_tiny_tf_224,64,32,fp16,40.86921691894531,False,NVIDIA_GeForce_RTX_3060,12,
maxvit_tiny_tf_224,64,32,fp32,76.41187286376953,False,NVIDIA_GeForce_RTX_3060,12,
maxvit_tiny_tf_224,64,64,bf16,72.1628189086914,False,NVIDIA_GeForce_RTX_3060,12,
maxvit_tiny_tf_224,64,64,fp16,66.88870239257812,False,NVIDIA_GeForce_RTX_3060,12,
maxvit_tiny_tf_224,64,64,fp32,136.5780029296875,False,NVIDIA_GeForce_RTX_3060,12,
maxvit_tiny_tf_224,128,16,bf16,55.80799865722656,False,NVIDIA_GeForce_RTX_3060,12,
maxvit_tiny_tf_224,128,16,fp16,50.61939239501953,False,NVIDIA_GeForce_RTX_3060,12,
maxvit_tiny_tf_224,128,16,fp32,89.47710418701172,False,NVIDIA_GeForce_RTX_3060,12,
maxvit_tiny_tf_224,128,32,bf16,97.39259338378906,False,NVIDIA_GeForce_RTX_3060,12,
maxvit_tiny_tf_224,128,32,fp16,88.52582550048828,False,NVIDIA_GeForce_RTX_3060,12,
maxvit_tiny_tf_224,128,32,fp32,164.44613647460938,False,NVIDIA_GeForce_RTX_3060,12,
maxvit_tiny_tf_224,128,64,bf16,178.50572204589844,False,NVIDIA_GeForce_RTX_3060,12,
maxvit_tiny_tf_224,128,64,fp16,163.67041015625,False,NVIDIA_GeForce_RTX_3060,12,
maxvit_tiny_tf_224,128,64,fp32,309.9574890136719,False,NVIDIA_GeForce_RTX_3060,12,
maxvit_tiny_tf_224,224,16,bf16,133.23263549804688,False,NVIDIA_GeForce_RTX_3060,12,
maxvit_tiny_tf_224,224,16,fp16,122.20652770996094,False,NVIDIA_GeForce_RTX_3060,12,
maxvit_tiny_tf_224,224,16,fp32,219.295654296875,False,NVIDIA_GeForce_RTX_3060,12,
maxvit_tiny_tf_224,224,32,bf16,246.85772705078125,False,NVIDIA_GeForce_RTX_3060,12,
maxvit_tiny_tf_224,224,32,fp16,224.74432373046875,False,NVIDIA_GeForce_RTX_3060,12,
maxvit_tiny_tf_224,224,32,fp32,,True,NVIDIA_GeForce_RTX_3060,12,
maxvit_tiny_tf_224,224,64,bf16,,True,NVIDIA_GeForce_RTX_3060,12,
maxvit_tiny_tf_224,224,64,fp16,,True,NVIDIA_GeForce_RTX_3060,12,
maxvit_tiny_tf_224,224,64,fp32,,True,NVIDIA_GeForce_RTX_3060,12,
mixer_b16_224,64,16,bf16,23.97542381286621,False,NVIDIA_GeForce_RTX_3060,12,
mixer_b16_224,64,16,fp16,23.84947204589844,False,NVIDIA_GeForce_RTX_3060,12,
mixer_b16_224,64,16,fp32,35.33260726928711,False,NVIDIA_GeForce_RTX_3060,12,
mixer_b16_224,64,32,bf16,34.89894485473633,False,NVIDIA_GeForce_RTX_3060,12,
mixer_b16_224,64,32,fp16,34.58388900756836,False,NVIDIA_GeForce_RTX_3060,12,
mixer_b16_224,64,32,fp32,59.3520622253418,False,NVIDIA_GeForce_RTX_3060,12,
mixer_b16_224,64,64,bf16,57.132545471191406,False,NVIDIA_GeForce_RTX_3060,12,
mixer_b16_224,64,64,fp16,56.7086067199707,False,NVIDIA_GeForce_RTX_3060,12,
mixer_b16_224,64,64,fp32,108.17166137695312,False,NVIDIA_GeForce_RTX_3060,12,
mixer_b16_224,128,16,bf16,42.71001434326172,False,NVIDIA_GeForce_RTX_3060,12,
mixer_b16_224,128,16,fp16,42.19955062866211,False,NVIDIA_GeForce_RTX_3060,12,
mixer_b16_224,128,16,fp32,81.09966278076172,False,NVIDIA_GeForce_RTX_3060,12,
mixer_b16_224,128,32,bf16,70.77734375,False,NVIDIA_GeForce_RTX_3060,12,
mixer_b16_224,128,32,fp16,70.50393676757812,False,NVIDIA_GeForce_RTX_3060,12,
mixer_b16_224,128,32,fp32,149.876220703125,False,NVIDIA_GeForce_RTX_3060,12,
mixer_b16_224,128,64,bf16,128.55142211914062,False,NVIDIA_GeForce_RTX_3060,12,
mixer_b16_224,128,64,fp16,127.34054565429688,False,NVIDIA_GeForce_RTX_3060,12,
mixer_b16_224,128,64,fp32,279.50994873046875,False,NVIDIA_GeForce_RTX_3060,12,
mixer_b16_224,224,16,bf16,97.2178726196289,False,NVIDIA_GeForce_RTX_3060,12,
mixer_b16_224,224,16,fp16,97.01631927490234,False,NVIDIA_GeForce_RTX_3060,12,
mixer_b16_224,224,16,fp32,210.04237365722656,False,NVIDIA_GeForce_RTX_3060,12,
mixer_b16_224,224,32,bf16,179.4114532470703,False,NVIDIA_GeForce_RTX_3060,12,
mixer_b16_224,224,32,fp16,176.98544311523438,False,NVIDIA_GeForce_RTX_3060,12,
mixer_b16_224,224,32,fp32,397.7711791992188,False,NVIDIA_GeForce_RTX_3060,12,
mixer_b16_224,224,64,bf16,340.1907043457031,False,NVIDIA_GeForce_RTX_3060,12,
mixer_b16_224,224,64,fp16,343.7793273925781,False,NVIDIA_GeForce_RTX_3060,12,
mixer_b16_224,224,64,fp32,804.6469116210938,False,NVIDIA_GeForce_RTX_3060,12,
mobilenetv2_100,64,16,bf16,6.053887844085693,False,NVIDIA_GeForce_RTX_3060,12,
mobilenetv2_100,64,16,fp16,5.453824043273926,False,NVIDIA_GeForce_RTX_3060,12,
mobilenetv2_100,64,16,fp32,6.960639953613281,False,NVIDIA_GeForce_RTX_3060,12,
mobilenetv2_100,64,32,bf16,9.30355167388916,False,NVIDIA_GeForce_RTX_3060,12,
mobilenetv2_100,64,32,fp16,7.843711853027344,False,NVIDIA_GeForce_RTX_3060,12,
mobilenetv2_100,64,32,fp32,10.687487602233888,False,NVIDIA_GeForce_RTX_3060,12,
mobilenetv2_100,64,64,bf16,15.41057586669922,False,NVIDIA_GeForce_RTX_3060,12,
mobilenetv2_100,64,64,fp16,12.55008029937744,False,NVIDIA_GeForce_RTX_3060,12,
mobilenetv2_100,64,64,fp32,18.130943298339844,False,NVIDIA_GeForce_RTX_3060,12,
mobilenetv2_100,128,16,bf16,11.983216285705566,False,NVIDIA_GeForce_RTX_3060,12,
mobilenetv2_100,128,16,fp16,9.548288345336914,False,NVIDIA_GeForce_RTX_3060,12,
mobilenetv2_100,128,16,fp32,15.36563205718994,False,NVIDIA_GeForce_RTX_3060,12,
mobilenetv2_100,128,32,bf16,20.814271926879883,False,NVIDIA_GeForce_RTX_3060,12,
mobilenetv2_100,128,32,fp16,16.352575302124023,False,NVIDIA_GeForce_RTX_3060,12,
mobilenetv2_100,128,32,fp32,26.597888946533203,False,NVIDIA_GeForce_RTX_3060,12,
mobilenetv2_100,128,64,bf16,37.132606506347656,False,NVIDIA_GeForce_RTX_3060,12,
mobilenetv2_100,128,64,fp16,28.413951873779297,False,NVIDIA_GeForce_RTX_3060,12,
mobilenetv2_100,128,64,fp32,49.41209411621094,False,NVIDIA_GeForce_RTX_3060,12,
mobilenetv2_100,224,16,bf16,29.90787124633789,False,NVIDIA_GeForce_RTX_3060,12,
mobilenetv2_100,224,16,fp16,22.694223403930664,False,NVIDIA_GeForce_RTX_3060,12,
mobilenetv2_100,224,16,fp32,38.00675201416016,False,NVIDIA_GeForce_RTX_3060,12,
mobilenetv2_100,224,32,bf16,56.14419174194336,False,NVIDIA_GeForce_RTX_3060,12,
mobilenetv2_100,224,32,fp16,41.97222518920898,False,NVIDIA_GeForce_RTX_3060,12,
mobilenetv2_100,224,32,fp32,72.78643035888672,False,NVIDIA_GeForce_RTX_3060,12,
mobilenetv2_100,224,64,bf16,104.52716827392578,False,NVIDIA_GeForce_RTX_3060,12,
mobilenetv2_100,224,64,fp16,77.9688949584961,False,NVIDIA_GeForce_RTX_3060,12,
mobilenetv2_100,224,64,fp32,141.66680908203125,False,NVIDIA_GeForce_RTX_3060,12,
mobilenetv3_large_100,64,16,bf16,6.400496006011963,False,NVIDIA_GeForce_RTX_3060,12,
mobilenetv3_large_100,64,16,fp16,5.861728191375732,False,NVIDIA_GeForce_RTX_3060,12,
mobilenetv3_large_100,64,16,fp32,6.667263984680176,False,NVIDIA_GeForce_RTX_3060,12,
mobilenetv3_large_100,64,32,bf16,8.547840118408203,False,NVIDIA_GeForce_RTX_3060,12,
mobilenetv3_large_100,64,32,fp16,7.598527908325195,False,NVIDIA_GeForce_RTX_3060,12,
mobilenetv3_large_100,64,32,fp32,9.58033561706543,False,NVIDIA_GeForce_RTX_3060,12,
mobilenetv3_large_100,64,64,bf16,13.265888214111328,False,NVIDIA_GeForce_RTX_3060,12,
mobilenetv3_large_100,64,64,fp16,11.265024185180664,False,NVIDIA_GeForce_RTX_3060,12,
mobilenetv3_large_100,64,64,fp32,15.201120376586914,False,NVIDIA_GeForce_RTX_3060,12,
mobilenetv3_large_100,128,16,bf16,10.522047996520996,False,NVIDIA_GeForce_RTX_3060,12,
mobilenetv3_large_100,128,16,fp16,9.250304222106934,False,NVIDIA_GeForce_RTX_3060,12,
mobilenetv3_large_100,128,16,fp32,12.684800148010254,False,NVIDIA_GeForce_RTX_3060,12,
mobilenetv3_large_100,128,32,bf16,17.442304611206055,False,NVIDIA_GeForce_RTX_3060,12,
mobilenetv3_large_100,128,32,fp16,14.478848457336426,False,NVIDIA_GeForce_RTX_3060,12,
mobilenetv3_large_100,128,32,fp32,21.366783142089844,False,NVIDIA_GeForce_RTX_3060,12,
mobilenetv3_large_100,128,64,bf16,30.02304077148437,False,NVIDIA_GeForce_RTX_3060,12,
mobilenetv3_large_100,128,64,fp16,24.118783950805664,False,NVIDIA_GeForce_RTX_3060,12,
mobilenetv3_large_100,128,64,fp32,38.00678253173828,False,NVIDIA_GeForce_RTX_3060,12,
mobilenetv3_large_100,224,16,bf16,23.57494354248047,False,NVIDIA_GeForce_RTX_3060,12,
mobilenetv3_large_100,224,16,fp16,18.29324722290039,False,NVIDIA_GeForce_RTX_3060,12,
mobilenetv3_large_100,224,16,fp32,29.193727493286133,False,NVIDIA_GeForce_RTX_3060,12,
mobilenetv3_large_100,224,32,bf16,43.372032165527344,False,NVIDIA_GeForce_RTX_3060,12,
mobilenetv3_large_100,224,32,fp16,32.91596984863281,False,NVIDIA_GeForce_RTX_3060,12,
mobilenetv3_large_100,224,32,fp32,55.13216018676758,False,NVIDIA_GeForce_RTX_3060,12,
mobilenetv3_large_100,224,64,bf16,80.92813110351562,False,NVIDIA_GeForce_RTX_3060,12,
mobilenetv3_large_100,224,64,fp16,61.62688064575195,False,NVIDIA_GeForce_RTX_3060,12,
mobilenetv3_large_100,224,64,fp32,104.67993927001952,False,NVIDIA_GeForce_RTX_3060,12,
mobilenetv3_small_100,64,16,bf16,3.7416958808898926,False,NVIDIA_GeForce_RTX_3060,12,
mobilenetv3_small_100,64,16,fp16,3.521023988723755,False,NVIDIA_GeForce_RTX_3060,12,
mobilenetv3_small_100,64,16,fp32,3.669456005096436,False,NVIDIA_GeForce_RTX_3060,12,
mobilenetv3_small_100,64,32,bf16,6.501327991485596,False,NVIDIA_GeForce_RTX_3060,12,
mobilenetv3_small_100,64,32,fp16,6.109695911407471,False,NVIDIA_GeForce_RTX_3060,12,
mobilenetv3_small_100,64,32,fp32,4.783088207244873,False,NVIDIA_GeForce_RTX_3060,12,
mobilenetv3_small_100,64,64,bf16,10.192383766174316,False,NVIDIA_GeForce_RTX_3060,12,
mobilenetv3_small_100,64,64,fp16,9.370112419128418,False,NVIDIA_GeForce_RTX_3060,12,
mobilenetv3_small_100,64,64,fp32,7.055871963500977,False,NVIDIA_GeForce_RTX_3060,12,
mobilenetv3_small_100,128,16,bf16,6.0149760246276855,False,NVIDIA_GeForce_RTX_3060,12,
mobilenetv3_small_100,128,16,fp16,5.266223907470703,False,NVIDIA_GeForce_RTX_3060,12,
mobilenetv3_small_100,128,16,fp32,5.434879779815674,False,NVIDIA_GeForce_RTX_3060,12,
mobilenetv3_small_100,128,32,bf16,7.610367774963379,False,NVIDIA_GeForce_RTX_3060,12,
mobilenetv3_small_100,128,32,fp16,6.312335968017578,False,NVIDIA_GeForce_RTX_3060,12,
mobilenetv3_small_100,128,32,fp32,8.723967552185059,False,NVIDIA_GeForce_RTX_3060,12,
mobilenetv3_small_100,128,64,bf16,12.488703727722168,False,NVIDIA_GeForce_RTX_3060,12,
mobilenetv3_small_100,128,64,fp16,9.959424018859863,False,NVIDIA_GeForce_RTX_3060,12,
mobilenetv3_small_100,128,64,fp32,15.083328247070312,False,NVIDIA_GeForce_RTX_3060,12,
mobilenetv3_small_100,224,16,bf16,9.804287910461426,False,NVIDIA_GeForce_RTX_3060,12,
mobilenetv3_small_100,224,16,fp16,7.747583866119385,False,NVIDIA_GeForce_RTX_3060,12,
mobilenetv3_small_100,224,16,fp32,11.405311584472656,False,NVIDIA_GeForce_RTX_3060,12,
mobilenetv3_small_100,224,32,bf16,17.4069766998291,False,NVIDIA_GeForce_RTX_3060,12,
mobilenetv3_small_100,224,32,fp16,12.74555206298828,False,NVIDIA_GeForce_RTX_3060,12,
mobilenetv3_small_100,224,32,fp32,20.74760055541992,False,NVIDIA_GeForce_RTX_3060,12,
mobilenetv3_small_100,224,64,bf16,32.02355194091797,False,NVIDIA_GeForce_RTX_3060,12,
mobilenetv3_small_100,224,64,fp16,23.497215270996094,False,NVIDIA_GeForce_RTX_3060,12,
mobilenetv3_small_100,224,64,fp32,39.0479850769043,False,NVIDIA_GeForce_RTX_3060,12,
mobilevit_s,64,16,bf16,10.034687995910645,False,NVIDIA_GeForce_RTX_3060,12,
mobilevit_s,64,16,fp16,9.0905122756958,False,NVIDIA_GeForce_RTX_3060,12,
mobilevit_s,64,16,fp32,11.7642240524292,False,NVIDIA_GeForce_RTX_3060,12,
mobilevit_s,64,32,bf16,16.18227195739746,False,NVIDIA_GeForce_RTX_3060,12,
mobilevit_s,64,32,fp16,14.562735557556152,False,NVIDIA_GeForce_RTX_3060,12,
mobilevit_s,64,32,fp32,20.127695083618164,False,NVIDIA_GeForce_RTX_3060,12,
mobilevit_s,64,64,bf16,25.623872756958008,False,NVIDIA_GeForce_RTX_3060,12,
mobilevit_s,64,64,fp16,22.304079055786133,False,NVIDIA_GeForce_RTX_3060,12,
mobilevit_s,64,64,fp32,36.13132858276367,False,NVIDIA_GeForce_RTX_3060,12,
mobilevit_s,128,16,bf16,20.65452766418457,False,NVIDIA_GeForce_RTX_3060,12,
mobilevit_s,128,16,fp16,17.308000564575195,False,NVIDIA_GeForce_RTX_3060,12,
mobilevit_s,128,16,fp32,29.520896911621094,False,NVIDIA_GeForce_RTX_3060,12,
mobilevit_s,128,32,bf16,37.22635269165039,False,NVIDIA_GeForce_RTX_3060,12,
mobilevit_s,128,32,fp16,31.216127395629883,False,NVIDIA_GeForce_RTX_3060,12,
mobilevit_s,128,32,fp32,54.21356964111328,False,NVIDIA_GeForce_RTX_3060,12,
mobilevit_s,128,64,bf16,69.91410827636719,False,NVIDIA_GeForce_RTX_3060,12,
mobilevit_s,128,64,fp16,59.0571517944336,False,NVIDIA_GeForce_RTX_3060,12,
mobilevit_s,128,64,fp32,102.33342742919922,False,NVIDIA_GeForce_RTX_3060,12,
mobilevit_s,224,16,bf16,54.5162239074707,False,NVIDIA_GeForce_RTX_3060,12,
mobilevit_s,224,16,fp16,45.9729118347168,False,NVIDIA_GeForce_RTX_3060,12,
mobilevit_s,224,16,fp32,86.53667449951172,False,NVIDIA_GeForce_RTX_3060,12,
mobilevit_s,224,32,bf16,105.79558563232422,False,NVIDIA_GeForce_RTX_3060,12,
mobilevit_s,224,32,fp16,88.5898208618164,False,NVIDIA_GeForce_RTX_3060,12,
mobilevit_s,224,32,fp32,170.02496337890625,False,NVIDIA_GeForce_RTX_3060,12,
mobilevit_s,224,64,bf16,207.20895385742188,False,NVIDIA_GeForce_RTX_3060,12,
mobilevit_s,224,64,fp16,174.5233917236328,False,NVIDIA_GeForce_RTX_3060,12,
mobilevit_s,224,64,fp32,330.4560546875,False,NVIDIA_GeForce_RTX_3060,12,
mobilevit_xs,64,16,bf16,10.355199813842772,False,NVIDIA_GeForce_RTX_3060,12,
mobilevit_xs,64,16,fp16,9.600000381469728,False,NVIDIA_GeForce_RTX_3060,12,
mobilevit_xs,64,16,fp32,8.765888214111328,False,NVIDIA_GeForce_RTX_3060,12,
mobilevit_xs,64,32,bf16,16.48793601989746,False,NVIDIA_GeForce_RTX_3060,12,
mobilevit_xs,64,32,fp16,15.258624076843262,False,NVIDIA_GeForce_RTX_3060,12,
mobilevit_xs,64,32,fp32,14.82795238494873,False,NVIDIA_GeForce_RTX_3060,12,
mobilevit_xs,64,64,bf16,29.53611183166504,False,NVIDIA_GeForce_RTX_3060,12,
mobilevit_xs,64,64,fp16,27.172176361083984,False,NVIDIA_GeForce_RTX_3060,12,
mobilevit_xs,64,64,fp32,26.35817527770996,False,NVIDIA_GeForce_RTX_3060,12,
mobilevit_xs,128,16,bf16,19.037168502807617,False,NVIDIA_GeForce_RTX_3060,12,
mobilevit_xs,128,16,fp16,16.3361759185791,False,NVIDIA_GeForce_RTX_3060,12,
mobilevit_xs,128,16,fp32,22.32356834411621,False,NVIDIA_GeForce_RTX_3060,12,
mobilevit_xs,128,32,bf16,33.908687591552734,False,NVIDIA_GeForce_RTX_3060,12,
mobilevit_xs,128,32,fp16,29.55816078186035,False,NVIDIA_GeForce_RTX_3060,12,
mobilevit_xs,128,32,fp32,41.346561431884766,False,NVIDIA_GeForce_RTX_3060,12,
mobilevit_xs,128,64,bf16,58.12464141845703,False,NVIDIA_GeForce_RTX_3060,12,
mobilevit_xs,128,64,fp16,49.81145477294922,False,NVIDIA_GeForce_RTX_3060,12,
mobilevit_xs,128,64,fp32,77.62432098388672,False,NVIDIA_GeForce_RTX_3060,12,
mobilevit_xs,224,16,bf16,44.80503845214844,False,NVIDIA_GeForce_RTX_3060,12,
mobilevit_xs,224,16,fp16,37.93510437011719,False,NVIDIA_GeForce_RTX_3060,12,
mobilevit_xs,224,16,fp32,67.29727935791016,False,NVIDIA_GeForce_RTX_3060,12,
mobilevit_xs,224,32,bf16,82.11711883544922,False,NVIDIA_GeForce_RTX_3060,12,
mobilevit_xs,224,32,fp16,68.83634948730469,False,NVIDIA_GeForce_RTX_3060,12,
mobilevit_xs,224,32,fp32,130.91635131835938,False,NVIDIA_GeForce_RTX_3060,12,
mobilevit_xs,224,64,bf16,163.13844299316406,False,NVIDIA_GeForce_RTX_3060,12,
mobilevit_xs,224,64,fp16,137.4530487060547,False,NVIDIA_GeForce_RTX_3060,12,
mobilevit_xs,224,64,fp32,255.9324188232422,False,NVIDIA_GeForce_RTX_3060,12,
mobilevit_xxs,64,16,bf16,7.158783912658691,False,NVIDIA_GeForce_RTX_3060,12,
mobilevit_xxs,64,16,fp16,6.943183898925781,False,NVIDIA_GeForce_RTX_3060,12,
mobilevit_xxs,64,16,fp32,6.140336036682129,False,NVIDIA_GeForce_RTX_3060,12,
mobilevit_xxs,64,32,bf16,11.809136390686035,False,NVIDIA_GeForce_RTX_3060,12,
mobilevit_xxs,64,32,fp16,11.267999649047852,False,NVIDIA_GeForce_RTX_3060,12,
mobilevit_xxs,64,32,fp32,9.80992031097412,False,NVIDIA_GeForce_RTX_3060,12,
mobilevit_xxs,64,64,bf16,20.1210880279541,False,NVIDIA_GeForce_RTX_3060,12,
mobilevit_xxs,64,64,fp16,19.142656326293945,False,NVIDIA_GeForce_RTX_3060,12,
mobilevit_xxs,64,64,fp32,16.905088424682617,False,NVIDIA_GeForce_RTX_3060,12,
mobilevit_xxs,128,16,bf16,11.519887924194336,False,NVIDIA_GeForce_RTX_3060,12,
mobilevit_xxs,128,16,fp16,10.410415649414062,False,NVIDIA_GeForce_RTX_3060,12,
mobilevit_xxs,128,16,fp32,11.974143981933594,False,NVIDIA_GeForce_RTX_3060,12,
mobilevit_xxs,128,32,bf16,19.649023056030277,False,NVIDIA_GeForce_RTX_3060,12,
mobilevit_xxs,128,32,fp16,17.695232391357422,False,NVIDIA_GeForce_RTX_3060,12,
mobilevit_xxs,128,32,fp32,21.234111785888672,False,NVIDIA_GeForce_RTX_3060,12,
mobilevit_xxs,128,64,bf16,35.02796936035156,False,NVIDIA_GeForce_RTX_3060,12,
mobilevit_xxs,128,64,fp16,31.414783477783203,False,NVIDIA_GeForce_RTX_3060,12,
mobilevit_xxs,128,64,fp32,39.37587356567383,False,NVIDIA_GeForce_RTX_3060,12,
mobilevit_xxs,224,16,bf16,24.26406478881836,False,NVIDIA_GeForce_RTX_3060,12,
mobilevit_xxs,224,16,fp16,21.253023147583008,False,NVIDIA_GeForce_RTX_3060,12,
mobilevit_xxs,224,16,fp32,36.09190368652344,False,NVIDIA_GeForce_RTX_3060,12,
mobilevit_xxs,224,32,bf16,45.729278564453125,False,NVIDIA_GeForce_RTX_3060,12,
mobilevit_xxs,224,32,fp16,39.73459243774414,False,NVIDIA_GeForce_RTX_3060,12,
mobilevit_xxs,224,32,fp32,67.80671691894531,False,NVIDIA_GeForce_RTX_3060,12,
mobilevit_xxs,224,64,bf16,85.39852905273438,False,NVIDIA_GeForce_RTX_3060,12,
mobilevit_xxs,224,64,fp16,74.18265533447266,False,NVIDIA_GeForce_RTX_3060,12,
mobilevit_xxs,224,64,fp32,133.23980712890625,False,NVIDIA_GeForce_RTX_3060,12,
mobilevitv2_100,64,16,bf16,8.978943824768066,False,NVIDIA_GeForce_RTX_3060,12,
mobilevitv2_100,64,16,fp16,7.961088180541992,False,NVIDIA_GeForce_RTX_3060,12,
mobilevitv2_100,64,16,fp32,10.572799682617188,False,NVIDIA_GeForce_RTX_3060,12,
mobilevitv2_100,64,32,bf16,13.636096000671388,False,NVIDIA_GeForce_RTX_3060,12,
mobilevitv2_100,64,32,fp16,11.933183670043944,False,NVIDIA_GeForce_RTX_3060,12,
mobilevitv2_100,64,32,fp32,17.182655334472656,False,NVIDIA_GeForce_RTX_3060,12,
mobilevitv2_100,64,64,bf16,23.33286476135254,False,NVIDIA_GeForce_RTX_3060,12,
mobilevitv2_100,64,64,fp16,20.14356803894043,False,NVIDIA_GeForce_RTX_3060,12,
mobilevitv2_100,64,64,fp32,30.177791595458984,False,NVIDIA_GeForce_RTX_3060,12,
mobilevitv2_100,128,16,bf16,19.192256927490234,False,NVIDIA_GeForce_RTX_3060,12,
mobilevitv2_100,128,16,fp16,15.973888397216797,False,NVIDIA_GeForce_RTX_3060,12,
mobilevitv2_100,128,16,fp32,24.65535926818848,False,NVIDIA_GeForce_RTX_3060,12,
mobilevitv2_100,128,32,bf16,33.034751892089844,False,NVIDIA_GeForce_RTX_3060,12,
mobilevitv2_100,128,32,fp16,28.113264083862305,False,NVIDIA_GeForce_RTX_3060,12,
mobilevitv2_100,128,32,fp32,44.92185592651367,False,NVIDIA_GeForce_RTX_3060,12,
mobilevitv2_100,128,64,bf16,60.419071197509766,False,NVIDIA_GeForce_RTX_3060,12,
mobilevitv2_100,128,64,fp16,51.29727935791016,False,NVIDIA_GeForce_RTX_3060,12,
mobilevitv2_100,128,64,fp32,84.14669036865234,False,NVIDIA_GeForce_RTX_3060,12,
mobilevitv2_100,224,16,bf16,51.60540771484375,False,NVIDIA_GeForce_RTX_3060,12,
mobilevitv2_100,224,16,fp16,43.35289764404297,False,NVIDIA_GeForce_RTX_3060,12,
mobilevitv2_100,224,16,fp32,67.84870147705078,False,NVIDIA_GeForce_RTX_3060,12,
mobilevitv2_100,224,32,bf16,94.69324493408205,False,NVIDIA_GeForce_RTX_3060,12,
mobilevitv2_100,224,32,fp16,81.37522888183594,False,NVIDIA_GeForce_RTX_3060,12,
mobilevitv2_100,224,32,fp32,133.4317169189453,False,NVIDIA_GeForce_RTX_3060,12,
mobilevitv2_100,224,64,bf16,182.6825714111328,False,NVIDIA_GeForce_RTX_3060,12,
mobilevitv2_100,224,64,fp16,158.0728302001953,False,NVIDIA_GeForce_RTX_3060,12,
mobilevitv2_100,224,64,fp32,258.55419921875,False,NVIDIA_GeForce_RTX_3060,12,
nfnet_l0,64,16,bf16,18.28182411193848,False,NVIDIA_GeForce_RTX_3060,12,
nfnet_l0,64,16,fp16,18.03417587280273,False,NVIDIA_GeForce_RTX_3060,12,
nfnet_l0,64,16,fp32,31.02467155456543,False,NVIDIA_GeForce_RTX_3060,12,
nfnet_l0,64,32,bf16,22.7906551361084,False,NVIDIA_GeForce_RTX_3060,12,
nfnet_l0,64,32,fp16,22.245376586914062,False,NVIDIA_GeForce_RTX_3060,12,
nfnet_l0,64,32,fp32,45.38214492797852,False,NVIDIA_GeForce_RTX_3060,12,
nfnet_l0,64,64,bf16,33.365665435791016,False,NVIDIA_GeForce_RTX_3060,12,
nfnet_l0,64,64,fp16,32.585872650146484,False,NVIDIA_GeForce_RTX_3060,12,
nfnet_l0,64,64,fp32,60.93620681762695,False,NVIDIA_GeForce_RTX_3060,12,
nfnet_l0,128,16,bf16,30.42355155944824,False,NVIDIA_GeForce_RTX_3060,12,
nfnet_l0,128,16,fp16,29.932544708251957,False,NVIDIA_GeForce_RTX_3060,12,
nfnet_l0,128,16,fp32,48.17510223388672,False,NVIDIA_GeForce_RTX_3060,12,
nfnet_l0,128,32,bf16,46.68431854248047,False,NVIDIA_GeForce_RTX_3060,12,
nfnet_l0,128,32,fp16,46.17216110229492,False,NVIDIA_GeForce_RTX_3060,12,
nfnet_l0,128,32,fp32,80.55137634277344,False,NVIDIA_GeForce_RTX_3060,12,
nfnet_l0,128,64,bf16,79.58118438720703,False,NVIDIA_GeForce_RTX_3060,12,
nfnet_l0,128,64,fp16,78.88859558105469,False,NVIDIA_GeForce_RTX_3060,12,
nfnet_l0,128,64,fp32,138.82470703125,False,NVIDIA_GeForce_RTX_3060,12,
nfnet_l0,224,16,bf16,65.50924682617188,False,NVIDIA_GeForce_RTX_3060,12,
nfnet_l0,224,16,fp16,64.85655975341797,False,NVIDIA_GeForce_RTX_3060,12,
nfnet_l0,224,16,fp32,131.70787048339844,False,NVIDIA_GeForce_RTX_3060,12,
nfnet_l0,224,32,bf16,115.2895050048828,False,NVIDIA_GeForce_RTX_3060,12,
nfnet_l0,224,32,fp16,114.66547393798828,False,NVIDIA_GeForce_RTX_3060,12,
nfnet_l0,224,32,fp32,207.2489013671875,False,NVIDIA_GeForce_RTX_3060,12,
nfnet_l0,224,64,bf16,220.0836334228516,False,NVIDIA_GeForce_RTX_3060,12,
nfnet_l0,224,64,fp16,218.8814697265625,False,NVIDIA_GeForce_RTX_3060,12,
nfnet_l0,224,64,fp32,401.7061462402344,False,NVIDIA_GeForce_RTX_3060,12,
pvt_v2_b0,64,16,bf16,5.084159851074219,False,NVIDIA_GeForce_RTX_3060,12,
pvt_v2_b0,64,16,fp16,4.732416152954102,False,NVIDIA_GeForce_RTX_3060,12,
pvt_v2_b0,64,16,fp32,6.243199825286865,False,NVIDIA_GeForce_RTX_3060,12,
pvt_v2_b0,64,32,bf16,7.176144123077393,False,NVIDIA_GeForce_RTX_3060,12,
pvt_v2_b0,64,32,fp16,6.948751926422119,False,NVIDIA_GeForce_RTX_3060,12,
pvt_v2_b0,64,32,fp32,9.211392402648926,False,NVIDIA_GeForce_RTX_3060,12,
pvt_v2_b0,64,64,bf16,10.531807899475098,False,NVIDIA_GeForce_RTX_3060,12,
pvt_v2_b0,64,64,fp16,10.455039978027344,False,NVIDIA_GeForce_RTX_3060,12,
pvt_v2_b0,64,64,fp32,15.754079818725586,False,NVIDIA_GeForce_RTX_3060,12,
pvt_v2_b0,128,16,bf16,9.57737636566162,False,NVIDIA_GeForce_RTX_3060,12,
pvt_v2_b0,128,16,fp16,9.49452781677246,False,NVIDIA_GeForce_RTX_3060,12,
pvt_v2_b0,128,16,fp32,14.021984100341797,False,NVIDIA_GeForce_RTX_3060,12,
pvt_v2_b0,128,32,bf16,16.606176376342773,False,NVIDIA_GeForce_RTX_3060,12,
pvt_v2_b0,128,32,fp16,16.394752502441406,False,NVIDIA_GeForce_RTX_3060,12,
pvt_v2_b0,128,32,fp32,24.555007934570312,False,NVIDIA_GeForce_RTX_3060,12,
pvt_v2_b0,128,64,bf16,29.65657615661621,False,NVIDIA_GeForce_RTX_3060,12,
pvt_v2_b0,128,64,fp16,29.604352951049805,False,NVIDIA_GeForce_RTX_3060,12,
pvt_v2_b0,128,64,fp32,44.84492874145508,False,NVIDIA_GeForce_RTX_3060,12,
pvt_v2_b0,224,16,bf16,22.94528007507324,False,NVIDIA_GeForce_RTX_3060,12,
pvt_v2_b0,224,16,fp16,22.978015899658203,False,NVIDIA_GeForce_RTX_3060,12,
pvt_v2_b0,224,16,fp32,36.673919677734375,False,NVIDIA_GeForce_RTX_3060,12,
pvt_v2_b0,224,32,bf16,40.23289489746094,False,NVIDIA_GeForce_RTX_3060,12,
pvt_v2_b0,224,32,fp16,40.39255905151367,False,NVIDIA_GeForce_RTX_3060,12,
pvt_v2_b0,224,32,fp32,66.1928939819336,False,NVIDIA_GeForce_RTX_3060,12,
pvt_v2_b0,224,64,bf16,75.48705291748047,False,NVIDIA_GeForce_RTX_3060,12,
pvt_v2_b0,224,64,fp16,76.11271667480469,False,NVIDIA_GeForce_RTX_3060,12,
pvt_v2_b0,224,64,fp32,124.85990142822266,False,NVIDIA_GeForce_RTX_3060,12,
pvt_v2_b2,64,16,bf16,15.441408157348633,False,NVIDIA_GeForce_RTX_3060,12,
pvt_v2_b2,64,16,fp16,15.043071746826172,False,NVIDIA_GeForce_RTX_3060,12,
pvt_v2_b2,64,16,fp32,20.34073638916016,False,NVIDIA_GeForce_RTX_3060,12,
pvt_v2_b2,64,32,bf16,21.99228858947754,False,NVIDIA_GeForce_RTX_3060,12,
pvt_v2_b2,64,32,fp16,21.48761558532715,False,NVIDIA_GeForce_RTX_3060,12,
pvt_v2_b2,64,32,fp32,30.420991897583008,False,NVIDIA_GeForce_RTX_3060,12,
pvt_v2_b2,64,64,bf16,33.54608154296875,False,NVIDIA_GeForce_RTX_3060,12,
pvt_v2_b2,64,64,fp16,33.176063537597656,False,NVIDIA_GeForce_RTX_3060,12,
pvt_v2_b2,64,64,fp32,50.63065719604492,False,NVIDIA_GeForce_RTX_3060,12,
pvt_v2_b2,128,16,bf16,30.57766342163086,False,NVIDIA_GeForce_RTX_3060,12,
pvt_v2_b2,128,16,fp16,30.420896530151367,False,NVIDIA_GeForce_RTX_3060,12,
pvt_v2_b2,128,16,fp32,47.72351837158203,False,NVIDIA_GeForce_RTX_3060,12,
pvt_v2_b2,128,32,bf16,50.79347229003906,False,NVIDIA_GeForce_RTX_3060,12,
pvt_v2_b2,128,32,fp16,50.69055938720703,False,NVIDIA_GeForce_RTX_3060,12,
pvt_v2_b2,128,32,fp32,84.68473815917969,False,NVIDIA_GeForce_RTX_3060,12,
pvt_v2_b2,128,64,bf16,89.10164642333984,False,NVIDIA_GeForce_RTX_3060,12,
pvt_v2_b2,128,64,fp16,90.2128677368164,False,NVIDIA_GeForce_RTX_3060,12,
pvt_v2_b2,128,64,fp32,155.69305419921875,False,NVIDIA_GeForce_RTX_3060,12,
pvt_v2_b2,224,16,bf16,71.22431945800781,False,NVIDIA_GeForce_RTX_3060,12,
pvt_v2_b2,224,16,fp16,71.52835083007812,False,NVIDIA_GeForce_RTX_3060,12,
pvt_v2_b2,224,16,fp32,125.55305480957033,False,NVIDIA_GeForce_RTX_3060,12,
pvt_v2_b2,224,32,bf16,126.42559814453124,False,NVIDIA_GeForce_RTX_3060,12,
pvt_v2_b2,224,32,fp16,128.0685272216797,False,NVIDIA_GeForce_RTX_3060,12,
pvt_v2_b2,224,32,fp32,231.4951629638672,False,NVIDIA_GeForce_RTX_3060,12,
pvt_v2_b2,224,64,bf16,240.55191040039065,False,NVIDIA_GeForce_RTX_3060,12,
pvt_v2_b2,224,64,fp16,239.3712615966797,False,NVIDIA_GeForce_RTX_3060,12,
pvt_v2_b2,224,64,fp32,,True,NVIDIA_GeForce_RTX_3060,12,
pvt_v2_b5,64,16,bf16,45.8260498046875,False,NVIDIA_GeForce_RTX_3060,12,
pvt_v2_b5,64,16,fp16,44.28228759765625,False,NVIDIA_GeForce_RTX_3060,12,
pvt_v2_b5,64,16,fp32,55.82592010498047,False,NVIDIA_GeForce_RTX_3060,12,
pvt_v2_b5,64,32,bf16,62.67136001586914,False,NVIDIA_GeForce_RTX_3060,12,
pvt_v2_b5,64,32,fp16,60.71807861328125,False,NVIDIA_GeForce_RTX_3060,12,
pvt_v2_b5,64,32,fp32,80.47462463378906,False,NVIDIA_GeForce_RTX_3060,12,
pvt_v2_b5,64,64,bf16,91.07046508789062,False,NVIDIA_GeForce_RTX_3060,12,
pvt_v2_b5,64,64,fp16,90.44992065429688,False,NVIDIA_GeForce_RTX_3060,12,
pvt_v2_b5,64,64,fp32,130.93324279785156,False,NVIDIA_GeForce_RTX_3060,12,
pvt_v2_b5,128,16,bf16,75.97457885742188,False,NVIDIA_GeForce_RTX_3060,12,
pvt_v2_b5,128,16,fp16,76.727294921875,False,NVIDIA_GeForce_RTX_3060,12,
pvt_v2_b5,128,16,fp32,121.3704833984375,False,NVIDIA_GeForce_RTX_3060,12,
pvt_v2_b5,128,32,bf16,122.4826202392578,False,NVIDIA_GeForce_RTX_3060,12,
pvt_v2_b5,128,32,fp16,124.27366638183594,False,NVIDIA_GeForce_RTX_3060,12,
pvt_v2_b5,128,32,fp32,209.1016540527344,False,NVIDIA_GeForce_RTX_3060,12,
pvt_v2_b5,128,64,bf16,209.62405395507807,False,NVIDIA_GeForce_RTX_3060,12,
pvt_v2_b5,128,64,fp16,211.2901153564453,False,NVIDIA_GeForce_RTX_3060,12,
pvt_v2_b5,128,64,fp32,374.0471496582031,False,NVIDIA_GeForce_RTX_3060,12,
pvt_v2_b5,224,16,bf16,171.6822967529297,False,NVIDIA_GeForce_RTX_3060,12,
pvt_v2_b5,224,16,fp16,173.70407104492188,False,NVIDIA_GeForce_RTX_3060,12,
pvt_v2_b5,224,16,fp32,305.6199645996094,False,NVIDIA_GeForce_RTX_3060,12,
pvt_v2_b5,224,32,bf16,294.9580383300781,False,NVIDIA_GeForce_RTX_3060,12,
pvt_v2_b5,224,32,fp16,294.4931945800781,False,NVIDIA_GeForce_RTX_3060,12,
pvt_v2_b5,224,32,fp32,,True,NVIDIA_GeForce_RTX_3060,12,
pvt_v2_b5,224,64,bf16,,True,NVIDIA_GeForce_RTX_3060,12,
pvt_v2_b5,224,64,fp16,,True,NVIDIA_GeForce_RTX_3060,12,
pvt_v2_b5,224,64,fp32,,True,NVIDIA_GeForce_RTX_3060,12,
regnety_032,64,16,bf16,16.000320434570312,False,NVIDIA_GeForce_RTX_3060,12,
regnety_032,64,16,fp16,15.154687881469728,False,NVIDIA_GeForce_RTX_3060,12,
regnety_032,64,16,fp32,25.746400833129883,False,NVIDIA_GeForce_RTX_3060,12,
regnety_032,64,32,bf16,21.856767654418945,False,NVIDIA_GeForce_RTX_3060,12,
regnety_032,64,32,fp16,19.923280715942383,False,NVIDIA_GeForce_RTX_3060,12,
regnety_032,64,32,fp32,40.48947143554688,False,NVIDIA_GeForce_RTX_3060,12,
regnety_032,64,64,bf16,34.51852798461914,False,NVIDIA_GeForce_RTX_3060,12,
regnety_032,64,64,fp16,30.26892852783203,False,NVIDIA_GeForce_RTX_3060,12,
regnety_032,64,64,fp32,59.65216064453125,False,NVIDIA_GeForce_RTX_3060,12,
regnety_032,128,16,bf16,29.420032501220703,False,NVIDIA_GeForce_RTX_3060,12,
regnety_032,128,16,fp16,26.54515266418457,False,NVIDIA_GeForce_RTX_3060,12,
regnety_032,128,16,fp32,51.20455932617188,False,NVIDIA_GeForce_RTX_3060,12,
regnety_032,128,32,bf16,48.85606384277344,False,NVIDIA_GeForce_RTX_3060,12,
regnety_032,128,32,fp16,43.40377426147461,False,NVIDIA_GeForce_RTX_3060,12,
regnety_032,128,32,fp32,93.10758209228516,False,NVIDIA_GeForce_RTX_3060,12,
regnety_032,128,64,bf16,89.3065414428711,False,NVIDIA_GeForce_RTX_3060,12,
regnety_032,128,64,fp16,78.05535888671875,False,NVIDIA_GeForce_RTX_3060,12,
regnety_032,128,64,fp32,138.1596221923828,False,NVIDIA_GeForce_RTX_3060,12,
regnety_032,224,16,bf16,72.06963348388672,False,NVIDIA_GeForce_RTX_3060,12,
regnety_032,224,16,fp16,61.88595199584961,False,NVIDIA_GeForce_RTX_3060,12,
regnety_032,224,16,fp32,142.0190887451172,False,NVIDIA_GeForce_RTX_3060,12,
regnety_032,224,32,bf16,130.31680297851562,False,NVIDIA_GeForce_RTX_3060,12,
regnety_032,224,32,fp16,112.0255355834961,False,NVIDIA_GeForce_RTX_3060,12,
regnety_032,224,32,fp32,217.12841796875,False,NVIDIA_GeForce_RTX_3060,12,
regnety_032,224,64,bf16,249.5667266845703,False,NVIDIA_GeForce_RTX_3060,12,
regnety_032,224,64,fp16,211.49594116210935,False,NVIDIA_GeForce_RTX_3060,12,
regnety_032,224,64,fp32,421.2771911621094,False,NVIDIA_GeForce_RTX_3060,12,
regnety_080,64,16,bf16,31.00526428222656,False,NVIDIA_GeForce_RTX_3060,12,
regnety_080,64,16,fp16,30.89254379272461,False,NVIDIA_GeForce_RTX_3060,12,
regnety_080,64,16,fp32,46.834110260009766,False,NVIDIA_GeForce_RTX_3060,12,
regnety_080,64,32,bf16,49.43257522583008,False,NVIDIA_GeForce_RTX_3060,12,
regnety_080,64,32,fp16,48.4766731262207,False,NVIDIA_GeForce_RTX_3060,12,
regnety_080,64,32,fp32,61.4021110534668,False,NVIDIA_GeForce_RTX_3060,12,
regnety_080,64,64,bf16,47.1464958190918,False,NVIDIA_GeForce_RTX_3060,12,
regnety_080,64,64,fp16,45.09235382080078,False,NVIDIA_GeForce_RTX_3060,12,
regnety_080,64,64,fp32,81.88422393798828,False,NVIDIA_GeForce_RTX_3060,12,
regnety_080,128,16,bf16,42.24204635620117,False,NVIDIA_GeForce_RTX_3060,12,
regnety_080,128,16,fp16,40.34611129760742,False,NVIDIA_GeForce_RTX_3060,12,
regnety_080,128,16,fp32,79.70098876953125,False,NVIDIA_GeForce_RTX_3060,12,
regnety_080,128,32,bf16,71.51769256591797,False,NVIDIA_GeForce_RTX_3060,12,
regnety_080,128,32,fp16,67.88142395019531,False,NVIDIA_GeForce_RTX_3060,12,
regnety_080,128,32,fp32,126.28224182128906,False,NVIDIA_GeForce_RTX_3060,12,
regnety_080,128,64,bf16,126.66822052001952,False,NVIDIA_GeForce_RTX_3060,12,
regnety_080,128,64,fp16,120.10686492919922,False,NVIDIA_GeForce_RTX_3060,12,
regnety_080,128,64,fp32,236.7843017578125,False,NVIDIA_GeForce_RTX_3060,12,
regnety_080,224,16,bf16,110.09490966796876,False,NVIDIA_GeForce_RTX_3060,12,
regnety_080,224,16,fp16,103.68313598632812,False,NVIDIA_GeForce_RTX_3060,12,
regnety_080,224,16,fp32,227.00169372558597,False,NVIDIA_GeForce_RTX_3060,12,
regnety_080,224,32,bf16,192.42189025878903,False,NVIDIA_GeForce_RTX_3060,12,
regnety_080,224,32,fp16,178.3857879638672,False,NVIDIA_GeForce_RTX_3060,12,
regnety_080,224,32,fp32,337.65484619140625,False,NVIDIA_GeForce_RTX_3060,12,
regnety_080,224,64,bf16,372.14105224609375,False,NVIDIA_GeForce_RTX_3060,12,
regnety_080,224,64,fp16,348.80975341796875,False,NVIDIA_GeForce_RTX_3060,12,
regnety_080,224,64,fp32,,True,NVIDIA_GeForce_RTX_3060,12,
regnety_160,64,16,bf16,166.5925750732422,False,NVIDIA_GeForce_RTX_3060,12,
regnety_160,64,16,fp16,173.34527587890625,False,NVIDIA_GeForce_RTX_3060,12,
regnety_160,64,16,fp32,65.89746856689453,False,NVIDIA_GeForce_RTX_3060,12,
regnety_160,64,32,bf16,296.31744384765625,False,NVIDIA_GeForce_RTX_3060,12,slow_outlier
regnety_160,64,32,fp16,298.7980651855469,False,NVIDIA_GeForce_RTX_3060,12,slow_outlier
regnety_160,64,32,fp32,105.36077117919922,False,NVIDIA_GeForce_RTX_3060,12,
regnety_160,64,64,bf16,502.6642150878906,False,NVIDIA_GeForce_RTX_3060,12,slow_outlier
regnety_160,64,64,fp16,505.0711059570313,False,NVIDIA_GeForce_RTX_3060,12,slow_outlier
regnety_160,64,64,fp32,166.16842651367188,False,NVIDIA_GeForce_RTX_3060,12,
regnety_160,128,16,bf16,183.7393951416016,False,NVIDIA_GeForce_RTX_3060,12,
regnety_160,128,16,fp16,184.5816345214844,False,NVIDIA_GeForce_RTX_3060,12,
regnety_160,128,16,fp32,119.24310302734376,False,NVIDIA_GeForce_RTX_3060,12,
regnety_160,128,32,bf16,342.4183654785156,False,NVIDIA_GeForce_RTX_3060,12,
regnety_160,128,32,fp16,359.8771057128906,False,NVIDIA_GeForce_RTX_3060,12,
regnety_160,128,32,fp32,220.76535034179688,False,NVIDIA_GeForce_RTX_3060,12,
regnety_160,128,64,bf16,206.6992034912109,False,NVIDIA_GeForce_RTX_3060,12,
regnety_160,128,64,fp16,200.56236267089844,False,NVIDIA_GeForce_RTX_3060,12,
regnety_160,128,64,fp32,414.5186767578125,False,NVIDIA_GeForce_RTX_3060,12,
regnety_160,224,16,bf16,275.3783264160156,False,NVIDIA_GeForce_RTX_3060,12,
regnety_160,224,16,fp16,267.6196594238281,False,NVIDIA_GeForce_RTX_3060,12,
regnety_160,224,16,fp32,328.7782287597656,False,NVIDIA_GeForce_RTX_3060,12,
regnety_160,224,32,bf16,306.9936828613281,False,NVIDIA_GeForce_RTX_3060,12,
regnety_160,224,32,fp16,289.4320678710937,False,NVIDIA_GeForce_RTX_3060,12,
regnety_160,224,32,fp32,756.1318359375,False,NVIDIA_GeForce_RTX_3060,12,
regnety_160,224,64,bf16,595.0547485351562,False,NVIDIA_GeForce_RTX_3060,12,
regnety_160,224,64,fp16,608.0858764648438,False,NVIDIA_GeForce_RTX_3060,12,
regnety_160,224,64,fp32,,True,NVIDIA_GeForce_RTX_3060,12,
regnety_320,64,16,bf16,69.4389419555664,False,NVIDIA_GeForce_RTX_3060,12,
regnety_320,64,16,fp16,82.07257843017578,False,NVIDIA_GeForce_RTX_3060,12,
regnety_320,64,16,fp32,92.8389129638672,False,NVIDIA_GeForce_RTX_3060,12,
regnety_320,64,32,bf16,86.00440216064453,False,NVIDIA_GeForce_RTX_3060,12,
regnety_320,64,32,fp16,86.07488250732422,False,NVIDIA_GeForce_RTX_3060,12,
regnety_320,64,32,fp32,144.93238830566406,False,NVIDIA_GeForce_RTX_3060,12,
regnety_320,64,64,bf16,128.80128479003906,False,NVIDIA_GeForce_RTX_3060,12,
regnety_320,64,64,fp16,133.67295837402344,False,NVIDIA_GeForce_RTX_3060,12,
regnety_320,64,64,fp32,229.37548828125,False,NVIDIA_GeForce_RTX_3060,12,
regnety_320,128,16,bf16,117.43192291259766,False,NVIDIA_GeForce_RTX_3060,12,
regnety_320,128,16,fp16,111.75065612792967,False,NVIDIA_GeForce_RTX_3060,12,
regnety_320,128,16,fp32,180.6975250244141,False,NVIDIA_GeForce_RTX_3060,12,
regnety_320,128,32,bf16,189.49221801757807,False,NVIDIA_GeForce_RTX_3060,12,
regnety_320,128,32,fp16,180.34739685058597,False,NVIDIA_GeForce_RTX_3060,12,
regnety_320,128,32,fp32,319.7276306152344,False,NVIDIA_GeForce_RTX_3060,12,
regnety_320,128,64,bf16,335.46600341796875,False,NVIDIA_GeForce_RTX_3060,12,
regnety_320,128,64,fp16,317.98211669921875,False,NVIDIA_GeForce_RTX_3060,12,
regnety_320,128,64,fp32,595.2009887695312,False,NVIDIA_GeForce_RTX_3060,12,
regnety_320,224,16,bf16,274.6501159667969,False,NVIDIA_GeForce_RTX_3060,12,
regnety_320,224,16,fp16,259.5225524902344,False,NVIDIA_GeForce_RTX_3060,12,
regnety_320,224,16,fp32,469.0251159667969,False,NVIDIA_GeForce_RTX_3060,12,
regnety_320,224,32,bf16,501.04107666015625,False,NVIDIA_GeForce_RTX_3060,12,
regnety_320,224,32,fp16,473.6178894042969,False,NVIDIA_GeForce_RTX_3060,12,
regnety_320,224,32,fp32,,True,NVIDIA_GeForce_RTX_3060,12,
regnety_320,224,64,bf16,,True,NVIDIA_GeForce_RTX_3060,12,
regnety_320,224,64,fp16,,True,NVIDIA_GeForce_RTX_3060,12,
regnety_320,224,64,fp32,,True,NVIDIA_GeForce_RTX_3060,12,
repvgg_a2,64,16,bf16,14.47270393371582,False,NVIDIA_GeForce_RTX_3060,12,
repvgg_a2,64,16,fp16,14.049280166625977,False,NVIDIA_GeForce_RTX_3060,12,
repvgg_a2,64,16,fp32,16.853504180908203,False,NVIDIA_GeForce_RTX_3060,12,
repvgg_a2,64,32,bf16,18.99110412597656,False,NVIDIA_GeForce_RTX_3060,12,
repvgg_a2,64,32,fp16,17.970096588134766,False,NVIDIA_GeForce_RTX_3060,12,
repvgg_a2,64,32,fp32,23.51033592224121,False,NVIDIA_GeForce_RTX_3060,12,
repvgg_a2,64,64,bf16,28.179967880249023,False,NVIDIA_GeForce_RTX_3060,12,
repvgg_a2,64,64,fp16,26.84416007995605,False,NVIDIA_GeForce_RTX_3060,12,
repvgg_a2,64,64,fp32,36.35456085205078,False,NVIDIA_GeForce_RTX_3060,12,
repvgg_a2,128,16,bf16,24.43929672241211,False,NVIDIA_GeForce_RTX_3060,12,
repvgg_a2,128,16,fp16,23.14854431152344,False,NVIDIA_GeForce_RTX_3060,12,
repvgg_a2,128,16,fp32,34.336769104003906,False,NVIDIA_GeForce_RTX_3060,12,
repvgg_a2,128,32,bf16,40.2768783569336,False,NVIDIA_GeForce_RTX_3060,12,
repvgg_a2,128,32,fp16,37.74208068847656,False,NVIDIA_GeForce_RTX_3060,12,
repvgg_a2,128,32,fp32,59.90795135498047,False,NVIDIA_GeForce_RTX_3060,12,
repvgg_a2,128,64,bf16,70.0071029663086,False,NVIDIA_GeForce_RTX_3060,12,
repvgg_a2,128,64,fp16,64.98406219482422,False,NVIDIA_GeForce_RTX_3060,12,
repvgg_a2,128,64,fp32,118.38550567626952,False,NVIDIA_GeForce_RTX_3060,12,
repvgg_a2,224,16,bf16,55.05723190307617,False,NVIDIA_GeForce_RTX_3060,12,
repvgg_a2,224,16,fp16,51.06022262573242,False,NVIDIA_GeForce_RTX_3060,12,
repvgg_a2,224,16,fp32,88.33673858642578,False,NVIDIA_GeForce_RTX_3060,12,
repvgg_a2,224,32,bf16,104.2891845703125,False,NVIDIA_GeForce_RTX_3060,12,
repvgg_a2,224,32,fp16,96.17254638671876,False,NVIDIA_GeForce_RTX_3060,12,
repvgg_a2,224,32,fp32,176.06341552734375,False,NVIDIA_GeForce_RTX_3060,12,
repvgg_a2,224,64,bf16,187.4165802001953,False,NVIDIA_GeForce_RTX_3060,12,
repvgg_a2,224,64,fp16,172.6684112548828,False,NVIDIA_GeForce_RTX_3060,12,
repvgg_a2,224,64,fp32,329.4477844238281,False,NVIDIA_GeForce_RTX_3060,12,
resmlp_24_224,64,16,bf16,13.616127967834473,False,NVIDIA_GeForce_RTX_3060,12,
resmlp_24_224,64,16,fp16,12.92591953277588,False,NVIDIA_GeForce_RTX_3060,12,
resmlp_24_224,64,16,fp32,17.945087432861328,False,NVIDIA_GeForce_RTX_3060,12,
resmlp_24_224,64,32,bf16,17.957855224609375,False,NVIDIA_GeForce_RTX_3060,12,
resmlp_24_224,64,32,fp16,17.068544387817383,False,NVIDIA_GeForce_RTX_3060,12,
resmlp_24_224,64,32,fp32,26.32798385620117,False,NVIDIA_GeForce_RTX_3060,12,
resmlp_24_224,64,64,bf16,27.24710464477539,False,NVIDIA_GeForce_RTX_3060,12,
resmlp_24_224,64,64,fp16,27.47443199157715,False,NVIDIA_GeForce_RTX_3060,12,
resmlp_24_224,64,64,fp32,44.59571075439453,False,NVIDIA_GeForce_RTX_3060,12,
resmlp_24_224,128,16,bf16,27.441503524780277,False,NVIDIA_GeForce_RTX_3060,12,
resmlp_24_224,128,16,fp16,27.669343948364254,False,NVIDIA_GeForce_RTX_3060,12,
resmlp_24_224,128,16,fp32,44.51724624633789,False,NVIDIA_GeForce_RTX_3060,12,
resmlp_24_224,128,32,bf16,45.04422378540039,False,NVIDIA_GeForce_RTX_3060,12,
resmlp_24_224,128,32,fp16,45.36422348022461,False,NVIDIA_GeForce_RTX_3060,12,
resmlp_24_224,128,32,fp32,79.55967712402344,False,NVIDIA_GeForce_RTX_3060,12,
resmlp_24_224,128,64,bf16,81.76486206054688,False,NVIDIA_GeForce_RTX_3060,12,
resmlp_24_224,128,64,fp16,83.37407684326172,False,NVIDIA_GeForce_RTX_3060,12,
resmlp_24_224,128,64,fp32,149.91494750976562,False,NVIDIA_GeForce_RTX_3060,12,
resmlp_24_224,224,16,bf16,67.65414428710938,False,NVIDIA_GeForce_RTX_3060,12,
resmlp_24_224,224,16,fp16,69.64070129394531,False,NVIDIA_GeForce_RTX_3060,12,
resmlp_24_224,224,16,fp32,123.49696350097656,False,NVIDIA_GeForce_RTX_3060,12,
resmlp_24_224,224,32,bf16,124.2772445678711,False,NVIDIA_GeForce_RTX_3060,12,
resmlp_24_224,224,32,fp16,121.92511749267578,False,NVIDIA_GeForce_RTX_3060,12,
resmlp_24_224,224,32,fp32,232.8744964599609,False,NVIDIA_GeForce_RTX_3060,12,
resmlp_24_224,224,64,bf16,233.13766479492188,False,NVIDIA_GeForce_RTX_3060,12,
resmlp_24_224,224,64,fp16,228.38525390625,False,NVIDIA_GeForce_RTX_3060,12,
resmlp_24_224,224,64,fp32,450.3648071289063,False,NVIDIA_GeForce_RTX_3060,12,
resnet101,64,16,bf16,27.112960815429688,False,NVIDIA_GeForce_RTX_3060,12,
resnet101,64,16,fp16,26.117631912231445,False,NVIDIA_GeForce_RTX_3060,12,
resnet101,64,16,fp32,37.3043212890625,False,NVIDIA_GeForce_RTX_3060,12,
resnet101,64,32,bf16,36.72966384887695,False,NVIDIA_GeForce_RTX_3060,12,
resnet101,64,32,fp16,34.24143981933594,False,NVIDIA_GeForce_RTX_3060,12,
resnet101,64,32,fp32,48.13926315307617,False,NVIDIA_GeForce_RTX_3060,12,
resnet101,64,64,bf16,47.49107360839844,False,NVIDIA_GeForce_RTX_3060,12,
resnet101,64,64,fp16,41.64556884765625,False,NVIDIA_GeForce_RTX_3060,12,
resnet101,64,64,fp32,74.47347259521484,False,NVIDIA_GeForce_RTX_3060,12,
resnet101,128,16,bf16,40.86118316650391,False,NVIDIA_GeForce_RTX_3060,12,
resnet101,128,16,fp16,38.034942626953125,False,NVIDIA_GeForce_RTX_3060,12,
resnet101,128,16,fp32,61.45792007446289,False,NVIDIA_GeForce_RTX_3060,12,
resnet101,128,32,bf16,66.45760345458984,False,NVIDIA_GeForce_RTX_3060,12,
resnet101,128,32,fp16,61.121360778808594,False,NVIDIA_GeForce_RTX_3060,12,
resnet101,128,32,fp32,104.96205139160156,False,NVIDIA_GeForce_RTX_3060,12,
resnet101,128,64,bf16,115.42118072509766,False,NVIDIA_GeForce_RTX_3060,12,
resnet101,128,64,fp16,105.0403823852539,False,NVIDIA_GeForce_RTX_3060,12,
resnet101,128,64,fp32,186.2993927001953,False,NVIDIA_GeForce_RTX_3060,12,
resnet101,224,16,bf16,93.13324737548828,False,NVIDIA_GeForce_RTX_3060,12,
resnet101,224,16,fp16,85.23622131347656,False,NVIDIA_GeForce_RTX_3060,12,
resnet101,224,16,fp32,149.6498260498047,False,NVIDIA_GeForce_RTX_3060,12,
resnet101,224,32,bf16,168.7403564453125,False,NVIDIA_GeForce_RTX_3060,12,
resnet101,224,32,fp16,152.54415893554688,False,NVIDIA_GeForce_RTX_3060,12,
resnet101,224,32,fp32,284.1850891113281,False,NVIDIA_GeForce_RTX_3060,12,
resnet101,224,64,bf16,320.7140808105469,False,NVIDIA_GeForce_RTX_3060,12,
resnet101,224,64,fp16,289.94049072265625,False,NVIDIA_GeForce_RTX_3060,12,
resnet101,224,64,fp32,558.2329711914062,False,NVIDIA_GeForce_RTX_3060,12,
resnet152,64,16,bf16,38.46742248535156,False,NVIDIA_GeForce_RTX_3060,12,
resnet152,64,16,fp16,37.15363311767578,False,NVIDIA_GeForce_RTX_3060,12,
resnet152,64,16,fp32,53.18859100341797,False,NVIDIA_GeForce_RTX_3060,12,
resnet152,64,32,bf16,52.674049377441406,False,NVIDIA_GeForce_RTX_3060,12,
resnet152,64,32,fp16,49.30039978027344,False,NVIDIA_GeForce_RTX_3060,12,
resnet152,64,32,fp32,67.5630111694336,False,NVIDIA_GeForce_RTX_3060,12,
resnet152,64,64,bf16,66.65471649169922,False,NVIDIA_GeForce_RTX_3060,12,
resnet152,64,64,fp16,58.819583892822266,False,NVIDIA_GeForce_RTX_3060,12,
resnet152,64,64,fp32,104.55596923828124,False,NVIDIA_GeForce_RTX_3060,12,
resnet152,128,16,bf16,57.71110534667969,False,NVIDIA_GeForce_RTX_3060,12,
resnet152,128,16,fp16,54.01599884033203,False,NVIDIA_GeForce_RTX_3060,12,
resnet152,128,16,fp32,86.45069122314453,False,NVIDIA_GeForce_RTX_3060,12,
resnet152,128,32,bf16,94.26073455810548,False,NVIDIA_GeForce_RTX_3060,12,
resnet152,128,32,fp16,87.03323364257812,False,NVIDIA_GeForce_RTX_3060,12,
resnet152,128,32,fp32,149.00633239746094,False,NVIDIA_GeForce_RTX_3060,12,
resnet152,128,64,bf16,163.68739318847656,False,NVIDIA_GeForce_RTX_3060,12,
resnet152,128,64,fp16,149.24237060546875,False,NVIDIA_GeForce_RTX_3060,12,
resnet152,128,64,fp32,265.1646728515625,False,NVIDIA_GeForce_RTX_3060,12,
resnet152,224,16,bf16,132.2255401611328,False,NVIDIA_GeForce_RTX_3060,12,
resnet152,224,16,fp16,121.2147979736328,False,NVIDIA_GeForce_RTX_3060,12,
resnet152,224,16,fp32,213.8751983642578,False,NVIDIA_GeForce_RTX_3060,12,
resnet152,224,32,bf16,239.8935089111328,False,NVIDIA_GeForce_RTX_3060,12,
resnet152,224,32,fp16,216.94248962402344,False,NVIDIA_GeForce_RTX_3060,12,
resnet152,224,32,fp32,407.1930847167969,False,NVIDIA_GeForce_RTX_3060,12,
resnet152,224,64,bf16,454.9763488769531,False,NVIDIA_GeForce_RTX_3060,12,
resnet152,224,64,fp16,412.495849609375,False,NVIDIA_GeForce_RTX_3060,12,
resnet152,224,64,fp32,,True,NVIDIA_GeForce_RTX_3060,12,
resnet18,64,16,bf16,5.708640098571777,False,NVIDIA_GeForce_RTX_3060,12,
resnet18,64,16,fp16,5.539840221405029,False,NVIDIA_GeForce_RTX_3060,12,
resnet18,64,16,fp32,6.376448154449463,False,NVIDIA_GeForce_RTX_3060,12,
resnet18,64,32,bf16,7.342591762542725,False,NVIDIA_GeForce_RTX_3060,12,
resnet18,64,32,fp16,7.021056175231934,False,NVIDIA_GeForce_RTX_3060,12,
resnet18,64,32,fp32,8.992256164550781,False,NVIDIA_GeForce_RTX_3060,12,
resnet18,64,64,bf16,10.347519874572754,False,NVIDIA_GeForce_RTX_3060,12,
resnet18,64,64,fp16,9.64352035522461,False,NVIDIA_GeForce_RTX_3060,12,
resnet18,64,64,fp32,13.890048027038574,False,NVIDIA_GeForce_RTX_3060,12,
resnet18,128,16,bf16,9.73153591156006,False,NVIDIA_GeForce_RTX_3060,12,
resnet18,128,16,fp16,9.315664291381836,False,NVIDIA_GeForce_RTX_3060,12,
resnet18,128,16,fp32,13.412351608276367,False,NVIDIA_GeForce_RTX_3060,12,
resnet18,128,32,bf16,15.66156768798828,False,NVIDIA_GeForce_RTX_3060,12,
resnet18,128,32,fp16,14.652336120605469,False,NVIDIA_GeForce_RTX_3060,12,
resnet18,128,32,fp32,22.505983352661133,False,NVIDIA_GeForce_RTX_3060,12,
resnet18,128,64,bf16,26.61923217773437,False,NVIDIA_GeForce_RTX_3060,12,
resnet18,128,64,fp16,24.678911209106445,False,NVIDIA_GeForce_RTX_3060,12,
resnet18,128,64,fp32,40.447486877441406,False,NVIDIA_GeForce_RTX_3060,12,
resnet18,224,16,bf16,21.025279998779297,False,NVIDIA_GeForce_RTX_3060,12,
resnet18,224,16,fp16,19.495424270629883,False,NVIDIA_GeForce_RTX_3060,12,
resnet18,224,16,fp32,31.540719985961918,False,NVIDIA_GeForce_RTX_3060,12,
resnet18,224,32,bf16,37.59872055053711,False,NVIDIA_GeForce_RTX_3060,12,
resnet18,224,32,fp16,34.4796142578125,False,NVIDIA_GeForce_RTX_3060,12,
resnet18,224,32,fp32,59.5676155090332,False,NVIDIA_GeForce_RTX_3060,12,
resnet18,224,64,bf16,71.43319702148438,False,NVIDIA_GeForce_RTX_3060,12,
resnet18,224,64,fp16,65.71871948242188,False,NVIDIA_GeForce_RTX_3060,12,
resnet18,224,64,fp32,115.5869598388672,False,NVIDIA_GeForce_RTX_3060,12,
resnet200,64,16,bf16,44.99967956542969,False,NVIDIA_GeForce_RTX_3060,12,
resnet200,64,16,fp16,43.19948959350586,False,NVIDIA_GeForce_RTX_3060,12,
resnet200,64,16,fp32,62.04355239868164,False,NVIDIA_GeForce_RTX_3060,12,
resnet200,64,32,bf16,63.35078430175781,False,NVIDIA_GeForce_RTX_3060,12,
resnet200,64,32,fp16,58.99673461914063,False,NVIDIA_GeForce_RTX_3060,12,
resnet200,64,32,fp32,82.25945281982422,False,NVIDIA_GeForce_RTX_3060,12,
resnet200,64,64,bf16,82.88563537597656,False,NVIDIA_GeForce_RTX_3060,12,
resnet200,64,64,fp16,73.52521514892578,False,NVIDIA_GeForce_RTX_3060,12,
resnet200,64,64,fp32,130.32960510253906,False,NVIDIA_GeForce_RTX_3060,12,
resnet200,128,16,bf16,74.00192260742188,False,NVIDIA_GeForce_RTX_3060,12,
resnet200,128,16,fp16,68.95616149902344,False,NVIDIA_GeForce_RTX_3060,12,
resnet200,128,16,fp32,110.23502349853516,False,NVIDIA_GeForce_RTX_3060,12,
resnet200,128,32,bf16,124.06065368652344,False,NVIDIA_GeForce_RTX_3060,12,
resnet200,128,32,fp16,114.13452911376952,False,NVIDIA_GeForce_RTX_3060,12,
resnet200,128,32,fp32,195.4851837158203,False,NVIDIA_GeForce_RTX_3060,12,
resnet200,128,64,bf16,218.5374755859375,False,NVIDIA_GeForce_RTX_3060,12,
resnet200,128,64,fp16,197.538818359375,False,NVIDIA_GeForce_RTX_3060,12,
resnet200,128,64,fp32,354.9020080566406,False,NVIDIA_GeForce_RTX_3060,12,
resnet200,224,16,bf16,174.06617736816406,False,NVIDIA_GeForce_RTX_3060,12,
resnet200,224,16,fp16,158.108154296875,False,NVIDIA_GeForce_RTX_3060,12,
resnet200,224,16,fp32,284.3197326660156,False,NVIDIA_GeForce_RTX_3060,12,
resnet200,224,32,bf16,317.7241516113281,False,NVIDIA_GeForce_RTX_3060,12,
resnet200,224,32,fp16,284.13592529296875,False,NVIDIA_GeForce_RTX_3060,12,
resnet200,224,32,fp32,544.9600219726562,False,NVIDIA_GeForce_RTX_3060,12,
resnet200,224,64,bf16,607.916015625,False,NVIDIA_GeForce_RTX_3060,12,
resnet200,224,64,fp16,554.9921264648438,False,NVIDIA_GeForce_RTX_3060,12,
resnet200,224,64,fp32,,True,NVIDIA_GeForce_RTX_3060,12,
resnet50,64,16,bf16,14.264320373535156,False,NVIDIA_GeForce_RTX_3060,12,
resnet50,64,16,fp16,13.536767959594728,False,NVIDIA_GeForce_RTX_3060,12,
resnet50,64,16,fp32,19.193344116210938,False,NVIDIA_GeForce_RTX_3060,12,
resnet50,64,32,bf16,19.479040145874023,False,NVIDIA_GeForce_RTX_3060,12,
resnet50,64,32,fp16,17.799503326416016,False,NVIDIA_GeForce_RTX_3060,12,
resnet50,64,32,fp32,27.63092803955078,False,NVIDIA_GeForce_RTX_3060,12,
resnet50,64,64,bf16,27.85521507263184,False,NVIDIA_GeForce_RTX_3060,12,
resnet50,64,64,fp16,24.07577514648437,False,NVIDIA_GeForce_RTX_3060,12,
resnet50,64,64,fp32,43.72531127929688,False,NVIDIA_GeForce_RTX_3060,12,
resnet50,128,16,bf16,24.138240814208984,False,NVIDIA_GeForce_RTX_3060,12,
resnet50,128,16,fp16,22.12454414367676,False,NVIDIA_GeForce_RTX_3060,12,
resnet50,128,16,fp32,36.7380485534668,False,NVIDIA_GeForce_RTX_3060,12,
resnet50,128,32,bf16,39.8740463256836,False,NVIDIA_GeForce_RTX_3060,12,
resnet50,128,32,fp16,36.1077766418457,False,NVIDIA_GeForce_RTX_3060,12,
resnet50,128,32,fp32,62.52953720092773,False,NVIDIA_GeForce_RTX_3060,12,
resnet50,128,64,bf16,70.26779174804688,False,NVIDIA_GeForce_RTX_3060,12,
resnet50,128,64,fp16,63.08710479736328,False,NVIDIA_GeForce_RTX_3060,12,
resnet50,128,64,fp32,112.51644897460938,False,NVIDIA_GeForce_RTX_3060,12,
resnet50,224,16,bf16,55.69023895263672,False,NVIDIA_GeForce_RTX_3060,12,
resnet50,224,16,fp16,50.20451354980469,False,NVIDIA_GeForce_RTX_3060,12,
resnet50,224,16,fp32,88.82637023925781,False,NVIDIA_GeForce_RTX_3060,12,
resnet50,224,32,bf16,100.87407684326172,False,NVIDIA_GeForce_RTX_3060,12,
resnet50,224,32,fp16,90.0869140625,False,NVIDIA_GeForce_RTX_3060,12,
resnet50,224,32,fp32,168.41873168945312,False,NVIDIA_GeForce_RTX_3060,12,
resnet50,224,64,bf16,193.1990966796875,False,NVIDIA_GeForce_RTX_3060,12,
resnet50,224,64,fp16,174.81983947753906,False,NVIDIA_GeForce_RTX_3060,12,
resnet50,224,64,fp32,328.9825134277344,False,NVIDIA_GeForce_RTX_3060,12,
resnext101_64x4d,64,16,bf16,41.63118362426758,False,NVIDIA_GeForce_RTX_3060,12,
resnext101_64x4d,64,16,fp16,40.07059097290039,False,NVIDIA_GeForce_RTX_3060,12,
resnext101_64x4d,64,16,fp32,89.00543975830078,False,NVIDIA_GeForce_RTX_3060,12,
resnext101_64x4d,64,32,bf16,54.313472747802734,False,NVIDIA_GeForce_RTX_3060,12,
resnext101_64x4d,64,32,fp16,50.84364700317383,False,NVIDIA_GeForce_RTX_3060,12,
resnext101_64x4d,64,32,fp32,116.65817260742188,False,NVIDIA_GeForce_RTX_3060,12,
resnext101_64x4d,64,64,bf16,83.34591674804688,False,NVIDIA_GeForce_RTX_3060,12,
resnext101_64x4d,64,64,fp16,73.89065551757812,False,NVIDIA_GeForce_RTX_3060,12,
resnext101_64x4d,64,64,fp32,189.2720642089844,False,NVIDIA_GeForce_RTX_3060,12,
resnext101_64x4d,128,16,bf16,72.61286163330078,False,NVIDIA_GeForce_RTX_3060,12,
resnext101_64x4d,128,16,fp16,67.81388854980469,False,NVIDIA_GeForce_RTX_3060,12,
resnext101_64x4d,128,16,fp32,148.52081298828125,False,NVIDIA_GeForce_RTX_3060,12,
resnext101_64x4d,128,32,bf16,120.15821075439452,False,NVIDIA_GeForce_RTX_3060,12,
resnext101_64x4d,128,32,fp16,112.97126770019533,False,NVIDIA_GeForce_RTX_3060,12,
resnext101_64x4d,128,32,fp32,239.0868988037109,False,NVIDIA_GeForce_RTX_3060,12,
resnext101_64x4d,128,64,bf16,214.0251617431641,False,NVIDIA_GeForce_RTX_3060,12,
resnext101_64x4d,128,64,fp16,200.60671997070312,False,NVIDIA_GeForce_RTX_3060,12,
resnext101_64x4d,128,64,fp32,413.3161010742188,False,NVIDIA_GeForce_RTX_3060,12,
resnext101_64x4d,224,16,bf16,182.08154296875,False,NVIDIA_GeForce_RTX_3060,12,
resnext101_64x4d,224,16,fp16,166.1342010498047,False,NVIDIA_GeForce_RTX_3060,12,
resnext101_64x4d,224,16,fp32,339.4989929199219,False,NVIDIA_GeForce_RTX_3060,12,
resnext101_64x4d,224,32,bf16,337.3434753417969,False,NVIDIA_GeForce_RTX_3060,12,
resnext101_64x4d,224,32,fp16,314.9506225585937,False,NVIDIA_GeForce_RTX_3060,12,
resnext101_64x4d,224,32,fp32,634.8604736328125,False,NVIDIA_GeForce_RTX_3060,12,
resnext101_64x4d,224,64,bf16,655.6973876953125,False,NVIDIA_GeForce_RTX_3060,12,
resnext101_64x4d,224,64,fp16,674.0003662109375,False,NVIDIA_GeForce_RTX_3060,12,
resnext101_64x4d,224,64,fp32,,True,NVIDIA_GeForce_RTX_3060,12,
resnext50_32x4d,64,16,bf16,14.219776153564451,False,NVIDIA_GeForce_RTX_3060,12,
resnext50_32x4d,64,16,fp16,13.317631721496582,False,NVIDIA_GeForce_RTX_3060,12,
resnext50_32x4d,64,16,fp32,24.870399475097656,False,NVIDIA_GeForce_RTX_3060,12,
resnext50_32x4d,64,32,bf16,19.43603134155273,False,NVIDIA_GeForce_RTX_3060,12,
resnext50_32x4d,64,32,fp16,17.53241539001465,False,NVIDIA_GeForce_RTX_3060,12,
resnext50_32x4d,64,32,fp32,36.90342330932617,False,NVIDIA_GeForce_RTX_3060,12,
resnext50_32x4d,64,64,bf16,31.25145530700684,False,NVIDIA_GeForce_RTX_3060,12,
resnext50_32x4d,64,64,fp16,26.828144073486328,False,NVIDIA_GeForce_RTX_3060,12,
resnext50_32x4d,64,64,fp32,58.44060897827149,False,NVIDIA_GeForce_RTX_3060,12,
resnext50_32x4d,128,16,bf16,26.963455200195312,False,NVIDIA_GeForce_RTX_3060,12,
resnext50_32x4d,128,16,fp16,24.136703491210938,False,NVIDIA_GeForce_RTX_3060,12,
resnext50_32x4d,128,16,fp32,44.38312149047852,False,NVIDIA_GeForce_RTX_3060,12,
resnext50_32x4d,128,32,bf16,44.93619155883789,False,NVIDIA_GeForce_RTX_3060,12,
resnext50_32x4d,128,32,fp16,40.60313415527344,False,NVIDIA_GeForce_RTX_3060,12,
resnext50_32x4d,128,32,fp32,80.77362823486328,False,NVIDIA_GeForce_RTX_3060,12,
resnext50_32x4d,128,64,bf16,81.75718688964844,False,NVIDIA_GeForce_RTX_3060,12,
resnext50_32x4d,128,64,fp16,73.38846588134766,False,NVIDIA_GeForce_RTX_3060,12,
resnext50_32x4d,128,64,fp32,145.80581665039062,False,NVIDIA_GeForce_RTX_3060,12,
resnext50_32x4d,224,16,bf16,68.47026824951172,False,NVIDIA_GeForce_RTX_3060,12,
resnext50_32x4d,224,16,fp16,60.571136474609375,False,NVIDIA_GeForce_RTX_3060,12,
resnext50_32x4d,224,16,fp32,115.3966064453125,False,NVIDIA_GeForce_RTX_3060,12,
resnext50_32x4d,224,32,bf16,121.79657745361328,False,NVIDIA_GeForce_RTX_3060,12,
resnext50_32x4d,224,32,fp16,108.78668975830078,False,NVIDIA_GeForce_RTX_3060,12,
resnext50_32x4d,224,32,fp32,222.5556488037109,False,NVIDIA_GeForce_RTX_3060,12,
resnext50_32x4d,224,64,bf16,235.26144409179688,False,NVIDIA_GeForce_RTX_3060,12,
resnext50_32x4d,224,64,fp16,213.1838531494141,False,NVIDIA_GeForce_RTX_3060,12,
resnext50_32x4d,224,64,fp32,437.5439453125,False,NVIDIA_GeForce_RTX_3060,12,
swin_base_patch4_window7_224,64,16,bf16,36.07646560668945,False,NVIDIA_GeForce_RTX_3060,12,
swin_base_patch4_window7_224,64,16,fp16,35.28704071044922,False,NVIDIA_GeForce_RTX_3060,12,
swin_base_patch4_window7_224,64,16,fp32,50.76163101196289,False,NVIDIA_GeForce_RTX_3060,12,
swin_base_patch4_window7_224,64,32,bf16,49.05369567871094,False,NVIDIA_GeForce_RTX_3060,12,
swin_base_patch4_window7_224,64,32,fp16,47.514625549316406,False,NVIDIA_GeForce_RTX_3060,12,
swin_base_patch4_window7_224,64,32,fp32,80.38963317871094,False,NVIDIA_GeForce_RTX_3060,12,
swin_base_patch4_window7_224,64,64,bf16,74.56143951416016,False,NVIDIA_GeForce_RTX_3060,12,
swin_base_patch4_window7_224,64,64,fp16,74.27481842041016,False,NVIDIA_GeForce_RTX_3060,12,
swin_base_patch4_window7_224,64,64,fp32,142.5545654296875,False,NVIDIA_GeForce_RTX_3060,12,
swin_base_patch4_window7_224,128,16,bf16,102.20832061767578,False,NVIDIA_GeForce_RTX_3060,12,
swin_base_patch4_window7_224,128,16,fp16,101.54019165039062,False,NVIDIA_GeForce_RTX_3060,12,
swin_base_patch4_window7_224,128,16,fp32,199.6728363037109,False,NVIDIA_GeForce_RTX_3060,12,
swin_base_patch4_window7_224,128,32,bf16,180.03916931152344,False,NVIDIA_GeForce_RTX_3060,12,
swin_base_patch4_window7_224,128,32,fp16,177.6302032470703,False,NVIDIA_GeForce_RTX_3060,12,
swin_base_patch4_window7_224,128,32,fp32,375.2437744140625,False,NVIDIA_GeForce_RTX_3060,12,
swin_base_patch4_window7_224,128,64,bf16,333.8915710449219,False,NVIDIA_GeForce_RTX_3060,12,
swin_base_patch4_window7_224,128,64,fp16,328.0133056640625,False,NVIDIA_GeForce_RTX_3060,12,
swin_base_patch4_window7_224,128,64,fp32,720.1806030273438,False,NVIDIA_GeForce_RTX_3060,12,
swin_base_patch4_window7_224,224,16,bf16,169.6609344482422,False,NVIDIA_GeForce_RTX_3060,12,
swin_base_patch4_window7_224,224,16,fp16,168.33428955078125,False,NVIDIA_GeForce_RTX_3060,12,
swin_base_patch4_window7_224,224,16,fp32,346.9669494628906,False,NVIDIA_GeForce_RTX_3060,12,
swin_base_patch4_window7_224,224,32,bf16,313.2006530761719,False,NVIDIA_GeForce_RTX_3060,12,
swin_base_patch4_window7_224,224,32,fp16,315.21484375,False,NVIDIA_GeForce_RTX_3060,12,
swin_base_patch4_window7_224,224,32,fp32,678.7947387695312,False,NVIDIA_GeForce_RTX_3060,12,
swin_base_patch4_window7_224,224,64,bf16,,True,NVIDIA_GeForce_RTX_3060,12,
swin_base_patch4_window7_224,224,64,fp16,,True,NVIDIA_GeForce_RTX_3060,12,
swin_base_patch4_window7_224,224,64,fp32,,True,NVIDIA_GeForce_RTX_3060,12,
swin_tiny_patch4_window7_224,64,16,bf16,14.2401762008667,False,NVIDIA_GeForce_RTX_3060,12,
swin_tiny_patch4_window7_224,64,16,fp16,13.897215843200684,False,NVIDIA_GeForce_RTX_3060,12,
swin_tiny_patch4_window7_224,64,16,fp32,20.813312530517575,False,NVIDIA_GeForce_RTX_3060,12,
swin_tiny_patch4_window7_224,64,32,bf16,20.615503311157227,False,NVIDIA_GeForce_RTX_3060,12,
swin_tiny_patch4_window7_224,64,32,fp16,20.008960723876957,False,NVIDIA_GeForce_RTX_3060,12,
swin_tiny_patch4_window7_224,64,32,fp32,33.82515335083008,False,NVIDIA_GeForce_RTX_3060,12,
swin_tiny_patch4_window7_224,64,64,bf16,33.036800384521484,False,NVIDIA_GeForce_RTX_3060,12,
swin_tiny_patch4_window7_224,64,64,fp16,33.28870391845703,False,NVIDIA_GeForce_RTX_3060,12,
swin_tiny_patch4_window7_224,64,64,fp32,59.9920654296875,False,NVIDIA_GeForce_RTX_3060,12,
swin_tiny_patch4_window7_224,128,16,bf16,36.8798713684082,False,NVIDIA_GeForce_RTX_3060,12,
swin_tiny_patch4_window7_224,128,16,fp16,36.56806564331055,False,NVIDIA_GeForce_RTX_3060,12,
swin_tiny_patch4_window7_224,128,16,fp32,67.1124496459961,False,NVIDIA_GeForce_RTX_3060,12,
swin_tiny_patch4_window7_224,128,32,bf16,65.19328308105469,False,NVIDIA_GeForce_RTX_3060,12,
swin_tiny_patch4_window7_224,128,32,fp16,64.38451385498047,False,NVIDIA_GeForce_RTX_3060,12,
swin_tiny_patch4_window7_224,128,32,fp32,124.63452911376952,False,NVIDIA_GeForce_RTX_3060,12,
swin_tiny_patch4_window7_224,128,64,bf16,122.07718658447266,False,NVIDIA_GeForce_RTX_3060,12,
swin_tiny_patch4_window7_224,128,64,fp16,119.657470703125,False,NVIDIA_GeForce_RTX_3060,12,
swin_tiny_patch4_window7_224,128,64,fp32,240.62258911132807,False,NVIDIA_GeForce_RTX_3060,12,
swin_tiny_patch4_window7_224,224,16,bf16,70.37798309326172,False,NVIDIA_GeForce_RTX_3060,12,
swin_tiny_patch4_window7_224,224,16,fp16,69.85616302490234,False,NVIDIA_GeForce_RTX_3060,12,
swin_tiny_patch4_window7_224,224,16,fp32,131.74887084960938,False,NVIDIA_GeForce_RTX_3060,12,
swin_tiny_patch4_window7_224,224,32,bf16,129.80787658691406,False,NVIDIA_GeForce_RTX_3060,12,
swin_tiny_patch4_window7_224,224,32,fp16,129.10899353027344,False,NVIDIA_GeForce_RTX_3060,12,
swin_tiny_patch4_window7_224,224,32,fp32,250.3837127685547,False,NVIDIA_GeForce_RTX_3060,12,
swin_tiny_patch4_window7_224,224,64,bf16,248.31948852539065,False,NVIDIA_GeForce_RTX_3060,12,
swin_tiny_patch4_window7_224,224,64,fp16,246.4819183349609,False,NVIDIA_GeForce_RTX_3060,12,
swin_tiny_patch4_window7_224,224,64,fp32,488.2927551269531,False,NVIDIA_GeForce_RTX_3060,12,
swinv2_cr_tiny_ns_224,64,16,bf16,15.028736114501951,False,NVIDIA_GeForce_RTX_3060,12,
swinv2_cr_tiny_ns_224,64,16,fp16,14.659584045410156,False,NVIDIA_GeForce_RTX_3060,12,
swinv2_cr_tiny_ns_224,64,16,fp32,21.15430450439453,False,NVIDIA_GeForce_RTX_3060,12,
swinv2_cr_tiny_ns_224,64,32,bf16,21.32326316833496,False,NVIDIA_GeForce_RTX_3060,12,
swinv2_cr_tiny_ns_224,64,32,fp16,20.834304809570312,False,NVIDIA_GeForce_RTX_3060,12,
swinv2_cr_tiny_ns_224,64,32,fp32,34.01984024047852,False,NVIDIA_GeForce_RTX_3060,12,
swinv2_cr_tiny_ns_224,64,64,bf16,33.92243194580078,False,NVIDIA_GeForce_RTX_3060,12,
swinv2_cr_tiny_ns_224,64,64,fp16,34.18214416503906,False,NVIDIA_GeForce_RTX_3060,12,
swinv2_cr_tiny_ns_224,64,64,fp32,60.15744018554688,False,NVIDIA_GeForce_RTX_3060,12,
swinv2_cr_tiny_ns_224,128,16,bf16,33.0936164855957,False,NVIDIA_GeForce_RTX_3060,12,
swinv2_cr_tiny_ns_224,128,16,fp16,33.35628890991211,False,NVIDIA_GeForce_RTX_3060,12,
swinv2_cr_tiny_ns_224,128,16,fp32,52.82867050170898,False,NVIDIA_GeForce_RTX_3060,12,
swinv2_cr_tiny_ns_224,128,32,bf16,57.89438247680664,False,NVIDIA_GeForce_RTX_3060,12,
swinv2_cr_tiny_ns_224,128,32,fp16,58.08671951293945,False,NVIDIA_GeForce_RTX_3060,12,
swinv2_cr_tiny_ns_224,128,32,fp32,96.93475341796876,False,NVIDIA_GeForce_RTX_3060,12,
swinv2_cr_tiny_ns_224,128,64,bf16,106.3864288330078,False,NVIDIA_GeForce_RTX_3060,12,
swinv2_cr_tiny_ns_224,128,64,fp16,106.00943756103516,False,NVIDIA_GeForce_RTX_3060,12,
swinv2_cr_tiny_ns_224,128,64,fp32,185.27232360839844,False,NVIDIA_GeForce_RTX_3060,12,
swinv2_cr_tiny_ns_224,224,16,bf16,94.86428833007812,False,NVIDIA_GeForce_RTX_3060,12,
swinv2_cr_tiny_ns_224,224,16,fp16,93.97452545166016,False,NVIDIA_GeForce_RTX_3060,12,
swinv2_cr_tiny_ns_224,224,16,fp32,151.8351287841797,False,NVIDIA_GeForce_RTX_3060,12,
swinv2_cr_tiny_ns_224,224,32,bf16,175.87303161621094,False,NVIDIA_GeForce_RTX_3060,12,
swinv2_cr_tiny_ns_224,224,32,fp16,174.70156860351562,False,NVIDIA_GeForce_RTX_3060,12,
swinv2_cr_tiny_ns_224,224,32,fp32,286.7793884277344,False,NVIDIA_GeForce_RTX_3060,12,
swinv2_cr_tiny_ns_224,224,64,bf16,337.7254333496094,False,NVIDIA_GeForce_RTX_3060,12,
swinv2_cr_tiny_ns_224,224,64,fp16,335.12652587890625,False,NVIDIA_GeForce_RTX_3060,12,
swinv2_cr_tiny_ns_224,224,64,fp32,558.4635009765625,False,NVIDIA_GeForce_RTX_3060,12,
twins_pcpvt_small,64,16,bf16,13.881343841552734,False,NVIDIA_GeForce_RTX_3060,12,
twins_pcpvt_small,64,16,fp16,13.428735733032228,False,NVIDIA_GeForce_RTX_3060,12,
twins_pcpvt_small,64,16,fp32,18.47603225708008,False,NVIDIA_GeForce_RTX_3060,12,
twins_pcpvt_small,64,32,bf16,19.19588851928711,False,NVIDIA_GeForce_RTX_3060,12,
twins_pcpvt_small,64,32,fp16,18.67673683166504,False,NVIDIA_GeForce_RTX_3060,12,
twins_pcpvt_small,64,32,fp32,27.191808700561523,False,NVIDIA_GeForce_RTX_3060,12,
twins_pcpvt_small,64,64,bf16,28.450815200805664,False,NVIDIA_GeForce_RTX_3060,12,
twins_pcpvt_small,64,64,fp16,28.36275291442871,False,NVIDIA_GeForce_RTX_3060,12,
twins_pcpvt_small,64,64,fp32,45.11675262451172,False,NVIDIA_GeForce_RTX_3060,12,
twins_pcpvt_small,128,16,bf16,26.69820785522461,False,NVIDIA_GeForce_RTX_3060,12,
twins_pcpvt_small,128,16,fp16,26.43507194519043,False,NVIDIA_GeForce_RTX_3060,12,
twins_pcpvt_small,128,16,fp32,41.9030876159668,False,NVIDIA_GeForce_RTX_3060,12,
twins_pcpvt_small,128,32,bf16,43.492862701416016,False,NVIDIA_GeForce_RTX_3060,12,
twins_pcpvt_small,128,32,fp16,43.19027328491211,False,NVIDIA_GeForce_RTX_3060,12,
twins_pcpvt_small,128,32,fp32,73.64656066894531,False,NVIDIA_GeForce_RTX_3060,12,
twins_pcpvt_small,128,64,bf16,75.22347259521484,False,NVIDIA_GeForce_RTX_3060,12,
twins_pcpvt_small,128,64,fp16,75.57068634033203,False,NVIDIA_GeForce_RTX_3060,12,
twins_pcpvt_small,128,64,fp32,135.4915771484375,False,NVIDIA_GeForce_RTX_3060,12,
twins_pcpvt_small,224,16,bf16,60.92595291137695,False,NVIDIA_GeForce_RTX_3060,12,
twins_pcpvt_small,224,16,fp16,60.99967956542969,False,NVIDIA_GeForce_RTX_3060,12,
twins_pcpvt_small,224,16,fp32,107.8108139038086,False,NVIDIA_GeForce_RTX_3060,12,
twins_pcpvt_small,224,32,bf16,106.74212646484376,False,NVIDIA_GeForce_RTX_3060,12,
twins_pcpvt_small,224,32,fp16,107.4600830078125,False,NVIDIA_GeForce_RTX_3060,12,
twins_pcpvt_small,224,32,fp32,196.4948272705078,False,NVIDIA_GeForce_RTX_3060,12,
twins_pcpvt_small,224,64,bf16,201.7725372314453,False,NVIDIA_GeForce_RTX_3060,12,
twins_pcpvt_small,224,64,fp16,200.7178192138672,False,NVIDIA_GeForce_RTX_3060,12,
twins_pcpvt_small,224,64,fp32,374.1199340820313,False,NVIDIA_GeForce_RTX_3060,12,
twins_svt_small,64,16,bf16,17.53241539001465,False,NVIDIA_GeForce_RTX_3060,12,
twins_svt_small,64,16,fp16,17.14841651916504,False,NVIDIA_GeForce_RTX_3060,12,
twins_svt_small,64,16,fp32,21.4389762878418,False,NVIDIA_GeForce_RTX_3060,12,
twins_svt_small,64,32,bf16,27.083776473999023,False,NVIDIA_GeForce_RTX_3060,12,
twins_svt_small,64,32,fp16,26.121728897094727,False,NVIDIA_GeForce_RTX_3060,12,
twins_svt_small,64,32,fp32,33.97372817993164,False,NVIDIA_GeForce_RTX_3060,12,
twins_svt_small,64,64,bf16,44.11118316650391,False,NVIDIA_GeForce_RTX_3060,12,
twins_svt_small,64,64,fp16,43.61249542236328,False,NVIDIA_GeForce_RTX_3060,12,
twins_svt_small,64,64,fp32,58.3837776184082,False,NVIDIA_GeForce_RTX_3060,12,
twins_svt_small,128,16,bf16,35.30854415893555,False,NVIDIA_GeForce_RTX_3060,12,
twins_svt_small,128,16,fp16,34.521087646484375,False,NVIDIA_GeForce_RTX_3060,12,
twins_svt_small,128,16,fp32,47.42182540893555,False,NVIDIA_GeForce_RTX_3060,12,
twins_svt_small,128,32,bf16,61.01043319702149,False,NVIDIA_GeForce_RTX_3060,12,
twins_svt_small,128,32,fp16,59.99867248535156,False,NVIDIA_GeForce_RTX_3060,12,
twins_svt_small,128,32,fp32,85.1968002319336,False,NVIDIA_GeForce_RTX_3060,12,
twins_svt_small,128,64,bf16,110.96678161621094,False,NVIDIA_GeForce_RTX_3060,12,
twins_svt_small,128,64,fp16,110.50035095214844,False,NVIDIA_GeForce_RTX_3060,12,
twins_svt_small,128,64,fp32,158.86233520507812,False,NVIDIA_GeForce_RTX_3060,12,
twins_svt_small,224,16,bf16,62.38310241699219,False,NVIDIA_GeForce_RTX_3060,12,
twins_svt_small,224,16,fp16,62.10441589355469,False,NVIDIA_GeForce_RTX_3060,12,
twins_svt_small,224,16,fp32,95.3338851928711,False,NVIDIA_GeForce_RTX_3060,12,
twins_svt_small,224,32,bf16,112.42750549316406,False,NVIDIA_GeForce_RTX_3060,12,
twins_svt_small,224,32,fp16,111.92095947265624,False,NVIDIA_GeForce_RTX_3060,12,
twins_svt_small,224,32,fp32,175.6231689453125,False,NVIDIA_GeForce_RTX_3060,12,
twins_svt_small,224,64,bf16,214.0728302001953,False,NVIDIA_GeForce_RTX_3060,12,
twins_svt_small,224,64,fp16,212.62950134277344,False,NVIDIA_GeForce_RTX_3060,12,
twins_svt_small,224,64,fp32,335.3139343261719,False,NVIDIA_GeForce_RTX_3060,12,
vit_base_patch16_224,64,16,bf16,29.91001510620117,False,NVIDIA_GeForce_RTX_3060,12,
vit_base_patch16_224,64,16,fp16,29.42921638488769,False,NVIDIA_GeForce_RTX_3060,12,
vit_base_patch16_224,64,16,fp32,40.59735870361328,False,NVIDIA_GeForce_RTX_3060,12,
vit_base_patch16_224,64,32,bf16,41.70547103881836,False,NVIDIA_GeForce_RTX_3060,12,
vit_base_patch16_224,64,32,fp16,38.14451217651367,False,NVIDIA_GeForce_RTX_3060,12,
vit_base_patch16_224,64,32,fp32,63.20947265625,False,NVIDIA_GeForce_RTX_3060,12,
vit_base_patch16_224,64,64,bf16,58.16678237915039,False,NVIDIA_GeForce_RTX_3060,12,
vit_base_patch16_224,64,64,fp16,58.83033752441406,False,NVIDIA_GeForce_RTX_3060,12,
vit_base_patch16_224,64,64,fp32,110.048095703125,False,NVIDIA_GeForce_RTX_3060,12,
vit_base_patch16_224,128,16,bf16,52.115966796875,False,NVIDIA_GeForce_RTX_3060,12,
vit_base_patch16_224,128,16,fp16,53.10003280639648,False,NVIDIA_GeForce_RTX_3060,12,
vit_base_patch16_224,128,16,fp32,110.19264221191406,False,NVIDIA_GeForce_RTX_3060,12,
vit_base_patch16_224,128,32,bf16,85.09337615966797,False,NVIDIA_GeForce_RTX_3060,12,
vit_base_patch16_224,128,32,fp16,86.21670532226562,False,NVIDIA_GeForce_RTX_3060,12,
vit_base_patch16_224,128,32,fp32,200.2176055908203,False,NVIDIA_GeForce_RTX_3060,12,
vit_base_patch16_224,128,64,bf16,150.26431274414062,False,NVIDIA_GeForce_RTX_3060,12,
vit_base_patch16_224,128,64,fp16,154.05670166015625,False,NVIDIA_GeForce_RTX_3060,12,
vit_base_patch16_224,128,64,fp32,371.0346374511719,False,NVIDIA_GeForce_RTX_3060,12,
vit_base_patch16_224,224,16,bf16,119.3354263305664,False,NVIDIA_GeForce_RTX_3060,12,
vit_base_patch16_224,224,16,fp16,121.66092681884766,False,NVIDIA_GeForce_RTX_3060,12,
vit_base_patch16_224,224,16,fp32,304.6261291503906,False,NVIDIA_GeForce_RTX_3060,12,
vit_base_patch16_224,224,32,bf16,215.61907958984372,False,NVIDIA_GeForce_RTX_3060,12,
vit_base_patch16_224,224,32,fp16,217.32351684570312,False,NVIDIA_GeForce_RTX_3060,12,
vit_base_patch16_224,224,32,fp32,580.8138427734375,False,NVIDIA_GeForce_RTX_3060,12,
vit_base_patch16_224,224,64,bf16,411.9100036621094,False,NVIDIA_GeForce_RTX_3060,12,
vit_base_patch16_224,224,64,fp16,421.57861328125,False,NVIDIA_GeForce_RTX_3060,12,
vit_base_patch16_224,224,64,fp32,1176.2191162109375,False,NVIDIA_GeForce_RTX_3060,12,
vit_large_patch16_224,64,16,bf16,96.11571502685548,False,NVIDIA_GeForce_RTX_3060,12,
vit_large_patch16_224,64,16,fp16,94.91095733642578,False,NVIDIA_GeForce_RTX_3060,12,
vit_large_patch16_224,64,16,fp32,135.47569274902344,False,NVIDIA_GeForce_RTX_3060,12,
vit_large_patch16_224,64,32,bf16,126.24588775634766,False,NVIDIA_GeForce_RTX_3060,12,
vit_large_patch16_224,64,32,fp16,124.80614471435548,False,NVIDIA_GeForce_RTX_3060,12,
vit_large_patch16_224,64,32,fp32,210.47244262695312,False,NVIDIA_GeForce_RTX_3060,12,
vit_large_patch16_224,64,64,bf16,183.4424285888672,False,NVIDIA_GeForce_RTX_3060,12,
vit_large_patch16_224,64,64,fp16,180.25881958007807,False,NVIDIA_GeForce_RTX_3060,12,
vit_large_patch16_224,64,64,fp32,357.509521484375,False,NVIDIA_GeForce_RTX_3060,12,
vit_large_patch16_224,128,16,bf16,173.58079528808594,False,NVIDIA_GeForce_RTX_3060,12,
vit_large_patch16_224,128,16,fp16,170.84716796875,False,NVIDIA_GeForce_RTX_3060,12,
vit_large_patch16_224,128,16,fp32,357.09490966796875,False,NVIDIA_GeForce_RTX_3060,12,
vit_large_patch16_224,128,32,bf16,273.0429382324219,False,NVIDIA_GeForce_RTX_3060,12,
vit_large_patch16_224,128,32,fp16,271.92626953125,False,NVIDIA_GeForce_RTX_3060,12,
vit_large_patch16_224,128,32,fp32,651.5552368164062,False,NVIDIA_GeForce_RTX_3060,12,
vit_large_patch16_224,128,64,bf16,469.1358642578125,False,NVIDIA_GeForce_RTX_3060,12,
vit_large_patch16_224,128,64,fp16,472.1571960449219,False,NVIDIA_GeForce_RTX_3060,12,
vit_large_patch16_224,128,64,fp32,2060.724853515625,False,NVIDIA_GeForce_RTX_3060,12,
vit_large_patch16_224,224,16,bf16,378.0848693847656,False,NVIDIA_GeForce_RTX_3060,12,
vit_large_patch16_224,224,16,fp16,373.3155822753906,False,NVIDIA_GeForce_RTX_3060,12,
vit_large_patch16_224,224,16,fp32,1014.1781616210938,False,NVIDIA_GeForce_RTX_3060,12,
vit_large_patch16_224,224,32,bf16,1213.6314697265625,False,NVIDIA_GeForce_RTX_3060,12,
vit_large_patch16_224,224,32,fp16,1510.0133056640625,False,NVIDIA_GeForce_RTX_3060,12,
vit_large_patch16_224,224,32,fp32,,True,NVIDIA_GeForce_RTX_3060,12,
vit_large_patch16_224,224,64,bf16,,True,NVIDIA_GeForce_RTX_3060,12,
vit_large_patch16_224,224,64,fp16,,True,NVIDIA_GeForce_RTX_3060,12,
vit_large_patch16_224,224,64,fp32,,True,NVIDIA_GeForce_RTX_3060,12,
vit_small_patch16_224,64,16,bf16,10.263551712036133,False,NVIDIA_GeForce_RTX_3060,12,
vit_small_patch16_224,64,16,fp16,9.390080451965332,False,NVIDIA_GeForce_RTX_3060,12,
vit_small_patch16_224,64,16,fp32,13.849920272827148,False,NVIDIA_GeForce_RTX_3060,12,
vit_small_patch16_224,64,32,bf16,12.94540786743164,False,NVIDIA_GeForce_RTX_3060,12,
vit_small_patch16_224,64,32,fp16,12.3755521774292,False,NVIDIA_GeForce_RTX_3060,12,
vit_small_patch16_224,64,32,fp32,21.004608154296875,False,NVIDIA_GeForce_RTX_3060,12,
vit_small_patch16_224,64,64,bf16,19.882495880126957,False,NVIDIA_GeForce_RTX_3060,12,
vit_small_patch16_224,64,64,fp16,19.32287979125977,False,NVIDIA_GeForce_RTX_3060,12,
vit_small_patch16_224,64,64,fp32,34.69977569580078,False,NVIDIA_GeForce_RTX_3060,12,
vit_small_patch16_224,128,16,bf16,17.53339195251465,False,NVIDIA_GeForce_RTX_3060,12,
vit_small_patch16_224,128,16,fp16,17.506303787231445,False,NVIDIA_GeForce_RTX_3060,12,
vit_small_patch16_224,128,16,fp32,34.79280090332031,False,NVIDIA_GeForce_RTX_3060,12,
vit_small_patch16_224,128,32,bf16,28.733264923095703,False,NVIDIA_GeForce_RTX_3060,12,
vit_small_patch16_224,128,32,fp16,29.37343978881836,False,NVIDIA_GeForce_RTX_3060,12,
vit_small_patch16_224,128,32,fp32,63.76993560791016,False,NVIDIA_GeForce_RTX_3060,12,
vit_small_patch16_224,128,64,bf16,51.07854461669922,False,NVIDIA_GeForce_RTX_3060,12,
vit_small_patch16_224,128,64,fp16,49.92921447753906,False,NVIDIA_GeForce_RTX_3060,12,
vit_small_patch16_224,128,64,fp32,116.9423370361328,False,NVIDIA_GeForce_RTX_3060,12,
vit_small_patch16_224,224,16,bf16,40.42649459838867,False,NVIDIA_GeForce_RTX_3060,12,
vit_small_patch16_224,224,16,fp16,39.83206558227539,False,NVIDIA_GeForce_RTX_3060,12,
vit_small_patch16_224,224,16,fp32,100.55419158935548,False,NVIDIA_GeForce_RTX_3060,12,
vit_small_patch16_224,224,32,bf16,74.21542358398438,False,NVIDIA_GeForce_RTX_3060,12,
vit_small_patch16_224,224,32,fp16,71.27439880371094,False,NVIDIA_GeForce_RTX_3060,12,
vit_small_patch16_224,224,32,fp32,191.3763885498047,False,NVIDIA_GeForce_RTX_3060,12,
vit_small_patch16_224,224,64,bf16,139.04734802246094,False,NVIDIA_GeForce_RTX_3060,12,
vit_small_patch16_224,224,64,fp16,133.5715789794922,False,NVIDIA_GeForce_RTX_3060,12,
vit_small_patch16_224,224,64,fp32,370.7376708984375,False,NVIDIA_GeForce_RTX_3060,12,
vit_tiny_patch16_224,64,16,bf16,4.636672019958496,False,NVIDIA_GeForce_RTX_3060,12,
vit_tiny_patch16_224,64,16,fp16,4.179903984069824,False,NVIDIA_GeForce_RTX_3060,12,
vit_tiny_patch16_224,64,16,fp32,5.834239959716797,False,NVIDIA_GeForce_RTX_3060,12,
vit_tiny_patch16_224,64,32,bf16,6.468080043792725,False,NVIDIA_GeForce_RTX_3060,12,
vit_tiny_patch16_224,64,32,fp16,5.608448028564453,False,NVIDIA_GeForce_RTX_3060,12,
vit_tiny_patch16_224,64,32,fp32,9.088815689086914,False,NVIDIA_GeForce_RTX_3060,12,
vit_tiny_patch16_224,64,64,bf16,8.470479965209961,False,NVIDIA_GeForce_RTX_3060,12,
vit_tiny_patch16_224,64,64,fp16,8.037216186523438,False,NVIDIA_GeForce_RTX_3060,12,
vit_tiny_patch16_224,64,64,fp32,14.040063858032228,False,NVIDIA_GeForce_RTX_3060,12,
vit_tiny_patch16_224,128,16,bf16,7.459152221679687,False,NVIDIA_GeForce_RTX_3060,12,
vit_tiny_patch16_224,128,16,fp16,7.049727916717529,False,NVIDIA_GeForce_RTX_3060,12,
vit_tiny_patch16_224,128,16,fp32,14.527487754821776,False,NVIDIA_GeForce_RTX_3060,12,
vit_tiny_patch16_224,128,32,bf16,12.692992210388184,False,NVIDIA_GeForce_RTX_3060,12,
vit_tiny_patch16_224,128,32,fp16,12.12667179107666,False,NVIDIA_GeForce_RTX_3060,12,
vit_tiny_patch16_224,128,32,fp32,24.03936004638672,False,NVIDIA_GeForce_RTX_3060,12,
vit_tiny_patch16_224,128,64,bf16,22.390703201293945,False,NVIDIA_GeForce_RTX_3060,12,
vit_tiny_patch16_224,128,64,fp16,21.707263946533203,False,NVIDIA_GeForce_RTX_3060,12,
vit_tiny_patch16_224,128,64,fp32,44.09588623046875,False,NVIDIA_GeForce_RTX_3060,12,
vit_tiny_patch16_224,224,16,bf16,17.492368698120117,False,NVIDIA_GeForce_RTX_3060,12,
vit_tiny_patch16_224,224,16,fp16,17.437183380126953,False,NVIDIA_GeForce_RTX_3060,12,
vit_tiny_patch16_224,224,16,fp32,38.57868957519531,False,NVIDIA_GeForce_RTX_3060,12,
vit_tiny_patch16_224,224,32,bf16,32.70451354980469,False,NVIDIA_GeForce_RTX_3060,12,
vit_tiny_patch16_224,224,32,fp16,30.237184524536133,False,NVIDIA_GeForce_RTX_3060,12,
vit_tiny_patch16_224,224,32,fp32,72.31475067138672,False,NVIDIA_GeForce_RTX_3060,12,
vit_tiny_patch16_224,224,64,bf16,59.65755081176758,False,NVIDIA_GeForce_RTX_3060,12,
vit_tiny_patch16_224,224,64,fp16,57.066497802734375,False,NVIDIA_GeForce_RTX_3060,12,
vit_tiny_patch16_224,224,64,fp32,138.4806365966797,False,NVIDIA_GeForce_RTX_3060,12,
wide_resnet101_2,64,16,bf16,52.96793746948242,False,NVIDIA_GeForce_RTX_3060,12,
wide_resnet101_2,64,16,fp16,51.51180648803711,False,NVIDIA_GeForce_RTX_3060,12,
wide_resnet101_2,64,16,fp32,78.12913513183594,False,NVIDIA_GeForce_RTX_3060,12,
wide_resnet101_2,64,32,bf16,68.82150268554688,False,NVIDIA_GeForce_RTX_3060,12,
wide_resnet101_2,64,32,fp16,65.46482849121094,False,NVIDIA_GeForce_RTX_3060,12,
wide_resnet101_2,64,32,fp32,98.51790618896484,False,NVIDIA_GeForce_RTX_3060,12,
wide_resnet101_2,64,64,bf16,98.28352355957033,False,NVIDIA_GeForce_RTX_3060,12,
wide_resnet101_2,64,64,fp16,90.47347259521484,False,NVIDIA_GeForce_RTX_3060,12,
wide_resnet101_2,64,64,fp32,150.26278686523438,False,NVIDIA_GeForce_RTX_3060,12,
wide_resnet101_2,128,16,bf16,87.82950592041016,False,NVIDIA_GeForce_RTX_3060,12,
wide_resnet101_2,128,16,fp16,84.31758117675781,False,NVIDIA_GeForce_RTX_3060,12,
wide_resnet101_2,128,16,fp32,126.51058959960938,False,NVIDIA_GeForce_RTX_3060,12,
wide_resnet101_2,128,32,bf16,134.13311767578125,False,NVIDIA_GeForce_RTX_3060,12,
wide_resnet101_2,128,32,fp16,128.0281524658203,False,NVIDIA_GeForce_RTX_3060,12,
wide_resnet101_2,128,32,fp32,218.4759826660156,False,NVIDIA_GeForce_RTX_3060,12,
wide_resnet101_2,128,64,bf16,233.9279937744141,False,NVIDIA_GeForce_RTX_3060,12,
wide_resnet101_2,128,64,fp16,222.2126007080078,False,NVIDIA_GeForce_RTX_3060,12,
wide_resnet101_2,128,64,fp32,383.6666870117188,False,NVIDIA_GeForce_RTX_3060,12,
wide_resnet101_2,224,16,bf16,190.3124542236328,False,NVIDIA_GeForce_RTX_3060,12,
wide_resnet101_2,224,16,fp16,179.73086547851562,False,NVIDIA_GeForce_RTX_3060,12,
wide_resnet101_2,224,16,fp32,312.9527587890625,False,NVIDIA_GeForce_RTX_3060,12,
wide_resnet101_2,224,32,bf16,327.39276123046875,False,NVIDIA_GeForce_RTX_3060,12,
wide_resnet101_2,224,32,fp16,308.8065490722656,False,NVIDIA_GeForce_RTX_3060,12,
wide_resnet101_2,224,32,fp32,584.4541015625,False,NVIDIA_GeForce_RTX_3060,12,
wide_resnet101_2,224,64,bf16,622.8233642578125,False,NVIDIA_GeForce_RTX_3060,12,
wide_resnet101_2,224,64,fp16,585.8569946289062,False,NVIDIA_GeForce_RTX_3060,12,
wide_resnet101_2,224,64,fp32,,True,NVIDIA_GeForce_RTX_3060,12,
xcit_small_12_p16_224,64,16,bf16,15.803312301635742,False,NVIDIA_GeForce_RTX_3060,12,
xcit_small_12_p16_224,64,16,fp16,15.458815574645996,False,NVIDIA_GeForce_RTX_3060,12,
xcit_small_12_p16_224,64,16,fp32,20.93244743347168,False,NVIDIA_GeForce_RTX_3060,12,
xcit_small_12_p16_224,64,32,bf16,22.865232467651367,False,NVIDIA_GeForce_RTX_3060,12,
xcit_small_12_p16_224,64,32,fp16,22.06771278381348,False,NVIDIA_GeForce_RTX_3060,12,
xcit_small_12_p16_224,64,32,fp32,32.9450569152832,False,NVIDIA_GeForce_RTX_3060,12,
xcit_small_12_p16_224,64,64,bf16,35.86044692993164,False,NVIDIA_GeForce_RTX_3060,12,
xcit_small_12_p16_224,64,64,fp16,35.97516632080078,False,NVIDIA_GeForce_RTX_3060,12,
xcit_small_12_p16_224,64,64,fp32,57.22828674316406,False,NVIDIA_GeForce_RTX_3060,12,
xcit_small_12_p16_224,128,16,bf16,30.77524757385254,False,NVIDIA_GeForce_RTX_3060,12,
xcit_small_12_p16_224,128,16,fp16,30.88332748413086,False,NVIDIA_GeForce_RTX_3060,12,
xcit_small_12_p16_224,128,16,fp32,50.40947341918945,False,NVIDIA_GeForce_RTX_3060,12,
xcit_small_12_p16_224,128,32,bf16,54.10710525512695,False,NVIDIA_GeForce_RTX_3060,12,
xcit_small_12_p16_224,128,32,fp16,54.10764694213867,False,NVIDIA_GeForce_RTX_3060,12,
xcit_small_12_p16_224,128,32,fp32,85.8402099609375,False,NVIDIA_GeForce_RTX_3060,12,
xcit_small_12_p16_224,128,64,bf16,98.07052612304688,False,NVIDIA_GeForce_RTX_3060,12,
xcit_small_12_p16_224,128,64,fp16,96.76898956298828,False,NVIDIA_GeForce_RTX_3060,12,
xcit_small_12_p16_224,128,64,fp32,161.7479705810547,False,NVIDIA_GeForce_RTX_3060,12,
xcit_small_12_p16_224,224,16,bf16,76.50303649902344,False,NVIDIA_GeForce_RTX_3060,12,
xcit_small_12_p16_224,224,16,fp16,75.50361633300781,False,NVIDIA_GeForce_RTX_3060,12,
xcit_small_12_p16_224,224,16,fp32,125.67842864990234,False,NVIDIA_GeForce_RTX_3060,12,
xcit_small_12_p16_224,224,32,bf16,142.4264373779297,False,NVIDIA_GeForce_RTX_3060,12,
xcit_small_12_p16_224,224,32,fp16,140.1470947265625,False,NVIDIA_GeForce_RTX_3060,12,
xcit_small_12_p16_224,224,32,fp32,238.34060668945312,False,NVIDIA_GeForce_RTX_3060,12,
xcit_small_12_p16_224,224,64,bf16,271.24481201171875,False,NVIDIA_GeForce_RTX_3060,12,
xcit_small_12_p16_224,224,64,fp16,267.104248046875,False,NVIDIA_GeForce_RTX_3060,12,
xcit_small_12_p16_224,224,64,fp32,460.7472534179688,False,NVIDIA_GeForce_RTX_3060,12,
xcit_tiny_12_p16_224,64,16,bf16,9.23953628540039,False,NVIDIA_GeForce_RTX_3060,12,
xcit_tiny_12_p16_224,64,16,fp16,9.044943809509276,False,NVIDIA_GeForce_RTX_3060,12,
xcit_tiny_12_p16_224,64,16,fp32,10.804736137390137,False,NVIDIA_GeForce_RTX_3060,12,
xcit_tiny_12_p16_224,64,32,bf16,12.568575859069824,False,NVIDIA_GeForce_RTX_3060,12,
xcit_tiny_12_p16_224,64,32,fp16,12.033535957336426,False,NVIDIA_GeForce_RTX_3060,12,
xcit_tiny_12_p16_224,64,32,fp32,16.07916831970215,False,NVIDIA_GeForce_RTX_3060,12,
xcit_tiny_12_p16_224,64,64,bf16,17.636863708496094,False,NVIDIA_GeForce_RTX_3060,12,
xcit_tiny_12_p16_224,64,64,fp16,17.17902374267578,False,NVIDIA_GeForce_RTX_3060,12,
xcit_tiny_12_p16_224,64,64,fp32,26.15603256225586,False,NVIDIA_GeForce_RTX_3060,12,
xcit_tiny_12_p16_224,128,16,bf16,15.482879638671877,False,NVIDIA_GeForce_RTX_3060,12,
xcit_tiny_12_p16_224,128,16,fp16,15.019904136657717,False,NVIDIA_GeForce_RTX_3060,12,
xcit_tiny_12_p16_224,128,16,fp32,22.718975067138672,False,NVIDIA_GeForce_RTX_3060,12,
xcit_tiny_12_p16_224,128,32,bf16,25.266176223754883,False,NVIDIA_GeForce_RTX_3060,12,
xcit_tiny_12_p16_224,128,32,fp16,24.961952209472656,False,NVIDIA_GeForce_RTX_3060,12,
xcit_tiny_12_p16_224,128,32,fp32,35.96953582763672,False,NVIDIA_GeForce_RTX_3060,12,
xcit_tiny_12_p16_224,128,64,bf16,46.29913711547852,False,NVIDIA_GeForce_RTX_3060,12,
xcit_tiny_12_p16_224,128,64,fp16,46.05948638916016,False,NVIDIA_GeForce_RTX_3060,12,
xcit_tiny_12_p16_224,128,64,fp32,66.50624084472656,False,NVIDIA_GeForce_RTX_3060,12,
xcit_tiny_12_p16_224,224,16,bf16,35.81937789916992,False,NVIDIA_GeForce_RTX_3060,12,
xcit_tiny_12_p16_224,224,16,fp16,35.794288635253906,False,NVIDIA_GeForce_RTX_3060,12,
xcit_tiny_12_p16_224,224,16,fp32,52.09854507446289,False,NVIDIA_GeForce_RTX_3060,12,
xcit_tiny_12_p16_224,224,32,bf16,67.36895751953125,False,NVIDIA_GeForce_RTX_3060,12,
xcit_tiny_12_p16_224,224,32,fp16,65.0071029663086,False,NVIDIA_GeForce_RTX_3060,12,
xcit_tiny_12_p16_224,224,32,fp32,96.6261749267578,False,NVIDIA_GeForce_RTX_3060,12,
xcit_tiny_12_p16_224,224,64,bf16,125.13177490234376,False,NVIDIA_GeForce_RTX_3060,12,
xcit_tiny_12_p16_224,224,64,fp16,123.02438354492188,False,NVIDIA_GeForce_RTX_3060,12,
xcit_tiny_12_p16_224,224,64,fp32,185.96701049804688,False,NVIDIA_GeForce_RTX_3060,12,
